Date,Close,High,Low,Open,Volume,EMA_5,EMA_20,MACD,MACD_signal,MACD_hist,RSI_14,BB_MID,BB_STD,BB_UPPER,BB_LOWER,OBV,OBV_change
2021-01-04,109.5848617553711,109.7170523197317,107.51389865869291,107.69014826217946,6140797,107.51412893149543,104.97582376183931,1.9279245909829115,1.7725551420925851,0.15536944889032633,72.5925792918404,105.24685707092286,1.4857107048005027,108.21827848052386,102.27543566132185,100391295,6140797.0
2021-01-05,109.80518341064453,109.84924917578577,109.05611246768606,109.45267745999003,4731570,108.27781375787848,105.43576277601125,2.0816643821831633,1.834376990110701,0.2472873920724623,80.07971672830296,105.52004814147949,1.7830361472149874,109.08612043590946,101.95397584704952,105122865,4731570.0
2021-01-06,110.99488067626953,112.05239848598015,109.36454828356027,111.1270712429198,10587073,109.18350273067551,105.96520257603584,2.2732977397012064,1.9221611400288021,0.3511365996724043,78.63249001627142,105.78002014160157,2.163712471940697,110.10744508548296,101.45259519772017,115709938,10587073.0
2021-01-07,113.5946044921875,113.68273602293672,111.5236479894172,111.5236479894172,6691163,110.65386998451285,106.69181228233599,2.6049166833033865,2.058712248683719,0.5462044346196677,86.78581278546154,106.16997833251953,2.7813053025109107,111.73258893754135,100.60736772749772,122401101,6691163.0
2021-01-08,115.62150573730469,115.66557150155909,114.1674296457927,115.09275690720183,12990245,112.3097485687768,107.54225927804728,2.99673656256455,2.246317111459885,0.7504194511046647,90.88062402808693,106.72517318725586,3.4596451193605082,113.64446342597688,99.80588294853484,135391346,12990245.0
2021-01-11,116.59090423583984,116.59090423583984,115.0046307771037,115.62151116467221,10145856,113.73680045779781,108.40403498831324,3.3468980397883286,2.4664332971255742,0.8804647426627543,90.85186837964159,107.32222785949708,4.060786656358654,115.44380117221438,99.20065454677977,145537202,10145856.0
2021-01-12,116.41464233398438,117.33995609421027,115.97401161121681,116.5908919336949,10874362,114.62941441652669,109.16694997361526,3.5690390108009495,2.6869544398606493,0.8820845709403002,97.95910434751882,107.93250122070313,4.46531668675157,116.86313459420627,99.00186784719999,134662840,-10874362.0
2021-01-13,119.23468780517578,119.36687165600064,116.94340244633032,116.98746821226655,10688901,116.1645055460764,110.1257821480496,3.9273691651560085,2.9350373849197213,0.9923317802362872,98.30979348206735,108.73665275573731,4.977802127801865,118.69225701134104,98.78104850013358,145351741,10688901.0
2021-01-14,118.13311004638672,119.01437157087005,117.51622966864514,118.97030580524914,12000449,116.82070704617985,110.8883848050341,4.07548067097062,3.1631260421299014,0.9123546288407187,91.55307540899457,109.38878631591797,5.31771981485662,120.0242259456312,98.75334668620474,133351292,-12000449.0
2021-01-15,118.52967071533203,121.61408593840758,118.44153918730801,120.86500829115309,21523977,117.39036160256393,111.61612632030057,4.176712694177468,3.3658433725394152,0.8108693216380525,91.68895216459069,110.08938941955566,5.559701042978968,121.2087915055136,98.96998733359771,154875269,21523977.0
2021-01-18,118.44154357910156,118.92624010723969,116.41465282922456,118.6178066416854,14202770,117.74075559474315,112.266166059234,4.201397582470108,3.532954214525554,0.6684433679445538,90.67789936644873,110.80321159362794,5.6743451802598734,122.15190195414769,99.45452123310818,140672499,-14202770.0
2021-01-19,121.57002258300781,121.702219877663,119.14655343114762,119.14655343114762,12069311,119.01717792416471,113.15224763292674,4.422423696601086,3.7108481109406606,0.7115755856604258,92.67134176991354,111.6227855682373,5.993939765724106,123.61066509968552,99.63490603678909,152741810,12069311.0
2021-01-20,121.79032897949219,122.93597154710544,121.30563249546553,121.70221090320348,29965436,119.94156160927388,113.97492204688535,4.56276861312864,3.881232211378257,0.6815364017503827,92.13191868418821,112.51285896301269,6.121044318424341,124.75494759986137,100.27077032616401,182707246,29965436.0
2021-01-21,126.0203857421875,126.24070110187664,121.92252543076248,121.96657774511438,13672387,121.96783632024508,115.12210906548556,4.95816851896349,4.096619472895304,0.8615490460681858,93.50099677518182,113.6078254699707,6.488566342520268,126.58495815501124,100.63069278493018,196379633,13672387.0
2021-01-22,123.76923370361328,125.16496083503378,121.56309145848604,124.44458421171598,23767813,122.56830211470117,115.94564474530725,5.03187234502802,4.283670047321848,0.7482022977061726,83.11226125426555,114.56159362792968,6.511247440261605,127.5840885084529,101.53909874740647,172611820,-23767813.0
2021-01-25,122.10337829589844,123.63417004464385,120.84271576042941,123.54411781352414,13750626,122.4133275084336,116.53209555964926,4.899385482838895,4.406813134425257,0.4925723484136375,76.89406439897373,115.42546005249024,6.294119727725955,128.01369950794214,102.83722059703832,158861194,-13750626.0
2021-01-26,119.62709045410156,123.00384294633204,118.68159700826881,122.05834950049929,14376477,121.48458182365627,116.82685697816852,4.542213150634694,4.433893137667145,0.10832001296754967,67.8715267960518,116.1192455291748,5.925600324980898,127.9704461791366,104.26804487921301,144484717,-14376477.0
2021-01-27,119.80717468261719,121.02279726994755,119.08679810862125,120.0322915032384,7854841,120.92544610997658,117.11069675954458,4.224979858440236,4.392110481821763,-0.16713062338152707,64.29419542203209,116.82644157409668,5.435810006783973,127.69806158766463,105.95482156052873,152339558,7854841.0
2021-01-28,117.37592315673828,118.2313643809409,116.52046819249446,117.06075409201253,14503801,119.7422717922305,117.13595641642017,3.7343413470104707,4.260556654859505,-0.5262153078490339,53.96291433914779,117.33716773986816,4.936889347460218,127.2109464347886,107.46338904494773,137835757,-14503801.0
2021-01-29,115.43989562988281,118.72660924894004,115.43989562988281,118.50149244243089,14039666,118.30814640478128,116.97442681770234,3.15294041600427,4.039033407088458,-0.8860929910841877,47.50886300851873,117.72245140075684,4.42182901343292,126.56610942762268,108.878793373891,123796091,-14039666.0
2021-02-01,117.73609161376953,117.91618231373677,114.8545991941747,115.43989740407814,14132983,118.11746147444404,117.0469663220897,2.8446682503578273,3.800160375742332,-0.9554921253845046,52.619635385110065,118.13001289367676,3.986533635187907,126.10308016405257,110.15694562330096,137929074,14132983.0
2021-02-02,121.06782531738281,121.60811119152646,119.31191683647673,119.31191683647673,10888373,119.10091608875697,117.42990527402239,2.836505928839216,3.607429486361709,-0.7709235575224929,53.56174548994995,118.69314498901367,3.5164437691071235,125.72603252722791,111.66025745079943,148817447,10888373.0
2021-02-03,120.97779083251953,122.01332276215985,120.84271248949624,121.96829664781875,7081970,119.7265410033445,117.7677991367364,2.790603855593787,3.4440643602081247,-0.6534605046143378,55.75330315993608,119.19229049682617,3.042813511819757,125.27791752046569,113.10666347318666,141735477,-7081970.0
2021-02-04,120.25740814208984,121.15787542321364,119.17685015274937,120.1223298058971,6558479,119.90349671625961,118.00490475629387,2.6653725140071742,3.2883259909679348,-0.6229534769607605,53.449131936934826,119.52543067932129,2.748169789575866,125.02177025847303,114.02909110016955,135176998,-6558479.0
2021-02-05,121.38300323486328,122.73370427885648,120.8427173212494,121.38300323486328,8799751,120.39666555579419,118.32662842091953,2.6266732365294274,3.1559954400802335,-0.5293222035508061,55.63855717005542,119.81350555419922,2.616209691317179,125.04592493683359,114.58108617156486,143976749,8799751.0
2021-02-17,126.56065368652344,126.83079656460248,125.1649269331463,125.1649269331463,18905696,122.45132826603728,119.110821303358,2.9794516365122945,3.1206866793666457,-0.14123504285435118,58.869831789245424,120.3119930267334,2.9038591680261523,126.11971136278571,114.5042746906811,162882445,18905696.0
2021-02-18,126.38060760498047,127.19102278511647,125.70525704151967,126.56069834056154,10478048,123.76108804568501,119.80318190351252,3.207528454649136,3.138055034423144,0.06947342022599212,58.169978661755,120.8102912902832,3.051214430998771,126.91272015228074,114.70786242828567,152404397,-10478048.0
2021-02-19,125.02986907958984,125.66019333560452,123.90428514383565,125.66019333560452,8776596,124.18401505698662,120.30096163456751,3.2419168662106728,3.1588274007806496,0.08308946543002316,48.03570526183284,121.10005035400391,3.166696640551553,127.43344363510701,114.76665707290081,143627801,-8776596.0
2021-02-22,124.98485565185547,126.740764021733,124.93982954185047,125.88532289179673,6813636,124.4509619219429,120.74704677907113,3.228323617601035,3.172726644144727,0.055596973456307985,52.64186419769462,121.44263763427735,3.1992847981473553,127.84120723057205,115.04406803798264,136814165,-6813636.0
2021-02-23,124.7147216796875,124.89481239258866,122.86876095735909,123.49908532253349,7657431,124.53888184119111,121.12492057912984,3.1593344749834955,3.1700482103124807,-0.01071373532898523,56.04165048612239,121.75189018249512,3.2018206673477843,128.1555315171907,115.34824884779955,129156734,-7657431.0
2021-02-24,122.86874389648438,124.44456146063139,122.6886532085896,123.36400359322404,10485561,123.98216919295555,121.29099899030646,2.9220218537600147,3.120442939001988,-0.19842108524197322,57.72526149052874,121.97325019836425,3.1127109404960613,128.19867207935638,115.74782831737213,118671173,-10485561.0
2021-02-25,123.85928344726562,124.39955559887575,123.09388072410006,124.12942639309118,10182298,123.94120727772558,121.53559751001687,2.781811167635709,3.0527165847287323,-0.2709054170930232,59.297529052261865,122.08771324157715,3.13908226383661,128.36587776925037,115.80954871390392,128853471,10182298.0
2021-02-26,120.12232971191406,121.7431735646768,120.03229122789631,121.24791381243814,26333709,122.66824808912175,121.40100057686422,2.342153367223844,2.910603941227755,-0.568450574003911,55.94536913687213,122.00431327819824,3.169410501929183,128.3431342820566,115.66549227433987,102519762,-26333709.0
2021-03-02,120.16737365722656,122.14839922013243,120.16737365722656,122.01333460404156,7126570,121.83462327849003,121.28351229880349,1.9745941703195484,2.7234019870461137,-0.7488078167265653,61.14653691755189,121.7116626739502,3.0469200780355634,127.80550283002133,115.61782251787908,109646332,7126570.0
2021-03-03,121.92326354980469,121.92326354980469,119.49200465509695,120.43749804193891,8378094,121.86417003559492,121.34444098937503,1.8041889314654895,2.539559375929989,-0.7353704444644995,60.130712197996154,121.61936416625977,3.0090347584610173,127.63743368318181,115.60129464933773,118024426,8378094.0
2021-03-04,119.53704833984375,120.97780168779096,118.59155481400603,120.97780168779096,16588263,121.08846280367788,121.17230835608633,1.4597666457400464,2.3236008298920003,-0.8638341841519539,46.118761915963056,121.49104766845703,3.041848299151702,127.57474426676043,115.40735107015362,101436163,-16588263.0
2021-03-05,118.81665802001953,119.40197001166968,116.6105158731306,117.10577563836051,14153461,120.33119454245845,120.94796070503236,1.1158175741943666,2.082044178752474,-0.9662266045581074,44.69024027232613,121.45052604675293,3.073221898270704,127.59696984329433,115.30408225021152,87282702,-14153461.0
2021-03-08,118.72663116455078,120.48253983143537,118.4114620812455,120.43751371381434,12052602,119.7963400831559,120.73640551070078,0.8264443066018714,1.8309242043223535,-1.004479897720482,46.118761915963056,121.39649887084961,3.112874663924511,127.62224819869863,115.1707495430006,75230100,-12052602.0
2021-03-09,118.27637481689453,118.50149162184482,116.83562176919698,117.55599829304576,13273932,119.28968499440211,120.50211687319542,0.554391305038564,1.5756176244655957,-1.0212263194270317,41.843925888833255,121.44152145385742,3.0576856501911527,127.55689275423973,115.32615015347511,61956168,-13273932.0
2021-03-10,118.77163696289062,119.40197509458422,118.32140329170447,119.13183214386429,5338478,119.11700231723162,120.3373092626902,0.37443460828023944,1.3353810212285246,-0.9609464129482852,22.884165905275907,121.60810852050781,2.792783320414427,127.19367516133667,116.02254187967895,67294646,5338478.0
2021-03-11,121.29293823242188,121.51805504938629,118.90670546861506,118.90670546861506,9165793,119.84231428896172,120.4283215455218,0.43030527923525597,1.154365872829871,-0.7240605935946149,34.77087028231112,121.78595085144043,2.6424409998084992,127.07083285105743,116.50106885182343,76460439,9165793.0
2021-03-12,121.78820037841797,122.14838179664483,121.11284991421232,121.78820037841797,5528044,120.49094298544713,120.55783381532143,0.5086829244876299,1.0252292831614227,-0.5165463586737928,39.7727972949033,121.82196960449218,2.637041285410082,127.09605217531235,116.54788703367201,81988483,5528044.0
2021-03-15,121.47303771972656,121.78820678227754,121.06783016790465,121.78820678227754,3679531,120.81830789687362,120.64499609193145,0.5391517743539964,0.9280137813999375,-0.3888620070459411,39.10619390696052,121.84673194885254,2.631015416000169,127.10876278085287,116.5847011168522,78308952,-3679531.0
2021-03-16,121.87826538085938,122.14839460283001,121.33797945683447,121.96830387483564,6719125,121.1716270582022,120.76245030992459,0.589205053919656,0.8602520359038812,-0.27104698198422517,41.27432664595049,121.92777481079102,2.604311056999107,127.13639692478924,116.7191526967928,85028077,6719125.0
2021-03-17,120.84269714355469,121.9232550503149,120.66260644910119,121.87824268173097,6645656,121.06198375331971,120.77009286550842,0.5390965667981504,0.7960209420827351,-0.25692437528458467,43.44028479990198,121.90075950622558,2.6130472883400984,127.12685408290578,116.67466492954539,78382421,-6645656.0
2021-03-18,121.47303771972656,122.50858339665044,121.38299923045564,121.6531421783506,6904704,121.19900174212201,120.83703999448157,0.5439778086990259,0.7456123154059934,-0.20163450670696748,42.08956643226472,121.64637870788575,2.372057144455896,126.39049299679753,116.90226441897396,85287125,6904704.0
2021-03-19,119.58206176757812,120.212386137896,119.13182811163094,120.16736002429315,9925322,120.66002175060738,120.717518258586,0.3907558817126642,0.6746410286673276,-0.2838851469546634,47.95923895814962,121.30645141601562,2.1329978500681537,125.57244711615192,117.04045571587932,75361803,-9925322.0
2021-03-22,120.12232971191406,120.30243416003015,118.50149959919162,119.2218624314948,5306034,120.48079107104294,120.66083363509343,0.3093554514941701,0.601583913232696,-0.2922284617385259,49.83599088838269,121.06107444763184,1.9571464824283988,124.97536741248864,117.14678148277504,80667837,5306034.0
2021-03-23,120.30242919921875,121.2929349228111,120.30242919921875,120.5725583801732,6866901,120.42133711376823,120.62669987929583,0.2564216780709927,0.5325514662003554,-0.27612978812936273,43.33338772579671,120.826953125,1.7299414733035654,124.28683607160713,117.36707017839288,87534738,6866901.0
2021-03-24,118.41145324707031,119.26689445788126,118.23136253006395,118.68159619260034,10243129,119.75137582486894,120.41572400956007,0.061180079598585735,0.4382771888800015,-0.37709710928141577,45.17372547018344,120.51178970336915,1.5491014067387272,123.6099925168466,117.41358688989169,77291609,-10243129.0
2021-03-25,118.81665802001953,119.35694389845956,117.60103540359043,118.05126905561025,4885017,119.43980322325248,120.2634320105562,-0.06016016614422881,0.33858971787515546,-0.39874988401938427,50.0,120.3091854095459,1.4884088387971102,123.28600308714013,117.33236773195168,82176626,4885017.0
2021-03-26,120.97779083251953,121.02280320681963,119.35694689652692,119.80718055985592,7969939,119.95246575967485,120.33146618407652,0.017856334811042984,0.274443041262333,-0.25658670645129,58.38918274671073,120.1651107788086,1.246480174996868,122.65807112880233,117.67215042881486,90146565,7969939.0
2021-03-29,121.96827697753906,122.37348446117764,121.60809560098005,121.74316018217999,8065834,120.62440283229625,120.48735292631105,0.15779002279965937,0.2511124375697983,-0.09332241477013892,63.22573380335814,120.25740814208984,1.3098763654340246,122.87716087295789,117.6376554112218,98212399,8065834.0
2021-03-30,122.37349700927734,122.41852312097387,121.74317266564664,122.2834585259245,4763248,121.20743422462328,120.66698569611737,0.29795174643027167,0.260480299341893,0.037471447088378684,62.986952610715754,120.36771430969239,1.3921986139854585,123.1521115376633,117.58331708172148,102975647,4763248.0
2021-03-31,121.33796691894531,122.28346031826985,121.20290232191626,122.28346031826985,7603312,121.25094512273063,120.73088866972003,0.3217632121949521,0.2727368819125048,0.049026330282447295,50.18183924449522,120.33844947814941,1.3636377570176987,123.06572499218481,117.61117396411402,95372335,-7603312.0
2021-04-01,122.23843383789062,122.5085767711758,121.74317408354119,122.1934077256697,7223316,121.58010802778396,120.87446440002199,0.40858422064786737,0.2999063496595773,0.10867787098829007,51.76055938848657,120.47351875305176,1.4129750867035256,123.29946892645881,117.64756857964471,102595651,7223316.0
2021-04-07,124.08438110351562,124.21944568553583,123.49906918800407,123.99432888880959,4279389,122.41486571969452,121.18017075273568,0.6192052003614208,0.363766119799946,0.2554390805614748,59.11944691934845,120.73690490722656,1.5701016966453882,123.87710830051734,117.59670151393578,106875040,4279389.0
2021-04-08,124.48959350585938,124.48959350585938,123.04884045389876,123.67917850165615,6198567,123.10644164841614,121.4953538720808,0.8094898040235421,0.45291085664466524,0.35657894737887685,59.11940335092885,121.02505302429199,1.7047928083527866,124.43463864099756,117.61546740758642,113073607,6198567.0
2021-04-09,124.2194595336914,125.07490070860914,123.94931659949624,125.02988833627694,3593685,123.47744761017456,121.7547925065199,0.9277990791525781,0.5478885011462478,0.3799105780063303,62.45854414292285,121.32220726013183,1.71836887362064,124.75894500737311,117.88546951289055,109479922,-3593685.0
2021-04-12,123.49907684326172,124.62466089666381,123.04884322190088,124.30950560573505,5896559,123.48465735453696,121.92091482430483,0.9524518968501354,0.6288011802870254,0.32365071656311006,57.425720979213004,121.55857925415039,1.6736181744069243,124.90581560296424,118.21134290533654,103583363,-5896559.0
2021-04-13,123.49907684326172,124.98485603777631,123.36401225286936,123.54410295340574,5587824,123.48946385077856,122.07121596896738,0.9609126298399531,0.695223470197611,0.2656891596423421,66.66664502494748,121.66888618469238,1.7270384057352766,125.12296299616294,118.21480937322183,103583363,0.0
2021-04-14,124.17443084716797,124.17443084716795,122.50857464423851,123.67918484145711,6375510,123.71778618290837,122.27152214784363,1.0104652314417137,0.7582718224464317,0.2521934089952821,67.04547861568571,121.78819770812989,1.8158568345657589,125.4199113772614,118.15648403899837,109958873,6375510.0
2021-04-15,125.20997619628906,125.20997619628906,123.90430140743979,124.30950892949093,7532196,124.21518285403528,122.55137491436224,1.120380827709809,0.8306936234991072,0.2896872042107018,69.25798142109353,121.97504463195801,1.9676380654293217,125.91032076281665,118.03976850109937,117491069,7532196.0
2021-04-16,125.39007568359375,125.39007568359376,124.62467295719274,125.07490662212486,11179356,124.60681379722145,122.82172736857477,1.2080960735999042,0.9061741135192667,0.30192196008063754,81.63268129183618,122.15063514709473,2.1100863271698787,126.3708078014345,117.93046249275497,128670425,11179356.0
2021-04-19,125.61519622802734,125.84031306714567,124.84979347900845,125.39007938890902,7999270,124.94294127415675,123.08777202185597,1.2810097020030753,0.9811412312160285,0.2998684707870468,81.32784517660492,122.38926010131836,2.221313813950753,126.83188772921986,117.94663247341686,136669695,7999270.0
2021-04-20,125.39007568359375,125.66021863056123,124.98486813316306,125.02989424766449,4751499,125.09198607730242,123.30703903725957,1.3055790289510156,1.046028790763026,0.2595502381879897,74.74746610273206,122.58511199951172,2.3072966355809323,127.19970527067359,117.97051872834986,131918196,-4751499.0
2021-04-21,124.2645034790039,125.11994477668424,124.26450347900392,125.11994477668424,7815415,124.81615854453626,123.39822612694951,1.2201608724449216,1.080855207099405,0.13930566534551647,62.68674709968192,122.81923408508301,2.222546187472572,127.26432646002816,118.37414171013786,124102781,-7815415.0
2021-04-22,124.17443084716797,125.20997645010908,123.99434014145127,124.75974281579732,3961169,124.60224931208018,123.47215038601794,1.1321475669737993,1.091113679074284,0.04103388789951534,60.309244132013106,123.0218391418457,2.1471745012673358,127.31618814438038,118.72749013931103,120141612,-3961169.0
2021-04-23,125.3000259399414,125.3000259399414,123.72420808142235,124.17444175528493,5959639,124.83484152136725,123.64623377210589,1.1400803684700946,1.100907016953446,0.03917335151664858,72.44888519626754,123.27171897888184,2.1044183398241363,127.48055565853011,119.06288229923356,126101251,5959639.0
2021-04-26,127.14598083496094,127.2810591748596,125.97537058937588,126.065422815975,11873924,125.60522129256515,123.97954301618732,1.2805588186072754,1.136837377284212,0.14372144132306341,75.11510337438739,123.70844535827636,1.942815073238377,127.59407550475312,119.82281521179961,137975175,11873924.0
2021-04-27,127.19099426269531,127.59620176189604,126.78578676349458,127.1459681538865,6587615,126.13381228260855,124.28539551585476,1.3796178342478953,1.1853934686769487,0.19422436557094658,69.49142968744016,124.12716217041016,1.7230353556703792,127.57323288175091,120.6810914590694,144562790,6587615.0
2021-04-28,126.42559051513672,127.19099313800054,126.24549982153322,127.19099313800054,2961783,126.23107169345127,124.48922361102447,1.3804481847679568,1.2244044118951505,0.15604377287280635,61.62151121093074,124.39955215454101,1.6268871287431474,127.65332641202731,121.14577789705471,141601007,-2961783.0
2021-04-29,126.6056900024414,127.86633854845294,126.6056900024414,126.96587137557651,8848543,126.35594446311465,124.69079183877847,1.3797340517151753,1.2554703398591556,0.1242637118560197,64.48072403620182,124.63142280578613,1.5922367270304558,127.81589625984704,121.44694935172522,150449550,8848543.0
2021-05-03,124.48959350585938,126.4255925381445,124.35452891850531,126.4255925381445,6721674,125.7338274773629,124.67163009278617,1.1946456622545583,1.2433054043382363,-0.04865974208367807,55.14017507532357,124.73722763061524,1.5020535334882132,127.74133469759167,121.7331205636388,143727876,-6721674.0
2021-05-04,123.40901947021484,124.57962945455122,121.5630591572272,124.48957724804934,13287337,124.95889147498022,124.5513814620651,0.9498195575573334,1.1846082349820557,-0.23478867742472231,49.57978466634105,124.84078025817871,1.3151312147816805,127.47104268774207,122.21051782861535,130440539,-13287337.0
2021-05-05,122.23843383789062,123.63416087649708,122.1934077256697,123.40904405543282,8780886,124.05207226261703,124.33110073595324,0.6538000284204486,1.0784465936697343,-0.4246465652492857,41.365523614955194,124.84078025817871,1.3151312147816805,127.47104268774207,122.21051782861535,121659653,-8780886.0
2021-05-06,123.31900787353516,123.81426769231284,122.01333288951555,122.7337095586429,7977513,123.8077174662564,124.23471093953248,0.5006248215022708,0.9628822392362416,-0.4622574177339708,41.60008838694503,124.8025115966797,1.3489995089968243,127.50051061467335,122.10451257868604,129637166,7977513.0
2021-05-07,125.525146484375,125.57017260109942,124.21947153961743,124.39956226647335,6971841,124.38019380562929,124.35760956285081,0.550898895334214,0.8804855704558362,-0.3295866751216222,50.50847613401896,124.85428924560547,1.3562110296314502,127.56671130486838,122.14186718634257,136609007,6971841.0
2021-05-10,124.66969299316406,125.61518639143021,124.35453768710225,125.61518639143021,4286348,124.47669353480755,124.38733179430922,0.5157680604867494,0.8075420684620188,-0.2917740079752694,46.60190501050997,124.87680091857911,1.348835565762891,127.57447205010489,122.17912978705333,132322659,-4286348.0
2021-05-11,119.98727416992188,122.28346865626635,119.40197588949975,122.23844254083973,25371817,122.980220413179,123.96827868722471,0.10883991554150896,0.6678016378779168,-0.5589617223364078,35.29413963502613,124.7012107849121,1.716184577595749,128.1335799401036,121.26884162972061,106950842,-25371817.0
2021-05-12,116.52046203613281,119.6720975567087,109.13663299307737,119.6720975567087,38462474,120.82696762083027,123.25896281569214,-0.48777358664710846,0.4366865929729118,-0.9244601796200203,31.304333411306615,124.35228004455567,2.502682470647556,129.35764498585078,119.34691510326056,68488368,-38462474.0
2021-05-13,114.8095703125,117.06073835784315,112.55840226715686,113.68398628982844,27143151,118.82116851805353,122.45425876776909,-1.0861285354134935,0.13212356729563074,-1.2182521027091242,29.03227790173652,123.88403701782227,3.2899497634975483,130.46393654481736,117.30413749082717,41345217,-27143151.0
2021-05-14,116.11524963378906,117.28585981178026,115.12473702857649,115.71004211757209,15214683,117.91919555663205,121.85054361215194,-1.4383908595531096,-0.18197931807411735,-1.2564115414789923,29.599990239448687,123.42930068969727,3.700013226373245,130.82932714244376,116.02927423695078,56559900,15214683.0
2021-05-17,113.90911865234375,115.98019628494006,112.28827469031006,112.73850836087269,31603624,116.58250325520262,121.09421742550353,-1.8739755979595145,-0.5203785740511968,-1.3535970239083177,21.063010905772174,122.85525283813476,4.232148069500694,131.31954897713615,114.39095669913337,24956276,-31603624.0
2021-05-18,119.13182830810547,119.13182830810547,115.2598161125658,115.57498516826492,16272929,117.43227827283691,120.90732322384657,-1.777263433596545,-0.7717555459602665,-1.0055078876362784,35.63406412543624,122.53108444213868,4.257843339047482,131.04677112023364,114.01539776404371,41229205,16272929.0
2021-05-19,118.3214111328125,119.44699538536985,117.51099596698806,119.04178780245763,16920497,117.72865589282878,120.66104588184334,-1.745886744063796,-0.9665817855809724,-0.7793049584828236,35.57697086122606,122.1776512145996,4.3011906896353596,130.78003259387032,113.57526983532888,24308708,-16920497.0
2021-05-20,117.510986328125,118.32140142747497,116.7906097175689,118.27638905309854,9509619,117.65609937126086,120.36104021006064,-1.766056994586549,-1.1264768273820878,-0.6395801672044612,34.169306972505666,121.83997535705566,4.392858407133567,130.6256921713228,113.05425854278853,14799089,-9509619.0
2021-05-21,119.17684173583984,120.52754256213177,118.23134840942762,119.3119063224533,10091030,118.1630134927872,120.24825940299199,-1.6288451413084744,-1.2269504901673651,-0.4018946511411092,40.6051024590551,121.59009590148926,4.395216886572377,130.380529674634,112.79966212834451,24890119,10091030.0
2021-05-24,118.99675750732422,119.44699119254305,118.09629013688652,118.45648532908659,10224544,118.44092816429955,120.12906874626172,-1.517146332709416,-1.2849896586757752,-0.2321566740336407,41.94083146320445,121.27493247985839,4.340846155750404,129.9566247913592,112.59324016835758,14665575,-10224544.0
2021-05-25,121.02278900146484,121.24790580670569,119.67208817001975,119.67208817001975,9091243,119.30154844335465,120.21418496104297,-1.2507228582606587,-1.278136298592752,0.027413440332093364,47.84686305526344,120.9687728881836,4.115028011954428,129.19882891209244,112.73871686427474,23756818,9091243.0
2021-05-26,121.11284637451172,121.69814459703427,120.6175866338942,121.42801541127923,5138589,119.90531442040701,120.29977176232572,-1.0205492019878477,-1.2266188792717714,0.20606967728392367,45.950378177198225,120.66486549377441,3.847030156618584,128.3589258070116,112.97080518053724,28895407,5138589.0
2021-05-27,120.25740814208984,120.3924727382423,119.17685015274937,120.2123820300256,5656101,120.02267899430129,120.29573713182705,-0.8968236128848162,-1.1606598259943803,0.2638362131095642,39.82606619916923,120.35645637512206,3.600226049372727,127.55690847386752,113.1560042763766,23239306,-5656101.0
2021-05-28,122.28345489501953,122.37349337569891,120.9327540244708,121.47302612866642,9546007,120.77627096120737,120.48504358546442,-0.628045434716995,-1.0541369477389033,0.4260915130219083,45.590675440701254,120.14034461975098,3.324527992423442,126.78940060459786,113.4912886349041,32785313,9546007.0
2021-05-31,123.45407104492188,123.85927857770888,122.28346081906128,122.28346081906128,10360378,121.66887098911221,120.76780810541274,-0.31692454317202134,-0.906694466825527,0.5897699236535057,57.36137958474302,120.0885684967041,3.260678349547426,126.60992519579895,113.56721179760925,43145691,10360378.0
2021-06-01,123.99433898925781,124.35453413738425,123.54410535912976,123.54410535912976,5559980,122.44402698916076,121.07509676101704,-0.026458885653596553,-0.7306473505911409,0.7041884649375444,68.12231064936603,120.11783447265626,3.294500690632524,126.7068358539213,113.5288330913912,48705671,5559980.0
2021-06-02,123.99433898925781,124.26448191534264,123.04884561798092,124.08439121129942,4944067,122.96079765585978,121.3531198303733,0.20141544870587325,-0.5442347907317381,0.7456502394376113,74.28578921461829,120.20562973022462,3.376366364080235,126.95836245838508,113.45289700206415,48705671,0.0
2021-06-03,123.90428161621094,124.66967042670976,123.81422940789912,124.21943686522648,4974864,123.27529230931017,121.59608761950071,0.3704700746566374,-0.361293817654063,0.7317638923107004,72.01020521678541,120.23489341735839,3.407166763318078,127.04922694399455,113.42055989072223,43730807,-4974864.0
2021-06-04,123.31900787353516,123.36403399161351,122.7337095586429,123.36403399161351,3107580,123.28986416405183,121.76017526274208,0.45200989529172375,-0.19863307506490568,0.6506429703566294,79.27183818541958,120.12458648681641,3.2593876870497303,126.64336186091587,113.60581111271695,40623227,-3107580.0
2021-06-07,123.63417053222656,123.72420902365998,121.2479237985573,123.5441183007517,10744604,123.40463295344341,121.93865100269299,0.5358844409807233,-0.05172957185577988,0.5876140128365032,70.16142642883742,120.07281036376953,3.190892677232756,126.45459571823504,113.69102500930403,51367831,10744604.0
2021-06-08,122.91378784179688,123.8142551519932,122.91378784179688,123.63416443796207,2893600,123.24101791622792,122.03152117784573,0.5380247457343614,0.06622129166224838,0.47180345407211305,70.7317694807655,120.21913604736328,3.2532553570988254,126.72564676156092,113.71262533316563,48474231,-2893600.0
2021-06-09,122.01331329345703,122.73368984688764,121.6081057759148,122.73368984688764,5990426,122.83178304197097,122.02978709361824,0.46173755904146674,0.14532454513809206,0.3164130139033747,70.16133054826147,120.4937786102295,3.15494640669842,126.80367142362634,114.18388579683266,42483805,-5990426.0
2021-06-10,123.90428161621094,124.12939839695257,122.28343804686358,122.46352872344931,6760279,123.18928256671762,122.20831038148421,0.5475529050824832,0.22577021712697032,0.3217826879555129,70.75101991061089,120.94851417541504,2.9406915392434754,126.82989725390199,115.0671310969281,49244084,6760279.0
2021-06-11,124.35453796386719,124.7147193830367,124.12942114187615,124.35453796386719,3280759,123.57770103243415,122.41271300837784,0.6444651166930981,0.30950919704019586,0.3349559196529023,72.97300833859471,121.36047859191895,2.801803236633972,126.9640850651869,115.756872118651,52524843,3280759.0
2021-06-15,125.02986907958984,125.16493365586503,124.62464787068771,124.804752292439,3960456,124.06175704815271,122.66196596754088,0.7669217234349048,0.40099170231913767,0.36593002111576717,69.43234995515749,121.91651611328125,2.304572494412926,126.5256611021071,117.3073711244554,56485299,3960456.0
2021-06-16,124.89482116699219,125.11993800894425,124.39956136668934,124.89482116699219,7212112,124.33944508776588,122.8746188436791,0.8433506077868316,0.4894634834126765,0.3538871243741551,68.26101659700595,122.20466575622558,2.29834315316346,126.8013520625525,117.60797944989866,49273187,-7212112.0
2021-06-17,124.53462219238281,124.53462219238281,123.49907662109196,124.08438857183192,3176151,124.4045041226382,123.03271440069851,0.8648861333611251,0.5645480134023663,0.3003381199587588,71.68954046832938,122.5153263092041,2.1616766724097136,126.83867965402352,118.19197296438468,46097036,-3176151.0
2021-06-18,124.2645034790039,125.02990627905821,124.21947736016972,125.02990627905821,2141578,124.35783724142678,123.1500276462514,0.8503545123493694,0.6217093131917669,0.2286451991576025,62.2224230579499,122.85300216674804,1.8427636155703335,126.53852939788871,119.16747493560737,43955458,-2141578.0
2021-06-21,121.29293823242188,123.36401569650256,121.20289974966016,123.27396347370076,15692991,123.33620423842515,122.97316198779146,0.5922307495803523,0.6158136004694841,-0.023582850889131812,39.09081386016289,122.95880699157715,1.673564237139196,126.30593546585554,119.61167851729876,28262467,-15692991.0
2021-06-22,121.42802429199219,122.50858233415953,121.11285523217461,122.1033747858519,5779196,122.70014425628085,122.82600601676296,0.39402405986002975,0.5714556923475933,-0.17743163248756355,36.49297206655455,123.08037033081055,1.4430493026840716,125.9664689361787,120.1942717254424,34041663,5779196.0
2021-06-23,123.40901947021484,123.49905793667912,121.38296848426106,121.5630591572272,6388548,122.93643599425886,122.8815311075679,0.392271721050065,0.5356188980880876,-0.14334717703802258,47.45090299416478,123.19968185424804,1.36024570239935,125.92017325904673,120.47919044944935,40430211,6388548.0
2021-06-24,123.0938720703125,123.5891318128346,122.86875525462428,123.40904110829202,6177821,122.98891468627676,122.9017540564007,0.3612885094996301,0.5007528203703961,-0.13946431087076605,46.538489112511655,123.29873313903809,1.269380066214273,125.83749327146664,120.75997300660954,34252390,-6177821.0
2021-06-25,123.31900787353516,124.2194752749338,123.09389102318549,123.76924157423447,6468464,123.09894574869622,122.94149251517541,0.35085621683826673,0.4707734996639703,-0.11991728282570357,50.0,123.45181312561036,1.0487404219387706,125.5492939694879,121.35433228173281,40720854,6468464.0
2021-06-28,123.54409790039062,123.8142408101661,122.91377360427397,123.36400720722004,3981057,123.24732979926104,122.99888350424352,0.3566403063047261,0.4479468609921215,-0.0913065546873954,49.5998834151235,123.51484527587891,1.012065825425119,125.53897692672915,121.49071362502868,44701911,3981057.0
2021-06-29,123.90428161621094,124.89478720745139,123.6341387313134,124.17441076107059,8986905,123.46631373824434,123.08511189585946,0.38584032744725505,0.4355255542831482,-0.04968522683589316,54.54538452273918,123.53735580444337,1.0156434347113432,125.56864267386605,121.50606893502068,53688816,8986905.0
2021-06-30,125.11992645263672,125.48012161051669,124.3095113924774,124.35453750471744,9434672,124.01751797637515,123.27890375840967,0.5012953129866418,0.44867950602384693,0.05261580696279483,63.85548564125389,123.5936351776123,1.0719251989664722,125.73748557554525,121.44978477967935,63123488,9434672.0
2021-07-01,124.53462219238281,125.34503721335852,124.30950538210736,125.1649465131461,4508775,124.1898860483777,123.39849599021665,0.5393477929988393,0.46681316341884543,0.07253462957999385,53.18189730736465,123.62064933776855,1.0892234493998434,125.79909623656825,121.44220243896886,58614713,-4508775.0
2021-07-02,124.53462219238281,124.71471289259523,124.17442705191829,124.53462219238281,4710427,124.30479809637941,123.50669848566105,0.5630145759941598,0.48605344593390837,0.07696113006025146,50.952337916153596,123.65216636657715,1.1068394877028107,125.86584534198278,121.43848739117152,58614713,0.0
2021-07-05,125.70524597167969,126.06542741112358,124.93984323780997,124.93984323780997,7604565,124.77161405481284,123.71608396051997,0.6685239003247858,0.5225475368120839,0.14597636351270193,53.393805326698285,123.77147827148437,1.1942012095643921,126.15988069061315,121.38307585235559,66219278,7604565.0
2021-07-06,125.8403091430664,126.11045208959283,125.57016619653999,125.93036137192222,6395338,125.12784575089738,123.91839112076248,0.7543436649642388,0.5689067624425148,0.18543690252172396,54.751120813196266,123.88178520202636,1.2796806639284481,126.44114652988326,121.32242387416947,72614616,6395338.0
2021-07-07,125.16496276855469,125.75026105526875,124.80478132135242,125.70524867939957,6587378,125.14021809011649,124.03711223007602,0.7591110784390622,0.6069476256418243,0.15216345279723797,53.070247804895445,123.99434394836426,1.289026678530449,126.57239730542516,121.41629059130337,66027238,-6587378.0
2021-07-08,125.02986907958984,125.6151672301667,124.4445571889747,125.29999823214023,3942710,125.10343508660762,124.13166050145828,0.7434186884128735,0.6342418381960342,0.10917685021683932,53.77761342856884,124.14517173767089,1.21964307079175,126.58445787925439,121.7058855960874,62084528,-3942710.0
2021-07-09,124.03936767578125,124.1744322716081,123.31899110461076,124.1744322716081,6736596,124.7487459496655,124.12287070853667,0.6436377159983664,0.6361210137565007,0.007516702241865736,66.85088200544126,124.15192604064941,1.2186124382651702,126.58915091717975,121.71470116411908,55347932,-6736596.0
2021-07-12,125.16496276855469,126.1104562425125,124.75975520544176,125.20998888446535,13551810,124.88748488929524,124.22211757139553,0.6479178992452859,0.6384803908542578,0.009437508391028082,70.44338635115304,124.19244728088378,1.2390077018929164,126.67046268466962,121.71443187709795,68899742,13551810.0
2021-07-13,126.20046997070312,126.96587257086927,126.02037928244015,126.06540538951559,13685209,125.32514658309788,124.4105320856153,0.7264922025389637,0.656082753191199,0.07040944934776472,67.03301102850466,124.25097732543945,1.3064622006580382,126.86390172675553,121.63805292412337,82584951,13685209.0
2021-07-14,126.51567077636719,127.05595671698067,126.20050168766896,126.24552780606045,9455679,125.72198798085432,124.61102148473452,0.8049183767674464,0.6858498779064486,0.1190684988609978,70.87916487437177,124.3320198059082,1.3957259951040655,127.12347179611633,121.54056781570007,92040630,9455679.0
2021-07-15,127.68624877929688,127.73127488627193,126.7857815999507,126.92084618083713,12072582,126.37674158033519,124.90390027469284,0.950569967900762,0.7387938959053113,0.21177607199545068,73.89151417865159,124.4896011352539,1.584898083831503,127.65939730291691,121.3198049675909,104113212,12072582.0
2021-07-16,125.97537231445312,126.06542454228538,125.20998333804233,125.88533382666172,9250384,126.24295182504117,125.00594523086049,0.9173715823578448,0.774509433195818,0.14286214916202677,61.44073273076624,124.57514457702636,1.617936148307574,127.8110168736415,121.33927228041122,94862828,-9250384.0
2021-07-19,124.53462219238281,125.34503721335852,123.85927176155649,125.1649465131461,10450510,125.67350861415505,124.96105732243404,0.7659754405581083,0.772802634668276,-0.006827194110167745,52.692362840048496,124.73722877502442,1.4223769588871482,127.58198269279872,121.89247485725012,84412318,-10450510.0
2021-07-20,123.54409790039062,124.53461732288761,123.40903331552246,124.08438371994156,7860923,124.96370504290026,124.82610880604895,0.5596149820597134,0.7301651041465635,-0.17055012208685016,43.13721190324774,124.84303245544433,1.2287950162651538,127.30062248797464,122.38544242291402,76551395,-7860923.0
2021-07-21,123.40870666503906,124.58231089956423,122.86705270884619,124.58231089956423,12693914,124.44537225027986,124.69111812595277,0.3807587410194202,0.6602838315211349,-0.2795250905017147,44.89660839001233,124.84301681518555,1.228814231052078,127.3006452772897,122.3853883530814,63857481,-12693914.0
2021-07-22,124.26632690429688,125.0788284434555,123.9052242925697,124.40175071508081,6101349,124.38569046828553,124.6506618191284,0.3047042266292692,0.5891679105427619,-0.28446368391349264,48.87163473385905,124.90163955688476,1.1674090806974635,127.23645771827968,122.56682139548984,69958830,6101349.0
2021-07-23,124.26632690429688,124.85313586733061,123.99550683309232,124.62744329120571,3093560,124.34590261362266,124.61405849390636,0.2416449435415018,0.5196633171425099,-0.2780183736010081,43.28740151875379,124.94900550842286,1.1179884126670252,127.1849823337569,122.71302868308881,69958830,0.0
2021-07-26,123.1829833984375,124.62742113896398,123.0024321246665,124.35658734071787,11587727,123.9582628752276,124.47776562767123,0.1030651692185387,0.4363436875577157,-0.333278518339177,38.6111309117805,124.93094978332519,1.1444744196624252,127.21989862265004,122.64200094400034,58371103,-11587727.0
2021-07-27,123.13786315917969,123.72467211809371,122.82190181993204,123.22814569906848,10316297,123.68479630321164,124.35015586876727,-0.010282595211421608,0.34701843100388824,-0.35730102621530985,40.816052827329514,124.89262886047364,1.192484238045038,127.27759733656372,122.50766038438356,48054806,-10316297.0
2021-07-28,121.1968994140625,122.86702979501732,120.7455143138239,122.86702979501732,30057749,122.85549734016195,124.04984573022396,-0.2538053578913946,0.2268536732248317,-0.48065903111622627,35.07639807678484,124.69647750854492,1.4483311519802047,127.59313981250533,121.7998152045845,17997057,-30057749.0
2021-07-29,123.2281494140625,123.31843195667307,122.09968650734032,122.64135421263975,10714159,122.9797146981288,123.97158893820858,-0.27967013938832963,0.12554891070219942,-0.40521905009052905,47.07831676225355,124.6311538696289,1.4850136643670797,127.60118119836307,121.66112654089474,28711216,10714159.0
2021-07-30,122.82189178466797,123.31841816312411,122.77675051841189,123.31841816312411,3868018,122.92710706030854,123.86209397120471,-0.32915546126055517,0.03460803630964851,-0.36376349757020365,41.10004283186436,124.54551734924317,1.5392664818137765,127.62405031287072,121.46698438561562,24843198,-3868018.0
2021-08-02,124.49201202392578,124.58229455904089,122.82189532574279,123.67952430861305,7222519,123.44874204818096,123.92208616670196,-0.23094598824232548,-0.018502768600746292,-0.2124432196415792,43.80903617355744,124.48485565185547,1.514869809417571,127.5145952706906,121.45511603302033,32065717,7222519.0
2021-08-03,124.98853302001953,124.98853302001953,124.31145536143309,124.53714791429523,6080238,123.96200570546048,124.02365253368458,-0.1117608688018521,-0.037154388640967456,-0.07460648016088464,44.53786695060899,124.44226684570313,1.4864642054285622,127.41519525656025,121.46933843484601,38145955,6080238.0
2021-08-04,125.71075439453125,125.75589566101961,124.98853545625907,125.16908674703198,5431124,124.54492193515074,124.18432890138428,0.04050451526555321,-0.02162260785966332,0.06212712312521653,42.70009529018399,124.46955642700195,1.505320698233319,127.48019782346859,121.45891503053531,43577079,5431124.0
2021-08-05,125.48507690429688,125.89132080110888,125.34966686375358,125.71076948865712,5643302,124.85830692486613,124.30820966356643,0.14133640367271028,0.010969194446811398,0.13036720922589887,47.964863300275766,124.4923168182373,1.5176295323028004,127.5275758828429,121.4570577536317,37933777,-5643302.0
2021-08-06,125.30451965332031,125.48507095721526,124.40174935866408,125.39478841767703,3920479,125.00704450101753,124.40309632925728,0.20432164774661032,0.049639685106771185,0.15468196263983913,53.56910940619063,124.55557441711426,1.5241092064820958,127.60379283007845,121.50735600415007,34013298,-3920479.0
2021-08-09,124.94339752197266,125.07882132504943,123.40869084670192,124.76284622638448,5037066,124.98582884133592,124.45455358570636,0.2225331458993196,0.08421837726528086,0.13831476863403874,56.88891660012215,124.54449615478515,1.5202469784155797,127.5849901116163,121.504002197954,28976232,-5037066.0
2021-08-10,124.26632690429688,125.0336871731942,124.1309168686946,124.98854590293288,2475776,124.7459948623229,124.43662723509594,0.18025409209155896,0.1034255202305365,0.07682857186102246,54.00837833443162,124.44778900146484,1.470051019793057,127.38789104105095,121.50768696187873,26500456,-2475776.0
2021-08-11,123.86007690429688,124.26632076621914,123.31842301346086,123.99550070839162,3615029,124.45068887631425,124.38171767978174,0.1126678921898332,0.10527399462239584,0.0073938975674373575,48.017610977002676,124.31500930786133,1.3912624246121028,127.09753415708553,121.53248445863713,22885427,-3615029.0
2021-08-12,123.6343994140625,123.90523328009377,123.22815550260692,123.86009200655812,2234527,124.17859238889702,124.310544511618,0.040429013932595126,0.0923049984844357,-0.05187598455184057,46.982819541805874,124.1124168395996,1.1483102377076182,126.40903731501484,121.81579636418437,20650900,-2234527.0
2021-08-13,122.46078491210938,123.54412028541799,122.37051614778798,123.31842771184228,7179861,123.60598989663447,124.13437693071242,-0.11025079698238471,0.051793839391071614,-0.16204463637345634,46.5812842467485,123.93668746948242,1.1167005047917713,126.17008847906597,121.70328645989888,13471039,-7179861.0
2021-08-16,122.1899642944336,122.55106690045814,121.7837066436792,122.32537432789744,10708994,123.13398136256752,123.94919477487633,-0.24865228447129084,-0.008295385381400878,-0.24035689908988997,45.60674841462751,123.81945457458497,1.1723127213271538,126.16408001723927,121.47482913193066,2762045,-10708994.0
2021-08-17,121.28719329833984,122.32537361600461,121.24205202905412,122.23509107743318,13009487,122.51838534115831,123.69567082473,-0.42626877396472196,-0.09189006309806509,-0.3343787108666569,50.463048821426305,123.70660934448242,1.3016966695156327,126.31000268351369,121.10321600545115,-10247442,-13009487.0
2021-08-18,121.7837142944336,121.82885556681791,119.57192969942528,120.61012386353526,21462399,122.27349499225008,123.51357972660654,-0.5209607159140575,-0.17770419366126358,-0.3432565222527939,41.20876722607991,123.62535972595215,1.3701828446173554,126.36572541518686,120.88499403671744,11214957,21462399.0
2021-08-19,118.985107421875,121.42258404924027,118.80455614858482,121.42258404924027,26396251,121.17736580212505,123.08229664996543,-0.8124633757546462,-0.30465603007994013,-0.5078073456747061,31.914844647366536,123.36129875183106,1.7075244944947867,126.77634774082063,119.94624976284149,-15181294,-26396251.0
2021-08-20,118.03721618652344,119.88789804811708,117.54068976875223,119.34623036051549,15662364,120.13064926359118,122.60181279630429,-1.1072050639112803,-0.46516583684620816,-0.6420392270650721,17.351617556373483,123.04984321594239,2.0645357102039306,127.17891463635024,118.92077179553453,-30843658,-15662364.0
2021-08-23,121.28719329833984,121.37746206172993,119.30108765121905,119.39137018979048,5886402,120.51616394184074,122.4766109393553,-1.0662528840154835,-0.5853832462800632,-0.48086963773542024,35.35720968978444,122.9550537109375,2.101294759930122,127.15764323079775,118.75246419107727,-24957256,5886402.0
2021-08-24,121.64830017089844,122.18996787097146,121.5128901334711,122.05454405836228,4949101,120.89354268486,122.39772419950226,-0.9932105665253204,-0.6669487103291147,-0.3262618561962056,33.45591570773611,122.88057556152344,2.1207818731893417,127.12213930790213,118.63901181514476,-20008155,4949101.0
2021-08-25,122.82189178466797,122.86703305092406,122.00939031759964,122.00939031759964,6850909,121.53632571812932,122.43812111237519,-0.8310451968346086,-0.6997680076302136,-0.13127718920439502,39.931687455977865,122.96182518005371,2.08368660798004,127.12919839601379,118.79445196409362,-13157246,6850909.0
2021-08-26,123.67952728271484,124.58229755485144,123.09273211589851,124.08577115014008,7087424,122.25072623965784,122.55635027145516,-0.6261065888642605,-0.685035723877023,0.058929135012762535,44.155820637026004,122.98439407348633,2.089160349301279,127.16271477208889,118.80607337488377,-6069822,7087424.0
2021-08-27,124.71771240234375,125.03368751986736,123.18300563547558,123.40869821222624,16516958,123.07305496055315,122.76219428392073,-0.37558884841719475,-0.6231463487850575,0.24755750036786273,49.22603065526666,123.07918510437011,2.124116001655891,127.3274171076819,118.83095310105833,10447136,16516958.0
2021-08-30,125.93645477294922,125.93645477294922,124.98854321854667,125.16909452053254,21353656,124.02752156468517,123.06450480668535,-0.07781243703954033,-0.5140795664359541,0.43626712939641377,55.522401463982426,123.15140724182129,2.1979547465879556,127.5473167349972,118.75549774864538,31800792,21353656.0
2021-08-31,126.70381164550781,126.7038116455078,124.67257855819231,125.84616887738537,16125054,124.91961825829273,123.41110545800177,0.21758857523583686,-0.3677459381015959,0.5853345133374328,59.18370766196789,123.2371711730957,2.3043041326268194,127.84577943834934,118.62856290784207,47925846,16125054.0
2021-09-01,127.29061889648438,127.5614527555559,126.43298982207644,126.52325859164542,18222818,125.70995180435662,123.78058292833344,0.4933593077205245,-0.19552488893717185,0.6888841966576964,61.53845413010147,123.31616439819337,2.4178454858758056,128.15185536994497,118.48047342644175,66148664,18222818.0
2021-09-02,126.29754638671875,127.65170169654853,126.29754638671875,127.20031659327194,6979466,125.905816665144,124.02029373389395,0.6245772106520775,-0.031504469019321996,0.6560816796713995,62.24778274830102,123.35678787231446,2.462615328287432,128.28201852888932,118.43155721573959,59169198,-6979466.0
2021-09-03,128.1030731201172,128.28363816229,126.7940592154364,126.97461048243053,11084173,126.6382354834684,124.4091298659152,0.8642961935544378,0.14765566349542997,0.7166405300590077,67.19147669475265,123.4967155456543,2.651384745796958,128.79948503724822,118.19394605406038,70253371,11084173.0
2021-09-06,128.68991088867188,129.54753993108872,127.83228184625503,128.1031019200422,13835835,127.32212728520291,124.81682329665394,1.0890739515130008,0.33593932109894414,0.7531346304140567,71.92506662557129,123.68404121398926,2.8813515774485787,129.4467443688864,117.92133805909211,84089206,13835835.0
2021-09-07,128.1030731201172,128.91557448435879,127.69682932558572,128.91557448435879,8211141,127.58244256350767,125.1297994703171,1.2059575130885634,0.509942959496868,0.6960145535916954,68.61682018648939,123.87587852478028,3.045223236397856,129.96632499757598,117.78543205198457,75878065,-8211141.0
2021-09-08,126.9746322631836,128.19337763101566,126.3426958327148,127.96768506476388,6978986,127.37983913006633,125.30549783154247,1.1937717734497824,0.6467087222874508,0.5470630511623316,76.10612938850706,124.0316062927246,3.1230156555915696,130.27763760390775,117.78557498154146,68899079,-6978986.0
2021-09-09,126.6586685180664,127.29060493647373,125.75589827028999,126.07185959190326,3062573,127.13944892606636,125.43437123025903,1.1454152197240148,0.7464500217747636,0.3989651979492512,79.38447200672756,124.18281974792481,3.175545385126946,130.53391051817871,117.83172897767092,65836506,-3062573.0
2021-09-10,128.14822387695312,128.2836476686182,126.8392098752692,127.0197611556429,2982436,127.47570724302864,125.69283338708703,1.2133007949244359,0.8398201764046982,0.3734806185197377,76.5732420461026,124.46719169616699,3.2665719936061604,131.00033568337932,117.93404770895467,68818942,2982436.0
2021-09-13,127.69685363769531,128.05797001561493,127.42601979805093,128.05797001561493,3234821,127.54942270791753,125.88369245857353,1.2166539667227312,0.9151869344683048,0.3014670322544264,73.26380370978552,124.74253616333007,3.296473548827226,131.33548326098452,118.14958906567563,65584121,-3234821.0
2021-09-14,127.832275390625,128.37392928602716,127.60658282374548,128.0579679575045,2409391,127.6437069354867,126.06927178543557,1.2162189680323223,0.9753933411811084,0.2408256268512139,70.94334857075066,125.06979026794434,3.2600711043467885,131.58993247663793,118.54964805925077,67993512,2409391.0
2021-09-15,127.06493377685547,127.69687030170374,126.74895862683978,127.56146025180165,11993148,127.4507825492763,126.16409673699938,1.1408056754467566,1.008475808034238,0.13232986741251862,64.25859374196666,125.33385124206544,3.1930924365518654,131.72003611516917,118.9476663689617,56000364,-11993148.0
2021-09-16,126.47811889648438,127.29060662015767,126.16214379551089,127.11005532325038,8012128,127.126561331679,126.19400360933129,1.021909109027348,1.0111624682328602,0.010746640794487838,57.70749852691044,125.7085018157959,2.827650002364248,131.3638018205244,120.0532018110674,47988236,-8012128.0
2021-09-17,126.8392333984375,127.33575984293402,125.93646305396463,126.47813077072125,3764091,127.03078535393183,126.25545406543664,0.9459176955038231,0.9981135136870527,-0.0521958181832296,54.27352372036986,126.1486026763916,2.182136103836856,130.51287488406533,121.7843304687179,51752327,3764091.0
2021-09-22,123.86007690429688,124.22119327336853,123.04758918045236,123.76980814341469,23906619,125.97388253738686,126.02732290723286,0.637947064914286,0.9260802239324994,-0.28813315901821346,38.869279265720145,126.27724685668946,1.9432163260096582,130.16367950870878,122.39081420467014,27845708,-23906619.0
2021-09-23,124.5822982788086,125.03368341749993,124.22119567792802,124.5822982788086,5737608,125.51002111786077,125.88970151404959,0.44700258290447437,0.8302646957268944,-0.38326211282242006,39.51050087554082,126.42394676208497,1.6664015773143928,129.75674991671374,123.09114360745617,33583316,5737608.0
2021-09-24,126.07186126708984,126.07186126708984,125.21423227534262,125.30451481139221,6182224,125.6973011676038,125.90705006195819,0.41113369625932705,0.746438495833381,-0.3353047995740539,49.15827866692693,126.58644523620606,1.4397009772547802,129.4658471907156,123.7070432816965,39765540,6182224.0
2021-09-27,126.3878402709961,126.70381538174614,125.66562128583985,126.25243023792116,11729123,125.92748086873458,125.95283960567609,0.40355231021065663,0.6778612587088362,-0.27430894849817955,42.803189633371424,126.72186088562012,1.2691597542844144,129.26018039418895,124.18354137705128,51494663,11729123.0
2021-09-28,125.48507690429688,125.80105203247408,124.80799915121614,125.71076948865712,17700506,125.78001288058869,125.9082907769733,0.3209982798066733,0.6064886629284036,-0.28549038312173036,36.900378209542055,126.76022911071777,1.215863224118351,129.19195555895448,124.32850266248107,33794157,-17700506.0
2021-09-29,122.77674865722656,123.58923633679788,122.28022228629732,123.58923633679788,29709656,124.77892480613465,125.61004867033076,0.03661211912776707,0.49251335416827635,-0.4559012350405093,31.44659436635888,126.60224380493165,1.5004993807747102,129.60324256648107,123.60124504338222,4084501,-29709656.0
2021-09-30,123.72465515136719,123.76979641512123,122.05452481872537,123.04757752059558,16592539,124.42750158787884,125.43048738281041,-0.11099831057954646,0.3718110212187118,-0.48280933179825825,38.53502276141718,126.4532859802246,1.6319975039399082,129.71728098810442,123.18929097234479,20677040,16592539.0
2021-10-01,120.92607116699219,123.04758674587198,120.65523733934232,123.04758674587198,27092483,123.26035811424995,125.00149536225629,-0.448631434481797,0.20772253007861002,-0.6563539645604071,32.79131860324824,126.13505859375,2.0317027470283935,130.1984640878068,122.07165309969322,-6415443,-27092483.0
2021-10-04,120.20384979248047,121.69342892690311,119.93302974547673,121.60314639444826,23254905,122.24152200699348,124.54457673656336,-0.7656593029191754,0.013046163479052936,-0.7787054663982284,25.000060021847958,125.83037376403809,2.424921959087547,130.68021768221317,120.98052984586299,-29670348,-23254905.0
2021-10-05,120.0232925415039,120.06843380548928,118.17261091954124,119.16566362650065,26965302,121.50211218516363,124.11397824179579,-1.0197209258136155,-0.19350725437948077,-0.8262136714341347,25.433556789943125,125.42638473510742,2.68541451174279,130.797213758593,120.05555571162184,-56635650,-26965302.0
2021-10-06,120.0684585571289,120.9712289222201,119.1656881920377,120.9712289222201,22038093,121.0242276424854,123.7286906527799,-1.2035483165692256,-0.3955154668174298,-0.8080328497517958,25.000135118602188,124.99531211853028,2.8224463899259415,130.64020489838217,119.35041933867839,-34597557,22038093.0
2021-10-07,122.1899642944336,122.4156568669943,120.92607762298483,121.01636016208168,13566717,121.41280652646815,123.58214528531835,-1.164620050321318,-0.5493363835182075,-0.6152836668031105,35.5615340604553,124.6996566772461,2.7892785713954944,130.27821382003708,119.12109953445511,-21030840,13566717.0
2021-10-08,121.15177154541016,122.46078572581085,120.9260789703348,122.46078572581085,7701389,121.32579486611549,123.35068111961282,-1.203667467851787,-0.6802026003849233,-0.5234648674668636,34.635471113448844,124.40851364135742,2.8427017696591186,130.09391718067565,118.72311010203919,-28732229,-7701389.0
2021-10-12,119.93303680419922,120.2038568671422,118.8045739579993,119.7976129975465,11027513,120.86154217881008,123.02519118481152,-1.3177641707104186,-0.8077149144500224,-0.5100492562603962,31.01742009759616,124.07223205566406,2.9579785373983287,129.9881891304607,118.15627498086741,-39759742,-11027513.0
2021-10-13,119.52677154541016,120.61010682889717,119.30107899054708,120.42954176486244,5433166,120.41661863434345,122.69200836201139,-1.4245475435006654,-0.931081440260151,-0.4934661032405143,36.12719770248466,123.64115943908692,2.960922095300053,129.56300362968702,117.71931524848681,-45192908,-5433166.0
2021-10-14,119.84276580810547,120.70039489877668,119.61707321712974,120.51984358103262,3254619,120.22533435893081,122.42065192830606,-1.4667680505885414,-1.0382187623258292,-0.4285492882627122,34.4214870230049,123.24845504760742,2.9151955553778075,129.07884615836304,117.41806393685181,-41938289,3254619.0
2021-10-15,123.00245666503906,123.09273920752655,121.24205728798866,121.55801863633096,13403173,121.15104179430023,122.47606190323302,-1.231076378943726,-1.0767902856494087,-0.1542860932943173,40.90917924042692,123.00696411132813,2.7081911443935422,128.4233464001152,117.59058182254104,-28535116,13403173.0
2021-10-18,122.64134979248047,123.58924757981802,122.4156572192703,123.40869627628618,5291519,121.64781112702698,122.49180360697088,-1.061194547643268,-1.0736711380481807,0.012476590404912669,38.93340028071023,122.78578491210938,2.5343932885232996,127.85457148915597,117.71699833506278,-33826635,-5291519.0
2021-10-19,123.6343994140625,123.90523328009377,122.82191159115133,122.95732163657566,8469894,122.31000722270551,122.60062225526532,-0.836785227978055,-1.0262939560341555,0.18950872805610053,44.56236561260923,122.64359893798829,2.392117722562418,127.42783438311312,117.85936349286345,-25356741,8469894.0
2021-10-20,123.31843566894531,123.95037216069662,123.1830118509528,123.72467957255812,14516056,122.64615003811878,122.66898543752056,-0.6766350315205898,-0.9563621711314424,0.2797271396108526,51.85192913632285,122.46755905151367,2.1879402958813716,126.84343964327641,118.09167845975094,-39872797,-14516056.0
2021-10-21,122.86705780029297,124.40176473587627,122.86705780029297,123.40871177893126,13050164,122.71978595884352,122.68784947207033,-0.5794576416926276,-0.8809812652436795,0.3015236235510519,46.96498993703016,122.41790809631348,2.1658322936654475,126.74957268364437,118.08624350898259,-52922961,-13050164.0
2021-10-22,123.2281494140625,123.45384199540693,122.46078912741864,123.00245683271807,5187356,122.88924044391652,122.7393066094029,-0.4679129751541353,-0.7983676072257707,0.3304546320716354,59.84558378231633,122.35020065307617,2.1151829724873825,126.58056659805094,118.11983470810141,-47735605,5187356.0
2021-10-25,123.13786315917969,123.40869700366451,122.054541556422,122.77676054998764,7340396,122.97211468233758,122.77726437604831,-0.38239041087500425,-0.7151721679556174,0.3327817570806132,63.26529485906743,122.20350074768066,1.9377852032895548,126.07907115425978,118.32793034110155,-55076001,-7340396.0
2021-10-26,124.17605590820312,124.35660721082321,123.31842688937166,123.36355438364063,10502981,123.37342842429277,122.91048261720591,-0.22820903254758207,-0.6177795408740104,0.38957050832642837,67.42425260974369,122.09291152954101,1.7393721719604949,125.571655873462,118.61416718562002,-44573020,10502981.0
2021-10-27,124.17605590820312,124.17605590820312,123.40869565309102,123.63438822516147,7387585,123.64097091892955,123.0310134068247,-0.1048109836295481,-0.515185829425118,0.41037484579556993,67.30031522832364,122.02746047973633,1.6259397812612444,125.27934004225882,118.77558091721384,-44573020,0.0
2021-10-28,123.81494140625,124.26632655723914,123.31842876030723,124.08577525187981,4443894,123.6989610813697,123.10567321629378,-0.03574402826690459,-0.4192974691934754,0.3835534409265708,58.03564085093154,122.0793701171875,1.66717041016376,125.41371093751502,118.74502929685997,-49016914,-4443894.0
2021-10-29,122.59618377685547,123.724646415127,122.18993998211346,123.724646415127,4945836,123.33136864653163,123.05715041253775,-0.07844723278327592,-0.3511274219114355,0.27268018912815956,57.017415103962804,122.02294654846192,1.627173000328384,125.27729254911868,118.76860054780515,-53962750,-4945836.0
2021-11-01,123.2281494140625,123.45384199540693,122.95731556141278,122.95731556141278,3018463,123.29696223570859,123.07343603173058,-0.0605969606153991,-0.2930213296522282,0.23242436903682911,66.97661620945965,122.13805046081544,1.6269206886978882,125.39189183821121,118.88420908341966,-50944287,3018463.0
2021-11-02,123.00245666503906,124.2663296087722,122.91217412255158,123.49898309835635,3982577,123.19879371215208,123.06667609204568,-0.06392512096874725,-0.24720208791553203,0.18327696694678478,68.24643714548687,122.27798080444336,1.5712047583087076,125.42039032106078,119.13557128782594,-54926864,-3982577.0
2021-11-03,123.31843566894531,123.67953829989395,123.13787057828861,123.13787057828861,2323882,123.2386743644165,123.09065319460755,-0.04059786029615964,-0.20588124239165756,0.16528338209549792,68.2463862732454,122.44273796081544,1.4931604103310248,125.42905878147748,119.45641714015339,-52602982,2323882.0
2021-11-04,122.91217041015625,124.13091582101704,122.91217041015625,123.90522324679701,2509320,123.12983971299641,123.07365483418361,-0.05426748741852805,-0.17555849139703167,0.12129100397850362,49.33327173486819,122.5849235534668,1.3867770566314688,125.35847766672973,119.81136944020386,-55112302,-2509320.0
2021-11-05,124.67257690429688,124.7628456640937,123.49897282549176,123.76980665524384,11245002,123.64408544342992,123.22593312657536,0.07607241094889616,-0.12523231092784612,0.20130472187674228,62.430792705418085,122.70905418395996,1.458802625796638,125.62665943555324,119.79144893236669,-43867300,11245002.0
2021-11-08,125.66561126708984,125.66561126708984,124.76284105141366,124.76284105141366,7386798,124.31792738464989,123.45828342567198,0.25654005928349477,-0.048877836885577945,0.3054178961690727,62.43072253997899,122.93474617004395,1.5514231164256438,126.03759240289524,119.83189993719266,-36480502,7386798.0
2021-11-09,127.019775390625,127.47116052973539,126.47812148880129,126.52324898256734,12275930,125.2185433866416,123.79747313661989,0.5030330465024804,0.06150433979203373,0.44152870671044664,70.09778334551275,123.28908309936523,1.636708369737387,126.56249983884,120.01566635989046,-24204572,12275930.0
2021-11-10,126.8392333984375,126.97464344003552,126.38784822620107,126.97464344003552,5350938,125.75877339057357,124.08716459012632,0.6760195522516455,0.1844073822839561,0.49161216996768936,72.22198035776023,123.6547061920166,1.5673048516679844,126.78931589535257,120.52009648868064,-29555510,-5350938.0
2021-11-11,125.71075439453125,126.1621395090538,125.30451054649706,125.57534437024668,4437497,125.74276705855947,124.24179219054584,0.7138252467320996,0.29029095517358483,0.42353429155851474,62.79049839706046,123.94810562133789,1.3503844614585747,126.64887454425504,121.24733669842074,-33993007,-4437497.0
2021-11-12,126.11699676513672,127.11004951552518,125.93644547647891,126.29754805379453,5693822,125.86751029408522,124.42038310241163,0.7677171309832431,0.38577619033551647,0.38194094064772666,64.86469613255463,124.10383262634278,1.413693269131563,126.9312191646059,121.27644608807965,-28299185,5693822.0
2021-11-15,127.24547576904297,127.51630962416611,126.88437314566684,126.88437314566684,6479705,126.32683211907114,124.68943954685273,0.891212321167032,0.4868634165018196,0.4043489046652124,65.17843331811648,124.3340389251709,1.5328544291940918,127.39974778355908,121.26833006678272,-21819480,6479705.0
2021-11-16,127.4711685180664,127.69686110176525,127.11006589422112,127.24547593436758,5741784,126.7082775854029,124.95436611553974,0.995815526262561,0.5886538384539679,0.4071616878085931,65.93872313666213,124.5258773803711,1.6742517276012987,127.8743808355737,121.1773739251685,-16077696,5741784.0
2021-11-17,127.87741088867188,127.92255215990973,127.42602572665724,127.5614495403708,20300537,127.09798868649256,125.23275133202851,1.0988280780379824,0.6906886863707709,0.4081393916672116,69.56507361208482,124.75382614135742,1.8063470949056806,128.36652033116877,121.14113195154606,4222841,20300537.0
2021-11-18,128.59959411621094,128.68987663356282,127.87737530293033,127.96765782028221,5844210,127.59852382973203,125.55340302576016,1.2246237184857875,0.7974756927937743,0.42714802569201327,80.36513222633413,125.04045295715332,1.940996008986217,128.92244497512576,121.15846093918088,10067051,5844210.0
2021-11-19,128.9156036376953,129.59268137342357,128.7801798254406,129.54754010267197,5956344,128.03755043238647,125.87361260784922,1.3344344673483874,0.904867447704697,0.4295670196436905,79.71684198609245,125.32482566833497,2.0736039884629056,129.47203364526078,121.17761769140915,16023395,5956344.0
2021-11-22,128.59959411621094,129.00583789393812,128.554452857535,128.8252866344125,3705622,128.22489832699463,126.13322989435986,1.3800525626938338,0.9999044707025244,0.3801480919913094,78.97150349098033,125.59791221618653,2.1293267361554045,129.85656568849734,121.33925874387572,12317773,-3705622.0
2021-11-23,127.38088989257812,128.19337762094833,127.3357486242951,128.19337762094833,4487976,127.94356218218914,126.25205465609493,1.302847570407522,1.060493090643524,0.24235447976399804,69.23063588073751,125.75815391540527,2.1372683084945234,130.03269053239433,121.48361729841622,7829797,-4487976.0
2021-11-24,126.8392333984375,127.42602861227195,126.5232582677991,127.38090111519412,3044157,127.57545258760527,126.30797644107993,1.1843029977684836,1.085255072068516,0.09904792569996768,68.3544574621948,125.891312789917,2.1163706974866283,130.12405418489024,121.65857139494373,4785640,-3044157.0
2021-11-25,126.7940673828125,127.20031120351194,126.38782356211304,126.83920864626344,2477401,127.31499085267436,126.35427081648302,1.0743268783829905,1.0830694333314108,-0.008742554948420356,61.808882184669535,126.04026908874512,2.0667971892366155,130.17386346721835,121.90667471027189,2308239,-2477401.0
2021-11-26,124.71771240234375,126.2524329443936,124.53716109597956,125.98159909725648,11661980,126.44923136923083,126.19840811037452,0.8102850555976033,1.0285125577846495,-0.21822750218704612,45.29154643801052,126.14634552001954,1.930690497901056,130.00772651582164,122.28496452421743,-9353741,-11661980.0
2021-11-29,124.71771240234375,125.30452136700448,124.1309172128647,124.22119975363763,11163915,125.87205838026848,126.05738947151445,0.5941806638928568,0.941646179006291,-0.34746551511343415,36.78761468050598,126.2208236694336,1.8387343237346294,129.89829231690285,122.54335502196435,-9353741,0.0
2021-11-30,124.5822982788086,126.02673623269337,124.44688824727369,125.30451725575098,10275739,125.44213834644853,125.91690459601865,0.4072945504074994,0.8347758532865327,-0.4274813028790333,36.97917079315781,126.29981575012206,1.72352177175924,129.74685929364054,122.85277220660359,-19629480,-10275739.0
2021-12-01,126.6586685180664,126.83921981258553,124.62743546056949,124.67257672799445,4176069,125.84764840365449,125.98754877907082,0.4218686452482814,0.7521944116788826,-0.3303257664306012,54.929594229464485,126.46682739257812,1.574840159025996,129.61650771063012,123.31714707452613,-15453411,4176069.0
2021-12-02,128.01283264160156,128.1482426779533,126.11700948158679,126.47812587049432,8884299,126.56937648297018,126.1804329564547,0.5365039642203584,0.7090563221871777,-0.17255235796681934,58.97441638899743,126.72186050415038,1.3683647022805738,129.45858990871153,123.98513109958924,-6569112,8884299.0
2021-12-03,127.96768951416016,128.328792122646,127.38089433157523,128.14824081840308,4832630,127.03548082670018,126.35064786671235,0.6166027941123389,0.69056561657221,-0.07396282245987118,53.809501579947934,126.88661613464356,1.3055681462281996,129.49775242709995,124.27547984218717,-11401742,-4832630.0
2021-12-06,127.6065902709961,128.10310292696312,126.38784482864709,127.01978129775395,3854617,127.2258506414655,126.4702614290251,0.6435258375176147,0.681157660761291,-0.03763182324367631,50.704256646198914,126.98366508483886,1.2819556483052907,129.54757638144943,124.41975378822828,-15256359,-3854617.0
2021-12-07,128.01283264160156,128.01283264160156,126.70381844786837,127.6065887573646,3012539,127.48817797484419,126.61717297308,0.6896925610598572,0.6828646408210044,0.006827920238852814,50.704256646198914,127.0333179473877,1.3024949574755953,129.6383078623389,124.42832803243651,-12243820,3012539.0
2021-12-08,128.50933837890625,129.63780108411203,128.4641971156621,129.18641600202972,10888080,127.82856477619822,126.79737920220632,0.7576106219556209,0.6978138370479278,0.059796784907693135,49.51934562746727,127.11682319641113,1.3423246556189263,129.80147250764898,124.43217388517328,-1355740,10888080.0
2021-12-09,128.19338989257812,128.7801851108867,127.92255603213479,128.59963379565193,4540661,127.95017314832486,126.93033260128935,0.7769851707913062,0.7136481037966035,0.06333706699470276,46.15384615384615,127.24095497131347,1.3200611342588424,129.88107723983114,124.60083270279578,-5896401,-4540661.0
2021-12-10,128.14822387695312,128.2836476686182,127.60657003583204,128.0128138604678,3280340,128.01619005786762,127.04632224659066,0.779707141757541,0.726859911388791,0.05284723036874994,47.52482206599247,127.3425163269043,1.3071106586335073,129.9567376441713,124.72829500963729,-9176741,-3280340.0
2021-12-13,127.74200439453125,128.59963347111884,127.74200439453125,128.37394088384937,4609301,127.9247948367555,127.11257768925168,0.740549215663151,0.7295977722436631,0.01095144341948795,52.17396097048351,127.36734275817871,1.309882960156581,129.98710867849186,124.74757683786555,-13786042,-4609301.0
2021-12-14,126.47811889648438,127.01977278720625,126.34269509241818,126.70381146141374,4688369,127.4425695233318,127.05215304232146,0.6006078467630971,0.7037997871475499,-0.10319194038445278,47.99995943465429,127.31769027709962,1.3244801547679237,129.96665058663547,124.66872996756376,-18474411,-4688369.0
2021-12-15,126.6586685180664,126.92950234743549,126.11700085932824,126.47811722354727,9933593,127.18126918824333,127.01467832572574,0.4985254580728622,0.6627449213326123,-0.16421946325975012,49.26117028761362,127.25675315856934,1.3254088107105213,129.90757077999038,124.6059355371483,-8540818,9933593.0
2021-12-16,128.23854064941406,128.23854064941406,127.4260390079933,127.60660411176461,5617055,127.53369300863358,127.13123664226748,0.5388948625048613,0.6379749095670622,-0.09908004706220086,70.31267331369625,127.23870048522949,1.308507157715026,129.85571480065954,124.62168616979943,-2923763,5617055.0
2021-12-17,128.1030731201172,128.1933556412036,127.4711367980484,127.78711184667213,4887493,127.72348637912812,127.22379249730078,0.5535755347227251,0.6210950345981947,-0.06751949987546957,69.23052920078149,127.19807395935058,1.2656131077389248,129.72930017482844,124.66684774387274,-7811256,-4887493.0
2021-12-20,126.9746322631836,128.05796760133703,126.65867093553972,128.01282633305044,4343413,127.47386834047995,127.20006295119438,0.46875085873092814,0.5906261994247414,-0.12187534069381323,62.211923418441266,127.11682586669922,1.2223229959350677,129.56147185856935,124.67217987482908,-12154669,-4343413.0
2021-12-21,128.05796813964844,128.14823690141998,127.01977406541737,127.01977406541737,6600738,127.66856827353612,127.28176820723763,0.4833708450794916,0.5691751285556914,-0.08580428347619984,57.9487232827223,127.15067977905274,1.2392802206794231,129.6292402204116,124.67211933769389,-5553931,6600738.0
2021-12-22,128.05796813964844,128.1933781698963,127.87740306574314,128.14823690141998,4071445,127.79836822890691,127.35569201032438,0.4893167506793077,0.5532034529804147,-0.06388670230110705,50.30300919476177,127.21161651611328,1.2530468434302457,129.71771020297376,124.70552282925279,-5553931,0.0
2021-12-23,128.7801513671875,129.27667768536725,128.41904883133608,128.8704338887397,13926340,128.12562927500045,127.4913548062161,0.5460090224978984,0.5517645668839115,-0.005755544386013112,54.99981689263993,127.31092071533203,1.2961710670368112,129.90326284940565,124.71857858125841,8372409,13926340.0
2021-12-24,129.14129638671875,129.63782281527784,129.05101384509643,129.0961551159076,12525381,128.46418497890656,127.64849209959729,0.6130130088426426,0.5640142552756577,0.04899875356698491,59.44438966904705,127.53209991455078,1.2045586710045804,129.94121725655995,125.12298257254162,20897790,12525381.0
2021-12-27,130.13433837890625,130.2246209225476,129.1864405465828,129.276709315042,6512199,129.02090277890647,127.88523936429337,0.7377401313232212,0.5987594304851704,0.1389807008380508,62.176100915342225,127.80293121337891,1.1459803055614135,130.09489182450173,125.51097060225608,27409989,6512199.0
2021-12-28,131.17250061035156,131.17250061035156,130.269730494348,130.269730494348,22455995,129.73810205605486,128.19831186391795,0.9098698767287345,0.6609815197338833,0.24888835699485123,64.39015421349796,128.13244132995607,1.1183194496347935,130.36908022922566,125.89580243068647,49865984,22455995.0
2021-12-29,131.7593231201172,131.93987442588957,130.94683535655065,131.30793796809542,22522224,130.4118424107423,128.53745579307977,1.081172528446757,0.7450197214764581,0.3361528069702989,68.72020109454904,128.3874740600586,1.326720547012992,131.0409151540846,125.73403296603261,72388208,22522224.0
2021-12-30,131.3530731201172,131.80445825111414,131.21766309089048,131.75931698297825,6246428,130.72558598053394,128.8056098242262,1.1706555458503942,0.8301468863512453,0.3405086594991489,66.2100523579605,128.5544860839844,1.4786217276722147,131.51172953932883,125.59724262863996,66141780,-6246428.0
2022-01-03,132.1655731201172,133.0232159688059,131.80447049185625,131.80447049185625,6784202,131.20558169372836,129.12560632859677,1.2922373338919613,0.9225649758593886,0.3696723580325727,71.49104339084977,128.76438026428224,1.675750108349797,132.11588048098184,125.41288004758265,72925982,6784202.0
2022-01-04,135.05442810058594,135.05442810058594,133.33915644696197,133.33915644696197,9634440,132.48853049601422,129.69025602116716,1.6032173391027698,1.0586954485080649,0.5445218905947049,85.98463701457678,129.13677215576172,2.1619355336887214,133.46064322313916,124.81290108838428,82560422,9634440.0
2022-01-05,134.7836151123047,135.91207804228853,134.60306379854373,135.5058341425308,11406601,133.25355870144438,130.17533783937074,1.806989043959419,1.2083541675983358,0.5986348763610831,83.83451934117312,129.47531127929688,2.482960460988161,134.4412322012732,124.50939035732056,71153821,-11406601.0
2022-01-06,133.51971435546875,134.287074577412,132.70722664120714,133.88083072028118,8621233,133.34227725278583,130.49384988852293,1.8452227803364565,1.33572789014596,0.5094948901904965,72.5866511088836,129.725830078125,2.6288446490977995,134.9835193763206,124.4681407799294,62532588,-8621233.0
2022-01-07,132.3461151123047,134.51275805411103,132.25583258340447,133.8808216773492,6989124,133.0102232059588,130.67025610031166,1.760529354620644,1.4206881830408968,0.33984117157974714,66.66676656145748,129.93346633911133,2.665184144850139,135.26383462881162,124.60309804941106,55543464,-6989124.0
2022-01-10,133.20375061035156,133.42944316856116,131.26278634464052,131.80445399441584,15701971,133.07473234075638,130.91154129174404,1.7425264613299873,1.485055838698715,0.2574706226312724,74.99998469006881,130.18624267578124,2.7260022302928713,135.638247136367,124.7342382151955,71245435,15701971.0
2022-01-11,133.88082885742188,134.06138014972544,132.43639096863205,133.24889244676905,17755402,133.34343117964488,131.19433058371337,1.762575718930293,1.5405598147450306,0.2220159041852625,74.15726496159344,130.4931838989258,2.7813484331052467,136.0558807651363,124.9304870327153,89000837,17755402.0
2022-01-12,135.00930786132812,135.05444913361845,134.24194755793962,134.82875654734914,10154802,133.89872340687265,131.55766175301,1.8482186108782628,1.602091573971677,0.24612703690658577,76.36985627376866,130.91974334716798,2.7873554003813075,136.49445414793058,125.34503254640536,99155639,10154802.0
2022-01-13,135.6864013671875,135.82181142459115,135.00932352980152,135.00932352980152,7453096,134.49461606031093,131.95087504959832,1.9482685795570376,1.6713269750887492,0.2769416044682884,76.28874122949678,131.37112998962402,2.7919708601397257,136.95507170990348,125.78718826934457,106608735,7453096.0
2022-01-14,135.6864013671875,136.49888926197713,134.55793830487752,136.1377865921115,10111529,134.8918778292698,132.3066394607973,2.0044528162192705,1.7379521433148537,0.2665006729044168,75.61839144166312,131.7435230255127,2.8482852091220896,137.4400934437569,126.04695260726852,106608735,0.0
2022-01-17,137.22108459472656,137.5821872020085,136.40859684075141,136.40859684075141,6927798,135.66828008442207,132.77468185450485,2.1480539107728873,1.8199724968064603,0.328081413966427,76.61014657332849,132.19942359924318,2.9623580808631247,138.12413976096943,126.27470743751692,113536533,6927798.0
2022-01-18,135.6864013671875,137.44680098935427,135.55097753459998,137.40165971182512,14415115,135.67432051201055,133.05198847476032,2.1136577711377527,1.8787095516727188,0.23494821946503386,66.34003859882083,132.63501205444337,2.789091212002713,138.2131944784488,127.05682963043793,99121418,-14415115.0
2022-01-19,134.06138610839844,135.0995664166738,133.8356935391924,134.51277124681056,14664287,135.13667571080651,133.14812158272585,1.9329911137864428,1.8895658640954638,0.04342524969097905,57.750748010784505,132.93518295288087,2.5862462797104047,138.10767551230168,127.76269039346006,84457131,-14664287.0
2022-01-20,134.60304260253906,134.69331135761374,133.24888729979793,134.06137497137058,16263347,134.9587980080507,133.28668548937475,1.8126238391687082,1.8741774591101126,-0.0615536199414044,60.84335754621116,133.2624366760254,2.338885902769514,137.94020848156444,128.58466487048636,100720478,16263347.0
2022-01-21,131.60467529296875,132.80401975021846,131.2817840665648,132.7578884100726,29877595,133.8407571030234,133.126494042098,1.4584763162498575,1.7910372305380617,-0.3325609142882042,48.366811062979004,133.40366287231444,2.129933931521287,137.66353073535703,129.14379500927186,70842883,-29877595.0
2022-01-24,132.85015869140625,132.85015869140625,130.72824361906777,131.0972802840406,13160487,133.51055763248436,133.10017638965115,1.2637442965591674,1.6855786437422828,-0.4218343471831154,42.90249834180853,133.58910598754883,1.8868878350797145,137.36288165770827,129.8153303173894,84003370,13160487.0
2022-01-25,130.68211364746094,131.51243559437998,130.31309105592547,131.51243559437998,24021948,132.5677429708099,132.86988469991874,0.9238253682638629,1.533227988646599,-0.6094026203827361,38.23147217367243,133.61649475097656,1.837428848455963,137.29135244788847,129.94163705406464,59981422,-24021948.0
2022-01-26,130.58987426757812,131.18953954053154,130.12858895690306,130.22083757265176,17750822,131.90845340306598,132.65274084921964,0.6396210680046579,1.3545066045182108,-0.7148855365135529,40.98735855114313,133.58736343383788,1.882287273337234,137.35193798051236,129.8227888871634,42230600,-17750822.0
2022-02-07,131.28179931640625,131.7430846168312,130.26696602454726,131.55857331212326,24022580,131.69956870751275,132.5221749889517,0.4648610524032222,1.1765774940952132,-0.711716441691991,46.62601496238121,133.56348724365233,1.9095272943546706,137.38254183236168,129.74443265494298,66253180,24022580.0
2022-02-08,131.83531188964844,132.38885979147673,131.74306329088233,132.2043485166366,11085092,131.74481643489133,132.4567594556847,0.3667980995564051,1.0146216151874516,-0.6478235156310466,45.576624104296215,133.5875991821289,1.8830074910400327,137.35361416420898,129.82158420004885,77338272,11085092.0
2022-02-09,132.296630859375,132.3888935589818,131.60470284425836,132.3888935589818,8060900,131.9287545763859,132.44150911317902,0.32258848907562765,0.8762149899650868,-0.5536265008894592,44.80676038527873,133.5941520690918,1.8780198039663611,137.35019167702453,129.83811246115906,85399172,8060900.0
2022-02-10,133.81884765625,133.81884765625,132.3888606318727,132.7578831838955,6004217,132.55878560300727,132.5726842125191,0.4057055075199969,0.7821130934760689,-0.37640758595607204,46.19569881567244,133.532373046875,1.847529764231693,137.22743257533838,129.8373135184116,91403389,6004217.0
2022-02-11,133.72659301757812,133.8188556997835,132.89628518696503,133.49595038937352,4314921,132.94805474119755,132.68258028919138,0.458842909683284,0.717459056717512,-0.25861614703422797,43.493937576489465,133.47952194213866,1.8248317625411354,137.12918546722094,129.82985841705639,87088468,-4314921.0
2022-02-14,131.65081787109375,132.80403108663822,131.18953258487596,132.80403108663822,11864040,132.51564245116296,132.5843172017535,0.32965689787306474,0.6398986249486225,-0.31024172707555775,38.22564646844187,133.3860771179199,1.8699579606293824,137.12599303917867,129.64616119666115,75224428,-11864040.0
2022-02-15,131.05116271972656,132.11211332878747,130.9589000244557,131.65082800705474,7361227,132.02748254068416,132.4383024891795,0.17685027372041873,0.5472889547029818,-0.37043868098256305,30.959556385992414,133.32132949829102,1.9293381999333399,137.1800058981577,129.46265309842434,67863201,-7361227.0
2022-02-16,133.2191619873047,133.2652933234096,132.6656281859679,132.7578767808704,6700043,132.42470902289102,132.5126700604295,0.2280604069264882,0.4834432451476831,-0.2553828382211949,42.67249387988533,133.32210006713868,1.9292918449197536,137.1806837569782,129.46351637729916,74563244,6700043.0
2022-02-17,133.3114471435547,133.77273242778844,132.85016185932093,133.21918445578407,4940804,132.7202883964456,132.5887440683462,0.2729451060118322,0.44134361732051297,-0.16839851130868078,47.54965698787492,133.29363098144532,1.924808934899211,137.14324885124375,129.44401311164688,79504048,4940804.0
2022-02-18,132.9424285888672,132.9885458568449,131.97372664706347,132.3888806000336,3867211,132.7943351272528,132.6224283083958,0.27556331767328857,0.4081875573910681,-0.13262423971777954,44.512216029997,133.19028701782227,1.8828742830483403,136.95603558391895,129.4245384517256,75636837,-3867211.0
2022-02-21,132.66563415527344,132.711765493454,131.74306370089366,132.34272886531733,4502939,132.75143480325968,132.62654315095557,0.2523938327604469,0.3770288124649439,-0.124634979704497,54.2751212793822,133.03924865722655,1.7910231977570958,136.62129505274075,129.45720226171235,71133898,-4502939.0
2022-02-22,130.86663818359375,131.60468336194458,129.85180494739726,131.55856609627972,18718149,132.12316926337104,132.45893315406397,0.08785516925871661,0.31919408382369846,-0.23133891456498185,42.34873098836936,132.7982604980469,1.7396132471898174,136.27748699242653,129.31903400366724,52415749,-18718149.0
2022-02-23,131.2356719970703,131.37405196051907,130.68212398865404,130.8666493763332,4408857,131.8273368412708,132.34243209149315,-0.012619492743169758,0.25283136851032484,-0.2654508612534946,52.47942808715383,132.49898986816407,1.4251109353157494,135.34921173879556,129.6487679975326,56824606,4408857.0
2022-02-24,128.05279541015625,130.1747104948386,127.59151013423877,130.1747104948386,29453452,130.56915636423264,131.93389526469917,-0.3450998303874542,0.13324512873076905,-0.4783449591182232,41.10025606769094,132.1173095703125,1.5438049113204837,135.20491939295346,129.02969974767154,27371154,-29453452.0
2022-02-25,127.77601623535156,128.42181277992404,127.17635103195758,128.2834328336974,22577270,129.6381096546056,131.5379067857137,-0.6237366122255139,-0.018151219460487533,-0.6055853927650263,37.333240712256085,131.80304107666015,1.7528238719025766,135.3086888204653,128.297393332855,4793884,-22577270.0
2022-03-01,129.57501220703125,129.89791748379167,128.0989079867301,128.28341925460433,8239515,129.61707717208083,131.35096444488678,-0.6914240234777651,-0.15280578026394304,-0.538618243213822,42.50762484257166,131.55163955688477,1.6895263834700864,134.93069232382493,128.1725867899446,13033399,8239515.0
2022-03-02,128.83697509765625,129.252143118028,128.4218211545943,129.15988042965432,6131154,129.35704314727263,131.1115368880077,-0.7954507501528383,-0.2813347742417221,-0.5141159759111162,38.738625978463865,131.41325454711915,1.7950087336941785,135.0032720145075,127.8232370797308,6902245,-6131154.0
2022-03-03,129.11373901367188,129.8979295717462,129.02149040980404,129.62115560552533,4438868,129.27594176940573,130.92127042378524,-0.8458101723369111,-0.3942298538607599,-0.4515803184761512,33.333261265780095,131.22643356323243,1.831653082744452,134.88973972872134,127.56312739774353,11341113,4438868.0
2022-03-04,127.72988891601562,128.0989255797547,127.26860364432375,127.77602025864667,12599177,128.76059081827572,130.6173293278072,-0.9860192981079763,-0.5125877427102032,-0.47343155539777304,30.538850989993108,131.07882232666014,1.9899466542842634,135.05871563522868,127.09892901809162,-1258064,-12599177.0
2022-03-07,123.62444305419922,126.29989178788175,123.3938004365608,126.29989178788175,52044419,127.04854156358357,129.95134015889215,-1.4121330204027345,-0.6924967982487096,-0.7196362221540249,26.98402627764183,130.7305507659912,2.59696892737067,135.92448862073255,125.53661291124988,-53302483,-52044419.0
2022-03-08,120.99513244628906,122.84027370556795,120.8567524827674,122.19447708028247,41820858,125.03073852448541,129.0983679957871,-1.9396356943940276,-0.9419245774777731,-0.9977111169162545,24.17051803821481,130.21621742248536,3.382030095070336,136.98027761262603,123.45215723234469,-95123341,-41820858.0
2022-03-09,122.24058532714844,122.93251316862288,121.96381137509708,121.96381137509708,20881585,124.10068745870643,128.44524583686913,-2.231464788143228,-1.1998326196108642,-1.0316321685323637,20.39800012507446,129.73648109436036,3.795500974154744,137.32748304266985,122.14547914605087,-74241756,20881585.0
2022-03-10,125.7925033569336,125.97701465621459,124.73153875077573,124.73153875077573,14436523,124.66462609144884,128.19260369592288,-2.1513321294380034,-1.390132521576292,-0.7611996078617114,32.91403332786642,129.4112747192383,3.8429438763380377,137.09716247191437,121.72538696656221,-59805233,14436523.0
2022-03-11,123.99346160888672,125.33120000985289,123.80895033619379,125.33120000985289,10604845,124.44090459726148,127.79268540191944,-2.2075468282517363,-1.553615382911381,-0.6539314453403553,30.905445605640864,128.9200054168701,3.8777043144218553,136.6754140457138,121.1645967880264,-70410078,-10604845.0
2022-03-14,123.99346160888672,124.86991478946669,123.62443906350086,124.54700950427325,8586652,124.2917569344699,127.43085456448776,-2.226432454635713,-1.6881787972562474,-0.5382536573794656,31.274864760413678,128.43334884643554,3.8534064316994465,136.14016170983442,120.72653598303664,-70410078,0.0
2022-03-15,121.45640563964844,122.84026144599754,121.22576300525692,122.84026144599754,23530678,123.34663983619609,126.86185942878878,-2.418242667102163,-1.8341915712254306,-0.5840510958767324,30.308840489567388,127.92362823486329,4.073375743314644,136.07037972149257,119.776876748234,-93940756,-23530678.0
2022-03-16,121.96382904052734,122.93253097436143,120.94900983909498,122.88639962945314,18988520,122.88570290430651,126.39538034419245,-2.500484782587222,-1.9674502134977891,-0.5330345690894327,30.710144959741868,127.46926155090333,4.210664166833164,135.89058988456966,119.047933217237,-74952236,18988520.0
2022-03-17,125.838623046875,125.93088573694696,124.73154115256165,124.96218380043152,14001548,123.87000961849603,126.34235583968602,-2.227323558798929,-2.019424882558017,-0.20789867624091185,45.52237792749676,127.10023460388183,3.9982770693396397,135.0967887425611,119.10368046520256,-60950688,14001548.0
2022-03-18,125.56187438964844,126.02315972674883,125.00832635420346,126.02315972674883,12645344,124.4339645422135,126.26802427301577,-2.010002566278601,-2.0175404193021342,0.00753785302353327,45.52243411523439,126.71275596618652,3.7312532675347128,134.17526250125596,119.2502494311171,-73596032,-12645344.0
2022-03-21,126.39216613769531,126.99183136800875,126.20765484200729,126.20765484200729,7718397,125.08669840737412,126.27984730774716,-1.7505967196873797,-1.9641516793791833,0.2135549596918036,43.30100161733516,126.38524284362794,3.431061121168417,133.24736508596476,119.5231206012911,-65877635,7718397.0
2022-03-22,126.20765686035156,126.39216815899033,125.74637157509977,126.20765686035156,6046072,125.46035122503326,126.27297202704281,-1.5421273894147163,-1.87974682138629,0.33761943197157374,44.33400236484665,126.06234397888184,3.0964697738218554,132.25528352652555,119.86940443123814,-71923707,-6046072.0
2022-03-23,127.40699768066406,127.63764031652528,126.8995810663075,126.94571240894162,10269938,126.1092333769102,126.38097447024484,-1.2655487046529004,-1.756907198039612,0.49135849338671167,46.46273911052529,125.88936195373535,2.9046493700478537,131.69866069383104,120.08006321363963,-61653769,10269938.0
2022-03-24,127.31474304199219,127.40700573309162,126.43830378578834,126.85345774111539,4277141,126.51106993193754,126.46990481041125,-1.0417931398514781,-1.6138843864019854,0.5720912465505072,49.0909315687687,125.69331550598145,2.645579901301384,130.98447530858422,120.40215570337868,-65930910,-4277141.0
2022-03-25,127.4992446899414,127.77601866496634,127.22247071491648,127.68375598085498,4874198,126.84046151793883,126.56793717989032,-0.8398957067392985,-1.4590866504694482,0.6191909437301497,60.2439451405815,125.6656379699707,2.6223902430346984,130.9104184560401,120.4208574839013,-61056712,4874198.0
2022-03-28,126.11540985107422,126.39218387209586,125.05445919402138,126.39218387209586,10506177,126.59877762898398,126.52483933905069,-0.7825338792620187,-1.3237760962279623,0.5412422169659437,64.49094020696376,125.58260765075684,2.577967363236851,130.73854237723054,120.42667292428314,-71562889,-10506177.0
2022-03-29,126.25379180908203,126.5766830715915,126.02314915987093,126.39217176768464,6443554,126.48378235568333,126.49902528857749,-0.7176354949386052,-1.202547975970091,0.48491248103148576,62.117098543466795,125.41654663085937,2.4086692938896666,130.2338852186387,120.59920804308004,-65119335,6443554.0
2022-03-30,127.8221435546875,127.96052349656011,127.36085831203421,127.36085831203421,8166267,126.92990275535139,126.62503655201654,-0.5335003195948929,-1.0687384446950514,0.5352381251001586,56.962014053360896,125.36580505371094,2.342604702930377,130.0510144595717,120.68059564785018,-56953068,8166267.0
2022-03-31,127.40699768066406,127.9144002177113,127.40699768066406,127.8221516097524,3559638,127.08893439712229,126.69950904045916,-0.4162721428847789,-0.938245184332997,0.5219730414482181,62.93727970113088,125.28046798706055,2.2271287765906917,129.73472554024193,120.82621043387917,-60512706,-3559638.0
2022-04-01,126.3460464477539,126.3460464477539,125.60798711961871,126.02315516984594,7698756,126.84130508066617,126.665845936392,-0.40431714959323983,-0.8314595773850455,0.42714242779180567,58.252606990728204,125.21127586364746,2.1677297453993227,129.5467353544461,120.87581637284882,-68211462,-7698756.0
2022-04-06,125.70024108886719,125.79250377747101,124.54702786786841,124.77767051206816,11562914,126.4609504167332,126.57388356996107,-0.44186033561967974,-0.7535397290319724,0.31167939341229267,67.16437622349656,125.31506576538087,2.1372337567025252,129.58953327878592,121.04059825197581,-79774376,-11562914.0
2022-04-07,123.43994140625,124.63928592700351,123.43994140625,124.63928592700351,14747866,125.45394741323881,126.27541288770287,-0.6465478738763011,-0.7321413580008382,0.08559348412453716,55.22880003286293,125.4373062133789,1.9377551773998383,129.3128165681786,121.56179585857923,-94522242,-14747866.0
2022-04-08,124.13188171386719,124.13188171386719,123.3938223906479,123.71672774371594,8942218,125.01325884678161,126.07126706162327,-0.7443500189241234,-0.7345830901854954,-0.009766928738628056,42.19408399317201,125.53187103271485,1.815855112780344,129.16358125827554,121.90016080715417,-85580024,8942218.0
2022-04-11,122.1944580078125,124.03959897909637,121.96381538640202,123.7628250179421,16709415,124.07365856712525,125.70204715173654,-0.9670453282745086,-0.7810755378032981,-0.18596979047121054,36.62984355934895,125.35196876525879,1.9611002013537424,129.27416916796628,121.4297683625513,-102289439,-16709415.0
2022-04-12,122.28675079345703,122.56352482275116,121.41031143178554,121.9177140619609,14218880,123.47802264256919,125.3767808319004,-1.1231388632038772,-0.849488202883414,-0.27365066032046326,32.68492782182213,125.26663322448731,2.058061714915422,129.38275665431814,121.15050979465646,-88070559,14218880.0
2022-04-13,124.5931625366211,124.73154249590934,122.88640129307839,123.07091259789945,7046713,123.8497359405865,125.30215051806428,-1.0486478029308444,-0.8893201228929001,-0.15932768003794429,44.224434152026355,125.29661827087402,2.042848336206854,129.38231494328772,121.21092159846032,-81023846,7046713.0
2022-04-14,124.13188171386719,125.23896366004077,124.13188171386719,125.23896366004077,4947994,123.94378453168007,125.19069634623598,-1.0151327893989475,-0.9144826561941096,-0.10065013320483784,37.63068752211502,125.43039207458496,1.8573159291545924,129.14502393289413,121.71576021627577,-85971840,-4947994.0
2022-04-15,122.00996398925781,122.74802329766058,121.77932133521384,122.5635119898875,20692379,123.29917768420599,124.8877694550952,-1.146575913074713,-0.9609013075702304,-0.18567460550448267,32.62840045211111,125.43269882202148,1.8528071071422751,129.13831303630602,121.72708460773693,-106664219,-20692379.0
2022-04-18,121.3641586303711,122.00995519970918,120.99512196409974,121.77931256228062,17962021,122.6541713329277,124.55218747178813,-1.28800926181367,-1.0263228984189183,-0.2616863633947517,30.49857838662645,125.20897560119629,2.0597929453081867,129.32856149181265,121.08938971057991,-124626240,-17962021.0
2022-04-19,121.7793197631836,122.65575902177476,121.6409398034677,122.00996241425023,9059509,122.362554143013,124.28810483287342,-1.3510224302957141,-1.0912628047942774,-0.2597596255014367,35.31251162925321,125.01984786987305,2.1949080811649506,129.40966403220295,120.63003170754314,-115566731,9059509.0
2022-04-20,122.37898254394531,122.42511388868543,121.45641195838279,121.96382859590418,6762135,122.36803027665712,124.10628366249931,-1.3371591076463005,-1.140442065364682,-0.19671704228161846,37.27271497070274,124.81918869018554,2.245702777401333,129.3105942449882,120.32778313538287,-108804596,6762135.0
2022-04-21,122.47125244140625,123.25544311621151,122.37898974649593,122.9325377613362,3984094,122.40243766490684,123.95056640334758,-1.3036986880221377,-1.1730933898961733,-0.13060529812596444,30.537073667805558,124.63236846923829,2.2792815487827207,129.19093156680373,120.07380537167285,-104820502,3984094.0
2022-04-22,121.41028594970703,121.54866589665441,120.71835806035226,121.22576058403193,11200337,122.07172042650691,123.70863493157229,-1.3472617980473416,-1.207927071526407,-0.1393347265209346,29.166783731876308,124.33253288269043,2.2894791882638033,128.91149125921802,119.75357450616282,-116020839,-11200337.0
2022-04-25,119.24224090576172,119.98030014462478,118.68869295728716,119.93416880270038,32212970,121.12856058625853,123.28326407197127,-1.5389884911960934,-1.2741393554603444,-0.264849135735749,27.083437934711014,123.92890777587891,2.442516115936058,128.81394000775103,119.0438755440068,-148233809,-32212970.0
2022-04-26,119.24224090576172,119.74965751231188,118.87321832498475,119.70352617038749,9352352,120.49978735942626,122.89840472280845,-1.6716633819400357,-1.3536441607562828,-0.3180192211837529,28.260982343499194,123.51605758666992,2.5043167957126427,128.5246911780952,118.50742399524464,-148233809,0.0
2022-04-27,116.75130462646484,117.16645855391054,116.29001935656756,117.16645855391054,28746564,119.25029311510579,122.31296661839477,-1.9552678185415715,-1.4739688923133407,-0.4812989262282308,27.828871000781447,123.04785232543945,2.8449528415085497,128.73775800845655,117.35794664242235,-176980373,-28746564.0
2022-04-28,117.25872039794922,117.53549438997852,116.1977628133769,117.48936304508864,11542841,118.58643554272027,121.83160983549519,-2.114705160962316,-1.602116146043136,-0.5125890149191803,26.935064895164615,122.59809875488281,3.0172470177323905,128.6325927903476,116.56360471941804,-165437532,11542841.0
2022-04-29,118.78096771240234,119.47289567965905,118.31968240089786,118.91934767492947,11884431,118.65127959928097,121.54107249043872,-2.0940884194157974,-1.7005106007176682,-0.39357781869812913,38.21667726274571,122.14603996276855,2.866912093165493,127.87986414909955,116.41221577643756,-153553101,11884431.0
2022-05-03,117.90452575683594,118.73483366775251,117.58162041519604,118.59645370836982,6281269,118.40236165179931,121.19473470628608,-2.123987043783046,-1.785205889330744,-0.33878115445230206,35.649516484691546,121.67091636657715,2.7334423262264695,127.13780101903008,116.20403171412421,-159834370,-6281269.0
2022-05-04,117.90452575683594,118.50419101724123,117.62775176076035,118.36581105785852,9899693,118.2364163534782,120.88138147300512,-2.123206911378091,-1.8528060937402135,-0.2704008176378774,24.199355493753586,121.24884033203125,2.623058935828709,126.49495820368867,116.00272246037383,-159834370,0.0
2022-05-05,119.24224090576172,119.74965751231188,118.96546693152445,119.47288353807461,6225604,118.57169120423939,120.72527284755337,-1.9916872868003281,-1.8805823323522364,-0.11110495444809176,32.333306318986516,120.92594032287597,2.43715223891245,125.80024480070088,116.05163584505107,-153608766,6225604.0
2022-05-06,116.84357452392578,117.02808583892738,116.19777084410923,116.6590561702687,17050883,117.99565231080152,120.35558729292217,-2.0572941608325834,-1.9159246980483058,-0.14136946278427764,31.69937166407675,120.59612197875977,2.523827668902158,125.64377731656408,115.54846664095545,-170659649,-17050883.0
2022-05-09,114.90617370605469,115.82874432741633,114.8600423595245,115.78261298088614,12930248,116.96582610921925,119.83659552274432,-2.2398011027583067,-1.980699978990306,-0.25910112376800076,29.04194626468926,120.13483657836915,2.6817379083582638,125.49831239508568,114.77136076165262,-183589897,-12930248.0
2022-05-10,114.39875030517578,114.49100595414254,112.13845523154352,112.69199616399888,13844143,116.1101341745381,119.3187055020235,-2.39774429319462,-2.064108841831169,-0.3336354513634512,26.190469158409257,119.7450511932373,2.9223696075998102,125.58979040843693,113.90031197803768,-197434040,-13844143.0
2022-05-11,114.58325958251953,114.81390222019662,113.75295171780576,114.26036129750254,8049901,115.6011759771986,118.86771065254693,-2.4794455479854633,-2.1471761830620277,-0.3322693649234356,24.159031306032333,119.35987663269043,3.0734971105096274,125.50687085370969,113.21288241167117,-189384139,8049901.0
2022-05-12,111.86167907714844,113.47617753805574,111.81554773423206,113.47617753805574,11938815,114.35467701051522,118.20046955012802,-2.7323068500536465,-2.2642023164603517,-0.46810453359329474,20.052038915909037,118.72330245971679,3.2461512186590182,125.21560489703482,112.23100002239876,-201322954,-11938815.0
2022-05-13,112.87651062011719,112.87651062011719,112.13845836907826,112.64586797191971,7026550,113.86195488038256,117.69342584250793,-2.8183249340006853,-2.3750268399684185,-0.44329809403226683,25.848553144501594,118.1605339050293,3.234766186115684,124.63006627726067,111.69100153279793,-194296404,7026550.0
2022-05-16,113.47618103027344,114.39875160775533,113.01489574153248,113.89133497467833,5726166,113.73336359701285,117.29178347943798,-2.8057634008526975,-2.4611741521452744,-0.34458924870742313,32.091690137040445,117.73384475708008,3.262984673417799,124.25981410391567,111.20787541024448,-188570238,5726166.0
2022-05-17,114.72164916992188,114.86003616339188,113.61456729947162,113.61456729947162,4165551,114.06279212131588,117.04700878329359,-2.664593648347676,-2.5018580513857547,-0.1627355969619213,36.96808194767816,117.40171928405762,3.2116753083604315,123.82506990077849,110.97836866733675,-184404687,4165551.0
2022-05-18,115.96711730957031,116.24389129478173,115.55196337040803,115.64421901926022,6316611,114.69756718406737,116.94416197627234,-2.424271242528789,-2.4863406896143614,0.06206944708557227,47.56446000131747,117.11110916137696,3.0537976309281056,123.21870442323316,111.00351389952075,-178088076,6316611.0
2022-05-19,113.75296783447266,114.21425317518235,113.15329548381891,113.89134780576099,7258370,114.38270073420247,116.64023872467237,-2.3849847431909694,-2.466069500329683,0.08108475713871366,40.15546239371466,116.67980842590332,2.8745172240044834,122.42884287391229,110.93077397789435,-185346446,-7258370.0
2022-05-20,114.99842071533203,115.27518765774113,114.0758501633256,114.1681058107953,3665416,114.58794072791233,116.48387510473519,-2.2276730424652413,-2.4183902087567946,0.19071716629155322,39.21046583899593,116.30616683959961,2.5493881236909877,121.40494308698159,111.20739059221764,-181681030,3665416.0
2022-05-23,115.22907257080078,115.87486919340232,114.86004291274764,115.59810222885392,2678893,114.80165134220849,116.36437010150334,-2.060636968896702,-2.346839560784776,0.28620259188807395,42.07648198936502,115.99710617065429,2.255822250965324,120.50875067258494,111.48546166872364,-179002137,2678893.0
2022-05-24,113.93745422363281,115.50582122339523,113.84519858340929,115.32130994294819,5069187,114.51358563601661,116.13323525599186,-2.009320289733651,-2.279335706574551,0.2700154168408999,39.08622431031718,115.73186683654785,2.1641842408409286,120.06023531822972,111.40349835486599,-184071324,-5069187.0
2022-05-25,114.81390380859375,115.04454644946168,113.89133324512203,114.12197588598995,2567573,114.61369169354234,116.00758464195395,-1.876300471193261,-2.1987286594982933,0.3224281883050324,37.49999461606746,115.51044998168945,2.00695627991553,119.5243625415205,111.49653742185839,-181503751,2567573.0
2022-05-26,113.38392639160156,115.32132321386347,113.33779504685403,115.32132321386347,5804968,114.20376992622874,115.75771242763467,-1.8647725956730312,-2.1319374467332413,0.26716485106021004,39.66939362252278,115.34208106994629,2.038381933134636,119.41884493621556,111.26531720367701,-187308719,-5804968.0
2022-05-27,115.78260040283203,116.05937437463525,114.44487596264356,114.53713160702648,11700393,114.73004675176318,115.76008271098681,-1.643142600045664,-2.034178477395726,0.39103587735006196,52.54687468822263,115.26827507019043,1.9915165030734472,119.25130807633732,111.28524206404353,-175608326,11700393.0
2022-05-30,118.59645080566406,118.64258215009927,117.21259493646683,117.39710623689783,14542630,116.01884810306349,116.03021300571797,-1.2263088949829637,-1.8726045609131736,0.6462956659302099,60.75652105572462,115.25904922485351,1.9747440002156456,119.2085372252848,111.30956122442223,-161065696,14542630.0
2022-05-31,119.74966430664062,119.74966430664062,117.72000480393615,118.50418839056188,7025667,117.26245350425587,116.38444646294869,-0.7937605117934368,-1.6568357510892262,0.8630752392957894,62.61264231271976,115.35130615234375,2.1409480730627513,119.63320229846926,111.06941000621825,-154040029,7025667.0
2022-06-01,119.14997100830078,119.98029288074304,119.01159106821453,119.28836502569527,6406682,117.89162600560418,116.64782975298222,-0.49366240617870005,-1.424201082107121,0.9305386759284209,69.84918796878122,115.413578414917,2.2351602088449325,119.88389883260686,110.94325799722714,-160446711,-6406682.0
2022-06-02,117.90452575683594,118.50419101724123,117.72000741323384,118.50419101724123,4429653,117.89592592268144,116.76751508668258,-0.3522687833076077,-1.2098146223472184,0.8575458390396107,63.52359845686612,115.3466926574707,2.132203828082448,119.61110031363559,111.0822850013058,-164876364,-4429653.0
2022-06-06,118.73483276367188,119.01160675764002,117.5816195198963,118.31967881137469,4027825,118.17556153634493,116.95487867496728,-0.171240527996531,-1.002099803477081,0.8308592754805499,63.97060194662786,115.44125556945801,2.241235154011423,119.92372587748085,110.95878526143517,-160848539,4027825.0
2022-06-07,117.53549194335938,118.04290153331085,117.02807531475304,118.04290153331085,4841440,117.96220500534976,117.01017517671892,-0.12313172641880499,-0.8263061880654258,0.7031744616466208,57.49387187172868,115.57272148132324,2.2848864185237576,120.14249431837075,111.00294864427573,-165689979,-4841440.0
2022-06-08,118.82708740234375,119.10386137755764,118.2274081098288,118.55031342712986,3979050,118.25049913768109,117.18321443630224,0.018996821134209085,-0.6572455862254989,0.676242407359708,57.5980509398702,115.79413833618165,2.377809625847616,120.54975758787688,111.03851908448641,-161710929,3979050.0
2022-06-09,118.45804595947266,118.55030863992131,117.76612512668771,118.27353467588391,1927275,118.31968141161163,117.30462696231847,0.10069540487253903,-0.5056573880058913,0.6063527928784304,63.8585915968985,115.9878776550293,2.431212300096867,120.85030225522303,111.12545305483556,-163638204,-1927275.0
2022-06-10,117.25872039794922,117.53549438997852,116.61292380142085,116.98195344457491,4249603,117.96602774039083,117.30025490856902,0.06788404642779255,-0.3909491011191546,0.45883314754694715,56.67574907320696,116.25772972106934,2.2412190707280497,120.74016786252544,111.77529157961324,-167887807,-4249603.0
2022-06-13,113.98359680175781,114.62939338565164,113.89133411378309,114.49100639234443,16866775,116.6385507608465,116.98438270792033,-0.21985988648209798,-0.3567312581917433,0.1368713717096453,46.88220376953743,116.31308403015137,2.165713100893832,120.64451023193904,111.98165782836371,-184754582,-16866775.0
2022-06-14,113.79907989501953,113.98359823463367,112.64586666738728,113.10715195844018,11889780,115.69206047223751,116.68102053526312,-0.45751406139083883,-0.3768878188315624,-0.08062624255927642,49.63328139652721,116.32922897338867,2.14455168237512,120.61833233813891,112.04012560863842,-196644362,-11889780.0
2022-06-15,113.24552917480469,114.02971269414985,113.15327353229131,113.47617180041529,8848327,114.8765500397599,116.35383088188613,-0.6826544090271653,-0.438041136870683,-0.24461327215648232,45.77112872209381,116.25542297363282,2.2266198309551832,120.70866263554319,111.80218331172244,-205492689,-8848327.0
2022-06-16,113.01488494873047,115.32131117217395,112.78424232638612,114.49099632400345,12767922,114.25599500941676,116.0358360311094,-0.8696658514600983,-0.5243660797885661,-0.34529977167153225,48.936131840385684,116.10781135559083,2.3416263387895224,120.79106403316987,111.42455867801178,-218260611,-12767922.0
2022-06-17,111.49266052246094,112.09233284665561,111.07750654960216,111.631047526299,19671555,113.33488351376482,115.60315264933335,-1.1277050742486097,-0.6450338786805748,-0.48267119556803484,36.974820672168384,115.99479598999024,2.50976979491719,121.01433557982462,110.97525640015586,-237932166,-19671555.0
2022-06-20,110.47782135009766,111.58490317446979,110.24717871679891,111.53877887100279,10564277,112.38252945920911,115.11502585892995,-1.3979770480264335,-0.7956225125497466,-0.6023545354766869,22.326995121905554,115.76876602172851,2.791928201877275,121.35262242548306,110.18490961797396,-248496443,-10564277.0
2022-06-21,112.73812103271484,112.73812103271484,111.03136688300616,111.58490781822859,6482625,112.50105998371103,114.88865397071899,-1.4134884254723517,-0.9191956951342677,-0.49429273033808396,27.777742850441413,115.64421844482422,2.8716921167485654,121.38760267832134,109.9008342113271,-242013818,6482625.0
2022-06-22,110.24718475341797,112.27683722211933,110.10879775813038,112.27683722211933,15108994,111.74976824028002,114.44660928335698,-1.608240251444002,-1.0570046063962146,-0.5512356450477873,24.804182281271025,115.45970497131347,3.0968551176604726,121.65341520663442,109.26599473599252,-257122812,-15108994.0
2022-06-23,108.77107238769531,110.52395789094736,108.17140010518082,110.52395789094736,16872943,110.7568696227518,113.90608195996063,-1.860248620038476,-1.217653409124667,-0.6425952109138091,24.484506638794016,115.15756340026856,3.4390533955666958,122.03567019140195,108.27945660913517,-273995755,-16872943.0
2022-06-24,109.00171661376953,110.06267419997657,108.81719827258068,109.46300190875911,10768382,110.17181861975772,113.43899954603768,-2.018092689990752,-1.377741265297884,-0.6403514246928679,21.866671018374646,114.93845291137696,3.6885537758335976,122.31556046304415,107.56134535970976,-263227373,10768382.0
2022-06-27,111.58489990234375,112.04618515541446,110.52394945120462,110.52394945120462,16680954,110.64284571395307,113.26241862759063,-1.912695585708235,-1.4847321293799542,-0.4279634563282808,34.07402809336577,114.72856788635254,3.7567892822237003,122.24214645079994,107.21498932190514,-246546419,16680954.0
2022-06-28,110.52395629882812,111.44652686212834,110.01653967355108,111.44652686212834,10808460,110.60321590891144,113.00161269151802,-1.8929560839358857,-1.5663769202911406,-0.32657916364474504,27.499979325686596,114.32494316101074,3.7530046240585104,121.83095240912776,106.81893391289371,-257354879,-10808460.0
2022-06-29,109.60138702392578,110.29331495453478,109.32461303622023,109.50912433558733,6271996,110.26927294724956,112.67778167555686,-1.9295137830074793,-1.6390042928344084,-0.29050949017307093,26.699028346712097,113.817529296875,3.6659947808982807,121.14951885867156,106.48553973507843,-263626875,-6271996.0
2022-06-30,106.83367156982422,108.67881265366466,106.55689759178628,108.58654996854892,20430245,109.1240724881078,112.12119976072518,-2.1569535118607632,-1.7425941366396793,-0.4143593752210839,24.663648527173635,113.20171432495117,3.7564373483599773,120.71458902167112,105.68883962823122,-284057120,-20430245.0
2022-07-01,102.9127426147461,106.69528027628519,102.5898373071776,106.69528027628519,34719560,107.05362919698723,111.2442038420605,-2.6233470222009316,-1.9187447137519298,-0.7046023084490018,23.91300830459606,112.45212516784667,4.2340377325437935,120.92020063293427,103.98404970275908,-318776680,-34719560.0
2022-07-04,101.89791107177734,103.51240948103646,101.48275715342965,102.63597030290045,26442712,105.33505648858394,110.35408072108115,-3.0398145733629605,-2.142958685674136,-0.8968558876888246,23.01251668649323,111.61027908325195,4.578895285865884,120.76806965498372,102.45248851152019,-345219392,-26442712.0
2022-07-05,102.40533447265625,104.20434428982202,100.56019331098676,103.83532168841208,16214458,104.35848248327471,109.5970572688502,-3.2909868327689225,-2.3725643150930935,-0.9184225176758289,25.366884233651973,110.8537712097168,4.793285508378056,120.44034222647291,101.26720019296069,-329004934,16214458.0
2022-07-06,100.42180633544922,102.45146583686908,100.05277669531334,102.40533449235649,15611981,103.04625710066622,108.72322384662152,-3.6085002568354696,-2.619751503441569,-0.9887487533939008,23.495152178869986,109.93350715637207,4.9462933213962605,119.8260937991646,100.04092051357955,-344616915,-15611981.0
2022-07-07,103.42015838623047,103.46628972970039,100.14503712085452,100.9753449940749,13433190,103.17089086252098,108.21816999325094,-3.576957046490975,-2.8111926120514505,-0.7657644344395242,34.00363867371341,109.18161277770996,4.720055653480794,118.62172408467154,99.74150147074837,-331183725,13433190.0
2022-07-08,104.48110961914062,105.08078185470762,103.60467045545725,104.52724095982053,10177857,103.60763044806086,107.86225948143091,-3.4268463754021496,-2.9343233647215907,-0.4925230106805589,38.13867351906397,108.54273223876953,4.4247585580352915,117.39224935484012,99.69321512269894,-321005868,10177857.0
2022-07-11,103.55854797363281,104.89627250393268,103.18951833258821,104.85014819796145,7572953,103.59126962325152,107.45238219497395,-3.343780580596402,-3.0162148078965534,-0.32756577269984843,30.828505079585327,108.02147979736328,4.363703648362082,116.74888709408745,99.29407250063912,-328578821,-7572953.0
2022-07-12,101.0676040649414,102.35919717203029,100.69857444634978,102.35919717203029,11133444,102.75004777048149,106.8443080873518,-3.4393025565205875,-3.10083235762136,-0.33847019889922736,30.82849525518857,107.38490600585938,4.404946275177371,116.19479855621412,98.57501345550463,-339712265,-11133444.0
2022-07-13,104.6656265258789,104.8501448598542,103.88144296278448,104.2504725920803,24824897,103.38857402228064,106.63681460530677,-3.1879256455428617,-3.1182510152056606,-0.06967463033720112,42.12387484239964,106.95591087341309,4.217971092120971,115.39185305765503,98.51996868917115,-314887368,24824897.0
2022-07-14,105.17303466796875,105.40367728785465,103.14338242843453,103.97369022910041,14750428,103.98339423751001,106.49740699222696,-2.91417128349282,-3.0774350688630925,0.16326378537027253,42.73201494748654,106.563818359375,3.983036876771256,114.52989211291752,98.59774460583249,-300136940,14750428.0
2022-07-15,106.55689239501953,106.69527937728938,104.94239402539802,105.72657754005475,18555312,104.84122695667986,106.50307226868338,-2.5560882320536535,-2.9731657015012045,0.417077469447551,39.99999999999999,106.31702995300293,3.8107572463574555,113.93854444571784,98.69551546028802,-281581628,18555312.0
2022-07-18,105.35755920410156,105.9572314989842,105.12691655519708,105.77272019532265,22207344,105.01333770582043,106.39397578634227,-2.3420829251354434,-2.8469491462280523,0.5048662210926089,39.78101550903723,106.06101684570312,3.6864837751777464,113.43398439605862,98.68804929534762,-303788972,-22207344.0
2022-07-19,105.44982147216797,105.77271977160973,104.80401783462942,105.12691613407118,13251365,105.15883229460296,106.30405632784948,-2.1403645929163417,-2.70563223556571,0.5652676426493684,41.509438083873,105.69660186767578,3.33519480851795,112.36699148471168,99.02621225063989,-290537607,13251365.0
2022-07-20,106.14173889160156,107.20268933618928,105.81883358552253,106.87979106876458,16836288,105.48646782693584,106.28859752439729,-1.902735853668318,-2.545052959186232,0.6423171055179138,48.45359664573376,105.49132957458497,3.16223248827705,111.81579455113906,99.16686459803087,-273701319,16836288.0
2022-07-21,107.3410873413086,107.3410873413086,106.09561844554838,106.46464809135087,8803270,106.10467433172676,106.38883464981741,-1.5992013713330522,-2.355882641615596,0.7566812702825438,61.267627507025374,105.41983032226562,3.0997217184276034,111.61927375912083,99.22038688541042,-264898049,8803270.0
2022-07-22,107.75624084472656,108.12526342623191,107.29495557919033,107.57172251531934,15614914,106.6551965027267,106.51906381123733,-1.3100472795289733,-2.1467155691982716,0.8366682896692983,65.37533524411299,105.35755653381348,3.0358261177910473,111.42920876939557,99.28590429823139,-249283135,15614914.0
2022-07-25,107.66397857666016,107.89462121031937,107.01818201787619,107.29495599372908,10543360,106.99145719403786,106.62810331270617,-1.0759326901888642,-1.9325589933963903,0.8566263032075261,64.10890653369606,105.1615104675293,2.722998155476356,110.607506778482,99.71551415657659,-259826495,-10543360.0
2022-07-26,106.69528198242188,107.57172116044003,106.37238370834436,107.57172116044003,12623932,106.89273212349921,106.63450128125052,-0.9575231796742969,-1.7375518306519717,0.7800286509776748,67.80106242171362,104.97007675170899,2.4467309291664248,109.86353861004184,100.07661489337613,-272450427,-12623932.0
2022-07-27,107.66397857666016,107.66397857666016,106.23399847116578,106.55689675055775,7917050,107.14981427455287,106.7325467379562,-0.7765653085948969,-1.545354526240557,0.7687892176456601,63.60947701064496,104.8732063293457,2.286847372365564,109.44690107407683,100.29951158461458,-264533377,7917050.0
2022-07-28,107.8485107421875,108.81720570463303,107.8485107421875,108.72495004706519,8307208,107.38271309709776,106.83882902407346,-0.6112189370393821,-1.358527408400322,0.7473084713609399,61.44207258270235,104.92394828796387,2.3432014160576102,109.61035112007909,100.23754545584865,-256226169,8307208.0
2022-07-29,108.86332702636719,109.32461231037722,108.54042873529113,109.00171401930116,8030332,107.8762510735209,107.03163835762524,-0.3937545954924957,-1.1655728458187569,0.7718182503262612,67.91277483285381,105.22147750854492,2.4497534622539754,110.12098443305287,100.32197058403698,-248195837,8030332.0
2022-08-01,108.54043579101562,108.95558975815,108.12527478522594,108.95558975815,9504634,108.09764597935249,107.17533335128147,-0.2446470236477154,-0.9813876813845487,0.7367406577368333,79.56212707007234,105.55360374450683,2.425606619509613,110.40481698352606,100.7023905054876,-257700471,-9504634.0
2022-08-02,106.81184387207031,107.73622155317021,106.39586968411014,107.73622155317021,17694450,107.6690452769251,107.14071530564232,-0.26293022415643463,-0.8376961899389259,0.5747659657824913,59.96408369137477,105.77392921447753,2.322526806096997,110.41898282667152,101.12887560228354,-275394921,-17694450.0
2022-08-03,107.45890808105469,107.45890808105469,106.7656248031124,106.9042828691893,7840202,107.59899954496831,107.17101937949111,-0.2226406554718494,-0.7146850830455107,0.4920444275736613,60.4766000895155,106.12578430175782,1.9762588120970626,110.07830192595195,102.17326667756369,-267554719,7840202.0
2022-08-04,107.7362289428711,107.967323378997,106.48831334583723,107.55134916250486,6849417,107.64474267760258,107.22484886171777,-0.16641507672252942,-0.6050310817809145,0.43861600505838505,56.01525118220789,106.34158782958984,1.8994192471198286,110.1404263238295,102.54274933535018,-260705302,6849417.0
2022-08-05,110.463134765625,110.463134765625,108.98413186125987,109.07656822044979,9309559,108.58420670694339,107.53325704304227,0.09706371957393856,-0.4646121215099439,0.5616758410838825,72.53031096770196,106.64068908691407,2.055603571011897,110.75189622893785,102.52948194489028,-251395743,9309559.0
2022-08-08,110.23204040527344,110.23204040527344,109.35388441379737,110.00094598094371,8691407,109.13348460638676,107.79028402992142,0.28395195892832703,-0.3148993054222897,0.5988512643506168,70.84792619984128,106.9743637084961,2.0705459510136786,111.11545561052345,102.83327180646874,-260087150,-8691407.0
2022-08-09,110.13960266113281,110.4631334406379,109.07656691209434,109.44631939686103,7884158,109.46885729130211,108.01402866146536,0.4197644978195143,-0.16796654477392894,0.5877310425934432,68.38975579900163,107.42796363830567,1.6617986511769804,110.75156094065963,104.10436633595171,-267971308,-7884158.0
2022-08-10,108.984130859375,109.26143993439547,108.6143783735723,109.07656721771515,7222854,109.30728181399309,108.10641934698056,0.42921230338811256,-0.04853077514152063,0.47774307852963316,57.58845985523373,107.64388885498047,1.5615207920711078,110.76693043912269,104.52084727083826,-275194162,-7222854.0
2022-08-11,110.9715347290039,111.34128013047606,110.55556057368553,110.74044032686308,10728096,109.86203278566336,108.37928747860182,0.5902624619847501,0.07922787228373351,0.5110345897010166,62.96679189319745,107.93381385803222,1.6159659486849607,111.16574575540214,104.7018819606623,-264466066,10728096.0
2022-08-12,111.66482543945312,111.8496981526129,111.20263660411175,111.43373102178244,8424337,110.46296367025995,108.69219585582576,0.7650199652859442,0.21638629088417566,0.5486336744017686,65.3888027758589,108.1892105102539,1.7820089004584,111.7532283111707,104.6251927093371,-256041729,8424337.0
2022-08-15,112.68164825439453,112.86652098197193,112.08080131110424,112.26567403868164,9547362,111.20252519830481,109.0721437033085,0.9743341315680993,0.3679758590209604,0.6063582725471389,72.94094463555929,108.55541496276855,1.9169217710400406,112.38925850484863,104.72157142068848,-246494367,9547362.0
2022-08-16,112.86650848388672,113.05138824343426,112.6816357767809,112.7740721303338,9872266,111.75718629349879,109.43351177764929,1.1419698740954658,0.5227746620358615,0.6191952120596043,71.21143310758603,108.92624931335449,2.00010061006063,112.92645053347574,104.92604809323323,-236622101,9872266.0
2022-08-17,112.91273498535156,113.05139304779436,112.58920420794638,112.86651328038997,13854866,112.14236919078306,109.76486636885903,1.2639821012739958,0.6710161498834883,0.5929659513905075,70.88305729534366,109.26479911804199,2.0755962602541596,113.41599163855031,105.11360659753367,-222767235,13854866.0
2022-08-18,112.17323303222656,112.26566939218947,111.80348053993272,112.21945473842912,5272003,112.1526571379309,109.99423462251309,1.2861797633295282,0.7940488725726964,0.4921308907568318,63.96598480029462,109.50640640258788,2.1206346630736737,113.74767572873523,105.26513707644054,-228039238,-5272003.0
2022-08-19,112.35811614990234,112.77408330834139,111.75726921359073,112.0808000093147,4026019,112.22114347525472,110.21936619655017,1.3036622855713489,0.895971555172427,0.4076907303989219,66.29832994484394,109.73650016784669,2.1698295142481654,114.07615919634301,105.39684113935036,-224013219,4026019.0
2022-08-22,110.9715347290039,111.15640742973999,110.69421862545832,110.92531302759916,5007000,111.80460722650446,110.2910012948791,1.1918923844005747,0.9551557210180566,0.2367366633825181,68.29261255167684,109.90187797546386,2.129220397647664,114.16031877075919,105.64343718016853,-229020219,-5007000.0
2022-08-23,109.26144409179688,110.00094909154046,109.26144409179688,109.58498193696116,10325627,110.95688618160193,110.19294822791889,0.9543230675875805,0.9549891903319614,-0.000666122744380937,57.24906173524365,110.03018608093262,1.9991662582133203,114.02851859735927,106.03185356450598,-239345846,-10325627.0
2022-08-24,108.984130859375,109.95472320060976,108.75303643730356,109.81607218932056,7063478,110.29930107419295,110.07782276424804,0.735195931115399,0.911030538488649,-0.17583460737324996,55.01855359863721,110.09619369506837,1.9377795527000923,113.97175280046855,106.22063458966818,-246409324,-7063478.0
2022-08-25,110.00094604492188,110.41691318798044,109.49253549012396,109.53875719599364,4893719,110.19984939776927,110.07050117193126,0.6362502870726701,0.8560744882054533,-0.21982420113278323,47.84483065306825,110.20381546020508,1.864772412725121,113.93336028565533,106.47427063475483,-241515605,4893719.0
2022-08-26,110.5555648803711,111.01775370265729,110.41690682319688,110.7866592915142,9959737,110.31842122530321,110.1166977155922,0.5957211535471174,0.8040038212737861,-0.2082826677266687,51.4643996013435,110.28842735290527,1.8389611174670863,113.96634958783945,106.6105051179711,-231555868,9959737.0
2022-08-29,107.7362289428711,108.10597439871852,107.22781836241711,107.45891279854301,15775738,109.45769046449252,109.88998640390447,0.3322744225393848,0.7096579415269059,-0.3773835189875211,41.27519064877917,110.24821701049805,1.8873496681935213,114.0229163468851,106.47351767411101,-247331606,-15775738.0
2022-08-30,107.92110443115234,108.33707160584139,107.41269383769448,107.73623169850003,12155353,108.9454951200458,109.70247383507093,0.13683158765218195,0.5950926707519612,-0.4582610830997792,45.8484027734325,110.30368003845214,1.7950950171540996,113.89387007276034,106.71349000414395,-235176253,12155353.0
2022-08-31,108.7068099975586,108.7068099975586,107.04293446257397,107.18158546782469,7045914,108.86593341255008,109.60764870768881,0.044824892252705695,0.48503911505211006,-0.44021422279940436,40.23903098603405,110.36607513427734,1.710714836273291,113.78750480682392,106.94464546173076,-228130339,7045914.0
2022-09-01,106.44209289550781,106.8580600369127,106.07234040734672,106.76562367798297,21061579,108.057986573536,109.30616720176681,-0.20843214381932285,0.3463448632778235,-0.5547770070971463,30.175392667124612,110.30136833190917,1.8353569276292412,113.97208218716766,106.63065447665069,-249191918,-21061579.0
2022-09-02,105.28662872314453,106.39587921889431,105.24040701397053,106.39587921889431,13994058,107.13420062340552,108.9233540133266,-0.4966513836218951,0.17774561389787977,-0.6743969975197749,22.222126694705892,110.04254302978515,2.1494650522786936,114.34147313434254,105.74361292522777,-263185976,-13994058.0
2022-09-05,105.51770782470703,106.07233299195443,105.10173365994028,105.4714861222524,8878179,106.59536969050603,108.59900675726759,-0.6983706729879202,0.0025223565207197762,-0.70089302950864,22.491255206322307,109.80682640075683,2.374322928444083,114.555472257645,105.05818054386867,-254307797,8878179.0
2022-09-06,106.21099090576172,106.6731797199274,105.61014403685802,106.11855455341691,6476116,106.4672434289246,108.37157667617178,-0.7931495778715885,-0.1566120303577419,-0.6365375475138466,26.072488773223753,109.61039581298829,2.504294956496541,114.61898572598137,104.6018058999952,-247831681,6476116.0
2022-09-07,103.71517181396484,104.593334832446,103.62273545739892,104.54711312794207,15488892,105.54988622393803,107.9281095464378,-1.0574644926916505,-0.33678252282452364,-0.720681969867127,23.16704029633489,109.34694786071778,2.8296525087848403,115.00625287828746,103.6876428431481,-263320573,-15488892.0
2022-09-08,104.45468139648438,104.50090310303494,103.90005618008884,104.50090310303494,7117171,105.18481794812016,107.59730686548984,-1.1935057328460772,-0.5081271648288344,-0.6853785680172428,25.778934161714915,109.0211051940918,3.0026589347088626,115.02642306350953,103.01578732467408,-256203402,7117171.0
2022-09-12,106.6731948852539,106.90428932519056,106.3034423708667,106.58075851976776,7545318,105.68094359383142,107.50929620070546,-1.1095141101267956,-0.6284045538884266,-0.48110955623836893,37.466307157698964,108.77152366638184,2.978703887941218,114.72893144226427,102.81411589049941,-248658084,7545318.0
2022-09-13,107.22781372070312,107.59756621298709,106.99671929458093,107.32025008066357,4540486,106.19656696945532,107.48248834546715,-0.9868215742838231,-0.700087957967506,-0.2867336163163171,43.641594229172824,108.49883193969727,2.848708024195948,114.19624798808917,102.80141589130537,-244117598,4540486.0
2022-09-14,105.05552673339844,105.33283581118852,104.26980710099664,104.50090152537612,10945566,105.81622022410303,107.25134914431774,-1.0527369645703573,-0.7706177592880763,-0.28211920528228096,39.01805038137072,108.10828285217285,2.7521933003658017,113.61266945290446,102.60389625144124,-255063164,-10945566.0
2022-09-15,105.24040222167969,105.61015472090656,104.63955529199131,104.91687142952206,3684100,105.62428088996194,107.05983038978079,-1.0776351719738955,-0.8320212418252402,-0.2456139301486553,36.043310485757765,107.72466621398925,2.5763656143563516,112.87739744270195,102.57193498527656,-251379064,3684100.0
2022-09-16,104.03871154785156,104.31602062263299,103.80761712597935,104.13114790611203,12950907,105.09575777592515,106.77210478578752,-1.180722936119949,-0.901761580684182,-0.27896135543576694,31.592655310496,107.31794013977051,2.477302532078747,112.272545203928,102.36333507561302,-264329971,-12950907.0
2022-09-19,103.57652282714844,104.40845710492306,103.43786476337198,104.40845710492306,7177318,104.58934612633291,106.46776364686951,-1.284903926363171,-0.9783900498199798,-0.3065138765431912,36.445724576395484,106.87886047363281,2.3095059747783524,111.49787242318952,102.2598485240761,-271507289,-7177318.0
2022-09-20,104.50090026855469,104.59333662670632,103.76139529845744,104.03871142535442,5757206,104.55986417374018,106.28044332512525,-1.278144918534295,-1.038341023562843,-0.23980389497145205,39.36776715829158,106.55532875061036,2.1539901256129377,110.86330900183623,102.24734849938449,-265750083,5757206.0
2022-09-21,103.62274169921875,104.26981033904094,103.34543261281698,104.26981033904094,11011543,104.24749001556637,106.02732888456272,-1.3283361809682646,-1.0963400550439273,-0.23199612592433727,34.2857156332344,106.27339363098145,2.1501658945068107,110.57372541999507,101.97306184196782,-276761626,-11011543.0
2022-09-22,102.37483978271484,102.37483978271484,101.21936755040429,102.05130896815645,14911681,103.62327327128254,105.67947277962483,-1.452069816602389,-1.1674860073556197,-0.2845838092467694,36.58537076357019,105.94292907714843,2.218434054910439,110.37979718696931,101.50606096732756,-291673307,-14911681.0
2022-09-23,101.40422821044922,102.0050751101849,101.08069743441985,101.91263875309679,14598986,102.88359158433812,105.27230663017954,-1.6098920233158083,-1.2559672105476576,-0.3539248127681507,37.036986089203545,105.51309318542481,2.2236133400403766,109.96031986550557,101.06586650534405,-306272293,-14598986.0
2022-09-26,99.50926208496094,99.87901458016643,99.04707322906465,99.87901458016643,19920826,101.75881508454573,104.72344524492063,-1.8663609414542748,-1.3780459567289811,-0.48831498472529367,31.944475649978145,104.9607780456543,2.276459580949924,109.51369720755415,100.40785888375444,-326193119,-19920826.0
2022-09-27,99.37060546875,99.78657262415388,98.90841660610465,99.64792160731416,8962778,100.96274521261383,104.21365098052343,-2.0570899841214043,-1.5138547622074658,-0.5432352219139385,28.7356659875675,104.54249687194825,2.497480996202395,109.53745886435304,99.54753487954345,-335155897,-8962778.0
2022-09-28,97.2907485961914,99.50925638797061,97.2907485961914,99.4630346840503,18898469,99.73874634047303,103.55432694392039,-2.348993457707209,-1.6808825013074147,-0.6681109563997945,29.49854503950013,104.0109790802002,2.847283617381653,109.70554631496351,98.31641184543689,-354054366,-18898469.0
2022-09-29,96.96722412109375,98.40000535389373,96.68990798445256,98.40000535389373,10402108,98.81490560067994,102.9269838179369,-2.576731824396674,-1.8600523659252666,-0.7166794584714076,25.454545454545453,103.42399978637695,3.032336410742371,109.4886726078617,97.3593269648922,-364456474,-10402108.0
2022-09-30,95.62686920166016,96.0428433935912,95.21090206217119,95.48821819012522,12676428,97.75222680100669,102.23173480686292,-2.83271775398687,-2.0545854435375874,-0.7781323104492825,11.575509623478936,102.88323860168457,3.406990678719208,109.69721995912299,96.06925724424615,-377132902,-12676428.0
2022-10-03,94.47139739990234,95.7655275805398,94.3327463879115,94.74871352876826,10992367,96.65861700063857,101.49265505381905,-3.0931692356694214,-2.2623022019639545,-0.8308670337054669,7.407403633495733,102.34247703552246,3.836654594771348,110.01578622506516,94.66916784597977,-388125269,-10992367.0
2022-10-04,96.8747787475586,96.8747787475586,96.22771017307254,96.64368433933679,7528683,96.73067091627858,101.05285731036567,-3.0702541438906508,-2.423892590349294,-0.6463615535413569,23.10029236113097,101.91033058166504,3.9453975449350454,109.80112567153513,94.01953549179494,-380596586,7528683.0
2022-10-05,99.1395034790039,99.69412866140507,98.30756217918123,98.44622023789198,10696796,97.5336151038537,100.87063313595027,-2.8366502712547685,-2.506444126530389,-0.3302061447243796,32.35292689698031,101.55675621032715,3.8555399707314817,109.26783615179012,93.84567626886418,-369899790,10696796.0
2022-10-06,99.83279418945312,99.83279418945312,99.37060532746492,99.64792146563478,8457011,98.30000813238686,100.77179133152198,-2.565995553441482,-2.5183544119126076,-0.04764114152887444,37.465576138124725,101.36263732910156,3.838847313169047,109.04033195543965,93.68494270276346,-361442779,8457011.0
2022-10-07,98.16890716552734,99.27816461717906,98.07647080766688,99.27816461717906,8700628,98.25630781010037,100.52389760142725,-2.4574337501865102,-2.5061702795673884,0.048736529380878135,34.96143751604559,101.04834861755371,3.8296753548106603,108.70769932717504,93.38899790793239,-370143407,-8700628.0
2022-10-11,93.08482360839844,94.4251753902367,92.89995090518565,94.28651733660632,31480435,96.5324797428664,99.81541436399593,-2.7499411823908986,-2.5549244601320904,-0.19501672225880817,24.217120077083564,100.36893005371094,3.9815924907129925,108.33211503513692,92.40574507228496,-401623842,-31480435.0
2022-10-12,92.62265014648438,93.08483903354757,92.02181023525644,92.8075299327753,13349296,95.22920321073906,99.1303892004234,-2.9846438492291725,-2.640868337951507,-0.3437755112776655,24.680868848739593,99.638671875,3.9967323730387885,107.63213662107758,91.64520712892242,-414973138,-13349296.0
2022-10-13,91.51338958740234,92.94617780090917,91.51338958740234,92.94617780090917,20842760,93.99059866962682,98.40496066584996,-3.2230026915024155,-2.757295208661689,-0.4657074828407266,24.8394006553344,98.9615650177002,4.17392876483471,107.30942254736962,90.61370748803077,-435815898,-20842760.0
2022-10-14,94.14787292480469,94.56384714596962,93.45458960863905,94.05543655980445,11432758,94.04302342135279,97.99952373813136,-3.1628634818496124,-2.838408863299274,-0.3244546185503383,34.393669944345206,98.40693855285645,4.030198963126985,106.46733647911041,90.34654062660248,-424383140,11432758.0
2022-10-17,92.39154815673828,92.53020622202068,91.55961386992819,92.39154815673828,19692976,93.49253166648128,97.46543082561773,-3.2198075186699526,-2.91468859437341,-0.30511892429654264,34.60000891381824,97.82458038330078,4.015055900266288,105.85469218383336,89.7944685827682,-444076116,-19692976.0
2022-10-18,93.45458221435547,93.87055640260782,92.39154646985548,93.82433469754355,6402034,93.47988184910602,97.08344524359275,-3.142928391711635,-2.960336553841055,-0.18259183787057998,37.692311355119486,97.31848335266113,3.8877822239326414,105.09404780052641,89.54291890479585,-437674082,6402034.0
2022-10-19,92.2066650390625,93.3621370320332,92.02179234116373,93.17726433413443,15624079,93.05547624575819,96.61898998601843,-3.1464275581726753,-2.9975547547073793,-0.14887280346529597,39.04382627327225,96.70377159118652,3.6574964439845528,104.01876447915564,89.38877870321741,-453298161,-15624079.0
2022-10-20,91.6982650756836,91.9293595008264,89.98816774011536,90.77388737511242,18984972,92.6030725224,96.1503495183675,-3.153868468482372,-3.028817497462378,-0.12505097101999407,38.73517992870641,96.10754776000977,3.4354316016375837,102.97841096328493,89.2366845567346,-472283133,-18984972.0
2022-10-21,91.42095947265625,92.29911550060808,91.23607969404787,91.79071197743055,12165601,92.20903483915208,95.69993141877596,-3.1458779651946287,-3.052229591008828,-0.09364837418580052,40.57973689148081,95.55985374450684,3.25194194036035,102.06373762522753,89.05596986378615,-484448734,-12165601.0
2022-10-24,91.14363861083984,93.17727375555988,91.14363861083984,93.1310520501909,16995535,91.85390276304801,95.2659987704011,-3.125889600140354,-3.0669615928351335,-0.05892800730522074,42.2413903510457,95.04682426452636,3.0865553918150637,101.21993504815649,88.87371348089624,-501444269,-16995535.0
2022-10-25,89.38732147216797,91.14364052647208,89.20244875169058,91.14364052647208,20064917,91.03170899942134,94.70612474199794,-3.2147115975543983,-3.0965115937789864,-0.11820000377541184,32.00002641131813,94.54072723388671,3.145620146498896,100.83196752688451,88.24948694088891,-521509186,-20064917.0
2022-10-26,90.21926879882812,90.58902131673189,89.20245466392477,89.52598547242457,10959458,90.7608955992236,94.27880512836272,-3.1813004230591275,-3.113469359635015,-0.0678310634241126,26.969038812090105,94.08316040039062,3.0707750360210997,100.22471047243282,87.94161032834843,-510549728,10959458.0
2022-10-27,91.51338958740234,91.83692036232397,91.05120075110233,91.05120075110233,8017172,91.01172692861653,94.01543221969983,-3.0156347342884118,-3.0939024345656945,0.07826770027728269,29.166671443020576,93.79429244995117,3.024546362303843,99.84338517455886,87.74519972534348,-502532556,8017172.0
2022-10-28,90.35791778564453,91.14363739937913,89.8957289478663,91.14363739937913,11490720,90.79379054762586,93.66709751169456,-2.943647859929783,-3.0638515196385123,0.12020365970872948,29.928756832208038,93.46382713317871,3.0206897276924125,99.50520658856354,87.42244767779388,-514023276,-11490720.0
2022-10-31,91.55961608886719,91.8369251737104,90.68145302242455,91.37473631319605,10088080,91.04906572803964,93.46638499523482,-2.757840069677428,-3.0026492296462957,0.24480915996886754,45.10391134570433,93.26046447753906,3.004268047346405,99.26900057223187,87.25192838284624,-503935196,10088080.0
2022-11-01,92.0680160522461,92.39154683163677,91.32851813541627,91.37473278821948,8194304,91.38871583610846,93.33320700066447,-2.5402796663363603,-2.9101753169843088,0.3698956506479485,48.224830253071026,93.14029541015626,3.001347645687753,99.14299070153176,87.13760011878075,-495740892,8194304.0
2022-11-02,92.4377670288086,92.48398873329977,91.88314183712413,92.06801455020496,7005305,91.73839956700851,93.24792700334487,-2.311381498450629,-2.7904165532775727,0.47903505482694353,53.10558687799832,92.91844482421875,2.8719743144548615,98.66239345312847,87.17449619530903,-488735587,7005305.0
2022-11-03,91.23606872558594,91.37472677976204,90.91253796746942,91.05119602164552,13533114,91.570955953201,93.05632145308212,-2.2015667700399746,-2.672646596630053,0.47107982659007863,39.17521328734798,92.52327308654785,2.489156455093929,97.5015859967357,87.54496017636,-502268701,-13533114.0
2022-11-04,91.3747329711914,91.46716932942498,90.12682450393305,90.68144970577653,6432535,91.50554829253113,92.89617016909253,-2.0793789743988214,-2.553993072183807,0.47461409778498576,45.70313054131605,92.10037002563476,1.8069340558985565,95.71423813743188,88.48650191383764,-495836166,6432535.0
2022-11-07,92.94618225097656,93.22349133456838,92.02180453411928,92.2528989633336,12106536,91.98575961201294,92.90093322451006,-1.8345933916840096,-2.4101131360838477,0.5755197443998381,47.94010963907637,91.83923377990723,1.1369306670196226,94.11309511394647,89.565372445868,-483729630,12106536.0
2022-11-08,93.9167709350586,94.24030171276843,93.59324015734876,93.77811287248522,10406422,92.62943005302816,92.99767967313373,-1.5444768903518025,-2.236985886937439,0.6925089965856364,57.08814974521532,91.88083114624024,1.198456799016324,94.2777447442729,89.48391754820759,-473323208,10406422.0
2022-11-09,96.59746551513672,96.59746551513672,94.7949318982712,94.7949318982712,18911329,93.95210854039769,93.34051641999116,-1.0857321790414005,-2.006735145358231,0.9210029663168307,67.20777376296047,92.07957191467285,1.5926816472961949,95.26493520926525,88.89420862008046,-454411879,18911329.0
2022-11-10,95.673095703125,95.99662650032823,95.3957795612694,95.62687399533492,14732904,94.52577092797347,93.56266682790867,-0.7876826930294243,-1.76292465489247,0.9752419618630457,64.28569963879225,92.28755722045898,1.77591718045762,95.83939158137422,88.73572285954374,-469144783,-14732904.0
2022-11-11,100.75717163085938,100.75717163085938,99.64792118617547,100.3412044772135,34312389,96.6029044956021,94.24785776152302,-0.13962438704091085,-1.4382646013221583,1.2986402142812474,74.41315545456695,92.61802215576172,2.575320185272612,97.76866252630694,87.4673817852165,-434832394,34312389.0
2022-11-14,101.68154907226562,102.0513015702896,101.12692385145083,101.4966763494748,18166766,98.29578602115662,94.95582836254613,0.4434442740826938,-1.061922826241188,1.5053671003238818,82.59804625626855,93.08252220153808,3.2750591069010015,99.63264041534009,86.53240398773607,-416665628,18166766.0
2022-11-15,106.02611541748047,106.25720983386769,102.79079358805936,102.79079358805936,33843257,100.8725624865979,96.01014141539702,1.2417860472413054,-0.6011810515446893,1.8429670987859947,85.33057350930451,93.71109886169434,4.3727038200095345,102.4565065017134,84.96569122167527,-382822371,33843257.0
2022-11-16,105.84124755859375,106.9967196935129,105.24040063794735,106.30343641256141,23671241,102.52879084392985,96.94643723855862,1.8383687919160252,-0.11327108285254639,1.9516398747685715,83.69568220810505,94.3928279876709,5.12410366750336,104.64103532267762,84.14462065266417,-406493612,-23671241.0
2022-11-17,105.88746643066406,105.9799027884949,104.31602013777179,105.332834178795,13352418,103.64834937284127,97.79796382828295,2.288513829055205,0.3670858995290039,1.9214279295262011,88.53214361029302,95.10228805541992,5.683177861044092,106.4686437775081,83.73593233333173,-393141194,13352418.0
2022-11-18,105.61014556884766,107.08914838514404,105.42527286147626,106.2109924464673,10656075,104.30228143817673,98.54198113690815,2.5929891731184256,0.8122665542468883,1.7807226188715373,86.5384561968504,95.81174736022949,6.071798227914369,107.95534381605823,83.66815090440075,-403797269,-10656075.0
2022-11-21,105.24040222167969,105.97990722013343,105.10174415291432,105.7025910826027,8685569,104.61498836601106,99.17992600212447,2.7724933019053566,1.2043119037785819,1.5681813981267747,84.50366573632678,96.51658554077149,6.314729217325737,109.14604397542296,83.88712710612002,-412482838,-8685569.0
2022-11-22,106.11856842041016,106.30344114925794,104.50090735944319,104.82443816114808,5544518,105.11618171747743,99.84074908958024,2.9515882186382214,1.55376716675051,1.3978210518877114,84.90569930919352,97.3531478881836,6.42779832370239,110.20874453558838,84.49755124077882,-406938320,5544518.0
2022-11-23,106.85806274414062,107.13537888039772,106.34965923092568,106.90428445099758,7938962,105.69680872636518,100.50906467572885,3.117259416049734,1.866465616610355,1.250793799439379,90.82132846360261,98.18508758544922,6.53180049681375,111.24868857907673,85.12148659182172,-398999358,7938962.0
2022-11-24,107.87487030029297,108.01352836003748,107.13537240239206,107.22780875807445,15238836,106.42282925100778,101.21056997330638,3.2926473168936923,2.1517019566670226,1.1409453602266697,91.22408133856376,99.00316162109375,6.675246375114766,112.35365437132329,85.65266887086422,-383760522,15238836.0
2022-11-25,107.87487030029297,108.10596471571985,107.5513395291837,107.82865564867272,16020486,106.90684293410285,101.8452652425432,3.3925364435732206,2.399868854048262,0.9926675895249586,90.47625351810841,99.87900924682617,6.630250300289745,113.13950984740566,86.61850864624668,-383760522,0.0
2022-11-28,105.70258331298828,106.58074631565847,105.28661618970996,105.9336777264633,15044738,106.50542306039802,102.21262886829987,3.2588479205477086,2.5716646673481516,0.687183253199557,80.00004660834927,100.58615760803222,6.447948258483805,113.48205412499983,87.69026109106461,-398805260,-15044738.0
2022-11-29,106.6731948852539,106.6731948852539,104.54712321685952,105.24040653666951,10671467,106.56134700201666,102.63744467943835,3.1943960359586328,2.696210941070248,0.4981850948883846,78.09284995290368,101.31641654968261,6.2566698008910855,113.82975615146478,88.80307694790045,-388133793,10671467.0
2022-11-30,107.55134582519531,107.59756753196324,106.16477925146496,106.39587368042002,9296066,106.89134660974288,103.10543526474854,3.1775480983874758,2.7924783725336937,0.3850697258537821,83.20416269273227,102.07209548950195,6.036709348925399,114.14551418735275,89.99867679165115,-378837727,9296066.0
2022-12-01,109.40009307861328,110.4631287828276,109.07656231275026,110.18581266783542,24684339,107.72759543269969,103.7049264851166,3.275615186336438,2.8891057352942426,0.38650945104219536,79.49528817949337,102.98029670715331,5.676260903778432,114.33281851471018,91.62777489959645,-354153388,24684339.0
2022-12-02,108.42951202392578,109.03035191463945,108.1521958801791,108.42951202392578,7480152,107.96156762977506,104.15488701262224,3.2376941575882086,2.958823419753036,0.27887073783517247,72.95606037876102,103.83303565979004,5.09199776026172,114.01703118031348,93.6490401392666,-361633540,-7480152.0
2022-12-05,108.56816101074219,109.53876044324153,108.33706657942733,108.42950999390716,11987754,108.16376542343079,104.575198821967,3.1821474683994495,3.003488229482319,0.17865923891713065,62.11461785201878,104.61413459777832,4.497577748928049,113.60929009563442,95.61897909992221,-349645786,11987754.0
2022-12-06,106.58074951171875,107.96731603414818,106.48830610160317,107.96731603414818,9970008,107.63609345286012,104.76620364956241,2.9438242451140866,2.9915554326086724,-0.047731187494585825,53.00752626248586,105.24733352661133,3.7399062313262785,112.72714598926389,97.76752106395877,-359615794,-9970008.0
2022-12-07,105.93367767333984,107.08914974013553,105.56392520147686,105.84124131848455,8225389,107.06862152635337,104.87739165182694,2.671937650075506,2.9276318761020392,-0.25569422602653313,50.17918220496173,105.71414413452149,3.1375793767423144,111.98930288800612,99.43898538103686,-367841183,-8225389.0
2022-12-08,104.6857681274414,105.47148771393607,103.94626319165718,105.42527306322563,9118894,106.27433706004939,104.85914179236165,2.32892331525764,2.8078901639331595,-0.4789668486755194,46.6666593301625,106.1647777557373,2.092809405669294,110.35039656707589,101.97915894439872,-376960077,-9118894.0
2022-12-09,106.30343627929688,106.534530705991,105.33283686620467,105.37905857252038,6236839,106.28403679979856,104.99669364826025,2.1626842067562393,2.6788489724977755,-0.5161647657415362,53.516823122479764,106.44209098815918,1.6615804551138598,109.7652518983869,103.11893007793147,-370723238,6236839.0
2022-12-12,105.28662872314453,105.56393782086064,104.68578176609563,105.56393782086064,8364050,105.95156744091389,105.02430651253495,1.9266810636303973,2.5284153907243,-0.6017343270939026,47.27272181582443,106.62234497070312,1.266546201204899,109.15543737311292,104.08925256829333,-379087288,-8364050.0
2022-12-13,104.8244400024414,105.84125413385013,104.68578192714871,105.84125413385013,6522142,105.5758582947564,105.00527160681175,1.6829520813118393,2.359322728841808,-0.6763706475299687,43.20989163888732,106.56226119995117,1.3235402628547248,109.20934172566062,103.91518067424171,-385609430,-6522142.0
2022-12-14,106.11856842041016,106.30344114925794,105.37906340013396,105.47149976455785,7883543,105.75676166997432,105.1112998747735,1.5760527002299938,2.2026687231194453,-0.6266160228894515,44.242468503925195,106.576127243042,1.3170256559289568,109.21017855489991,103.94207593118408,-377725887,7883543.0
2022-12-15,106.21099090576172,106.34964896049975,105.28661327743036,105.65636573925123,7809191,105.9081714152368,105.21603235391522,1.4817116432254807,2.0584773071406524,-0.5767656639151717,44.578302470302084,106.59230346679688,1.3100906440139508,109.21248475482479,103.97212217876897,-369916696,7809191.0
2022-12-16,104.45468139648438,104.73199753090327,103.76139811287939,103.99249254074772,11881776,105.42367474231932,105.1435227389218,1.2508076446245866,1.8969433746374393,-0.6461357300128527,45.82044830939798,106.5345302581787,1.379329576306956,109.29318941079262,103.77587110556479,-381798472,-11881776.0
2022-12-19,103.85382843017578,104.4084536142971,103.53029766047517,103.85382843017578,6131528,104.90039263827148,105.02069470951741,1.0077144444810529,1.7190975886061621,-0.7113831441251093,40.317377469784056,106.46520156860352,1.479041601017519,109.42328477063856,103.50711836656848,-387930000,-6131528.0
2022-12-20,101.9588623046875,103.99249040722982,101.72776788156033,103.6689596253402,12435983,103.91988252707682,104.72909162334314,0.6546074948198992,1.5061995698489095,-0.8515920750290102,32.047424983100996,106.25721626281738,1.7901117043489558,109.8374396715153,102.67699285411946,-400365983,-12435983.0
2022-12-21,102.37483978271484,102.9756867540049,101.95887260006018,102.42106149298439,11903153,103.40486827895617,104.50487716233091,0.4036802248730851,1.2856957008537446,-0.8820154759806595,25.163399045391373,106.03305511474609,1.9813919163841724,109.99583894751444,102.07027128197774,-388462830,11903153.0
2022-12-22,104.08492279052734,104.2235808495961,103.29920319239348,103.29920319239348,5023151,103.63155311614656,104.46488150787343,0.33890131912914967,1.0963368245088259,-0.7574355053796762,35.40364551293092,105.84355773925782,1.977200517858187,109.79795877497419,101.88915670354145,-383439679,5023151.0
2022-12-23,102.32861328125,102.65215113310263,102.05130418994524,102.32861328125,5985362,103.19723983784772,104.26142739105214,0.14418202962527005,0.9059058655321147,-0.7617238359068447,31.092402004529518,105.56624488830566,2.0643295247043096,109.69490393771429,101.43758583889704,-389425041,-5985362.0
2022-12-26,102.6983642578125,102.79080062020277,102.32861175580898,102.42105517064165,4030170,103.030947977836,104.1125642355055,0.019476886068815702,0.7286200696394549,-0.7091431835706392,36.956494992494896,105.41603393554688,2.1609276258965116,109.7378891873399,101.09417868375385,-385394871,4030170.0
2022-12-27,103.1605453491211,103.76139223804806,102.97567263827058,102.97567263827058,4127175,103.0741471015977,104.02189577013556,-0.04157938591313837,0.5745801785289363,-0.6161595644420746,40.56600835324054,105.24040145874024,2.195838116633333,109.6320776920069,100.84872522547357,-381267696,4127175.0
2022-12-28,101.68154907226562,102.14373793168501,101.12692385145083,102.14373793168501,12175351,102.60994775848701,103.79900560843366,-0.2069242662645081,0.4182792895702474,-0.6252035558347555,39.93807005269514,104.94691162109375,2.2619813904321764,109.4708744019581,100.4229488402294,-393443047,-12175351.0
2022-12-29,101.21935272216797,101.31178907672269,100.20253871718249,100.94203660606202,13853556,102.146416079714,103.55332438117026,-0.37098022875541403,0.26042738590511516,-0.6314076146605292,31.543524899502955,104.53787460327149,2.151282127072329,108.84043885741615,100.23531034912683,-407296603,-13853556.0
2022-12-30,101.86642456054688,102.37483514068755,101.86642456054688,102.23617706860897,8643162,102.05308557332496,103.3926672553966,-0.4436681412778114,0.11960828046852985,-0.5632764217463413,37.24131453795647,104.20972023010253,2.023160355786483,108.2560409416755,100.16339951852957,-398653441,8643162.0
2023-01-03,102.37483978271484,102.51349786108067,100.2487680542863,101.31180391850057,14810634,102.16033697645493,103.2957313056174,-0.4550039736363516,0.004685829647553569,-0.4596898032839052,40.893450127462316,103.90005416870117,1.7803503130369271,107.46075479477503,100.33935354262732,-383842807,14810634.0
2023-01-04,102.14373016357422,102.42104627911267,101.7739776936702,101.9588574548431,13754853,102.15480137216136,103.1860169111371,-0.47713618828021254,-0.09167857393799965,-0.3854576143422129,33.95514252172103,103.67820320129394,1.7035178302189293,107.0852388617318,100.27116754085608,-397597660,-13754853.0
2023-01-05,102.88323974609375,103.25298518024113,102.55970191255166,102.83701804060428,12070904,102.39761416347216,103.15718099065678,-0.43004657564030424,-0.15935217427846057,-0.27069440136184364,37.234079293730765,103.52568130493164,1.6257310935675886,106.77714349206681,100.27421911779646,-385526756,12070904.0
2023-01-06,103.34542846679688,103.7151739004991,102.74458155836764,102.79079621135938,11586780,102.7135522645804,103.17510932171774,-0.3513824333091833,-0.19775822608460514,-0.15362420722457815,45.275596691825875,103.45866432189942,1.6028575520786734,106.66437942605677,100.25294921774207,-373939976,11586780.0
2023-01-09,107.04293823242188,107.04293823242188,105.28661922882686,105.3790555863967,14998076,104.15668092052758,103.54347397988003,0.009211419430968704,-0.1563642969814904,0.1655757164124591,60.747683736505714,103.49563941955566,1.6786718298135246,106.8529830791827,100.13829575992861,-358941900,14998076.0
2023-01-10,107.45890808105469,107.59756614713159,106.99671922909316,107.18159194890089,11974270,105.25742330736995,103.91637246570619,0.32480577723022463,-0.06013028213914741,0.38493605936937203,70.58821177497367,103.60425338745117,1.86102347406206,107.32630033557528,99.88220643932705,-346967630,11974270.0
2023-01-11,107.55134582519531,107.92109832201186,107.13537867405313,107.8286619609183,15602476,106.02206414664508,104.26256040470516,0.575738774728265,0.06704352923433507,0.5086952454939299,69.85811513635616,103.74059867858887,2.045838415412553,107.83227550941398,99.64892184776376,-331365154,15602476.0
2023-01-12,107.08915710449219,107.78244039224562,106.9042843820682,107.69000403103362,9954227,106.37776179926078,104.53176009039916,0.7289078204073434,0.19941638746893672,0.5294914329384066,62.7451056549324,103.78912811279297,2.115539534723249,108.02020718223946,99.55804904334647,-341319381,-9954227.0
2023-01-13,108.33706665039062,109.63119687708998,108.1059722189244,109.53876051499196,28483387,107.03086341630407,104.89417023896978,0.9401537564907585,0.3475638612733011,0.5925898952174574,76.63927217424954,103.89543190002442,2.289874262082026,108.47518042418847,99.31568337586037,-312835994,28483387.0
2023-01-16,109.16899871826172,109.58497289094556,109.07656236403479,109.16899871826172,27599371,107.7435751836233,105.3012967608071,1.1613107801299805,0.510313245044637,0.6509975350853434,77.55896889327923,104.13114776611329,2.5753228329398974,109.28179343199308,98.9805021002335,-285236623,27599371.0
2023-01-17,109.16899871826172,109.40009313004992,108.89168965558093,109.40009313004992,14056586,108.21871636183613,105.66964932818374,1.3213476416122205,0.6725201243581538,0.6488275172540667,76.63927217424954,104.39690628051758,2.8088577058802997,110.01462169227818,98.77919086875698,-285236623,0.0
2023-01-30,114.0839614868164,114.3675202065183,113.42233408910904,114.17848586751556,43332321,110.17379807016289,106.47101239091066,1.8237513563150713,0.9027663707495374,0.920984985565534,92.14665169832747,105.00316123962402,3.4826489408491357,111.9684591213223,98.03786335792574,-241904302,43332321.0
2023-01-31,111.8155288696289,113.98945277423573,111.8155288696289,113.98945277423573,21612576,110.7210416699849,106.98001396031239,2.015631421377094,1.1253393808750487,0.8902920405020454,82.07145370860431,105.47519569396972,3.738082662080945,112.95136101813162,97.99903036980783,-263516878,-21612576.0
2023-02-01,112.4771499633789,112.90248083926545,111.95729470511942,112.57166713455393,6540910,111.30641110111624,107.5035507225092,2.1957735377062733,1.3394262122412937,0.8563473254649796,82.0872299299224,105.89480705261231,4.033184772551377,113.96117659771507,97.82843750750955,-256975968,6540910.0
2023-02-02,114.36752319335938,114.46204036532916,113.65863358678897,113.70589577837285,15544511,112.32678179853062,108.15726238639971,2.4626864672765265,1.5640782632483403,0.8986082040281862,83.46892758819659,106.49675254821777,4.358219228166491,115.21319100455075,97.78031409188479,-241431457,15544511.0
2023-02-03,114.36752319335938,114.55655753729896,113.61137139520507,114.32026100177548,9507278,113.00702893014022,108.74871579658635,2.64374148084552,1.7800109067677763,0.8637305740777439,84.5597069559144,107.08021049499511,4.597483495892204,116.27517748677953,97.8852435032107,-241431457,0.0
2023-02-06,112.71345520019531,113.5168620340157,112.71345520019531,113.5168620340157,13379869,112.9091710201586,109.1263100255015,2.6235171475107535,1.9487121549163717,0.6748049925943818,76.42588701850701,107.55785598754883,4.664575357932384,116.8870067034136,98.22870527168406,-254811326,-13379869.0
2023-02-07,112.4771499633789,112.71344649691542,112.05181908749236,112.57166713455393,8300862,112.76516400123204,109.44543763863268,2.5589236805934803,2.0707544600517935,0.48816922054168677,74.8499654732695,108.09763603210449,4.5725049132648445,117.24264585863418,98.9526262055748,-263112188,-8300862.0
2023-02-08,114.22574615478516,114.32026332867876,113.4223393598922,113.51685653378583,8914930,113.25202471908308,109.9007051163615,2.618643894937506,2.180332347028936,0.43831154790856974,71.86574329336581,108.74795570373536,4.466441308790527,117.68083832131641,99.8150730861543,-254197258,8914930.0
2023-02-09,114.27301025390625,114.36752742937682,113.70589998988453,113.89493434082569,4849245,113.59235323069082,110.317115129461,2.639361496476667,2.2721381769184825,0.36722331955818444,71.21967931636148,109.36828498840332,4.319523912678914,118.00733281376114,100.7292371630455,-249348013,4849245.0
2023-02-10,114.36752319335938,114.46204036532916,113.98944729428221,114.27300602138958,6217975,113.850743218247,110.70286827840371,2.6330545356278066,2.3443214486603474,0.28873308696745914,71.22339859443476,109.96791915893554,4.125659971621892,118.21923910217933,101.71659921569176,-243130038,6217975.0
2023-02-13,114.1312255859375,114.27300494815961,113.32781881494275,114.0839633947975,3830591,113.9442373408105,111.02937849816884,2.5792569134518573,2.3913085416186495,0.18794837183320778,72.23959698684637,110.56729393005371,3.785919331252953,118.13913259255962,102.9954552675478,-246960629,-3830591.0
2023-02-14,114.98189544677734,115.12367481010762,114.60381954829595,114.60381954829595,7617257,114.29012337613278,111.40580868375059,2.575574242088095,2.4281616817125387,0.14741256037555628,71.52514876914202,111.17222671508789,3.4447187864261,118.06166428794009,104.28278914223569,-239343372,7617257.0
2023-02-15,112.33537292480469,113.65863498222194,112.28811794383861,113.37507625163322,12271248,113.63853989235676,111.49433861147003,2.332219079100568,2.4089731611901444,-0.07675408208957624,59.17809515763998,111.62172393798828,2.915555792924023,117.45283552383633,105.79061235214023,-251614620,-12271248.0
2023-02-16,113.70589447021484,113.89492881197964,112.7607083389951,112.7607083389951,11010019,113.66099141830946,111.70496297896953,2.22430756096243,2.3720400411446017,-0.14773248018217178,62.182759835776736,111.95487174987792,2.7402226669990055,117.43531708387593,106.47442641587992,-240604601,11010019.0
2023-02-17,112.24085235595703,112.76070760924271,111.91003865441063,112.76070760924271,7883024,113.18761173085866,111.75600006249215,1.9975438090220905,2.2971407947200997,-0.2995969856980092,43.92524210517845,112.19396896362305,2.527660985275853,117.24929093417475,107.13864699307135,-248487625,-7883024.0
2023-02-20,112.4771499633789,112.80796366809044,111.62648100040789,112.05181908749236,5841110,112.95079114169874,111.82468100543375,1.8159658203842923,2.200905799852938,-0.3849399794686459,52.51794968281731,112.44025917053223,2.2792588318181335,116.9987768341685,107.88174150689596,-242646515,5841110.0
2023-02-21,112.42988586425781,112.5716652242133,112.05181718597355,112.47714805464224,4443038,112.77715604921843,111.882319563417,1.649238740805032,2.090572388043357,-0.4413336472383249,49.811301904160246,112.70729560852051,1.900762184050792,116.50881997662209,108.90577124041893,-247089553,-4443038.0
2023-02-22,111.20115661621094,111.29567379290367,110.68130132760338,111.05937724557266,10887622,112.2518229048826,111.81744690177833,1.4017990804265992,1.9528177265200053,-0.5510186460934061,36.6534215597239,112.85050010681152,1.6448395166813699,116.14017914017427,109.56082107344878,-257977175,-10887622.0
2023-02-23,112.855224609375,113.23330050108571,111.4847004033234,111.4847004033234,6197695,112.45295680638007,111.91628287393038,1.3239096242522947,1.8270361060664633,-0.5031264818141685,44.405590458288884,113.0348114013672,1.3987137034114694,115.83223880819013,110.23738399454426,-251779480,6197695.0
2023-02-24,112.28812408447266,113.51686182475687,112.28812408447266,113.32782746815882,5497731,112.39801256574428,111.95169632255346,1.2025590440750449,1.7021406936681798,-0.4995816495931349,48.28898318661804,113.19076766967774,1.0833230444466513,115.35741375857104,111.02412158078444,-257277211,-5497731.0
2023-03-01,112.80796813964844,112.90248531457,110.44500271061852,110.87034081456284,7467318,112.53466442371234,112.03324601941965,1.1352484680633097,1.588762248547206,-0.45351378048389623,51.301129520015515,113.12696800231933,1.065376629427342,115.25772126117401,110.99621474346465,-249809893,7467318.0
2023-03-02,112.71345520019531,112.80797237866857,111.81553118790166,112.80797237866857,3481231,112.59426134920668,112.09802784616019,1.0620354635614149,1.4834168915500479,-0.421381427988633,43.16240525043826,113.17186431884765,1.0253709609102353,115.22260624066813,111.12112239702718,-253291124,-3481231.0
2023-03-03,112.80796813964844,113.51685776835741,112.66618877166701,113.23330624359275,3100937,112.6654969460206,112.16564120744479,1.0001113729985036,1.386755787839739,-0.38664441484123535,43.404214685725904,113.18840522766114,1.0162015678194505,115.22080836330004,111.15600209202223,-250190187,3100937.0
2023-03-06,113.89494323730469,114.27301917991726,113.32783292898526,113.56412949171826,9341212,113.07531237644864,112.33033663886002,1.0269083312252292,1.314786296516837,-0.2878779652916079,48.04692525205643,113.1647762298584,0.9925606727744531,115.14989757540731,111.1796548843095,-240848975,9341212.0
2023-03-07,114.65108489990234,114.74560207432835,113.61137434762175,113.94219527491002,7468595,113.60056988426655,112.55136028276881,1.0965194330491101,1.2711329238232918,-0.17461349077418165,52.05995792956376,113.17895431518555,1.0124709205959834,115.20389615637751,111.15401247399359,-233380380,7468595.0
2023-03-08,113.70589447021484,113.98944598286204,113.23330140460497,113.89492881197964,6181964,113.63567807958265,112.66131591966844,1.0631622912773793,1.2295387973141094,-0.16637650603673015,44.981401707514095,113.22857627868652,1.0127757493689962,115.25412777742451,111.20302477994852,-239562344,-6181964.0
2023-03-09,113.61138153076172,114.17849903557041,113.61138153076172,114.13123683977014,3277171,113.62757922997568,112.75179835882018,1.0173724751604993,1.1871055328833875,-0.16973305772288816,56.27912913871233,113.28528785705566,1.0001619327558837,115.28561172256744,111.28496399154389,-242839515,-3277171.0
2023-03-10,111.8155288696289,112.42989412256667,111.53197012888968,112.33537694605305,13137171,113.02356244319343,112.66262983604005,0.8266443730394002,1.11501330091459,-0.28836892787518975,41.071425997489065,113.16477699279785,1.0257584163672369,115.21629382553233,111.11326016006338,-255976686,-13137171.0
2023-03-13,112.28812408447266,112.57167561936971,110.96486195469095,111.4847100409348,18735759,112.77841632361985,112.62696262160506,0.7054929782820523,1.0331092363880825,-0.32761625810603023,50.24637123325582,113.06553268432617,1.0087714506056649,115.0830755855375,111.04798978311484,-237240927,18735759.0
2023-03-14,111.05937957763672,111.48471048728443,110.72856584666643,111.10664177257468,11046532,112.2054040749588,112.47766899836998,0.5045144835162176,0.9273902858137095,-0.4228758022974919,43.30358751569331,112.90012550354004,1.0542409902349417,115.00860748400993,110.79164352307015,-248287459,-11046532.0
2023-03-15,111.15389251708984,112.1935958652861,111.01211314888167,111.91004434006797,12214360,111.85490022233583,112.35159504777188,0.3488427408097152,0.8116807768129106,-0.4628380360031954,44.000008610007555,112.75125885009766,1.0811191536718088,114.91349715744127,110.58902054275404,-236073099,12214360.0
2023-03-16,110.63404083251953,110.96485454006049,110.11418556981376,110.77581298489567,15606395,111.44794709239707,112.18801845584309,0.18143263432682488,0.6856311483156935,-0.5041985139888686,47.14282529464266,112.53386611938477,1.0455226440312573,114.62491140744729,110.44282083132225,-251679494,-15606395.0
2023-03-17,112.42988586425781,112.42988586425781,111.34292759739388,111.39018257658051,10849803,111.77526001635066,112.21105344712069,0.19146155475009152,0.5867972296025731,-0.39533567485248156,47.887290851268304,112.53859176635743,1.0447915958101672,114.62817495797776,110.44900857473709,-240829691,10849803.0
2023-03-20,111.62648010253906,112.52441124947404,111.39018357090322,112.42988686786141,7107479,111.72566671174681,112.15537979525577,0.1330477244631254,0.49604732857468353,-0.3629996041115581,46.7889147336765,112.43462104797364,1.025807870952443,114.48623678987852,110.38300530606875,-247937170,-7107479.0
2023-03-21,112.14633178710938,112.24084895451576,111.72099371698421,112.00455243040098,3591870,111.86588840353434,112.15451808019421,0.12723533968022593,0.42228493079579205,-0.2950495911155661,46.78895413849538,112.42989501953124,1.0269646552386356,114.48382433000852,110.37596570905397,-244345300,3591870.0
2023-03-22,114.27301025390625,114.27301025390625,112.90248597038898,112.90248597038898,14242127,112.66826235365832,112.35627923959537,0.2908810658804981,0.3960041578127333,-0.10512309193223518,56.3218348147186,112.51968803405762,1.1067271971041706,114.73314242826596,110.30623363984928,-230103173,14242127.0
2023-03-23,115.17093658447266,115.5962746995546,113.84767446732614,114.03671603331759,15532979,113.50248709726311,112.62434184386939,0.48740809635745563,0.41428494552167777,0.07312315083577786,58.992819541995374,112.65674057006837,1.2548315714454354,115.16640371295924,110.14707742717749,-214570194,15532979.0
2023-03-24,115.50174713134766,115.59627151734044,114.88738188958372,115.31271278175848,13457394,114.16890710862464,112.89838044267684,0.662217202648705,0.46387139694708324,0.19834580570162175,56.4885086969622,112.8717700958252,1.35662171218141,115.58501352018801,110.15852667146238,-201112800,13457394.0
2023-03-27,114.79285430908203,115.21819240061846,114.55655777307223,115.07641303677299,10644595,114.37688950877711,113.07880652519161,0.7350794146033053,0.5181130004783276,0.21696641412497764,50.57467851774879,112.96865158081054,1.4229435260443966,115.81453863289934,110.12276452872175,-211757395,-10644595.0
2023-03-28,113.8004150390625,114.50930465864403,113.61137348045521,114.32026310003675,9741489,114.18473135220559,113.14753114556027,0.7046192751974871,0.5554142554221596,0.14920501977532752,50.38168785580092,113.04426612854004,1.4250569493433913,115.89438002722683,110.19415222985326,-221498884,-9741489.0
2023-03-29,113.98945617675781,114.41479430056275,113.56412526415141,114.03671837202454,3074427,114.11963962705633,113.2277144818648,0.6878048490381587,0.5818923741453594,0.10591247489279931,51.515153368193126,113.10334053039551,1.4391647917267099,115.98167011384893,110.22501094694209,-218424457,3074427.0
2023-03-30,114.55655670166016,115.02914976925975,114.13122582529971,114.74559825541876,11380614,114.26527865192429,113.35427088375006,0.7120317097427034,0.6079202412648282,0.10411146847787511,62.18484145922898,113.19549560546875,1.4715313572075062,116.13855831988376,110.25243289105374,-207043843,11380614.0
2023-03-31,114.93463897705078,115.64352861779477,114.74560462399839,115.02915615357699,14951640,114.4883987602998,113.50478213073107,0.7530589563686902,0.6369479842856006,0.11611097208308963,61.86439286667077,113.30182914733886,1.5181531691893526,116.33813548571757,110.26552280896016,-192092203,14951640.0
2023-04-06,114.36752319335938,114.36752319335938,113.61137139520507,114.2257438298057,7501419,114.448106904653,113.58694794621948,0.7313809365775512,0.6558345747439908,0.07554636183356045,65.76574611187587,113.3254581451416,1.5314895525622334,116.38843725026607,110.26247904001713,-199593622,-7501419.0
2023-04-07,114.36752319335938,114.79285407282242,114.1784888494198,114.60381972888284,4413859,114.42124566755513,113.6612884459471,0.7060619075494117,0.6658800413050749,0.04018186624433673,65.45454412035565,113.31128005981445,1.5198396323339494,116.35095932448235,110.27160079514655,-199593622,0.0
2023-04-10,114.36752319335938,114.98189562795999,114.27300602138958,114.60381972888284,3781028,114.40333817615655,113.7285488980816,0.6781787719000363,0.6683397874240673,0.009838984475968982,68.89951746570237,113.34436149597168,1.5359958033136796,116.41635310259905,110.27236988934432,-199593622,0.0
2023-04-11,114.22574615478516,114.50930488766413,113.8004152666648,114.36752552122464,5941498,114.34414083569943,113.77590101776765,0.63729462810727,0.6621307555607079,-0.024836127453437884,60.91957755508568,113.37507972717285,1.5477155673578928,116.47051086188863,110.27964859245706,-205535120,-5941498.0
2023-04-12,113.94219207763672,114.22574359295815,113.56411617934351,114.22574359295815,2892170,114.2101579163452,113.7917382615647,0.5753805762109891,0.6447807196907642,-0.06940014347977508,65.03070765775001,113.48141288757324,1.507460897496969,116.49633468256718,110.4664910925793,-208427290,-2892170.0
2023-04-13,112.94975280761719,113.56412529023306,112.94975280761719,113.46960811087644,6550004,113.79002288010254,113.71154917071254,0.4411464276728907,0.6040538612871895,-0.16290743361429882,54.913374628835065,113.51449432373047,1.48701689079732,116.48852810532512,110.54046054213583,-214977294,-6550004.0
2023-04-14,114.03671264648438,114.27300918855698,113.28056082737272,113.42234019485593,3090804,113.87225280222982,113.74251712078606,0.4176589602358973,0.5667748810769311,-0.14911592084103376,48.34435953249486,113.66336097717286,1.3729542367273493,116.40926945062756,110.91745250371815,-211886490,3090804.0
2023-04-17,113.75315856933594,113.89493794262455,113.23331048220902,113.75315856933594,5689168,113.83255472459854,113.74353059207652,0.37187775355134534,0.527795455571814,-0.15591770202046862,39.1304144376425,113.79332427978515,1.2394371779093225,116.2721986356038,111.3144499239665,-217575658,-5689168.0
2023-04-18,113.37508392333984,113.80042204800412,113.1860495642881,113.7531598526419,4834638,113.68006445751232,113.70844043314922,0.30161156283813284,0.4825586770250777,-0.18094711418694487,33.812960502476145,113.93037643432618,1.0001598050206153,115.93069604436741,111.93005682428495,-222410296,-4834638.0
2023-04-19,112.52442169189453,113.46960790615253,112.28812513833003,113.42234571096023,7784785,113.29485020230639,113.59567674350592,0.1752634398240076,0.42109962958486374,-0.24583618976085614,33.098642789092295,113.935103225708,0.9928921871764652,115.92088760006094,111.94931885135507,-230195081,-7784785.0
2023-04-20,112.38263702392578,112.8552301087941,111.91004393905746,112.33537483095968,6407963,112.99077914284621,113.48014915116495,0.06296498315360566,0.3494727002986121,-0.28650771714500645,37.90321845694771,113.97291107177735,0.9114096926745975,115.79573045712654,112.15009168642815,-236603044,-6407963.0
2023-04-21,112.09908294677734,112.99701417205938,112.00456576811567,112.90248978219923,4806238,112.69354707748992,113.34861903646137,-0.04835538629687619,0.2699070829795145,-0.3182624692763907,34.126938368125636,113.97054862976074,0.9164408634075435,115.80343035657583,112.13766690294565,-241409282,-4806238.0
2023-04-24,111.67375946044922,112.00457321335436,111.24842131140065,111.34294570754409,6558848,112.3536178718097,113.18910860065068,-0.16895008051592697,0.18213565028042622,-0.3510857307963532,25.203371544521232,113.8405860900879,1.0463813707037655,115.93334883149542,111.74782334868037,-247968130,-6558848.0
2023-04-25,110.20870208740234,111.81552284637146,110.16144710729021,111.81552284637146,18527751,111.63864594367392,112.9052603612937,-0.37837841964267227,0.0700328362958065,-0.44841125593847875,15.753368613566437,113.59247436523438,1.2771869973339625,116.14684835990231,111.03810037056645,-266495881,-18527751.0
2023-04-26,109.73612213134766,110.20871525612624,109.31079120352645,110.16146027036766,12953105,111.00447133956519,112.60343767272741,-0.5758471328928607,-0.05914315754192695,-0.5167039753509337,15.972205872955556,113.30419311523437,1.4610186491725614,116.22623041357949,110.38215581688925,-279448986,-12953105.0
2023-04-27,109.64159393310547,110.25596637583232,109.16900085580761,109.68885612531449,9460850,110.5501788707453,112.32135731657294,-0.7315374382005899,-0.19362201367365955,-0.5379154245269304,15.753386032594818,113.04663009643555,1.6291534905100213,116.30493707745559,109.78832311541551,-288909836,-9460850.0
2023-04-28,110.96485137939453,111.10663073893028,110.44499613149604,110.44499613149604,5640935,110.68840304029504,112.19216627493691,-0.739621414584434,-0.3028218938558145,-0.4367995207286195,29.310301636916776,112.90485191345215,1.68260873021269,116.27006937387753,109.53963445302676,-283268901,5640935.0
2023-05-02,111.24840545654297,111.53196418216324,110.68129521650037,111.01210892225873,5164549,110.87507051237769,112.10228429223272,-0.7149065817840352,-0.38523883144145865,-0.32966775034257656,32.20333417852211,112.7677993774414,1.7011459163389662,116.17009121011934,109.36550754476347,-278104352,5164549.0
2023-05-03,110.77581787109375,110.91759724092161,110.39774916648389,110.91759724092161,4178432,110.84198629861638,111.97595415688616,-0.7250953198049359,-0.45321012911415415,-0.27188519069078176,31.491670821519136,112.57876243591309,1.7019754682550121,115.98271337242312,109.17481149940306,-282282784,-4178432.0
2023-05-04,111.05937957763672,111.05937957763672,110.30322772582022,110.58678647305102,3707200,110.91445072495651,111.88866133981479,-0.7021944477061339,-0.5030069928325501,-0.1991874548735838,37.95179258265136,112.38499946594239,1.6390815402888783,115.66316254652014,109.10683638536463,-278575584,3707200.0
2023-05-05,111.34294128417969,111.5792378427529,110.9648653482228,111.24841689179145,2218751,111.05728091136424,111.83668800118288,-0.653629645993334,-0.5331315234647069,-0.12049812252862702,30.87256030042407,112.2337703704834,1.5851823364611477,115.40413504340569,109.06340569756111,-276356833,2218751.0
2023-05-08,112.05182647705078,112.38264020357872,111.86278491103597,112.00456428274748,6011209,111.38879609992644,111.85717737983697,-0.5515822828725732,-0.5368216753462802,-0.014760607526292935,38.60761757045748,112.11798553466797,1.5035980997150986,115.12518173409816,109.11078933523777,-270345624,6011209.0
2023-05-09,112.38263702392578,112.4771541986598,111.81552676432344,112.09907828852552,4636210,111.72007640792623,111.90722115546448,-0.4389553617836839,-0.517248412633761,0.0782930508500771,43.31208946690851,112.01874122619628,1.4098893152055643,114.8385198566074,109.19896259578516,-265709414,4636210.0
2023-05-10,111.34294128417969,112.28812751847256,111.20116190679602,112.28812751847256,4075119,111.59436470001071,111.85348021534213,-0.42865124772758634,-0.4995289796525261,0.07087773192493974,42.23603294117175,111.87460098266601,1.3166599759319306,114.50792093452988,109.24128103080214,-269784533,-4075119.0
2023-05-11,111.10663604736328,111.957297822825,111.10663604736328,111.76826347521087,3684964,111.43178848246158,111.78235219934415,-0.43454386959231783,-0.48653195764048446,0.051988088048166625,41.71778837297288,111.73282318115234,1.2322656638124554,114.19735450877725,109.26829185352743,-273469497,-3684964.0
2023-05-12,110.77581787109375,111.05937661074945,110.3504869728085,110.72856288861666,3813349,111.21313161200564,111.68649178712982,-0.4605985831820192,-0.4813452827487914,0.02074669956677222,41.46338582328372,111.62412643432617,1.2150316532656695,114.05418974085751,109.19406312779483,-277282846,-3813349.0
2023-05-15,110.77581787109375,110.91759724092161,110.25596979665603,110.53952132511344,4119699,111.06736036503503,111.59976093798353,-0.47576283362201366,-0.4802287929234359,0.00446595930142224,43.870875684413235,111.46108169555664,1.0862082746116586,113.63349824477996,109.28866514633333,-277282846,0.0
2023-05-16,112.09908294677734,112.4771588726225,111.39019329001711,111.4374554849472,7901469,111.41126789228247,111.64731541501152,-0.37666225076551996,-0.45951548449185275,0.0828532337263328,63.15796181591089,111.37837791442871,0.9578965660525526,113.29417104653382,109.4625847823236,-269381377,7901469.0
2023-05-17,113.94219207763672,114.08396422969845,112.14633696914247,112.14633696914247,26029906,112.25490928740055,111.8658750971663,-0.14769824805138398,-0.397152037203759,0.24945378915237504,74.58557129886138,111.40673332214355,1.026080390519409,113.45889410318237,109.35457254110473,-243351471,26029906.0
2023-05-18,115.4544906616211,115.69078720116137,114.93463539015323,115.12367694850431,21973555,113.32143641214074,112.20764800806676,0.15401187756158663,-0.28691925425068987,0.4409311318122765,79.14693973735513,111.55323677062988,1.3516038302972653,114.25644443122441,108.85002911003535,-221377916,21973555.0
2023-05-19,115.7853012084961,116.1161149125665,115.50174248432266,115.87981837948794,34124626,114.14272467759254,112.54837688429812,0.41502877883173994,-0.1465296476342039,0.5615584264659439,76.84212315090957,111.7233699798584,1.6440224069392304,115.01141479373686,108.43532516597995,-187253290,34124626.0
2023-05-22,115.59627532958984,115.92708905787991,115.40723376256807,115.78530968541318,17984026,114.62724156159166,112.83865292670686,0.5997205398704466,0.0027203898667262083,0.5970001500037204,74.46820203685576,111.89822959899902,1.8581272646658034,115.61448412833063,108.18197506966742,-205237316,-17984026.0
2023-05-23,115.50174713134766,115.9270852347206,115.1236784321693,115.59627151734044,12265703,114.918743418177,113.09228094619645,0.7300469289741045,0.14818569768820186,0.5818612312859026,77.77776781253952,112.08962898254394,2.0235765495334137,116.13678208161078,108.04247588347711,-217503019,-12265703.0
2023-05-24,114.93463897705078,115.12368054130151,114.46204588322146,114.98190117091305,10879828,114.9240419378016,113.26774361580162,0.7785954787384952,0.2742676538982605,0.5043278248402348,72.0430116859581,112.32592582702637,2.0678217740355995,116.46156937509757,108.19028227895517,-228382847,-10879828.0
2023-05-25,116.30516052246094,116.6359742380701,115.73804305433306,116.25789832971756,11442859,115.38441479935473,113.55702141643583,0.9170885629029897,0.40283183569920633,0.5142567272037833,75.11961020282368,112.65437774658203,2.154694546728651,116.96376684003933,108.34498865312473,-216939988,11442859.0
2023-05-26,119.04619598388672,119.14072037044625,118.14827200115722,118.14827200115722,23780520,116.60500852753206,114.07979994666925,1.2338014882977149,0.5690257662189081,0.6647757220788068,79.36507834821714,113.12460784912109,2.4662736678476715,118.05715518481644,108.19206051342574,-193159468,23780520.0
2023-05-29,119.80235290527344,120.558504762725,119.56605635121964,120.46398037214465,14498868,117.6707899867792,114.62480499034584,1.528198190090265,0.7608602509931796,0.7673379390970855,80.07664849625571,113.56648292541504,2.824612406155115,119.21570773772527,107.91725811310482,-178660600,14498868.0
2023-05-30,119.80235290527344,120.0859116546174,119.51879415592947,119.80235290527344,12123804,118.38131095961062,115.11790479176751,1.741435512690245,0.9569753033325927,0.7844602093576523,87.44765126420508,113.99418029785156,3.090259400296753,120.17469909844506,107.81366149725805,-178660600,0.0
2023-05-31,119.23523712158203,119.75508518981862,118.29005094893563,119.75508518981862,8865297,118.6659530136011,115.51003168032128,1.8434163665958465,1.1342635159852437,0.7091528506106028,84.95933892280958,114.41715126037597,3.2034281906317883,120.82400764163955,108.0102948791124,-187525897,-8865297.0
2023-06-01,118.29004669189453,118.71537756979924,118.0537501572368,118.47908103514152,3879343,118.54065090636558,115.77479501475682,1.826908495730919,1.2727925119343788,0.5541159837965401,80.69496360815612,114.77868461608887,3.2125383657947855,121.20376134767844,108.3536078844993,-191405240,-3879343.0
2023-06-02,119.80235290527344,120.03864945932723,118.90442888434845,118.90442888434845,7942819,118.96121823933487,116.15837195671078,1.913795320528152,1.4009930736531335,0.5128022468750184,82.81786388721844,115.20165519714355,3.292275495847578,121.7862061888387,108.6171042054484,-183462421,7942819.0
2023-06-05,119.42426300048828,119.8496010747275,119.32974583216769,119.80233888496835,6360122,119.11556649305268,116.4694091989753,1.9298983923319781,1.5067741373889025,0.4231242549430756,78.59768222374989,115.57027702331543,3.333512731978165,122.23730248727176,108.90325155935909,-189822543,-6360122.0
2023-06-06,119.75508117675781,120.27493643877197,119.23523312594163,119.42426746965697,6592414,119.32873805428773,116.7823303397165,1.946911669005118,1.5948016437121457,0.3521100252929723,75.73212091655358,115.93889923095703,3.3698955625592815,122.67869035607559,109.19910810583848,-183230129,6592414.0
2023-06-07,121.07835388183594,121.22012603806812,120.03864332814543,120.03864332814543,12076543,119.91194333013713,117.19147543896597,2.0436143474987887,1.6845641844694745,0.35905016302931414,75.31907702432466,116.42566986083985,3.3742053854916967,123.17408063182324,109.67725908985645,-171153586,12076543.0
2023-06-08,119.89685821533203,121.17285803866378,119.6133067052571,120.88930652858886,5140735,119.90691495853544,117.44913094147702,2.0018391353439426,1.7480191746443683,0.25381996069957435,67.19357778027342,116.86518096923828,3.213569955193169,123.29232087962463,110.43804105885194,-176294321,-5140735.0
2023-06-09,120.79479217529297,121.17286086420879,120.41671627517914,120.5112334474081,5551953,120.20287403078795,117.76776534469758,2.0179263461557753,1.8020006089466498,0.21592573720912545,70.52223297122707,117.36612968444824,2.9873074856780986,123.34074465580444,111.39151471309204,-170742368,5551953.0
2023-06-12,121.92901611328125,122.21257484918677,121.45642302757085,121.45642302757085,13721287,120.77825472495239,118.16407494170555,2.0980133770740252,1.861203162572125,0.2368102145019002,73.44816817405255,117.92378959655761,2.7214948048094403,123.36677920617649,112.48079998693873,-157021081,13721287.0
2023-06-13,124.33924865722656,124.71731737180329,123.06324150633536,123.06324150633536,23438202,121.96525270237711,118.75218672413612,2.329119904779702,1.9547865110136406,0.37433339376606156,80.24302746031691,118.53579788208008,2.718977846366959,123.973753574814,113.09784218934615,-133582879,23438202.0
2023-06-14,124.29197692871094,124.38650131130329,123.81938386054094,124.19745254611858,6676993,122.74082744448839,119.27978579123848,2.479872631564618,2.059803735123836,0.4200688964407817,78.07288532478636,119.05328712463378,2.782846428604423,124.61897998184263,113.48759426742494,-140259872,-6676993.0
2023-06-15,124.67005920410156,124.76458359699765,124.29199047731207,124.33925267376011,11041119,123.38390469769278,119.7931451638921,2.599883494956444,2.1678196870903577,0.43206380786608634,73.70499504438189,119.51406555175781,2.915393880504417,125.34485331276665,113.68327779074897,-129218753,11041119.0
2023-06-16,124.33924865722656,124.57554520943627,123.91391774772849,124.57554520943627,7202216,123.70235268420404,120.22610740135252,2.6378913529063936,2.261834020253565,0.3760573326528287,69.8345618891965,119.94176292419434,2.9665780012908023,125.87491892677593,114.00860692161274,-136420969,-7202216.0
2023-06-19,124.05569458007812,124.29199114118303,123.39406709346387,123.77213582227272,5978996,123.82013331616209,120.59082998980259,2.6149884508107846,2.3324649063650087,0.2825235444457759,68.14503949965369,120.36473388671875,2.9170478790862706,126.19882964489129,114.53063812854622,-142399965,-5978996.0
2023-06-20,123.3940658569336,124.05569333691767,123.20503149442348,123.91392117063444,6528969,123.6781108297526,120.85780483429126,2.5144646441795118,2.3688648539279096,0.1455997902516022,67.59991579512904,120.75934982299805,2.7538296349504146,126.26700909289887,115.25169055309722,-148928934,-6528969.0
2023-06-21,123.3940658569336,123.86665897440756,123.11050710196973,123.3940658569336,26565515,123.58342917214627,121.09935350311434,2.4070518082811674,2.3765022447985613,0.030549563482606068,73.47815283888157,121.18232116699218,2.444374341346919,126.07106984968603,116.29357248429834,-148928934,0.0
2023-06-26,122.63790130615234,123.20501875745128,122.30708038916197,123.20501875745128,7393403,123.26825321681497,121.24588186530843,2.2351448438166557,2.3482307646021803,-0.1130859207855246,64.01852132645648,121.49895820617675,2.17462870139092,125.8482156089586,117.14970080339491,-156322337,-7393403.0
2023-06-27,121.8344955444336,122.44887522854437,121.64546118870601,122.07079209469231,6574049,122.79033399268786,121.3019403109394,2.0108988155228076,2.280764374786306,-0.2698655592634984,61.43493992126566,121.6383731842041,2.0971032885444374,125.83257976129298,117.44416660711522,-162896386,-6574049.0
2023-06-28,122.02354431152344,122.59064737865494,121.73998556675924,122.25984086176078,5695853,122.53473743229974,121.37066450147121,1.82737207032514,2.1900859138940727,-0.36271384356893277,60.909088240732856,121.7494327545166,2.053106806552986,125.85564636762257,117.64321914141064,-157200533,5695853.0
2023-06-29,121.97628021240234,123.34679729789968,121.83449363103574,122.63790765825658,5696517,122.34858502566728,121.42834218822657,1.6589882014190351,2.0838663713990653,-0.42487816998003014,54.922239053535556,121.85812911987304,2.0014960911667017,125.86112130220644,117.85513693753964,-162897050,-5696517.0
2023-06-30,122.02354431152344,122.02354431152344,121.26739246628456,121.73998556675924,7029188,122.24023812095267,121.48502810473103,1.5119280248393636,1.9694787020871252,-0.45755067724776155,63.31361398930322,121.99754447937012,1.9039130392267023,125.80537055782352,118.18971840091672,-155867862,7029188.0
2023-07-03,123.53582763671875,123.53582763671875,122.49613151912878,122.49613151912878,6622825,122.6721012928747,121.68034234587272,1.500117974829962,1.8756065566356925,-0.3754885818057305,65.93396553605214,122.25983352661133,1.7185930092865505,125.69701954518443,118.82264750803823,-149245037,6622825.0
2023-07-04,123.81938934326172,123.96116150103204,123.39405844755424,123.58309279871351,5679670,123.05453064300372,121.88406110752882,1.4963900321840953,1.7997632517453732,-0.30337321956127794,62.195055926715966,122.46068534851074,1.6496227791064948,125.75993090672372,119.16143979029775,-143565367,5679670.0
2023-07-05,123.63036346435547,124.00843219258263,123.25228031373081,123.81939782846905,5000942,123.24647491678765,122.0503756177028,1.461337414048117,1.732078084205922,-0.270740670157805,43.58981434849499,122.67099037170411,1.5038122278694166,125.67861482744294,119.66336591596527,-148566309,-5000942.0
2023-07-06,120.8893051147461,122.59063578889149,120.70026356570922,122.59063578889149,16402276,122.46075164944048,121.93979747456406,1.1985611934422735,1.6253747060531925,-0.42681351261091893,29.31041681163454,122.72770156860352,1.4062852492277549,125.54027206705904,119.915131070148,-164968585,-16402276.0
2023-07-07,120.70027160644531,121.26738908013809,120.13316134395079,120.55849944922036,8020402,121.87392496844211,121.82174739188609,0.9639439750012571,1.4930885598428054,-0.5291445848415484,25.294146694446397,122.70879745483398,1.4319310294875984,125.57265951380919,119.84493539585878,-172988987,-8020402.0
2023-07-10,120.46397399902344,121.45642235802352,120.03864310870806,121.07835366049792,7871639,121.40394131196922,121.6924356401849,0.7502919978528411,1.3445292474448125,-0.5942372495919714,25.59524839092191,122.73715324401856,1.3779132207890459,125.49297968559665,119.98132680244046,-180860626,-7871639.0
2023-07-11,122.11805725097656,122.11805725097656,120.98383666670564,120.98383666670564,4540434,121.641979958305,121.73297103168886,0.7063001726319271,1.2168834324822355,-0.5105832598503084,39.59391819689649,122.80331649780274,1.3098254974323293,125.4229674926674,120.18366550293808,-176320192,4540434.0
2023-07-12,122.3543472290039,122.3543472290039,121.78724417855541,122.2125750719909,3439451,121.87943571520465,121.79214971714742,0.6826339810606754,1.1100335421979235,-0.4273995611372481,44.14887861879222,122.82458305358887,1.2982851190138704,125.4211532916166,120.22801281556113,-172880741,3439451.0
2023-07-13,123.72486114501953,124.67004729409499,123.67761337548261,124.10294425808735,15666309,122.49457752514294,121.97621747218287,0.7656415338871625,1.0411551405357713,-0.2755136066486088,51.612802433003864,122.79386367797852,1.2674623612207334,125.32878840042,120.25893895553705,-157214432,15666309.0
2023-07-14,125.0008773803711,125.23717393496537,124.24472552118999,124.24472552118999,14732246,123.330010810219,122.26428032058175,0.9237411506438065,1.0176723425573784,-0.09393119191357191,60.96493712473094,122.82930870056153,1.3203706633311187,125.47005002722376,120.18856737389929,-142482186,14732246.0
2023-07-17,124.76457977294922,124.95361413055005,124.52828322034894,124.76457977294922,15278402,123.8082004644624,122.50240407795008,1.0182314554805174,1.0177841651420063,0.0004472903385110971,64.3518476996804,122.8340347290039,1.3274562156237542,125.48894716025141,120.1791222977564,-157760588,-15278402.0
2023-07-18,124.52483367919922,125.62766611632402,124.38097642673293,125.62766611632402,10837561,124.04707820270802,122.6950164209262,1.061533499307231,1.0265340319750513,0.03499946733217962,62.19102163936182,122.84331398010254,1.3391291379457588,125.52157225599406,120.16505570421101,-168598149,-10837561.0
2023-07-19,123.46994018554688,125.14817238224363,123.46994018554688,124.81252008969489,14299678,123.85469886365432,122.76881868422339,0.9992113062384362,1.0210694868277284,-0.02185818058929212,56.628845978038946,122.81402626037598,1.3174478594581935,125.44892197929236,120.1791305414596,-182897827,-14299678.0
2023-07-20,124.04534149169922,124.38097915543717,123.7096891949376,123.75764161347836,3721944,123.91824640633595,122.89039228493537,0.9848973126583473,1.0138350519938522,-0.02893773933550481,58.57093048904574,122.84659004211426,1.3403886249717667,125.52736729205779,120.16581279217073,-179175883,3721944.0
2023-07-21,121.9834976196289,122.17529996636945,121.31220769731551,122.17529996636945,12757197,123.27333014410027,122.80402136443,0.7979811704841921,0.9706642756919202,-0.172683105207728,43.712240282676774,122.77606163024902,1.3471589066869865,125.47037944362299,120.08174381687505,-191933080,-12757197.0
2023-07-24,122.03145599365234,122.41505338935124,121.40811114020559,121.7917085359045,9725181,122.85937209395097,122.73044371007022,0.6462688362757376,0.9057851878086838,-0.25951635153294617,42.617007334223864,122.74573936462403,1.3572197929377914,125.46017895049961,120.03129977874845,-182207899,9725181.0
2023-07-25,123.56584167480469,123.90147932523965,122.46299462417335,122.46299462417335,6922790,123.09486195423555,122.81000542099731,0.6424421463037504,0.8531165795076971,-0.21067443320394674,49.76021013723908,122.83230667114258,1.3512409557352614,125.5347885826131,120.12982475967205,-175285109,6922790.0
2023-07-26,123.23019409179688,123.90148405129531,123.08635146941279,123.80559384738048,4396742,123.139972666756,122.85002338964489,0.6053474435922794,0.8035627523246137,-0.19821530873233428,60.59378359920367,122.89263916015625,1.3401219101896509,125.57288298053555,120.21239533977695,-179681851,-4396742.0
2023-07-27,124.18917846679688,124.18917846679688,123.70968356924168,123.85352618529905,4006903,123.48970793343629,122.97756196842127,0.6458862740195599,0.772027456663603,-0.12614118264404306,64.76053803090397,123.00328407287597,1.3517836651031976,125.70685140308237,120.29971674266957,-175674948,4006903.0
2023-07-28,124.18917846679688,124.57276853163184,123.70968356924168,124.09327363407664,2680637,123.72286477788982,123.09295401588562,0.6702869386105021,0.7516793530529828,-0.08139241444248069,66.08178467067698,123.11156578063965,1.3559036492781453,125.82337307919595,120.39975848208336,-175674948,0.0
2023-07-31,123.51789093017578,125.2920133056926,122.99044360604034,124.95637565071426,7248552,123.65454016198515,123.13342419819898,0.6282156679058915,0.7269866160235646,-0.09877094811767317,56.60344627778534,123.1106689453125,1.3556141613527029,125.8218972680179,120.39944062260709,-182923500,-7248552.0
2023-08-01,124.14122009277344,124.2371249208911,123.56583502313431,123.70967763228852,4447765,123.81676680558125,123.22940475958701,0.637818956901171,0.709153084199086,-0.071334127297915,58.13227388668171,123.12676048278809,1.3663373562044776,125.85943519519704,120.39408577037914,-178475735,4447765.0
2023-08-02,122.60684204101562,124.14122422735674,122.22324466530249,124.09327181170083,12005721,123.41345855072605,123.17011307210402,0.5156737808238887,0.6704572235240466,-0.15478344270015787,44.986537573342,123.0755844116211,1.3656499718388755,125.80688435529885,120.34428446794334,-190481456,-12005721.0
2023-08-04,122.03145599365234,122.27120345140018,121.69581101610771,122.03145599365234,6734916,122.95279103170148,123.0616695408229,0.3681996273460584,0.610005704288449,-0.24180607694239065,35.79161561926402,123.1326919555664,1.2912694411608885,125.71523083788817,120.55015307324463,-197216372,-6734916.0
2023-08-07,123.23019409179688,123.4219891326502,122.31915667297586,122.41505419340253,4601873,123.04525871839996,123.07771949805851,0.3440870234493616,0.5568219681206316,-0.21273494467126997,43.27730277826247,123.25918807983399,1.1574238896541216,125.57403585914223,120.94434030052575,-192614499,4601873.0
2023-08-08,121.79170227050781,122.9424870818923,121.21630986481556,122.84659688354022,10517511,122.62740656910259,122.95524166686322,0.20652267825995807,0.48676211014849685,-0.2802394318885388,39.16346474375845,123.3255744934082,1.0183867756450682,125.36234804469834,121.28880094211806,-203132010,-10517511.0
2023-08-09,121.9834976196289,122.41504741241158,121.45605762824307,121.59990755917063,3664399,122.41277025261138,122.86269461474566,0.1116907242293621,0.41174783296466994,-0.30005710873530783,43.67343492760353,123.31884651184082,1.0271905476131566,125.37322760706714,121.2644654166145,-199467611,3664399.0
2023-08-10,121.21630859375,121.79170099340872,121.1204110798921,121.69580347955082,10895898,122.01394969965759,122.70589594607941,-0.025080908192123275,0.3243820847333113,-0.3494629929254346,38.15254808064038,123.26194458007812,1.1114935005767066,125.48493158123154,121.03895757892471,-210363509,-10895898.0
2023-08-11,121.12041473388672,122.12734963453914,120.9765648005045,121.791704667655,7747852,121.7161047110673,122.55489773539439,-0.13960200038388848,0.23158526770987137,-0.37118726809375985,45.67310413833093,123.13172225952148,1.203189610014057,125.5381014795496,120.72534303949337,-218111361,-7747852.0
2023-08-14,119.39422607421875,120.54501086881152,119.01062870385073,120.49706577033507,22566685,120.94214516545114,122.253881386711,-0.3654372562867394,0.11218076291054922,-0.47761801919728863,38.68306344048072,122.85138969421386,1.3842925124634686,125.6199747191408,120.08280466928693,-240678046,-22566685.0
2023-08-15,119.58602905273438,120.30527142630699,119.49013153289371,120.11347638662566,7411088,120.49010646121224,121.99980021204657,-0.5229086607018445,-0.014837121811929518,-0.508071538889915,30.697598346994894,122.59246215820312,1.4880305582715203,125.56852327474616,119.61640104166008,-233266958,7411088.0
2023-08-16,118.96268463134766,119.29832958962265,118.53113484227008,119.0585821456389,18073063,119.98096585125738,121.71055110912286,-0.6900501005029298,-0.14987971755012958,-0.5401703829528002,29.86417748722951,122.31435470581054,1.6216433185998447,125.55764134301023,119.07106806861086,-251340021,-18073063.0
2023-08-17,119.49012756347656,119.53807998005982,117.85984783080731,118.5311377639037,9633859,119.8173530886638,121.49908220001369,-0.7710623325361752,-0.27411624054733874,-0.49694609198883644,26.886733684483886,122.11536407470703,1.7139328385725645,125.54322975185217,118.6874983975619,-241706162,9633859.0
2023-08-18,118.77088165283203,119.68192632501841,118.62703172390667,119.10652660931699,7600720,119.46852927671988,121.23925357647258,-0.8831221615306077,-0.3959174247439926,-0.48720473678661513,25.110065152401944,121.85164108276368,1.8047233821886708,125.46108784714102,118.24219431838634,-249306882,-7600720.0
2023-08-21,117.95574951171875,119.34628184358552,117.95574951171875,119.10653438522837,10059231,118.96426935505283,120.92653890363889,-1.025879039816985,-0.5219097477585911,-0.5039692920583939,24.782550644790177,121.65025367736817,2.003062792774299,125.65637926291677,117.64412809181957,-259366113,-10059231.0
2023-08-22,118.91473388671875,119.2503788497096,118.62703402329146,118.91473388671875,3641145,118.94775753227482,120.73493842583697,-1.0495344895876002,-0.627434696124393,-0.42209979346320725,27.00422422497691,121.49441757202149,2.091146826739125,125.67671122549974,117.31212391854324,-255724968,3641145.0
2023-08-23,119.72987365722656,120.01757352044434,118.91473380012476,118.91473380012476,6784070,119.20846290725875,120.6392179716836,-0.9910820598279173,-0.7001641688650979,-0.2909178909628194,36.4864768009908,121.30261917114258,2.0669337937949033,125.43648675873239,117.16875158355278,-248940898,6784070.0
2023-08-24,121.79170227050781,121.88759978537128,121.07245993426466,121.21630986481556,6673689,120.06954269500844,120.74897838109544,-0.7695152575626594,-0.7140343866046103,-0.0554808709580491,49.01183160667218,121.23069458007812,2.0208425173420568,125.27237961476223,117.18900954539401,-242267209,6673689.0
2023-08-25,119.44218444824219,120.35322184637101,119.39423203086209,120.35322184637101,7188718,119.86042327941969,120.6245218160618,-0.7745795520647931,-0.7261434196966469,-0.048436132368146256,35.74006058941994,120.99334487915038,1.9318893001295658,124.85712347940952,117.12956627889125,-249455927,-7188718.0
2023-08-28,120.2093734741211,120.5450184506121,119.63398104063481,119.72987856013057,4314749,119.97674001098683,120.58498387873412,-0.7085199225924725,-0.7226187202758121,0.014098797683339548,43.726242642516915,120.7943546295166,1.784745972579494,124.36384657467559,117.22486268435762,-245141178,4314749.0
2023-08-29,120.88066864013672,120.88066864013672,119.58602654168135,120.8327162229674,6490091,120.2780495540368,120.61314433220105,-0.5951388899893431,-0.6971227542185183,0.10198386422917527,45.787576103389874,120.66249351501465,1.666434874107683,123.99536326323002,117.32962376679927,-238651087,6490091.0
2023-08-30,121.40811157226562,121.83966138765459,120.92861665506354,121.55196151072862,5749445,120.65473689344643,120.6888554979215,-0.4574501674097746,-0.6491882368567696,0.191738069446995,50.746289037684924,120.52583808898926,1.4661803611757913,123.45819881134085,117.59347736663767,-232901642,5749445.0
2023-08-31,120.5450210571289,121.36016828174793,120.35322601399025,121.36016828174793,4356039,120.61816494800726,120.67515697975078,-0.4132118057140701,-0.6019929506282298,0.18878114491415965,47.88732315456622,120.42274703979493,1.3822416467061924,123.18723033320731,117.65826374638254,-237257681,-4356039.0
2023-09-01,120.73681640625,121.12041378676578,119.96962164521841,120.3532190257342,3081927,120.65771543408819,120.68102930608404,-0.3585432402879576,-0.5533030085601753,0.19475976827221775,55.55558361788536,120.3580150604248,1.332353238951631,123.02272153832807,117.69330858252154,-234175754,3081927.0
2023-09-04,121.55195617675781,121.59990859297848,120.44911645228572,120.73681631658678,3422663,120.95579568164474,120.76397472233869,-0.2466003855086143,-0.49196248394986314,0.24536209844124884,57.73585721336457,120.27410316467285,1.1868444847710307,122.64779213421491,117.9004141951308,-230753091,3422663.0
2023-09-05,121.26425170898438,121.40810163567403,120.8806616598269,121.36015653778495,3622409,121.05861435742463,120.81162014963829,-0.17903639260634918,-0.4293772656811604,0.25034087307481123,59.30230621929898,120.24773063659669,1.1568280971014882,122.56138683079966,117.93407444239371,-234375500,-3622409.0
2023-09-06,120.83271026611328,121.50400017432051,120.68886033820851,121.4081026612211,7334521,120.98331299365418,120.81362873215971,-0.15848629796772684,-0.3751990721384737,0.21671277417074686,55.46874757212158,120.1901912689209,1.092796322563064,122.37578391404702,118.00459862379478,-241710021,-7334521.0
2023-09-07,119.72987365722656,120.3532184831908,119.58602372561766,120.16142345205324,5650194,120.56549988151166,120.71041396311847,-0.22855525475215188,-0.3458703086612094,0.1173150539090575,53.7878956818164,120.11586952209473,1.069637748513011,122.25514501912075,117.9765940250687,-247360215,-5650194.0
2023-09-08,119.20243072509766,119.39422575150762,118.77088094090834,119.01062838217642,5527633,120.11114349604033,120.5667965118784,-0.3229231869353981,-0.34128088431604714,0.01835769738064902,55.03874534762887,120.01997032165528,1.0607767652517839,122.14152385215884,117.89841679115172,-252887848,-5527633.0
2023-09-11,118.72294616699219,119.39423613431529,118.33934876430244,119.34628371528711,8256632,119.64841105302429,120.39119171712733,-0.4314276206379617,-0.3593102315804301,-0.07211738905753162,49.19358977978182,119.98640632629395,1.091784741824865,122.16997580994368,117.80283684264421,-261144480,-8256632.0
2023-09-12,119.92167663574219,119.92167663574219,118.77088449332857,119.01063194176747,2599673,119.73949958059693,120.34647599509064,-0.4158964401839995,-0.370627473301144,-0.04526896688285553,50.7812723364953,120.00318870544433,1.0878791422281746,122.17894698990068,117.82743042098798,-258544807,2599673.0
2023-09-13,120.06552124023438,120.44911862739241,119.58602633541473,120.06552124023438,3205783,119.84817346714274,120.31971839939006,-0.38751379257330143,-0.3740047371555755,-0.013509055417725957,41.66664211208675,120.05833053588867,1.0599544111644712,122.17823935821761,117.93842171355973,-255339024,3205783.0
2023-09-14,121.7437515258789,121.7437515258789,120.40117166633918,120.73681663122412,7177900,120.4800328200548,120.45534060191281,-0.22698464368076543,-0.34460071846061346,0.11761607477984803,61.88117992994274,120.17101173400879,1.1147435855421268,122.40049890509304,117.94152456292453,-248161124,7177900.0
2023-09-15,122.1273422241211,122.1273422241211,121.55194984201732,121.79169727760315,5733382,121.02913595474358,120.61457885164694,-0.06802739561534565,-0.2892860538915599,0.22125865827621427,60.30925467539988,120.33883476257324,1.1451036572852862,122.62904207714381,118.04862744800268,-242427742,5733382.0
2023-09-18,120.83271026611328,121.4081026612211,120.68886033820851,121.4081026612211,7095909,120.96366072520016,120.63535327207231,-0.04598848400216582,-0.24062653991368113,0.1946380559115153,49.758408431953114,120.48268280029296,1.001707959166023,122.48609871862502,118.47926688196091,-249523651,-7095909.0
2023-09-19,120.30526733398438,120.88066706647899,120.20936981740579,120.68886471681029,4017342,120.74419626146158,120.60391651606393,-0.07027266482830896,-0.2065557648966067,0.13628310006829775,44.44439320007748,120.55220947265624,0.9330564139988404,122.41832230065393,118.68609664465856,-253540993,-4017342.0
2023-09-20,119.63397979736328,120.06552228886532,119.39423234285954,119.92167966937242,5948291,120.37412410676217,120.51154159047339,-0.1420479072592684,-0.19365419336913905,0.05160628610987064,45.320171560789326,120.54741477966309,0.9377391884071465,122.42289315647739,118.67193640284879,-259489284,-5948291.0
2023-09-21,117.71599578857422,118.77088308590275,117.62009827363734,118.72293798669001,21170710,119.48808133403287,120.24529913314966,-0.3496648653378145,-0.22485632776287418,-0.12480853757494031,36.82003047792016,120.3436294555664,1.084480324271251,122.51259010410891,118.17466880702389,-280659994,-21170710.0
2023-09-22,117.62010192871094,117.76395186384214,117.04470950469778,117.42829957636546,9559383,118.86542153225889,119.99528035177455,-0.5159925920797406,-0.2830835806262475,-0.23290901145349308,31.696379736297388,120.25252532958984,1.2308502357444002,122.71422580107864,117.79082485810105,-290219377,-9559383.0
2023-09-25,118.48319244384766,118.67498747680152,117.71599767900918,117.71599767900918,3993132,118.73801183612181,119.85127197959105,-0.5715755552190132,-0.34078197554480066,-0.2307935796742125,37.711862407001014,120.16621627807618,1.292988083233309,122.7521924445428,117.58024011160956,-286226245,3993132.0
2023-09-26,117.0926513671875,117.95574363759414,116.99675385192265,117.6200986759114,10076754,118.18955834647706,119.58854620698119,-0.7195361329651888,-0.4165328070288783,-0.3030033259363105,34.76558396880378,119.97681541442871,1.4506523183339923,122.8781200510967,117.07551077776073,-296302999,-10076754.0
2023-09-27,117.1406021118164,117.28445204091709,116.56520971192498,116.85290225361503,6527530,117.83990626825685,119.35540867410836,-0.8234346899416352,-0.49791318361142967,-0.3255215063302055,38.46150707817716,119.76343994140625,1.5401361214925007,122.84371218439125,116.68316769842124,-289775469,6527530.0
2023-09-28,117.62010192871094,118.09959683480719,117.04470950469778,117.71599944662786,5539327,117.76663815507489,119.1901413650229,-0.8572021245162915,-0.5697709717924021,-0.2874311527238894,42.91845669413936,119.61719398498535,1.5997308553663943,122.81665569571814,116.41773227425256,-284236142,5539327.0
2023-10-02,119.15448760986328,119.39423506984289,118.53114275061395,118.53114275061395,6461262,118.22925464000436,119.1867457692934,-0.7514882696379601,-0.6061144313615137,-0.14537383827644645,51.764691934699876,119.53807754516602,1.5804561630811238,122.69898987132827,116.37716521900377,-277774880,6461262.0
2023-10-03,118.43524169921875,119.05858653988538,118.38728928204762,118.86678418771247,5068454,118.29791699307583,119.1151739530958,-0.7174757976378174,-0.6283867046167745,-0.08908909302104295,43.67346329095509,119.38224182128906,1.524084475635684,122.43041077256042,116.33407287001769,-282843334,-5068454.0
2023-10-04,116.9008560180664,117.18854856307695,116.37340871077997,117.09265104807344,11225027,117.83223000140603,118.90428653071204,-0.8050526240813269,-0.663719888509685,-0.14133273557164194,37.956209042156274,119.16407203674316,1.5525393372061271,122.26915071115542,116.05899336233091,-294068361,-11225027.0
2023-10-05,118.57909393310547,118.57909393310547,117.3803566457035,117.3803566457035,4105490,118.08118464530585,118.87331580713047,-0.7306160290800534,-0.6770991166237587,-0.05351691245629475,37.956245071269876,119.05139122009277,1.5061469836408221,122.06368518737442,116.03909725281112,-289962871,4105490.0
2023-10-06,119.01063537597656,119.20243773016928,118.72294281945503,118.72294281945503,4884995,118.39100155552943,118.88639386130629,-0.6295456924929681,-0.6675884317976006,0.038042739304632534,38.18186446924808,119.01542930603027,1.4976570021615425,122.01074331035336,116.02011530170718,-285077876,4884995.0
2023-10-11,121.07246398925781,121.21631392462659,120.68886660044497,120.73681901773844,13497019,119.28482236677223,119.0945910163493,-0.3787088648482495,-0.6098125184077304,0.23110365355948093,50.85912813735552,119.10893096923829,1.5667284781917026,122.2423879256217,115.97547401285487,-271580857,13497019.0
2023-10-12,122.07939910888672,122.12734420687562,121.12040935097406,121.3122043759521,14297014,120.21634794747706,119.37885845373381,-0.0975432055567893,-0.5073586558375422,0.40981545028075295,56.1461767677008,119.27675361633301,1.6975141615827314,122.67178193949847,115.88172529316755,-257283843,14297014.0
2023-10-13,121.7437515258789,122.17530132345512,121.31220904481421,121.79170394222454,6362821,120.72548247361101,119.60408636536667,0.09707957735818695,-0.38647100919839644,0.4835505865565834,57.482963007862566,119.36785736083985,1.780799456574447,122.92945627398875,115.80625844769095,-263646664,-6362821.0
2023-10-16,121.07246398925781,121.12041640655129,120.54501666507619,121.12041640655129,7742041,120.84114297882661,119.7439318533563,0.1949054917934916,-0.2701957090000188,0.4651012007935104,63.05970836002533,119.41820449829102,1.8154590483752688,123.04912259504155,115.78728640154048,-271388705,-7742041.0
2023-10-17,121.36016082763672,121.7917033064487,121.21631089586225,121.50400344289974,6836037,121.01414892842999,119.89785842233539,0.29227875668564707,-0.15770081586288567,0.4499795725485327,64.33821572328847,119.3990249633789,1.791465261595999,122.98195548657091,115.8160944401869,-264552668,6836037.0
2023-10-18,119.68193054199219,121.07246283207274,119.68193054199219,121.07246283207274,9566032,120.57007613295073,119.87729386230271,0.23136161942224476,-0.07988832880585958,0.31124994822810437,54.32525894405113,119.27675437927246,1.675126491107486,122.62700736148743,115.92650139705749,-274118700,-9566032.0
2023-10-19,119.72987365722656,120.065518619973,119.29833117891134,119.29833117891134,7826245,120.29000864104269,119.86325384277166,0.18482243993916825,-0.02694617505685401,0.21176861499602226,60.53640033602749,119.22161254882812,1.6389732407172286,122.49955903026257,115.94366606739366,-266292455,7826245.0
2023-10-20,120.25732421875,120.30526931957485,118.8188394967949,119.63397937593379,4387291,120.2791138336118,119.9007843547696,0.18832970946922956,0.016109001848362704,0.17222070762086686,61.99263617527336,119.2192153930664,1.637339119210784,122.49389363148798,115.94453715464483,-261905164,4387291.0
2023-10-23,118.77088165283203,119.72987142365265,118.48318911149263,119.72987142365265,8037320,119.77636977335189,119.79317457363268,0.07035474775183559,0.026958151029057284,0.043396596722778305,54.109558063463226,119.17606048583984,1.6372061431126008,122.45047277206504,115.90164819961464,-269942484,-8037320.0
2023-10-24,118.86678314208984,118.86678314208984,117.6680458884725,118.72294052486501,7197186,119.47317422959789,119.70494681824765,-0.015227280066042681,0.01852106481003729,-0.03374834487607997,48.8549326259483,119.23359985351563,1.6030576560595597,122.43971516563475,116.0274845413965,-262745298,7197186.0
2023-10-25,119.10652923583984,119.77782648012443,119.10652923583984,119.10652923583984,3980090,119.35095923167854,119.64795466754214,-0.06298015158925807,0.0022208215301782186,-0.06520097311943629,52.77775497717801,119.30792121887207,1.5581429771218847,122.42420717311583,116.1916352646283,-258765208,3980090.0
2023-10-26,116.75701141357422,117.38035626430016,116.61316147625104,116.85290893295242,21974122,118.4863099589771,119.37262673859281,-0.2871015706376028,-0.05564365690337798,-0.2314579137342248,49.44239391465853,119.2216121673584,1.6512572473386273,122.52412666203566,115.91909767268115,-280739330,-21974122.0
2023-10-27,117.28445434570312,117.7159968249742,117.09265199762928,117.1406044137756,4068937,118.08569142121912,119.17375317736523,-0.41734824259239645,-0.1279845740411817,-0.28936366855121476,44.489775507327984,119.23120231628418,1.6387515523953622,122.50870542107491,115.95369921149346,-276670393,4068937.0
2023-10-30,116.99675750732422,117.81189738731062,116.75701005341577,117.38035489688006,9138352,117.72271344992083,118.96642025640894,-0.5375874257599378,-0.2099051443849329,-0.3276822813750049,41.322310245908916,119.22401008605956,1.648695276573846,122.52140063920726,115.92661953291187,-285808745,-9138352.0
2023-10-31,116.1816177368164,117.42830010840811,116.13366531938486,117.38035500748823,10780877,117.20901487888602,118.70120096882869,-0.690690956364648,-0.3060623067808759,-0.384628649583772,26.38887149609988,119.15208587646484,1.7505772608207157,122.65324039810626,115.65093135482341,-296589622,-10780877.0
2023-11-01,116.75701141357422,117.14060880759878,116.27751650017144,116.9967588702756,4422327,117.05834705711543,118.51604005880446,-0.7568723926655423,-0.39622432395780927,-0.360648068707733,23.188414709137874,119.03221206665039,1.8306581428665365,122.69352835238347,115.37089578091731,-292167295,4422327.0
2023-11-02,119.39422607421875,119.39422607421875,118.09959135117406,118.09959135117406,9808212,117.83697339614989,118.59967682217726,-0.5897225206257843,-0.4349239632914043,-0.15479855733438003,40.39214267039637,119.0801612854004,1.8267540014626615,122.73366928832571,115.42665328247507,-282359083,9808212.0
2023-11-03,120.30526733398438,120.44911726710804,119.58602498487762,119.87372485112493,8698568,118.65973804209472,118.76211401377793,-0.37936850305632674,-0.4238128712443888,0.04444436818806208,46.92305526860769,119.2503818511963,1.770750450737986,122.79188275267227,115.70888094972032,-273660515,8698568.0
2023-11-06,121.36016082763672,121.98349833780702,121.16835847976694,121.36016082763672,15923199,119.55987897060874,119.00954704366924,-0.1260868886230213,-0.36426767472011534,0.23818078609709403,50.0,119.38943519592286,1.8236661920983748,123.0367675801196,115.74210281172611,-257737316,15923199.0
2023-11-07,121.31221008300781,121.59990995052075,120.9286126984944,121.31221008300781,6543113,120.14398934140843,119.228848285511,0.06996487967909104,-0.27742116384027404,0.3473860435193651,57.02478089063928,119.50451393127442,1.8705209080284502,123.24555574733132,115.76347211521751,-264280429,-6543113.0
2023-11-08,121.9834976196289,122.22324506567102,121.31220769731551,121.45605762824307,11100679,120.75715876748194,119.49119584114129,0.2763193748065902,-0.1666730561109012,0.4429924309174914,59.21567819956284,119.55006561279296,1.9211224036878196,123.3923104201686,115.70782080541733,-253179750,11100679.0
2023-11-09,122.03145599365234,122.1753059316034,121.45606355835987,121.69581101610771,6226873,121.18192450953875,119.73312537947568,0.438669925044465,-0.04560445987982795,0.484274384924293,57.55102173355371,119.54766845703125,1.917827305074797,123.38332306718084,115.71201384688166,-246952877,6226873.0
2023-11-10,121.55195617675781,121.64785369268768,121.21631121274757,121.50400376053715,4251571,121.30526839861177,119.9063473601692,0.5226178644809067,0.06804000499231899,0.45457785948858775,62.946449183586054,119.5380786895752,1.906715542153283,123.35150977388177,115.72464760526863,-251204448,-4251571.0
2023-11-13,123.4219741821289,124.28507371095415,123.23017916450836,123.9494214553518,25387556,122.0108369931175,120.2411689622606,0.731608508462358,0.2007537056863268,0.5308548027760313,68.19921479693235,119.65555419921876,2.0714858010739077,123.79852580136657,115.51258259707095,-225816892,25387556.0
2023-11-14,123.70967864990234,124.28507835729691,123.66172623544907,123.90147367469307,20094457,122.57711754537911,120.57150321822648,0.9099609818489967,0.3425951609188608,0.5673658209301359,68.32061439574014,119.77303009033203,2.233527357308828,124.24008480494969,115.30597537571437,-205722435,20094457.0
2023-11-15,125.19612884521484,125.62767135456083,124.71663391638063,125.53176651558441,22791049,123.45012131199104,121.01194375413014,1.157903123509044,0.5056567534368974,0.6522463700721466,86.06555452813234,120.04874000549316,2.540882839655213,125.13050568480358,114.96697432618274,-182931386,22791049.0
2023-11-16,125.24406433105469,125.81944938804631,124.95636448604789,125.4358593500519,18329336,124.0481023183456,121.41500285669439,1.3427882234121427,0.6730830474319465,0.6697051759801962,85.47005001863118,120.32444953918457,2.7912931416759807,125.90703582253653,114.74186325583261,-164602050,18329336.0
2023-11-17,125.62767028808594,126.10716521284962,125.19612778240338,125.24408020148452,27147588,124.57462497492571,121.81620927873168,1.5029398370206337,0.8390544053496839,0.6638854316709498,88.13556693767559,120.59296684265136,3.0323921798013957,126.65775120225416,114.52818248304857,-137454462,27147588.0
2023-11-20,125.5797119140625,125.675616747677,125.10021701203628,125.675616747677,8660375,124.90965395463797,122.17463810114414,1.607461489218906,0.9927358221235285,0.6147256670953776,94.5453243622651,120.93340835571288,3.194915926760285,127.32324020923346,114.54357650219231,-146114837,-8660375.0
2023-11-21,127.11410522460938,127.2579478462751,126.05921055564887,126.05921055564887,28378346,125.64447104462845,122.64506354147417,1.7934347686860406,1.152875611436031,0.6405591572500096,94.99988398033632,121.34577445983886,3.4371915229031424,128.22015750564515,114.47139141403258,-117736491,28378346.0
2023-11-22,125.96331787109375,126.39486036061432,125.77150820195281,125.86741303652329,6137072,125.7507533201169,122.9610877633427,1.8269016258948199,1.287680814327789,0.5392208115670309,82.77504385110115,121.68861389160156,3.542435500281368,128.7734848921643,114.60374289103882,-123873563,-6137072.0
2023-11-23,125.91535949707031,126.05920210909791,125.38791219793147,125.96331191208704,6234316,125.80562204576805,123.24244697607867,1.828476967080519,1.395840044878335,0.43263692220218397,80.62811872610192,122.14653129577637,3.4624226735090384,129.07137664279443,115.22168594875829,-130107879,-6234316.0
2023-11-24,125.8194580078125,126.25100048837626,125.67561539196558,125.91536284039245,13309402,125.8102340331162,123.48787659814856,1.8012236031446918,1.4769167565316064,0.3243068466130854,77.1927947275226,122.57328147888184,3.3559634950221433,129.28520846892613,115.86135448883755,-143417281,-13309402.0
2023-11-27,125.00433349609375,126.44281827909587,124.76458603226007,125.81946609331393,9431776,125.54160052077539,123.63230106461953,1.694320310201519,1.5203974672655889,0.17392284293593008,70.58824029923387,122.97366027832031,3.125393947907674,129.22444817413566,116.72287238250496,-152849057,-9431776.0
2023-11-28,125.8674087524414,126.39485605858,124.95637138712354,125.05226158540697,9568971,125.65020326466407,123.8451684634597,1.6601049836418298,1.5483389705408372,0.11176601310099255,71.20415925945055,123.45794982910157,2.7448024588943882,128.94755474689035,117.96834491131278,-143280086,9568971.0
2023-11-29,125.77149963378906,126.77844179608812,125.67560943877437,125.91535687584451,6617577,125.69063538770574,124.02862857491964,1.6067286586824565,1.5600169081691613,0.046711750513295236,70.31236662907074,123.9086742401123,2.288779925328641,128.48623409076959,119.33111438945502,-149897663,-6617577.0
2023-11-30,125.96331787109375,126.10716048992619,125.292013295147,125.91536545380852,10917331,125.7815295488351,124.21288469836479,1.5619010422892075,1.5603937349931707,0.001507307296036764,74.73113404460625,124.23712882995605,2.067485470465898,128.37209977088784,120.10215788902426,-138980332,10917331.0
2023-12-01,126.39485931396484,126.39485931396484,125.43586950829445,125.6276645428239,5299640,125.98597280387835,124.4206918046124,1.543405206742463,1.5569960293430292,-0.0135908226005661,69.87179225653787,124.54160842895507,1.899550317078506,128.3407090631121,120.74250779479806,-133680692,5299640.0
2023-12-04,125.91535949707031,126.58664940823675,125.53175480995907,126.39485438119242,4399034,125.96243503494235,124.56304110865602,1.473074806527734,1.5402117847799703,-0.06713697825223641,64.37495214199978,124.76936836242676,1.7664360215515233,128.3022404055298,121.23649631932372,-138079726,-4399034.0
2023-12-05,125.00433349609375,125.24408095992744,124.57277635477398,125.24408095992744,4777966,125.64306785532615,124.60506895507865,1.3285110250106271,1.4978716328261017,-0.16936060781547457,48.64866898813857,124.95397453308105,1.567890044256121,128.0897546215933,121.8181944445688,-142857692,-4777966.0
2023-12-06,125.43586730957031,126.01125240307293,125.05226261421234,125.05226261421234,7137049,125.57400100674087,124.68419260788738,1.2345334260365348,1.4452039914681885,-0.21067056543165363,51.28208266526321,125.12659301757813,1.405250480716975,127.93709397901208,122.31609205614419,-135720643,7137049.0
2023-12-07,124.66867065429688,125.2920081543593,124.66867065429688,125.24407037206424,2738659,125.27222422259288,124.68271432659304,1.0856346232739185,1.3732901178293346,-0.28765549455541617,43.902382232122584,125.25845375061036,1.2096524945348066,127.67775873967997,122.83914876154074,-138459302,-2738659.0
2023-12-08,125.67560577392578,126.20305304670357,125.53174853606536,125.7714959661442,13023952,125.40668473970386,124.7772754168152,1.0369294212704858,1.306017978517565,-0.26908855724707914,50.54344959266141,125.46463623046876,0.8394105462739051,127.14345732301656,123.78581513792095,-125435350,13023952.0
2023-12-11,125.8194580078125,125.9633152566824,125.29201069466882,125.67561539196558,3129838,125.54427582907341,124.87653090167208,0.9984286073468382,1.2445001042834196,-0.24607149693658137,41.29023515933924,125.58451042175292,0.6902945616089067,126.96509954497074,124.2039212985351,-122305512,3129838.0
2023-12-12,126.10714721679688,126.63459448537262,125.96330461310428,126.49073724865829,5475510,125.73189962498125,124.9937324554935,0.979835614734796,1.191567206373695,-0.2117315916388991,51.094748089475274,125.70438385009766,0.5392190905315938,126.78282203116085,124.62594566903446,-116830002,5475510.0
2023-12-13,126.15512084960938,126.39486831810616,126.01126358869679,126.20307326991357,2940436,125.87297336652398,125.10434087398072,0.9579291939128609,1.1448396038815283,-0.18691040996866737,51.82492433410529,125.75233345031738,0.5342601738457611,126.8208537980089,124.68381310262586,-113889566,2940436.0
2023-12-14,127.68949890136719,127.9771987970023,127.06616132167821,127.21000395298348,32006517,126.47848187813838,125.35054640039847,1.0522500000311794,1.1263216831114586,-0.07407168308027923,61.676731144110995,125.87460517883301,0.6735026162984832,127.22161041142998,124.52759994623604,-81883049,32006517.0
2023-12-15,128.21693420410156,128.69642910735774,128.1689817871713,128.1689817871713,18378835,127.0579659867928,125.62353571503687,1.156231225555345,1.132303591600236,0.023927633955109107,70.8073662509957,126.00406837463379,0.8494215911295859,127.70291155689296,124.30522519237462,-63504214,18378835.0
2023-12-18,128.4087371826172,128.4087371826172,127.1620620634459,128.16898971615748,6651997,127.50822305206759,125.88879299766356,1.2398220959694868,1.1538072924740863,0.08601480349540047,68.02720720272158,126.14551963806153,0.9976553624431204,128.14083036294778,124.15020891317529,-56852217,6651997.0
2023-12-19,127.9292221069336,128.31282677268413,127.30588464549393,128.31282677268413,5606247,127.64855607035626,126.0831195794988,1.2529325770545654,1.1736323493901821,0.07930022766438327,64.5160462473554,126.18627548217773,1.054344992585651,128.29496546734904,124.07758549700644,-62458464,-5606247.0
2023-12-20,128.264892578125,128.36079741643968,127.92924027704747,128.0730975345195,6615835,127.85400157294585,126.29090748412986,1.2757030191729086,1.1940464833467275,0.08165653582618115,65.1898071314632,126.3013542175293,1.1499954355296103,128.60134508858852,124.00136334647007,-55842629,6615835.0
2023-12-21,127.16204833984375,127.25793853626452,126.6346010439508,126.7784436550932,5354951,127.62335049524515,126.37387327991213,1.1910290044549043,1.1934429875683628,-0.0024139831134584178,54.65112299109063,126.36368865966797,1.1617000094568628,128.6870886785817,124.04028864075424,-61197580,-5354951.0
2023-12-22,127.4976806640625,127.64153790223291,127.16204304104198,127.16204304104198,6204194,127.58146055151761,126.48090255459313,1.1378900728676058,1.1823324046282113,-0.044442331760605525,59.763213888941195,126.44759979248047,1.1807740687425863,128.80914792996566,124.0860516549953,-54993386,6204194.0
2023-12-25,128.02513122558594,128.31283107629284,127.49768393812701,127.54563635208187,8080412,127.72935077620707,126.62797195183055,1.1253654268410287,1.1709390090707748,-0.04557358222974606,69.564981064649,126.59863967895508,1.1796441814312633,128.9579280418176,124.23935131609255,-46912974,8080412.0
2023-12-26,128.744384765625,128.88822738701404,128.0251423926327,128.0251423926327,16816964,128.06769543934638,126.82953507695383,1.160104343526001,1.16877207596182,-0.008667732435819087,70.6585325883976,126.74248847961425,1.2585564257882345,129.2596013311907,124.22537562803778,-30096010,16816964.0
2023-12-27,130.18284606933594,130.326688664823,128.84026640138725,128.888204177869,29950035,128.7727456493429,127.14889802860927,1.288849931042165,1.192787646977889,0.09606228406427597,81.76773093287387,126.9630558013916,1.4512347446712943,129.86552529073418,124.06058631204901,-145975,29950035.0
2023-12-28,130.18284606933594,130.42259348382828,129.89514624534095,130.18284606933594,14848296,129.24277912267394,127.43784546105942,1.375031232588512,1.2292363641000137,0.1457948684884982,79.37476816838856,127.17403221130371,1.597579022477885,130.3691902562595,123.97887416634794,-145975,0.0
2023-12-29,129.89515686035156,130.42260414194178,129.79926666653103,130.134904294436,13111608,129.46023836856648,127.67187511813488,1.403932757213397,1.2641756427226905,0.1397571144907066,76.07347290986615,127.34904708862305,1.6964005350992057,130.74184815882145,123.95624601842464,-13257583,-13111608.0
