Date,Close,High,Low,Open,Volume,Open_diff,High_diff,Low_diff,RSI_12,MA_5,MA_10,MA_20,W%R_12,BIAS_6,BIAS_12,up,PSY_6,K,D,MACD,MTM_10,AD,CCI_10,UpDown
2021-01-04,109.5848617553711,109.7170523197317,107.51389865869291,107.69014826217946,6140.797,0.044050658674038345,1.850639332970431,0.2643727791431587,77.92502355019232,107.1790267944336,105.8703498840332,105.24685859680176,-2.1428750621499986,2.620170392433572,3.7582947842258045,True,83.33333333333334,97.8571194669041,98.26529280705279,0.15378156642154917,5.419746398925781,89685.40750398257,175.63329791480118,1
2021-01-05,109.80518341064453,109.84924917578577,109.05611246768606,109.45267745999003,4731.57,1.762529197810565,0.1321968560540654,1.5422138089931536,78.4533514821445,107.98978729248047,106.33301391601563,105.52004966735839,-0.6993413343594997,2.033572344253619,3.5349516431381742,True,83.33333333333334,99.30065691762115,98.03217844625983,0.24601693321464424,4.626640319824219,93891.21630735636,139.6720077704278,1
2021-01-06,110.99488830566406,112.05240618806472,109.36455580089154,111.12707888140065,10587.073,1.6744014214106215,2.2031570122789503,0.30844333320547435,81.11575335743802,109.05611419677734,107.03361740112305,105.78002166748047,-12.435249272251433,2.3082644760124396,4.098080718017578,True,83.33333333333334,86.59213977104534,94.5833053851902,0.35012059306296517,7.006034851074219,96147.45432248499,137.34112581453138,1
2021-01-07,113.59459686279297,113.68272838762299,111.52364049911506,111.52364049911506,6691.163,0.39656161771441134,1.6303221995582646,2.1590846982235234,85.41256864652283,110.3427505493164,107.98097229003906,106.16997909545898,-0.869618725484369,3.444114217301734,5.840080126437383,True,100.0,99.03840280535745,94.97706649800797,0.5453909272353346,9.473548889160156,102292.36591584705,152.49221148041016,1
2021-01-08,115.62149810791016,115.66556386925683,114.16742211234674,115.09274931269728,12990.245,3.5691088135822184,1.9828354816338418,2.643781613231681,87.77788791431443,111.92020568847656,109.07373504638672,106.72517318725586,-0.36365878538785057,3.9550941987813144,6.764307247283975,True,100.0,99.59013850585933,95.07356036075403,0.7497680923811028,10.927627563476562,114518.43084628484,156.85421906855365,1
2021-01-11,116.59090423583984,116.59090423583984,115.0046307771037,115.62151116467221,10145.856,0.5287618519749344,0.9253403665830149,0.8372086647569574,88.73123086149756,113.32141418457032,110.25022048950196,107.3222282409668,-0.0,3.453678106498438,6.636223879969686,True,100.0,100.0,99.54284710373891,0.8799437130156429,11.764854431152344,124664.28684628484,133.5429301530346,0
2021-01-12,116.41465759277344,117.33997147428276,115.97402681225118,116.59090721558549,10874.362,0.9693960509132751,0.7490672384429189,0.9693960351474828,87.3794206869411,114.6433090209961,111.31654815673828,107.93250274658203,-7.216407499364881,2.26438140915773,5.532265981615312,False,83.33333333333334,92.07555215598974,97.22189688728302,0.8816687688272005,10.663276672363281,120805.69751838563,111.08209491664381,1
2021-01-13,119.23471069335938,119.36689456955813,116.94342489468085,116.9874906690759,10688.901,0.3965834534904076,2.0269230952753645,0.9693980824296631,90.03057163152923,116.29127349853516,112.67369384765625,108.73665504455566,-0.914595821538995,3.3153248217232054,6.924847453481682,True,83.33333333333334,98.90913712720693,96.99489642773221,0.9920004171024659,13.571456909179688,130328.58403829417,116.55029382139108,0
2021-01-14,118.13312530517578,119.01438694348819,117.51624484775418,118.97032117217549,12000.449,1.982830503099592,-0.35250762606993646,0.5728199530733349,82.63348546215192,117.19897918701172,113.77086486816407,109.3887897491455,-8.695657841208341,1.316380409941948,4.965755766548727,False,66.66666666666666,89.59107660493332,93.52525529604333,0.912090029855317,10.971710205078125,128210.83239986532,91.9775656490983,1
2021-01-15,118.52967071533203,121.61408593840758,118.44153918730801,120.86500829115309,21523.977,1.8946871189776004,2.599698994919393,0.9252943395538296,83.17630488781907,117.78061370849609,114.85040969848633,110.08939247131347,-19.337040892618827,0.9443897284142879,4.324213405297585,True,66.66666666666666,75.4385910253214,87.97960158582055,0.8106570248570018,10.795448303222656,107882.70285680599,100.33061651085458,0
2021-01-18,118.44153594970703,118.9262324466235,116.41464533039189,118.61779900093691,14202.77,-2.247209290216176,-2.6878534917840824,-2.026893856916118,82.55069109104467,118.15074005126954,115.73607711791992,110.80321350097657,-22.085953037901888,0.46718546873304306,3.391231483351294,False,50.0,74.10063934628695,79.71010232551389,0.6682725378909544,8.856674194335938,116603.65395351495,58.54269274555914,1
2021-01-19,121.57002258300781,121.702219877663,119.14655343114762,119.14655343114762,12069.311,0.5287544302107108,2.7759874310394963,2.7319081007557315,86.48661332810019,119.1818130493164,116.91256103515624,111.62278747558594,-0.9317331671236386,2.400090311543232,5.0647333502553655,True,50.0,98.70122057569448,82.74681698243427,0.711438620249417,11.764839172363281,127424.34327620055,117.98053619181186,1
2021-01-20,121.79032135009766,122.93596384594363,121.30562489643417,121.70220327932898,29965.436,2.5556498481813605,1.2337439682806348,2.1590714652865444,86.71677767111383,119.69293518066407,117.9921043395996,112.51286087036132,-8.253996852160794,1.8172708166512124,4.3379613852680015,True,66.66666666666666,86.9346291475535,86.57882968984497,0.6814260992935539,10.795433044433594,115276.23362548546,136.21264488930802,1
2021-01-21,126.0203857421875,126.24070110187664,121.92252543076248,121.96657774511438,13672.387,0.26437446578539436,3.3047372559330057,0.6169005343283089,90.20972598829184,121.2703872680664,119.23468322753907,113.60782775878906,-1.305483899076633,4.366860613490109,6.726365207036151,True,66.66666666666666,98.03921341428958,94.55835437917916,0.8614607201524969,12.425788879394531,127553.47735706123,170.92707078160473,0
2021-01-22,123.76923370361328,125.16496083503378,121.56309145848604,124.44458421171598,23767.813,2.478006466601599,-1.0757402668428568,-0.3594339722764346,78.26198052055585,122.31829986572265,120.04945678710938,114.56159591674805,-16.793213434207097,1.7112546095577985,3.8833131097453406,False,66.66666666666666,75.92728347522633,86.96704201235646,0.7481315733546152,8.147735595703125,132901.19901525675,104.01943758848726,0
2021-01-25,122.10337829589844,123.63417004464385,120.84271576042941,123.54411781352414,13750.626,-0.9004663981918384,-1.5307907903899292,-0.7203756980566283,70.70255577803138,123.05066833496093,120.60070419311523,115.42546234130859,-34.26842707408767,-0.14646522442685297,1.8787880655793732,False,50.0,57.89436878645928,77.28695522532506,0.4925157219674263,5.512474060058594,131570.5500397593,53.19511508396222,0
2021-01-26,119.62708282470703,123.00383510158014,118.68158943917453,122.05834171604764,14376.477,-1.4857760974765029,-0.6303349430637155,-2.1611263212548835,61.12774862165835,122.66208038330078,120.9219467163086,116.11924743652344,-58.86059882153022,-2.3293486913776045,-0.4645623921739196,False,50.0,32.69305170888248,55.50490132352269,0.10827419153870643,3.2124252319335938,123483.79600899694,-12.510762445484996,1
2021-01-27,119.80716705322266,121.02278956314142,119.08679052510074,120.03228385950828,7854.841,-2.026057856539353,-1.981045538438721,0.4052010859262083,61.54094387255447,122.26544952392578,120.97919235229492,116.82644309997559,-62.6642461537434,-1.9471047011533362,-0.5365342206810597,True,50.0,34.52577312532539,41.70439787355571,-0.1671676788018024,0.5724563598632812,121474.45697190732,-36.78245692472186,0
2021-01-28,117.37590789794922,118.23134901094507,116.52045304491396,117.06073887419524,14503.801,-2.971544985313045,-2.791440552196349,-2.5663374801867747,53.21068310999803,120.53655395507812,120.90347061157226,117.33716773986816,-90.2172083090866,-3.3549611998754543,-2.6197165889572953,False,33.33333333333333,9.782791690913406,25.66720550837375,-0.5262457372339435,-0.7572174072265625,121474.5734505251,-128.03020536445771,0
2021-01-29,115.43990325927734,118.72661709555267,115.43990325927734,118.50150027416561,14039.666,1.44076139997037,0.4952680846076021,-1.0805497856366202,47.612130552219334,118.87068786621094,120.5944938659668,117.72245178222656,-100.0,-3.548593358195453,-3.973976722200047,False,16.666666666666664,0.0,14.769521605412926,-0.8861164661599403,-3.0897674560546875,107434.9074505251,-127.46911747170037,1
2021-02-01,117.73609161376953,117.91618231373677,114.8545991941747,115.43989740407814,14132.983,-3.0616028700874693,-0.8104347818158999,-0.5853040651026475,53.88935681040574,117.99723052978516,120.52394943237304,118.13001327514648,-74.69289803522928,-0.7966668537704663,-2.0369840276038778,True,33.33333333333333,25.307101964770723,11.696631218561372,-0.9555106990079194,-0.7054443359375,119905.20895425454,-108.80714098079929,1
2021-02-02,121.06783294677734,121.60811885496848,119.31192435521827,119.31192435521827,10888.373,3.8720269511401284,3.691936541231712,4.4573251610435705,61.2406800935618,118.28538055419922,120.47373046875,118.69314575195312,-45.43142330036755,2.1591907781936617,0.5582376526766617,True,50.0,54.56857669963245,26.625226221467717,-0.77093775721336,-0.5021896362304688,125669.59572776649,7.212063410115033,0
2021-02-03,120.97777557373047,122.01330737276034,120.84269724774444,121.96828126409832,7081.97,2.6563569088800563,0.4051885177918564,1.5307728925261728,60.954127712796684,118.51950225830078,120.39247589111328,119.19229011535644,-46.22236451779999,1.8896528204917464,0.3073481535728952,False,50.0,59.38857038040398,46.42141634826905,-0.6534728054971874,-0.8125457763671875,120222.0224100441,28.885119598074912,0
2021-02-04,120.2574234008789,121.15789079625794,119.17686527443246,120.12234504754682,6558.479,-1.8459362165515074,-0.8554165765023924,-1.665831973311981,58.563006791054505,119.09580535888672,119.81617965698243,119.52543144226074,-52.54895617042072,1.2189865412996637,-0.19941062809007834,False,33.33333333333333,61.53859110796399,58.49857939600014,-0.6229620936672062,-5.762962341308594,120818.23950305351,11.124750024181425,1
2021-02-05,121.38298797607422,122.73368885027378,120.84270213037847,121.38298797607422,8799.751,1.2606429285274032,1.5757980540158343,1.6658368559460115,61.160117330039355,120.2844223022461,119.57755508422852,119.81350593566894,-42.663531076570635,1.5952739649064203,0.7630707803098485,True,50.0,80.1104404888683,67.01253399241209,-0.5293300856590193,-2.3862457275390625,117046.9541828233,76.98692807527677,1
2021-02-17,126.56068420410156,126.83082714732018,125.16495711417275,125.16495711417275,18905.696,3.781969138098532,4.097138297046399,4.322254983794281,70.4533231314976,122.0493408203125,120.02328567504883,120.31199493408204,-2.25565966409035,4.310721310170709,5.021953326958452,True,66.66666666666666,97.74434033590965,79.79779064424731,-0.14123919074538094,4.457305908203125,129821.03095753836,207.9347798462016,0
2021-02-18,126.3805923461914,127.19100742848049,125.70524186427028,126.56068306002891,10478.048,1.3957259458561566,0.36018028116031076,0.540284750097527,69.81943872096724,123.11189270019531,120.69863662719726,120.81029167175294,-6.569295267283991,2.9399205994439406,4.683474332512358,False,50.0,93.43070473271601,90.42849518583132,0.0694688576736664,6.753509521484375,128868.51637526069,150.0356502987678,0
2021-02-19,125.02989196777344,125.66021633917636,123.90430782596792,125.66021633917636,8776.596,-0.900466720852549,-1.530791089304131,-1.8009340383023584,65.03214400308765,123.92231597900391,121.22090911865234,121.10005073547363,-17.518190219234945,1.2949141473712764,3.3558768308134375,False,33.33333333333333,82.48180978076506,91.21895161646357,0.08308727570738217,5.222724914550781,131343.9841386318,84.80126441403021,0
2021-02-22,124.98485565185547,126.740764021733,124.93982954185047,125.88532289179673,6813.636,0.2251065526203746,1.0805476825566416,1.0355217158825525,64.87035370559094,124.86780242919922,121.98180389404297,121.44263725280761,-17.88325852001255,0.7135003755901448,2.938717995643865,False,33.33333333333333,82.11674147998745,86.00975199782283,0.05559488919080646,7.60894775390625,124871.05073219868,78.81685967812165,0
2021-02-23,124.7147216796875,124.89481239258866,122.86876095735909,123.49908532253349,7657.431,-2.386237569263244,-1.8459516291443379,-2.0710685844913854,63.83124113443572,125.53414916992188,122.90928573608399,121.75188980102538,-20.072988034773296,-0.10218275578834708,2.3714198010280905,False,33.33333333333333,69.10105035331586,77.89986720468947,-0.010715675389890045,9.274818420410156,131167.18143764304,34.576211859506756,0
2021-02-24,122.86876678466797,124.44458464236078,122.68867606322563,123.3640265736654,10485.561,-0.1350587488680901,-0.45022775022788153,-0.18008489413345785,57.02213297494379,124.79576568603515,123.42255325317383,121.97325134277344,-35.036459249078554,-1.7756442801384518,0.4786470424119285,False,16.666666666666664,46.06733246390807,65.76170809907046,-0.19842139927938085,5.1326751708984375,122832.4752915418,-3.2409980233201794,1
2021-02-25,123.8592758178711,124.39954793620193,123.09387314185226,124.12941874705658,10182.298,0.7653921733911773,-0.04503670615885369,0.4051970786266281,59.548067747201706,124.2915023803711,123.7016975402832,122.0877140045166,-27.00730672436994,-0.6261314199185529,0.7108186265240266,True,16.666666666666664,58.42684660982085,57.8650764756816,-0.27090666908556926,2.79144287109375,124588.15475874575,1.586487186749087,0
2021-02-26,120.12232971191406,121.7431735646768,120.03229122789631,121.24791381243814,26333.709,-2.881504934618434,-2.656374371525132,-3.0615819139559477,47.9494151020376,123.30998992919922,123.61615295410157,122.00431442260742,-88.20254970141703,-2.811007281012656,-2.485387911651773,False,16.666666666666664,1.2577462424115404,35.25064177204682,-0.5684518845303899,-0.8554458618164062,101026.17024961457,-114.10933610503862,1
2021-03-02,120.1673583984375,122.14838370979379,120.1673583984375,122.01331911085337,7126.57,0.7654052984152315,0.40521014511699605,0.13506717054119122,48.08234294554594,122.34649047851562,123.60714645385742,121.71166305541992,-87.64068436813623,-2.1328612050011535,-2.3893727418781516,True,33.33333333333333,1.8867512939005626,20.523781382044316,-0.7488100891977867,-0.09006500244140625,93899.60024961457,-114.00730887908485,1
2021-03-03,121.92327117919922,121.92327117919922,119.49201213235453,120.4375055783611,8378.094,-1.5758135324922762,-0.22511253059457204,-0.6753462660829683,53.1699883333337,121.78820037841797,123.66117477416992,121.61936492919922,-65.73050674700697,-0.28843181189671874,-1.0264084428808142,True,50.0,31.57891326506028,11.574470267124127,-0.7353717550640093,0.540283203125,102277.69424961456,-97.04781723303645,0
2021-03-04,119.53701782226562,120.97777080239129,118.59152453781059,120.97777080239129,16588.263,0.5402652240301933,-0.945500376807928,-0.9004875945439466,46.425344018938496,121.1218505859375,122.95880813598633,121.49104690551758,-89.00523093684085,-1.5451273032472912,-2.9161836670932844,False,50.0,11.602227254707607,15.022630604556149,-0.8638372696257659,-7.0236663818359375,98834.84000316575,-112.56227279230231,0
2021-03-05,118.81665802001953,119.40197001166968,116.6105158731306,117.10577563836051,14153.461,-3.8719951640307784,-1.5758007907216154,-1.9810086646799903,44.563705892687764,120.11332702636719,122.20241470336914,121.45052566528321,-79.14896358691928,-1.5910478429021886,-3.3333342299159643,False,50.0,21.777770045971693,21.65297018857986,-0.9662286981601174,-7.563934326171875,107052.90673515302,-124.48521180913214,0
2021-03-08,118.72662353515625,120.48253208920583,118.41145447210378,120.43750597447819,12052.602,3.3317303361176727,1.0805620775361575,1.8009385989731896,44.32137913328622,119.83418579101563,121.57208786010742,121.39649848937988,-79.9999116207822,-0.9639347196029632,-2.8908032072122074,False,33.33333333333333,25.54360116221533,19.641199487631543,-1.0044817469823173,-6.3032684326171875,98668.54705337137,-80.16845503989234,0
2021-03-09,118.2763900756836,118.50150690967611,116.83563684211504,117.55601345889932,13273.932,-2.88149251557887,-1.9810251795297233,-1.575817629988748,43.04448459051905,119.45599212646485,120.90124130249023,121.4415225982666,-83.55544525547653,-1.085651638810601,-2.7217094244349713,False,33.33333333333333,21.26448275634292,22.86195132150998,-1.0212264539203457,-6.708465576171875,108354.94170017693,-114.01981228233406,1
2021-03-10,118.77163696289062,119.40197509458422,118.32140329170447,119.13183214386429,5338.478,1.5758186849649718,0.9004681849081067,1.485766449589434,44.94770777817177,118.82566528320312,120.30693283081055,121.60810928344726,-78.66665201031444,-0.4778672136704676,-1.893574537434687,True,33.33333333333333,27.745695129516104,24.851259682691452,-0.9609464350722507,-5.943084716796875,107465.15011246527,-64.38735015353731,1
2021-03-11,121.29293060302734,121.51804740583178,118.90669798931592,118.90669798931592,9165.793,-0.22513415454837116,2.1160723112475637,0.5852946976114453,53.565314610035266,119.17684783935547,120.14934921264648,121.78595123291015,-43.47842669683849,1.724344430374215,0.44429569524199924,True,33.33333333333333,84.55266301042867,44.52094696542923,-0.7240610266519913,-1.575836181640625,115050.63064851298,25.085825276611175,1
2021-03-12,121.7882080078125,122.14838944860286,121.11285750129969,121.7882080078125,5528.044,2.8815100184965843,0.6303420427710762,2.2061595119837705,55.07240093093007,119.77115783691406,119.94224243164062,121.82196998596191,-33.90800761134127,1.8193259185499941,1.05853640578762,True,50.0,93.4960335247516,68.59813055489879,-0.5165460474613921,-2.0710678100585938,116733.11709163047,110.38005441433343,0
2021-03-15,121.47303771972656,121.78820678227754,121.06783016790465,121.78820678227754,3679.531,-1.2255349588485842e-06,-0.3601826663253149,-0.045027333395040614,53.858904644857994,120.32044067382813,120.07731323242187,121.84673309326172,-37.57219373059555,1.1813215154296515,0.894388123060142,False,50.0,87.80485470330188,88.6178504128274,-0.38886172790033924,1.3507080078125,117193.0146033702,84.5468658653479,1
2021-03-16,121.87826538085938,122.14839460283001,121.33797945683447,121.96830387483564,6719.125,0.1800970925580998,0.36018782055246845,0.27014928892982937,55.24220194327477,121.04081573486329,120.24840393066407,121.92777519226074,-4.877846467130866,1.076618356901048,1.3699623702398953,True,66.66666666666666,95.12215353286913,92.14101392030754,-0.27104673356325715,1.710906982421875,119432.87482767599,91.22446597073707,0
2021-03-17,120.84269714355469,121.9232550503149,120.66260644910119,121.87824268173097,6645.656,-0.09006119310467398,-0.22513955251510254,-0.6753730077332847,50.98125297415272,121.4550277709961,120.14034652709961,121.90076065063477,-23.577574067718757,-0.13643652028164746,0.4584896396626675,False,66.66666666666666,76.42242593228124,86.44981138948408,-0.2569241557025782,-1.0805740356445312,114685.95698989944,57.0861102319682,1
2021-03-18,121.47303771972656,122.50858339665044,121.38299923045564,121.6531421783506,6904.704,-0.2251005033803608,0.5853283463355297,0.7203927813544482,53.3695590209243,121.49104919433594,120.33394851684571,121.64637832641601,-17.557372356189685,0.012356771042031409,0.8912431118142189,True,66.66666666666666,81.74589400818562,84.43015782444535,-0.20163431377069452,1.9360198974609375,108885.90448677438,74.28519131068134,0
2021-03-19,119.58204650878906,120.21237079867694,119.13181291029215,120.16734469081945,9925.322,-1.4857974875311584,-2.2962125979734935,-2.251186320163484,46.02997687202725,121.04981689453125,120.41048736572266,121.3064510345459,-49.618572120294736,-1.3128643504887052,-0.5181425418869856,False,50.0,48.41240156719491,68.86024050255394,-0.2838859521126532,0.7653884887695312,107231.70518799372,-41.688095902073194,1
2021-03-22,120.12232971191406,120.30243416003015,118.50149959919162,119.2218624314948,5306.034,-0.945482259324649,0.09006336135320225,-0.6303133111005366,48.248290455663344,120.77967529296875,120.55005798339843,121.06107292175292,-40.45822933055043,-0.6393188127352883,-0.10920699559848464,True,50.0,43.010483787939,57.72292645443985,-0.2922288721584877,1.3957061767578125,111476.46761707088,-46.084568474933356,1
2021-03-23,120.30243682861328,121.29294261502199,120.30243682861328,120.57256602669892,6866.901,1.3507035952041235,0.9905084549918399,1.8009372294216632,49.01045620694079,120.46450958251953,120.7526626586914,120.82695198059082,-38.888900976396265,-0.32949318448367915,-0.06233158734432532,True,66.66666666666666,44.94383747511763,45.45557427675052,-0.27612943745852936,2.0260467529296875,104609.56661707089,-6.572433058691739,0
2021-03-24,118.41144561767578,119.2668867733696,118.23135491227289,118.68158854580017,10243.129,-1.890977480898755,-2.0260558416523793,-2.0710819163403897,41.93647573585466,119.97825927734375,120.71664352416992,120.51178817749023,-72.22239341738697,-1.4242868959097594,-1.6117491879572872,False,50.0,4.210453242342931,30.721591501799864,-0.3770972692642491,-0.36019134521484375,97929.2296400785,-157.54403659234143,1
2021-03-25,118.81665802001953,119.35694389845956,117.60103540359043,118.05126905561025,4885.017,-0.630319490189919,0.090057125089956,-0.6303195086824616,43.83164749855356,119.44698333740234,120.46901626586914,120.3091827392578,-75.22953177130066,-0.8081177133228441,-1.3119759075942417,True,66.66666666666666,24.770468228699343,24.641586315386643,-0.3987498639563412,-2.4762725830078125,99808.0470473871,-115.94555600492083,1
2021-03-26,120.97777557373047,121.02278794235322,119.35693184217303,119.80716544871458,7969.939,1.7558963931043365,1.6658440438936566,1.755896438582596,52.79581409114002,119.72612915039062,120.38797302246094,120.16510772705078,-31.19292618400788,1.0656956169276295,0.32982495602368195,True,66.66666666666666,68.80707381599213,32.595998429011466,-0.2565875435797022,-0.8104324340820312,107347.28158002041,5.1106568639351755,1
2021-03-29,121.96829223632812,122.37349977066002,121.60811081470878,121.74317541280591,8065.834,1.9360099640913262,1.3507118283067996,2.2511789725357545,56.28423046876483,120.09532165527344,120.4374984741211,120.25740585327148,-11.009391270067308,1.55576352374111,1.104094801634804,True,83.33333333333334,88.99060872993269,60.85605025820805,-0.09332179102608823,0.4952545166015625,106872.78668695869,99.42352650913502,1
2021-03-30,122.37349700927734,122.41852312097387,121.74317266564664,122.2834585259245,4763.248,0.5402831131185906,0.04502335031385485,0.13506185093785916,57.67994112822536,120.50953369140625,120.4870216369629,120.36771278381347,-2.752624886483534,1.575828333803488,1.3989879565195917,True,83.33333333333334,97.24737511351647,85.01501921981377,0.03747198527863449,0.49523162841796875,111000.89619021377,105.90396573230734,0
2021-03-31,121.33796691894531,122.28346031826985,121.20290232191626,122.28346031826985,7603.312,1.7923453441426318e-06,-0.13506280270402726,-0.5402703437303842,52.96553131080663,121.09483795166015,120.53654861450195,120.33844757080078,-23.853388277823218,0.572212782692383,0.55032310848793,False,66.66666666666666,77.57013062784827,87.93603815709916,0.049026790687394406,0.495269775390625,105298.33967919569,64.8842170318625,1
2021-04-01,122.23843383789062,122.5085767711758,121.74317408354119,122.1934077256697,7223.316,-0.09005259260014498,0.22511645290595084,0.5402717616249362,56.349926750141265,121.77919311523438,120.61308822631835,120.47351837158203,-5.504776706042261,0.7857469069170949,1.2713336280735577,True,83.33333333333334,94.49535086816621,89.77095220317699,0.1086782615053623,0.7653961181640625,107422.8291299551,92.53982126823894,1
2021-04-07,124.08438873291016,124.21945332323487,123.49907678141037,123.9943365126672,4279.389,1.8009287869975026,1.7108765520590765,1.7559026978691747,62.40040746015435,122.40051574707032,121.06332244873047,120.73690490722656,-2.0407383148746967,1.5724811750573437,2.5710998604183226,True,83.33333333333334,97.9592616851253,90.0082477270466,0.25543989580431925,4.502342224121094,110097.51867469186,141.45969157271185,1
2021-04-08,124.48959350585938,124.48959350585938,123.04884045389876,123.67917850165615,6198.567,-0.3151580110110501,0.2701401826245018,-0.4502363275116039,63.60835646890609,122.90477600097657,121.500048828125,121.02505340576172,-0.0,1.4182620247217386,2.692660107503664,True,83.33333333333334,100.0,97.48487085109717,0.3565794994585563,4.3672637939453125,116296.08567469186,117.2711151333271,0
2021-04-09,124.2194595336914,125.07490070860914,123.94931659949624,125.02988833627694,3593.685,1.3507098346207869,0.5853072027497603,0.9004761455974801,62.15610289669283,123.27396850585937,121.89175109863281,121.32220687866212,-11.44576654791062,0.8898107518207927,2.144201354220382,False,66.66666666666666,88.55423345208938,95.50449837907156,0.37991093519464836,3.917022705078125,114427.38702198183,110.43574599535005,0
2021-04-12,123.49909210205078,124.62467629452314,123.04885842506184,124.30952096465572,5896.559,-0.7203673716212222,-0.45022441408599434,-0.9004581744344051,58.28488473094114,123.70619354248046,122.40051574707032,121.55857963562012,-21.084252153971754,0.15213748385285153,1.317413992827409,False,50.0,72.4411125109794,86.99844865435625,0.3236519048342108,5.087646484375,111900.29030769612,68.92819032701784,0
2021-04-13,123.49909210205078,124.98487148013913,123.36402749497066,123.54411821775795,5587.824,-0.7654027468977631,0.36019518561599284,0.3151690699088192,58.28488473094114,123.9583251953125,122.86875915527344,121.66888771057128,-21.084252153971754,-0.1395505732486591,1.0964757446090152,False,50.0,59.30244671655788,73.43259755987556,0.2656908020016343,4.68243408203125,107243.73083395396,63.40266631105508,1
2021-04-14,124.17442321777344,124.17442321777344,122.50856711719577,123.67917724249097,6375.51,0.13505902473301035,-0.8104482623656963,-0.8554603777748895,60.99521123770209,123.97633209228516,123.18842391967773,121.78819847106934,-12.0483505399947,0.14523379305745948,1.251251795871807,True,50.0,76.74385676578738,69.49580533110822,0.2521937809321273,3.1966476440429688,113619.24083395395,32.6728151864818,1
2021-04-15,125.2099838256836,125.2099838256836,123.90430895727589,124.30951650401745,7532.196,0.6303392615264869,1.0355606079101562,1.3957418400801203,64.8189187940209,124.12041015625,123.51259307861328,121.97504577636718,-0.0,0.8278523473302188,1.6540335880275918,True,50.0,100.0,78.68210116078176,0.2896877250358523,3.2416915893554688,121151.43683395395,102.16803191106435,1
2021-04-16,125.39008331298828,125.39008331298828,124.62468054001612,125.07491423234282,11179.356,0.7653977283253681,0.1800994873046875,0.7203715827402277,65.46130786394646,124.35453491210937,123.81425170898437,122.15063667297363,-0.0,0.8509963434667278,1.4972632982050371,True,50.0,100.0,92.24795225526246,0.3019225366182623,3.0165863037109375,132330.79283395395,122.38029508597118,1
2021-04-19,125.61518859863281,125.8403054240784,124.8497858961016,125.39007177318723,7999.27,0.3151575408444103,0.45022211109011323,0.22510535608547855,66.30033559232803,124.77775421142579,124.24197387695312,122.38926124572754,-4.854372597901262,0.8433731323885184,1.429958569422611,True,66.66666666666666,93.24326208392355,97.74775402797452,0.2998680666214897,4.2772216796875,136694.05119073018,133.42376298607098,0
2021-04-20,125.39008331298828,125.66022627639268,124.98487573790261,125.02990185514366,4751.499,-0.36016991804356735,-0.1800791476857171,0.1350898418010189,64.58868379363663,125.15595245361328,124.5571388244629,122.58511352539062,-9.708496353922781,0.4086122930008815,1.04309396751079,False,66.66666666666666,86.48687052761453,93.24337753717937,0.25955020360577596,3.1516494750976562,137644.3123229324,102.81217678423761,0
2021-04-21,124.26449584960938,125.11993709476867,124.26449584960938,125.11993709476867,7815.415,0.09003523962500992,-0.5402891816240043,-0.7203798882932375,56.615735247095614,125.17396697998046,124.57514953613281,122.81923599243164,-38.461290192918355,-0.5942693343464337,-0.060343357297656074,False,66.66666666666666,52.70308081478822,77.47773780877544,0.13930487982419715,0.18010711669921875,129828.89732293242,6.522444280033427,0
2021-04-22,124.17442321777344,125.20996875708965,123.9943325231217,124.75973515044068,3961.169,-0.3602019443279971,0.09003166232098181,-0.27016332648767616,56.012138559862855,124.96685485839843,124.54363250732422,123.0218406677246,-50.000391773375966,-0.6663231878579469,-0.26219556046961356,False,50.0,49.999608226624034,63.06318652300894,0.04103266405342243,-0.3151702880859375,127041.38481146011,-10.652700925483378,1
2021-04-23,125.3000259399414,125.3000259399414,123.72420808142235,124.17444175528493,5959.639,-0.5852933951557446,0.09005718285175135,-0.2701244416993518,61.59411855606774,124.94884338378907,124.65168914794921,123.27172012329102,-16.21614407772938,0.22207428819076136,0.5600736658530603,True,50.0,83.78385592227062,62.16218165456096,0.039172397943654014,1.08056640625,133001.02381146012,25.581107379704584,1
2021-04-26,127.14596557617188,127.2810438998598,125.97535547107177,126.06540768686371,11873.924,1.8909659315787763,1.9810179599183897,2.251147389649418,68.70003638902836,125.25499877929687,125.01637649536133,123.70844612121581,-2.8303610439466467,1.4610658867041972,1.8605780985628255,True,50.0,97.16963895605335,76.98436770164933,0.14371972949339384,3.6468734741210938,142418.1446198954,200.97373750004954,1
2021-04-27,127.19100952148438,127.59621706929686,126.78580197367191,127.14598340727389,6587.615,1.080575720410181,0.31517316943705964,0.8104465026001435,68.85344155987676,125.6151840209961,125.38556823730468,124.12716369628906,-7.964532773036767,1.2847366260754438,1.6949183559541743,True,50.0,89.53495332574333,90.16281606802244,0.19422421581352523,3.6919174194335938,142418.1446198953,167.81021545747046,0
2021-04-28,126.42559814453125,127.19100081358475,126.24550744005984,127.19100081358475,2961.783,0.04501740631086193,-0.40521625571210507,-0.5402945336120695,63.11885237195132,126.04740447998047,125.61068572998047,124.3995548248291,-23.009030412600723,0.5370526791088313,0.8862201793158407,False,50.0,69.76714340200428,85.49057856126699,0.15604412352910635,2.2511749267578125,140584.63940987687,90.70855921090222,1
2021-04-29,126.605712890625,127.86636166454065,126.605712890625,126.96589432887487,8848.543,-0.22510648470988315,0.6753608509558973,0.36020545056516085,63.89088633299067,126.53366241455078,125.75025863647461,124.63142585754395,-23.52924814073689,0.3688404371287313,0.8216648848559512,True,66.66666666666666,69.56537828405183,76.28915833726649,0.1242653311377293,1.3957290649414062,131736.09640987686,91.57709967030353,0
2021-05-03,124.48959350585938,126.4255925381445,124.35452891850531,126.4255925381445,6721.674,-0.5403017907303678,-1.4407691263961482,-2.2511839721196907,50.37544258100451,126.37157592773437,125.66020965576172,124.73723068237305,-81.52204139517131,-1.3498299982282775,-0.8842238915908365,False,66.66666666666666,18.47795860482869,52.60349343029494,-0.048658877321138716,-0.9004898071289062,125891.13147523788,-45.13738473812173,0
2021-05-04,123.40904235839844,124.57965255984323,121.56308170304783,124.48960033663971,13287.337,-1.9359922015047886,-1.8459399783012742,-2.791447215457481,45.06506805333204,125.62419128417969,125.43959503173828,124.84078445434571,-70.71428420397456,-1.9612493828687916,-1.626989108721262,False,50.0,29.285715796025443,39.109684228301994,-0.23478687632622908,-2.206146240234375,128865.9029956664,-137.56907272935175,0
2021-05-05,122.23843383789062,123.63416087649708,122.1934077256697,123.40904405543282,8780.886,-1.0805562812068956,-0.9454916833461482,0.6303260226218725,40.07266729238619,124.63367614746093,125.12443008422852,124.84078445434571,-89.28570301543688,-2.256090541574591,-2.355691580217611,False,33.33333333333333,10.714296984563122,19.492657128472423,-0.4246457425497312,-3.1516494750976562,120633.8537734421,-127.15156197037531,1
2021-05-06,123.31897735595703,123.81423705217347,122.01330269505094,122.7336791859077,7977.513,-0.6753648695251115,0.18007617567639045,-0.18010503061876193,46.08693274364446,124.0123519897461,125.02987823486328,124.80251388549804,-72.14314351201132,-0.8805901247021855,-1.3417506007966278,True,33.33333333333333,27.85685648798868,22.618956422859085,-0.4622592110280517,-0.9455184936523438,124223.71027800452,-93.30634433638163,1
2021-05-07,125.52513122558594,125.57015733683698,124.21945643954572,124.39954714450988,6971.841,1.6658679586021776,1.7559202846635174,2.2061537444947845,55.93652933609636,123.79623565673828,125.16494903564453,124.85429077148437,-37.14305017796213,1.014488890394242,0.4141866068806977,True,50.0,62.85694982203786,33.809367764863225,-0.32958904825914903,1.3507080078125,130730.73350951093,-2.2783930292026655,0
2021-05-10,124.6697006225586,125.61519407868599,124.35454529721028,125.61519407868599,4286.348,1.2156469341761067,0.04503674184900319,0.13508885766455592,51.923898212173654,123.83225708007812,125.10191650390625,124.87680282592774,-50.71424816144422,0.587281606595413,-0.29704936321640013,False,33.33333333333333,49.28575183855578,46.66651938286078,-0.29177516204141307,-0.6303253173828125,128587.51279182151,-13.536200819018793,0
2021-05-11,119.9872817993164,122.28347643166448,119.40198348167809,122.23845031337488,25371.817,-3.3767437653111045,-3.331717647021506,-4.952561815532192,36.35213783205785,123.14790496826171,124.3860481262207,124.70121231079102,-93.08515870872421,-2.6009488832052816,-3.773230431977686,False,33.33333333333333,6.914841291275782,39.685847650623145,-0.5589620517520035,-7.158683776855469,113522.90949199552,-152.94524737941776,0
2021-05-12,116.52046966552734,119.67210539246246,109.13664013900193,119.67210539246246,38462.474,-2.566344920912428,-2.6113710392020266,-10.26534334267616,29.263729757193275,122.00431213378906,123.318994140625,124.35228118896484,-60.57693908338535,-4.5253293587326375,-6.0019942850791175,False,33.33333333333333,39.42306091661465,31.874551348815412,-0.9244599740791377,-10.670539855957031,128973.64090855405,-227.11443180250853,0
2021-05-13,114.80958557128906,117.06075391582415,112.55841722675399,113.68400139902153,27143.151,-5.98810399344093,-2.611351476638305,3.421777087752062,26.483544669851767,120.30243377685547,122.15739288330079,123.88403930664063,-69.7115334867534,-4.9630362877062515,-6.607655569353581,False,33.33333333333333,32.81254584614669,26.38348268467905,-1.2182510854080162,-11.616012573242188,128973.64090855396,-153.18375274491783,1
2021-05-14,116.11524963378906,117.28585981178026,115.12473702857649,115.71004211757209,15214.683,2.0260407185505613,0.22510589595610497,2.5663198018225017,31.872055276647302,118.42045745849609,121.10834655761718,123.4293025970459,-62.74045246603627,-2.9173802693556,-4.831027057152375,True,33.33333333333333,42.34964742859551,38.195084730452294,-1.256411044465326,-10.490463256835938,127705.72244496994,-92.56756507877692,0
2021-05-17,113.90911865234375,115.98019628494006,112.28827469031006,112.73850836087269,31603.624,-2.971533756699401,-1.305663526840192,-2.836462338266429,28.078499432746,116.26834106445312,120.05029907226563,122.85525436401367,-74.51922332729636,-3.194947537791557,-5.834181085710161,False,16.666666666666664,28.96175556914993,34.70798294796405,-1.3535968821619366,-10.580474853515625,123851.6276946108,-99.90848601184184,1
2021-05-18,119.1318359375,119.1318359375,115.25982349399042,115.57499256987347,16272.929,2.836484209000787,3.151639652559936,2.9715488036803634,44.98850182017224,116.09725189208984,119.62257843017578,122.53108673095703,-42.18738320435323,2.0439707600497137,-1.0070038781245583,True,33.33333333333333,60.65578226756533,43.98906175510359,-1.0055074925349676,-4.2772064208984375,140124.5566946108,-27.622994416459683,0
2021-05-19,118.32139587402344,119.44697998142489,117.51098081271056,119.04177245076843,16920.497,3.4667798808949613,0.3151440439248887,2.251157318720132,43.26643886030765,116.45743713378906,119.23087463378906,122.17765235900879,-44.262368114094315,1.591384957616878,-1.2586942329858182,False,33.33333333333333,55.737631885905685,48.451723240873655,-0.7793058902963199,-3.9170379638671875,137370.001328569,-10.895042000621421,0
2021-05-20,117.51097869873047,118.32139374546429,116.79060213494479,118.27638137401028,9509.619,-0.7653910767581493,-1.125586235960597,-0.7203786777657655,41.532200715201014,116.99771575927734,118.6500747680664,121.83997650146485,-49.18037959895709,0.7527467336909721,-1.5311120120273973,False,33.33333333333333,50.81962040104291,55.73767818483798,-0.6395813971718374,-5.8079986572265625,136810.66218515398,-19.95670546629008,1
2021-05-21,119.1768569946289,120.5275579938576,118.2313635471606,119.31192159853533,10091.03,1.0355402245250502,2.206164248393307,1.4407614122158066,46.35409162990158,117.61003723144532,118.0152473449707,121.59009819030761,-39.07100773297904,1.5473219250698216,0.0787756890710464,True,50.0,76.36983249902163,60.97569492865674,-0.4018945422415974,-6.348274230957031,135029.9063929246,41.07841358704017,0
2021-05-24,118.99675750732422,119.44699119254305,118.09629013688652,118.45648532908659,10224.544,-0.8554362694487452,-1.0805668013145464,-0.1350734102740745,45.90756979133322,118.6275650024414,117.44795303344726,121.27493476867676,-40.163940328666136,0.9806422956103064,0.23070029141523896,False,33.33333333333333,86.56121915688438,71.25022401898298,-0.23215670509883157,-5.672943115234375,138438.0877262581,59.014882974911785,1
2021-05-25,121.02278900146484,121.24790580670569,119.67208817001975,119.67208817001975,9091.243,1.2156028409331583,1.800914614162636,1.5757980331332249,51.62614225809805,119.00575561523438,117.5515037536621,120.96877593994141,-27.86898106490765,1.6769505010658492,2.2603915305992386,True,50.0,97.48743221326497,86.80616128972366,0.027413323587449634,1.0355072021484375,144931.83272625814,125.488345513176,1
2021-05-26,121.11285400390625,121.69815226329912,120.61759423209028,121.42802306052754,5138.589,1.7559348905077883,0.4502464565934332,0.9455060620705353,51.87288218026677,119.56404724121094,118.0107421875,120.6648681640625,-8.904213924163443,1.4711464145379187,2.593440716889565,True,50.0,93.77995882674432,92.6095367322979,0.2060700005324836,4.592384338378906,144503.65509166897,121.18181550429894,0
2021-05-27,120.2574234008789,120.39248801416893,119.17686527443246,120.21239728310154,5656.101,-1.2156257774259984,-1.3056642491301886,-1.440728957657825,49.269009127152536,120.11333618164062,118.55552597045899,120.35645942687988,-11.469390374057555,0.4828002587126218,1.8493921556540553,False,50.0,84.68918589806302,91.9855256460241,0.26383728203081125,5.447837829589844,148902.88737850235,64.88174970689907,1
2021-05-28,122.28346252441406,122.37350101071104,120.93276156959367,121.47303370749745,9546.007,1.260636424395912,1.9810129965421055,1.7558962951612074,55.09328954285944,120.73465728759766,119.17234725952149,120.14034690856934,-0.892776061106738,1.5010900685916009,3.145769917083267,True,66.66666666666666,98.73429058197617,92.40114510226118,0.4260925039038779,6.168212890625,157255.74592163254,119.43153318372404,1
2021-05-31,123.45407104492188,123.85927857770888,122.28346081906128,122.28346081906128,10360.378,0.8104271115638255,1.4857775669978395,1.3506992494676098,58.123623167981926,121.6261199951172,120.1268424987793,120.08857078552246,-3.5019220175726193,1.869970734382755,3.50424871143312,True,66.66666666666666,94.26756145838594,92.56367931280839,0.5897703220420145,9.544952392578125,162287.96565576346,149.39287488906933,1
2021-06-01,123.99434661865234,124.35454178894165,123.54411296082132,123.54411296082132,5559.98,1.2606521417600476,0.49526321123276773,1.2606521417600476,59.499660078306164,122.22043151855469,120.61309356689453,120.11783599853516,-2.985141695812046,1.6173650649058444,3.388078206298973,True,83.33333333333334,95.23799518814285,96.07994907616832,0.7041889523144281,4.862510681152344,162905.6783685791,138.35154796601404,0
2021-06-02,123.99434661865234,124.26448956135911,123.04885318919905,124.08439884623488,4944.067,0.540285885413553,-0.0900522275825324,-0.49525977162227264,59.499660078306164,122.7967300415039,121.18038864135742,120.20563163757325,-3.9604873796834155,1.2065865433550307,2.6686114363264797,False,66.66666666666666,94.24447608828548,94.58334424493812,0.7456507502766184,5.672950744628906,165652.3698393389,103.7414469518064,0
2021-06-03,123.904296875,124.66968577975632,123.81424465559829,124.21945216282687,4974.864,0.1350533165919927,0.405196218397208,0.7653914663992367,59.114360750635356,123.52610473632812,121.81972045898438,120.23489761352539,-9.714186817401524,0.7504979840606056,2.2573119424644155,False,50.0,88.35626293715421,92.61291140452754,0.7317648700371318,6.393318176269531,161724.91291802624,95.80002723824651,0
2021-06-04,123.31897735595703,123.36400346289284,122.7336791859077,123.36400346289284,3107.58,-0.8554486999340298,-1.3056823168634821,-1.0805654696905833,56.51911661149275,123.73320770263672,122.23393249511719,120.12458992004395,-17.142963378599838,-0.13977159042623422,1.4256463613579566,False,50.0,75.40956558674857,86.00343487072944,0.6506412579664751,4.142120361328125,164388.52388652763,45.45976051891381,1
2021-06-07,123.63417053222656,123.72420902365998,121.2479237985573,123.5441183007517,10744.604,0.1801148378588664,0.3602055607671417,-1.4857553873504088,57.61231082186141,123.76922760009765,122.69767379760742,120.07281341552735,-15.75312523068634,-0.0667096473928769,1.25991806079631,True,50.0,81.14784114051979,81.63788988814086,0.5876126454054245,4.637413024902344,174351.77368273688,21.38220478782992,0
2021-06-08,122.91380310058594,123.81427052256825,122.91380310058594,123.63417978618028,2893.6,0.09006148542857773,0.09006149890826975,1.6658793020286424,54.21390323742818,123.55311889648438,122.88677520751953,120.21913948059083,-26.711957937219253,-0.5766181564361068,0.41380564927658986,False,33.33333333333333,68.03313202263735,74.86351291663524,0.4718033451797703,1.8910140991210938,171458.17368273687,31.331872074723545,0
2021-06-09,122.01331329345703,122.73368984688764,121.6081057759148,122.73368984688764,5990.426,-0.9004899392926404,-1.0805806756806078,-1.3056973246711436,50.17760378070095,123.15691223144532,122.97682113647461,120.4937816619873,-48.36080996501937,-1.040720130597346,-0.5261277647748769,False,16.666666666666664,28.91553756762792,59.365503576928354,0.31641272287677524,0.9004592895507812,169780.8251526099,-51.58776706332823,1
2021-06-10,123.904296875,124.12941368346473,122.28345310604607,122.46354380480994,6760.279,-0.2701460420776982,1.3957238365770905,0.6753473301312738,57.437027860064404,123.15691223144532,123.34150848388671,120.94851722717286,-13.934351286638174,0.5052020423444931,0.818166532246489,True,33.33333333333333,77.63173157683751,58.19346705570094,0.3217832695803837,3.6468734741210938,174892.25807059955,33.258395357367775,1
2021-06-11,124.35453033447266,124.71471173154433,124.12941352629298,124.35453033447267,3280.759,1.890986529662726,0.5852980480795935,1.8459604202469109,58.98911213111485,123.36402282714843,123.54861526489258,121.36048126220703,-6.503997535163056,0.809049350854873,0.9625889830254795,True,50.0,89.61051543867198,65.38592819437915,0.3349555535263256,2.0710678100585938,174135.18353728807,125.96892649922981,1
2021-06-15,125.02989196777344,125.16495656877377,124.62467068469081,124.80477513941233,3960.456,0.4502448049396577,0.4502448372294481,0.495257158397834,61.29850726526127,123.6431671142578,123.70619735717773,121.91651992797851,-3.191360535762247,1.1227802971754341,1.1841922247480836,True,66.66666666666666,96.55186441054786,87.93137047535247,0.36593102499261754,1.5758209228515625,176115.5122558681,139.25282148344127,0
2021-06-16,124.89482116699219,125.11993800894425,124.39956136668934,124.89482116699219,7212.112,0.09004602757985936,-0.04501855982952918,-0.22510931800147205,60.55453051039908,124.03937072753907,123.79624481201172,122.20466918945313,-6.896429456388183,0.8421720516216467,0.8971920515192695,False,50.0,93.10357054361182,93.08865013094389,0.35388746864142456,0.9004745483398438,178820.07145081743,103.03097014960801,0
2021-06-17,124.53462219238281,124.53462219238281,123.49907662109196,124.08438857183192,3176.151,-0.8104325951602647,-0.5853158165614332,-0.9004847455973817,58.489360089586505,124.54363250732422,123.85027236938477,122.5153305053711,-16.09213946801181,0.3325033793500783,0.5330706445517548,False,50.0,83.90786053198819,91.1877651620493,0.3003380269578826,0.5402755737304688,181996.22245081744,40.36409131257033,0
2021-06-18,124.26449584960938,125.02989860267068,124.21946973353963,125.02989860267068,2141.578,0.9455100308387614,0.4952764102878717,0.7203931124476668,56.901735578228916,124.6156723022461,123.8862922668457,122.85300636291504,-22.98833765219265,-0.186842796536857,0.2967781878161639,False,50.0,77.01166234780734,84.67436447446913,0.22864434449208593,0.360198974609375,180092.60966472648,61.453241157076,0
2021-06-21,121.29293060302734,123.36400793683607,121.2028921259291,123.2739557196986,15692.991,-1.7559428829720787,-1.6658906658346098,-3.016577607610529,42.920571944557345,124.00335235595703,123.68368759155274,122.95881004333496,-97.72748579945859,-2.2319115033178383,-1.923438406949932,False,33.33333333333333,2.272514200541404,54.39734569344566,-0.023584141778937084,-2.0260467529296875,165707.2515121892,-121.86228964909193,1
2021-06-22,121.42801666259766,122.5085746368729,121.11284762258232,122.10336711402469,5779.196,-1.1705886056739132,-0.8554332999631811,-0.09004450334677472,43.607721503166495,123.28297729492188,123.46307220458985,123.08037300109864,-92.22209856150194,-1.7367009440471153,-1.6501036815416918,True,33.33333333333333,7.777901438498075,29.020692662282286,-0.17743312981214987,-2.2061538696289062,162538.0553713755,-117.69784341688298,1
2021-06-23,123.40904235839844,123.49908084156178,121.38299099668097,121.56308170304783,6388.548,-0.540285410976864,0.9905062046888844,0.27014337409865163,52.71455287919523,122.98582153320312,123.5125961303711,123.1996856689453,-43.33334156836302,0.08519936877103367,-0.05165958701804248,True,33.33333333333333,56.66665843163698,22.239024690225495,-0.14334677497486636,0.4952392578125,168382.9448183819,-43.86205713747296,0
2021-06-24,123.09387969970703,123.58913947292547,122.86876287006599,123.40904875722082,6177.821,1.8459670541729878,0.0900586313636893,1.4857718733850191,51.27738748640483,122.69767303466797,123.62065277099609,123.29873695373536,-51.11108552531228,0.07320785961532957,-0.270541940862037,False,33.33333333333333,48.88891447468772,37.7778247816076,-0.13946371135736557,1.08056640625,166066.24721436514,-27.31883343157761,1
2021-06-25,123.31897735595703,124.21944453451829,123.0938605613167,123.76921094523766,6468.464,0.36016218801684374,0.6303050615928214,0.22509769125070989,52.29083855584967,122.5085693359375,123.5621208190918,123.45181465148926,-45.55601138394282,0.4216192520260873,-0.11549411103418765,True,50.0,54.44398861605718,53.333187174127296,-0.1199190249909865,-0.5853195190429688,162185.16881436526,-3.607487676623962,1
2021-06-28,123.54411315917969,123.8142561023202,122.91378878521242,123.3640224437663,3981.057,-0.40518850147135765,-0.40518843219808787,-0.1800717761042847,53.349580039078994,122.95880584716797,123.4810791015625,123.51484718322754,-39.99999583223215,0.7034113357128843,-0.03642852016536039,True,66.66666666666666,60.67408773388651,54.66899694154381,-0.09130674749129214,-0.8104171752929688,163777.56731592157,-5.573842893176458,1
2021-06-29,123.904296875,124.89480258822104,123.63415395683442,124.17442605312601,8986.905,0.8104036093597102,1.0805464859008396,0.7203651716220065,55.089017317144894,123.45406188964844,123.36851959228515,123.53735847473145,-31.111199390595353,0.6399710100941588,0.2550078720801002,True,83.33333333333334,71.26405213022547,62.1273761600564,-0.049684433571318354,-1.1255950927734375,158642.24900158902,59.01724821671758,1
2021-06-30,125.11993408203125,125.48012926187472,124.30951897245554,124.35454508744112,9434.672,0.180119034315112,0.5853266736536824,0.6753650156211108,60.51033805880481,123.796240234375,123.39103088378906,123.5936378479004,-8.247583041194304,1.1219653052423737,1.186397864387588,True,83.33333333333334,91.7524169588057,74.56351894097257,0.05261669284527393,0.2251129150390625,162270.84974368082,122.54286629849771,0
2021-07-01,124.53462219238281,125.34503721335852,124.30950538210736,125.1649465131461,4508.775,0.8104014257049812,-0.13509204851619927,-1.359034817483007e-05,56.902431415542495,124.08438873291016,123.39103088378906,123.62065162658692,-21.649784639149214,0.4965475749169563,0.7466741247190178,False,66.66666666666666,78.35021536085078,80.45556148329399,0.07253504120855953,0.0,159722.4221045598,93.01774193493928,0
2021-07-02,124.53462219238281,124.71471289259523,124.17442705191829,124.53462219238281,4710.427,-0.6303243207632931,-0.6303243207632931,-0.13507833018907434,56.902431415542495,124.32751770019532,123.41804351806641,123.65216789245605,-21.649784639149214,0.3021877248338275,0.7711443533450013,False,66.66666666666666,78.35021536085078,82.81761589350243,0.07696122294377616,0.2701263427734375,161292.64429864963,74.35015627894313,1
2021-07-05,125.7052230834961,126.0654044573588,124.93982048898951,124.93982048898951,7604.565,0.4051982966066987,1.3506915647635651,0.765393437071225,62.258471545975326,124.75973968505859,123.85927276611328,123.771480178833,-7.272634840523902,0.9217358901063387,1.638144416910524,True,66.66666666666666,92.30778364859385,83.00273812343181,0.145974790948182,4.41229248046875,164030.36196197968,123.53197182958374,1
2021-07-06,125.84030151367188,126.11044444382017,125.57015858352358,125.93035373706805,6395.338,0.9905332480785347,0.04503998646137575,0.6303380945340677,62.83981743691458,125.14694061279297,124.30050125122071,123.88178672790528,-5.405456658694301,0.7207214597301196,1.6394448939879094,True,66.66666666666666,91.66658032252549,87.44152644399007,0.1854353457622051,4.412284851074219,164030.36196197968,123.2395919191983,0
2021-07-07,125.1649398803711,125.7502380600551,124.8047584990331,125.70522569241706,6587.378,-0.22512804465098668,-0.36020638376507463,-0.76540008449048,57.969537758779076,125.15594177246093,124.47609100341796,123.99434356689453,-18.919184505461693,0.011985135262249208,0.8311846395125336,False,50.0,70.42207030015628,84.79881142375855,0.15216102077866112,1.7558975219726562,162461.92039434603,64.02569721612292,0
2021-07-08,125.02989196777344,125.61519022549598,124.44457997001008,125.30002116977413,3942.71,-0.40520452264293283,-0.13504783455911706,-0.36017852902301684,57.00575808251412,125.25499572753907,124.66969223022461,124.14517250061036,-22.85696703582827,-0.08394258980448717,0.4794307526864507,False,33.33333333333333,66.19740780846726,76.09535281038302,0.1091769309841859,1.9360122680664062,162461.96667191456,34.71007878310746,0
2021-07-09,124.03936767578125,124.1744322716081,123.31899110461076,124.1744322716081,6736.596,-1.1255888981660291,-1.440757953887882,-1.1255888653993225,50.31274389797231,125.15594482421875,124.74173126220703,124.15192604064941,-63.88896382689481,-0.8100791739692599,-0.35865908167561045,False,33.33333333333333,25.806505917613283,54.141994675412285,0.007516905436382948,0.7203903198242188,167071.29629500525,-97.41556330907373,1
2021-07-12,125.1649398803711,126.11043318143206,124.75973239135611,125.2099659880481,13551.81,1.0355337164399998,1.9360009098239601,1.4407412867453502,56.62569390243918,125.04788818359376,124.90381393432617,124.19244651794433,-29.577929699843715,0.005989160442537084,0.40631350417634415,True,50.0,66.12859150578312,52.710835077287896,0.009436328901216706,1.6208267211914062,161650.51715254903,57.2340660727785,1
2021-07-13,126.20046997070312,126.96587257086927,126.02037928244015,126.06540538951559,13685.209,0.8554394014674926,0.8554393894372083,1.2606468910840363,61.53110061401839,125.119921875,125.13343124389648,124.25097541809082,-18.889110903269934,0.766915471488796,1.0423737170864569,True,50.0,79.0121338670379,56.982410430144775,0.07040894031059697,2.296173095703125,153178.6264023855,156.1799314378045,1
2021-07-14,126.51563262939453,127.05591840710113,126.200463635726,126.24548974054123,9455.679,0.18008435102564135,0.0900458362318659,0.18008435328584937,62.92330837078405,125.39006042480469,125.27300109863282,124.33201599121094,-14.45802216560493,0.9278569801849474,1.094276889679983,True,50.0,85.54197783439507,76.89423440240536,0.11906601803583283,1.3956985473632812,150690.3217969246,133.33291728136555,1
2021-07-15,127.68627166748047,127.7312977825266,126.78580432672256,126.92086893181975,12072.582,0.6753791912785232,0.6753793754254644,0.5853406909965599,67.66510145357894,125.9213363647461,125.58816604614258,124.48959846496582,-1.0204665797934855,1.521402038029364,1.7733909670942425,True,66.66666666666666,98.97953342020651,87.84454837387983,0.21177640186749214,3.1516494750976562,161613.06724819134,154.84520329592314,0
2021-07-16,125.9753646850586,126.06541690743705,125.20997575500175,125.88532620272015,9250.384,-1.0355427290996033,-1.6658808750895417,-1.5758285717208054,56.204560073145394,126.30853576660157,125.73224029541015,124.57514190673828,-39.79626135818423,0.03575278195276522,0.35267912506160937,False,66.66666666666666,60.20373864181577,81.5750832988058,0.14286229652548976,1.4407424926757812,168915.87686582105,4.751896007789225,0
2021-07-19,124.53462219238281,125.34503721335852,123.85927176155649,125.1649465131461,10450.51,-0.7203796895740453,-0.720379694078531,-1.350703993445265,48.63700262779025,126.1824722290039,125.61518020629883,124.73722648620605,-72.44907989155779,-1.1731033135189788,-0.7950243916600406,False,66.66666666666666,27.550920108442217,62.24473072348817,-0.006826661656466948,-1.1706008911132812,167965.86564548337,-85.82228798033553,0
2021-07-20,123.54411315917969,124.5346327040146,123.40904855762987,124.0843990454607,7860.923,-1.080547467685406,-0.8104045093439254,-0.45022320392661186,44.17601194253249,125.65120086669921,125.38556137084962,124.84303131103516,-94.89786021230816,-1.7485164218767235,-1.519314673911444,False,50.0,5.102139787691838,30.95226617931662,-0.1705483832935032,-2.2961883544921875,161991.48739865702,-115.48589402628956,0
2021-07-21,123.40869140625,124.58229549566563,122.86703751702957,124.58229549566563,12693.914,0.49789645020493367,0.04766279165103526,-0.5420110406003005,43.57984384115189,125.02981262207031,125.2099365234375,124.84301376342773,-88.86461949697747,-1.4916953484440778,-1.4769637226523489,False,33.33333333333333,11.135380503022525,14.596146799718868,-0.27952461916765636,-1.7562484741210938,157314.68566184797,-102.02426791393866,1
2021-07-22,124.26631164550781,125.07881308489854,123.90520907812079,124.40173543966291,6101.349,-0.18056005600271874,0.49651758923290856,1.038171561091218,48.391540851340224,124.34582061767578,125.13357849121094,124.90163536071778,-71.23356785812808,-0.5093977267354727,-0.688289462685678,True,33.33333333333333,28.766432141871913,15.001317477528767,-0.2844640176393882,-0.763580322265625,154967.9468637565,-45.2897421879283,0
2021-07-23,124.26631164550781,124.85312053648667,123.99549160755753,124.62742798807479,3093.56,0.22569254841187103,-0.22569254841187103,0.09028252943673465,48.391540851340224,124.00401000976562,125.1562728881836,124.94900207519531,-71.23356785812808,-0.05329052337160235,-0.6288183146468501,False,16.666666666666664,28.766432141871913,22.889414928922125,-0.2780191796007285,0.2269439697265625,153828.14100693256,-53.64662493644286,0
2021-07-26,123.18299865722656,124.62743657667687,123.0024473610905,124.35660274488232,11587.727,-0.27082524319246204,-0.22568395980979972,-0.9930442464670222,42.89256225766543,123.73368530273437,124.95807876586915,124.93094635009766,-93.50443596864764,-0.5523465989331453,-1.3737200479147844,False,16.666666666666664,6.495564031352366,21.342809438365407,-0.3332776138738801,-1.9819412231445312,144815.4207935048,-81.81254724057388,0
2021-07-27,123.13787078857422,123.72467978384584,122.82190942975019,123.22815333405676,10316.297,-1.1284494108255672,-0.9027567928310276,-0.18053793134031082,42.67220008463185,123.65243682861328,124.65181884765624,124.89262504577637,-93.56414004923157,-0.40159709908569274,-1.3505154130355401,False,16.666666666666664,6.435859950768425,13.899285374664245,-0.3572995693640718,-3.0625991821289062,141720.3427964648,-91.16413398117845,0
2021-07-28,121.19689178466797,122.8670220604874,120.74550671284426,122.8670220604874,30057.749,-0.3611312735693559,-0.857657723358443,-2.076402716905932,34.383756983027894,123.21007690429687,124.1199447631836,124.6964729309082,-93.53852602631252,-1.6603657483441905,-2.6475960310994395,False,16.666666666666664,8.484825031116127,7.138749671078983,-0.48065826690818636,-5.3187408447265625,124453.09206582373,-165.3134128323597,1
2021-07-29,123.2281265258789,123.31840905172055,122.09966382875548,122.64133143344648,10714.159,-0.2256906270409189,0.45138699123315007,1.354157115911221,46.29305614660697,123.0024398803711,123.67413024902343,124.631148147583,-64.46186568892709,0.012207592478550256,-0.818655494119387,True,33.33333333333333,53.97550495114816,22.96539664434425,-0.4052197243181184,-4.4581451416015625,133579.87854766008,-75.43279045473072,0
2021-07-30,122.8218765258789,123.31840284264905,122.77673526523095,123.31840284264905,3868.018,0.6770714092025685,-6.20907150050698e-06,0.6770714364754724,44.52967501637121,122.71355285644532,123.35878143310546,124.5455108642578,-70.27724144161867,-0.12236040620999869,-0.9001134521780294,False,16.666666666666664,47.91652458328963,36.79228485518465,-0.3637645400693851,-3.1534881591796875,130356.56300358794,-53.453810991652944,1
2021-08-02,124.49201965332031,124.58230219396832,122.82190285278553,123.67953188821492,7222.519,0.36112904556587466,1.2638993513192673,0.045167587554573174,52.623315016307544,122.97535705566406,123.35452117919922,124.48485069274902,-29.575635613472528,1.204825703543759,0.6636570647264707,True,33.33333333333333,86.458528864645,62.78351946636095,-0.21244296419253222,-0.0426025390625,136838.26445163364,55.300595353094316,1
2021-08-03,124.98853302001953,124.98853302001953,124.31145536143309,124.53714791429523,6080.238,0.8576160260803078,0.40623082605121397,1.489552508647563,54.763907853681204,123.34548950195312,123.4989631652832,124.4422622680664,-7.750882254159032,1.3605016443977207,1.1323840228459365,True,50.0,97.91660092484503,77.43055145759324,-0.07460589859264169,1.4444198608398438,142918.50245163366,116.72352585633816,1
2021-08-04,125.71075439453125,125.75589566101961,124.98853545625907,125.16908674703198,5431.124,0.6319388327367506,0.7673626410000765,0.6770800948259819,57.79019867297913,124.24826202392578,123.72916946411132,124.46955299377441,-0.9009533382592378,1.592903548410765,1.6361558719479359,True,66.66666666666666,99.09904666174076,94.49139215041028,0.06212789015798596,2.30206298828125,147710.63627649986,134.36964832175929,0
2021-08-05,125.48507690429688,125.89132080110888,125.34966686375358,125.71076948865712,5643.302,0.541682741625138,0.13542514008926787,0.36113140749451134,56.50167219220458,124.69965209960938,123.85104598999024,124.49231224060058,-7.8946477630909335,0.828158011999822,1.3211984903220029,False,66.66666666666666,92.10535223690907,96.37366660783164,0.13036806209294494,1.2187652587890625,144888.91351710935,116.8706423062329,0
2021-08-06,125.30450439453125,125.4850556764398,124.40173420980867,125.39477314789562,3920.479,-0.31599634076150096,-0.40626512466907627,-0.9479326539449175,55.42302031931855,125.19617767333985,123.95486526489258,124.55556907653809,-11.40376229129422,0.40387958170042687,1.046500419447661,False,50.0,88.59623770870579,93.26687886911856,0.15468185867115675,1.0381927490234375,147502.58280097443,72.55411623265505,0
2021-08-09,124.94338989257812,125.07881368738555,123.40868331102088,124.76283860801492,5037.066,-0.631934539880703,-0.40624198905425146,-0.9930508987877857,53.207015228741916,125.28645172119141,124.13090438842774,124.54449157714843,-18.421398291333,-0.1683177572495739,0.7094720573167635,False,50.0,81.578601708667,87.4267305514273,0.138314565370572,1.7603912353515625,151722.78012764337,29.587644664784463,0
2021-08-10,124.26631164550781,125.03367182018017,124.13090162653268,124.98853055546181,2475.776,0.22569194744689014,-0.04514186720537339,0.722218315511796,49.184554618504855,125.14200744628906,124.24374847412109,124.44778366088867,-31.579243395267792,-0.6794605159177757,0.16371935393189116,False,33.33333333333333,57.14250610090244,75.77244850609175,0.07682783868102165,1.1284408569335938,149989.70670576833,22.991601879059907,0
2021-08-11,123.86006927490234,124.26631311180125,123.31841541743051,123.9954930706554,3615.029,-0.9930374848064076,-0.7673587083789215,-0.8124862091021612,46.86549950028358,124.77187042236328,124.51006622314453,124.31500549316407,-39.4738614991735,-0.8551155924304917,-0.20911235586247326,False,16.666666666666664,34.78260581358623,57.83457120771857,0.007393367795971828,2.663177490234375,150506.12441009312,-47.27574107953878,0
2021-08-12,123.63438415527344,123.90521798787876,123.22814029395593,123.86007671991439,2234.527,-0.13541635074101066,-0.361095123922496,-0.09027512347458355,45.563514993430296,124.4017318725586,124.55069198608399,124.1124111175537,-43.85966160305982,-0.7608667550649614,-0.42413536794581425,False,0.0,26.470207582246122,39.46510649891161,-0.05187683451667771,0.40625762939453125,150953.01162546585,-82.95650992641534,0
2021-08-13,122.46080017089844,123.5441356791922,122.37053139532944,123.31844307749486,7179.861,-0.5416336424195265,-0.3610823086865622,-0.8576088986264949,39.360374740985925,123.83299102783204,124.51458435058593,123.9366828918457,-90.47550069069653,-1.3035670414713085,-1.452944263280493,False,0.0,2.5638788682112943,21.272230754681228,-0.16204368154218518,-0.36107635498046875,144877.64090406714,-155.87520652747986,0
2021-08-16,122.18997192382812,122.55107455239948,121.7837142477075,122.32538196574681,10708.994,-0.9930611117480481,-0.9930611267927105,-0.586817147621943,38.056047959767376,123.28230743408203,124.28437957763671,123.81945037841797,-90.10962537820907,-1.1081190965527292,-1.6023826873176925,False,0.0,9.890374621790935,12.97482035741613,-0.24035533879762036,-2.3020477294921875,145507.80789383472,-151.11106796049444,0
2021-08-17,121.28718566894531,122.32536592130486,121.24204440249915,122.23508338841252,13009.487,-0.0902985773342948,-0.22570863109461925,-0.5416698452083466,33.96328647683967,122.68648223876953,123.9142448425293,123.70660400390625,-99.02906898674246,-1.3522605525583817,-2.228688730914678,False,0.0,0.9709310132575523,4.475061501086608,-0.33437781901899943,-3.7013473510742188,133582.51373741886,-137.58543379339565,1
2021-08-18,121.78369140625,121.8288326701504,119.57190722692724,120.61010119591772,21462.399,-1.624982192494798,-0.49653325115446023,-1.6701371755719094,37.96596468546582,122.27120666503906,123.52153854370117,123.62535400390625,-65.00016728832013,-0.6139629078626065,-1.6495143647464972,True,16.666666666666664,37.40450959767612,16.088605077574883,-0.34325706430081715,-3.92706298828125,154186.3643789838,-128.95788360322902,0
2021-08-19,118.98511505126953,121.42259183492722,118.8045637664023,121.42259183492722,26396.251,0.8124906390094964,-0.406240835223187,-0.7673434605249412,27.657748835888384,121.34135284423829,122.87154235839844,123.36129417419434,-97.45227211850208,-2.249696337851468,-3.5197971564655033,False,16.666666666666664,2.8776552917251412,13.751031967552953,-0.5078068036449299,-6.499961853027344,131430.92769341037,-149.26824881768977,0
2021-08-20,118.03721618652344,119.88789804811708,117.54068976875223,119.34623036051549,15662.364,-2.0763614744117262,-1.5346937868101378,-1.263873997650066,25.136016851396647,120.45663604736328,122.14481353759766,123.04983940124512,-94.05402518866791,-2.279519904295073,-3.7895457917307875,False,16.666666666666664,6.626552877923733,15.636239255775012,-0.6420385152557097,-7.2672882080078125,122394.96967460697,-154.9311255120166,1
2021-08-23,121.28718566894531,121.37745442665718,119.3010801467576,119.39136267964994,5886.402,0.045132319134452814,1.489556378540101,1.7603903780053685,44.17411481362774,120.27607879638671,121.77919311523438,122.95504875183106,-52.84084414380147,0.573924569549188,-0.8578512104288086,True,33.33333333333333,55.704812908756054,21.736340359468326,-0.4808693397333429,-3.6562042236328125,127769.55817250718,-51.70610331880024,1
2021-08-24,121.64830017089844,122.18996787097146,121.5128901334711,122.05454405836228,4949.101,2.6631813787123377,0.812513444314277,2.2118099867135044,45.843495780504085,120.34830169677734,121.51739196777343,122.88057022094726,-45.50885012658523,0.9489397762557237,-0.31439979922859757,True,50.0,64.53911838747318,42.29016139138434,-0.32626134298885523,-2.618011474609375,124800.01702073305,11.148493429392198,1
2021-08-25,122.8218765258789,122.86701778652687,122.00937515975177,122.00937515975177,6850.909,-0.04516889861051254,0.6770499155554148,0.4964850262806664,51.034647339010824,120.55593872070312,121.4135726928711,122.96181945800781,-29.518224908596498,1.7069416425646664,0.7933195012820968,True,66.66666666666666,87.96925692197404,69.40439607273444,-0.13127753966038924,-1.0381927490234375,130929.74295638988,63.850366966509654,1
2021-08-26,123.6795425415039,124.58231292501853,123.09274730229254,124.08578645904892,7087.424,2.076411299297149,1.7152951384916548,1.0833721425407674,54.51093351812887,121.49482421875,121.41808853149413,122.98439025878906,-12.820487030909222,2.1498823783811303,1.5379045645135252,True,66.66666666666666,87.17951296909078,79.89596275951268,0.05893021209370697,0.04515838623046875,129426.3182082811,130.5050366010444,1
2021-08-27,124.71768951416016,125.03366457369603,123.18298302894124,123.40867556427281,16516.958,-0.6771108947761064,0.45135164867750177,0.09023572664870017,58.40986961999456,122.83091888427734,121.6437774658203,123.07918090820313,-4.21695078071523,2.200834022395268,2.330157072782314,True,83.33333333333334,95.78304921928476,90.31060637011655,0.24755698176572372,2.2568893432617188,140303.24937363408,137.47964207509796,1
2021-08-30,125.93644714355469,125.93644714355469,124.98853564657786,125.1690869376257,21353.656,1.7604113733528948,0.9027825698586582,1.8055526176366214,62.52367000274114,123.76077117919922,122.01842498779297,123.15140228271484,-0.0,2.098071780946453,3.1677522078569087,True,100.0,100.0,94.32085406279187,0.4362666132767782,3.7464752197265625,161656.90537363407,144.59921470567056,1
2021-08-31,126.70381927490234,126.70381927490234,124.67258606527736,125.84617645513745,16125.054,0.677089517511746,0.7673721313476562,-0.3159495813005009,64.90785568461689,124.771875,122.56008834838867,123.23716659545899,-0.0,1.9738549942014165,3.496600506295872,True,100.0,100.0,98.5943497397616,0.5853350024456914,5.416633605957031,177781.95937363408,117.34943484049987,1
2021-09-01,127.29059600830078,127.56142981867356,126.43296708810352,126.52323584144123,18222.818,0.6770593863037817,0.8576105437712158,1.7603810228261665,66.67630104719893,125.66561889648438,123.11077880859375,123.31615867614747,-2.7027326227757458,1.6765766528086221,3.616148313518689,True,100.0,97.29726737722426,99.09908912574144,0.6888833443439487,5.506904602050781,187257.73575503036,115.44481237958637,0
2021-09-02,126.29753875732422,127.65169398535205,126.29753875732422,127.20030890934277,6979.466,0.6770730679015315,0.09026416667849446,-0.13542833077930538,61.000763833807845,126.18921813964843,123.84202117919922,123.35678176879883,-13.392885602842888,0.41869758526946405,2.4595536060315704,False,83.33333333333334,83.78376423336368,93.69367720352932,0.6560810087039152,7.3124237060546875,180278.26975503034,89.39264419919313,1
2021-09-03,128.10308837890625,128.28365344258677,126.79407431830441,126.97462560680461,11084.173,-0.22568330253815816,0.6319594572347143,0.4965355609801918,66.63405954947191,126.86629791259766,124.8486083984375,123.49671096801758,-1.6807751488567428,1.260702397165286,3.4822182624236873,True,83.33333333333334,97.33316532513523,92.80473231190774,0.7166414737923736,10.065872192382812,188675.22141718416,102.56792250945868,1
2021-09-06,128.68992614746094,129.54755529156705,127.83229700335485,128.10311710925322,13835.835,1.128491502448611,1.2639018489802822,1.0382226850504424,68.25966499099704,127.4169937133789,125.58888244628906,123.68403778076171,-7.142822933066842,1.195004620653607,3.2815311279706987,True,83.33333333333334,88.62286216156544,89.91326390668813,0.7531365397805376,7.402740478515625,188675.22141718393,116.7053426105547,0
2021-09-07,128.10308837890625,128.91558983992763,127.69684453598573,128.91558983992763,8211.141,0.8124727306744148,-0.6319654516394166,-0.1354524673691202,64.8147825701395,127.69684753417968,126.23436126708984,123.87587661743164,-14.097207988568858,0.44831767779142584,2.123058910985383,False,66.66666666666666,77.62184537385207,87.85929095351759,0.6960169667962727,6.4547882080078125,185938.11254483715,88.84742408618125,0
2021-09-08,126.97463989257812,128.1933853336397,126.34270342413882,127.96769275382695,6978.986,-0.9478970861006815,-0.7222045062879374,-1.3541411118469142,58.60990120501432,127.63365631103515,126.64963760375977,124.03160514831544,-32.022683563812066,-0.47174816490496463,0.8424492225540519,False,50.0,59.57441768557397,75.2730417403305,0.5470651599584649,4.152763366699219,183725.23545149068,32.646415727261406,0
2021-09-09,126.65867614746094,127.2906126039335,125.75590584530538,126.07186718595085,3062.573,-1.895825567876102,-0.9027727297062,-0.5867975788334405,56.944736946792695,127.7058837890625,126.94755096435547,124.18281974792481,-38.323296785035005,-0.6373861131299813,0.2590530887520276,False,33.33333333333333,40.740566555230956,59.31227653821902,0.39896699378505274,2.9791336059570312,184265.69597830583,-17.367990744567727,1
2021-09-10,128.14825439453125,128.2836782184465,126.83924008111505,127.01979140448574,2982.436,0.9479242185348937,0.9930656145130143,1.083334235809673,62.433797434796304,127.7149169921875,127.29060745239258,124.46719245910644,-21.67842791545337,0.2884984269475756,1.0830020603733732,True,50.0,71.29621066139941,57.20373163406813,0.3734835690182653,3.4305648803710938,186688.89323036096,52.53452510499255,0
2021-09-13,127.69683837890625,128.05795471367523,127.42600457162442,128.05795471367523,3234.821,1.0381633091894855,-0.2257235047712811,0.586764490509367,59.90877962833761,127.51629943847657,127.46664657592774,124.74253578186035,-29.078417783526834,-0.011796481462435013,0.46163790869441224,False,33.33333333333333,51.18966194289161,54.408813053174015,0.3014676080280563,1.7603912353515625,186226.75579828327,35.94310734551563,1
2021-09-14,127.832275390625,128.37392928602716,127.60658282374548,128.0579679575045,2409.391,1.3243829272369112e-05,0.3159745723519336,0.18057825212106593,60.43253903667946,127.4621368408203,127.5794921875,125.06979026794434,-35.1854508474003,0.20640858805174586,0.3632549444403994,True,33.33333333333333,54.76164330979467,59.082505304695246,0.24082563404395585,1.1284561157226562,185234.66888746741,46.20286764489821,0
2021-09-15,127.0649185180664,127.6968549670276,126.74894340599508,127.56144493338644,11993.148,-0.49652302411806204,-0.6770743189995585,-0.8576394177504056,55.917332781691215,127.48019256591797,127.55692443847656,125.33385162353515,-50.9262040078592,-0.2598318950391011,-0.312810612420702,False,33.33333333333333,34.52356794354057,46.82495773207563,0.1323285203094413,-0.225677490234375,181237.06907818725,-50.98910085191494,0
2021-09-16,126.4781265258789,127.29061429856297,126.16215140584522,127.11006299076449,8012.128,-0.45138194262194986,-0.40624066846463336,-0.5867920001498561,52.63660657521133,127.44408264160157,127.57498321533203,125.70850219726563,-80.95233510351036,-0.6559061859413983,-0.7585274713194455,False,33.33333333333333,19.047664896489636,36.11095871660831,0.01074595544013035,0.1805877685546875,177711.8110016247,-113.52622872592909,1
2021-09-17,126.83922576904297,127.33575218367336,125.93645547887184,126.47812316304709,3764.091,-0.6319398277174031,0.04513788511039252,-0.22569592697338692,54.431422730646304,127.18227691650391,127.4485969543457,126.1486026763916,-71.42879532796272,-0.39581784045575086,-0.44580726039289065,True,50.0,34.28570469646294,29.28564584549773,-0.052197045749788895,-1.2638626098632812,178804.60205192945,-82.79844180083862,0
2021-09-22,123.86006927490234,124.22118562173036,123.04758160110454,123.76980051958043,23906.619,-2.7083226434666585,-3.1145665619430076,-2.8888738777672955,40.588317783805515,126.41492309570313,126.96561126708984,126.27724685668946,-87.50013903917832,-2.1863203893318426,-2.6288655929279225,False,33.33333333333333,15.254123873620301,22.862497822190974,-0.2881346784145503,-4.829856872558594,187999.1533245445,-256.6487035481401,1
2021-09-23,124.5822982788086,125.03368341749993,124.22119567792802,124.5822982788086,5737.608,0.8124977592281653,0.8124977957695734,1.1736140768234833,44.33248978837029,125.76492767333984,126.61353225708008,126.42394676208497,-76.38887862029408,-1.2110011707910544,-1.8346731800080875,True,50.0,28.81367812409995,26.117835564727745,-0.3832632614623547,-3.5207901000976562,187361.59809020176,-134.94721644797482,1
2021-09-24,126.07185363769531,126.07185363769531,125.21422469784856,125.3045072284346,6182.224,0.7222089496260082,1.0381702201953829,0.9930290199205416,51.245524184082015,125.56631469726562,126.5232536315918,126.58644561767578,-48.46169409609878,0.20329009844814727,-0.48990137793221544,True,50.0,56.77947095251832,33.61575765007954,-0.33530615275933084,-0.9027862548828125,193543.82209020175,-42.677293054948144,1
2021-09-27,126.38782501220703,126.70380008480944,125.66560611424418,126.25241499548012,11729.123,0.9479077670455212,0.6319464471141316,0.4513814163956198,52.60745974564071,125.54825439453126,126.49616851806641,126.72185974121093,-37.28829568227828,0.5446096431468327,-0.12782216935117138,True,66.66666666666666,62.71170431772172,49.434951131446674,-0.27431085300999125,-0.27085113525390625,198133.41125247433,-11.043098692154256,0
2021-09-28,125.48507690429688,125.80105203247408,124.80799915121614,125.71076948865712,17700.506,-0.5416455068230022,-0.9027480523353688,-0.8576069630280472,48.39398083144681,125.27742462158203,126.22985076904297,126.76022911071777,-54.23702230156338,-0.041937918348558714,-0.7438187944278253,False,66.66666666666666,45.76297769843662,55.084717656225564,-0.28549156240321594,-2.663177490234375,204569.8249615048,-52.04696539987624,0
2021-09-29,122.77674102783203,123.58922865691505,122.28021468775712,123.58922865691505,29709.656,-2.1215408317420668,-2.211823375559021,-2.527784463459014,38.34308003983695,125.06075897216797,125.73784103393555,126.60224380493165,-91.85182810800052,-1.6689830579554639,-2.6369277702022496,False,50.0,9.166684780141624,39.2137889321,-0.4559023849709036,-4.920097351074219,197398.7011790854,-150.47378617039527,1
2021-09-30,123.72467041015625,123.7698116794775,122.05453987153959,123.0475926958816,16592.539,-0.5416359610334496,0.18058302256244474,-0.22567481621753416,42.87325659793615,124.8892333984375,125.32708053588867,126.45328636169434,-73.57133056576973,-0.8918810325374792,-1.59755272392028,True,66.66666666666666,31.623999186313267,28.851220554963856,-0.48280893989836393,-4.10760498046875,213117.89955953334,-104.43476030748367,0
2021-10-01,120.92607116699219,123.04758674587198,120.65523733934232,123.04758674587198,27092.483,-5.950009622779362e-06,-0.7222249336055171,-1.399302532197268,34.66917306561015,123.86007690429688,124.71319580078125,126.1350601196289,-96.49119527608316,-2.658512102109544,-3.3898342017950416,False,50.0,4.054086158938647,14.948256708464527,-0.6563535990067535,-6.138847351074219,192159.60486112663,-140.57521939469194,0
2021-10-04,120.203857421875,121.69343665084193,119.9330373576822,121.6031541126568,23254.905,-1.444432633215186,-1.3541500950300502,-0.7221999816601254,32.896971495132036,122.62328338623047,124.08576889038086,125.83037605285645,-96.51176679026031,-2.4720747191480674,-3.4766072918076043,False,33.33333333333333,3.9998457353668053,13.22597702687292,-0.7787046488751264,-6.274269104003906,176059.7752913076,-137.15614654005543,0
2021-10-05,120.0233154296875,120.06845670228122,118.17263345480384,119.16568635113626,26965.302,-2.437467761520537,-1.624979948560707,-1.7604039028783518,32.444684365747804,121.53093109130859,123.40417785644532,125.4263874053955,-79.80292485949289,-1.7731735450830204,-3.165297790313979,False,16.666666666666664,21.69318752226085,9.915706472188782,-0.8262116408087246,-6.815910339355469,201740.94065064366,-144.31470307188832,1
2021-10-06,120.06843566894531,120.97120586194491,119.16566547594573,120.97120586194491,22038.093,1.8055195108086508,0.902749159663685,0.9930320211418859,32.69695965841743,120.98927001953125,123.0250144958496,124.99531288146973,-79.31051348086855,-1.0048433533292191,-2.709627411387627,True,33.33333333333333,22.222074616074217,15.971702624567305,-0.8080330923028345,-3.7916336059570312,201740.9406506435,-93.64401669921958,1
2021-10-07,122.18997192382812,122.4156645104808,120.9260851734638,121.01636771819778,13566.717,0.045161856252875054,1.4444586485358855,1.7604196975180741,43.516408118543495,120.68233032226563,122.78578186035156,124.69965705871581,-52.909858132478604,0.8256374134624735,-0.6787591822617253,True,50.0,47.090141867521396,30.335134668618835,-0.6152833790447849,-2.3923263549804688,211196.55409808416,-28.413198986946117,0
2021-10-08,121.1517562866211,122.46077030215444,120.92606373997121,122.46077030215444,7701.389,1.4444025839566592,0.04510579167364881,-2.143349259142724e-05,40.07694456579022,120.7274673461914,122.29377212524415,124.40851287841797,-65.0795376409698,0.3239371180207258,-1.341673911852902,False,33.33333333333333,39.05295444245396,36.12172364201654,-0.5234657289150634,-4.920097351074219,205760.28357608005,-29.24436524767515,0
2021-10-12,119.93302917480469,120.20384922051979,118.80456640039056,119.79760537676678,11027.513,-2.6631649253876617,-2.2569210816346583,-2.1214973395806567,36.3933858246003,120.67330169677734,121.6482925415039,124.07223052978516,-79.36512324341169,-0.5489709147998694,-2.0250113166416153,False,33.33333333333333,31.451485897672733,39.19819406921604,-0.5100503098358843,-6.454795837402344,212519.22194367225,-95.49979187459834,0
2021-10-13,119.52677917480469,120.61011452744101,119.30108660553567,120.4295494518808,5433.166,0.6319440751140206,0.4062653069212274,0.4965202051451172,35.21634182154308,120.57399444580078,121.05246276855469,123.64115676879882,-84.12707454056661,-0.7930095226682917,-1.9198732858933816,False,33.33333333333333,24.193364328322733,31.565934889483156,-0.49346624970148234,-5.9582977294921875,208959.54568867362,-72.47141121105999,1
2021-10-14,119.8427505493164,120.70037953079137,119.61705798707663,120.5198282360357,3254.619,0.0902787841549042,0.09026500335035337,0.3159713815409617,36.94664173471089,120.528857421875,120.75906372070312,123.24845237731934,-78.10664061616521,-0.5059021886824298,-1.2184921957402395,True,50.0,34.259140442894946,29.967996889630154,-0.42855032029500384,-2.933990478515625,207061.0213874008,-47.70509756315522,1
2021-10-15,123.00245666503906,123.09273920752655,121.24205728798866,121.55801863633096,13403.173,1.0381904002952496,2.3923596767351825,1.6249993009120232,51.173246825717115,120.69135437011718,120.68684234619141,123.00696144104003,-13.709676262509529,1.7044100758295722,1.559110732618655,True,50.0,98.16502841554725,52.20584439558832,-0.15428665129268326,-0.7222137451171875,219156.489888789,127.85903581336774,0
2021-10-18,122.641357421875,123.58925526818031,122.41566483462472,123.40870395341656,5291.519,1.8506853170856061,0.49651606065376086,1.1736075466360631,49.77315452106419,120.98927459716796,120.85837097167969,122.78578338623046,-20.161127845241943,1.3427958103346798,1.2703963735594386,False,33.33333333333333,82.50020254387236,71.64145713410487,0.012476848146703912,1.7152862548828125,215900.18961492638,127.5007913162642,1
2021-10-19,123.63438415527344,123.90521798787876,122.82189643263841,122.9573064613506,8469.894,-0.4513974920659649,0.31596271969844736,0.40623159801369013,53.58305127735976,121.72954559326172,121.20142364501953,122.64359626770019,-4.724462954583704,1.8152480230775279,2.0967255388180743,True,50.0,94.69021108460595,91.78514734800854,0.18950802480247808,3.4305267333984375,220135.0827646537,118.74721498626518,0
2021-10-20,123.31841278076172,123.95034915522417,123.18298898790417,123.72465660897474,14516.056,0.7673501476241427,0.04513116734541711,0.36109255526575623,52.2083984337524,122.48787231445313,121.53093338012695,122.46755561828613,-10.937477841225068,1.0853419981136974,1.6684189372998495,False,50.0,87.71933436426451,88.30324933091428,0.27972538749846754,3.2950973510742188,210742.61655878703,100.57712910017689,0
2021-10-21,122.86702728271484,124.4017338371094,122.86702728271484,123.40868112681775,13050.164,-0.31597548215698623,0.45138468188523007,-0.31596170518932354,50.20129862588513,123.09272766113281,121.8107925415039,122.41790351867675,-24.637691804647453,0.2578210756825769,1.1112779093223395,False,50.0,72.58065670277267,84.99673405054773,0.30152082648518896,2.7985916137695312,197692.45255878704,79.70116562956417,1
2021-10-22,123.2281265258789,123.45381906530359,122.46076638176321,123.00243398645422,5187.356,-0.4062471403635328,-0.947914771805813,-0.40626090095163647,51.817824069132335,123.13786163330079,121.91460800170898,122.35019493103027,-20.967879279996772,0.09164774212486684,1.1860529270052962,True,50.0,79.03212072000322,79.77737059568015,0.3304518274335815,1.0381546020507812,200521.932550908,52.26536067281588,0
2021-10-25,123.13787078857422,123.40870464983941,122.05454911869592,122.77676815700893,7340.396,-0.22566582944529046,-0.04511441546418382,-0.40621726306729045,51.36319898700031,123.23716430664062,122.1132194519043,122.20349578857422,-22.580404513967565,6.195815272015497e-06,0.900017851381916,False,33.33333333333333,75.221516188932,75.61143120390265,0.33278106254057627,1.986114501953125,204926.1402827601,37.20116303841474,1
2021-10-26,124.17605590820312,124.35660721082321,123.31842688937166,123.36355438364063,10502.981,0.5867862266317019,0.9479025609838061,1.263877770675748,56.18676357192461,123.34549865722656,122.53752212524414,122.09290733337403,-4.032002462991803,0.6340761390951047,1.6129089150936058,True,50.0,95.28331832751567,83.17898507881698,0.38957070771654134,4.2430267333984375,211775.9468548483,88.84521214820715,0
2021-10-27,124.17605590820312,124.17605590820312,123.40869565309102,123.63438822516147,7387.585,0.2708338415208402,-0.18055130262008845,0.09026876371935089,56.18676357192461,123.51702728271485,123.00244979858398,122.02745628356934,-4.032002462991803,0.5605029506740227,1.4037825701201674,False,33.33333333333333,92.85756230430994,87.78746560691923,0.41037561641977405,4.6492767333984375,219163.5318548483,91.39887106485426,0
2021-10-28,123.81494903564453,124.26633421444774,123.31843635910698,124.08578289796294,4443.894,0.45139467280147016,0.0902783062446133,-0.0902592939840332,53.971106745090246,123.70661163330078,123.3996696472168,122.07936668395996,-11.504124375286954,0.20091834272528775,0.8425035141121544,False,33.33333333333333,75.00048475684123,87.71378846288896,0.38355503571391697,3.972198486328125,219375.09665087218,77.58372592904827,0
2021-10-29,122.5962142944336,123.72467721361066,122.18997039856627,123.72467721361066,4945.836,-0.36110568435228174,-0.5416570008370769,-1.1284659605407086,47.12860300926825,123.58022918701172,123.35904541015626,122.02294387817383,-37.73546211418783,-0.7491252741779356,-0.35769183318208186,False,33.33333333333333,23.077228284947257,63.64509178203283,0.27268369355110056,-0.40624237060546875,217047.6313588992,-96.46061884335195,1
2021-11-01,123.2281265258789,123.45381906530359,122.9572927235334,122.9572927235334,3018.463,-0.7673844900772622,-0.2708581483070702,0.7673223249671253,50.66639810476718,123.59828033447266,123.41772232055663,122.13804664611817,-37.143273780890055,-0.23754469983599974,-0.07321959579085129,True,33.33333333333333,49.999362980525696,49.35902534077141,0.23242548645358646,0.5867691040039062,217322.05231190243,-37.17631256938429,0
2021-11-02,123.00245666503906,124.2663296087722,122.91217412255158,123.49898309835635,3982.577,0.5416903748229487,0.8125105434686049,-0.045118600981822965,49.37915404754118,123.36356048583984,123.3545295715332,122.27797660827636,-59.61512790591714,-0.4020435950511607,-0.2562172868517125,False,33.33333333333333,40.38487209408285,37.82048778651862,0.18327799579087167,-0.631927490234375,213870.5179888637,0.9398925002406856,1
2021-11-03,123.31841278076172,123.67951534468888,123.13784772361832,123.13784772361832,2323.882,-0.36113537473802637,-0.5868142640833156,0.22567360106674528,51.27009595294372,123.19203186035156,123.3545295715332,122.44273147583007,-46.15406055812793,-0.030499591933441088,-0.04573726137085681,True,33.33333333333333,54.901466925966446,48.42856733352502,0.16528284393786896,0.0,213095.96945389593,-0.0022941990263250275,0
2021-11-04,122.91216278076172,124.13090811597263,122.91216278076172,123.90521555576177,2509.32,0.7673678321434494,0.45139277128375,-0.2256849428566028,48.717461608478544,123.011474609375,123.35904312133789,122.5849178314209,-63.462029411750706,-0.1893893377958888,-0.3263952333232265,False,33.33333333333333,37.25421460903683,44.18018454302872,0.12129048999057279,0.045135498046875,210586.64945389592,-11.429866919704573,1
2021-11-05,124.67257690429688,124.7628456640937,123.49897282549176,123.76980665524384,11245.002,-0.13540890051793042,0.6319375481210727,0.5868100447300435,58.48781190075768,123.42674713134765,123.50348815917968,122.70904808044433,-3.3330456352803024,1.122776152994424,1.0087492045985682,True,50.0,96.49152211122356,62.882401215408954,0.2013047423882328,1.4444503784179688,220225.36266684407,136.36230487366805,1
2021-11-08,125.66563415527344,125.66563415527344,124.76286377517064,124.76286377517064,7386.798,0.993057119926803,0.9027884911797344,1.2638909496788813,62.844098347498715,123.91424865722657,123.7562644958496,122.93474197387695,-0.0,1.5070603953880541,1.6213021910191527,True,66.66666666666666,100.0,77.91524557342014,0.30541971675894625,2.5277633666992188,227612.16066684408,206.93590786741163,1
2021-11-09,127.01978302001953,127.4711681862422,126.47812908566159,126.52325658213819,12275.93,1.7603928069675447,1.805534030968758,1.715265310490949,67.86118245362766,124.71771392822265,124.04063720703125,123.2890796661377,-8.333337836643203,2.0798095968002475,2.454567401104038,True,66.66666666666666,91.45297744242781,95.98149985121712,0.4415305876558351,2.8437271118164062,228728.0614185536,217.17823649923645,0
2021-11-10,126.83922576904297,126.97463580249607,126.3878406239574,126.97463580249607,5350.938,0.4513792203578788,-0.4965323837461284,-0.09028846170419058,66.55400409016164,125.4218765258789,124.30695419311523,123.6547019958496,-11.9658918791853,1.4135349555254455,2.0550228303272777,False,66.66666666666666,88.03410812081471,93.16236185441419,0.4916130133930336,2.6631698608398438,231609.41302764323,131.4375741365905,0
2021-11-11,125.71075439453125,126.1621395090538,125.30451054649706,125.57534437024668,4437.497,-1.3992914322493846,-0.8124962934422655,-1.0833300774603458,58.827893826913176,125.98159484863281,124.49653472900391,123.94810218811035,-33.3336084442625,0.19186380281639376,1.0430780831058484,False,50.0,61.38601218601946,80.29103258308733,0.4235349224732418,1.8958053588867188,231375.84554874056,59.592850970616816,1
2021-11-12,126.11700439453125,127.110057204994,125.93645309495106,126.29755569411142,5693.822,0.722211323864741,0.9479176959402054,0.6319425484540062,60.623120915399184,126.27048034667969,124.84861373901367,124.10382957458496,-25.64122470230125,0.08955361907647669,1.23799487799222,True,66.66666666666666,70.29694700332935,73.23902243672119,0.3819418858539314,3.5207901000976562,227433.93793431757,73.90162665915588,1
2021-11-15,127.24547576904297,127.51630962416611,126.88437314566684,126.88437314566684,6479.705,0.5868174515554188,0.4062524191721053,0.9479200507157799,65.21877111732174,126.5864486694336,125.25034866333007,124.33403549194335,-5.084802969766593,0.6426299435303544,1.909988004663711,True,66.66666666666666,94.11761039917477,75.26685652950788,0.4043495019419747,4.0173492431640625,228359.52936461728,95.82410977127392,1
2021-11-16,127.47115325927734,127.6968458159599,127.11005067865742,127.24546070259477,5741.784,0.36108755692792727,0.18053619179379155,0.22567753299057358,66.08238038733188,126.67672271728516,125.69721832275391,124.52587394714355,-4.716980310341742,0.581733717781934,1.759647685847042,True,66.66666666666666,95.28301968965826,86.5658590307208,0.4071610520762723,4.468696594238281,229684.51496769735,91.13059029081198,1
2021-11-17,127.87740325927734,127.92254452782198,127.42601812419316,127.56144192982708,20300.537,0.3159812272323137,0.2256987118620799,0.3159674455357475,67.65932051594703,126.88435821533203,126.15311737060547,124.75382347106934,-0.9009546741847692,0.7886129168726068,1.769191883290504,True,66.66666666666666,98.97952895121242,96.12671968001514,0.4081384949307645,4.558990478515625,246293.84044049546,93.6843989289587,1
2021-11-18,128.59963989257812,128.689922442067,127.8774208222162,127.96770337170507,5844.21,0.4062614418779873,0.7673779142450172,0.45140269802303123,70.33429256742473,127.4621353149414,126.72186508178712,125.0404541015625,-1.562587486868219,1.1240062255310668,1.9654740848297294,True,83.33333333333334,97.70101347734058,97.3211873727371,0.42715041425225053,5.687477111816406,250839.27105185803,124.20459641351553,1
2021-11-19,128.91558837890625,129.5926660344938,128.78016458268064,129.54752476908527,5956.344,1.5798213973802007,0.9027435924267877,0.9027437604644462,71.46080790788312,128.0218521118164,127.14616622924805,125.32482719421387,-10.135129493564552,0.9484489963632612,1.839355172624218,True,100.0,84.21051527905664,93.63035256920323,0.429567435236502,4.243011474609375,246868.4760359382,153.00864246731976,0
2021-11-22,128.59963989257812,129.005883814912,128.55449861783367,128.82533249111728,3705.622,-0.7221922779679915,-0.586782219581778,-0.22566596484696788,68.61824196296021,128.29268493652344,127.43956680297852,125.59791564941406,-16.295965481962508,0.3758170228172356,1.210821106212211,False,83.33333333333334,76.84258080903757,86.25136985514494,0.3801511315598378,2.9340057373046875,243904.02367058198,101.94595555745899,0
2021-11-23,127.38087463378906,128.19336226483244,127.33573337091345,128.19336226483244,4487.976,-0.6319702262848352,-0.8125215500795662,-1.2187652469202277,58.77908680293572,128.27462921142578,127.47567596435547,125.75815658569336,-45.794657461083915,-0.5929746136799626,0.07386982000006084,False,66.66666666666666,48.42091414604947,69.8246700780479,0.24235508986001508,0.36109161376953125,239888.49654872017,10.655651257260534,0
2021-11-24,126.83922576904297,127.42602094758162,126.5232506574105,127.3808934532182,3044.157,-0.812468811614238,-0.7673413172508248,-0.8124827135029449,54.95842305849298,128.0669937133789,127.47567596435547,125.89131507873535,-64.21036441328123,-0.9342491054723593,-0.4281690231949269,False,50.0,24.691468714204976,49.98498788976402,0.09904744689767053,0.0,238975.28660883984,-50.4127253485374,0
2021-11-25,126.7940902709961,127.2003341650285,126.3878463769637,126.83923154259571,2477.401,-0.5416619106224942,-0.2256867825531259,-0.13540428044680652,54.63558809188213,127.7058837890625,127.58400955200196,126.04027214050294,-65.26292648042681,-0.8296540378167332,-0.44890323097472395,False,33.33333333333333,12.67602977527559,28.59613754517669,-0.008741763559545035,1.0833358764648438,238975.28660883984,-81.93791088207354,0
2021-11-26,124.71768951416016,126.25240977455823,124.53713824093073,125.9815759771245,11661.98,-0.8576555654712053,-0.9479243904702628,-1.8507081360329636,42.19615288814668,126.86630401611328,127.44407806396484,126.14634590148925,-96.42863652219829,-1.9575536165041447,-1.9430568404357949,False,16.666666666666664,3.571363477801718,13.646287322427439,-0.21822889926601485,-1.3993148803710938,229768.4110002981,-194.0198285034455,0
2021-11-29,124.71768951416016,125.30449837112977,124.13089443236971,124.221176956574,11163.915,-1.7603990205505085,-0.9479114034284635,-0.4062438085610154,42.196152888146685,126.08991394042968,127.19129943847656,126.22082405090332,-89.25632332259669,-1.4153328103064087,-1.879214663626955,False,0.0,10.743676677403315,8.997023310160216,-0.3474682292325998,-2.5277862548828125,229768.27996381783,-155.96794843596695,0
2021-11-30,124.5822982788086,126.02673623269337,124.44688824727369,125.30451725575098,10275.739,1.0833402991769816,0.7222378615635989,0.31599381490397604,41.46358416170558,125.53019866943359,126.90241394042968,126.2998161315918,-91.73521195460958,-0.9983788271431766,-1.887013177214572,False,0.0,8.264788045390414,7.526609400198492,-0.42748325194655457,-2.88885498046875,221254.02454309372,-103.05784791051185,1
2021-12-01,126.65867614746094,126.83922745285572,124.62744296761093,124.67258423775503,4176.069,-0.6319330179959479,0.8124912201623573,0.1805547203372413,54.63895786217307,125.49408874511718,126.78054122924804,126.46682929992676,-53.71864846731832,0.7480200265650876,-0.2133635277883811,True,16.666666666666664,46.281351532681676,21.763272085158476,-0.3303266548748751,-1.2187271118164062,224748.2959137146,-41.41599124434244,1
2021-12-02,128.0128173828125,128.14822740302372,126.1169944487748,126.47811079463823,8884.299,1.8055265568831942,1.3089999501680012,1.489551481163872,60.90016252389994,125.73783416748047,126.72185897827148,126.7218620300293,-28.92557153189797,1.66696521773361,0.8176288879417336,True,33.33333333333333,79.62936215500784,44.72516724435999,-0.17255400166448676,-0.586822509765625,232448.06991412153,36.83473667272544,0
2021-12-03,127.9676742553711,128.3287768207993,127.38087914275528,128.1482255380852,4832.63,1.6701147434469732,0.18054941777558042,1.2638846939804722,60.595979531959344,126.38783111572266,126.62706756591797,126.88661689758301,-29.752100554529566,1.4734817390155408,0.7761055607144652,False,33.33333333333333,91.39798279190717,72.43623215986557,-0.07396485555890964,-0.9479141235351562,233598.70948163883,74.99048290947628,0
2021-12-06,127.60657501220703,128.10308760880267,126.38782971559172,127.01976610913364,3854.617,-1.1284594289515582,-0.22568921199663805,-0.9930494271635553,58.06519115152473,126.96560821533203,126.52776107788085,126.9836639404297,-36.36349461252407,0.8022847390218154,0.5572695693449529,False,33.33333333333333,82.79604472524427,84.60779655738644,-0.037633991388211,-0.9930648803710938,235221.7484744752,57.210850257779846,1
2021-12-07,128.0128173828125,128.0128173828125,126.70380334511032,127.60657354699873,3012.539,0.5868074378650903,-0.09027022599016732,0.3159736295185951,60.109868071684,127.6517120361328,126.5909553527832,127.03331565856934,-20.370637844992164,0.6863877018827106,0.9372385587473893,True,50.0,92.47336135815362,88.8891296251017,0.006825788495127272,0.6319427490234375,238234.2874744752,71.85622571788305,1
2021-12-08,128.5093536376953,129.63781647689115,128.46421236909126,129.18643134121282,10888.08,1.5798577942140923,1.624999094078646,1.760409023980941,62.54495599082342,128.0218475341797,126.75796813964844,127.11682205200195,-20.491716244984552,0.5592576228780965,1.3347657225322167,True,66.66666666666666,79.50828375501544,84.92589661280446,0.05979674753497699,1.6701278686523438,228183.80124326976,125.4326778852532,0
2021-12-09,128.1934051513672,128.78020043952168,127.92257125868666,128.59964910279598,4540.661,-0.5867822384168448,-0.8576160373694677,-0.5416411104045977,60.00239356669353,128.05796508789064,126.89789962768555,127.24095458984375,-26.229013482421333,0.11164716065359054,1.0316841242146981,False,50.0,73.77098651757866,81.91754387691593,0.0633383566231277,1.3993148803710938,226510.964523165,76.05077381202554,0
2021-12-10,128.14825439453125,128.2836782184465,127.6066004244192,128.01284434579898,3280.34,-0.5868047569969974,-0.49652222107516764,-0.31597083426746053,59.62452429496385,128.09408111572264,127.24095611572265,127.34251708984375,-27.048904457287332,0.05874858951558684,0.9093456085746928,False,33.33333333333333,71.3045140200355,74.86126143087655,0.05285026730311437,3.4305648803710938,228479.08843673914,53.13337079076407,0
2021-12-13,127.74197387695312,128.59960274865304,127.74197387695312,128.37391021530155,4609.301,0.3610658695025677,0.3159245302065301,0.1353734525339263,56.153186093917576,128.12116088867188,127.54338455200195,127.36734199523926,-34.42653781206332,-0.22917310901646126,0.5268951491546714,False,33.33333333333333,62.16165129353048,69.07905061038156,0.010951523678886743,3.0242843627929688,223869.78743673913,48.37707792714022,0
2021-12-14,126.4781265258789,127.01978044927435,126.3427027136437,126.70381910442246,4688.369,-1.6700911108790848,-1.5798222993786908,-1.3992711633094217,46.88912669468161,127.81422271728516,127.73296737670898,127.31769065856933,-57.376696555123054,-1.0709612706375753,-0.582468916556017,False,33.33333333333333,10.257038675065031,47.90773466287701,-0.1031912807815365,1.8958282470703125,221056.88049887287,-109.56980567339724,1
2021-12-15,126.65867614746094,126.92950999314392,126.11700845609495,126.47812484206615,9933.593,-0.2256942623563134,-0.09027045613042617,-0.22569425754875283,48.22042664764732,127.44408721923828,127.73296737670898,127.25675430297852,-57.39128336300955,-0.7545393853788845,-0.5669698311995703,True,33.33333333333333,15.384755095039072,29.267815021211536,-0.16421847432957792,0.0,224368.07816553966,-131.70592260672893,1
2021-12-16,128.23851013183594,128.23851013183594,127.42600868377033,127.60657374457165,5617.055,1.1284489025054967,1.3090001386920136,1.3090002276753836,58.21782408676852,127.45310821533204,127.75553665161132,127.2386978149414,-27.928184245414307,0.5189193466954366,0.4330469402842641,True,33.33333333333333,60.25610209957516,28.632631956559763,-0.09908133947867959,0.2256927490234375,229985.13316553965,30.053382352713058,0
2021-12-17,128.10308837890625,128.19337091074652,127.4711519815654,127.78712706782599,4887.493,0.18055332325434392,-0.04513922108941415,0.04514329779506454,57.185350810188474,127.44407501220704,127.76907806396484,127.19807281494141,-43.59005044074845,0.42461902576054544,0.23250016698473777,False,33.33333333333333,56.409776138892326,44.01687777783553,-0.06751923162929063,0.13541412353515625,233650.68299965802,24.119065711249593,0
2021-12-20,126.97463989257812,128.0579752958248,126.6586785459494,128.01283402482588,4343.413,0.2257069569998862,-0.1353956149217197,-0.812473435615999,49.2461466159192,127.29060821533203,127.70588455200195,127.1168228149414,-75.64106218182184,-0.30714353695267604,-0.5831412689087668,False,33.33333333333333,24.358937818178163,47.00827201888189,-0.12187459434281889,-0.6319351196289062,231268.75618272377,-56.0248240365593,1
2021-12-21,128.05796813964844,128.14823690141998,127.01977406541737,127.01977406541737,6600.738,-0.9930599594085123,0.09026160559517393,0.36109551946796614,55.68890123977873,127.60657653808593,127.71039962768555,127.15067749023437,-44.871754662881095,0.5018632269946068,0.25916150515249176,True,50.0,72.88095246727407,51.21655547478153,-0.08580376431080372,0.0451507568359375,236813.47279322188,1.995643319502831,0
2021-12-22,128.05796813964844,128.1933781698963,127.87740306574314,128.14823690141998,4071.445,1.1284628360026119,0.04514126847632838,0.8576290003257725,55.68890123977874,127.88643493652344,127.66526107788086,127.21161460876465,-44.871754662881095,0.29460709592955336,0.22964347693827666,False,50.0,78.18271754558424,58.47420261034549,-0.06388635476737958,-0.451385498046875,237395.3106478736,53.03023521175232,1
2021-12-23,128.7801513671875,129.27667768536725,128.41904883133608,128.8704338887397,13926.34,0.7221969873197338,1.0832995154709408,0.5416457655929463,59.743119635657514,127.99476318359375,127.72393569946288,127.31091766357422,-24.35989422421543,0.5816858180729924,0.7444675066323688,True,50.0,84.28549692544553,78.44972231276796,-0.005755325458713045,0.5867462158203125,235196.27358431672,140.87280106359108,1
2021-12-24,129.14129638671875,129.63782281527784,129.05101384509643,129.0961551159076,12525.381,0.22572122716789522,0.36114512991059655,0.6319650137603503,61.6569526398854,128.20240478515626,127.82323989868163,127.53209800720215,-14.102601782001557,0.7453586496885769,0.9853873147294471,True,50.0,85.89739821799844,82.78853756300941,0.048998877098013316,0.9930419921875,226525.0369104277,154.82207976648263,1
2021-12-27,130.1343231201172,130.22460565317252,129.18642539893867,129.2766941568135,6512.199,0.18053904090589867,0.586782837894674,0.13541155384223202,66.44240138602923,128.83434143066407,128.06247482299804,127.8029296875,-2.1979402731982383,1.2526275604894686,1.6333652013653097,True,66.66666666666666,97.80205972680176,89.32831829008192,0.13897978072731,2.3923492431640625,231904.6044255142,154.56402540165175,1
2021-12-28,131.1725311279297,131.1725311279297,130.26976080189462,130.26976080189462,22455.995,0.9930666450811145,0.9479254747571702,1.083335402955953,70.62398612967391,129.4572540283203,128.53191528320312,128.13244132995607,-0.0,1.5078397322258017,2.242951599170769,True,83.33333333333334,100.0,94.56648598160008,0.24888975082807185,4.694404602050781,254360.5994255142,159.49389007409707,1
2021-12-29,131.75930786132812,131.93985914619122,130.94682019185421,131.3079227615804,22522.224,1.038161959685766,0.7673280182615372,0.6770593899595951,72.71989832094962,130.19752197265626,129.04197845458984,128.38747291564943,-3.100736983865792,1.4774834091922457,2.4330243171943535,True,83.33333333333334,96.58123252109894,98.12776408263358,0.33615265205796874,5.1006317138671875,268692.9805932369,149.73265101365257,0
2021-12-30,131.35308837890625,131.80447356233893,131.2176783339495,131.75933228895914,6246.428,0.4514095273787575,-0.1353855838522975,0.27085814209527825,69.00183092172995,130.712109375,129.3534362792969,128.5544864654541,-10.07703612052043,0.7385314408712285,1.7957210631150455,False,83.33333333333334,88.88940159974635,95.15687804028177,0.34050948522449853,3.1145782470703125,265329.42912452936,109.84896725770523,1
2022-01-03,132.16555786132812,133.0232006110002,131.80445527475723,131.80445527475723,6784.202,0.04512298579808771,1.2187270486612647,0.5867769408077379,72.11285208204694,131.31696166992188,129.75968322753906,128.76438064575194,-13.475367685212392,0.9249078512008062,2.0623895332578632,True,83.33333333333334,85.71411271279567,90.39491561121366,0.3696718013543294,4.062469482421875,262565.41545619746,116.61603979246766,1
2022-01-04,135.05442810058594,135.05442810058594,133.33915644696197,133.33915644696197,9634.44,1.5347011722047341,2.0312274895857456,1.5347011722047341,79.92709217960096,132.3009826660156,130.56766204833986,129.1367733001709,-0.0,2.3605869053581197,3.8378101268744613,True,83.33333333333334,100.00000000000001,91.53450477084736,0.5445214654817963,8.079788208007812,272199.85545619746,158.828303183878,0
2022-01-05,134.7836151123047,135.91207804228853,134.60306379854373,135.5058341425308,11406.601,2.1666776955688363,0.85764994170259,1.2639073515817643,77.70052093129749,133.02319946289063,131.24022674560547,129.4753131866455,-12.195117377459901,1.5588774405336108,3.1879159154098113,False,66.66666666666666,84.9398300978944,90.2179809368967,0.5986345520317311,6.72564697265625,263939.861616415,144.77818518747088,0
2022-01-06,133.5196990966797,134.28705923092812,132.70721147527013,133.88081542022334,8621.233,-1.625018722307459,-1.6250188113604054,-1.8958523232736013,68.04888589550632,133.37527770996093,131.7863998413086,129.72583045959473,-26.9039267194577,0.3108423753284548,1.795223296369133,False,50.0,65.13108058968568,83.35697022919338,0.5094936690269534,5.46173095703125,264186.12242232315,69.64495275385444,0
2022-01-07,132.3461151123047,134.51275805411103,132.25583258340447,133.8808216773492,6989.124,6.257125846786948e-06,0.2256988231829098,-0.4513788918656587,60.44365821883786,133.57388305664062,132.14299621582032,129.9334659576416,-44.382167796376386,-0.6438523646046842,0.6263384400569194,False,33.33333333333333,46.979674403646676,65.68352836374227,0.33984042565185835,3.5659637451171875,257756.1624689052,38.493705938919035,1
2022-01-10,133.20375061035156,133.42944316856116,131.26278634464052,131.80445399441584,15701.971,-2.076367682933352,-1.0833148855498678,-0.9930462387639523,63.67972492237721,133.78152160644532,132.5492416381836,130.1862407684326,-36.14462663482274,-0.23102287159761994,0.9492870770511388,True,50.0,51.999731377247265,54.70349545685988,0.2574702149330965,4.0624542236328125,270186.90198932984,7.898750372094966,1
2022-01-11,133.88082885742188,134.06138014972544,132.43639096863205,133.24889244676905,17755.402,1.4444384523532108,0.631936981164273,1.1736046239915368,66.07031876921607,133.5468017578125,132.92389221191405,130.49318351745606,-29.6054537093232,0.06185144579393917,1.1366219313677068,True,50.0,59.09076132493344,52.69005570194247,0.22201573204280534,3.7465057373046875,283996.7259956201,38.28192963590044,1
2022-01-12,135.00927734375,135.05441860583656,134.24191721381604,134.82872607058292,10154.802,1.5798336238138688,0.9930384561111225,1.8055262451839837,69.69673410667681,133.59193420410156,133.30756683349608,130.91974105834962,-13.423243013169762,0.9109235861584799,1.6137159795448517,True,50.0,80.76855924869774,63.953017316959496,0.24612507644934523,3.8367462158203125,293023.1592739883,99.366779140289,1
2022-01-13,135.68637084960938,135.8217808765576,135.00929316450672,135.00929316450672,7453.096,0.18056709392379844,0.767362270721037,0.7673759506906777,71.67814663327277,134.0252685546875,133.7002731323242,131.37112579345703,-4.000257040906746,1.3030840297763187,1.7689398309134956,True,66.66666666666666,95.14534240143863,78.3348876583566,0.2769386329486445,3.92706298828125,297991.9741821298,117.11712129195331,0
2022-01-14,135.68637084960938,136.49885856166026,134.55790804110492,136.13775597301114,10111.529,1.1284628085044233,0.6770776851026596,-0.45138512340179204,71.67814663327277,134.69331970214844,134.13360137939452,131.7435188293457,-14.63404353380334,1.0306999795605964,1.4826304175542757,False,66.66666666666666,84.48287803575536,86.79892656196392,0.26649723726335584,4.333282470703125,299638.07042066444,98.0842260822152,1
2022-01-17,137.2210693359375,137.58217190306536,136.40858167230985,136.40858167230985,6927.798,0.2708256992987117,1.083313341405102,1.850673631204927,75.92446832808497,135.4967834472656,134.63915252685547,132.19941787719728,-5.673704642897793,1.5590157184105158,2.282280165235929,True,83.33333333333334,94.28579624095818,91.30467222605074,0.32807886295683275,5.055511474609375,302302.63313328003,156.22917678310705,0
2022-01-18,135.68637084960938,137.44677007584013,135.55094704748038,137.4016288084638,14415.115,0.9930471361539617,-0.13540182722522331,-0.8576346248294726,65.25181548714114,135.85789184570314,134.7023468017578,132.63500442504883,-29.999768742208655,0.11657300144967545,0.8668454675361483,False,66.66666666666666,70.00023125779134,82.92296851150162,0.23494541033892613,0.6319427490234375,289946.93998038745,83.82488306978179,0
2022-01-19,134.0614013671875,135.09958179362795,133.83570877229326,134.512786556976,14664.287,-2.8888422514878016,-2.347188282212187,-1.7152382751871187,56.136952202194564,135.66831665039064,134.6301254272461,132.93517608642577,-55.71381115026378,-1.1043760851251054,-0.4580348420844302,False,50.0,44.28618884973622,69.52407211616192,0.04342538125058781,-0.7222137451171875,280519.9211702074,-15.30751086005594,1
2022-01-20,134.60305786132812,134.6933266266358,133.24890240507807,134.06139016875545,16263.347,-0.4513963882205587,-0.40625516699213904,-0.5868063672151891,58.257292096035656,135.45165405273437,134.73846130371095,133.26243057250977,-47.14246368091207,-0.6551853196324047,-0.027928221938594337,True,50.0,52.85753631908793,55.714652142205175,-0.06155161854503444,1.0833587646484375,294750.52428298956,-28.844749395763174,0
2022-01-21,131.60467529296875,132.80401975021846,131.2817840665648,132.7578884100726,29877.595,-1.3035017586828417,-1.8893068764173506,-1.9671183385132736,45.09370503652005,134.63531494140625,134.66431732177733,133.40365676879884,-94.5898387561994,-2.3780164370851695,-2.062182857299784,False,33.33333333333333,5.12494206361902,34.08955574414773,-0.3325587906042835,-0.7414398193359375,277547.9879419686,-140.63006039770875,1
2022-01-24,132.85015869140625,132.85015869140625,130.72824361906777,131.0972802840406,13160.487,-1.6606081260320025,0.046138941187791715,-0.5535404474970278,50.19346510422325,133.7611328125,134.62895812988282,133.5890998840332,-69.04089181538878,-1.1073802989593695,-1.0942493532592072,True,50.0,30.959108184611225,29.6471955224394,-0.4218322340121423,-0.3535919189453125,290708.4749419686,-120.43230457703399,0
2022-01-25,130.68211364746094,131.51243559437998,130.31309105592547,131.51243559437998,24021.948,0.41515531033937236,-1.3377230970262701,-0.41515256314229987,42.66777220883298,132.76028137207032,134.30908660888673,133.6164894104004,-94.92339403983014,-1.925619909949438,-2.607795436390687,False,33.33333333333333,5.076605960169852,13.720218736133376,-0.6094006052267666,-3.1987152099609375,281469.0039041155,-143.1503448250198,0
2022-01-26,130.58985900878906,131.18952421167452,130.12857375201293,130.22082235698284,17750.822,-1.2916132373971436,-0.32291138270545616,-0.18451730391254273,42.372858103682454,132.06597290039062,133.8671447753906,133.58735580444335,-93.81124059242443,-1.3660915323046754,-2.518301445441301,False,33.33333333333333,6.188759407575575,14.074824517452228,-0.7148846474522765,-4.4194183349609375,279153.7612182886,-108.4326489489676,1
2022-02-07,131.2818145751953,131.74309992923514,130.266981165383,131.55858860308157,24022.58,1.337766246098738,0.5535757175606193,0.1384074133700608,45.45752971322624,131.40172424316407,133.42668914794922,133.56348114013673,-84.52773010013223,-0.4952922916128998,-1.843081320548286,True,50.0,15.472269899867776,8.91254508920441,-0.7117143447596479,-4.4045562744140625,288162.2859923637,-73.86647853935037,1
2022-02-08,131.8353271484375,132.38887511433416,131.7430785389944,132.20436381813843,11085.092,0.6457752150568581,0.6457751850990121,1.4760973736114238,47.89156960333019,131.4478546142578,133.04158477783204,133.58759307861328,-77.10161774439659,0.27483439923229047,-1.2339121296110405,True,50.0,23.32204987269309,14.994359726712156,-0.6478207636015374,-3.851043701171875,280244.0869787836,-36.34325842538096,1
2022-02-09,132.29661560058594,132.3888782895514,131.6046876652747,132.3888782895514,8060.9,0.1845144714129674,3.1752172446886107e-06,-0.1383908737197146,49.92328275499474,131.33714599609374,132.54913940429688,133.59414596557616,-70.9128154666228,0.5375062733094151,-0.678144077020443,True,66.66666666666666,43.61372643985183,27.46934873747091,-0.5536254284050703,-4.9244537353515625,286408.2024816018,-20.950665477511734,1
2022-02-10,133.81886291503906,133.81886291503906,132.3888757276065,132.75789832170733,6004.217,0.36902003215593027,1.4299846254876627,0.7841880623317934,56.087074614091755,131.96449584960936,132.36238861083984,133.53236770629883,-50.48982936509563,1.5697043010560772,0.5822014597170568,True,66.66666666666666,80.84313136734724,49.2596358932974,-0.37640567560408766,-1.8675079345703125,292412.4194816018,71.17975192691257,0
2022-02-11,133.7266082763672,133.81887096910015,132.89630035101231,133.49596562184522,4314.921,0.7380673001378852,8.05406108383977e-06,0.5074246234058251,55.63433699031106,132.591845703125,132.32890930175782,133.47951736450196,-50.83440830031475,1.1102731100447591,0.7333436116252314,False,66.66666666666666,97.49985740157314,73.98557173625741,-0.2586138167862013,-0.3347930908203125,295864.30360922636,97.19928923739376,0
2022-02-14,131.65081787109375,132.80403108663822,131.18953258487596,132.80403108663822,11864.04,-0.6919345352069968,-1.0148398824619278,-1.7067677661363518,46.433999834764336,132.6656463623047,132.03368530273437,133.38607330322264,-69.377556698012,-0.5921318490184692,-0.5784449472660022,False,66.66666666666666,41.249905618234806,73.19763146238508,-0.3102402400109835,-2.952239990234375,290779.7150377978,-5.810588177412552,0
2022-02-15,131.0511474609375,132.11209794646786,130.95888477640912,131.65081267844437,7361.227,-1.153218408193851,-0.691933140170363,-0.2306478084668413,44.13387922900408,132.5088104248047,131.97833251953125,133.3213249206543,-79.78918609036874,-1.0162014167876745,-0.8434655887833292,False,50.0,24.99998386722814,54.58324896234537,-0.3704387879634393,-0.55352783203125,284596.3562447802,-47.37645507914239,1
2022-02-16,133.2191925048828,133.2653238515554,132.66565857674362,132.75790719277822,6700.043,1.107094514333852,1.1532259050875382,1.7067738003345028,53.264593978866394,132.69332580566407,132.0152359008789,133.32209701538085,-16.250140000665436,0.4463526588297087,0.8849585643329885,True,50.0,83.74985999933456,49.999916494932506,-0.25538103094585474,0.3690338134765625,290265.5508053696,87.83899698677787,1
2022-02-17,133.31143188476562,133.7727171162008,132.85014665333046,133.21916920755535,4940.804,0.4612620147771338,0.5073932646454011,0.18448807658683108,53.616443479981015,132.5918395996094,132.27816772460938,133.29362716674805,-13.750629135911357,0.3878784503637319,0.846190190519259,True,50.0,85.71354652378373,64.82113013011549,-0.16839853799086707,2.6293182373046875,290265.5508053696,84.52946248517587,0
2022-02-18,132.9424285888672,132.9885458568449,131.97372664706347,132.3888806000336,3867.211,-0.8302886075217657,-0.7841712593559009,-0.8764200062669829,51.91086534575438,132.43500366210938,132.5134246826172,133.1902847290039,-23.749913046969738,0.22024643344508787,0.5612007488781242,False,33.33333333333333,69.35501358458326,79.60614003590052,-0.13262445834425257,2.352569580078125,293781.280074842,18.88922450616712,0
2022-02-21,132.6656494140625,132.71178075754898,131.74307885357155,132.34274408696683,4502.939,-0.046136513066755924,-0.27676509929591475,-0.23064779349192577,50.59393205611527,132.63796997070312,132.6518081665039,133.03924865722655,-31.250099577288054,0.1450892998551559,0.22652108576226532,False,33.33333333333333,59.677373338905724,71.58197781575758,-0.1246343505328692,1.3838348388671875,297855.3428130018,-19.646972616564,0
2022-02-22,130.8666534423828,131.6046987067882,129.85182008785878,131.55858143574616,18718.149,-0.7841626512206687,-1.1070820507607664,-1.891258765712763,42.880454369108534,132.6010711669922,132.55494079589843,132.79826278686522,-74.41844370278233,-1.1153592477160574,-1.1498138723744677,False,33.33333333333333,25.581556297217674,51.53798107356889,-0.2313378055620976,-0.9686737060546875,300811.0299075424,-150.97934215579897,1
2022-02-23,131.2356719970703,131.37405196051907,130.68212398865404,130.8666493763332,4408.857,-0.6919320594129488,-0.2306467462691444,0.8303039007952577,44.764857624079745,132.2043670654297,132.44884643554687,132.49899291992188,-65.11635593697007,-0.8595622248632026,-0.8681962713035545,True,50.0,34.88364406302993,40.04752456638445,-0.2654505045153135,-1.060943603515625,303456.41586628265,-97.97443813951108,0
2022-02-24,128.05279541015625,130.1747104948386,127.59151013423877,130.1747104948386,29453.452,-0.6919388814946217,-1.199341465680476,-3.090613854415267,34.1607028817202,131.15263977050782,131.8722396850586,132.11731414794923,-92.59260402359928,-2.630658427957716,-3.0415937928791092,False,33.33333333333333,7.462705540578029,22.64263530027522,-0.47834511449645944,-5.7660675048828125,284522.0424013966,-194.21511591246346,0
2022-02-25,127.7760238647461,128.42182044787853,127.17635862554661,128.28344049338932,22577.27,-1.8912700014492714,-1.7528900469600615,-0.415151508692162,33.40993669948364,130.1193588256836,131.27718124389648,131.80304527282715,-90.9723127608269,-2.1547204070089427,-2.974402529183015,False,16.666666666666664,9.090852779591891,17.14573412773329,-0.6055853956491177,-5.950584411621094,283685.7905077118,-169.2712204937568,1
2022-03-01,129.57504272460938,129.8979480774206,128.09893815665535,128.28344946798578,8239.515,8.974596454436323e-06,1.476127629542077,0.9225795311087381,42.38819730043249,129.50123748779296,131.06960372924806,131.5516445159912,-63.8889026470436,-0.34884372606284453,-1.3433987206672884,True,33.33333333333333,36.36376195231435,17.639106757494766,-0.5386167112459157,-2.075775146484375,288967.47468381433,-79.01706093539144,0
2022-03-02,128.8369598388672,129.25212781006854,128.42180594497395,129.159865132622,6131.154,0.8764156646362267,-0.6458202673520645,0.32286778831860374,39.975857157985374,129.09529876708984,130.84818496704102,131.41325874328612,-74.82548567253676,-0.42782476489616206,-1.600086297731878,False,33.33333333333333,25.174514327463243,23.543043019789838,-0.5141165086184465,-2.2141876220703125,288967.37073599885,-74.43711883287288,1
2022-03-03,129.11373901367188,129.8979295717462,129.02149040980404,129.62115560552533,4438.868,0.4612904729033289,0.6458017616776601,0.5996844648300907,41.341513068869446,128.67091217041016,130.43763961791993,131.2264377593994,-70.62954672839308,0.011903226893408628,-1.2292039715929106,True,50.0,33.3330691360489,31.623781805275502,-0.4515811674037109,-4.1054534912109375,285462.91870811535,-42.69688163420953,0
2022-03-04,127.72988891601562,128.0989255797547,127.26860364432375,127.77602025864667,12599.177,-1.8451353468786635,-1.7990039919914977,-1.752886765480298,36.77754818292534,128.60633087158203,129.8794853210449,131.07882652282714,-91.6085474849,-0.6101946775593576,-2.08051367424496,False,33.33333333333333,9.99978461026206,22.835789357924742,-0.47343257991647747,-5.58154296875,286862.68485905736,-94.41268095301189,0
2022-03-07,123.62446594238281,126.29991517140559,123.39382328204255,126.29991517140559,52044.419,-1.4761050872410806,-1.799010408349119,-3.8747803622812,27.096431623166552,127.77601928710938,128.94768905639648,130.73055686950684,-97.77777223637078,-3.2490870399937997,-4.643294457014833,False,33.33333333333333,2.8089898873043713,15.380614544538453,-0.7196358619100245,-9.317962646484375,243079.30075472576,-198.0033009720186,0
2022-03-08,120.99513244628906,122.84027370556795,120.8567524827674,122.19447708028247,41820.858,-4.105438091123119,-3.4596414658376347,-2.537070799275142,22.88712760763093,126.0600372314453,127.78063735961913,130.21622276306152,-98.8593610255732,-4.461842275605201,-5.926655808417359,False,33.33333333333333,1.3157366471724716,4.708170381579643,-0.9977113886633929,-11.670516967773438,207093.6904324022,-207.29508292774457,1
2022-03-09,122.24059295654297,122.93252084120265,121.96381898721732,121.96381898721732,20881.585,-0.23065809306514495,0.09224713563469322,1.107066504449918,28.617255097928876,124.74076385498047,126.91803131103515,129.7364860534668,-88.32697449807591,-2.5376992057495613,-4.294705987446979,True,33.33333333333333,14.851327640485525,6.325351391654132,-1.031632355022932,-8.626060485839844,198144.5264192798,-121.83714172829423,1
2022-03-10,125.7925033569336,125.97701465621459,124.73153875077573,124.73153875077573,14436.523,2.7677197635584037,3.044493815011947,2.7677197635584037,42.02106446757852,124.0765167236328,126.37371444702148,129.4112804412842,-54.07726489052228,0.7016308620834658,-1.0701931591421945,True,50.0,54.59179399995617,23.586286095871397,-0.7612002373633089,-5.443168640136719,208303.64573094202,-28.140090792403544,0
2022-03-11,123.99348449707031,125.3312231449721,123.8089731903181,125.3312231449721,10604.845,0.5996843941963732,-0.6457915112424928,-0.9225655604576275,38.071104035656624,123.32923583984375,125.9677833557129,128.92001152038574,-70.17549969991477,-0.0557730360493345,-2.043790371109772,False,33.33333333333333,34.69377452864656,34.71229872302943,-0.6539308767421834,-4.0593109130859375,200269.61875313657,-46.99991095346102,0
2022-03-14,123.99348449707031,124.8699378394364,123.6244618835659,124.54703249463728,8586.652,-0.7841906503348213,-0.46128530553569647,-0.1845113067521993,38.071104035656624,123.40303955078124,125.58952941894532,128.4333553314209,-66.33670155800931,0.448429033567761,-1.5745134504049838,False,33.33333333333333,34.693845540605395,41.32647135640271,-0.5382523868377829,-3.7825393676757812,196771.25247612863,-43.81039894126004,0
2022-03-15,121.45641326904297,122.84026916232021,121.22577062016342,122.84026916232021,23530.678,-1.7067633323170668,-2.0296686771161916,-2.3986912634024833,32.883386737722105,123.49529571533203,124.77766647338868,127.92363510131835,-93.36746141594158,-1.3180102340303685,-3.165895565078327,False,33.33333333333333,6.632552159680079,25.340057409644018,-0.5840504478457886,-8.118629455566406,179963.62533327178,-93.42767064494886,1
2022-03-16,121.96382904052734,122.93253097436143,120.94900983909498,122.88639962945314,18988.52,0.0461304671329259,0.09226181204121531,-0.2767607810684325,34.82117889460103,123.4399429321289,124.0903533935547,127.46926918029786,-87.75519735006459,-1.0355580153182131,-2.3843938879051727,True,50.0,15.286524402744195,18.87097403434323,-0.5330348556653277,-6.873130798339844,180405.11226404633,-81.41116611428677,1
2022-03-17,125.83863067626953,125.93089337193524,124.73154871483558,124.96219137668893,14001.548,2.0757917472357974,2.998362397573814,3.782538875740599,47.45846903927784,123.4491683959961,123.76284255981446,127.1002410888672,-44.89790273464459,1.6141076427576482,0.9684839422903033,True,50.0,91.52543251924253,37.81483636055561,-0.2078990696123526,-3.2751083374023438,192252.44953850427,64.70151717134497,0
2022-03-18,125.56184387207031,126.02312909705617,125.00829597116415,126.02312909705617,12645.344,1.0609377203672352,0.09223572512092915,0.27674725632856223,46.752097771028176,123.7628402709961,123.54603805541993,126.71276168823242,-47.95930504404767,1.4220877868615729,0.9675051396280511,False,33.33333333333333,91.07139762691573,65.9611181829675,0.007534956866766418,-2.1680450439453125,193402.09005141846,84.04790423027198,1
2022-03-21,126.39217376708984,126.9918390336008,126.20766246026419,126.20766246026419,7718.397,0.18453336320801839,0.9687099365446272,1.1993664891000435,49.22530484702357,124.242578125,123.82280883789062,126.38524894714355,-23.566846439708275,1.764164655504357,1.820888940448688,True,50.0,90.07641541388968,90.89108185334932,0.21355306569217003,2.7677078247070312,189315.8635739569,108.18607703780809,0
2022-03-22,126.20765686035156,126.39216815899033,125.74637157509977,126.20765686035156,6046.072,-5.599912626053083e-06,-0.5996708746104673,-0.4612908851644164,48.67720751841038,125.19282684326171,124.34406127929688,126.06234931945801,-12.781925189673343,1.3145736640255234,1.7762501103089967,False,50.0,87.02293002154985,89.39024768745175,0.337617767400368,5.2125244140625,191907.0749438098,79.56080056365207,1
2022-03-23,127.40699768066406,127.63764031652528,126.8995810663075,126.94571240894162,10269.938,0.7380555485900544,1.245472157534948,1.1532094912077326,52.43274717275313,126.28146057128906,124.86070175170899,125.88936653137208,-3.4013633836116233,1.4695086814828624,2.482917815824717,True,66.66666666666666,96.55172106398341,91.21702216647434,0.4913570525695554,5.166404724121094,195758.3261791568,112.62997456293073,0
2022-03-24,127.31473541259766,127.40699809816822,126.43829620891484,126.85345013936362,4277.141,-0.09226226957800066,-0.23064221835706178,-0.4612848573926698,52.112728032450605,126.5766815185547,125.01292495727539,125.69331970214844,-4.827668459443417,0.6809310848976478,1.9767202897776188,False,50.0,95.1723315405566,92.9156608753633,0.5720895305950426,1.5222320556640625,199220.72629839295,85.92212637604186,1
2022-03-25,127.4992446899414,127.77601866496634,127.22247071491648,127.68375598085498,4874.198,0.8303058414913664,0.36902056679812745,0.7841745060016478,52.74198989923473,126.9641616821289,125.3635009765625,125.6656421661377,-4.054103079171159,0.6066440157578084,1.7672986277121507,True,50.0,95.94589692082884,95.88998317512295,0.6191896320547976,3.5057601928710938,199220.72629839284,88.49194691538419,0
2022-03-28,126.11538696289062,126.39216093368165,125.05443649838548,126.39216093368165,10506.177,-1.291595047173331,-1.3838577312846922,-2.168034216530998,47.62187609418894,126.90880432128907,125.57569122314453,125.58261032104492,-24.324440533644182,-0.5577174041652946,0.6411173105651593,False,50.0,75.67555946635582,88.93126264258042,0.5412397696529974,2.1219024658203125,205379.46633843394,15.375687071143863,1
2022-03-29,126.25379180908203,126.5766830715915,126.02314915987093,126.39217176768464,6443.554,1.083400299251025e-05,0.18452213790985184,0.9687126614854407,48.17084237321582,126.91803131103515,126.05542907714843,125.41654777526855,-22.29712740542743,-0.4304773887732552,0.6003511305082271,True,50.0,50.000266686195,73.87390769112655,0.48491091934110453,4.7973785400390625,204305.62260704354,21.34437271150899,1
2022-03-30,127.82215881347656,127.9605387718683,127.36087351575728,127.36087351575728,8166.267,0.9687017480726325,1.383855700276797,1.3377243558863512,54.11574050850194,127.00106353759766,126.64126205444336,125.36580772399903,-1.973606038262523,0.5929386791215692,1.591768433380477,True,66.66666666666666,95.31271755972332,73.66284790409138,0.5352381861625195,5.858329772949219,208702.9612719105,114.40603933642097,0
2022-03-31,127.40699768066406,127.9144002177113,127.40699768066406,127.8221516097524,3559.638,0.4612780939951193,-0.04613855415699675,0.046124164906785836,52.38074060910275,127.01951599121094,126.79809875488282,125.28047065734863,-7.89472733424623,0.2662169372684706,0.8642741762338275,False,50.0,80.95245662015716,75.42181362202517,0.5219731545151404,1.5683670043945312,205143.32327191049,80.74897911169856,0
2022-04-01,126.34603881835938,126.34603881835938,125.60797953479181,126.02314755994915,7698.756,-1.7990040498032442,-1.5683613993519288,-1.7990181458722532,48.08302160034671,126.78887481689453,126.87651824951172,125.21127815246582,-50.00015252424069,-0.44223705882226444,-0.26399696668254663,False,50.0,44.444489506075456,73.56988789531864,0.4271420922550442,0.7841949462890625,212842.07927191048,-74.8368852606936,0
2022-04-06,125.70024108886719,125.79250377747101,124.54702786786841,124.77767051206816,11562.914,-1.2454770478809962,-0.553535040888363,-1.0609516669234011,45.59871324553052,126.70584564208984,126.80732498168945,125.31506690979003,-66.21621393833944,-0.7165414631280832,-0.7647477541046449,False,33.33333333333333,33.78378606166057,53.060244062631064,0.3116792935618533,-0.6919326782226562,222691.87216613945,-119.72493041692823,0
2022-04-07,123.43995666503906,124.63930133404725,123.43995666503908,124.63930133404725,14747.866,-0.1383691780209091,-1.1532024434237655,-1.1070712028293315,38.08545905330186,126.14307861328125,126.5305549621582,125.43730812072754,-100.00000000000031,-2.1572139542166253,-2.41292380573458,False,33.33333333333333,-3.1435895597900383e-13,26.0760918559119,0.08559452362277509,-2.7677001953125,207944.0061661391,-179.35696001544946,1
2022-04-08,124.13186645507812,124.13186645507812,123.39380722258404,123.71671253595926,8942.218,-0.9225887980879861,-0.5074348789691214,-0.046149442455032386,41.31455423766412,125.40502014160157,126.2030418395996,125.5318717956543,-83.83834861916164,-1.332198092285637,-1.7195764325990914,True,33.33333333333333,16.161651380838375,16.648479147499543,-0.009767166930202187,-3.2751312255859375,216886.2241661391,-133.88771103330728,0
2022-04-11,122.19447326660156,124.03961446829373,121.96383061639004,123.76284047257786,16709.415,0.04612793661860337,-0.09225198678439028,-1.4299766061940034,35.63717039985359,124.36251525878906,125.691015625,125.35197029113769,-96.15384567279935,-2.1425940982615126,-2.996642930291916,False,16.666666666666664,3.8461543272006526,6.669268569346239,-0.185968858662931,-5.120262145996094,203890.01249947242,-141.95908702980202,1
2022-04-12,122.2867202758789,122.56349423610199,121.41028113292944,121.91768363647866,14218.88,-1.845156836099207,-1.4761202321917466,-0.5535494834605998,36.093327540872586,123.55065155029297,125.16976318359374,125.26663208007812,-86.61977602622287,-1.3948373506595324,-2.593472782971501,True,33.33333333333333,13.380223973777131,11.129343227272052,-0.2736519567063389,-5.2125244140625,211283.76067134758,-126.93276234978842,1
2022-04-13,124.5931625366211,124.73154249590934,122.88640129307839,123.07091259789945,7046.713,1.153228961420794,2.1680482598073496,1.4761201601489518,46.44595290669294,123.32923583984375,125.0175407409668,125.29661598205567,-51.40830209836938,0.7021728386078515,-0.5766821429707918,True,50.0,48.59169790163061,21.9393587342028,-0.15932834587843603,-1.5222244262695312,217273.50973107046,-36.301094100023775,0
2022-04-14,124.13186645507812,125.23894826516474,124.13186645507812,125.23894826516474,4947.994,2.1680356672652863,0.5074057692553993,1.2454651619997321,44.860356145959805,123.46761779785156,124.8053482055664,125.43038864135742,-58.450713358664466,0.5417483819498462,-0.7224806482674528,False,50.0,41.84402663408432,34.605316169830694,-0.10065132957482803,-2.1219253540039062,212325.51573107045,-12.48336856704001,0
2022-04-15,122.00996398925781,122.74802329766058,121.77932133521384,122.5635119898875,20692.379,-2.675436275277235,-2.4909249675041565,-2.3525451198642884,38.299349431783895,123.0432373046875,124.22412872314453,125.43269538879395,-90.84489665317165,-0.9857696944771028,-2.1517943634123684,False,50.0,12.149762904662031,34.19516248012565,-0.18567508204469985,-5.81219482421875,201486.62190207053,-103.72944618609235,0
2022-04-18,121.36416625976562,122.00996286970084,120.99512957029528,121.77932021777325,17962.021,-0.7841917721142551,-0.7380604279597378,-0.7841917649185604,36.52570706558765,122.8771759033203,123.61984558105469,125.20897216796875,-94.7018663399272,-1.1397745260088954,-2.350608028057478,False,33.33333333333333,7.692472455418575,20.56208733138831,-0.26168585994285243,-6.0428314208984375,196588.11541212766,-119.70377841839372,1
2022-04-19,121.7793197631836,122.65575902177476,121.6409398034677,122.00996241425023,9059.509,0.23064219647697826,0.6457961520739133,0.6458102331724263,38.52231555280602,122.77569580078125,123.16317367553711,125.01984596252441,-88.66657726156195,-0.7456588149037623,-1.6179603109527367,True,50.0,18.47840940604648,12.773548255375696,-0.25975900529329676,-4.566719055175781,189999.30162138303,-70.89052915498705,1
2022-04-20,122.37898254394531,122.42511388868543,121.45641195838279,121.96382859590418,6762.135,-0.04613381834604979,-0.23064513308932533,-0.18452784508491504,41.425601593287126,122.33285980224609,122.83104782104492,124.81918640136719,-74.13798460232344,-0.2694120450758571,-0.7977109251250679,True,50.0,32.60867329989938,19.593185053788144,-0.1967163670207408,-3.321258544921875,196117.38632870576,-56.09521168057207,1
2022-04-21,122.47123718261719,123.25542775971952,122.37897449920196,122.93252244507525,3984.094,0.9686938491710748,0.8303138710340932,0.9225625408191718,41.88619878608188,122.0007339477539,122.73417587280274,124.63236541748047,-69.23092615718815,0.09424511793048208,-0.46239036383448556,True,50.0,34.78253239485567,28.62320503360051,-0.13060558469221606,-0.968719482421875,192972.0893757986,-5.696348566774472,0
2022-04-22,121.41029357910156,121.5486735347447,120.7183656462662,121.22576820183093,11200.337,-1.706754243244319,-1.70675422497483,-1.6606088529357663,38.12508148832156,121.88079986572265,122.46201858520507,124.33253021240235,-84.69383282715094,-0.4036294070555946,-1.0371259951077434,False,50.0,15.306167172849067,27.56579095586804,-0.13933412675049528,-2.7215728759765625,200439.1073052349,-107.28993630098368,0
2022-04-25,119.24224853515625,119.98030782124205,118.68870055126442,119.93417647636606,32212.97,-1.291591725464869,-1.5683657135026436,-2.029665095001775,31.76626067603482,121.45641632080078,122.16679611206055,123.92890586853028,-91.5492053420034,-1.8105845863490362,-2.5263938967018236,False,50.0,8.45079465799659,19.513164741900443,-0.26484799973597783,-2.9522247314453125,195837.35475986704,-198.71799935699855,0
2022-04-26,119.24224853515625,119.74966517417211,118.87322593076836,119.70353382929612,9352.352,-0.23064264706994209,-0.23064264706994209,0.18452537950393832,31.76626067603482,120.94900207519531,121.86234893798829,123.51605606079102,-91.5492053420034,-1.5238084216810872,-2.200642296911901,False,50.0,8.45079465799659,10.735918829614084,-0.31801779909436667,-3.0444717407226562,194360.57272816077,-138.17943678049727,0
2022-04-27,116.75131225585938,117.16646621043432,116.2900269558183,117.16646621043432,28746.564,-2.5370676188617978,-2.583198963737786,-2.583198974950051,25.867157937139254,119.82346801757812,121.0781639099121,123.04785232543945,-94.84535304205554,-2.9090167805871983,-3.886071902825669,False,33.33333333333333,6.622523427262224,7.841370914418469,-0.48129739307048824,-7.841850280761719,195873.64698614684,-181.147064075353,1
2022-04-28,117.25871276855469,117.5354867425758,116.19775525301317,117.48935540068743,11542.841,0.32288919025310747,0.36902053214147656,-0.09227170280513519,28.805115373632717,118.78096313476563,120.39084854125977,122.59809837341308,-88.26529293074967,-1.7900900224099083,-3.134235905352308,True,33.33333333333333,15.032682722715915,10.035333602658243,-0.5125884634900872,-6.8731536865234375,202640.10647761505,-122.2924908892443,1
2022-04-29,118.78095245361328,119.47288033198384,118.31966720136624,118.9193323983639,11884.431,1.4299769976764765,1.937393589408046,2.1219119483530733,36.979205511631335,118.25509490966797,120.06794738769531,122.14603805541992,-71.42858030872435,-7.4935917172374835e-06,-1.4825517715190117,True,33.33333333333333,36.60126193366865,19.418822694548933,-0.3935783968444617,-3.2290115356445312,200263.22027761498,-44.052916733570264,0
2022-05-03,117.9045181274414,118.73482598463022,117.58161280669614,118.59644603420185,6281.269,-0.3228863641620592,-0.738054347353625,-0.738054394670101,34.491881208443004,117.987548828125,119.72198257446288,121.6709140777588,-75.81691594776561,-0.24717052500580258,-1.7867448601505127,False,33.33333333333333,24.1830840522344,25.272342902872992,-0.3387819205293914,-3.4596481323242188,197499.52325813257,-60.519337869866064,0
2022-05-04,117.9045181274414,118.5041833490434,117.62774414927537,118.36580339861503,9899.693,-0.2306426355868183,-0.2306426355868183,0.046131342579229795,34.491881208443004,117.72000274658203,119.33450241088867,121.24883804321288,-75.81691594776561,-0.0586505674424845,-1.5060539955556962,False,33.33333333333333,24.1830840522344,28.32247667937915,-0.27040165673353656,-3.8748016357421875,193852.35163088184,-54.640708080038344,1
2022-05-05,119.24224853515625,119.74966517417211,118.96547454321033,119.47289118222619,6225.604,1.1070877836111634,1.2454818251287065,1.3377303939349616,41.62424797359852,118.2181900024414,119.02082901000976,120.92593841552734,-56.86264445891849,1.0752719000534443,-0.241194266770074,True,50.0,56.89665066531161,35.08760625659347,-0.1111048150170717,-3.1367340087890625,192021.3047789089,13.551543399759632,0
2022-05-06,116.84355926513672,117.02807055604268,116.19775566965669,116.65904093557617,17050.883,-2.81385024665002,-2.72159461812943,-2.7677188735536475,34.31577971272981,118.13515930175781,118.45806121826172,120.59611854553222,-90.84961775273801,-0.9708742258573535,-1.9104191764959852,False,50.0,17.07323296833746,32.71765589529449,-0.14137017180286193,-5.627677917480469,201494.14603835906,-102.18663222503193,0
2022-05-09,114.90616607666016,115.82873663676612,114.86003473319293,115.7826052932989,12930.248,-0.8764356422772721,-1.1993339192765546,-1.3377209364637537,29.718149251214328,117.36020202636719,117.80764846801758,120.13483352661133,-99.45051597558965,-2.2881772751571754,-3.029908200811654,False,33.33333333333333,0.9434525578989446,24.971112063849336,-0.2591018326958532,-6.504127502441406,189795.42181136733,-153.07379293513938,0
2022-05-10,114.39875030517578,114.49100595414254,112.13845523154352,112.69199616399888,13844.143,-3.09060912930002,-1.3377306826235866,-2.7215795016494155,28.622473363361195,116.65904846191407,117.32329864501953,119.74504737854004,-75.98041829844314,-2.1117033178574736,-2.9069202613647236,False,16.666666666666664,29.696921917406122,15.90453581454751,-0.33363562674091307,-4.843498229980469,202553.76429315997,-168.78817346707297,1
2022-05-11,114.58325958251953,114.81390222019662,113.75295171780576,114.26036129750254,8049.901,1.5683651335036615,0.3228962660540873,1.6144964862622402,29.651339759040525,115.99479675292969,116.85739974975586,119.35987434387206,-68.82363799865816,-1.4872136580842135,-2.2784681448145894,True,33.33333333333333,32.12109992240842,20.920491465904494,-0.33226918684831475,-4.658988952636719,207103.689760851,-110.26740979510063,0
2022-05-12,111.86167907714844,113.47617753805574,111.81554773423206,113.47617753805574,11938.815,-0.7841837594468046,-1.3377246821408875,-1.9374039835737022,24.06867854780458,114.51868286132813,116.36843643188476,118.72330017089844,-99.41856995102998,-2.9870660749143623,-4.096497855360648,False,33.33333333333333,0.5814300489700197,20.79981729626152,-0.46810413388183747,-4.8896331787109375,195828.18161890222,-135.26959525058243,1
2022-05-13,112.87650299072266,112.87650299072266,112.13845078956915,112.64586035811446,7026.55,-0.8303171799412752,-0.5996745473330805,0.3229030553370933,29.470333630946897,113.72527160644532,115.93021545410156,118.16053199768066,-86.62793606822869,-1.1978497007426523,-2.7843109567058835,True,33.33333333333333,13.37206393177131,15.358197967716583,-0.4432980547240617,-4.382209777832031,202854.7316189022,-96.76845131913261,1
2022-05-16,113.47618103027344,114.39875160775533,113.01489574153248,113.89133497467833,5726.166,1.2454746165638682,1.5222486170326732,0.8764449519633359,32.56291199720336,113.43927459716797,115.39973831176758,117.73384284973145,-79.06971621466282,-0.18259027192175345,-2.0375626685914074,True,50.0,20.93028378533718,11.62792592202617,-0.344588942029993,-5.304771423339844,200946.00961890226,-56.20657885667746,1
2022-05-17,114.72164154052734,114.86002852479413,113.61455974370193,113.61455974370193,4165.551,-0.2767752309763978,0.461276917038802,0.5996640021694475,38.65707086428453,113.50385284423828,115.08145065307617,117.40171661376954,-63.372185648952964,0.9402647503380959,-0.7812813552655418,True,66.66666666666666,36.627814351047036,23.643387356051843,-0.16273561793481672,-3.1828765869140625,204185.87215613085,-23.229763244416347,1
2022-05-18,115.96710968017578,116.24388364717844,115.55195576832618,115.64421141110894,6316.611,2.029651667407009,1.383855122384304,1.937396024624249,44.16181892080962,113.78062286376954,114.88770980834961,117.11110610961914,-47.67455892390857,1.8019794761065526,0.49969315443723183,True,83.33333333333334,79.64592363169048,45.73467392269157,0.06206922962951289,-1.937408447265625,205449.14295141882,46.7030365745908,0
2022-05-19,113.7529525756836,114.21423785451661,113.15328030546972,113.89133252840969,7258.37,-1.7528788826992496,-2.0296457926618245,-2.3986754628564597,37.61541027847265,114.15887756347657,114.33878021240234,116.67980461120605,-75.581344035838,-0.020266638962001766,-1.1226910378666148,False,66.66666666666666,43.750177934502986,53.341305305746836,0.08108394931798424,-5.489295959472656,206395.89523903996,-35.0313489197159,1
2022-05-20,114.99842071533203,115.27518765774113,114.0758501633256,114.1681058107953,3665.416,0.27677328238560506,1.060949803224517,0.9225698578558763,42.81699727032954,114.58326110839843,114.15426635742188,116.3061637878418,-59.883717310793614,0.6120967888623022,0.17077007759032045,True,83.33333333333334,71.87514776814346,65.09041644477897,0.19071701468836766,-1.8451385498046875,208369.60063430853,54.82547759162784,1
2022-05-23,115.22907257080078,115.87486919340232,114.86004291274764,115.59810222885392,2678.893,1.4299964180586215,0.5996815356611904,0.7841927494220471,43.76428873977622,114.9338394165039,114.18655700683594,115.99710273742676,-34.512999688258375,0.4692405725178724,0.6649296546108913,True,83.33333333333334,77.08369246761923,64.23633939008856,0.28620287000126776,0.322906494140625,207639.00358721428,93.98794273191976,0
2022-05-24,113.93746185302734,115.50582895780958,113.84520620662626,115.32131766500743,5069.187,-0.27678456384649053,-0.3690402355927347,-1.014836706121386,39.74236673202821,114.77700347900391,114.14042816162109,115.73186340332032,-52.083261963217254,-0.7234736627560138,-0.2523989600982909,False,66.66666666666666,47.91673803678274,65.62519275751515,0.2700164464337429,-0.4612884521484375,203133.052425191,21.057574085303386,1
2022-05-25,114.81391143798828,115.04455409418243,113.89134081321166,114.1219834694058,2567.573,-1.1993341956016224,-0.4612748636271533,0.046134606585397364,43.58055637727926,114.5463638305664,114.16349334716797,115.51044654846191,-32.29141233413629,0.026795423543725258,0.5216624477849936,True,66.66666666666666,65.16878344411974,63.389737982840565,0.32242964242191174,0.23065185546875,204673.59622519102,30.890748779241438,0
2022-05-26,113.38391876220703,115.32131545410509,113.33778742056359,115.32131545410509,5804.968,1.1993319846992847,0.27676135992265927,-0.5535533926480696,39.14281628321114,114.4725570678711,114.31571731567382,115.34207687377929,-64.58328684168258,-0.8471202481754756,-0.6567664135675423,False,50.0,11.428442331087787,41.504654603996755,0.2671655254229357,1.5222396850585938,199138.64302458777,-32.243770865581745,1
2022-05-27,115.7826156616211,116.05938966989989,114.44489104513625,114.53714670167737,11700.393,-0.7841687524277177,0.7380742157947964,1.1071036245726589,48.70160740154881,114.6293960571289,114.60632858276367,115.26827201843261,-10.416282653915442,0.9518762981227471,1.3561351136051139,True,66.66666666666666,85.07514764730958,53.890791140839035,0.3910374909300658,2.9061126708984375,206827.43190256975,90.67460081331186,1
2022-05-30,118.59644317626953,118.64257451773707,117.21258739609674,117.39709868465799,14542.63,2.8599519829806184,2.583184847837188,2.7676963509604917,57.287027914606206,115.30287017822266,115.11835479736328,115.25904655456543,-0.7092629752376693,2.86742669651058,3.311788471403581,True,66.66666666666666,99.15961251695256,65.22106749844997,0.6462963218916618,5.120262145996094,220431.77229112684,226.56188842612448,1
2022-05-31,119.74966430664062,119.74966430664062,117.72000480393615,118.50418839056188,7025.667,1.1070897059038884,1.1070897889035507,0.5074174078394122,60.26062757993742,116.4653106689453,115.62115707397462,115.35130386352539,-0.0,3.19332468097966,3.7984846551344145,True,66.66666666666666,100.00000000000001,94.74492005475405,0.8630757450041591,5.028022766113281,227457.43929112682,180.5395798613976,0
2022-06-01,119.14998626708984,119.98030824586621,119.01160630928214,119.2883803022076,6406.682,0.7841919116457206,0.2306439392255868,1.2916015053459944,57.97118883288721,117.33252563476563,115.93944473266602,115.41357727050782,-12.162275971704105,1.9135890129912065,2.85714097539045,False,66.66666666666666,87.49989649089976,95.5531696692841,0.9305400310388159,3.1828765869140625,222881.15806016754,130.21554381624532,0
2022-06-02,117.9045181274414,118.5041833490434,117.71999979577916,118.5041833490434,4429.653,-0.7841969531641979,-1.4761248968228102,-1.291606513502984,53.3765739888262,118.2366455078125,116.3546012878418,115.34669075012206,-30.405472726163335,0.4059176585784243,1.5494630049711797,False,50.0,68.74996446352526,85.41662031814167,0.8575461880501389,4.1515655517578125,220536.0991019588,61.30254412111331,1
2022-06-06,118.73482513427734,119.01159911046119,117.58161196460235,118.31967120865619,4027.825,-0.18451214038721275,0.5074157614177892,-0.1383878311768143,55.91753177084859,118.82708740234375,116.72824172973633,115.44125404357911,-18.24341605838711,0.3508712199871857,2.0618491627496875,True,66.66666666666666,81.24984257716459,79.1665678438632,0.8308589680149474,3.7364044189453125,223004.75324668072,60.615544612935125,0
2022-06-07,117.53549194335938,118.04290153331085,117.02807531475304,118.04290153331085,4841.44,-0.27676967534533503,-0.968697577150337,-0.5535366498493062,51.495214958596875,118.61489715576172,116.9588836669922,115.57272033691406,-36.80554968219394,-0.9074386815833368,0.75792610339036,False,50.0,63.19445031780606,71.06475245283195,0.703174238846745,2.3064193725585938,223004.7868260508,22.78819800105442,1
2022-06-08,118.82709503173828,119.10386902472268,118.22741570072043,118.55032103875389,3979.05,0.507419505443039,1.06096749141183,1.199340385967389,55.618832378781356,118.43038330078124,117.44784698486328,115.79413757324218,-17.361077886803486,0.14903596346489043,1.5873056250391961,True,50.0,82.63892211319651,75.69440500272238,0.6762427298284162,4.8896331787109375,224470.7593429155,57.70608482156776,0
2022-06-09,118.45804595947266,118.55030863992131,117.76612512668771,118.27353467588391,1927.275,-0.27678636286998426,-0.5535603848013722,-0.46129057403271645,54.183010660609895,118.29199523925782,117.81226043701172,115.98787689208984,-22.916936603269182,0.019464023974214855,1.039366289001127,False,33.33333333333333,72.49959251142242,72.77765498080832,0.6063529462135532,3.644134521484375,225944.5293802099,30.07468888201932,0
2022-06-10,117.25871276855469,117.5354867425758,116.61291621404483,116.98194583318812,4249.603,-1.2915888426957878,-1.014821897345513,-1.1532089126428815,49.63989493024282,118.16283416748047,118.19973983764649,116.25772857666016,-40.97232886262772,-0.7289792739996316,-0.21916648782901735,False,33.33333333333333,19.177943892697098,58.10548617243867,0.45883269249181224,3.8747940063476562,227644.34464269155,-74.34846849595655,0
2022-06-13,113.98359680175781,114.62939338565164,113.89133411378309,114.49100639234443,16866.775,-2.4909394408436896,-2.90609335692416,-2.7215821002617417,39.718752996938385,117.21258850097657,118.01983795166015,116.31308326721191,-90.27764611991557,-2.964848611624946,-2.948970270810402,False,33.33333333333333,1.5152419105968478,31.06425943823878,0.13687103965691122,-1.7990188598632812,214994.50467292318,-256.7609376865302,0
2022-06-14,113.79907989501953,113.98359823463367,112.64586666738728,113.10715195844018,11889.78,-1.3838544339042471,-0.645795151017964,-1.245467446395807,39.23678054209962,116.46530609130859,117.54010162353515,116.32922821044922,-84.2767412448132,-2.4387011272963037,-3.1346106470338655,False,16.666666666666664,15.723258755186809,12.13881485282691,-0.08062648576812886,-4.79736328125,223604.28064566775,-175.6654050419416,0
2022-06-15,113.24553680419922,114.02972037637514,113.15328115547055,113.47617944534831,8848.327,0.3690274869081236,0.04612214174146345,0.5074144880832705,37.73809533451973,115.34899444580078,116.88968887329102,116.25542297363282,-91.82391555791352,-2.314475694653223,-3.4319982188792277,False,16.666666666666664,9.285690893729617,8.841397186504414,-0.24461296514426212,-6.504127502441406,216618.73688968061,-119.22935198469226,0
2022-06-16,113.01490020751953,115.32132674236686,112.7842575540348,114.49101178209078,12767.922,1.0148323367424723,1.2916063659917256,-0.36902360143575663,37.09409341179222,114.26036529541015,116.27618026733398,116.1078125,-94.96848483714035,-1.6919614575694641,-3.2449098640382443,False,0.0,5.714360567135418,10.241103405350605,-0.3452986547991761,-6.1350860595703125,206172.255253317,-83.33320975668943,0
2022-06-17,111.4926528930664,112.09232517622576,111.07749894861642,111.63103988743471,19671.555,-2.85997189465607,-3.2290015661411076,-1.706758605418372,33.0350165759227,113.1071533203125,115.63499374389649,115.99479751586914,-95.3368208776725,-2.0267536469370584,-3.9825197516723767,False,0.0,5.172374815931512,6.724142092265506,-0.4826710986591335,-6.411865234375,202595.5220652315,-115.08869855814817,0
2022-06-20,110.47782897949219,111.58491088031735,110.24718633026569,111.53878657366509,10564.277,-0.09225331376961776,-0.5074142959084043,-0.8303126183507317,30.599812753236307,112.40599975585937,114.80929412841797,115.76876792907714,-97.39583479296549,-1.9447274122943725,-4.2606312751160935,False,0.0,2.6041652070345167,4.496966863367139,-0.6023541177312789,-8.256996154785156,195674.10687015008,-112.95642514677519,1
2022-06-21,112.73812866210938,112.73812866210938,111.03137439689849,111.58491536958103,6482.625,0.04612879591593355,1.1532177817920228,0.7841880666327938,41.14198878262559,112.19380950927734,114.32955780029297,115.64422073364258,-71.87499634143319,0.24610595309930836,-1.9359967675697063,True,16.666666666666664,30.000067913572597,12.592202645512865,-0.49429214291986756,-4.79736328125,202156.73187015008,-65.39022846400559,0
2022-06-22,110.24717712402344,112.27682945226752,110.1087901383126,112.27682945226752,15108.994,0.6919140826864947,-0.46129920984185446,-0.9225842585858857,34.78873660858558,111.5941375732422,113.47156600952148,115.45970649719239,-98.46152560240562,-1.4500784648119636,-3.509071906350789,False,16.666666666666664,1.863372008914417,11.4892017098405,-0.5512359667169049,-8.579917907714844,188976.56648808593,-98.96752058963457,0
2022-06-23,108.77107238769531,110.52395789094736,108.17140010518082,110.52395789094736,16872.943,-1.7528715613201626,-1.7528715613201626,-1.937390033131777,31.631077422235393,110.74537200927735,112.50286865234375,115.15756454467774,-94.51475886254228,-2.1170604226678447,-4.188532606059244,False,16.666666666666664,8.387110986505169,13.416850302997384,-0.6425956087568032,-9.686973571777344,180705.5258964045,-133.56843876634304,1
2022-06-24,109.001708984375,110.06266649632208,108.81719065610122,109.46299424707769,10768.382,-1.0609636438696697,-0.46129139462527746,0.6457905509203954,32.67271657635898,110.24718322753907,111.67716827392579,114.93845405578614,-92.00003664725486,-1.3155182275093746,-3.2878605311068543,True,33.33333333333333,11.612830750959393,7.287771248792983,-0.6403523455360727,-8.257003784179688,173127.83420237002,-111.690141819939,1
2022-06-27,111.58489990234375,112.04618515541446,110.52394945120462,110.52394945120462,16680.954,1.0609552041269268,1.9835186590923826,1.7067587951033971,43.2390653858184,110.46859741210938,111.43729858398437,114.72856826782227,-63.54690073529115,1.009108828836092,-0.4902215814974541,True,50.0,47.741745760154544,22.580562499206355,-0.42796417693815547,-2.3986968994140625,179699.0817146418,-10.357772701211617,0
2022-06-28,110.52396392822266,111.4465345552073,110.01654726791898,111.4465345552073,10808.46,0.9225851040026782,-0.5996506002071698,-0.5074021832856346,40.39840507955663,110.02576446533203,111.10978698730469,114.32494430541992,-67.09667186224837,0.041762917905843286,-0.9405603407574455,False,50.0,32.90332813775163,30.752634882955178,-0.32657923956670154,-3.275115966796875,176561.16917332017,-37.155066699079505,0
2022-06-29,109.60138702392578,110.29331495453478,109.32461303622023,109.50912433558733,6271.996,-1.937410219619963,-1.1532196006725144,-0.6919342316987525,38.02838076330234,109.8966064453125,110.74537200927735,113.81753044128418,-79.99997774371919,-0.3216295353702214,-1.444864483775542,False,33.33333333333333,31.31315778721751,37.31941056170788,-0.2905096502344151,-3.6441497802734375,173873.19692918024,-78.04620281418583,0
2022-06-30,106.83367156982422,108.67881265366466,106.55689759178628,108.58654996854892,20430.245,-0.9225743670384077,-1.6145023008701145,-2.7677154444339465,31.90306582177037,109.50912628173828,110.12724914550782,113.2017147064209,-96.8420763830397,-2.333427488414579,-3.429584958128963,False,33.33333333333333,4.477651375415581,22.898045766794898,-0.41435958457097044,-6.1812286376953125,158772.62820371886,-173.75503200085925,0
2022-07-01,102.9127426147461,106.69528027628519,102.5898373071776,106.69528027628519,34719.56,-1.8912696922637338,-1.9835323773794755,-3.967060284608678,25.544325088293505,108.2913330078125,109.26925811767578,112.45212593078614,-97.46372716866894,-5.0705655660868665,-6.244094633767553,False,33.33333333333333,3.1818687134122112,12.990892625348424,-0.7046025421826441,-8.579910278320312,129514.66164676682,-219.65500176724169,0
2022-07-04,101.89791870117188,103.51241723131321,101.4827647517404,102.63597798755563,26442.712,-4.059302288729555,-3.182863044971981,-1.107072555437199,24.183364051985293,106.35393676757812,108.41126708984375,111.61028060913085,-96.31150131850458,-4.9688107213533765,-6.3784704810092965,False,16.666666666666664,3.8461317487859494,3.835217279204571,-0.896855641495292,-8.579910278320312,113889.36438250475,-172.37943043312438,1
2022-07-05,102.40532684326172,104.2043365263978,100.5601858190588,103.83531395248075,16214.458,1.1993359649251119,0.6919192950845883,-0.9225789326816027,26.32443009313397,104.73020935058594,107.37798690795898,110.85377235412598,-84.84849988226165,-3.113186311200829,-5.253055036752775,True,16.666666666666664,16.06426197816892,7.697420813455683,-0.9184229618529223,-10.332801818847656,114094.6233721249,-120.26639711113334,0
2022-07-06,100.42180633544922,102.45146583686908,100.05277669531334,102.40533449235649,15611.981,-1.4299794601242581,-1.75287068952872,-0.507409123745461,23.49494267748682,102.89429321289063,106.39544982910157,109.93350791931152,-97.09089947916452,-3.451842997027928,-6.362234487763923,False,16.666666666666664,3.0769371472967113,7.662443624750517,-0.9887491235884651,-9.825370788574219,103286.33588157358,-111.56794050847608,1
2022-07-07,103.42015838623047,103.46628972970039,100.14503712085452,100.9753449940749,13433.19,-1.4299894982815857,1.0148238928313162,0.09226042554118408,35.01368786377813,102.21159057617187,105.86035842895508,109.18161354064941,-72.45282102532282,0.4255318833681772,-2.863126803153378,True,33.33333333333333,28.076936611635553,15.739378579033717,-0.7657647414944808,-5.350914001464844,116346.35878182559,-67.96330748512479,1
2022-07-08,104.48110961914062,105.08078185470762,103.60467045545725,104.52724095982053,10177.857,3.5518959657456293,1.6144921250072315,3.459633334602728,38.5831588827066,102.52526397705078,105.40829849243164,108.54273338317871,-63.076943985030034,1.8435215417126756,-1.4217375386326183,True,50.0,38.866307133092796,23.34006029734168,-0.49252326400205826,-4.520599365234375,118254.6796701598,-23.10778547554043,0
2022-07-11,103.55854797363281,104.89627250393268,103.18951833258821,104.85014819796145,7572.953,0.32290723814091393,-0.18450935077494535,-0.41515212286904557,36.67238348932423,102.85738983154297,104.60566329956055,108.02148094177247,-70.76918300596333,0.8384529144414654,-1.8900875484996735,False,50.0,34.23424813790996,33.725830627546095,-0.32756598042293383,-8.026351928710938,113956.53235003838,-23.227147314613735,0
2022-07-12,101.06761932373047,102.35921262581901,100.6985896494242,102.35921262581901,11133.444,-2.4909355721424333,-2.5370598781136664,-2.4909286831640003,32.003962014421305,102.58984832763672,103.66002883911133,107.38490791320801,-91.53833014365149,-1.4542595435906487,-3.6464119018998526,False,50.0,11.764878251343305,28.28847784078201,-0.33846939425941525,-9.456344604492188,107771.31714324305,-83.33300872559488,1
2022-07-13,104.66563415527344,104.85015250269882,103.88145053501749,104.250480191213,24824.897,1.8912675653939885,2.490939876879807,3.1828608855932856,43.36473931955774,103.43861389160156,103.1664535522461,106.95591278076172,-59.5141698052285,1.6804856140891418,0.33533769796574214,True,50.0,69.44456113165093,38.48122917363472,-0.06967372295932472,-4.935752868652344,123138.92155528744,50.15637546186324,1
2022-07-14,105.17304992675781,105.40369258010597,103.14339739275614,103.97370531388533,14750.428,-0.2767748773276679,0.5535400774071491,-0.7380531422613501,44.78405347384034,103.78919219970703,103.00039138793946,106.56382026672364,-49.99995994513522,1.3934209954028387,1.2545842189867984,True,66.66666666666666,95.68966026912055,58.96636655070492,0.16326519167746323,-1.6606216430664062,134879.05437704583,83.24822145437649,1
2022-07-15,106.55690002441406,106.69528701659232,104.94240153919567,105.72658510999936,18555.312,1.7528797961140299,1.2915944364863492,1.799004146439529,48.615291831879745,104.20435028076172,103.36480712890625,106.31703262329101,-24.598930951548674,2.212386223286584,2.83806267693828,True,66.66666666666666,97.91664618517883,87.6836225286501,0.4170786198688541,3.6441574096679688,150504.55282137333,132.8937146267138,0
2022-07-18,105.35755157470703,105.95722382616482,105.12690894250439,105.77271253586453,22207.344,0.046127425865165606,-0.7380631904274964,0.1845074033087144,45.62235700616442,104.56415100097657,103.71077041625976,106.06101875305175,-20.139004339969365,0.9205295325545519,1.8014270534882204,False,50.0,79.86099566003062,91.15576737144333,0.504866166426218,3.4596328735351562,140634.60123763236,86.25023977922393,1
2022-07-19,105.44981384277344,105.77271211885319,104.80401025195938,105.12690852803915,13251.365,-0.645804007825376,-0.18451170731162847,-0.32289869054500286,45.90185202320387,105.44058990478516,104.01521911621094,105.69660301208496,-18.750037464436655,0.7048418991051223,1.6828508911626687,True,66.66666666666666,80.98586781201583,86.25450321907509,0.5652668250315682,3.0444869995117188,145051.7870945201,69.38313447597697,1
2022-07-20,106.1417465209961,107.20269704184419,105.81884119170684,106.87979875120978,16836.288,1.752890223170624,1.4299849229909967,1.0148309397474549,48.08495972444088,105.73581237792969,104.58721313476562,105.4913314819336,-14.83863413055881,0.5535347659730033,2.002218983853494,True,83.33333333333334,83.68799195898043,81.51161847700895,0.6423168177101366,5.719940185546875,136072.57050858272,113.82330300606104,1
2022-07-21,107.3410873413086,107.3410873413086,106.09561844554838,106.46464809135087,8803.27,-0.4151506598589094,0.13839029946440462,0.2767772538415443,51.765549647339995,106.16941986083984,104.97930603027343,105.41983222961426,-0.0,1.261968638352046,2.7486487201981302,True,83.33333333333334,100.0,88.2246199236654,0.756680834774623,3.920928955078125,144875.8405085827,117.9353844289751,1
2022-07-22,107.75623321533203,108.12525577070971,107.29494798245588,107.57171489898913,15614.914,1.1070668076382617,0.7841684294011202,1.1993295369074986,53.02318426781327,106.40928649902344,105.30681838989258,105.35755844116211,-4.624216096940891,1.2424092340949862,2.54608441395646,True,83.33333333333334,95.03111423953703,92.90636873283916,0.8366672905462984,3.2751235961914062,146610.94861539465,126.55458160152072,0
2022-07-25,107.66397857666016,107.89462121031937,107.01818201787619,107.29495599372908,10543.36,-0.27675890526005276,-0.23063456039034236,-0.2767659645796954,52.69013955291669,106.87057189941406,105.71736145019531,105.16151237487793,-6.2110937332633664,0.9806719227334448,2.114621417217646,False,66.66666666666666,90.74086095881675,95.25732506611791,0.8566254853851292,4.105430603027344,151605.15394731457,96.5173437891038,0
2022-07-26,106.6952896118164,107.57172885250557,106.3723913146496,107.57172885250557,12623.932,0.2767728587764964,-0.32289235781379944,-0.6457907032265808,49.15361327002322,107.11966705322266,106.2801284790039,104.97007865905762,-19.25448290714044,-0.13671538389223498,1.0190739701213114,False,66.66666666666666,71.29653132611321,85.68950217482232,0.7800284737145082,5.6276702880859375,145778.7180944568,52.01975089758416,1
2022-07-27,107.66397857666016,107.66397857666016,106.23399847116578,106.55689675055775,7917.05,-1.0148321019478175,0.0922497241545841,-0.1383928434838282,52.622634885424304,107.42411346435547,106.57996292114258,104.87320823669434,-6.2110937332633664,0.4230867499339831,1.6071043468615704,True,66.66666666666666,86.1113190384335,82.71623710778782,0.7687889618407091,2.9983444213867188,153695.76809445678,61.78250390181705,1
2022-07-28,107.84850311279297,108.81719800671131,107.84850311279297,108.7249423556698,8307.208,2.1680456051120416,1.153219430051152,1.6145046416271924,53.28494607877484,107.52559661865234,106.84750823974609,104.92394981384277,-17.073121877701467,0.3290000000709701,1.2413439712634173,True,66.66666666666666,75.86220847077664,77.75668627844111,0.7473076909959304,2.6754531860351562,145388.56009445677,122.97773803787992,1
2022-07-29,108.86331939697266,109.32460464865474,108.54042112852606,109.00170638020815,8030.332,0.2767640245383518,0.5074066419434331,0.6919180157330942,56.89981221621464,107.74701385498047,107.07815017700196,105.2214786529541,-7.462704817766628,1.0346023010421856,1.8595062843668761,True,66.66666666666666,89.79591595257266,83.92314782059425,0.7718171820126418,2.3064193725585938,143971.42572305724,145.50939067449613,0
2022-08-01,108.54042053222656,108.95557444099794,108.12525958480089,108.95557444099794,9504.634,-0.046131939210212636,-0.36903020765680594,-0.41516154372517633,55.4114703748545,107.92230224609375,107.39643707275391,105.55360374450683,-17.346924930965553,0.6128817557130909,1.2914299366103106,False,50.0,77.63157366267704,81.09656602867544,0.7367389804175801,3.1828689575195312,143971.50629470125,96.60362316849482,0
2022-08-02,106.81185150146484,107.73622924859153,106.39587728379232,107.73622924859153,17694.45,-1.2193451924064078,-1.2193451924064078,-1.7293823010085703,48.06865514021276,107.94561462402343,107.53264083862305,105.773929977417,-55.584574210567716,-0.8589190990374265,-0.34145404432891047,False,50.0,22.181360057451744,63.20294989090047,0.5747654615338514,1.3620376586914062,137259.89541337747,-55.515706580061476,1
2022-08-03,107.45890808105469,107.45890808105469,106.7656248031124,106.9042828691893,7840.202,-0.8319463794022255,-0.2773211675368401,0.36974751932008587,50.73458757964691,107.90460052490235,107.6643569946289,106.12578506469727,-41.271045439597806,-0.3760169449526269,0.09872162563146514,True,66.66666666666666,39.63331267538323,46.48208213183733,0.49204420546095184,1.3171615600585938,145100.09741337746,-43.383306401851804,1
2022-08-04,107.7362289428711,107.967323378997,106.48831334583723,107.55134916250486,6849.417,0.6470662933155609,0.5084152979423067,-0.27731145727517514,51.889342200770436,107.88214569091797,107.70387115478516,106.34158859252929,-45.307554981660914,-0.1300650294500404,0.17924550833916883,True,66.66666666666666,48.60633757374547,36.80700343552681,0.4386159792673501,0.3951416015625,149809.07976598764,-31.434846517019537,1
2022-08-05,110.463134765625,110.463134765625,108.98413186125987,109.07656822044979,9309.559,1.5252190579449234,2.495811386628006,2.4958185154226413,61.55557258867684,108.20210876464844,107.97456130981445,106.64068984985352,-0.0,1.9857615614189184,2.372077935817319,True,66.66666666666666,100.0,62.7465500830429,0.5616759475950828,2.7069015502929688,159118.63876598765,171.0416661863175,0
2022-08-08,110.2320327758789,110.2320327758789,109.3538768451819,110.00093836754374,8691.407,0.9243701470939527,-0.23110198974609375,0.3697449839220326,60.43300590238644,108.54043121337891,108.23136672973632,106.97436408996582,-5.464519789746918,1.558500690964509,1.930327521291944,False,50.0,94.53548021025308,81.04727259466618,0.5988509689695137,2.56805419921875,167810.04576598766,123.01622285989846,0
2022-08-09,110.13961029052734,110.46314109244348,109.07657446785214,109.44632697823167,7884.158,-0.5546113893120719,0.23110831656457265,-0.27730237732976093,59.95598235612698,109.2059829711914,108.57579879760742,107.42796363830567,-7.650032900011078,1.2247830634911532,1.6581633094675947,False,50.0,92.04549256854257,95.52699092626521,0.5877314929087437,3.4443206787109375,172014.94607301484,95.3508878645963,0
2022-08-10,108.984130859375,109.26143993439547,108.6143783735723,109.07656721771515,7222.854,-0.3697597605165157,-1.2017011580480101,-0.46219609427984665,54.128696462719766,109.51102752685547,108.7078140258789,107.64388847351074,-34.97186937199206,-0.1693491256161682,0.48962491963689203,False,50.0,63.63623549761905,83.40573609213823,0.4777434930403039,1.3201522827148438,173046.84983576144,25.317006987598518,1
2022-08-11,110.97154998779297,111.3412954401058,110.55557577527738,110.74045555387623,10728.096,1.6638883361610795,2.079855505710327,1.9411974017050824,61.203882666178814,110.15809173583985,109.0201187133789,107.9338134765625,-7.239552635404419,1.1089318689660277,1.9870306675778338,True,50.0,92.52347444389918,82.73506750335359,0.5110359401799399,3.123046875,173678.05024936513,129.29873977486469,1
2022-08-12,111.66483306884766,111.84970579463868,111.20264420192765,111.43373863538766,8424.337,0.6932830815114244,0.5084103545328844,0.6470684266502786,63.35479937435066,110.39843139648437,109.3002700805664,108.18921012878418,-3.3897788576108754,1.1372400158748228,2.3106923663129932,True,50.0,96.61022114238912,84.25664369463577,0.5486350571239336,2.801513671875,177288.53285987204,122.40352276172061,1
2022-08-15,112.681640625,112.86651334006014,112.08079372239156,112.2656664374517,9547.362,0.8319278020640439,1.0168075454214573,0.8781495204639072,66.34058496103046,110.88835296630859,109.71439208984376,108.55541458129883,-2.857102662744563,1.717541173380336,2.862735813524653,True,50.0,97.1014907775299,95.4117287879394,0.6063586293433463,4.1412200927734375,182343.07911514284,131.32323719231448,1
2022-08-16,112.86650848388672,113.05138824343426,112.6816357767809,112.7740721303338,9872.266,0.508405692882107,0.18487490337412282,0.6008420543893322,66.87588467196494,111.43373260498046,110.31985778808594,108.92624931335449,-2.77784471648572,1.482190163588064,2.7186855853464427,True,66.66666666666666,97.18303139256824,96.96491443749574,0.6191953933278105,6.054656982421875,182342.8908173305,123.00733215497105,1
2022-08-17,112.91273498535156,113.05139304779436,112.58920420794638,112.86651328038997,13854.866,0.09244115005616038,4.8043601026392935e-06,-0.0924315688345132,67.01896269517306,112.21945343017578,110.86524047851563,109.26479873657226,-2.0833556310206043,1.103599043909335,2.4211274183752267,True,83.33333333333334,96.87496948684058,97.05316388564624,0.5929660120418786,5.453826904296875,187884.7526539392,98.24560613397172,0
2022-08-18,112.17322540283203,112.26566175650794,111.80347293568668,112.21944710589085,5272.003,-0.6470661744991162,-0.7857312912864245,-0.7857312722596959,62.32105197246778,112.4597885131836,111.30894012451172,109.50640563964843,-13.380420242351452,-0.03433094711192009,1.3396351498700658,False,83.33333333333334,80.20814197292916,91.42204761744598,0.492130384503191,4.4369964599609375,191047.98663169186,50.16795130834572,1
2022-08-19,112.35810852050781,112.77407565070166,111.7572616249952,112.08079239875063,4026.019,-0.1386547071402191,0.5084138941937226,-0.04621131069148987,63.02789542813276,112.59844360351562,111.4984375,109.73649940490722,-10.563402530062382,-0.07535679980816656,1.133644455657602,True,83.33333333333334,84.37497781302464,87.15269642426479,0.4076898952775476,1.8949737548828125,191780.00785589925,51.451189517516404,0
2022-08-22,110.97154998779297,111.15642271394938,110.6942338461159,110.92532828003264,5007.0,-1.1554641187179868,-1.617652936752279,-1.0630277788792881,54.64147887429698,112.25642547607421,111.5723892211914,109.90187797546386,-46.87482942269169,-1.2069592557902054,-0.3562101172652115,False,66.66666666666666,53.12517057730832,72.56943012108736,0.23673712840418792,0.7395172119140625,192781.46897650472,-35.29387276865909,0
2022-08-23,109.26143646240234,110.00094141050856,109.26143646240234,109.58497428497498,10325.627,-1.3403539950576686,-1.1554813034408227,-1.432797383713563,46.34454640785001,111.53541107177735,111.48457183837891,110.03018531799316,-85.41681431460451,-2.2332546125027926,-1.8034609642293316,False,50.0,0.0,45.83338279677764,-0.0006663271036234653,-0.878173828125,182455.84197650471,-118.77980029206499,0
2022-08-24,108.984130859375,109.95472320060976,108.75303643730356,109.81607218932056,7063.478,0.23109790434558874,-0.04621820989879666,-0.5084000250987799,45.13226212219208,110.74969024658203,111.48457183837891,110.0961929321289,-91.66663820268897,-1.9134758893605905,-1.96105608222365,False,33.33333333333333,5.376343635784307,19.500504737697533,-0.1758347324564684,0.0,178109.09585051367,-141.68136471542195,1
2022-08-25,110.00094604492188,110.41691318798044,109.49253549012396,109.53875719599364,4893.719,-0.2773149933269252,0.46218998737067807,0.739499052820392,50.32954026029954,110.315234375,111.3875114440918,110.20381507873535,-68.74998680069308,-0.5640262761298996,-1.0360716515049875,True,33.33333333333333,29.032249315298692,11.469530983694325,-0.21982426845715075,-0.9706039428710938,178598.49761940396,-80.06626147170233,1
2022-08-26,110.55558013916016,111.01776902523729,110.41692206284847,110.78667458219871,9959.737,1.2479173862050743,0.6008558372568444,0.9243865727245151,52.9798464290715,109.95472869873046,111.27658615112304,110.28842811584472,-58.06435190935048,0.18149391222293368,-0.6541312127849512,True,50.0,41.93564809064952,25.44808034724416,-0.20828171987282507,-1.1092529296875,173235.5982816926,-34.16626075891456,0
2022-08-29,107.7362289428711,108.10597439871852,107.22781836241711,107.45891279854301,15775.738,-3.3277617836557027,-2.9117946265187697,-3.1891037004313603,40.883007887055,109.30766448974609,110.78204498291015,110.24821853637695,-91.26978517626672,-1.6870467264912106,-2.9524960809326473,False,33.33333333333333,8.730214823733272,26.56603740989382,-0.3773829588017714,-4.945411682128906,175726.66431677208,-148.84219223876548,1
2022-08-30,107.92109680175781,108.33706394704039,107.41268624424161,107.73622408217494,12155.353,0.27731128363193136,0.23108954832187578,0.18486788182450198,41.83304013918955,109.03959655761719,110.28750381469726,110.30368080139161,-88.09531126849812,-1.059322890925938,-2.5120026475673356,True,50.0,12.499932897183209,21.05526527052199,-0.4582612839234659,-4.945411682128906,176942.27380715893,-111.01693898690564,1
2022-08-31,108.7068099975586,108.7068099975586,107.04293446257397,107.18158546782469,7045.914,-0.5546386143502531,0.3697460505182022,-0.3697517816676452,45.86654827133201,108.9841323852539,109.86691131591797,110.3660758972168,-72.307780583236,-0.25446101919586195,-1.5075436167660667,True,66.66666666666666,29.032185394968394,16.75411103862828,-0.44021440450426574,-4.205924987792969,183988.18780715892,-83.58113754421191,0
2022-09-01,106.44209289550781,106.8580600369127,106.07234040734672,106.76562367798297,21061.579,-0.4159617898417167,-1.8487499606458897,-0.9705940552272523,37.65589024406449,108.2723617553711,109.29379806518554,110.30136909484864,-94.70196734126681,-1.9513239519211028,-3.08938442057543,False,66.66666666666666,7.272747879807179,16.268288723986252,-0.5547771681921674,-5.731132507324219,182749.38259773652,-134.8049669003284,0
2022-09-02,105.28662872314453,106.39587921889431,105.24040701397053,106.39587921889431,13994.058,-0.3697444590886647,-0.46218081801839617,-0.8319333933761897,34.24398265781862,107.21857147216797,108.58665008544922,110.04254379272462,-99.38646479686342,-2.3086215469488063,-3.5835140179439535,False,50.0,0.8000486914939074,12.368327322089819,-0.6743971377836318,-7.071479797363281,169874.91756809765,-136.87916183567987,1
2022-09-05,105.51770782470703,106.07233299195443,105.10173365994028,105.4714861222524,8878.179,-0.9243930966419072,-0.32354622693988233,-0.13867335403024583,35.518633738169626,106.77486724853516,108.04126586914063,109.80682754516602,-94.57826351761112,-1.3254641832223106,-2.8786227775311097,True,50.0,7.03129949504398,5.034698688781679,-0.7008931495749176,-5.4538421630859375,168606.6615762064,-117.29638469958658,1
2022-09-06,106.21099853515625,106.67318738252207,105.61015162309224,106.11856217617151,6476.116,0.6470760539191076,0.6008543905676476,0.5084179631519561,39.36559829710042,106.43284759521484,107.73622207641601,109.61039695739746,-81.67924289222628,-0.44046370283941916,-1.7773820883626688,True,66.66666666666666,18.750139353845483,8.860495846794448,-0.6365371616746707,-3.0504379272460938,169451.37983084217,-73.09066677832084,0
2022-09-07,103.71517944335938,104.59334252643912,103.62274307999374,104.54712081853506,15488.892,-1.571441357636445,-2.079844856082957,-1.9874085430984962,31.89308401654594,105.434521484375,107.20932693481446,109.34694938659668,-98.75001975584561,-2.1369367189808477,-3.5460982843620528,False,50.0,1.249980244154387,9.010473031014607,-0.7206812879801446,-5.268951416015625,156912.69938162458,-130.41847608783664,1
2022-09-08,104.45468139648438,104.50090310303494,103.90005618008884,104.50090310303494,7117.171,-0.046217715500119994,-0.09243942340417277,0.2773131000950997,35.83034655583417,105.03703918457032,106.6547004699707,109.02110595703125,-88.75002842923445,-0.7756473677092801,-2.4951461970648845,True,50.0,16.36363820500447,12.121252601001437,-0.6853782255807709,-5.5462646484375,162934.85673715352,-100.97410495883375,1
2022-09-12,106.6731948852539,106.90428932519056,106.3034423708667,106.58075851976776,7545.318,2.079855416732812,2.4033862221556177,2.4033861907778657,46.03951389257218,105.3143524169922,106.26646194458007,108.77152404785156,-58.74995128012761,1.294717079400547,-0.24491546274304213,True,66.66666666666666,60.00022924012298,25.87128256309394,-0.48110944766623964,-3.88238525390625,164676.097593029,22.773596883604373,1
2022-09-13,107.22781372070312,107.59756621298709,106.99671929458093,107.32025008066357,4540.486,0.7394915608958144,0.6932768877965287,0.6932769237142224,48.28345390681184,105.6563735961914,106.21562042236329,108.49883270263672,-51.250060954442574,1.5095160810723263,0.4909025026752779,True,83.33333333333334,70.90918941791048,49.09101895434597,-0.2867336634170652,-0.5084152221679688,163628.28493241884,66.28522407590323,0
2022-09-14,105.0555191040039,105.3328281616551,104.26979952866303,104.50089393625986,10945.566,-2.819356144403713,-2.264738051331989,-2.7269197659178985,40.99865352448037,105.42527770996094,105.92906265258789,108.10828323364258,-71.81830909699293,-0.47435577343146984,-1.1201808667582973,False,66.66666666666666,36.04628372309928,55.6519007937109,-0.28211983766916404,-2.8655776977539062,168863.17767543314,-65.6720832589455,1
2022-09-15,105.24040222167969,105.61015472090656,104.63955529199131,104.91687142952206,3684.1,0.41597749326220423,0.2773265592514633,0.3697557633282855,41.81374587382933,105.730322265625,105.582421875,107.72466659545898,-68.18178895133883,-0.14617741710922905,-0.7518788877836882,True,66.66666666666666,40.69763829888262,49.217703813297454,-0.24561441119166716,-3.4664077758789062,169740.3417926784,-35.43976413537438,0
2022-09-16,104.03871154785156,104.31602062263299,103.80761712597935,104.13114790611203,12950.907,-0.7857235234100273,-1.2941340982735738,-0.831938166011966,38.083278718004614,105.64712829589844,105.34208374023437,107.31794090270996,-91.81819447693144,-1.3368394114864914,-1.584871614272423,False,66.66666666666666,10.465081185752446,29.06966773591144,-0.27896171715691476,-2.40338134765625,168563.08460266294,-98.03918451245946,0
2022-09-19,103.57652282714844,104.40845710492306,103.43786476337198,104.40845710492306,7177.318,0.2773091988110252,0.09243648229006851,-0.36975236260737177,36.709130875206824,105.02779388427734,105.17107315063477,106.878861618042,-96.66663424152013,-1.6386242507868747,-1.6242313114776907,False,50.0,3.3333657584798697,18.16536174770497,-0.3065141444438926,-1.7101058959960938,163436.4586891007,-93.22037583048726,1
2022-09-20,104.50090026855469,104.59333662670632,103.76139529845744,104.03871142535442,5757.206,-0.3697456795686378,0.18487952178325884,0.32353053508546736,41.32812739872887,104.48241119384765,105.06939239501953,106.55532913208008,-74.44442784995854,-0.4184087135254986,-0.5935368688050774,True,50.0,25.555572150041463,13.118006364757917,-0.23980408934308817,-1.0168075561523438,167914.30726881512,-50.95149363583382,0
2022-09-21,103.62274169921875,104.26981033904094,103.34543261281698,104.26981033904094,11011.543,0.23109891368652313,-0.3235262876653735,-0.4159626856404657,38.4220991577888,104.19585571289062,104.81056671142578,106.2733943939209,-93.47835433979125,-0.686598810346151,-1.2987003234701093,False,33.33333333333333,6.5216456602087405,11.803527856243349,-0.23199626289668274,-2.5882568359375,163509.58925512806,-75.37066904127522,0
2022-09-22,102.37483215332031,102.37483215332031,101.21936000712032,102.05130136287276,14911.681,-2.218508976168181,-1.8949781857206318,-2.1260726056966632,34.64550965692804,103.62274169921875,104.67653198242188,105.94292945861817,-81.88405785411616,-1.4606653972919696,-2.2434712108887265,False,33.33333333333333,18.11594214588384,16.731053318711336,-0.284584388516552,-1.3403472900390625,178421.27025512807,-158.8279204709349,0
2022-09-23,101.40423583984375,102.00508278478561,101.08070503947275,101.91264642074283,14598.986,-0.13865494212993212,-0.3697493685346984,-0.13865496764756813,31.978521058410394,103.0958465576172,104.37148742675781,105.51309394836426,-95.03548116559719,-1.7905097662288223,-2.7984928681385854,False,16.666666666666664,4.964518834402804,9.867368880165118,-0.3539246623589767,-3.050445556640625,174041.52990255857,-142.8459975859934,0
2022-09-26,99.50926208496094,99.87901458016643,99.04707322906465,99.87901458016643,19920.826,-2.0336318405764047,-2.1260682046191874,-2.033631810408096,27.473994654874417,102.28239440917969,103.65509414672852,104.9607780456543,-94.59459405714567,-2.9159768861990085,-4.293386404213815,False,16.666666666666664,7.042253802132424,10.040904927473013,-0.48831486932923474,-7.163932800292969,176254.9174868588,-174.9007673963972,0
2022-09-27,99.37059783935547,99.78656496282255,98.90840901219568,99.64791395662807,8962.778,-0.23110062353835303,-0.09244961734387402,-0.13866421686897468,27.168498148110544,101.25633392333984,102.86937255859375,104.54249649047851,-94.68085550209983,-2.3836604983433434,-4.035713232942499,False,16.666666666666664,6.896543784987877,6.301105473841026,-0.5432356192527703,-7.857215881347656,176726.6729520285,-128.7725416660965,0
2022-09-28,97.2907485961914,99.50925638797061,97.2907485961914,99.4630346840503,18898.469,-0.18487927257777415,-0.2773085748519435,-1.61766041600427,22.9862606602169,99.98993530273438,102.0928955078125,104.0109790802002,-100.0,-3.285094884628824,-5.329439658787576,False,0.0,0.0,4.646265862373425,-0.6681111643359379,-7.7647705078125,157828.20395202847,-132.34136524950097,0
2022-09-29,96.96721649169922,98.39999761176779,96.6899003768773,98.39999761176779,10402.108,-1.063037072282512,-1.1092587762028217,-0.600848219314102,22.4010850706472,98.90841217041016,101.26557693481445,103.42399940490722,-96.89116359100753,-2.531942759917801,-4.852611368543854,False,0.0,3.508804348588427,3.4684493778587586,-0.7166800201537948,-8.273185729980469,150799.78970190778,-119.02806905948685,0
2022-09-30,95.62686920166016,96.0428433935912,95.21090206217119,95.48821819012522,12676.428,-2.9117794216425636,-2.357154218176589,-1.4789983147061179,20.089664008561954,97.75293884277343,100.42439270019531,102.88323822021485,-96.0000285295544,-2.7801725926603327,-5.438760380651962,False,0.0,4.433466992259057,2.647423780282485,-0.7781325727087101,-8.411842346191406,150799.68224267865,-127.9321923989343,0
2022-10-03,94.47138977050781,95.7655198466329,94.33273876971425,94.74870587697802,10992.367,-0.7395123131472019,-0.27732354695829997,-0.8781632924569323,18.312635849777962,96.74536437988282,99.51387939453124,102.34247627258301,-98.64870446414508,-2.8132253493711583,-5.744927844533237,False,0.0,1.3952903511487242,3.112520563998727,-0.8308675760269093,-9.105133056640625,141934.7898585744,-121.89647930273243,1
2022-10-04,96.8747787475586,96.8747787475586,96.22771017307254,96.64368433933679,7528.683,1.8949784623587647,1.1092589009256955,1.8949714033582836,31.96752853615517,96.24620056152344,98.75126724243164,101.91032981872559,-75.22522553486422,0.11144851093380813,-2.767901028397432,True,16.666666666666664,31.609182542276002,12.479313295227918,-0.6463617494371232,-7.626121520996094,149463.4728585744,-62.30367989505676,1
2022-10-05,99.13951110839844,99.69413633348142,98.30756974455277,98.44622781393412,10696.796,1.8025434745973286,2.8193575859228304,2.0798595714802275,41.94370469952827,96.61595306396484,98.30294418334961,101.5567554473877,-53.15309686941275,2.4926408884494777,-0.12416124514983704,True,33.33333333333333,62.65063622332211,31.885036372248937,-0.3302056192378391,-4.4832305908203125,151602.8538212616,23.276203519110584,1
2022-10-06,99.83279418945312,99.83279418945312,99.37060532746492,99.64792146563478,8457.011,1.2016936517006656,0.13865785597170088,1.0630355829121498,44.653998601252475,97.18906860351562,98.04874038696289,101.36263618469238,-44.651144138719935,2.759282737188209,0.9699703550704776,True,50.0,99.16664096245995,64.47548657601935,-0.047640672438508336,-2.5420379638671875,160059.8648212616,61.323467862887185,0
2022-10-07,98.16891479492188,99.27817233278176,98.07647842987753,99.27817233278176,8700.628,-0.36974913285301625,-0.5546218566713605,-1.2941268975873896,39.79052522112029,97.69747772216797,97.7252082824707,101.04834785461426,-52.29878786252682,0.8387453124973927,-0.2543686740801242,False,50.0,69.74795220135715,77.18840979571307,0.04873743024611166,-3.235321044921875,152697.77140811336,31.143927515273557,0
2022-10-11,93.08482360839844,94.4251753902367,92.89995090518565,94.28651733660632,31480.435,-4.991654996175441,-4.852996942545062,-5.176527524691878,29.192274818513084,97.4201644897461,97.08276443481445,100.36892929077149,-97.96957687535534,-3.9656761592580017,-4.670251559658943,False,50.0,2.666621696646693,57.19373828682126,-0.19501608211046007,-6.4244384765625,128848.83350746619,-149.95731113739922,0
2022-10-12,92.62264251708984,93.0848313660822,92.02180265535353,92.80752228815209,13349.296,-1.4789950484542373,-1.3403440241545042,-0.8781482498321225,28.441020328589516,96.56973724365234,96.4079689025879,99.63867073059082,-92.35301443456197,-4.137767627655982,-4.427311232931129,False,50.0,7.6922354750136,26.702269791005804,-0.34377555367841817,-6.747955322265625,130589.98442007908,-136.30147589125627,0
2022-10-13,91.51338958740234,92.94617780090917,91.51338958740234,92.94617780090917,20842.76,0.138655512757083,-0.13865356517302985,-0.5084130679511816,26.6456562400257,95.04451293945313,95.83023300170899,98.96156425476075,-100.0,-4.401707450093571,-4.918163450670043,False,33.33333333333333,0.0,3.452952390553422,-0.46570746252958095,-5.7773590087890625,109747.22442007909,-116.92643657309641,1
2022-10-14,94.14787292480469,94.56384714596962,93.45458960863905,94.05543655980445,11432.758,1.1092587588952796,1.617669345060449,1.9412000212367104,36.9566408681123,93.90752868652343,95.54829864501953,98.406937789917,-68.3332706675556,-0.7873960039031725,-1.7366065298204028,True,33.33333333333333,31.666729332444397,13.119654935819321,-0.3244545586360248,-2.8193435668945312,112605.35940464873,-46.924446815300236,0
2022-10-17,92.39154052734375,92.53019858117621,91.5596063092321,92.39154052734375,19692.976,-1.6638960324606984,-2.0336485647934097,-1.8949832994069595,33.52900423215394,92.7520538330078,95.22476577758789,97.8245792388916,-89.44454583054012,-1.3489138867075745,-3.157052697221504,False,16.666666666666664,10.555454169459878,14.074061167301416,-0.3051193283659277,-3.2353286743164062,126671.68906661456,-82.4634725553593,1
2022-10-18,93.45458984375,93.87056406596143,92.39155401246647,93.82434235712374,6402.034,1.43280182977999,1.3403654847852238,0.831947703234377,37.364804496796715,92.82600708007813,95.1230857849121,97.31848258972168,-76.66659635872092,0.6303995661493124,-1.7413065524552782,True,33.33333333333333,23.33340364127908,21.85186238106111,-0.18259153564801656,-1.0167999267578125,129472.55604624418,-47.470382158374825,0
2022-10-19,92.20667266845703,93.36214475703419,92.02179995526147,93.17727204383863,15624.079,-0.6470703132851128,-0.5084193089272446,-0.3697540572050002,34.793558884888824,92.74281311035156,94.65627517700196,96.70377120971679,-91.66667430883469,-0.5566183236146047,-2.761982765601726,False,33.33333333333333,8.333325691165317,14.074061167301416,-0.1488720729387305,-4.6681060791015625,118158.51110925773,-56.047202759765156,0
2022-10-20,91.69825744628906,91.92935185220456,89.98816025300277,90.77387982262711,18984.972,-2.4033922212115186,-1.4327929048296255,-2.0336397022586965,33.76099384699654,92.7797866821289,93.91214981079102,96.10754699707032,-82.62914391408145,-0.9403425354555726,-3.0618978783800657,False,33.33333333333333,18.40791140636462,16.691546912936328,-0.1250509843246057,-7.441253662109375,132623.24839624285,-87.54819400131109,0
2022-10-21,91.42095184326172,92.2991077979284,91.23607208008221,91.7907043171789,12165.601,1.0168244945517984,0.3697559457238384,1.2479118270794345,33.175178835812574,92.23440246582031,93.07096557617187,95.55985298156739,-85.44596376556018,-1.2234703591119322,-2.888471274678433,False,33.33333333333333,31.313147594544695,19.35146156402487,-0.09364885318973659,-8.411842346191406,124689.25202449267,-73.7767344419925,0
2022-10-24,91.14363861083984,93.17727375555988,91.14363861083984,93.1310520501909,16995.535,1.3403477330119955,0.8781659576314809,-0.09243346924236562,32.55884672390624,91.98482208251953,92.36843795776367,95.04682312011718,-88.26286111504014,-0.9874460855166659,-2.49289221976365,False,16.666666666666664,25.25256611445861,24.9912083717893,-0.058928265286239956,-7.025276184082031,107693.71702449267,-61.414663784304146,0
2022-10-25,89.38732147216797,91.14364052647208,89.20244875169058,91.14364052647208,20064.917,-1.9874115237188192,-2.0336332290877976,-1.9411898591492616,28.855071781010295,91.17136840820312,91.99868774414062,94.54072608947754,-98.16516680921724,-2.364324188046819,-3.472943449729302,False,16.666666666666664,3.448218298320414,20.004644002441232,-0.11820010819783366,-3.6975021362304688,91450.63343645475,-184.0406642110378,1
2022-10-26,90.21926879882812,90.58902131673189,89.20245466392477,89.52598547242457,10959.458,-1.6176550540475176,-0.5546192097401956,5.912234186666865e-06,32.805041086704605,90.77388763427734,91.75835037231445,94.08315963745117,-81.03442474592903,-0.8717645676815109,-1.872556272760009,True,16.666666666666664,18.965575254070966,15.888786555616653,-0.06783106438505815,-2.4033737182617188,96565.02487271382,-131.69063912126703,1
2022-10-27,91.51338958740234,91.83692036232397,91.05120075110233,91.05120075110233,8017.172,1.5252152786777629,1.247899045592078,1.8487460871775596,38.59068343649629,90.7369140625,91.75835037231445,93.79429168701172,-56.89667758736812,0.6779659309809359,-0.32302783631181564,True,33.33333333333333,49.50479326521791,23.972862272536418,0.07826776595645946,0.0,97979.83686337898,-23.510567469469226,0
2022-10-28,90.35792541503906,91.1436450951161,89.8957365382358,91.1436450951161,11490.72,0.09244434401377077,-0.6932752672078664,-1.1554642128665336,35.60466791341723,90.52430877685546,91.3793556213379,93.46382713317871,-78.44822230369132,-0.34830794509362417,-1.3788391743727413,False,33.33333333333333,24.7525304230614,31.07429964745008,0.12020425219619035,-3.789947509765625,95000.7709283815,-77.82634602267174,1
2022-10-31,91.55960845947266,91.8369175212085,90.68144546620476,91.37472869920701,10088.08,0.23108360409091233,0.6932724260924061,0.7857089279689689,40.80153981598282,90.60750274658203,91.29616241455078,93.26046409606934,-56.03461010662222,0.9512454429542719,-0.07146296884823483,True,50.0,56.666633925989615,43.64131920475629,0.24480907805213015,-0.8319320678710938,100246.64641568626,-0.5294791425922113,1
2022-11-01,92.0680160522461,92.39154683163677,91.32851813541627,91.37473278821948,8194.304,4.089012463737163e-06,0.5546293104282682,0.6470726692115107,42.9273586602445,91.14364166259766,91.15750503540039,93.14029541015626,-38.61404212112726,1.3396610618128366,0.673853578893873,True,66.66666666666666,72.09291724204263,51.17069386369786,0.3698956376407878,-1.3865737915039062,103453.10847104274,69.08716255829879,1
2022-11-02,92.4377670288086,92.48398873329977,91.88314183712413,92.06801455020496,7005.305,0.6932817619854887,0.09244190166299404,0.5546237017078539,44.508349477083755,91.58734130859375,91.18061447143555,92.91844482421875,-30.693265712024044,1.1804353363146314,1.0739086228469297,True,83.33333333333334,81.39523812919026,70.0515964324075,0.47903508615119694,0.2310943603515625,109380.61099043912,108.79218472710434,0
2022-11-03,91.23607635498047,91.37473442075152,90.91254556980948,91.05120363558053,13533.114,-1.016810914624429,-1.109254312548245,-0.9705962673146473,40.527939375639036,91.53187866210938,91.13439636230468,92.52327308654785,-51.111148490720005,-0.3198127843842505,-0.03798017787607894,False,66.66666666666666,51.16269524596049,68.21695020573111,0.47108037133544745,-0.46218109130859375,114793.77399086609,-3.1447383849680453,1
2022-11-04,91.3747329711914,91.46716932942498,90.12682450393305,90.68144970577653,6432.535,-0.36975392980400557,0.09243490867345372,-0.7857210658764302,41.18996415014332,91.73524017333985,91.12977447509766,92.10037002563476,-45.34893442135915,-0.1431110411862896,0.19004106306018134,True,66.66666666666666,66.19709745043515,66.25167694186196,0.47461444803156017,-0.0462188720703125,120339.0744549447,-15.63532699687732,1
2022-11-07,92.94617462158203,93.2234836824112,92.02179698060137,92.25289139084653,12106.536,1.571441685069999,1.756314352986223,1.8949724766683147,48.30469651797546,92.01255340576172,91.31002807617188,91.83923301696777,-6.896459881771559,1.0976117920980877,1.7970115461779557,True,83.33333333333334,93.10352997816587,70.1544408915205,0.5755194658347942,1.8025360107421875,126858.04404017414,138.74655679500913,1
2022-11-08,93.91677856445312,94.24030936844521,93.59324776046104,93.77812049061578,10406.422,1.5252290997692484,1.0168256860340108,1.5714507798596742,52.20104571192345,92.38230590820312,91.76297378540039,91.88083076477051,-6.421987994588517,1.7186782200163624,2.626268167364338,True,83.33333333333334,92.55321946170504,83.95128229676867,0.692509311258783,4.529457092285156,126858.04404017414,176.28933448942576,1
2022-11-09,96.59746551513672,96.59746551513672,94.7949318982712,94.7949318982712,18911.329,1.0168114076554247,2.3571561466915085,1.2016841378101617,61.04692717250238,93.21424560546875,92.40079345703126,92.07957191467285,-0.0,3.7735825602144586,5.033919007936251,True,83.33333333333334,100.00000000000001,95.21891647995695,0.9210031476991682,6.378196716308594,145769.37304017413,209.5114381512574,0
2022-11-10,95.67308807373047,95.99661884513394,95.39577195398928,95.62686636962631,14732.904,0.8319344713551118,-0.600846670002781,0.6008400557180806,57.07363884391298,94.10164794921874,92.81676330566407,92.28755683898926,-12.500014672118514,2.18857796846786,3.4396572139164654,False,66.66666666666666,85.71428333289197,92.75583426486565,0.9752415611541672,4.159698486328125,144636.17914940318,131.03298429901793,1
2022-11-11,100.75715637207031,100.75715637207031,99.64790609537265,100.341189281419,34312.389,4.714322911792692,4.760537526936375,4.252134141383365,69.12914660741454,95.97813262939454,93.85668640136718,92.61802101135254,-0.0,5.825233304937392,7.911877612611735,True,83.33333333333334,100.0,95.2380944442973,1.2986389816092725,10.39923095703125,178948.56814940317,196.9490385093185,1
2022-11-14,101.6815414428711,102.05129391315171,101.12691626367106,101.49666873395168,18166.766,1.1554794525326741,1.2941375410813976,1.4790101682984158,70.75805903070011,97.72520599365234,94.86887969970704,93.0825210571289,-3.041838879750868,4.903439992888692,7.9224893755742585,True,83.33333333333334,96.89921238764079,94.20449857351089,1.5053658992765917,10.121932983398438,182581.86590883308,154.3172786556514,1
2022-11-15,106.02611541748047,106.25720983386769,102.79079358805936,102.79079358805936,33843.257,1.2941248541076789,4.205915920715981,1.6638773243882952,76.9846407572862,100.1470733642578,96.26468963623047,93.71109733581542,-1.4326651946643767,6.979634638704145,10.995521739385671,True,83.33333333333334,98.56733480533562,98.48884906432545,1.8429664717231118,13.958099365234375,211912.6886421664,157.7717284073731,0
2022-11-16,105.84124755859375,106.9967196935129,105.24040063794735,106.30343641256141,23671.241,3.512642824502052,0.7395098596452101,2.4496070498879874,76.23114860041875,101.99582977294922,97.60503768920898,94.39282608032227,-6.8493142484540135,4.693697431904143,9.438475664332794,False,66.66666666666666,93.15068575154599,96.20574431484079,1.951639646080499,13.403480529785156,204437.5849187719,122.27881275892534,1
2022-11-17,105.88746643066406,105.9799027884949,104.31602013777179,105.332834178795,13352.418,-0.9706022337664137,-1.016816905018004,-0.924380500175559,76.29442934131944,104.03870544433593,99.07017669677734,95.10228652954102,-6.575341757511327,3.1594801220457116,8.197887112759902,True,66.66666666666666,92.59259440522902,94.7702049873702,1.9214279687820106,14.651390075683594,216306.42607202916,89.7878695361248,0
2022-11-18,105.61014556884766,107.08914838514404,105.42527286147626,106.2109924464673,10656.075,0.8781582676723048,1.1092455966491457,1.109252723704472,74.98764230273147,105.00930328369141,100.49371795654297,95.8117462158203,-8.719340738061629,1.2555376333159638,6.717518675521242,False,66.66666666666666,89.0410958303042,91.59479199569306,1.7807228301841278,14.23541259765625,208018.3376277302,84.20055852030633,0
2022-11-21,105.24040222167969,105.97990722013343,105.10174415291432,105.7025910826027,8685.569,-0.508401363864607,-1.1092411650106158,-0.3235287085619376,73.16491683914904,105.72107543945313,101.72314071655273,96.5165843963623,-10.899132550535686,0.18332836296751848,5.104439577746802,False,50.0,84.96247267616968,88.86538763723428,1.5681817118948254,12.294227600097656,202075.59457572203,64.06161756546278,1
2022-11-22,106.11856842041016,106.30344114925794,104.50090735944319,104.82443816114808,5544.518,-0.878152921454614,0.3235339291245083,-0.6008367934711316,74.75483470490207,105.73956604003907,102.94331970214844,97.35314674377442,-6.441609667650447,0.3131227234307509,4.696773136020836,True,50.0,91.69974583091361,88.56777144579581,1.3978214184004532,12.201789855957031,206482.79112455415,56.45080921813585,1
2022-11-23,106.85806274414062,107.13537888039772,106.34965923092568,106.90428445099758,7938.962,2.079846289849499,0.8319377311397886,1.8487518714824915,76.05794124692692,105.94292907714843,103.96937942504883,98.18508644104004,-2.047802770487393,0.8799357511421253,4.234138696599326,True,50.0,96.29626518560801,90.9861612308971,1.2507941839387389,10.260597229003906,208817.71288141838,72.32709461713505,1
2022-11-24,107.87487030029297,108.01352836003748,107.13537240239206,107.22780875807445,15238.836,0.3235243070768661,0.8781494796397595,0.7857131714663836,77.77849283562564,106.34040985107421,105.18955764770507,99.00316047668457,-1.0489620448401749,1.5150352818033685,4.045465659391565,True,66.66666666666666,97.98655626592247,95.32752242748136,1.1409457391077367,12.2017822265625,219244.22046952587,111.32482289586038,0
2022-11-25,107.87487030029297,108.10596471571985,107.5513395291837,107.82865564867272,16020.486,0.6008468905982767,0.09243635568236641,0.41596712679164227,77.77849283562564,106.79335479736328,105.90132904052734,99.87900772094727,-1.818181830591027,1.1995902309020094,3.1108455034637825,False,50.0,95.65217356362713,96.64499833838585,0.9926679474235707,7.117713928222656,221914.267517604,124.20074718729717,0
2022-11-28,105.70258331298828,106.58074631565847,105.28661618970996,105.9336777264633,15044.738,-1.8949779222094207,-1.5252184000613767,-2.264723339473747,65.76295807517391,106.885791015625,106.30343322753906,100.58615646362304,-28.41528429407965,-0.8526057031865724,0.2337441885518604,False,50.0,36.58531534429989,76.74134839128315,0.6871835807700002,4.0210418701171875,216541.0706723225,-27.83460346978272,1
2022-11-29,106.6731948852539,106.6731948852539,104.54712321685952,105.24040653666951,10671.467,-0.6932711897937907,0.09244856959543313,-0.7394929728504422,68.16050223279976,106.99671630859375,106.3681411743164,101.31641540527343,-20.529587096437712,-0.1658051921860128,0.6834469663228645,True,66.66666666666666,62.19549386546259,64.81099425779654,0.4981853871161688,0.6470794677734375,227212.5376723225,-28.755199930884263,1
2022-11-30,107.55134582519531,107.59756753196324,106.16477925146496,106.39587368042002,9296.066,1.1554671437505135,0.9243726467093296,1.6176560346054458,70.21887375226399,107.13537292480468,106.53915100097656,102.07209434509278,-10.434638456667274,0.43159483864429116,1.0457767958408262,True,66.66666666666666,84.6155321340753,61.13211378127924,0.38506998078262544,1.7100982666015625,235908.8220540672,62.30308764871692,1
2022-12-01,109.40010070800781,110.4631364863566,109.07656991958225,110.18582035202483,24684.339,3.7899466716048096,2.8655689543933676,2.911790668117291,74.06900443569032,107.44041900634765,106.89041442871094,102.98029556274415,-17.29324317398876,1.7553934684657577,2.511910420838539,True,66.66666666666666,82.17049771619371,76.32717457191052,0.3865101557102948,3.51263427734375,222743.79103365072,187.12070690785325,0
2022-12-02,108.42951202392578,109.03035191463945,108.1521958801791,108.42951202392578,7480.152,-1.7563083280990526,-1.43278457171715,-0.9243740394031619,68.96284935549616,107.55134735107421,107.17235107421875,103.83303451538086,-33.082576400217334,0.7659886898108867,1.3975004952454988,False,50.0,65.89154124837182,77.5591903662136,0.2788711985462191,2.819366455078125,219988.00879455273,89.19707591644392,1
2022-12-05,108.56816101074219,109.53876044324153,108.33706657942733,108.42950999390716,11987.754,-2.030018620757801e-06,0.5084085286020752,0.1848706992482363,69.2927389461708,108.124462890625,107.505126953125,104.61413383483887,-31.783003223752754,0.7866118597491499,1.3155059413759242,True,66.66666666666666,67.96870816052943,72.01024904169832,0.17865951950441783,3.3277587890625,212610.9185863764,85.24154086660614,0
2022-12-06,106.58074951171875,107.96731603414818,106.48830610160317,107.96731603414818,9970.008,-0.46219395975897726,-1.5714444090933455,-1.8487604778241575,59.41724284221436,108.10597381591796,107.55134506225586,105.24733238220215,-65.11636658029153,-1.1926035774995183,-0.6141577823430624,False,66.66666666666666,34.37494478493806,56.07839806461308,-0.047731038218719934,0.46218109130859375,203887.23289715854,-34.80096569535656,0
2022-12-07,105.93368530273438,107.08915745274771,105.56393280424165,105.84124894122178,8225.389,-2.126067092926405,-0.87815858140047,-0.9243732973615266,56.55447387103699,107.78244171142578,107.45890731811524,105.71414337158203,-75.96908953358323,-1.6801322351877617,-1.2707297699580287,False,50.0,23.43744043009436,41.92703112518727,-0.2556936840339792,-0.92437744140625,199649.92281629163,-81.50349359595639,0
2022-12-08,104.6857681274414,105.47148771393607,103.94626319165718,105.42527306322563,9118.894,-0.41597587799614644,-1.6176697388116423,-1.6176696125844643,51.349299594833354,106.8395751953125,107.13999710083007,106.16477737426757,-88.65245797573338,-2.405751490966908,-2.3250852559022457,False,33.33333333333333,11.347542024266616,23.053309079766333,-0.4789665811180557,-3.1891021728515625,199373.6182493772,-133.2172027514911,1
2022-12-09,106.30343627929688,106.534530705991,105.33283686620467,105.37905857252038,6236.839,-0.0462144907052533,1.0630429920549318,1.386573674547492,56.952184031900984,106.41436004638672,106.98285369873047,106.44209136962891,-63.8296928443134,-0.4185306928781508,-0.7729628300015176,True,33.33333333333333,36.170307155686594,23.651763203349173,-0.5161646901103132,-1.5714340209960938,203211.6786497551,-50.35369935557215,0
2022-12-12,105.28662872314453,105.56393782086064,104.68578176609563,105.56393782086064,8364.05,0.18487924834026614,-0.9705928851303582,-0.6470551001090428,52.7838588213495,105.75805358886718,106.94125823974609,106.62234573364258,-79.43238312493274,-0.8846916209228302,-1.5238225383103536,False,33.33333333333333,20.567616875067262,22.695155351673478,-0.6017343817852616,-0.41595458984375,206293.23439109372,-89.23048708498048,0
2022-12-13,104.82442474365234,105.84123872704832,104.68576668854342,105.84123872704832,6522.142,0.27730090618767633,0.27730090618767633,-1.5077552205866596e-05,50.935216691613995,105.4067886352539,106.75638122558594,106.56226119995117,-86.52480242773132,-0.7367481025843148,-1.7224635986493475,False,16.666666666666664,13.475197572268685,23.404373867674167,-0.676371760755818,-1.8487701416015625,201336.422394292,-82.66692642982618,1
2022-12-14,106.11856842041016,106.30344114925794,105.37906340013396,105.47149976455785,7883.543,-0.369738962490473,0.4622024222096144,0.6932967115905342,55.6767685080934,105.44376525878906,106.61310348510742,106.576127243042,-66.66644983692032,0.5620918910684681,-0.5414710295271702,True,33.33333333333333,38.84320601387088,24.295340153735594,-0.626616770847094,-1.4327774047851562,206066.59631161985,-36.716754128278794,1
2022-12-15,106.21099853515625,106.34965659985443,105.28662084042459,105.65637332880567,7809.191,0.1848735642478232,0.04621545059649179,-0.09244255970936877,56.008009280929414,105.74881134033203,106.29419326782227,106.5923038482666,-65.24812987631479,0.6056182123838197,-0.41889401700429696,True,50.0,40.495958095598034,30.938120560579183,-0.5767656585260292,-3.1891021728515625,211838.58903054002,-25.12070509188723,0
2022-12-16,104.45468139648438,104.73199753090327,103.76139811287939,103.99249254074772,11881.776,-1.663880788057952,-1.6176590689511556,-1.5252227275451986,48.49539813522735,105.37906036376953,105.89671020507812,106.53453063964844,-89.65517236022342,-1.0218987072958037,-1.828054360938294,False,50.0,16.483519093397867,31.94089440095558,-0.6461357413210074,-3.9748306274414062,216930.7294112239,-122.16737052073593,0
2022-12-19,103.85383605957031,104.40846128443596,103.53030526610222,103.85383605957031,6131.528,-0.13865648117740648,-0.32353624646731305,-0.23109284677717312,46.183463305087315,105.09250183105469,105.42527770996094,106.46520233154297,-94.61540805531762,-1.2090577795551523,-1.9669151280766444,False,33.33333333333333,9.090874711856141,22.02345063361733,-0.7113826800979413,-4.714324951171875,215317.16422784477,-127.22517906263954,0
2022-12-20,101.95886993408203,103.99249818879701,101.72777549366249,103.66896738269817,12435.983,-0.18486867687214215,-0.4159630956389435,-1.8025297724397262,39.67576147572004,104.51939086914062,104.96308975219726,106.25721740722656,-97.0414174152007,-2.4972307299448655,-3.2632849269838458,False,33.33333333333333,4.807701457873736,10.127365087709231,-0.8515913401356217,-4.621879577636719,205419.14010345112,-181.60862551198733,1
2022-12-21,102.37483215332031,102.97567907983277,101.95886500166523,102.42105386014524,11903.153,-1.2479135225529348,-1.016819108964242,0.2310895080027393,41.644832867116094,103.77064361572266,104.60720443725586,106.03305587768554,-89.62973867291431,-1.7157244232045534,-2.3906576023765798,True,50.0,13.461402361373228,9.119992843701018,-0.8820155880328073,-3.5588531494140625,203254.87793007636,-139.06908950284557,1
2022-12-22,104.08492279052734,104.2235808495961,103.29920319239348,103.29920319239348,5023.151,0.8781493322482419,1.247901769763331,1.3403381907282466,49.09676365126696,103.34542846679688,104.54711990356445,105.84355850219727,-56.034706819003866,0.25225552441386134,-0.5629831704909223,True,50.0,50.9997389094882,23.089614242911704,-0.7574356596760197,-0.6008453369140625,206771.06830063608,-39.88963012154739,0
2022-12-23,102.32861328125,102.65215113310263,102.05130418994524,102.32861328125,5985.362,-0.9705899111434775,-1.5714297164934692,-1.2478990024482357,42.95152729935658,102.92021484375,104.14963760375977,105.56624565124511,-87.5001375970538,-0.8212630092877031,-1.9594813267733797,False,33.33333333333333,12.99985382104628,25.820331697302553,-0.7617240124001569,-3.974822998046875,206310.55856543404,-106.82935555010344,1
2022-12-26,102.69835662841797,102.79079298394122,102.32860415388313,102.42104756184824,4030.17,0.09243428059824055,0.1386418508385816,0.27729996393789236,44.54560531107531,102.68911895751953,103.89081039428712,105.4160343170166,-79.80797665198133,-0.17970064789105966,-1.4488537331948033,True,50.0,20.999699309772147,28.333097346768863,-0.7091438550199701,-2.5882720947265625,208728.68516363954,-75.83154317295885,1
2022-12-27,103.16055297851562,103.76139991187912,102.97568025399258,102.97568025399258,4127.175,0.5546326921443381,0.9706069279379079,0.6470761001094445,46.581123570404635,102.92945556640625,103.72442321777343,105.24040222167969,-69.00012241912408,0.3822813174212051,-0.7558912854144675,True,66.66666666666666,30.99987758087591,21.666476903898097,-0.6161595390164135,-1.6638717651367188,206543.68401451595,-26.360981216996926,0
2022-12-28,101.6815414428711,102.14373026761142,101.12691626367106,102.14373026761142,12175.351,-0.8319499863811615,-1.617669644267707,-1.8487639903215154,41.29032804810623,102.79079742431641,103.28072052001953,104.94691200256348,-89.3805714337823,-1.0123769037794634,-1.8952118424427609,False,66.66666666666666,15.384540266573312,22.461372385740443,-0.6252040706674096,-4.4370269775390625,207650.51875159278,-112.30327097617347,0
2022-12-29,101.2193603515625,101.31179671308459,100.20254626993481,100.94204421455389,13853.556,-1.2016860530575286,-0.8319335545268274,-0.9243699937362493,39.75114649489358,102.21768493652344,102.78155670166015,104.53787498474121,-83.45866550208831,-1.2772311082792098,-2.057243870457382,False,50.0,24.17581140184518,23.52007641643145,-0.6314074681074556,-4.99163818359375,219195.17811117988,-147.6777659660216,1
2022-12-30,101.86641693115234,102.37482747321508,101.86641693115234,102.23616941152143,8643.162,1.294125196967542,1.0630307601304878,1.6638706612175298,42.99649769151381,102.1252456665039,102.52273025512696,104.20972023010253,-72.93247441616542,-0.28653661046733175,-1.092002260743374,True,50.0,41.37916817809822,26.979839948838887,-0.5632768432058592,-2.5882644653320312,210552.01611117987,-51.087876475646645,1
2023-01-03,102.37483215332031,102.51349022135277,100.24876058333538,101.31179636832785,14810.634,-0.924373043193583,0.13866274813769053,-1.6176563478169612,45.51229848871442,102.06054077148437,102.37482986450195,103.90005378723144,-52.040859737145404,0.2035775326543433,-0.2888527716191342,True,66.66666666666666,54.02305900011633,39.859346193353225,-0.459690558802018,-1.47900390625,223549.08803091885,-68.64691051242993,0
2023-01-04,102.14374542236328,102.42106157932872,101.77399289722362,101.95887268601487,13754.853,0.6470763176870236,-0.09242864202404633,1.5252323138882389,44.537652152529965,101.8571792602539,102.39331741333008,103.67820358276367,-53.84597297530726,0.0679281029196481,-0.32697284240372526,False,50.0,48.27611188044007,47.892779686218184,-0.38545707737680024,0.18487548828125,225514.0241980563,-20.099461868881612,1
2023-01-05,102.88323974609375,103.25298518024113,102.55970191255166,102.83701804060428,12070.904,0.8781453545894067,0.831923600912404,0.7857090153280382,48.39557572206708,102.09751892089844,102.44415817260742,103.52568130493164,-33.33323991496877,0.8380531011942851,0.47393475571668314,True,50.0,75.32463388110537,59.20793492055392,-0.27069405585648487,0.5084075927734375,224709.4937312593,56.07466381452988,1
2023-01-06,103.3454360961914,103.71518155718978,102.74458914340512,102.79080379980861,11586.78,-0.046214240795663386,0.4621963769486541,0.18488723085346237,50.73225076029545,102.52273406982422,102.37020950317383,103.45866470336914,-21.83877646430655,1.0164956208600333,0.8115503808632183,True,66.66666666666666,88.31185944863796,70.63753507006112,-0.1536235133667705,-0.7394866943359375,227468.34709234937,109.51217501473745,1
2023-01-09,107.04293823242188,107.04293823242188,105.28661922882686,105.3790555863967,14998.076,2.5882517865880885,3.327756675232095,2.542030085421743,64.68687200498944,103.55803833007812,102.84164199829101,103.49563980102539,-0.0,3.6473460461794067,4.023655442658743,True,83.33333333333334,99.99999999999999,87.87883110991443,0.16557610334381004,4.714324951171875,242466.42309234937,243.85828814132697,1
2023-01-10,107.45890808105469,107.59756614713159,106.99671922909316,107.18159194890089,11974.27,1.8025363625041848,0.5546279147097124,1.7101000002662943,65.87316858299593,104.574853515625,103.31769714355468,103.6042537689209,-1.8750195182634308,3.1194525131280075,4.143336482333006,True,83.33333333333334,98.12498048173656,95.47894664345814,0.38493623075597755,4.760551452636719,248914.06369295734,181.07804256410014,1
2023-01-11,107.55134582519531,107.92109832201186,107.13537867405313,107.8286619609183,15602.476,0.6470700120174087,0.3235321748802704,0.13865944495996985,66.14884941508141,105.6563735961914,103.75677642822265,103.74059982299805,-4.790438599387897,2.3607006491232783,3.7951153054796087,True,83.33333333333334,95.2095614006121,97.77818062744954,0.5086952695206562,4.3907928466796875,249831.77401983712,124.39845349646887,0
2023-01-12,107.08914947509766,107.78243271345923,106.90427676584461,107.68999635883272,9954.227,-0.13866560208558099,-0.13866560855262833,-0.23110190820851528,63.35712958698477,106.49755554199218,104.29753723144532,103.78912887573242,-10.778561073385857,1.1275112017565025,2.9853987428770514,False,83.33333333333334,89.15651428220733,94.1636853881853,0.5294908731221755,5.4076080322265625,244068.75000379139,86.33233024401898,1
2023-01-13,108.33706665039062,109.63119687708998,108.1059722189244,109.53876051499196,28483.387,1.8487641561592483,1.8487641636307472,1.2016954530797932,67.40849788261225,107.49588165283203,105.00930786132812,103.89543228149414,-13.725508353414531,1.4352682519936988,3.755071463444909,True,83.33333333333334,86.20688501172357,90.190986898181,0.5925894836413171,7.117706298828125,224216.6844156994,99.18704189402177,1
2023-01-16,109.16900634765625,109.5849805494109,109.0765699869693,109.16900634765625,27599.371,-0.36975416733571365,-0.04621632767907613,0.9705977680448967,69.83411865720265,107.92109527587891,105.73956680297852,104.13114852905274,-4.9019796012271595,1.293689628720889,3.930770345222448,True,83.33333333333334,94.1176208404661,89.82700671146564,0.6509977237718642,7.302589416503906,206653.23949967767,95.52853928871684,0
2023-01-17,109.16900634765625,109.40010077559475,108.89169726559541,109.40010077559475,14056.586,0.2310944279385012,-0.1848797738161494,-0.18487272137389255,69.83411865720267,108.26311492919922,106.4189842224121,104.39690704345703,-4.926124888707033,0.9617448782293994,3.2794043876965495,False,66.66666666666666,93.46403367673328,91.26284650964097,0.6488280707352815,6.7941741943359375,207931.00459640514,84.02696960228998,1
2023-01-30,114.08396911621094,114.36752785487589,113.42234167425708,114.17849350323144,43332.321,4.778392727636685,4.967427079281137,4.530644408661672,80.19660048061813,109.56963958740235,107.61300659179688,105.00316200256347,-2.0083817036670477,4.440691363315664,6.899549408011915,True,66.66666666666666,97.56035245729117,95.0473356581635,0.9209857358700482,11.940223693847656,225263.668516907,197.79810995713183,0
2023-01-31,111.8155288696289,113.98945277423573,111.8155288696289,113.98945277423573,21612.576,-0.18904072899570679,-0.3780750806401585,-1.606812804628177,68.3711818778849,110.5149154663086,108.5062355041504,105.4751968383789,-20.264357813977398,1.7022986037891343,4.0072423369665415,False,50.0,71.89709653143684,87.64049422182042,0.8902923834306085,8.932289123535156,203651.092516907,122.33877956306931,1
2023-02-01,112.47715759277344,112.90248849751043,111.95730229925184,112.5716747703596,6540.91,-1.4177780038761227,-1.086964276725297,0.14177342962292983,69.78862806330697,111.34293365478516,109.41940765380859,105.89480857849121,-16.009469239604613,1.4752552496447087,3.7913162194880674,True,66.66666666666666,74.67095452703282,81.3761345052536,0.8563478766712165,9.131721496582031,204305.2234394535,94.17732429069439,1
2023-02-02,114.36752319335938,114.46204036532916,113.65863358678897,113.70589577837285,15544.511,1.1342210080132418,1.5595518678187261,1.7013312875371298,73.49142588235564,112.38263702392578,110.15186614990235,106.49675407409669,-0.8066359328463579,2.2535164671566696,4.611854410438951,True,66.66666666666666,98.7494029056925,81.77248465472071,0.8986083634369786,7.3245849609375,216192.2516832268,107.62975845510431,0
2023-02-03,114.36752319335938,114.55655753729896,113.61137139520507,114.32026100177548,9507.278,0.6143652234026291,0.09451717196979814,-0.047262191583897106,73.49142588235564,113.4223403930664,110.84272766113281,107.08021240234375,-2.0392190071730854,1.467501693479457,3.740272591936905,False,50.0,97.52969931991068,90.316685584212,0.8637304726391339,6.9086151123046875,221896.67651104665,85.62682051676101,0
2023-02-06,112.71343994140625,113.51684666646399,112.71343994140625,113.51684666646399,13379.869,-0.8034143353114871,-1.0397108708349663,-0.8979314537988188,65.17342814883628,113.14823455810547,111.3589370727539,107.55785675048828,-24.085859509601033,-0.5213844031068597,1.803527128775954,False,50.0,71.42712630057663,89.23540950872659,0.6748037525102974,5.1620941162109375,208516.80751104665,44.04207952444019,0
2023-02-07,112.47715759277344,112.71345414233808,112.05182668803643,112.5716747703596,8300.862,-0.9451718961043838,-0.8033925241259112,-0.661613253369822,64.04383530675003,113.28056030273437,111.89773788452149,108.0976375579834,-27.173597083400303,-0.4947352019760115,1.207843512002594,False,33.33333333333333,63.29300556781078,77.41661039609936,0.4881687885920636,5.388008117675781,210888.45651887244,16.40140978152193,1
2023-02-08,114.22575378417969,114.32027096438631,113.4223469356254,113.51686411583202,8914.93,0.9451893454724143,1.6068168220482306,1.3705202475889706,68.45745498720811,113.63027954101562,112.48660659790039,108.74795722961426,-4.322943224368898,0.6943533841536297,2.269412702869884,True,50.0,94.1604251958047,76.29351902139736,0.4383116422476867,5.8886871337890625,217926.5817595607,73.05970557118256,1
2023-02-09,114.27301025390625,114.36752742937682,113.70589998988453,113.89493434082569,4849.245,0.37807022499366383,0.04725646499051095,0.28355305425913,68.57119407352657,113.611376953125,112.99700698852538,109.36828689575195,-4.395683017865372,0.47091714876738455,1.7662635653531888,True,50.0,89.65544261768959,82.36962446043502,0.36722324883656077,5.10400390625,221390.3432889341,68.79249746592876,1
2023-02-10,114.36752319335938,114.46204036532916,113.98944729428221,114.27300602138958,6217.975,0.37807168056389173,0.09451293595233778,0.28354730439768616,68.81652711385163,113.611376953125,113.5168586730957,109.96792144775391,-3.3369639297870157,0.5540146508650576,1.3966447523828849,True,50.0,93.1035254694995,92.30646442766458,0.2887329135646901,5.198516845703125,225121.16624044187,70.2130744804586,0
2023-02-13,114.13123321533203,114.27301258703174,113.32782639063149,114.08397102103265,3830.591,-0.1890350003569239,-0.18902777829741524,-0.6616209036507286,67.38198095562802,113.89493560791016,113.5215850830078,110.56729583740234,-7.508116733107374,0.38102119379154675,0.8175360431595219,False,50.0,83.63668501110797,88.79855103276567,0.18794862751567765,0.04726409912109375,227802.56825040592,37.68157218758892,1
2023-02-14,114.98190307617188,115.12368244890963,114.60382715260401,114.60382715260401,7617.257,0.519856131571359,0.8506698618778898,1.2760007619725258,69.85034087759276,114.39588470458985,113.83822250366211,111.17222900390625,-4.2857554626767,0.7940368302762717,1.1362106249770787,True,66.66666666666666,95.38456933611178,90.7082599389064,0.14741306847791735,3.1663742065429688,231264.93858437726,115.26519016391515,0
2023-02-15,112.33538055419922,113.65864270148742,112.28812557002377,113.37508395164046,12271.248,-1.2287432009635495,-1.4650397474222103,-2.315701582580246,55.57638610362536,114.01781005859375,113.82404479980468,111.62172622680664,-84.2857451411509,-1.5055235822125568,-1.0648231182872374,False,66.66666666666666,9.230702488523997,62.750652278581235,-0.07675344668808748,-0.14177703857421875,219839.90785045954,-106.6659846953669,1
2023-02-16,113.70590209960938,113.89493645405793,112.7607159049699,112.7607159049699,11010.019,-0.6143680466705632,0.23629375257050356,0.47259033494613334,60.17408364399045,113.90438842773438,113.75788269042968,111.95487442016602,-44.77606232635975,-0.22807126456038662,0.003467948523033296,True,66.66666666666666,53.84612886585403,52.82046689682992,-0.1477318040262734,-0.66162109375,227179.96718378845,-25.577162573193192,0
2023-02-17,112.24085235595703,112.76070760924271,111.91003865441063,112.76070760924271,7883.024,-8.295727184304269e-06,-1.1342288448152118,-0.8506772505592721,53.69364419710548,113.4790542602539,113.54521560668945,112.19397163391113,-89.70596236855253,-1.220025561097445,-1.267932593929836,False,50.0,10.29403763144747,24.456956328608484,-0.29959681359990364,-2.1266708374023438,225428.14694761662,-110.53419443713524,1
2023-02-20,112.47715759277344,112.80797131992426,111.62648857210101,112.05182668803643,5841.11,-0.708880921206287,0.04726371068154833,-0.28355008230961687,54.55482100650017,113.14823913574219,113.52158737182617,112.44026222229004,-75.67566881797505,-0.7368269581914597,-0.9227758150555203,True,50.0,24.324331182024952,29.4881658931088,-0.38493965309448797,-0.2362823486328125,227998.2496081391,-95.18165793916417,0
2023-02-21,112.42989349365234,112.57167286322887,112.05182478971268,112.47715568724395,4443.038,0.42532899920752243,-0.23629845669539407,0.4253362176116724,54.33433922431706,112.63783721923828,113.51686096191406,112.70729942321778,-77.02715520351752,-0.5296197770436581,-0.8233476254356523,False,50.0,22.972844796482473,19.197071203318284,-0.44133324967862997,-0.04726409912109375,230017.76751164717,-89.85396925593881,0
2023-02-22,111.2011489868164,111.29566615702441,110.68129373387558,111.05936962590546,10887.622,-1.4177860613384894,-1.2760067062044556,-1.3705310558371053,48.746986204830954,112.41099090576172,113.21440048217774,112.85050354003906,-88.29784410397225,-1.065175579840593,-1.798078066459711,False,33.33333333333333,11.702155896027744,19.666443958178377,-0.5510192078457707,-3.0246047973632812,237555.41095479665,-140.67013078462645,1
2023-02-23,112.855224609375,113.23330050108571,111.4847004033234,111.4847004033234,6197.695,0.42533077741794045,1.9376343440612942,0.8034066694478241,55.471382043276655,112.24085540771485,113.0726219177246,113.034814453125,-51.06392045022209,0.32910579610796,-0.3650821581496664,True,50.0,48.936079549777915,27.870360080762698,-0.5031271365350349,-1.41778564453125,241073.02024889443,-33.31086422210494,0
2023-02-24,112.28811645507812,113.51685411187599,112.28811645507812,113.32781976812186,5497.731,1.8431193647984543,0.2835536107902783,0.8034160517547235,52.87662510138801,112.25030822753907,112.86468124389648,113.19076995849609,-63.82975862142155,0.03508654872708744,-0.7242348832829189,False,33.33333333333333,36.170241378578446,32.269492274794686,-0.4995828216895861,-2.07940673828125,235575.28924889443,-11.370146848545797,1
2023-03-01,112.8079605102539,112.9024776787831,110.44499524103536,110.87033331621333,7467.318,-2.4574864519085224,-0.614376433092886,-1.8431212140427675,54.9823714692367,112.31646881103515,112.73235397338867,113.12696952819825,-49.49512193844343,0.4136521192502208,-0.15686200364030592,True,50.0,68.49291403282501,51.19974498706045,-0.4535152192828267,-1.323272705078125,242468.20659965609,-60.40110078589262,0
2023-03-02,112.71343994140625,112.80795710708408,111.8155160506707,112.80795710708408,3481.231,1.9376237908707452,-0.09452057169902162,1.3705208096353374,54.49930990571914,112.37317810058593,112.50550765991211,113.1718650817871,-51.515358911938414,0.29435978971886295,-0.11866572988889015,False,33.33333333333333,65.75314071463433,56.805432042012576,-0.42138344600284006,-2.268463134765625,245286.35320776503,8.813976183489,1
2023-03-03,112.8079605102539,113.51685009101948,112.66618115186125,113.23329858543188,3100.937,0.42534147834780356,0.7088929839353995,0.8506651011905575,54.931269279653854,112.69454040527344,112.55276565551758,113.18840522766114,-49.49512193844343,0.3222167340671682,0.06287386767202476,True,50.0,76.92297623594642,70.38967699446857,-0.38664619920452137,0.4725799560546875,243219.0706367397,95.20026071726991,1
2023-03-06,113.89493560791016,114.27301152519684,113.32782533757933,113.5641218844837,9341.212,0.33082329905181496,0.7561614341773577,0.6616441857180746,59.72765071426688,112.90248260498046,112.57166900634766,113.16477584838867,-9.876549346223495,0.8860736296976941,1.1082793576960828,True,66.66666666666666,90.1234506537765,77.59985586811906,-0.287879501586759,0.18903350830078125,245087.2845296228,206.0914905708525,1
2023-03-07,114.65108489990234,114.74560207432835,113.61137434762175,113.94219527491002,7468.595,0.37807339042632293,0.47259054913151033,0.28354901004242095,62.73712900769858,113.37507629394531,112.81269226074218,113.17895393371582,-2.197763666613304,1.2873205791129516,1.605477021235133,True,66.66666666666666,97.8022363333867,88.28288774103652,-0.17461429257726957,2.4102325439453125,251311.13743822306,173.3464268939912,0
2023-03-08,113.70590209960938,113.98945363128219,113.23330900228963,113.89493645405793,6181.964,-0.04725882085209321,-0.7561484430461576,-0.3780653453321179,56.93532716054232,113.5546646118164,112.93556671142578,113.22857704162598,-24.175657413511324,0.243046505723044,0.7678421276806657,False,66.66666666666666,75.82434258648867,87.91667652455061,-0.16637630514246293,1.2287445068359375,252856.6726553283,77.91315409332941,0
2023-03-09,113.61137390136719,114.17849136809198,113.61137390136719,114.13122917546553,3277.171,0.23629272140760804,0.1890377368097944,0.37806489907755747,56.36661263732333,113.7342514038086,113.05371475219727,113.28528785705566,-26.373677411768337,0.0416132691295731,0.5822658148605963,False,50.0,73.62632258823166,82.41763383603566,-0.16973319971672174,1.1814804077148438,249579.5016553283,73.37345788311106,0
2023-03-10,111.8155288696289,112.42989412256667,111.53197012888968,112.33537694605305,13137.171,-1.795852229412489,-1.7485972455253176,-2.079403772477505,46.69905759973935,113.5357650756836,113.11515274047852,113.16477661132812,-68.13162231005137,-1.4098161595261207,-0.9592848135629406,False,50.0,31.868377689948623,60.43968095488964,-0.2883687771752119,0.6143798828125,244739.6023439517,-104.42751398325817,1
2023-03-13,112.28811645507812,112.57166797070933,110.96485441520521,111.48470246612808,18735.759,-0.8506744799249617,0.14177384814266247,-0.5671157136844727,49.20031149554091,113.21440124511719,113.05844192504883,113.06553192138672,-57.14276413797437,-0.917433292595996,-0.5302804569059859,True,50.0,42.85723586202563,49.45064538006863,-0.32761640580907025,-0.567108154296875,256862.82955051135,-90.60519751745237,0
2023-03-14,111.05937194824219,111.48470282867115,110.72855823999767,111.1066341399334,11046.532,-0.3780683261946791,-1.0869651420381814,-0.2362961752075421,43.42083029386343,112.49605865478516,112.93556747436523,112.90012435913086,-85.7141856714114,-1.5912933341583908,-1.6084583432643678,False,33.33333333333333,8.2352526357144,27.65362206256287,-0.42287611602202124,-1.2287445068359375,255482.02621907895,-124.95675690291135,1
2023-03-15,111.15389251708984,112.1935958652861,111.01211314888167,111.91004434006797,12214.36,0.8034102001345644,0.7088930366149526,0.2835549088839997,43.973124773960755,111.98565673828125,112.77016067504883,112.75125732421876,-83.5163430758984,-0.9962129045746677,-1.4008727054209775,True,33.33333333333333,10.588240871487667,20.560243123075885,-0.46283793646673277,-1.6540679931640625,246199.1424392938,-88.4220751746087,0
2023-03-16,110.63404846191406,110.96486219226814,110.11419316335872,110.7758206240669,15606.395,-1.134223716001074,-1.228733673017956,-0.8979199855229467,41.54025635338911,111.39019165039062,112.56222152709961,112.53386459350585,-88.77543942785856,-1.0078170302430172,-1.7418602956651572,False,33.33333333333333,11.224560572141442,10.016018026447822,-0.5041976599990724,-2.0793914794921875,249667.30371530808,-114.00148616684545,1
2023-03-17,112.42989349365234,112.42989349365234,111.34293515302836,111.39019013542168,10849.803,0.6143695113547807,1.465031301384201,1.2287419896696434,51.62637866198524,111.51306457519532,112.52441482543945,112.53859024047851,-50.000089069897925,0.7766145689336554,-0.11895674891663134,True,50.0,49.999910930102075,23.937570791243715,-0.39533438094284223,-0.3780670166015625,260517.1067153081,-23.117683971741315,0
2023-03-20,111.6264877319336,112.52441894023994,111.39019118414745,112.4298945521668,7107.479,1.0397044167451241,0.0945254465875962,0.04725603111909038,47.616941037192404,111.3807388305664,112.2975700378418,112.43461952209472,-67.3469866805982,0.08474637237061416,-0.7528269129964366,False,50.0,37.20924234382365,32.81123794868904,-0.36299809343597683,-2.2684478759765625,256371.06600165088,-28.173336592109013,1
2023-03-21,112.1463394165039,112.24085659034036,111.72100131744268,112.00456005015016,3591.87,-0.42533450201663925,-0.28356234989958296,0.33081013329523046,50.339373220487275,111.59813232421875,112.04709548950196,112.42989387512208,-56.12250414054374,0.5721549566727271,-0.24172434181648556,True,50.0,49.9999298963486,45.73636105675809,-0.29504801834895067,-2.5047454833984375,258656.82863336126,-0.1547284649838533,1
2023-03-22,114.27301025390625,114.27301025390625,112.90248597038898,112.90248597038898,14242.127,0.8979259202388192,2.032153663565893,1.1814846529462955,59.68908549131432,112.22195587158203,112.10380630493164,112.51968650817871,-10.204061647477266,1.9894559542590187,1.6215468551818866,True,66.66666666666666,100.0,62.40305741339074,-0.10512204775152467,0.567108154296875,272898.95563336124,166.81598062570484,1
2023-03-23,115.17093658447266,115.5962746995546,113.84767446732614,114.03671603331759,15532.979,1.1342300629286086,1.3232644456483484,0.9451884969371633,62.90585815770985,113.12933349609375,112.25976257324218,112.65673866271973,-7.758697353799166,2.180293362927914,2.3806194923107977,True,66.66666666666666,92.24130264620084,80.74707751418315,0.07312380842529115,1.5595626831054688,280875.29831626825,206.97959004476868,1
2023-03-24,115.50174713134766,115.59627151734044,114.88738188958372,115.31271278175848,13457.394,1.275996748440889,-3.1822141579596064e-06,1.0397074222575782,64.05856875971948,113.74370422363282,112.62838439941406,112.87176856994628,-1.724300661761713,1.7414806996254555,2.538281129534935,True,83.33333333333334,98.27569933823828,96.83900066147969,0.19834618446646823,3.68621826171875,290743.8348831629,144.72405997723703,0
2023-03-27,114.79286193847656,115.21820005828194,114.55656538676195,115.07642068501347,10644.595,-0.23629209674500373,-0.3780714590585035,-0.33081650282177577,59.720247800806604,114.37697906494141,112.87885894775391,112.96865043640136,-14.655250123031543,0.7674764026254771,1.8199608088571635,False,66.66666666666666,85.34474987696845,91.95391728713584,0.2169670822544123,2.5047454833984375,287702.47230482614,89.3028158263163,0
2023-03-28,113.80040740966797,114.5092969817242,113.61136586373439,114.32025543579063,9741.489,-0.7561652492228461,-0.708903076557732,-0.9451995230275543,54.1221233565522,114.70779266357422,113.15296249389648,113.04426498413086,-32.75885770814012,-0.42043460241468333,0.7917895629122074,False,66.66666666666666,67.24114229185987,83.62053050235552,0.1492048560371918,2.7410354614257812,282062.7369992021,39.97135174829821,1
2023-03-29,113.98944854736328,114.41478664270004,113.56411766322458,114.03671073946671,3074.427,-0.283544696323915,-0.09451033902416839,-0.04724820050981293,54.99868095021972,114.65108032226563,113.43651809692383,113.10333938598633,-29.31051173869123,-0.5224104951983781,0.8326047912526626,True,66.66666666666666,62.22201085489081,71.6026343412397,0.10591179428184128,2.8355560302734375,282062.71093700576,31.947597313294622,1
2023-03-30,114.55655670166016,115.02914976925975,114.13122582529971,114.74559825541876,11380.614,0.7088875159520427,0.6143631265597094,0.5671081620751295,57.64693773896984,114.52820434570313,113.82876892089844,113.19549522399902,-18.965752169675362,-0.0687132721836568,1.073693984937821,True,66.66666666666666,75.28061451737963,68.24792255471009,0.10411098396341756,3.9225082397460938,281463.6927697045,53.0413462304868,1
2023-03-31,114.93464660644531,115.64353629424558,114.74561224084475,115.02916378924559,14951.64,0.28356553382683103,0.6143865249858322,0.6143864155450416,59.38528297918889,114.41478424072265,114.07924423217773,113.3018295288086,-12.820504552166689,0.29556184101630384,1.1261724604631604,True,66.66666666666666,81.92776630437967,73.14346389221669,0.11611112136507251,2.5047531127929688,272807.4043005679,78.47273664405179,0
2023-04-06,114.36752319335938,114.36752319335938,113.61137139520507,114.2257438298057,7501.419,-0.8034199594398928,-1.2760131008862032,-1.134240845639681,55.647872187647614,114.32971649169922,114.35334777832031,113.32545890808106,-29.670575321594434,-0.03442467507537632,0.3524755086307287,False,50.0,53.448023563066855,70.2188014616087,0.07554641190867506,2.7410354614257812,280308.8233005679,-14.815133744087536,0
2023-04-07,114.36752319335938,114.79285407282242,114.1784888494198,114.60381972888284,4413.859,0.378075899077146,0.42533087946304704,0.5671174542147241,55.647872187647614,114.4431396484375,114.57546615600586,113.3112808227539,-30.000224948987643,0.02755525806805378,0.21049519893426602,False,50.0,38.63606481876726,58.00395156207125,0.0401818496569033,2.2211837768554688,278611.1692826328,-9.31934602958186,0
2023-04-10,114.36752319335938,114.98189562795999,114.27300602138958,114.60381972888284,3781.028,0.0,0.18904155513756393,0.09451717196978393,55.647872187647614,114.51875457763671,114.58491744995118,113.3443618774414,-32.530317981414974,-0.05506721743070529,0.010329913416649135,False,50.0,38.63606481876726,43.57338440020044,0.009838925156486544,0.094512939453125,275838.4000309239,-7.122681251358162,0
2023-04-11,114.22575378417969,114.50931253599819,113.80042286765054,114.36753316008894,5941.498,-0.23628656879390064,-0.4725830919617948,-0.4725831537390377,54.53401348781991,114.45259399414063,114.49039916992187,113.37508087158203,-51.72405985130189,-0.21330260867554132,-0.26477233496732905,False,33.33333333333333,31.818322250495747,36.363483962676746,-0.024835725240359596,-0.9451828002929688,277026.6512788894,-59.85652725664961,0
2023-04-12,113.94219207763672,114.22574359295815,113.56411617934351,114.22574359295815,2892.17,-0.14178956713078605,-0.2835689430400379,-0.23630668830702461,52.25189999743055,114.25410308837891,114.33444366455078,113.48141403198242,-81.81820520135679,-0.37190183397946436,-0.4884084288500527,False,16.666666666666664,18.181794798643217,29.545393955968724,-0.0693999625621543,-1.5595550537109375,277439.8454408512,-91.07986446089528,0
2023-04-13,112.94974517822266,113.56411761933963,112.94974517822266,113.46960044636734,6550.004,-0.7561431465908157,-0.661625973618527,-0.6143710011208583,45.05334857857751,113.97054748535156,114.15013198852539,113.51449546813964,-100.0,-0.9531710658305331,-1.1954392391948268,False,0.0,0.0,16.666705683046306,-0.16290789078716095,-1.8431167602539062,270889.84144085116,-186.02667192396595,1
2023-04-14,114.03671264648438,114.27300918855698,113.28056082737272,113.42234019485593,3090.804,-0.04726025151140334,0.7088915692173572,0.3308156491500682,52.81946218366437,113.90438537597656,114.17376251220703,113.66336250305176,-59.649155355946704,0.04837416422034763,-0.137947901490846,True,16.666666666666664,40.350844644053296,19.51087981423216,-0.14911626907143682,0.23630523681640625,272508.83828999306,-56.469179814066564,0
2023-04-17,113.7531509399414,113.89493030372091,113.23330288768057,113.7531509399414,5689.168,0.33081074508547204,-0.37807888483607144,-0.04725793969215886,50.77702206895271,113.78151092529296,114.15013275146484,113.79332542419434,-70.17564736404329,-0.11066877817182848,-0.31062583647101427,False,16.666666666666664,29.82435263595671,23.39173242666999,-0.1559184517801402,-0.236297607421875,275759.75600011833,-83.77359873147682,0
2023-04-18,113.37507629394531,113.80041438998713,113.18604194761433,113.75315219780535,4834.638,1.257863942782933e-06,-0.09451591373378676,-0.04726094006623782,48.07320699049601,113.61137542724609,114.03198471069337,113.9303768157959,-84.21068682004528,-0.29784917051117765,-0.6110852143923613,False,16.666666666666664,20.930099726505652,30.368432335505204,-0.18094807578189748,-1.1814804077148438,273900.2274648179,-89.20864128768252,0
2023-04-19,112.5244140625,113.46960021267238,112.28811752495692,113.42233802068453,7784.785,-0.3308141771208142,-0.3308141773147497,-0.897924422657411,42.51629715650863,113.32781982421875,113.79096145629883,113.93510284423829,-92.9577631350862,-0.7985536619964876,-1.2511217557796268,False,16.666666666666664,8.771937721212295,19.84213002789154,-0.24583723099809618,-2.4102325439453125,269229.35646481777,-156.5152181224755,0
2023-04-20,112.38263702392578,112.8552301087941,111.91004393905746,112.33537483095968,6407.963,-1.0869631897248553,-0.6143701038782723,-0.3780735858994575,41.64113185386416,113.21439819335937,113.59247283935547,113.9729103088379,-87.34179583328732,-0.695988618611098,-1.2184973741920795,False,16.666666666666664,15.384632226081338,15.028889891266415,-0.2865082617302315,-1.9848861694335938,269229.35646481777,-149.76358803273433,0
2023-04-21,112.09907531738281,112.99700648155222,112.00455814515394,112.90248209812533,4806.238,0.5671072671656532,0.14177637275811605,0.09451420609647698,39.851319092933586,112.82687072753906,113.36562805175781,113.97054710388184,-93.84633773146489,-0.8223020204088148,-1.2626638731466022,False,16.666666666666664,7.272483441989719,10.476351129761104,-0.3182631545739225,-2.2684478759765625,265338.5757398384,-116.25107975694337,0
2023-04-24,111.67374420166016,112.00455790936383,111.2484061107286,111.34293049395649,6558.848,-1.5595516041688455,-0.992448572188394,-0.756152034425341,37.23266952123753,112.4109893798828,113.09625015258788,113.84058380126953,-88.60749202673603,-0.8531464254169141,-1.442425010090299,False,0.0,14.062608546869106,12.239908071646704,-0.3510869473554372,-2.6937789916992188,266158.47865219606,-146.95863684032673,0
2023-04-25,110.20870971679688,111.81553058700104,110.16145473341344,111.81553058700104,18527.751,0.472600093044548,-0.18902732236279007,-1.0869513773151596,29.859877835909614,111.77771606445313,112.69454574584961,113.59247245788575,-99.01969582415376,-1.6379582931575856,-2.436980736534716,False,0.0,1.1493215984120884,7.494804529090291,-0.448411270364906,-4.0170440673828125,248689.3593512666,-168.99196239698912,0
2023-04-26,109.73611450195312,110.2087075938747,109.31078360370302,110.16145261140153,12953.105,-1.654077975599506,-1.606822993126329,-0.8506711297104204,27.914651957815565,111.22005615234374,112.27393798828125,113.30419082641602,-91.81824504990638,-1.5267171391543817,-2.522301202446257,False,0.0,8.571373690634553,7.927767945305234,-0.5167041986223512,-4.206077575683594,248007.57318243972,-174.64311756701036,0
2023-04-27,109.64159393310547,110.25596637583232,109.16900085580761,109.68885612531449,9460.85,-0.47259648608704197,0.04725878195760913,-0.14178274789540524,27.523441624026034,110.67184753417969,111.94312286376953,113.04662742614747,-90.74074636074728,-1.1854911634947418,-2.2746424834756396,False,0.0,10.000002803819436,6.573566030955345,-0.5379152688895275,-3.3081512451171875,246773.53835363637,-123.79056264845083,1
2023-04-28,110.96485900878906,111.10663837807286,110.44500372514788,110.44500372514788,5640.935,0.7561475998333975,0.8506720022405432,1.2760028693402745,40.301154329556475,110.44500427246093,111.6359375,112.90485000610352,-64.81474880323954,0.22053352879554555,-0.875986245067976,True,16.666666666666664,38.77559496097988,19.115657151811277,-0.4367986380074341,-3.0718536376953125,249996.92099922066,-49.428224680770754,1
2023-05-02,111.24840545654297,111.53196418216324,110.68129521650037,111.01210892225873,5164.549,0.5671051971108483,0.42532580409037735,0.23629149135248895,42.66407061122717,110.3599365234375,111.38546295166016,112.7677978515625,-59.25938076172288,0.6054509130336237,-0.4966761059854075,True,33.33333333333333,48.351507038574546,32.375701601124604,-0.32966693621540566,-2.5047454833984375,251718.40814565396,-20.61369845415588,0
2023-05-03,110.77581787109375,110.91759724092161,110.39774916648389,110.91759724092161,4178.432,-0.09451168133712429,-0.6143669412416273,-0.2835460500164828,39.799825208533875,110.47335815429688,111.125537109375,112.57876091003418,-65.99997877675432,0.3138369494116326,-0.6779658601502375,False,33.33333333333333,41.97530443737496,43.03413547897645,-0.27188445524266347,-2.5992584228515625,253617.65326410465,-38.64727879169891,1
2023-05-04,111.05937194824219,111.05937194824219,110.3032201483707,110.58677887612201,3707.2,-0.3308183647995975,0.14177470732057884,-0.09452901811319236,42.333851014018734,110.73800964355469,110.97903289794922,112.38499717712402,-59.18371187362631,0.4416571329829268,-0.2229077375547745,True,50.0,49.382662337829494,46.56982460459299,-0.19918728886751214,-1.4650421142578125,257324.85326410466,-18.783905838793476,1
2023-05-05,111.34293365478516,111.57923019716695,110.96485774473463,111.24840926887387,2218.751,0.6616303927518601,0.5198582489247627,0.6616375963639314,44.86568658788625,111.07827758789062,110.87506256103515,112.23376770019532,-49.450469141994375,0.4548075266336167,0.18426971205469833,True,66.66666666666666,76.66686855237518,56.008278442526525,-0.12049831720244608,-1.039703369140625,257836.8767321963,46.2865783970694,1
2023-05-08,112.05182647705078,112.38264020357872,111.86278491103597,112.00456428274748,6011.209,0.7561550138736095,0.8034100064117666,0.8979271663013435,50.76146593123874,111.29567108154296,110.87033767700196,112.11798286437988,-24.691186401210818,0.7293121483085702,0.857857525312163,True,83.33333333333334,89.70594734728466,71.91849274582977,-0.014760525790688206,-0.04724884033203125,256197.53190018062,151.16345623593844,1
2023-05-09,112.38263702392578,112.4771541986598,111.81552676432344,112.09907828852552,4636.21,0.09451400577803781,0.09451399508108693,-0.047258146712536586,53.30355297634287,111.52251739501953,110.94122695922852,112.0187385559082,-16.04933528557532,0.8125499578254277,1.1556201236882166,True,83.33333333333334,97.1429022497327,87.83857271646417,0.07829330674408363,0.708892822265625,259509.124909009,141.26339056386297,0
2023-05-10,111.34293365478516,112.28811982431237,111.20115428711644,112.28811982431237,4075.119,0.18904153578685623,-0.18903437434742898,-0.6143724772069987,45.28715913115362,111.63594055175781,111.05464935302734,111.87459754943848,-34.28560971411185,-0.13422696629014,0.2766568840874907,False,66.66666666666666,65.71439028588816,84.18774662763515,0.0708776012853582,1.1342239379882812,256497.08983434716,59.98423303990144,0
2023-05-11,111.10663604736328,111.957297822825,111.10663604736328,111.76826347521087,3684.964,-0.5198563491015022,-0.33082200148737684,-0.09451823975315676,43.65922313793821,111.64539337158203,111.19170150756835,111.73281974792481,-41.42849527388901,-0.39542455426378414,0.10645197813287657,False,66.66666666666666,36.956774235434544,66.60468892368512,0.051988213784873616,1.3705215454101562,252812.12583434716,25.70034732322195,0
2023-05-12,110.77581787109375,111.05937661074945,110.3504869728085,110.72856288861666,3813.349,-1.0397005865942077,-0.8979212120755449,-0.7561490745547843,41.38703067024901,111.53197021484375,111.30512390136718,111.62412338256836,-51.428581182370806,-0.6499042457951276,-0.2340937579882088,False,50.0,21.739285175656644,41.4701498989931,0.020746984026839943,1.1342239379882812,253574.76460123356,-84.34854091313674,0
2023-05-15,110.77581787109375,110.91759724092161,110.25596979665603,110.53952132511344,4119.699,-0.1890415635032241,-0.14177936982784445,-0.0945171761524648,41.38703067024902,111.27676849365234,111.28621978759766,111.46107864379883,-51.428581182370806,-0.5656134007204393,-0.31188107513403973,False,33.33333333333333,23.404093508344165,27.36671763981177,0.0044663323090023965,-0.1890411376953125,255928.85265760406,-89.57579492378072,1
2023-05-16,112.09907531738281,112.47715121749636,111.39018570886918,111.43744790058263,7901.469,0.8979265754691852,1.5595539765747475,1.1342159122131505,53.02480236773394,111.22005615234374,111.37128677368165,111.3783748626709,-17.0214990225899,0.6150544777227613,0.693359564063355,True,33.33333333333333,82.9785009774101,42.70729322047029,0.08285315891445894,0.8506698608398438,258333.63389578674,83.02596444749506,1
2023-05-17,113.94219207763672,114.08396422969845,112.14633696914247,112.14633696914247,26029.906,0.7088890685598415,1.606813012202096,0.7561512602732847,63.912382869226604,111.73990783691406,111.68792419433593,111.40673065185547,-3.7035621274155175,2.0313159505827434,2.1213508215766517,True,33.33333333333333,96.29643787258448,67.55967745277957,0.24945392776283942,3.1663742065429688,280554.4318524516,182.9266010715492,1
2023-05-18,115.45449829101562,115.69079484617072,114.934642985195,115.12368455603821,21973.555,2.977347586895746,1.6068306164722657,2.7883060160525304,70.11282996862501,112.60948028564454,112.12743682861328,111.55323486328125,-4.347822662225226,2.7550012664843604,3.1527153634769696,True,50.0,95.65217733777479,91.64237206258979,0.4409318867947573,4.3951263427734375,288794.56736628915,229.1805634539635,1
2023-05-19,115.78530883789062,116.1161225637592,115.50175009503276,115.87982601511045,34124.626,0.7561414590722393,0.42532771758848753,0.5671071098377638,71.28996606548758,113.6113784790039,112.57167434692383,111.72336845397949,-5.645138258607382,2.3391835014853015,3.0638731060766835,True,66.66666666666666,94.35486174139263,95.4344923172506,0.5615595294593502,4.442375183105469,286169.8426203711,156.50863307517378,0
2023-05-22,115.59627532958984,115.92708905787991,115.40723376256807,115.78530968541318,17984.026,-0.09451632969727086,-0.18903350587929424,-0.09451633246469271,69.58158707573124,114.57546997070312,112.92611923217774,111.89822845458984,-8.870881951876756,1.4516840879946689,2.55048975601561,False,66.66666666666666,91.12911804812326,93.71205237576355,0.5970009251571512,3.5444488525390625,281265.33504428546,106.17067374978873,0
2023-05-23,115.50174713134766,115.9270852347206,115.1236784321693,115.59627151734044,12265.703,-0.18903816807274154,-3.823159318017133e-06,-0.28355533039876946,68.68370219910665,115.2560043334961,113.23803024291992,112.08962860107422,-10.48394908508931,0.6727958218819168,2.1525561468940526,False,66.66666666666666,89.51605091491069,91.66667690147551,0.5818617572984102,3.119110107421875,280543.6676760276,79.58734357269586,0
2023-05-24,114.93464660644531,115.12368818324467,114.46205348124512,114.98190880344485,10879.828,-0.6143627138955878,-0.8033970514759261,-0.6616249509241783,63.334898775617354,115.45449523925781,113.59720153808594,112.32592544555663,-20.16118016489743,-0.2324587004593442,1.4354789931147467,False,50.0,79.83881983510257,86.82799626604549,0.5043286497904755,3.5917129516601562,285206.3494646513,45.899133719984896,1
2023-05-25,116.30516052246094,116.6359742380701,115.73804305433306,116.25789832971756,11442.859,1.27598952627271,1.512286054825438,1.2759895730879407,69.58041316231153,115.62462768554687,114.1170539855957,112.65437774658203,-5.185164346623018,0.6132444575545627,2.3497612338534157,True,50.0,94.81483565337699,88.05656880113007,0.5142572032855546,5.198524475097656,288217.70553537924,79.2681178489143,1
2023-05-26,119.04620361328125,119.14072800589862,118.1482795730059,118.1482795730059,23780.52,1.8903812432883313,2.504753767828518,2.410236518672832,77.82266189645951,116.276806640625,114.94409255981445,113.12460823059082,-1.063893809952439,2.4539059030604102,4.173418516568115,True,50.0,98.78041575679677,91.1446904150921,0.664776434243153,8.2703857421875,307468.33937782154,156.54392013352103,1
2023-05-29,119.80235290527344,120.558504762725,119.56605635121964,120.46398037214465,14498.868,2.315700799138753,1.4177767568263704,1.4177767782137494,79.49467369549102,117.11802215576172,115.84674606323242,113.56648292541504,-7.339473827964824,2.5139865337483944,4.174517486034513,True,50.0,91.01121285254904,94.86882142090758,0.7673382662007282,9.026535034179688,299873.6741683408,181.12423471424563,0
2023-05-30,119.80235290527344,120.0859116546174,119.51879415592947,119.80235290527344,12123.804,-0.6616274668712094,-0.4725931081075885,-0.04726219529017328,79.49467369549102,117.97814331054687,116.61707382202148,113.99418029785156,-7.339473827964824,1.9027214548707785,3.4975527337658576,False,50.0,87.5968522909609,92.46282696676889,0.7844602684101264,7.703277587890625,299873.6741683408,121.66514740218595,0
2023-05-31,119.2352294921875,119.75507752716105,118.29004338001985,119.75507752716105,8865.297,-0.047275378112388466,-0.330834127456356,-1.2287507759096172,74.48244375316915,118.83825988769532,117.14637756347656,114.41715087890626,-14.433128502230508,0.8863631267843897,2.384085198306847,False,50.0,78.29433535280745,85.63413349877244,0.7091522419781975,5.293037414550781,302447.5038548998,71.81810343169649,0
2023-06-01,118.29005432128906,118.71538522662648,118.05375777139083,118.47908867672827,3879.343,-1.2759888504327819,-1.0396923005345684,-0.23628560862901793,66.82228822870346,119.23523864746093,117.4299331665039,114.7786849975586,-26.96630044833968,-0.3847157287088023,1.1245048482012783,False,50.0,62.79064103526667,76.227276226345,0.5541159540553129,2.8355560302734375,301339.1322210906,35.23227690852568,1
2023-06-02,119.80235290527344,120.03864945932723,118.90442888434845,118.90442888434845,7942.819,0.4253402076201809,1.323264232700751,0.8506711129576132,71.87170166604209,119.38646850585937,117.83163757324219,115.201655960083,-12.403147709039105,0.39604137642663834,1.9915525427988416,True,50.0,87.5968522909609,76.227276226345,0.5128020864056624,4.0170440673828125,305972.43488788867,67.45760634725205,0
2023-06-05,119.42427062988281,119.84960873129467,119.32975345552401,119.80234653851618,6360.122,0.8979176541677276,-0.1890407280325661,0.4253245711755653,69.00734462837745,119.31085205078125,118.21443710327148,115.57027816772461,-18.604825667808065,0.026384989912166548,1.3841480792354732,False,33.33333333333333,81.39517433219193,77.26088921947314,0.42312449996893964,3.8279953002929688,301925.0364016631,57.36603964732327,1
2023-06-06,119.75508880615234,120.2749441012856,119.23524072221751,119.42427507797592,6592.414,-0.3780714605402551,0.4253353699909326,-0.09451273330650167,70.14315226153649,119.30139923095703,118.63977127075195,115.93890075683593,-13.178420026307927,0.3100872241539367,1.3802743824866592,True,33.33333333333333,83.3332156715614,84.10841409823807,0.3521105032031109,4.2533416748046875,301924.99067784764,60.82364346796704,1
2023-06-07,121.07835388183594,121.22012603806812,120.03864332814543,120.03864332814543,12076.543,0.6143682501695054,0.945181936782518,0.8034026059279142,74.25947521720131,119.67002410888672,119.25414199829102,116.42567176818848,-2.0978193862249177,1.2381486402894284,2.1056148994329287,True,50.0,95.5225626240579,86.75031754260374,0.35905026544700425,6.143707275390625,311103.28129283787,123.32082801818858,0
2023-06-08,119.89686584472656,121.17286574925399,119.61331431660841,120.88931422113583,5140.735,0.8506708929904079,-0.04726028881412958,-0.4253290115370163,65.46793139352009,119.99138641357422,119.61331253051758,116.86518325805665,-19.580437798134934,0.15791346162149492,0.7979314616268092,False,50.0,58.208897958349155,79.02155875132281,0.2538202995368304,3.591705322265625,307831.88286537747,82.01984224471381,1
2023-06-09,120.79479217529297,121.17286086420879,120.41671627517914,120.5112334474081,5551.953,-0.3780807737277314,-4.885045200353488e-06,0.8034019585707313,68.5544726799575,120.18987426757812,119.78817138671874,117.3661319732666,-7.75861773776651,0.5573387719345269,1.1375978095136223,True,66.66666666666666,86.56713853371568,80.09953303870758,0.2159257090544684,1.7485885620117188,307831.9358132303,127.34457320368097,1
2023-06-12,121.92900848388672,122.21256720204927,121.45641542774761,121.45641542774761,13721.287,0.9451819803395125,1.0397063378404852,1.039699152568474,72.00279543240244,120.69082183837891,120.00083694458007,117.92379150390624,-6.818266691235688,1.202923109097118,1.6882273285097185,True,66.66666666666666,93.18173330876431,79.31925660027638,0.2368094604512132,2.1266555786132812,311262.1921352851,167.6460063440596,1
2023-06-13,124.33924102783203,124.71730971921066,123.06323395523599,123.06323395523599,23438.202,1.6068185274883717,2.5047425171613895,1.6068185274883717,77.67750229528656,121.60765228271484,120.45452575683593,118.53579978942871,-5.673681158924946,2.506493902665937,3.318279276409539,True,83.33333333333334,94.32631884107505,91.35839689451832,0.37433221552665885,4.536888122558594,323985.9509986361,206.56663827404938,0
2023-06-14,124.29197692871094,124.38650131130329,123.81938386054094,124.19745254611858,6676.993,1.1342185908825968,-0.33080840790736943,0.7561499053049516,77.34214637239242,122.25037689208985,120.96020050048828,119.05328903198242,-6.382974032923738,1.832728259365871,2.958923400612716,False,66.66666666666666,92.6829260295716,93.39699272647032,0.420067994929191,5.0567474365234375,328437.1664633123,147.8224960813087,1
2023-06-15,124.67005157470703,124.76457596181855,124.29198287105409,124.33924506460984,11041.119,0.14179251849125762,0.37807465051525924,0.4725990105131501,78.164773743606,123.20501403808593,121.59820022583008,119.51406669616699,-1.408537445498803,1.6439751039718942,2.9262552195150526,True,66.66666666666666,98.290492744326,95.0999125383242,0.43206263617115015,6.379997253417969,335061.568304743,119.08299989999418,0
2023-06-16,124.33924102783203,124.5755375655427,123.91391014443205,124.5755375655427,7202.216,0.23629250093286203,-0.18903839627584773,-0.3780727266220367,75.54665125611048,123.91390380859374,122.05188903808593,119.94176330566407,-6.338048832752101,0.7659924800263136,2.2939349764702004,False,66.66666666666666,92.30766601127247,94.42702826172335,0.37605605170533396,4.536888122558594,337119.3218766666,83.7685140683603,0
2023-06-19,124.05567932128906,124.29197585332962,123.39405191605466,123.77212059836125,5978.996,-0.8034169671814482,-0.28356171221308557,-0.5198582283773874,73.25231516878443,124.33923797607422,122.51502990722656,120.36473350524902,-12.096908680925592,0.09532726500337028,1.6588098919774494,False,50.0,86.23838800367187,92.27884891975675,0.2825217768706585,4.63140869140625,339951.4677677988,56.014259543279984,0
2023-06-20,123.3940658569336,124.05569333691767,123.20503149442348,123.91392117063444,6528.969,0.14180057227318343,-0.23628251641194709,-0.18902042163118438,67.99612245739618,124.15020294189453,122.8789276123047,120.75934944152831,-24.78616407754369,-0.6342668635528786,0.8692389207117684,False,33.33333333333333,73.39467106744006,83.98024169412811,0.14559878972632356,3.63897705078125,336324.2381690738,32.09159657951739,0
2023-06-21,123.3940658569336,123.86665897440756,123.11050710196973,123.3940658569336,26565.515,-0.5198553137008446,-0.18903436251011385,-0.09452439245374933,67.99612245739618,123.97062072753906,123.11049880981446,121.18232040405273,-24.78616407754369,-0.5080575715056862,0.5971961403559183,False,16.666666666666664,68.47851118341252,76.03719008484147,0.03054910407805833,2.3157119750976562,329682.98609283776,19.365966263680363,0
2023-06-26,122.63790130615234,123.20501875745128,122.30708038916197,123.20501875745128,7393.403,-0.18904709948230902,-0.6616402169562718,-0.803426712807763,61.949956918283284,123.56419067382812,123.38460235595703,121.4989574432373,-41.28453963590994,-0.8974650282042868,-0.21469907805568675,False,16.666666666666664,35.714284909590624,59.19582238681439,-0.11308600799671131,2.7410354614257812,327737.37872451154,-44.573154890233745,0
2023-06-27,121.8344955444336,122.44887522854437,121.64546118870601,122.07079209469231,6574.049,-1.1342266627589765,-0.756143528906918,-0.6616192004559593,56.16175411450142,123.06324157714843,123.48857269287109,121.63837203979492,-56.88083073996967,-1.1692573426824338,-0.919195330172301,False,0.0,6.060512981346611,36.75110302478324,-0.2698653994739044,1.039703369140625,324256.93042256904,-129.52174905370705,1
2023-06-28,122.02354431152344,122.59064737865494,121.73998556675924,122.25984086176078,5695.853,0.18904876706847062,0.14177215011056887,0.09452437805323655,57.18856389170924,122.65681457519531,123.49802627563477,121.74943161010742,-63.043240763221085,-0.7050326952579907,-0.9082692542797678,True,16.666666666666664,12.121487996420946,17.965428629119383,-0.36271352855929173,0.09453582763671875,322358.37713546463,-124.35220131338149,0
2023-06-29,121.97628021240234,123.34679729789968,121.83449363103574,122.63790765825658,5696.517,0.3780667964958013,0.7561499192447485,0.09450806427649638,56.825547237494575,122.37325744628906,123.2617301940918,121.85812797546387,-84.28538218443116,-0.46278461767621515,-1.0257851859400213,False,16.666666666666664,10.606183092333392,9.596061356700307,-0.42487776613156303,-2.3629608154296875,317730.0181897285,-76.21636904940867,1
2023-06-30,122.02354431152344,122.02354431152344,121.26739246628456,121.73998556675924,7029.188,-0.8979220914973354,-1.3232529863762466,-0.567101164751179,57.12246469501337,122.09915313720703,123.03488693237304,121.99754371643067,-78.3782622157372,-0.23825996746021783,-0.9937629092099421,True,33.33333333333333,22.85727568021258,15.194982256322296,-0.45755023174445264,-2.2684326171875,324759.2061897285,-98.62802824580196,1
2023-07-03,123.53582763671875,123.53582763671875,122.49613151912878,122.49613151912878,6622.825,0.7561459523695362,1.5122833251953125,1.2287390528442188,65.42269853632553,122.27873840332032,122.92146453857421,122.25983238220215,-35.13536898103718,0.9786189808318011,0.2877367656109904,True,50.0,74.99992164707332,36.15446013987309,-0.375488127420593,-1.1342239379882812,331382.0311897285,22.787941310407664,1
2023-07-04,123.81938934326172,123.96116150103204,123.39405844755424,123.58309279871351,5679.67,1.0869612795847274,0.4253338643132878,0.8979269284254627,66.73970991170845,122.67571716308593,122.86947937011719,122.46068420410157,-27.02708107149266,1.047758111901236,0.5500821098601932,True,66.66666666666666,91.5251615725997,63.12745296662852,-0.30337277833705034,-0.5198516845703125,334221.9384115693,81.95689289229765,0
2023-07-05,123.63036346435547,124.00843219258263,123.25228031373081,123.81939782846905,5000.942,0.2363050297555418,0.047270691550593824,-0.1417781338234363,64.94092536442605,122.99708099365235,122.82694778442382,122.67098884582519,-28.571119852003825,0.6476490565022514,0.4672668608620945,False,66.66666666666666,86.20710511416898,84.24406277794732,-0.27074025622615716,-0.42531585693359375,334222.03379660426,78.78806542420718,0
2023-07-06,120.88931274414062,122.590643525658,120.70027118317323,122.590643525658,16402.276,-1.2287543028110548,-1.4177886669246362,-2.552009130557579,45.52904077827658,122.7796875,122.57647247314453,122.7277000427246,-94.736717566504,-1.4321515597546903,-1.5301721127788515,False,50.0,5.714400249253455,61.14888897867403,-0.4268126474518985,-2.5047531127929688,321100.2880802651,-117.14968851789749,0
2023-07-07,120.70027160644531,121.26738908013809,120.13316134395079,120.55849944922036,8020.402,-2.032144076437632,-1.3232544455199076,-0.5671098392224394,44.52764272314499,122.51503295898438,122.30709304809571,122.70879592895508,-85.5422399737885,-1.4153413746697512,-1.4597183818047337,False,50.0,14.634080678379958,35.51852868060079,-0.5291439679343415,-2.6937942504882812,321100.2370881169,-143.98946284580947,0
2023-07-10,120.46397399902344,121.45642235802352,120.03864310870806,121.07835366049792,7871.639,0.5198542112775613,0.18903327788542867,-0.09451823524273095,43.23104417414747,121.90066223144531,122.0897003173828,122.73715133666992,-89.28580634061672,-1.3990105380563373,-1.4561906391232184,False,33.33333333333333,10.714193659383286,10.35422486233889,-0.5942368208587336,-2.1739273071289062,317951.5494583359,-116.0217418667573,1
2023-07-11,122.11805725097656,122.11805725097656,120.98383666670564,120.98383666670564,4540.434,-0.09451699379228273,0.661634892953046,0.9451935579975839,53.55801989334345,121.56039581298828,122.11805648803711,122.80331459045411,-47.61902714894452,0.14857071493431395,-0.016120782027365974,True,33.33333333333333,52.38097285105548,25.909749062939568,-0.5105829727481772,0.28356170654296875,322491.9834583359,-29.544732905798966,1
2023-07-12,122.3543472290039,122.3543472290039,121.78724417855541,122.2125750719909,3439.451,1.228738405285256,0.23628997802734375,0.8034075118497697,54.838311559641035,121.30519256591796,122.15113677978516,122.82458152770997,-41.66682230795782,0.5436859117865065,0.19672575933284883,True,33.33333333333333,58.33317769204218,40.476114734160305,-0.42739937972390485,0.33080291748046875,325931.4344583359,2.257764347291203,1
2023-07-13,123.724853515625,124.67003960641631,123.67760574900159,124.10293660537863,15666.309,1.8903615333877326,2.315692377412404,1.8903615704461743,61.545883235635834,121.87230072021484,122.32599411010742,122.7938621520996,-20.40823089232406,1.6567327934099658,1.188506423405659,True,50.0,79.59176910767594,63.435306550257856,-0.27551399015931954,1.7485733032226562,311756.807963829,107.03749700655196,1
2023-07-14,125.0008773803711,125.23717393496537,124.24472552118999,124.24472552118999,14732.246,0.141788915811361,0.5671343285490593,0.5671197721884056,66.58649765583174,122.732421875,122.62372741699218,122.82930717468261,-4.545448752573766,2.1301313501210637,2.025076764629056,True,66.66666666666666,95.45455124742624,77.79316601571479,-0.09393142391948683,2.9773330688476562,319473.7191153556,116.27554682891692,0
2023-07-17,124.76457977294922,124.95361413055005,124.52828322034894,124.76457977294922,15278.402,0.5198542517592273,-0.2835598044153187,0.2835576991589477,64.8687273045087,123.59254302978516,122.74660263061523,122.83403358459472,-9.090917757554116,1.3760051795352068,1.6394529958284856,False,66.66666666666666,90.90908224244588,88.65180086584935,0.000447164577621173,1.2287521362304688,321171.43446424126,92.65800683258163,0
2023-07-18,124.52483367919922,125.62766611632402,124.38097642673293,125.62766611632402,10837.561,0.8630863433748033,0.6740519857739713,-0.14730679361601062,63.06791608498033,124.07389831542969,122.81714706420898,122.84331321716309,-19.732114819030315,0.6278156791218287,1.272177364583751,False,66.66666666666666,80.26788518096969,88.87717289028059,0.034999414165462595,0.7054443359375,312834.9958556636,85.227377475497,0
2023-07-19,123.46993255615234,125.14816464914858,123.46993255615234,124.81251237734031,14299.678,-0.8151537389837102,-0.47950146717543873,-0.9110438705805848,55.65203682986878,124.29701538085938,122.80110397338868,122.81402587890625,-38.606632272427774,-0.4059785887129207,0.41874363341650644,False,50.0,61.393367727572226,77.52344505032924,-0.02185867282799414,-0.160430908203125,298535.3178556636,47.051442596699204,1
2023-07-20,124.04534149169922,124.38097915543717,123.7096891949376,123.75764161347836,3721.944,-1.054870763861956,-0.7671854937114091,0.2397566387852521,58.55211654145034,124.36111297607422,123.11670684814453,122.84658966064453,-28.311292017739515,-0.16878847794140378,0.8712793048195843,True,50.0,71.68870798226048,71.11665363026746,-0.028937993429558162,3.1560287475585938,298535.3989879579,38.80010090859843,0
2023-07-21,121.98350524902344,122.17530760776016,121.31221528472457,122.17530760776016,12757.197,-1.5823340057181952,-2.2056715476770137,-2.397473910213023,46.63187045712077,123.75763854980468,123.24503021240234,122.77606163024902,-65.2021088897794,-1.5983077881456036,-0.6945418221221608,False,33.33333333333333,21.52681516759721,51.53629695914329,-0.17268270859567003,1.283233642578125,305622.6104947185,-72.11293091187603,1
2023-07-24,122.03145599365234,122.41505338935124,121.40811114020559,121.7917085359045,9725.181,-0.3835990718556559,0.23974578159108262,0.09589585548101809,46.90610173236719,123.21101379394531,123.40177841186524,122.74573936462403,-64.34416386855538,-1.165049117610492,-0.7324220050534118,True,33.33333333333333,16.666641261700956,36.62738813718621,-0.2595160544245779,1.5674819946289062,307938.12305054377,-81.5881061052053,1
2023-07-25,123.56584167480469,123.90147932523965,122.46299462417335,122.46299462417335,6922.79,0.6712860882688432,1.4864259358884055,1.0548834839677568,54.981339401240454,123.0192153930664,123.54655685424805,122.83230667114258,-36.89060572321423,0.2398714501934241,0.3208624881797875,True,50.0,52.22227011783253,30.138575515710226,-0.2106742143871072,1.447784423828125,311630.36222392425,-17.593190883378973,0
2023-07-26,123.23019409179688,123.90148405129531,123.08635146941279,123.80559384738048,4396.742,1.3425992232071309,4.726055664150408e-06,0.6233568452394422,53.055677180917094,122.97126770019531,123.63414154052734,122.89263916015625,-51.627047257822234,0.14287633191515137,-0.1385380630665895,False,50.0,44.44445973125444,37.777790370262636,-0.1982151513062228,0.8758468627929688,308785.3650891967,-22.806382684281495,1
2023-07-27,124.18917846679688,124.18917846679688,123.70968356924168,123.85352618529905,4006.903,0.047932337918567214,0.28769441550156216,0.623332099828886,57.67595921291215,123.00003509521484,123.68057403564453,123.00328407287597,-33.333426927123526,0.8239754782618322,0.49802923313825465,True,66.66666666666666,66.66657307287647,54.44443430732114,-0.1261410731561745,0.464324951171875,312792.2680891967,25.31530839324608,0
2023-07-28,124.18917846679688,124.57276853163184,123.70968356924168,124.09327363407664,2680.637,0.23974744877759235,0.38359006483496216,0.0,57.67595921291215,123.44116973876953,123.5994041442871,123.11156578063965,-33.333426927123526,0.8043563974772353,0.37383278421300453,False,50.0,66.66657307287647,59.25920195900246,-0.08139234219761238,-0.8116989135742188,313090.13684403716,43.045763131410304,0
2023-07-31,123.51788330078125,125.29200556671493,122.99043600922494,124.9563679324681,7248.552,0.8630942983914593,0.719237035083097,-0.7192475600167398,53.30541193702406,123.73845520019532,123.47473449707032,123.11066856384278,-48.88904770027971,0.05178284338557505,-0.15481190269024264,False,50.0,55.42171470788116,62.918286951211364,-0.09877139151471592,-1.2466964721679688,309163.8647270528,34.07728945362247,1
2023-08-01,124.14122772216797,124.2371325561797,123.56584261716718,123.70968523516159,4447.765,-1.246682697306511,-1.054873010535232,0.5754066079422415,56.634237952573116,123.85353240966796,123.43637390136719,123.12676048278809,-34.44456795270982,0.2711055168849589,0.4072097437432863,True,50.0,71.08446015975893,64.39091598017218,-0.0713338974762443,-0.38360595703125,312340.7566236195,50.82107415128433,0
2023-08-02,122.60684204101562,124.14122422735674,122.22324466530249,124.09327181170083,12005.721,0.3835865765392441,-0.09590832882295786,-1.3425979518646898,47.53450680023863,123.72886199951172,123.35006484985351,123.0755844116211,-70.0001968088414,-0.8402299592318859,-0.6893919576209987,False,33.33333333333333,32.53002456309299,53.01206647691101,-0.15478329099038945,-0.8630905151367188,305137.34234289604,-36.77456701646975,0
2023-08-04,122.03145599365234,122.27120345140018,121.69581101610771,122.03145599365234,6734.916,-2.061815818048487,-1.8700207759565615,-0.5274336491947764,44.602771881659876,123.29731750488281,123.14867630004883,123.13269157409668,-81.92767311929647,-1.1458495631943741,-0.9888130481346813,False,33.33333333333333,16.049479851773032,39.88798819154164,-0.24180598362490446,-2.013885498046875,306259.81406971224,-99.8620870521856,1
2023-08-07,123.23019409179688,123.4219891326502,122.31915667297586,122.41505419340253,4601.873,0.38359819975018183,1.1507856812500137,0.6233456568681532,51.41338063681554,123.10552062988282,123.27334518432617,123.25918769836426,-51.8070382815979,-0.04537102223047687,2.063724387013794e-06,True,33.33333333333333,42.66685392285244,30.415452779239477,-0.2127348945378721,1.2466888427734375,309261.0515202337,-29.935714113578285,0
2023-08-08,121.79170227050781,122.9424870818923,121.21630986481556,122.84659688354022,10517.511,0.43154269013768953,-0.4795020507579011,-1.102846808160308,44.28591447282431,122.76028442382812,123.24936981201172,123.32557411193848,-85.88235119162336,-0.8909426009310495,-1.0164675988541891,False,33.33333333333333,14.117648808376648,24.27799419433403,-0.2802394132574915,-0.23975372314453125,305755.2145202338,-137.0562003320047,1
2023-08-09,121.98350524902344,122.41505506879717,121.45606522464915,121.59991516457373,3664.399,-1.2466817189664852,-0.5274320130951224,0.23975535983359464,45.38717520645587,122.32873992919922,123.0911361694336,123.31884651184082,-81.1763330650434,-0.5278574933460217,-0.860583938599816,True,50.0,18.823666934956606,25.20272322206189,-0.3000566257856472,-1.58233642578125,306121.62087165896,-104.56107798102177,0
2023-08-10,121.21631622314453,121.79170865901864,121.1204187032508,121.69581113912491,10895.898,0.09589597455118337,-0.6233464097785344,-0.3356465213983455,41.78334784721473,122.050634765625,122.88974838256836,123.26194496154785,-97.70117408476804,-0.7589605667976075,-1.4296820196364182,False,33.33333333333333,2.2988259152319563,11.746713886188397,-0.3494622472174145,-2.0138778686523438,298338.80265555007,-117.18178922103156,0
2023-08-11,121.12041473388672,122.12734963453914,120.9765648005045,121.791704667655,7747.852,0.09589352853008393,0.335640975520505,-0.14385390274630083,41.335770200581536,121.86842651367188,122.58287200927734,123.13172302246093,-96.66662245700259,-0.6359404046618887,-1.3441806538563001,False,33.33333333333333,3.333377542997406,8.15195679772865,-0.37118688832543756,-3.0687637329101562,292527.9382853709,-90.63944387482361,0
2023-08-14,119.39422607421875,120.54501086881152,119.01062870385073,120.49706577033507,22566.685,-1.2946388973199277,-1.582338765727627,-1.9659360966537776,34.15226877468854,121.10123291015626,122.10337677001954,122.85139045715331,-93.89310052966464,-1.6975964010234292,-2.4963324535181686,False,33.33333333333333,7.3394640319089826,4.323889163379441,-0.4776178942166991,-4.794952392578125,281244.649588592,-172.11248636221296,1
2023-08-15,119.58602142333984,120.30526375102595,119.49012390961728,120.11346872358085,7411.088,-0.38359704675421824,-0.23974711778556923,0.479495205766554,35.510695492661355,120.66009674072265,121.71019058227539,122.59246253967285,-90.83970390487372,-1.0448405844980964,-2.032805039365496,True,33.33333333333333,11.214930447214806,7.295924007373725,-0.5080720728477273,-3.9318618774414062,275577.3235226202,-133.99134066769136,0
2023-08-16,118.96268463134766,119.29832958962265,118.53113484227008,119.0585821456389,18073.063,-1.0548865779419572,-1.0069341614032936,-0.9589890673472041,33.09038818789335,120.0559326171875,121.19233627319336,122.31435508728028,-93.61694955181954,-1.175064840484703,-2.1944808707048127,False,33.33333333333333,8.823607563333043,9.126000680818938,-0.5401708196229172,-5.1785430908203125,277836.585665747,-142.80203539634493,1
2023-08-17,119.49012756347656,119.53807998005982,117.85984783080731,118.5311377639037,9633.859,-0.5274443817351937,0.23975039043716606,-0.6712870114627663,37.050821257546545,119.7106948852539,120.88066482543945,122.11536483764648,-74.43614637146293,-0.393045846784177,-1.4889984545120782,True,33.33333333333333,29.310289764287294,16.449609258278375,-0.4969464483782775,-3.1167144775390625,286919.90483694186,-103.05318834145467,0
2023-08-18,118.77088165283203,119.68192632501841,118.62703172390667,119.10652660931699,7600.72,0.5753888454132863,0.1438463449585896,0.7671838930993573,34.05240170564484,119.24078826904297,120.55460739135742,121.85164184570313,-85.4962708089714,-0.6550824773041954,-1.7193532489086643,False,33.33333333333333,17.924424241406527,18.686107189675614,-0.48720502695120693,-3.2605743408203125,281392.1180581932,-78.96207893563367,0
2023-08-21,117.95574188232422,119.34627412425117,117.95574188232422,119.10652668140091,10059.231,7.208392105439998e-08,-0.33565220076724245,-0.6712898415824498,30.955187493298183,118.95309143066406,120.02716217041015,121.65025367736817,-98.27595081978346,-0.8996912153533916,-2.0798116368806183,False,33.33333333333333,2.1051523346108842,16.446622113434895,-0.5039700145084495,-5.274452209472656,271332.8870581932,-94.30507652412506,1
2023-08-22,118.91473388671875,119.2503788497096,118.62703402329146,118.91473388671875,3641.145,-0.19179279468215782,-0.09589527454156155,0.671292140967239,38.17251689722428,118.81883392333984,119.73946533203124,121.49441757202149,-81.03453330892678,-0.026873061930869028,-1.0704080624552887,True,50.0,24.719053545307588,14.91621004044166,-0.4221002625673316,-2.8769683837890625,271052.8252815462,-58.59446928363082,1
2023-08-23,119.72987365722656,120.01757352044434,118.91473380012476,118.91473380012476,6784.07,-8.659398531563056e-08,0.7671946707347388,0.28769977683330694,43.63580884720848,118.97227172851562,119.51410217285157,121.30261917114258,-63.20758302844217,0.6381402689297748,-0.14995628775802902,True,50.0,43.82015315808318,23.548119679333876,-0.2909181760823272,-2.253631591796875,274297.34918958234,-4.477979204862266,1
2023-08-24,121.79170227050781,121.88759978537128,121.07245993426466,121.21630986481556,6673.689,2.301576064690792,1.8700262649269348,2.1577261341398923,54.684864582086,119.43258666992188,119.57164077758789,121.23069458007812,-13.684400417409678,1.9670819087830016,1.5695283393842137,True,66.66666666666666,97.61908091795965,55.38609587378346,-0.05548102456218529,0.5753860473632812,279400.7795665919,165.98925432522424,0
2023-08-25,119.44218444824219,120.35322184637101,119.39423203086209,120.35322184637101,7188.718,-0.8630880184445431,-1.5343779390002652,-1.678227903402572,43.96987290990116,119.56684722900391,119.40381774902343,120.99334487915038,-62.92124314859904,0.0066966995364284,-0.2136416509584339,False,50.0,39.28585065030836,60.24169490878372,-0.0484361938877681,-1.6782302856445312,272930.9772430445,29.982970712553016,1
2023-08-28,120.20936584472656,120.54501079991502,119.63397344775903,119.72987096116842,4314.749,-0.6233508852025977,0.19178895354400538,0.2397414168969476,47.62542588186528,120.01757202148437,119.48533172607422,120.79435424804687,-44.943947958858466,0.4474091921035082,0.49774220106482336,True,66.66666666666666,58.33323502597873,65.0793888647489,0.014098311956592058,0.8151397705078125,274066.4411537401,63.725186206195175,1
2023-08-29,120.88066101074219,120.88066101074219,119.58601899399827,120.83270859659939,6490.091,1.1028376354309728,0.3356502108271684,-0.04795445376076657,50.69598709809661,120.41075744628907,119.61479568481445,120.66249313354493,-25.00001951431241,0.5985621868200548,1.0758431014351315,True,83.33333333333334,74.99998048568759,57.539688720658226,0.101983140928534,1.2946395874023438,280556.5321537401,81.11678651089437,1
2023-08-30,121.40811157226562,121.83966138765459,120.92861665506354,121.55196151072862,5749.445,0.7192529141292283,0.9590003769123996,1.3425976610652697,53.05506766479082,120.74640502929688,119.85933837890624,120.52583732604981,-11.904611269875527,0.6892927793611132,1.3746204472784833,True,83.33333333333334,87.80504725936137,73.71275425700922,0.1917377265432454,2.4454269409179688,280859.10536011826,122.51297281333743,0
2023-08-31,120.54501342773438,121.36016060076204,120.35321839673459,121.36016060076204,4356.039,-0.19180090996657384,-0.47950078689254383,-0.5753982583289456,48.88004279358047,120.49706726074218,119.96482696533204,120.42274589538575,-33.33339224416684,-0.13902939816990242,0.5868210093982176,False,66.66666666666666,65.85363991418805,76.21955588641232,0.18878057679970128,1.0548858642578125,278162.479644614,58.28717136046405,1
2023-09-01,120.73681640625,121.12041378676578,119.96962164521841,120.3532190257342,3081.927,-1.006941575027838,-0.23974681399626263,-0.3835967515161798,49.83701492711997,120.75599365234375,120.16142044067382,120.35801391601562,-28.57135672958439,0.16575069265332698,0.622733356829666,True,66.66666666666666,64.70602149771618,72.78823622375519,0.19475958224494472,1.9659347534179688,279189.78864461405,37.71591873647321,1
2023-09-04,121.55196380615234,121.59991622538283,120.44912401245884,120.73682389481782,3422.663,0.38360486908361224,0.4795024386170468,0.4795023672404284,53.84305447784039,121.0245132446289,120.52104263305664,120.2741024017334,-8.536320169628418,0.5486937211900572,1.1572291460060178,True,83.33333333333334,88.71001986350542,73.08989375846988,0.24536265553807912,3.596221923828125,282327.2134074806,75.47233640052636,0
2023-09-05,121.2642593383789,121.40810927411894,120.88066926508769,121.36016417321336,3622.409,0.6233402783955455,-0.19180695126388514,0.431545252628851,52.23682478443595,121.10123291015626,120.75599517822266,120.24773025512695,-15.853585311648835,0.16502646063594412,0.7435930664715972,False,66.66666666666666,75.00005982410428,76.13870039510863,0.250341872471033,2.3495254516601562,283973.72640811873,62.13408200890245,0
2023-09-06,120.83271789550781,121.5040078461004,120.68886795852035,121.40811032694599,7334.521,0.04794615373262445,0.09589857198145069,-0.19180130656734207,49.80562408775793,120.98615417480468,120.86627960205078,120.19019088745117,-32.35272547272862,-0.18484141572050117,0.18553150319188477,False,50.0,58.82344794177528,74.17784254312834,0.21671400185134088,1.10284423828125,279227.8908589448,29.025008214375937,0
2023-09-07,119.72987365722656,120.3532184831908,119.58602372561766,120.16142345205324,5650.194,-1.2466868748927453,-1.1507893629095918,-1.102844232902683,44.08532988050089,120.82312622070313,120.66009674072265,120.11586875915528,-72.58067261870853,-0.8668060885179996,-0.7847443229542804,False,33.33333333333333,6.383207186429693,46.73557165076974,0.11731587407825611,-2.06182861328125,275696.5330800057,-104.9548669298483,0
2023-09-08,119.20243072509766,119.39422575150762,118.77088094090834,119.01062838217642,5527.633,-1.1507950698768212,-0.9589927316831819,-0.8151427847093231,41.592975305738236,120.51624908447266,120.6361213684082,120.01996955871581,-86.15371466836054,-1.1203200784923018,-1.185824109026293,False,33.33333333333333,14.06258256914002,26.423079232448327,0.018358217917203157,-0.23975372314453125,277822.6056621037,-178.88038465974992,0
2023-09-11,118.72294616699219,119.39423613431529,118.33934876430244,119.34628371528711,8256.632,0.33565533311069373,1.038280767318156e-05,-0.4315321766058986,39.38480704344484,119.95044555664063,120.48747940063477,119.9864055633545,-89.04105307249999,-1.243097529718371,-1.3742214099279095,False,16.666666666666664,10.958946927500005,10.468245561023235,-0.07211708601647071,-1.486419677734375,275570.8281711238,-154.78295650752398,1
2023-09-12,119.92167663574219,119.92167663574219,118.77088449332857,119.01063194176747,2599.673,-0.33565177351964337,0.527440501426895,0.43153572902612325,47.05139584990372,119.68192901611329,120.39158096313477,120.00318832397461,-54.794670027947475,-0.019987469826122713,-0.4114666327138021,True,16.666666666666664,48.52921739320316,24.51691562994772,-0.045268819144514694,-0.958984375,278170.5011711238,-67.16810898916775,1
2023-09-13,120.06551361083984,120.44911097362272,119.58601873648902,120.06551361083984,3205.783,1.0548816690723726,0.5274343378805355,0.8151342431604576,47.913741542333334,119.52848815917969,120.25732116699218,120.05832977294922,-50.68540921112628,0.26694353318018543,-0.28209067490685175,True,33.33333333333333,52.94062665906132,37.47626365992149,-0.013509503086541974,-1.3425979614257812,278526.69324318756,-16.522519220867014,1
2023-09-14,121.74374389648438,121.74374389648438,120.40116412108097,120.73680906493182,7177.9,0.6712954540919753,1.294632922861652,0.8151453845919434,56.857187894123335,119.93126220703125,120.37719421386718,120.1710105895996,-2.7402549855205445,1.5396846536967863,1.0513658485028312,True,50.0,100.0,67.15661468408815,0.11761527497764934,1.19873046875,285704.5932431876,86.63885462247467,1
2023-09-15,122.1273422241211,122.1273422241211,121.55194984201732,121.79169727760315,5733.382,1.0548882126713295,0.38359832763671875,1.150785720936355,58.628506386571416,120.51624450683593,120.5162467956543,120.33883361816406,-0.0,1.521286889203747,1.3193600975908122,True,66.66666666666666,100.0,84.31354221968711,0.22125816599234227,1.3905258178710938,291437.97524318757,110.80250677716298,0
2023-09-18,120.83271789550781,121.40811032694599,120.68886795852035,121.40811032694599,7095.909,-0.3835869506571612,-0.7192318971751064,-0.8630818834969745,50.92983017022207,120.93819885253906,120.44432220458984,120.48268241882325,-34.17704762022638,0.2187360313266181,0.22537778128245714,False,66.66666666666666,65.82295237977361,88.60765079325786,0.19463826960431163,-0.7192459106445312,287180.45871651504,44.16847316690123,0
2023-09-19,120.3052749633789,120.88067473236363,120.20937744071878,120.6888723705314,4017.342,-0.7192379564145881,-0.5274355945823572,-0.4794905178015654,48.121387031968084,121.01491851806641,120.34842376708984,120.55220947265624,-48.10111949954155,-0.4365014800943666,-0.18233840936454018,False,66.66666666666666,51.89888050045845,72.57394429341069,0.13628374509809194,-0.958984375,284310.9036963627,12.6132898473306,0
2023-09-20,119.63397216796875,120.06551463195012,119.39422472875438,119.92167202163047,5948.291,-0.7672003489009285,-0.8151601004135074,-0.8151527119644015,44.69904660960151,120.9286102294922,120.22854919433594,120.54741439819335,-65.82297679763452,-0.9527597832090016,-0.6075124386284906,False,50.0,34.177023202365476,50.632952027532504,0.05160619247598791,-1.1987457275390625,282611.41050536546,-40.3229240168006,0
2023-09-21,117.71599578857422,118.77088308590275,117.62009827363734,118.72293798669001,21170.71,-1.1987340349404576,-1.2946315460473699,-1.7741264551170417,36.58860837285647,120.12306060791016,120.0271614074707,120.34362907409668,-97.872369102041,-2.2236964114622904,-1.9601322660334886,False,33.33333333333333,2.1276308979589884,29.40117820026097,-0.12480860360045559,-2.0138778686523438,264969.10730533476,-137.37392739479583,0
2023-09-22,117.62010192871094,117.76395186384214,117.04470950469778,117.42829957636546,9559.383,-1.294638410324552,-1.006931222060615,-0.5753887689395611,36.23005716733532,119.22161254882812,119.86892852783203,120.25252494812011,-88.67924448260261,-1.7424361580377874,-1.821088852894397,False,16.666666666666664,11.320755517397382,15.875136539240609,-0.23290905777311005,-1.5823287963867188,270704.6982081057,-140.69817619784675,1
2023-09-25,118.48319244384766,118.67498747680152,117.71599767900918,117.71599767900918,3993.132,0.2876981026437164,0.9110356129593811,0.6712881743113996,41.82735258671196,118.7517074584961,119.84495315551757,120.16621627807618,-71.69807423517528,-0.5166730628310069,-1.0148185571447528,True,16.666666666666664,28.301925764824713,13.916770726727023,-0.23079361216847183,-0.23975372314453125,273100.6017802492,-84.74880341487022,0
2023-09-26,117.0926513671875,117.95574363759414,116.99675385192265,117.6200986759114,10076.754,-0.09589900309778443,-0.7192438392073797,-0.7192438270865296,36.23709727832422,118.10918273925782,119.5620506286621,119.97681579589843,-98.13086709928827,-1.1669503531651892,-2.0326306546695068,False,16.666666666666664,1.8691329007117392,13.830604727644607,-0.30300334894170866,-2.8290252685546875,265039.16782843624,-104.05378320212756,1
2023-09-27,117.1406021118164,117.28445204091709,116.56520971192498,116.85290225361503,6527.53,-0.7671964222963652,-0.671291596677051,-0.43154413999766916,36.55607576796613,117.61050872802734,119.26955947875976,119.76344032287598,-89.65518353563563,-0.6843288700614792,-1.8842663550074537,True,33.33333333333333,10.344816464364373,13.505291709966935,-0.3255215230097469,-2.9249114990234375,268955.65926784877,-92.67657539905484,1
2023-09-28,117.62010192871094,118.09959683480719,117.04470950469778,117.71599944662786,5539.327,0.8630971930128339,0.8151447938900986,0.4794997927727991,39.83920899511271,117.5913299560547,118.85719528198243,119.6171947479248,-81.03439257383943,0.006797203167671527,-1.3241216429489653,True,50.0,21.782239625443616,11.332062996839904,-0.28743116535371704,-4.1236419677734375,269459.2274642504,-57.084260342932254,1
2023-10-02,119.15448760986328,119.39423506984289,118.53114275061395,118.53114275061395,6461.262,0.8151433039860905,1.2946382350357055,1.4864332459161744,49.044260621221504,117.89820709228516,118.55990982055664,119.53807830810547,-53.44810839618114,1.1053125676806783,0.026839803753465296,True,66.66666666666666,59.99997417833575,30.70901008938124,-0.14537384846668777,-2.9728546142578125,272330.90555010625,25.0552514875114,0
2023-10-03,118.43524169921875,119.05858653988538,118.38728928204762,118.86678418771247,5068.454,0.33564143709851635,-0.3356485299575098,-0.14385346856633419,45.4853608254809,117.88861694335938,118.32016220092774,119.38224220275879,-66.37922625551724,0.37930122405367955,-0.34629886640263785,False,66.66666666666666,53.42483097959186,45.0690149277904,-0.08908910188556374,-2.3974761962890625,267986.55586539436,20.606051905855317,0
2023-10-04,116.9008560180664,117.18854856307695,116.37340871077997,117.09265104807344,11225.027,-1.7741331396390336,-1.8700379768084332,-2.0138805712676486,38.913691573310125,117.85025787353516,117.97972030639649,119.16407203674316,-89.52376232996914,-0.6992067662287381,-1.2755630065369121,False,50.0,17.460364966162896,43.628390041363495,-0.14133274385787975,-3.4044189453125,271288.1410747812,-104.72134033849083,1
2023-10-05,118.57909393310547,118.57909393310547,117.3803566457035,117.3803566457035,4105.49,0.2877055976300653,1.3905453700285193,1.0069479349235309,47.89590663338553,118.13795623779296,117.87423248291016,119.05139083862305,-51.063788741040064,0.5148380719202689,0.30081135338349463,True,66.66666666666666,73.01595524377359,47.96705039650944,-0.05351692064414748,-1.0548782348632812,275393.6310747812,38.27534586233507,1
2023-10-06,119.01063537597656,119.20243773016928,118.72294281945503,118.72294281945503,4884.995,1.3425861737515277,0.6233437970638107,1.3425861737515277,49.95993186747592,118.41606292724609,118.00369644165039,119.01542892456055,-28.57120782816635,0.6148221966724354,0.7577812306121217,True,66.66666666666666,87.30149805812326,59.259272756019904,0.03804273092785759,1.2946395874023438,276370.5406278513,101.39537881004318,1
2023-10-11,121.07246398925781,121.21631392462659,120.68886660044497,120.73681901773844,13497.019,2.0138761982834126,2.0138761944573105,1.9659237809899395,58.52364900677621,118.799658203125,118.34893264770508,119.10893058776855,-2.9703231638209244,1.8624347696797883,2.399459658406492,True,66.66666666666666,97.02967683617908,85.78237671269197,0.23110364484271173,3.452362060546875,282505.5152233845,200.94879980734862,1
2023-10-12,122.07940673828125,122.1273518392665,121.12041692043618,121.31221195740052,14297.014,0.5753929396620805,0.9110379146399055,0.4315503199912172,61.989345646434906,119.5284912109375,118.70855407714843,119.27675361633301,-0.8332564280637325,2.2900786782242437,2.934540005093915,True,66.66666666666666,99.16674357193625,94.49930615541285,0.4098159280571111,3.5962142944335938,295441.0275668251,167.8619367311662,0
2023-10-13,121.74374389648438,122.17529366701636,121.31220144246343,121.79169630982494,6362.821,0.47948435242442144,0.04794182774986666,0.19178452202724827,60.16127046626757,120.4970687866211,119.17366333007813,119.36785697937012,-7.438095959971047,1.5396824999542866,2.3549468098262083,False,66.66666666666666,92.56190404002895,96.25277481604809,0.48355036870153534,4.651092529296875,295440.97362861456,122.06847353919159,0
2023-10-16,121.07246398925781,121.12041640655129,120.54501666507619,121.12041640655129,7742.041,-0.6712799032736569,-1.0548772604650765,-0.7671847773872429,56.524604010755006,120.99574279785156,119.56684951782226,119.41820449829102,-19.0081272909958,0.3976152259961915,1.6062515648669962,False,66.66666666666666,80.9918727090042,90.9068401069898,0.46510104400738833,3.9318618774414062,301892.6088325207,63.793907680552216,1
2023-10-17,121.36016082763672,121.7917033064487,121.21631089586225,121.50400344289974,6836.037,0.3835870363484588,0.6712868998974102,0.6712942307860601,57.71954411001696,121.4656478881836,119.94085540771485,119.39902534484864,-14.049448507307346,0.25085951091149983,1.5446344068928008,True,66.66666666666666,85.95055149269265,86.50144274724194,0.4499794613823082,3.7400588989257812,298474.63379498385,70.16074953910682,0
2023-10-18,119.68193054199219,121.07246283207274,119.68193054199219,121.07246283207274,9566.032,-0.4315406108269997,-0.7192404743759511,-1.5343803538700627,49.12689746953596,121.18754119873047,119.99359970092773,119.2767547607422,-42.97505282906518,-1.2267485516972452,-0.0367102497109499,False,50.0,57.02494717093482,74.65579045754389,0.31124987086054356,0.5274429321289062,288908.60179498384,8.38120309315244,1
2023-10-19,119.72987365722656,120.065518619973,119.29833117891134,119.29833117891134,7826.245,-1.7741316531614046,-1.0069442120997394,-0.3835993630808474,49.361831164654376,120.71763458251954,120.12306289672851,119.22161254882812,-42.14871594724126,-1.0043631425598407,-0.14330311479039679,True,50.0,48.99995560066314,63.99181808809686,0.21176856242233894,1.2946319580078125,289886.8730903194,-18.796536709589216,1
2023-10-20,120.25732421875,120.30526931957485,118.8188394967949,119.63397937593379,4387.291,0.33564819702245074,0.23975069960184214,-0.4794916821164463,52.02103733096596,120.42035064697265,120.45870971679688,119.21921501159667,-33.057695261688266,-0.31796175122575815,0.21978225998354226,True,50.0,44.44453843324834,50.15648040161543,0.1722206730171392,3.3564682006835938,293991.1381362928,-37.92920467106281,0
2023-10-23,118.77088165283203,119.72987142365265,118.48318911149263,119.72987142365265,8037.32,0.09589204771886273,-0.5753978959221939,-0.33565038530225877,44.78986508953102,119.9600341796875,120.47788848876954,119.17606048583984,-58.677689059052426,-1.1440779648943087,-1.0420526256700133,False,50.0,7.7921016865294845,33.74553190681365,0.04339657494873779,0.1917877197265625,289663.30690308486,-104.59801294472204,1
2023-10-24,118.86678314208984,118.86678314208984,117.6680458884725,118.72294052486501,7197.186,-1.006930898787644,-0.8630882815628098,-0.8151432230201294,45.324781601030786,119.46135864257812,120.46350326538087,119.23359985351563,-69.00008300882006,-0.760610343533341,-1.0971496728621348,True,66.66666666666666,26.595770024531706,26.277470048103172,-0.03374835766515444,-0.14385223388671875,296860.49290308484,-131.5905128339877,1
2023-10-25,119.10652923583984,119.77782648012443,119.10652923583984,119.10652923583984,3980.09,0.38358871097483416,0.9110433380345881,1.4384833473673382,46.73227413757756,119.34627838134766,120.26690979003907,119.30792121887207,-68.08510607703788,-0.24764294271180307,-0.9338988678085695,True,66.66666666666666,31.914893922962115,22.100921878007764,-0.06520097977522207,-1.9659347534179688,292880.4029030848,-60.56710017314832,0
2023-10-26,116.75700378417969,117.38034859417365,116.61315385625628,116.85290129729155,21974.122,-2.2536279385482914,-2.397477885950778,-2.4933753795835685,36.64657259655485,118.75170440673828,119.7346694946289,119.22161178588867,-97.41376641333015,-1.8145176661637281,-2.7361721283793656,False,66.66666666666666,2.7778035009025,20.429489149465436,-0.23145840324056788,-5.3224029541015625,279146.62904327415,-177.1771240283693,1
2023-10-27,117.28445434570312,117.7159968249742,117.09265199762928,117.1406044137756,4068.937,0.2877031164840531,0.33564823080054396,0.47949814137299995,39.826968978695284,118.15713043212891,119.28874053955079,119.23120193481445,-87.93089508199337,-1.0317590566088894,-2.039179273714378,True,66.66666666666666,12.963098950844355,15.885265458236319,-0.28936394718595143,-4.45928955078125,277581.70470698306,-118.03515540122966,0
2023-10-30,116.99675750732422,117.81189738731062,116.75701005341577,117.38035489688006,9138.352,0.23975048310445857,0.09590056233642485,-0.33564194421350635,38.67179510272984,117.80230560302735,118.88116989135742,119.22400970458985,-93.10330800520596,-0.8197243312030247,-1.9325424281006296,False,50.0,8.602311549800342,8.114404667182393,-0.327682411635809,-4.075706481933594,272597.15483261854,-100.31186491957129,0
2023-10-31,116.1816177368164,117.42830010840811,116.13366531938486,117.38035500748823,10780.877,1.1060816973440524e-07,-0.3835972789025135,-0.6233447340309084,35.49007094795829,117.26527252197266,118.36331558227539,119.15208549499512,-99.15249035900464,-1.1491092021908342,-2.235967529039872,False,50.0,1.149495911629241,7.5716354707579745,-0.38462867812408186,-5.1785430908203125,262614.9109584473,-108.38892053819023,1
2023-11-01,116.75700378417969,117.14060115313838,116.27750890210913,116.99675122521496,4422.327,-0.3836037822732692,-0.28769895526973244,0.14384358272427278,39.33361709202775,116.79536743164063,118.07082290649414,119.03221130371094,-88.9831339729428,-0.36145694955049584,-1.4535797690622143,True,50.0,14.942416987960467,8.231408149796678,-0.3606485169265123,-2.9249267578125,263106.2722943436,-80.0001533751729,1
2023-11-02,119.39422607421875,119.39422607421875,118.09959135117406,118.09959135117406,9808.212,1.1028401259590908,2.253624921080373,1.8220824490649221,53.258317214855474,117.32281188964843,118.03725814819336,119.08016052246094,-33.98067552967227,1.8474307363703364,0.9118516402940648,True,50.0,89.47356088313528,35.18849126090833,-0.15479875523226,-0.3356475830078125,272914.4842943436,57.56667228782848,1
2023-11-03,120.3052749633789,120.4491249056251,119.58603256866,119.87373245315236,8698.568,1.7741411019783015,1.0548988314063479,1.4864412174859467,56.979623860185065,117.92697601318359,118.04205322265625,119.25038146972656,-3.333363211298618,2.1094790653963473,1.6372460502118678,True,66.66666666666666,96.66663678870138,67.02753821993237,0.04444482788250381,0.04795074462890625,278713.5050481602,123.15120836904143,1
2023-11-06,121.36016082763672,121.98349833780702,121.16835847976694,121.36016082763672,15923.199,1.4864283744843618,1.5343734321819227,1.5823259111069348,60.910616958578544,118.79965667724609,118.30098114013671,119.38943481445312,-10.655646207460991,2.4143521522586284,2.4108998664070787,True,66.66666666666666,89.344353792539,91.82818382145854,0.2381811493536159,2.5892791748046875,270283.7611250375,156.28667895830682,0
2023-11-07,121.31220245361328,121.59990230303262,120.92860509322453,121.31220245361328,6543.113,-0.0479583740234375,-0.3835960347743992,-0.23975338654240375,60.635824440649365,119.82577362060547,118.54552307128907,119.50451316833497,-11.475470873778956,1.756262368653254,2.2945469012333746,False,66.66666666666666,88.52452912622104,91.51183990248713,0.3473858419539122,2.4454193115234375,271218.4711782358,108.99039806368724,1
2023-11-08,121.98350524902344,122.22325271006045,121.31221528472457,121.45606522464915,11100.679,0.1438627710358702,0.6233504070278286,0.38361019150003983,63.17283764545652,120.87107391357422,118.83322067260742,119.55006523132325,-3.9370066583511907,1.496113302277618,2.628927910748914,True,83.33333333333334,96.0629933416488,91.31062542013626,0.4429928616947366,2.8769760131835938,276476.6687784059,105.40555177089654,1
2023-11-09,122.03145599365234,122.1753059316034,121.45606355835987,121.69581101610771,6226.873,0.23974579145856012,-0.04794677845704598,0.1438482736352995,63.35686384820751,121.39851989746094,119.36066589355468,119.5476676940918,-3.149584760073999,0.7987356317903356,2.4419732684672053,True,83.33333333333334,96.850415239926,93.8126459025986,0.4842747036031848,5.274452209472656,280212.7672411948,85.60679320030448,0
2023-11-10,121.55196380615234,121.64786132810136,121.21631882107482,121.50401138692187,4251.571,-0.19179962918583726,-0.5274446035020475,-0.23974473728505075,60.08173339745897,121.64785766601562,119.78741683959962,119.5380786895752,-11.02355317104058,0.10530852635681086,1.8651894464444179,False,66.66666666666666,88.97644682895941,93.96328513684473,0.4545785783981906,4.267509460449219,282574.76714842074,59.826363548804764,1
2023-11-13,123.42198181152344,124.28508139370163,123.23018678204699,123.94942911735076,25387.556,2.445417730428886,2.6372200656002747,2.0138679609721635,67.27827628926829,122.06022186279297,120.42993927001953,119.65555458068847,-10.588339183146608,1.212394463058331,2.9531315138405176,True,66.66666666666666,89.22145777531955,91.68277328140164,0.5308557335248503,6.425224304199219,266418.8576040179,117.27314632458112,1
2023-11-14,123.70968627929688,124.28508602217735,123.66173386188629,123.90148131591593,20094.457,-0.04794780143483024,4.628475721801806e-06,0.43154707983930507,68.23929481385184,122.53971862792969,121.18274612426758,119.77303085327148,-7.05888904351801,1.1235968369993334,2.7342726144834164,True,66.66666666666666,90.69759536649721,89.63183332359205,0.5673668322117165,7.528068542480469,249416.0006692302,120.88687393248097,1
2023-11-15,125.19612121582031,125.6276636988683,124.71662631620632,125.53175886573628,22791.049,1.6302775498203488,1.3425776766909507,1.0548924543200258,72.7500490868721,123.18224182128907,122.02665786743164,120.04874038696289,-4.5454240226178655,1.7999875430812113,3.3820588027021694,True,83.33333333333334,92.85718585349792,90.92541299843822,0.6522463992792937,8.439117431640625,250615.6066309866,157.47292683850839,1
2023-11-16,125.24407196044922,125.81945705249112,124.95637209791684,125.43586699112986,18329.336,-0.09589187460642279,0.19179335362281336,0.23974578171052485,72.8855672691871,123.82476501464843,122.61164245605468,120.32445030212402,-6.03005888287985,1.3909569234885255,2.7806953797800262,True,83.33333333333334,88.2354833711184,90.5967548637045,0.6697055560672437,5.849845886230469,244506.0351386668,119.64910406271665,1
2023-11-17,125.62767028808594,126.10716521284962,125.19612778240338,125.24408020148452,27147.588,-0.19178678964533447,0.28770816035850544,0.23975568448653917,74.0134162312221,124.63990631103516,123.1438819885254,120.59296760559081,-5.988017507506972,1.2104072866364621,2.473847769212466,True,83.33333333333334,90.74076743945577,90.61114555469068,0.6638855181774611,5.322395324707031,243077.12291913247,105.05277305401114,0
2023-11-20,125.57970428466797,125.67560911245592,125.1002094117727,125.67560911245592,8660.375,0.43152891097139445,-0.4315561003937063,-0.09591837063068454,73.59582727683949,125.07145080566406,123.56583633422852,120.93340873718262,-8.088486417334657,0.6275534420894556,2.005833270952478,False,83.33333333333334,89.21534462687863,89.39719847915092,0.6147250712788338,4.21954345703125,248850.5594241425,81.03625627341432,1
2023-11-21,127.11410522460938,127.2579478462751,126.05921055564887,126.05921055564887,28378.346,0.3836014431929584,1.582338733819185,0.9590011438761792,77.93942221014821,125.75233459472656,124.14602661132812,121.3457748413086,-2.2726312553763672,1.357297120898602,2.7785005520432633,True,83.33333333333334,97.61914177342331,92.52508461325256,0.6405586463608814,5.801902770996094,270418.3795164274,114.4604224107039,0
2023-11-22,125.96331787109375,126.39486036061432,125.77150820195281,125.86741303652329,6137.072,-0.1917975191255863,-0.8630874856607846,-0.2877023536960621,68.69374490614021,125.90577392578125,124.54400787353515,121.6886142730713,-20.454414078892714,0.13977493718012723,1.5331147556912328,False,66.66666666666666,78.5715082839196,88.46866489474048,0.5392203763253134,3.9798126220703125,268058.144520864,69.26700976575896,0
2023-11-23,125.91536712646484,126.05920974720809,125.38791979536721,125.96331954438709,6234.316,0.09590650786380195,-0.33565061340623004,-0.3835884065856021,68.3253174024928,126.04003295898437,124.93239898681641,122.14653244018555,-22.222164158213126,0.006349377106113206,1.1816108053441197,False,50.0,66.66682312081115,80.95249105938467,0.4326370407079103,3.8839111328125,271620.70787650417,49.72794462406627,0
2023-11-24,125.81946563720703,126.25100814393849,125.67562301263783,125.9153704756024,13309.402,-0.047949068784689075,0.19179839673040533,0.287703217270618,67.53503459563831,126.0783920288086,125.35914916992188,122.57328300476074,-23.809509042478563,-0.14587407052597073,0.8455041592158816,False,33.33333333333333,60.00009411807721,68.41280850760263,0.32430730234150973,4.2675018310546875,264965.8376361238,52.96701103881611,0
2023-11-27,125.00432586669922,126.44281056190624,124.76457841749804,125.81945841416938,9431.776,-0.095912061433026,0.19180241796775022,-0.911044595139785,60.99349890081823,125.96331634521485,125.51738357543945,122.97366142272949,-37.301561717473625,-0.7109289402133064,-0.006390768487618255,False,16.666666666666664,11.320863853269117,45.995927030719145,0.1739225076768096,1.5823440551757812,258228.854778981,-19.20124509943698,1
2023-11-28,125.86740112304688,126.3948483972145,124.95636381295111,125.0522540054222,9568.971,-0.7672044087471761,-0.04796216469173942,0.19178539545306705,64.91845208133863,125.71397552490234,125.73315505981445,123.45795059204102,-34.52406190571068,-0.0634625215995342,0.39519708516229657,True,33.33333333333333,44.23021686320031,38.5170582781822,0.11176519572326482,2.15771484375,260780.54144273826,1.6240886996469341,0
2023-11-29,125.77151489257812,126.77845717704093,125.67562468592989,125.91537215208656,6617.577,0.8631181466643625,0.3836087798264316,0.7192608729787793,64.13628875077936,125.67561492919921,125.79069442749024,123.90867614746094,-41.3332732743266,0.03813881105197563,0.16229136221772988,False,16.666666666666664,40.38456810525512,31.978549607241508,0.04671213241684824,0.5753936767578125,255313.74814045345,54.30393600382023,1
2023-11-30,125.96331787109375,126.10716048992619,125.292013295147,125.91536545380852,10917.331,-6.698278042449601e-06,-0.6712966871147472,-0.38361139078288886,65.05504734411146,125.685205078125,125.86261901855468,124.23713073730468,-50.94317896666581,0.19069810085227357,0.1652300467891814,True,33.33333333333333,48.077089570463755,44.23062484630639,0.001507444160339988,0.7192459106445312,262378.087946327,-18.90422507599234,1
2023-12-01,126.39485931396484,126.39485931396484,125.43586950829445,125.6276645428239,5299.64,-0.2877009109846256,0.28769882403865665,0.14385621314744412,67.12234378984203,125.80028381347657,125.93933792114258,124.54160995483399,-34.61534910747595,0.470081214113181,0.4286128452307504,True,50.0,65.38465089252405,51.28210285608096,-0.013590849733963406,0.7671890258789062,267677.727946327,40.31019779069551,0
2023-12-04,125.91536712646484,126.58665707830572,125.53176241611044,126.39486203964024,4399.034,0.7671974968163511,0.19179776434087614,0.09589290781599402,62.631203265545366,125.98249206542968,125.97290420532227,124.7693702697754,-53.8460407958384,0.07622251557585875,0.003176102652199495,False,50.0,57.14289916975964,56.868213210915805,-0.06713662303904311,0.335662841796875,266478.0468748885,12.975293136319,0
2023-12-05,125.00432586669922,125.2440733159004,124.5727687517187,125.2440733159004,4777.966,-1.1507887237398506,-1.3425837624053258,-0.9589936643917412,55.00301969488958,125.80987701416015,125.76192626953124,124.95397644042968,-83.9281813322841,-0.6478635901462793,-0.6794062762908551,False,50.0,19.565642636832226,47.36439756637196,-0.16936100934093123,-2.1097793579101562,267843.2395317896,-223.35762918982715,1
2023-12-06,125.43586730957031,126.01125240307293,125.05226261421234,125.05226261421234,7137.049,-0.19181070168805547,0.7671790871725364,0.4794938624936407,57.667296877416526,125.7427474975586,125.70918121337891,125.12659454345703,-67.85694631686383,-0.24785753161500745,-0.3270380166298285,True,50.0,39.1305747422382,38.61303884961001,-0.210670936397241,-0.5274505615234375,266415.9604150598,-56.226324629286296,0
2023-12-07,124.66867065429688,125.2920081543593,124.66867065429688,125.24407037206424,2738.659,0.19180775785190463,-0.7192442487136361,-0.3835919599154636,51.72727078193685,125.48381805419922,125.5845115661621,125.25845527648926,-95.65206483938607,-0.7128364238756891,-0.7759878037676419,False,50.0,4.347935160613924,21.014717513228103,-0.2876558291443232,-1.2466964721679688,263677.30141505983,-139.28217069175352,1
2023-12-08,125.67561340332031,126.20306070811787,125.53175615672676,125.77150360135995,13023.952,0.5274332292957098,0.9110525537585801,0.8630855024298825,57.93168163997375,125.33996887207032,125.57012634277343,125.46463775634766,-49.999980099614646,0.12733813435768893,0.04453022255029419,True,50.0,50.000019900385354,31.15950993441248,-0.2690883660676344,-0.14385223388671875,256235.28646763624,34.41984199883475,1
2023-12-11,125.81946563720703,125.96332289480009,125.29201829208017,125.67562301263783,3129.838,-0.09588058872212457,-0.2397378133177881,-0.2397378646465853,58.757797460038475,125.32078857421875,125.65164031982422,125.58451194763184,-43.47810546694966,0.3185943262627241,0.16541673559157188,True,50.0,56.52189453305034,36.95661653134986,-0.246070988135068,0.8151397705078125,258023.7068471812,8.481202687527793,1
2023-12-12,126.10716247558594,126.63460980798206,125.96331985448859,126.49075255386121,5475.51,0.815129541223385,0.671286913181973,0.6713015624084164,60.45219462088376,125.54135589599609,125.67561645507813,125.70438575744629,-30.434702097914172,0.5223610331914816,0.37529540268205275,True,66.66666666666666,74.41862306534892,60.31351249959486,-0.21173042659720065,0.2397613525390625,254894.75873491963,99.70280357298542,1
2023-12-13,126.15510559082031,126.39485303031901,126.01124834730763,126.20305800532454,2940.436,-0.28769454853667753,-0.2397567776630467,0.04792849281903955,60.745381041944654,125.6852035522461,125.71397552490234,125.7523349761963,-28.261089783320337,0.4070703844952863,0.3368682181154585,True,83.33333333333334,76.74388063497271,69.22813274445731,-0.18691084795474455,0.3835906982421875,254159.733859543,86.52599646830267,1
2023-12-14,127.68949127197266,127.97719115041784,127.06615372952784,127.20999635223859,32006.517,1.0069383469140547,1.5823381200988251,1.0549053822202126,68.81663909534456,126.28936767578125,125.88659286499023,125.87460594177246,-8.450769168805671,1.3253846110690892,1.4347360602292125,True,83.33333333333334,91.54923083119432,80.9039115105053,-0.07407262067718734,1.7261734008789062,265951.33797186374,213.33299817514836,1
2023-12-15,128.21693420410156,128.69642910735774,128.1689817871713,128.1689817871713,18378.835,0.958985434932714,0.7192379569399066,1.102828057643464,71.04890040023778,126.7976318359375,126.06880035400391,126.00406913757324,-11.627895168438867,1.268697151218754,1.68911101655029,True,100.0,88.37210483156113,85.55507209924271,0.023926916675098386,1.8220748901367188,250914.29474853215,192.29685229403336,1
2023-12-18,128.4087371826172,128.4087371826172,127.1620620634459,128.16898971615748,6651.997,7.92898617874016e-06,-0.2876919247405567,-1.006919723725403,71.84835591738505,127.31548614501953,126.31813735961914,126.1455207824707,-6.9766154321400915,1.0566053943601414,1.6768978563900323,True,100.0,92.85726966765033,90.92620177680192,0.0860142609643535,2.4933700561523438,257566.29174853215,112.18083502831077,0
2023-12-19,127.92923736572266,128.3128420772277,127.30589982993426,128.3128420772277,5606.247,0.14385236107023047,-0.09589510538947366,0.14383776648836033,66.81643076454695,127.67990112304688,126.61062850952149,126.18627738952637,-18.604629757782167,0.40140344507120357,1.1947633436793388,False,83.33333333333334,80.952389509553,87.39392133625479,0.07930079717740934,2.9249114990234375,258901.02711250412,77.3596667716124,1
2023-12-20,128.264892578125,128.36079741643968,127.92924027704747,128.0730975345195,6615.835,-0.2397445427082232,0.04795533921196693,0.6233404471132076,68.50106903849077,128.10185852050782,126.89353103637696,126.30135612487793,-10.46489021925931,0.3815172952185132,1.3033780886502975,True,83.33333333333334,87.32419344644927,87.04461754121752,0.08165679770790968,2.8290252685546875,262576.3913007585,78.11178931385163,0
2023-12-21,127.16204833984375,127.25793853626452,126.6346010439508,126.7784436550932,5354.951,-1.294653879426292,-1.1028588801751624,-1.2946392330966745,57.955139494533036,127.99636993408203,127.14286880493164,126.36369018554687,-38.09515355489978,-0.6121175368552707,0.28992821119656464,False,66.66666666666666,54.929623633307266,74.40206886310317,-0.0024139293781086923,2.493377685546875,266283.8004488875,-5.3100834693288395,1
2023-12-22,127.4976806640625,127.64153790223291,127.16204304104198,127.16204304104198,6204.194,0.3835993859487843,0.3835993659683936,0.5274419970911879,59.99965055504246,127.85251922607422,127.32507553100587,126.44760093688964,-29.762173111057916,-0.32488766821063847,0.41855797874748013,True,66.66666666666666,56.139753943724514,66.13119034116035,-0.044442413027537375,1.8220672607421875,268765.2508445174,15.512708584821839,1
2023-12-25,128.02513122558594,128.31283107629284,127.49768393812701,127.54563635208187,8080.412,0.38359331103988836,0.671293174059926,0.3356408970850282,63.07767541951734,127.77579803466797,127.54564208984375,126.59864120483398,-19.718474596523503,0.1124819238974006,0.6123360675463593,True,66.66666666666666,74.99989975500652,62.023092444012754,-0.04557374539134429,2.2056655883789062,271141.82554397517,51.17327954498464,1
2023-12-26,128.74436950683594,128.88821211117676,128.02512721908823,128.02512721908823,16816.964,0.479490867006362,0.5753810348839181,0.5274432809612222,66.87003032025446,127.93882446289062,127.80936279296876,126.74248962402343,-3.9998568368863356,0.6308897846539754,0.9746392559613767,True,66.66666666666666,93.61723917526378,74.91896429133159,-0.00866891332062214,2.63720703125,282353.3249574912,106.98172376367326,1
2023-12-27,130.18287658691406,130.3267192161208,128.84029660423664,128.88823439195602,29950.035,0.8631071728677853,1.4385071049440512,0.8151693851484083,72.93530923418233,128.32242126464843,128.21213989257814,126.96305770874024,-3.296572632603069,1.4574095129648903,1.8125096512072554,True,83.33333333333334,96.10406215350896,88.24040036125973,0.09606345006035077,4.02777099609375,306506.7692102969,219.49341960535904,0
2023-12-28,130.18287658691406,130.4226240576082,129.89517669547624,130.18287658691406,14848.296,1.294642194958044,0.0959048414873962,1.0548800912395961,72.93530923418233,128.9265869140625,128.46147842407225,127.17403564453124,-5.434755197439426,1.2052781913990407,1.5427861294867753,False,66.66666666666666,93.67090775769442,94.46406969548904,0.14579744320842125,2.4933853149414062,307856.68919897743,172.67342068934693,0
2023-12-29,129.89517211914062,130.42261946269008,129.79928191405588,130.1349195813882,13111.608,-0.04795700552585913,-4.5949181242121995e-06,-0.09589478142035546,69.88983131648492,129.4060852050781,128.62930221557616,127.34905128479004,-13.924201003158995,0.6252744069018451,1.072663968545314,False,66.66666666666666,86.075798996841,91.95025630268145,0.139759456419573,1.6782379150390625,298779.0906465571,112.86569719154676,0
