Date,Close,High,Low,Open,Volume,Open_diff,High_diff,Low_diff,RSI_12,MA_5,MA_10,MA_20,W%R_12,BIAS_6,BIAS_12,up,PSY_6,K,D,MACD,MTM_10,AD,CCI_10,UpDown
2019-01-02,60.346168518066406,61.853802752726,60.26466973444893,61.81305336091726,8532.073,0.6111864587433473,0.32595927738420016,-0.7334625866808011,41.50890098011443,60.61510238647461,60.96145095825195,61.39744396209717,-72.72746472245332,-0.5150099297566955,-1.195316070229685,False,33.33333333333333,28.301916451319403,58.31914709456567,-0.023549656334309887,-1.5483932495117188,-10860.686643213787,-26.93470189996456,0
2019-01-03,59.77572250366211,60.30543363721589,59.694229917919785,60.14244846573123,13347.147,-1.670604895186031,-1.5483691155101056,-0.5704398165291451,38.191830603551004,60.54990997314453,60.802538299560545,61.19778461456299,-96.42863130115732,-1.1566446564762507,-1.9111738582943085,False,33.33333333333333,3.773551159233647,38.36503373407516,-0.0703958675593237,-1.5891265869140625,-20648.648752894223,-127.51704647596351,0
2019-01-04,58.838539123535156,59.32750704719548,58.67555396063866,59.32750704719548,21292.465,-0.8149414185357458,-0.9779265900204095,-1.0186759572811255,33.407164311789316,60.32987594604492,60.50101165771484,61.01646099090576,-94.93676830271377,-2.3664646343760154,-3.04386514288261,False,33.33333333333333,5.128143627467736,12.401203746006928,-0.1513131854288674,-3.0152664184570312,-31295.084312889434,-170.69315345500442,1
2019-01-07,60.264686584472656,60.346185390877224,59.69423224455661,59.93871622879834,14605.638,0.6112091816028595,1.0186783436817421,1.01867828391795,44.87230585784495,60.15059204101563,60.411369705200194,60.96960296630859,-50.632643308166735,-0.0900619340884971,-0.5435585455766972,True,50.0,50.000258878107616,19.633984554936333,-0.09817666690186011,-0.8964195251464844,-20341.064747419754,-37.536803842804034,0
2019-01-08,60.020198822021484,60.42766791624093,59.938706246674585,60.42766791624093,11006.7,0.48895168744258655,0.08148252536370393,0.24447400211797543,43.472562527760026,59.849063110351565,60.28505439758301,60.89625854492188,-57.69227177147073,-0.18071358100166887,-0.6966291103021753,False,33.33333333333333,42.30772822852927,32.47871024470154,-0.07019557744618199,-1.263153076171875,-27678.91140001429,-26.18593964916609,1
2019-01-09,61.120365142822266,61.24260711660492,60.26467754382873,60.26467754382873,11430.523,-0.16299037241219594,0.8149392003639946,0.3259712971541475,50.97912134170872,60.003902435302734,60.30950241088867,60.918668556213376,-23.076784036848196,1.763905527879837,1.1292757777856366,True,33.33333333333333,76.9232159631518,56.4104010232629,0.026524433619519172,0.24448013305664062,-19106.037318272014,65.47032885749364,0
2019-01-10,60.957374572753906,61.03886714220588,60.71289064691347,60.957374572753906,2823.283,0.6926970289251742,-0.203739974399042,0.44821310308473983,49.907986041499136,60.24023284912109,60.39507141113281,60.908481979370116,-28.20509779485687,1.3206830858861125,0.9049462311272204,False,33.33333333333333,71.79490220514313,63.67528213227473,0.08058626989386397,0.8556900024414062,-17694.36889344986,55.66007230283181,1
2019-01-11,61.5278434753418,61.73157805638597,61.24261630537715,61.36485829750085,10362.915,0.40748372474694605,0.6927109141800898,0.5297256584636756,53.62816891261554,60.77809371948242,60.553984832763675,60.87995948791504,-10.255939629261183,1.7748933760644858,1.7577490132869114,True,50.0,89.74406037073881,79.48739284634458,0.15170077548456795,1.5891342163085938,-15967.23835538535,100.08786381517177,0
2019-01-14,61.120365142822266,61.48708484668518,60.916630592346195,61.48708484668518,5298.405,0.12222654918432596,-0.24449320970079214,-0.3259857130309527,50.69445755463925,60.94922943115235,60.54991073608399,60.826988220214844,-23.076784036848196,0.4688510472862148,0.9421234700789044,False,50.0,76.9232159631518,79.48739284634458,0.16701955930869083,-0.040740966796875,-17481.051855875878,62.890241390922526,1
2019-01-15,61.65007781982422,61.77231979678391,61.161116129470685,61.161116129470685,11836.45,-0.3259687172144936,0.285234950098733,0.24448553712448984,54.24418581737119,61.27520523071289,60.562134170532225,60.83921222686767,-6.40997436729868,0.956407764188307,1.577712505922501,True,50.0,96.05259217429706,87.57328950272922,0.20599229912947348,0.12223434448242188,-10379.230018514329,95.83384275017545,0
2019-01-16,61.568580627441406,61.69081637775627,61.40558926454698,61.65007320014623,15342.503,0.4889570706755464,-0.08150341902764069,0.24447313507629786,53.59655562143757,61.36484832763672,60.68437538146973,60.82291316986084,-8.97419125886835,0.3986678854938759,1.3867099438676822,False,50.0,93.42090490134983,88.79890434626623,0.21827238081076256,1.222412109375,-8186.966102110585,83.58786136724865,0
2019-01-17,61.568580627441406,61.853807740650694,61.24260411913732,61.60932380505144,10020.739,-0.04074939509479236,0.16299136289442373,-0.1629851454096638,53.59655562143757,61.48708953857422,60.863661193847655,60.8330997467041,-8.974334114005458,0.2765150234900463,1.3810424891387387,False,33.33333333333333,86.79244537988305,92.08864748517665,0.2178817528370781,1.7928581237792969,-7518.876060952461,73.46479513255959,1
2019-01-18,61.894561767578125,62.01680375680519,61.44634943039333,61.73157659359926,8293.491,0.12225278854781862,0.16299601615449433,0.20374531125601436,56.09198154027573,61.56043319702148,61.169263458251955,60.8351375579834,-3.6585707948957866,0.5516370435199347,1.7017291039864237,True,50.0,94.11760090028783,91.44365039384024,0.22987660511243313,3.0560226440429688,-2779.78999939375,92.4484944960611,1
2019-01-21,62.342777252197266,62.50576241814997,62.13904268601361,62.22053526898996,10254.756,0.48895867539070537,0.48895866134478183,0.6926932556202772,59.369391245703035,61.80491561889649,61.37707252502442,60.8942211151123,-4.255255758549625,1.0568077039407338,2.0793993357506224,True,50.0,92.72739877814452,91.21248168610514,0.2562824215052808,2.0780906677246094,-1640.2953938529727,147.36597879239724,0
2019-01-22,62.216732025146484,62.51080036243449,62.006682297053764,62.51080036243449,8838.931,0.2902650934445248,0.005037944284516982,-0.13236038895984592,58.040330342536336,61.91824645996094,61.59672584533691,60.94089012145996,-10.44066129348814,0.5546478732623981,1.4055837430422844,False,50.0,83.64387628870534,90.16295865571256,0.2531044179710802,2.196533203125,-3113.4318283352704,133.71619662546865,0
2019-01-23,61.922672271728516,62.17473457055824,61.880666162063925,62.17473457055824,6407.442,-0.3360657918762442,-0.3360657918762442,-0.12601613498983966,54.91176360482281,61.98906478881836,61.67695655822754,60.99322948455811,-22.865729799790568,0.005956455078962999,0.6995347410112266,False,33.33333333333333,63.107562209425254,79.8262790920917,0.22025127471060826,0.80230712890625,-7690.3357389185285,64.89080352113955,1
2019-01-24,62.216732025146484,62.300750634341775,61.964669787351625,62.132707005742205,3500.506,-0.04202756481603842,0.12601606378353125,0.08400362528769989,57.41586515639875,62.11869506835937,61.8028923034668,61.098981857299805,-13.092264361151065,0.30587110195207595,0.8774575177287889,True,50.0,81.55351187773958,76.10165012529006,0.20755096059421804,1.2593574523925781,-5940.049355619198,78.76407371607992,1
2019-01-25,63.01492691040039,63.098945530905624,62.63683991302193,62.678846018169615,7320.778,0.5461390124274104,0.7981948965638495,0.6721701256703057,63.43002855002476,62.34276809692383,61.95160064697266,61.25279273986816,-3.5212358721883317,1.199426774984619,1.9107648260547918,True,66.66666666666666,95.6642922001793,80.10845542911471,0.23984749655214105,1.4870834350585938,-1281.3539825387843,163.56597962773475,1
2019-01-28,63.140968322753906,63.39302422529289,63.05694968857425,63.140968322753906,3825.143,0.46212230458429104,0.29407869438726664,0.4201097755523193,64.29859994699007,62.50240631103516,62.15366096496582,61.351785850524905,-10.178345606512462,1.0646791865490646,1.8149794612396568,True,66.66666666666666,88.27875995869482,88.49885467887124,0.2552122232921563,2.0206031799316406,-3193.9254825388653,161.01963595983128,0
2019-01-29,62.59482955932617,62.63684207613458,62.34276727889586,62.594829559326165,4419.79,-0.5461387634277415,-0.7561821491583132,-0.7141824096783864,57.80850644475681,62.578025817871094,62.24813613891602,61.40513515472412,-32.232140131007185,0.12319589145398283,0.7898203433706485,False,50.0,62.88191950577989,82.27499055488467,0.21568032690941102,0.9447517395019531,-36.987678022263935,47.81745374938133,0
2019-01-30,62.46879577636719,62.720858046134,62.34276464148379,62.59482691125059,5255.229,-2.6480755721536298e-06,0.08401596999942029,-2.6374120736250006e-06,56.37593681786151,62.68725051879883,62.338157653808594,61.51126651763916,-41.4097897066514,-0.1455007917328439,0.4052120786050978,False,50.0,52.522709424950946,67.89446296314189,0.17013115732839634,0.9002151489257812,-1788.7306780223958,33.698604475914465,1
2019-02-11,63.140968322753906,63.561067903863105,62.888906010004035,63.30900559111323,6614.9,0.7141786798626342,0.8402098577291071,0.5461413685202459,61.87309132474654,62.87209777832031,62.49539642333984,61.67952880859375,-18.119738763091586,0.6024233261514523,1.2833322115002173,True,66.66666666666666,75.00005084144911,63.46822659072665,0.17375014007829834,1.5723876953125,-3442.42413584161,123.6565570001965,1
2019-02-12,63.561058044433594,63.6450766655805,63.30899577078298,63.30899577078298,6164.15,-9.820330248544451e-06,0.08400876171739213,0.4200897607789429,64.88955442566194,62.98132400512695,62.66204605102539,61.91565475463867,-3.4971729966817473,0.9115122856833139,1.6863578378378559,True,66.66666666666666,95.23814775646318,74.25363600762108,0.19151370643134624,1.6664962768554688,-360.290350150422,129.27600671178766,0
2019-02-13,63.435035705566406,63.81312275827023,63.35101707276675,63.81312275827023,4157.7,0.504126987487254,0.16804609268973536,0.042021301983773185,63.251856714659795,63.040137481689456,62.77127189636231,62.07417221069336,-15.97478931550183,0.5996057975199574,1.232843908312211,False,50.0,80.43490066239698,83.55769975343641,0.1819235338966524,1.0922584533691406,-3006.1099273396812,102.37425320475597,0
2019-02-14,63.2249755859375,63.645075091491904,63.2249755859375,63.4350253387147,3641.542,-0.3780974195555302,-0.16804766677832816,-0.12604148682925143,60.4764302081575,63.16616668701172,62.87209625244141,62.23441104888916,-30.435207367003763,0.24421983274795714,0.719417990025683,False,33.33333333333333,68.1816534374447,81.28490061876829,0.1499135650746395,1.0082435607910156,-6647.651927339681,66.70510681402396,0
2019-02-15,63.05694580078125,63.519051465383576,62.930914652176796,63.26699557838517,3516.111,-0.16802976032953154,-0.12602362610832785,-0.2940609337607043,58.24617239732698,63.28379669189453,62.98552360534668,62.33124008178711,-39.13034626358321,-0.1441335564461173,0.3565952747069795,False,33.33333333333333,48.571919394599384,65.72949116481368,0.1078699121593148,1.1342735290527344,-8656.836314347833,27.98098647344115,1
2019-02-18,63.561058044433594,63.77110780240581,63.43502690760829,63.43502690760829,6596.163,0.16803132922311903,0.25205633702223196,0.5041122554314938,62.74300091697767,63.36781463623047,63.11995620727539,62.46142425537109,-13.043745165168424,0.36483673121580174,0.9788625362611122,True,50.0,82.85691689943255,66.5368299104922,0.10439001488129418,1.3443260192871094,-10305.845611511722,97.41547466336496,0
2019-02-19,63.435035705566406,63.60307297116571,63.435035705566406,63.60307297116571,2862.069,0.16804606355741925,-0.16803483124009944,8.79795811670192e-06,60.95275687434841,63.34261016845703,63.16196708679199,62.55678386688233,-20.454242474772393,0.08838501986465687,0.5772730378190104,False,33.33333333333333,74.28605668324134,68.57163099242442,0.08481191159126322,0.4201087951660156,-13167.914611511722,65.37327857279138,1
2019-02-20,64.14920043945312,64.27523158735278,63.77111340596465,63.77111340596465,34307.853,0.1680404347989395,0.672158616187069,0.33607770039824203,66.80771195151473,63.485443115234375,63.262790298461915,62.708225631713866,-6.5217750900768605,1.0589002563021546,1.4505590500899348,True,33.33333333333333,93.47822490992314,83.54039949753233,0.1095955538234677,1.0082321166992188,3985.7937644778613,144.35742705233872,1
2019-02-21,64.77935791015625,64.77935791015625,64.19122102632197,64.19122102632197,18664.815,0.42010762035732085,0.5041263228034722,0.42010762035732085,70.99426261310917,63.796319580078126,63.48124313354492,62.864689636230466,-0.0,1.6926903992248572,2.2094674681754385,True,50.0,100.0,89.25476053105483,0.15527414152419405,2.184528350830078,22650.60876447786,203.69025857471695,0
2019-02-22,64.6533203125,64.6533203125,64.27523326911884,64.6533203125,9881.017,0.46209928617803087,-0.12603759765625,0.08401224279687369,69.09278401773388,64.11559448242187,63.6996955871582,63.0189266204834,-5.172697441002109,1.1169482908569555,1.808158417129408,False,50.0,93.18141916922987,95.553214693051,0.1630422253642667,2.1845245361328125,32531.62576447786,132.92661231030786,1
2019-02-25,65.11544036865234,65.32549017629316,64.94740308662426,64.98940920202557,19365.354,0.3360888895255698,0.6721698637931581,0.67216981750542,72.08348287330332,64.42647094726563,63.897142791748045,63.19626960754395,-7.042210394133332,1.2961666612631693,2.197816606357444,True,66.66666666666666,91.22809844478277,94.80317253800422,0.18380476525283163,1.9744720458984375,30379.773841585862,151.06345080315953,1
2019-02-26,65.2834701538086,65.36749519538498,64.94739562834577,65.24146404323108,15903.051,0.25205484120550636,0.04200501909181753,-7.458278489025361e-06,73.11538071436627,64.79615783691406,64.06938400268555,63.36571502685547,-3.390035027667076,1.1060456897778899,2.0857260447427923,True,66.66666666666666,96.55151799473255,93.65367853624839,0.19243648951234704,1.722412109375,39921.21618350492,118.94232698719294,0
2019-02-27,65.24146270751953,65.28346881723704,64.98940040837229,65.28346881723704,12907.489,0.042004774005960144,-0.08402637814793934,0.04200478002651664,72.38566016180958,65.01461029052734,64.25002670288086,63.51064929962158,-5.17251474476197,0.5720444661639257,1.7415536179875382,False,66.66666666666666,94.82748525523803,94.20236723158445,0.17916967718852628,1.806427001953125,49141.17274025722,90.63922039168528,0
2019-03-04,64.6533203125,65.15744491728904,64.44327053057478,65.15744491728904,8469.57,-0.12602389994799523,-0.12602389994799523,-0.5461298777975117,62.810905535284235,64.9894027709961,64.3928611755371,63.63247871398926,-29.310538692254383,-0.4635174884252768,0.6814557788774446,False,50.0,63.04338408023051,84.80746244340035,0.11761133411002955,1.4283447265625,45653.66696601383,40.52030102028788,0
2019-03-05,64.48526763916016,64.61129876023617,64.23320539700813,64.35923651808415,9400.493,-0.7982083992048956,-0.5461461570528741,-0.21006513356664414,60.32368399391841,64.95579223632812,64.535693359375,63.76060848236084,-36.20760900697393,-0.6472693145798222,0.28308018386508205,False,33.33333333333333,54.3469055432749,70.73925829291447,0.055552869792091286,1.4283218383789062,48787.1646326805,-7.222913704901843,1
2019-03-06,64.6533203125,64.7373453534386,64.48528305104408,64.56930168177203,19579.792,0.21006516368788652,0.12604659320243172,0.2520776540359435,61.96666442944357,64.86336822509766,64.64491958618164,63.88243789672852,-29.310538692254383,-0.38834983410674956,0.3586549842005249,True,50.0,55.26290216926714,57.55106393092418,0.01775698821079741,1.0922622680664062,55313.098052953326,4.708859137508545,0
2019-03-07,64.40125274658203,64.7373336187846,64.35924023372816,64.61130249043246,18239.77,0.042000808660432654,-1.1734653995176814e-05,-0.12604281731591982,58.03436660315135,64.68692474365234,64.74154129028321,63.9517541885376,-50.000429756837605,-0.5944095294258619,-0.20615314727798253,False,33.33333333333333,17.85567733986445,42.48849501746883,-0.029701817948234788,0.966217041015625,41126.81643367326,-45.92330413247193,0
2019-03-08,63.855133056640625,64.14920146630674,63.68709579689159,64.02317031638967,9975.2,-0.5881321740427978,-0.5881321524778684,-0.6721444368365681,50.465326603382,64.40965881347657,64.71213455200196,63.98746242523193,-78.26100090130946,-1.0738622342330268,-1.0899605198665732,False,16.666666666666664,9.99984050813716,27.706140005756243,-0.09942731213445066,-0.2940673828125,38406.257025164065,-172.18970732459874,1
2019-03-11,63.981170654296875,63.981170654296875,63.6030771664431,63.72910832906103,4642.39,-0.2940619873286394,-0.16803081200986014,-0.08401863044849023,52.04015825723531,64.27522888183594,64.63231582641602,64.05677947998046,-78.57120695595486,-0.5549941109917936,-0.9645472047284047,True,33.33333333333333,21.428793044045136,16.428103630682244,-0.13633188660858653,-0.798187255859375,43048.647025164064,-137.67312763518956,1
2019-03-12,64.90538024902344,65.07341750435423,64.52729321942397,64.56929932815146,13857.468,0.8401909990904315,1.0922468500573501,0.9242160529808672,61.76432701613814,64.3592514038086,64.65752182006835,64.17860870361328,-26.19078578780275,0.8156633529717582,0.3681233887062067,True,50.0,73.80921421219725,35.07928258812651,-0.09948214555382062,0.2520599365234375,48378.49245715618,34.448195845509645,0
2019-03-13,64.77935791015625,64.86337654924526,64.52730199288925,64.73735179571739,10148.529,0.1680524675659285,-0.21004095510896548,8.773465282274628e-06,59.956015966736516,64.38445892333985,64.62391357421875,64.26052818298339,-33.33321670836885,0.5433691238188988,0.17324546628088464,False,50.0,70.0003920608265,55.07946643902295,-0.08513296123724601,-0.33608245849609375,53452.75695715575,24.084543617877664,0
2019-03-14,64.73735046386719,65.03141889973442,64.65332541629557,64.94740026237395,5208.756,0.21004846665655919,0.16804235048915928,0.12602342340632333,59.32442448765339,64.45167846679688,64.56930160522461,64.31934280395508,-35.71402701522422,0.45633355460951674,0.0974470891659863,False,33.33333333333333,72.97329070336002,72.26096565879459,-0.08008322851921723,-0.5461196899414062,50559.12136974928,53.044981954896556,1
2019-03-15,65.1994400024414,65.28345861896197,64.82135302299407,64.98939025603521,11483.751,0.04198999366126088,0.25203971922755386,0.16802760669850159,63.88928955796849,64.72053985595703,64.56509933471679,64.40756301879883,-9.524681236926172,0.9649586009597779,0.8010237899507767,True,50.0,95.00002714296664,79.32456996905104,-0.04877410944773386,-0.042022705078125,57866.99187877293,120.00932909115531,1
2019-03-18,65.61954498291016,65.61954498291016,65.24145797184401,65.32547659539092,12218.708,0.33608633935571675,0.3360863639481835,0.4201049488499393,67.50602944591643,65.04821472167968,64.6617218017578,64.52729148864746,-0.0,1.154873777391781,1.4066155761571242,True,66.66666666666666,100.0,89.32443928210888,-0.00521558184964277,0.9662246704101562,70085.69987877294,158.46044085119627,1
2019-03-19,65.87161254882812,65.87161254882812,65.40950046692842,65.61955024775364,8604.296,0.2940736523627123,0.25206756591796875,0.16804249508440705,69.50522110064603,65.24146118164063,64.80035629272462,64.6680248260498,-0.0,1.0526350285879413,1.7136118137422176,True,66.66666666666666,100.0,98.33334238098888,0.03302535984415522,1.3863449096679688,78689.99587877294,147.2676259221115,1
2019-03-20,65.95562744140625,65.99763995927468,65.70356515461614,65.8295962980112,11856.027,0.21004605025756007,0.12602741044655374,0.2940646876877224,70.17248343863672,65.47671508789062,64.93058700561524,64.78775329589844,-1.7544963946737349,0.9105478858821072,1.6729608843758692,True,66.66666666666666,98.24550360532626,99.41516786844208,0.05512868787186165,1.30230712890625,87158.43891513183,125.26245886459415,1
2019-03-21,66.50175476074219,66.50175476074219,66.08165524413637,66.2076863811601,11341.213,0.3780900831489049,0.5041148014675088,0.37809008952022793,74.1790273602015,65.82959594726563,65.14063720703125,64.94108924865722,-0.0,1.301190466182851,2.2499667804133856,True,83.33333333333334,100.0,99.41516786844208,0.09532386537770565,2.1005020141601562,98499.65191513184,133.9134317427196,1
2019-03-22,66.66979217529297,66.96386055563369,66.41773631080518,66.79582331264183,6930.357,0.5881369314817277,0.4621057948914995,0.336081066668811,75.29299743036283,66.12366638183593,65.42210311889649,65.06711883544922,-8.749995054323982,1.0613422231770708,2.244165611683519,True,100.0,87.93103822863497,95.3921806113204,0.12040548920716498,2.8146591186523438,97966.50998619146,130.73233972876028,0
2019-03-25,65.66156005859375,65.82959731223592,65.53552891325697,65.61954754007805,7020.756,-1.176275772563784,-1.1342632433977684,-0.8822073975482141,58.71318352047167,66.13206939697265,65.59014205932617,65.1112289428711,-38.74990876319416,-0.5830554774651207,0.5360206952721939,False,83.33333333333334,46.5516439065975,78.16089404507748,0.05935820825421245,1.680389404296875,96963.6322953356,18.276793603505755,1
2019-03-26,66.08167266845703,66.12367878506778,65.87162285476849,65.95564149820159,2700.09,0.33609395812354137,0.2940814728318628,0.33609394151152117,62.469822291337145,66.17408142089843,65.70777130126953,65.18264656066894,-26.249471775362544,-0.06351322272298861,0.8926370354948457,True,83.33333333333334,61.81889328766621,65.43385847429956,0.03854553193316612,1.1762924194335938,98763.76096322296,51.13796090119839,0
2019-03-27,65.95562744140625,66.1236646924595,65.70356515461614,65.91361492353782,2555.684,-0.04202657466376536,-1.4092608282112451e-05,-0.168057700152346,60.66321923137808,66.17408142089843,65.82539825439453,65.22465591430664,-41.37924280786864,-0.2752515718155587,0.44785317703399985,False,66.66666666666666,52.941443665065044,53.77066028644291,0.00909979091384161,1.17626953125,99274.9289605374,26.026918661819906,0
2019-03-28,65.95562744140625,66.03964606693287,65.66155904695795,65.787590190353,3415.432,-0.12602473318482055,-0.08401862552662465,-0.0420061076581959,60.66321923137808,66.06485595703126,65.94722595214844,65.25826377868653,-41.37939180463635,-0.2752515718155587,0.31414398707986035,False,50.0,41.46356236826484,52.0746331069987,-0.0161902217455423,1.2182769775390625,101172.40405083614,2.156448046729122,1
2019-03-29,66.50175476074219,66.50175476074219,65.74557434880974,66.12366134967101,5680.484,0.3360711593180099,0.46210869380931285,0.0840153018517924,65.76792091069362,66.0312484741211,66.07745742797852,65.32127838134765,-19.99994663677248,0.5504916080051245,0.924445089411328,True,50.0,70.2703512365388,54.89178575662289,-0.0026602896680597565,1.3023147583007812,106852.88805083613,63.572953072821676,1
2019-04-01,67.08989715576172,67.55200922693159,66.87984737981368,67.21592830337264,11053.405,1.0922669537016247,1.0502544661894007,1.1342730310039428,70.29644901374515,66.3169158935547,66.22449264526367,65.44310722351074,-16.92311432334541,1.3324845433398498,1.5149919518298263,True,50.0,77.08323418601765,62.939049263607096,0.037179337620077746,1.4703521728515625,102707.8348225654,184.47958910539904,1
2019-04-02,67.34196472167969,67.59402062641888,67.29995219911768,67.29995219911768,5605.092,0.0840238957450481,0.04201139948729349,0.4201048193040009,72.02663032955536,66.56897430419922,66.37152786254883,65.58594207763672,-10.714099547956279,1.2847588648277453,1.6218606787507985,True,66.66666666666666,87.7553111762579,78.36963219960478,0.0698886633761987,1.4703521728515625,98704.30240700128,155.79804418747545,0
2019-04-03,67.34196472167969,67.59402062641888,67.1739210416426,67.55201451406784,6867.174,0.25206231495015174,0.0,-0.12603115747508298,72.02663032955536,66.8462417602539,66.51016159057617,65.7203742980957,-11.538273228752724,0.9657869118559872,1.402223132151024,False,50.0,87.7553111762579,84.19795217951115,0.08016852378128303,1.3863372802734375,97330.99334871286,108.94848060518147,1
2019-04-08,67.97211456298828,68.05613319847507,67.80407088180372,67.8880959275015,7990.782,0.3360814134336607,0.46211257205618494,0.6301498401611241,76.158290745849,67.24953918457031,66.65719757080078,65.89891738891602,-3.3332735320457303,1.399631401994567,2.082028236010527,True,66.66666666666666,96.66672646795428,90.72578294015669,0.11588311301145582,1.4703598022460938,99994.72282473122,127.99483279398275,1
2019-04-09,68.39220428466797,68.39220428466797,67.93009224083646,68.01411086420308,15272.047,0.12601493670157993,0.33607108619290216,0.12602135903273393,78.47085305086443,67.62762908935547,66.82943878173828,66.12577095031739,-0.0,1.4119530717455702,2.4006655589819004,True,83.33333333333334,100.0,94.80734588140406,0.15199781258232248,1.722412109375,115266.76982473122,115.2726330238803,1
2019-04-10,68.47622680664062,68.5182393258209,68.14014588382975,68.14014588382975,10863.161,0.12603501962666996,0.12603504115293163,0.21005364299328733,78.91705307383114,67.90489501953125,67.11090545654297,66.35052375793457,-1.408534968842701,1.0434920347039245,2.2745078198358097,True,83.33333333333334,98.52932372267443,98.39868339687622,0.16467664400317927,2.814666748046875,123715.77226399323,105.75394942996681,0
2019-04-11,68.18216705322266,68.51824801867184,67.97211725109332,68.35020433084162,8272.43,0.2100584470118747,8.69285094040606e-06,-0.16802863273642288,73.13037893790032,68.07293548583985,67.32095489501953,66.51436309814453,-11.26760360501457,0.3400386516008696,1.643975058245321,False,66.66666666666666,88.23529726977767,95.58820699748402,0.13749802307332815,2.100494384765625,121806.73501819817,80.9906294280683,0
2019-04-12,68.14013671875,68.3081803626582,68.05611810190068,68.18214923227944,7498.409,-0.16805509856217782,-0.21006765601363497,0.08400085080735664,72.30370445139135,68.23256988525391,67.5394058227539,66.68240203857422,-13.235998166611394,0.08225268170990528,1.269492716842724,False,50.0,86.36293538501246,91.04251879248818,0.10253281431974481,2.18450927734375,119307.13822322348,64.48886768508667,1
2019-04-15,68.77030181884766,68.89633297828918,68.51824591017566,68.60226454639967,7681.554,0.42011531412022407,0.5881526156309747,0.46212780827498534,76.6254570378479,68.39220733642578,67.82087326049805,66.88404960632325,-3.8961350040822658,0.6558775887732614,1.8668388105418439,True,66.66666666666666,93.74995985407452,89.44939750295488,0.10718430642873544,2.8146743774414062,121867.56939951444,106.20504364753322,1
2019-04-16,68.9803466796875,69.02235919989947,68.72829078904749,68.77029689904886,7767.931,0.1680323526491918,0.12602622161028876,0.21004487887182677,77.88050328817782,68.50983581542968,68.06873245239258,67.07309494018554,-1.25007493156646,0.7156000430648853,1.797890745552207,True,66.66666666666666,97.72713411999737,92.61334311969479,0.10936755332531933,2.4785919189453125,127415.94640391745,122.98743604437192,1
2019-04-17,69.5264663696289,69.65249750007499,69.14837938850026,69.14837938850026,23104.837,0.3780824894514012,0.630138300175517,0.4200885994527681,80.80393614781087,68.71988372802734,68.3123893737793,67.26844100952148,-3.225841040801253,1.2335484581926337,2.1552241627956885,True,66.66666666666666,94.91518084837334,95.46409160748175,0.13108754221502084,2.4365692138671875,138968.21800694588,165.86526267604418,0
2019-04-18,69.48445129394531,70.0305818989342,69.2744015543503,69.65249493174693,20690.365,0.5041155432466695,0.3780843988592153,0.12602216585004555,79.91746327693049,68.98034057617187,68.52663803100586,67.44908294677734,-17.33343770078519,0.9254386597568782,1.7219962924618624,False,50.0,75.47146181685007,89.37125892840693,0.12608202301112814,2.142486572265625,129772.48074093474,136.5051319741413,1
2019-04-19,69.56848907470703,70.15662588933583,69.48446403529391,69.94657611122405,12515.659,0.29408117947711787,0.12604399040162662,0.21006248094360558,80.38696344927955,69.26601104736328,68.7492904663086,67.62972602844238,-19.71823712573008,0.7095184526541406,1.5379945366354044,True,66.66666666666666,73.58509200949256,81.32391155823865,0.11234490306285827,2.2265243530273438,120385.91552818971,121.67778344116212,0
2019-04-22,69.48445129394531,69.8205321593392,69.44244519215192,69.73651354554306,2874.312,-0.21006256568098536,-0.3360937299966338,-0.04201884314198878,78.3877734261994,69.40884094238281,68.9005241394043,67.77886085510254,-22.53573952884959,0.2626654952523538,1.1517496448846813,False,66.66666666666666,69.22994106668776,72.76216496434346,0.082872861014047,1.5123367309570312,118150.28538150077,82.19341706271449,1
2019-04-23,69.77852630615234,69.90455102219087,69.3584268254656,69.48445154150413,6012.031,-0.2520620040389332,0.08401886285167848,-0.08401836668632257,80.26169108178928,69.56847686767578,69.03915634155274,67.93429756164551,-16.07187002951831,0.44345633798161066,1.2804787528895474,True,66.66666666666666,82.69177898570017,75.16893735396015,0.06902483886628463,1.386322021484375,121387.61969480195,75.29008188827382,1
2019-04-24,69.90457153320312,70.19864638413715,69.65251561695985,70.0726152209099,3108.556,0.588163679405767,0.29409536194627606,0.2940887914942465,81.03074724436702,69.64409790039062,69.18199081420899,68.14644813537598,-12.963095979104654,0.40227063393690093,1.2268205890822463,True,66.66666666666666,86.27440051213443,79.39870685484078,0.05481499599816342,1.4283447265625,121148.44948247052,86.79706592336495,1
2019-04-25,70.0726089477539,70.11461505826162,69.73652801263881,69.82054664386492,3529.039,-0.2520685770449802,-0.08403132587552875,0.08401239567896823,82.048000501525,69.76172943115235,69.37103500366212,68.34599494934082,-5.660713552440265,0.512213862661672,1.264807177986913,True,66.66666666666666,92.4995595790262,87.1552463589536,0.04367818319699879,1.89044189453125,123893.32407410874,86.51054796056108,0
2019-04-26,69.2744140625,69.56848887919847,69.06436428497852,69.56848887919847,3815.09,-0.25205776466644636,-0.5461261790631511,-0.6721637276602905,64.20592144018332,69.70291442871094,69.48446273803711,68.51193428039551,-41.510003526145496,-0.582797312132606,0.01516393313211493,False,66.66666666666666,37.14225832691905,71.97207280602656,-0.026710943256344377,1.13427734375,123257.4434001857,-39.35579705657614,1
2019-04-29,69.56848907470703,69.69451381340569,69.31642677688869,69.4004454060913,3161.957,-0.1680434731071756,0.12602493420722283,0.2520624919101664,67.08290087208528,69.71972198486328,69.56428146362305,68.69257736206055,-29.41185489380474,-0.16076393242554105,0.27248896259884586,True,66.66666666666666,44.44439263411205,58.02873684668575,-0.0607813649205331,0.798187255859375,124311.50054531469,-12.455937336558565,0
2019-04-30,69.56848907470703,69.65250770390965,69.23240814768607,69.56848907470703,3247.891,0.16804366861573783,-0.04200610949604311,-0.08401862920261749,67.08290087208528,69.67771453857422,69.623095703125,68.84591407775879,-37.500424404460226,-0.18082832259909276,0.10075322538623455,False,66.66666666666666,44.44439263411205,42.01034786504771,-0.0889305454715128,0.5881423950195312,126260.25496886807,-57.46801775330534,1
2019-05-02,69.73652648925781,70.11461352662138,69.65250785986707,69.69451396945718,6155.563,0.12602489475014522,0.4621058227117345,0.42009971218099906,68.78882859779841,69.64410552978515,69.64410171508788,68.97824554443359,-31.42912479284699,0.07032817546547457,0.2264198555309855,True,66.66666666666666,59.258821485226434,49.38253558448351,-0.10096633431492141,0.21006011962890625,122343.06298916256,68.92659636274152,1
2019-05-03,70.3666763305664,70.40868885066888,69.82054562028706,69.82054562028706,30324.466,0.1260316508298871,0.2940753240474976,0.16803776041999186,74.24851555960905,69.70291900634766,69.73232421875,69.12948112487793,-3.1251768490074197,0.863106652463092,0.9644417868999826,True,66.66666666666666,96.87482315099258,66.85934575677702,-0.07255056726884512,0.8822250366210938,148335.2263403852,151.67610365934132,0
2019-05-06,69.14838409423828,69.40043996207395,68.93833433260355,69.40043996207395,7463.612,-0.4201056582131173,-1.0082488885949346,-0.8822112876835178,54.23802461026335,69.6777130126953,69.69031372070313,69.21980209350586,-85.71434582245409,-0.6638545188632996,-0.7387312097465045,False,50.0,14.2856541775459,56.80643293792164,-0.1380680478102564,-0.42010498046875,147656.7726312758,-131.86791521613398,1
2019-05-07,69.86256408691406,69.98859524773837,69.44246449097376,69.44246449097376,14011.442,0.042024528899816005,0.5881552856644277,0.5041301583702165,60.965648460353016,69.73652801513671,69.728125,69.31432456970215,-37.14238689002698,0.22098096255500765,0.24112115677435722,True,66.66666666666666,62.85761310997302,58.006030146170495,-0.1353859855008116,0.37811279296875,155201.34464378806,20.996284151929036,0
2019-05-08,69.3584213256836,69.61047714798323,69.1063590931751,69.23239020942934,13573.142,-0.2100742815444221,-0.37811809975514166,-0.33610539779866144,54.76554714520065,69.69451446533203,69.68611450195313,69.36263542175293,-71.4295438332253,-0.45223630447405383,-0.4572367436844104,False,50.0,28.5704561667747,35.237907818097874,-0.1675403089987929,-0.42010498046875,155201.5172356526,-68.6305363830497,0
2019-05-09,68.51823425292969,69.06435850057716,68.26617197693088,69.02235239471733,6923.673,-0.21003781471200966,-0.5461186474060753,-0.8401871162442234,46.219756284603356,69.4508560180664,69.54748077392578,69.36473579406739,-88.23522563166364,-1.4104390238850806,-1.549299175285005,False,50.0,11.764774368336356,34.397614548361354,-0.24090752610417032,-1.3863372802734375,152650.74887122348,-178.97535192085905,0
2019-05-10,68.47622680664062,69.02235750493199,67.97210862752954,68.5182393258209,11794.135,-0.5041130688964301,-0.042000995645167905,-0.29406334940134116,45.8296969627207,69.07276611328125,69.38784255981446,69.37943878173829,-79.3104214536564,-1.172188707896912,-1.4559936169886953,False,33.33333333333333,20.689578546343594,20.341603027151546,-0.2847731196915706,-1.5963821411132812,152178.95467694852,-151.86336953535644,0
2019-05-13,67.34196472167969,68.14015136867025,67.29995219911768,68.14015136867025,18678.106,-0.3780879571506546,-0.8822061362617433,-0.6721564284118529,36.705244265083586,68.71148223876953,69.19459762573243,69.33953018188477,-98.6485660488147,-2.09689494473101,-2.7895606757007796,False,16.666666666666664,1.3514339511853035,11.268595621955079,-0.37690424408961487,-1.9324493408203125,135368.77327906017,-181.86068131995165,0
2019-05-14,66.92186737060547,67.25794833168631,66.29171797240808,66.87985484664118,20279.63,-1.2602965220290656,-0.8822030369839382,-1.0082342267096038,33.97242170774098,68.12334289550782,68.92993545532227,69.24710845947266,-84.6938582557185,-2.179908903590432,-3.0284469860417738,False,16.666666666666664,15.306141744281499,12.449051413936793,-0.44802223645084427,-2.6466217041015625,141540.79948599564,-167.1101466502263,1
2019-05-15,67.0058822631836,67.21593205084248,66.75381995390862,66.9218636301622,17261.839,0.04200878352102677,-0.042016280843824916,0.4621019815005383,35.0277943205371,67.65283508300782,68.67367477416992,69.14838523864746,-82.65316146522731,-1.370704962456981,-2.6400087627663216,True,16.666666666666664,17.346838534772687,11.334804743413159,-0.4690490830727226,-2.5626068115234375,143110.14464906915,-115.04769700726462,0
2019-05-16,66.4177474975586,66.87985319872372,66.3757349746295,66.79583456307651,17099.974,-0.12602906708569606,-0.3360788521187601,-0.378084979279123,31.217271795653332,67.2327377319336,68.341796875,68.99294929504394,-96.93878026157535,-1.5259979696646475,-3.1249904078831827,False,16.666666666666664,3.409080577046046,12.020686952033406,-0.4994034711099549,-3.3187789916992188,128860.34751404086,-109.85633084452164,0
2019-05-17,65.7455825805664,66.83784402458342,65.7455825805664,66.79583150357865,23573.826,-3.0594978568387887e-06,-0.04200917414030414,-0.6301523940630887,27.488919354743544,66.68660888671874,67.8796875,68.806005859375,-100.0,-1.8501130202570844,-3.6577218227615957,False,16.666666666666664,0.0,6.918639703939573,-0.538237320643564,-4.62109375,105286.52151404085,-108.2510851024055,0
2019-05-20,65.70355987548828,66.20768440856325,65.66155377120518,65.95562214202577,14304.763,-0.8402093615528798,-0.6301596160201655,-0.0840288093612287,27.266816990214735,66.35892791748047,67.535205078125,68.61275939941406,-99.11512725928479,-1.2314693774229901,-3.2427855213208447,False,16.666666666666664,1.0637356128539692,1.4909387299666672,-0.5389092422409847,-3.44482421875,93182.28463442075,-101.71759748022505,1
2019-05-21,65.87161254882812,65.91361865886681,65.28346931639118,65.53553161746567,19814.843,-0.4200905245601092,-0.2940657496964434,-0.378084454814001,29.743288378397125,66.148876953125,67.1361099243164,68.4321174621582,-87.49994705734586,-0.6127190401932918,-2.4572289853369638,True,33.33333333333333,15.555685548704458,5.539807053852805,-0.5009919804375115,-3.9909515380859375,110355.39044816178,-96.96184320214299,0
2019-05-22,65.87161254882812,66.08166232965334,65.61955024775364,65.7035688780416,10557.991,0.16803726057592883,0.16804367078653115,0.33608093136246,29.743288378397125,65.92202301025391,66.78742904663086,68.236771774292,-87.49994705734586,-0.34953759577811855,-2.0612095981918115,False,33.33333333333333,15.730431154361021,10.783284105306478,-0.45045831854130813,-3.4868087768554688,111315.26106841405,-78.39917352881649,0
2019-05-23,64.6533203125,65.40950080947295,64.56930168177203,65.40950080947295,25682.577,-0.29406806856864875,-0.6721615201803957,-1.0502485659816045,22.98990901724079,65.56913757324219,66.40093765258788,67.97420921325684,-98.33335238396069,-1.6089530298229717,-3.248115980538518,False,16.666666666666664,2.35290303695057,11.213006580005347,-0.4713878782901587,-3.8649139404296875,90769.12109140921,-132.87013494093313,1
2019-05-24,64.98939514160156,65.11542628096156,64.69532675656826,64.7373392730916,6029.424,-0.6721615363813385,-0.2940745285113877,0.1260250747962317,27.91538088767365,65.41790008544922,66.05225448608398,67.72004852294921,-90.65432369904504,-0.7378954384645694,-2.2123997469907493,True,33.33333333333333,15.62471810280182,11.236017431371133,-0.43574157562950394,-3.4868316650390625,93180.85389072559,-115.53037933288142,0
2019-05-27,64.82136535644531,65.11543377532398,64.56930304871459,65.11543377532398,11541.072,0.37809450223237207,7.494362421311962e-06,-0.12602370785367611,26.974378971194994,65.24146118164063,65.80019454956054,67.49739608764648,-94.3395348119752,-0.7610591860103638,-2.0110037528691316,False,33.33333333333333,9.523947039185916,9.16718939297943,-0.39768089216470104,-2.520599365234375,92293.16248356341,-110.25130207557535,0
2019-05-28,64.77935791015625,64.90538907389539,64.56930810732811,64.90538907389539,9812.31,-0.21004470142858622,-0.21004470142858622,5.058613524511202e-06,26.72865214094398,65.02301025390625,65.58594360351563,67.25793952941895,-94.11747212001295,-0.5909450554802737,-1.6163266822698599,False,33.33333333333333,9.091172685097499,11.413279275695073,-0.35115327905455196,-2.1425094604492188,94746.19319500151,-93.58462144826858,0
2019-05-29,64.48526763916016,64.52728014958852,64.10718068614122,64.27521790743651,9659.519,-0.6301711664588794,-0.37810892430687204,-0.4621274211868922,24.9900089161504,64.74574127197266,65.33388214111328,67.0037784576416,-88.00016391073716,-0.6901208605942226,-1.7075994166952848,False,16.666666666666664,13.845974628078068,10.82036478412049,-0.3170448004442349,-2.5206146240234375,102473.69048095145,-106.96402640654269,1
2019-05-30,65.03141784667969,65.11543648267964,64.4852870973634,64.4852870973634,7658.659,0.21006918992688384,0.5881563330911206,0.37810641122217703,33.72394607049186,64.8213607788086,65.19524917602538,66.76852302551269,-70.26982694618673,0.3674201093670491,-0.6365239818035715,True,33.33333333333333,44.000738997632205,22.312628770269253,-0.23816362393445034,-1.3863296508789062,108090.07157744818,-42.63486849317604,1
2019-05-31,65.91361999511719,65.91361999511719,64.94739611190168,64.98940222279195,7566.31,0.5041151254285552,0.7981835124375465,0.4621090145382851,45.00735065267712,65.00620574951172,65.21205291748046,66.54587020874024,-34.84844312560278,1.400258998512099,0.8516789692496363,True,50.0,91.48929365394115,49.77866909321714,-0.11336599652491608,0.16803741455078125,115656.38157744818,60.878611689528874,1
2019-06-03,65.99764251708984,66.0816611458727,65.24146203762311,65.7035677010341,6017.694,0.7141654782421512,0.1680411507555135,0.2940659257214264,45.963199687403524,65.24146118164063,65.24146118164063,66.38833312988281,-30.769135677226938,1.2677289933391174,1.0343578062417933,True,50.0,95.744715437615,77.0782493630628,-0.01701050011818961,0.2940826416015625,120470.55514199294,89.96334213387193,0
2019-06-04,65.5775375366211,66.03964316179423,65.53552502060083,65.9136120239434,7228.829,0.21004432290929742,-0.042017984078469794,0.2940629829777208,41.98296694323191,65.40109710693359,65.21205368041993,66.17408180236816,-29.99979791588059,0.42890423226364427,0.4127547430522286,False,50.0,74.46803756568119,87.23401555241246,0.024333436148674448,-0.29407501220703125,114446.6075749495,80.8012216961961,1
2019-06-05,65.78760528564453,66.33372968198366,65.74559275813613,66.24971103717853,7051.894,0.3360990132351276,0.29408652018942405,0.21006773753529728,44.599936031187774,65.66156463623047,65.20365295410156,65.99554100036622,-24.527840948431177,0.4919997165731078,0.7236100135907576,True,66.66666666666666,75.47215905156882,81.894970684955,0.06919056538883528,-0.08400726318359375,108402.19288341801,110.9807678640449,0
2019-06-06,65.2834701538086,65.4095013059625,65.07342037028899,65.2834701538086,7456.203,-0.9662408833699345,-0.924228376021162,-0.6721723878471408,39.8893379787559,65.71197509765625,65.26666793823242,65.83380279541015,-47.169836825337235,-0.4803135750517002,0.026817141395214215,False,66.66666666666666,52.830163174662765,67.5901199306376,0.06816175244250522,0.6301498413085938,110266.20807960718,7.223762961699719,1
2019-06-10,66.4177474975586,66.4177474975586,65.82960422760617,66.08166654475878,7666.763,0.7981963909501815,1.0082461915961005,0.7561838573171826,52.26434725147027,65.81280059814453,65.40950317382813,65.73087882995605,-0.0,0.8934333982860091,1.693834809651158,True,66.66666666666666,100.0,76.10077407541053,0.14283075410687518,1.4283523559570312,117932.97107960719,114.36342345729437,1
2019-06-11,66.7118148803711,67.04789582789604,66.41774645511586,66.54377120150318,10623.986,0.46210465674440115,0.6301483303374482,0.5881422275096924,54.890832659731586,65.95563507080078,65.5985481262207,65.69937133789062,-11.428544803710487,1.135762016818549,1.876508949847858,True,66.66666666666666,88.5714551962895,80.46720612365077,0.20708563000327485,1.8904495239257812,117224.66211716403,141.02565924131827,1
2019-06-12,66.9638671875,67.0478922275274,66.58578014821894,66.71181129804948,9258.296,0.16804009654630647,-3.6003686432195536e-06,0.1680336931030837,57.09803279903472,66.23290100097657,65.81699905395507,65.70147132873535,-2.857421965253639,1.2706393683923118,2.005112930325889,True,66.66666666666666,96.72097267932993,95.0974759585398,0.25829149283768893,2.18450927734375,123116.11822347561,131.53934760654178,0
2019-06-13,66.4177474975586,66.83784708600562,66.3337224517004,66.71181592742931,5914.941,4.629379830589642e-06,-0.21004514152177478,-0.25205769651854837,51.1789551371639,66.35892944335937,66.01024703979492,65.6720645904541,-21.42840431533324,0.2324632141130224,0.9686081498320201,False,66.66666666666666,70.0000754325672,85.09750110272888,0.24710802040590657,1.9324798583984375,119172.9245056075,75.84931262590078,0
2019-06-14,66.29170989990234,66.5017596737232,66.20769127241608,66.3757285273886,3164.087,-0.3360874000407108,-0.3360874122824242,-0.12603117928431118,49.87718101237655,66.56057739257812,66.13627624511719,65.66576271057129,-25.71435489472323,-0.08442834356832797,0.5842952265190721,False,50.0,61.70193328661834,76.14099379950515,0.22365182599417283,1.2602920532226562,117816.86751362919,35.99527627409311,0
2019-06-17,66.12366485595703,66.33371462539807,65.61954669134057,65.91361508651599,6141.128,-0.4621134408726135,-0.16804504832512634,-0.588144581075511,48.09774218508724,66.50176086425782,66.15728073120117,65.68466682434082,-36.066019791749746,-0.5476102488403624,0.12190679662087334,False,50.0,53.1910630553432,61.631023924842914,0.19054237484147474,0.21004486083984375,120345.56079346694,-19.386460302741426,1
2019-06-18,66.29170989990234,66.3757285273886,66.03964760723316,66.20769127241608,2890.377,0.29407618590009577,0.042013901990529234,0.4201009158925899,50.04209012340487,66.41773986816406,66.18668746948242,65.71407432556153,-36.00028708576739,-0.2633534271710593,0.2169852646555882,True,50.0,61.70193328661834,58.86497654285996,0.17413230114482642,0.2940673828125,121790.77685814498,9.113935278823787,1
2019-06-19,67.84608459472656,67.88809711831237,67.17392267862006,67.21593520220588,21832.509,1.0082439297897992,1.5123685909237707,1.1342750713868952,63.74640621643942,66.59418334960938,66.41354217529297,65.81279792785645,-1.492623393265825,1.785722052614329,2.317728743114036,True,50.0,98.50737660673417,71.13345764956523,0.2571247537590607,2.2685470581054688,141054.61706149887,186.84970064781024,1
2019-06-20,67.93008422851562,68.05611535380528,67.7620470016023,67.84606561505896,11581.994,0.6301304128530774,0.16801823549290873,0.5881243229822388,64.32336818867759,66.89665069580079,66.62779006958007,65.91572151184081,-4.225411112640124,1.6661231521648774,2.196216386073736,True,50.0,94.8275159558947,85.0122752830824,0.3036482419576395,2.1424789428710938,142709.04336519344,157.1507926306272,0
2019-06-21,67.93008422851562,68.2241525807186,67.88807812689195,68.14013396726195,15343.532,0.29406835220298433,0.16803722691331302,0.1260311252896571,64.32336818867759,67.22432556152344,66.89245147705078,66.07955970764161,-9.333333732062023,1.2840448313693318,1.8956880160109904,False,50.0,88.70967951803283,94.01485736022056,0.31882211549881906,2.6466140747070312,131201.10170607964,128.00301907031132,1
2019-06-24,68.22415924072266,68.47622151590814,67.80405972222015,67.8880847540886,16600.747,-0.2520492131733505,0.2520689351895413,-0.08401840467180932,66.54185014196042,67.64442443847656,67.07309265136719,66.24129791259766,-7.40749354425225,1.2363597089731615,2.0260612491476864,True,66.66666666666666,91.17637495812507,91.57119014401752,0.33159173856494184,1.8064117431640625,135351.20929785143,105.3323116449975,0
2019-06-25,67.84608459472656,68.3922153502867,67.7200534341802,68.18216555277981,7941.128,0.29408079869121195,-0.0840061656214317,-0.08400628803994437,61.20407376797946,67.9552993774414,67.18651962280273,66.39253387451171,-22.05840565969782,0.24830823107966107,1.1376790262114886,False,66.66666666666666,77.94159434030219,85.94254960548669,0.29853423370076637,1.1342697143554688,130388.02323090384,70.29077255173284,0
2019-06-26,67.51000213623047,67.7200519290689,67.42598350113728,67.7200519290689,5913.352,-0.4621136237109056,-0.6721634212178031,-0.29406993304291973,56.78665433178939,67.8880828857422,67.24113311767579,66.52906608581543,-33.823218917607534,-0.5466633957651986,0.5003197327175883,False,50.0,66.17678108239247,78.43158346027325,0.24048552529777895,0.5461349487304688,127853.69268764518,27.149307135339303,1
2019-06-27,68.47622680664062,68.56024543479074,67.67804022389893,67.67804022389893,15351.329,-0.042011705169969105,0.8401935057218424,0.25205672276165103,64.76306147865299,67.99731140136718,67.44698104858398,66.72861404418946,-2.8570974275162997,0.7209118989571965,1.7160700689308392,True,50.0,97.1429025724837,80.42042599839279,0.25237790727467824,2.0584793090820312,140280.99089087103,75.85696061473047,0
2019-06-28,67.97211456298828,68.51824530896886,67.93010204013939,68.43422026327109,3940.686,0.7561800393721541,-0.04200012582188606,0.252061816240456,58.60605519936728,68.00571746826172,67.61502151489258,66.87564888000489,-19.99969813679177,-0.030881606563163837,0.8413946745604756,False,33.33333333333333,76.66700870037835,79.99556411841816,0.21307590422131895,1.6804046630859375,136903.29071214824,61.811091688338905,1
2019-07-01,69.44246673583984,69.56849790073836,68.93834848645709,68.93834848645709,13771.395,0.5041282231860009,1.0502525917695067,1.008246446317699,68.2196121277712,68.24937896728515,67.94690170288087,67.05209121704101,-3.191509801351544,1.7543966212901496,2.6389482618718207,True,50.0,94.73680493582364,89.51557206956188,0.26926659164042155,3.3188018798828125,145166.07167619854,198.7652831256508,0
2019-07-02,69.2744140625,69.48446384002149,69.232407953122,69.44245773064348,5209.29,0.5041092441863952,-0.08403406071687414,0.294059466664919,66.29974246375113,68.53504486083985,68.24517211914062,67.21592979431152,-7.447137800499995,1.248455406570882,2.0157732327674496,False,33.33333333333333,86.27389210111632,85.89256857910611,0.27719175606076013,2.9827041625976562,141693.07919508134,167.0909076532345,0
2019-07-03,68.47622680664062,69.19039476123221,68.35019565931024,69.19039476123221,8615.424,-0.25206296941126993,-0.2940690787892777,-0.8822122938117616,57.862379798406444,68.72828979492188,68.30818634033203,67.3608642578125,-30.9526050483935,-0.07152845264233586,0.5500435211385556,False,33.33333333333333,49.01919472274676,76.67663058656224,0.21360408248010654,0.6301422119140625,135662.3086872688,48.711429391228094,1
2019-07-04,68.89633178710938,69.0643690566521,68.72829451756665,68.72829451756665,5777.556,-0.46210024366556013,-0.12602570458011542,0.37809885825640777,60.73169729981754,68.81231079101562,68.40481109619141,67.51630058288575,-28.07036953445018,0.20366860930557426,0.8455106577195688,True,50.0,68.62723005482992,67.97343895956432,0.18578863585508154,0.96624755859375,135662.3086872688,62.24249979037764,0
2019-07-05,68.81232452392578,69.1904116479832,68.72830587526991,68.98036182123752,1612.933,0.25206730367087005,0.12604259133109963,1.1357703257885987e-05,59.84276674511843,68.98035278320313,68.49303512573242,67.6927433013916,-35.29373603992468,1.6630877941274708e-05,0.6039756129833382,False,33.33333333333333,64.70626396007532,60.78422957921733,0.149257944163519,0.8822402954101562,134635.89271014332,51.48299845971287,0
2019-07-08,68.56024169921875,68.89632260371793,68.39220445207421,68.72828535657338,3859.058,-0.25207646466414246,-0.29408904426526306,-0.3361014231957,57.10653302082248,68.80390777587891,68.52664337158203,67.79986801147462,-47.059483087130836,-0.5080407368498738,0.1585330442409873,False,33.33333333333333,52.94051691286916,62.0913369759248,0.09811332620139102,0.33608245849609375,133349.50732975334,7.158679303934572,0
2019-07-09,68.47622680664062,68.68627658212112,68.39220817849052,68.68627658212112,4083.155,-0.04200877445225615,-0.21004602159680985,3.726416309746128e-06,56.172701734124715,68.64427032470704,68.58965759277343,67.88808860778809,-50.98080527725324,-0.39719313081105734,-0.030670104611860417,False,16.666666666666664,42.22187000113874,53.28955029136106,0.05099215043215255,0.6301422119140625,131599.5583280093,-16.552243862063342,1
2019-07-10,69.06436920166016,69.10638172423951,68.7703007742375,68.85431940918527,4427.73,0.16804282706414142,0.4201051421183877,0.3780925957469776,61.03829049677464,68.76189880371093,68.7450942993164,67.9931137084961,-23.529769469557476,0.5094754144192667,0.7250060439810507,True,33.33333333333333,69.23034834243872,54.79757841881553,0.05164224656728145,1.5543670654296875,134920.2924890653,44.82712331923035,1
2019-07-11,69.6104965209961,69.77854019283893,69.31642810803444,69.4424592593639,10379.773,0.588139850178635,0.6721584685994202,0.5461273337969459,64.97691905464572,68.90473175048828,68.85852127075195,68.15275115966797,-7.143023266371911,1.0263143252672164,1.3042552844223168,True,50.0,88.23507438869173,66.56243091075639,0.07940136423377309,1.1342697143554688,137751.0087767609,137.5055338763653,0
2019-07-12,69.5264663696289,69.73651611696917,69.48445385607702,69.6104849865231,2972.505,0.16802572715920405,-0.042024075869761646,0.16802574804258086,63.89277111037108,69.04756011962891,69.01395645141602,68.31448898315429,-12.000658268861233,0.7507963183893799,0.9351323067681802,False,33.33333333333333,82.35202940936918,79.93915071349987,0.08230056320139623,1.554351806640625,135769.3891727224,110.35053825437437,1
2019-07-15,69.90457153320312,70.03060269643039,69.10638484978253,69.61050309248034,9336.043,1.8105957238390147e-05,0.2940865794612222,-0.3780690062944956,66.62616124335257,69.31642608642578,69.06016693115234,68.5035343170166,-6.000053503901742,1.0321897632061843,1.3089849118415886,True,50.0,92.49996218515858,87.69568866107316,0.09877088248061583,0.46210479736328125,142559.20919402223,108.43524003636769,1
2019-07-16,70.03059387207031,70.11461250023112,69.8625566157487,69.90456272472389,5503.245,0.29405963224354537,0.08400980380072554,0.7561717659661724,67.52017586233265,69.62729949951172,69.13578491210937,68.690478515625,-4.761835537511366,0.8571123059638712,1.2399361376064382,True,66.66666666666666,95.12202533826343,89.99133897759707,0.1065714599205031,0.7561798095703125,144393.62419402224,126.65026087827876,0
2019-07-17,69.56848907470703,69.94657611122405,69.56848907470703,69.94657611122405,10598.53,0.042013386500158845,-0.16803638900707085,-0.2940675410416702,60.985194233116395,69.72812347412109,69.24501113891601,68.77659873962402,-30.952063756037234,-0.07039708250467253,0.5566264094091987,False,66.66666666666666,68.2930286984855,85.30500540730249,0.07075329420071119,1.0922622680664062,133795.09419402224,65.04590926535668,0
2019-07-18,69.48445129394531,69.69450103354032,69.40043268014918,69.40043268014918,7541.026,-0.5461434310748672,-0.2520750776837275,-0.16805639455785126,59.836252897927636,69.70291442871094,69.3038230895996,68.85431709289551,-35.71498478539322,-0.29138671469047,0.409752146848722,False,50.0,63.41394207022428,75.60966536899106,0.033439485434267224,0.5881195068359375,130563.17894201125,32.992952195637066,1
2019-07-19,70.33184051513672,70.7131551367761,70.33184051513672,70.33184051513672,9780.922,0.9314078349875388,1.0186541032357752,0.9314078349875388,66.73089177405393,69.8639892578125,69.45577468872071,68.97440490722656,-16.429242730263105,0.7507836612871733,1.4076842388900102,True,50.0,83.57073089162522,71.75923388677832,0.056509568025224555,1.5195159912109375,120782.25694201124,146.0194480932781,1
2019-07-22,70.67079162597656,70.75552749166278,70.41657756398575,70.41657756398575,8368.544,0.08473704884903555,0.04237235488668034,0.08473704884903555,69.04930274992894,70.0172332763672,69.66682968139648,69.09673652648925,-3.585454221313923,0.9605001912295482,1.6796103279157946,True,66.66666666666666,95.73167815330885,80.90545037171944,0.08364160290296163,2.1105499267578125,124966.60875036183,148.40435739388835,1
2019-07-23,70.84024810791016,71.09446211517754,70.75551226046461,70.84024810791016,5899.116,0.42367054392440195,0.3389346235147599,0.33893469647885865,70.18256200451897,70.17916412353516,69.90323181152344,69.24644470214844,-9.407467346227621,0.977623170240617,1.6762006784711379,True,66.66666666666666,87.21307206252521,88.83849370248642,0.10088989730068376,2.3640213012695312,122016.99449222234,140.08813814363998,0
2019-07-24,70.79790496826172,71.09448375706812,70.79790496826172,70.96737671474175,3364.336,0.12712860683159022,2.1641890583623535e-05,0.0423927077971058,69.48899519649767,70.4250473022461,70.07658538818359,69.41083984375,-10.975149653778491,0.7336377175956683,1.344187406703209,False,50.0,85.0822920469622,89.34234742093209,0.0972925650209232,1.7335357666015625,118652.65849222234,107.36257236122745,1
2019-07-25,71.00973510742188,71.00973510742188,70.67078521051457,70.79789222997125,4931.659,-0.16948448477049283,-0.08474864964624373,-0.12711975774715256,71.05032971149811,70.7301040649414,70.21650924682618,69.53751525878906,-3.6463845692144434,0.6908998834805923,1.3411426262860822,True,66.66666666666666,95.73720153782723,89.34418854910489,0.09681717131153489,1.3992385864257812,123584.31749222234,84.86555112977592,0
2019-07-26,70.5436782836914,70.670785303315,70.50130712217302,70.670785303315,3129.687,-0.12710692665625345,-0.3389498041068748,-0.16947808834154898,63.27830826480929,70.77247161865235,70.31823043823242,69.66609344482421,-27.70513435514853,-0.21974107833343595,0.4992017035252064,False,66.66666666666666,67.48589928123702,82.76846428867547,0.05484164091818067,1.0172119140625,122019.53368489831,34.5598684949466,1
2019-07-29,70.7131576538086,70.7131576538086,70.37421418470093,70.41657888587325,3042.246,-0.25420641744175043,0.04237235049359356,-0.12709293747208505,64.80555277347412,70.78094482421875,70.39908905029297,69.72962799072266,-19.18043925592016,-0.06985090124589174,0.6089435509045111,True,66.66666666666666,77.49028299943215,80.23779460616548,0.029488495477014043,0.8085861206054688,125061.77968489831,30.34303645824114,0
2019-07-30,70.50131225585938,70.92499804216847,70.50131225585938,70.84026217789305,2083.374,0.4236832920198026,0.2118403883598745,0.12709807115844285,61.32753229189819,70.7131576538086,70.44616088867187,69.79097290039063,-29.83611625332154,-0.3294399047036808,0.19173128410844356,False,50.0,64.98502853363924,69.98707027143614,-0.008519473427018087,0.4707183837890625,122978.40568489832,30.80417708532179,0
2019-07-31,70.1623764038086,70.45895519338536,69.86579114929908,70.45895519338536,3119.262,-0.3813069845076882,-0.4660428487831041,-0.6355211065602901,56.07491701532563,70.58605194091797,70.50554962158203,69.87528038024902,-55.022387811045135,-0.6499228702737314,-0.3203750247322761,False,33.33333333333333,24.138279390158107,55.53786364107649,-0.06055799824880803,0.5938873291015625,122978.43968193374,-84.78681905323582,0
2019-08-01,69.73867797851562,69.95052085637876,69.56919979726618,69.65393565542512,5042.943,-0.8050195379602485,-0.5084343370066051,-0.2965913520329053,50.21028593302661,70.33184051513672,70.53097229003906,69.91739768981934,-80.03334710653294,-1.0024086073692797,-0.8880695290130473,False,33.33333333333333,11.111254410060964,33.41152077795277,-0.12393398371790232,0.2542266845703125,122418.1696807638,-208.42747584464152,0
2019-08-02,68.59474182128906,68.80658476263329,68.29816299639384,68.67948416977357,16846.402,-0.9744514856515423,-1.1439360937454666,-1.2710368008723378,38.38592730989848,69.94205322265626,70.3572624206543,69.9065185546875,-89.39396262881849,-2.0667250325755298,-2.4012663405433057,False,16.666666666666664,10.606037371181507,15.285190390466854,-0.2367752148226696,-1.7370986938476562,125225.86764515992,-230.07224292204842,0
2019-08-05,67.9168472290039,68.51000486954598,67.70500429096268,68.38289781373456,20659.506,-0.29658635603901473,-0.29657989308731203,-0.5931587054311649,33.31412565517219,69.3827911376953,70.08186798095703,69.87434883117676,-93.74998609197536,-2.4246581806489353,-3.185847735369275,False,16.666666666666664,6.25001390802464,9.3224352297557,-0.3444236372692431,-2.7539443969726562,115439.82078533247,-173.94390532420414,0
2019-08-06,67.87445068359375,68.17102939300209,66.51865767991917,66.64576468821733,24901.846,-1.7371331255172322,-0.3389754765438937,-1.1863466110435041,33.016494732982366,68.85741882324218,69.7852882385254,69.84426002502441,-70.37053024272004,-1.8182046929592368,-2.963019169709503,False,0.0,30.18859116905665,15.681547482754262,-0.40183318781372357,-2.9657974243164062,131402.56756196715,-144.48184935205649,0
2019-08-07,67.5354995727539,67.95918528265808,67.40839903172736,67.91682059062619,16856.004,1.271055902408861,-0.2118441103440034,0.8897413518081834,30.629840435385276,68.33204345703125,69.45904769897462,69.7678165435791,-77.77796018269349,-1.6049620282449657,-3.0855957647416576,False,0.0,23.076789563202702,19.83846488009466,-0.442754043676986,-3.2624053955078125,122326.01420847629,-100.42510777242427,1
2019-08-08,68.34050750732422,68.46761451552618,67.78971478173642,67.8320859394474,5036.121,-0.08473465117879186,0.5084292328680959,0.38131575000906537,41.572598247424345,68.05240936279297,69.19212493896484,69.70431709289551,-60.185334916833554,0.01032199430531834,-1.636359198994591,True,16.666666666666664,41.34609852233589,31.537159751531743,-0.3971810464636758,-2.6692276000976562,125473.57782647386,-54.98247575252169,0
2019-08-12,68.29814147949219,68.50998435409664,67.91682689117675,68.34051264038567,3168.03,0.5084267009382728,0.04236983857046539,0.1271121094403327,41.199475328371356,67.99308929443359,68.96757125854492,69.64290084838868,-60.37735202079314,0.30072939525218306,-1.4017107748681943,False,16.666666666666664,40.384619736107844,34.935835940548806,-0.35295656034014977,-2.2455368041992188,126378.71938963463,-42.79777104260591,0
2019-08-13,67.5354995727539,67.91682059062619,67.40839903172736,67.91682059062619,7431.519,-0.42369204975948094,-0.5931637634704572,-0.5084278594493981,35.02603548095129,67.9168197631836,68.64980545043946,69.52444725036621,-76.92321043679729,-0.5614584777298209,-2.093481508710468,False,16.666666666666664,25.80622121450521,35.84564649098298,-0.35705747998203174,-3.1776580810546875,122662.8181442981,-73.11685767404396,1
2019-08-14,68.04393768310547,68.46762345581489,68.04393768310547,68.38288112932753,7382.138,0.4660605387013419,0.5508028651887003,0.6355386513781127,41.410988383451965,67.95071716308594,68.40406799316406,69.42511444091797,-65.38442612708907,0.15592391658537677,-1.0575999005545416,True,33.33333333333333,44.444662411041136,36.8785011205514,-0.3093016873167355,-2.4573745727539062,115280.6801442981,-20.94872783766697,0
2019-08-15,67.28130340576172,67.45077513241557,67.02708935084898,67.1118252141759,15972.089,-1.271055915151635,-1.0168483233993157,-1.0168483322564867,35.67453534615245,67.8998779296875,68.11596069335937,69.31075515747071,-82.6920831541656,-0.8223051328659577,-1.7580001445069156,False,33.33333333333333,33.333480406982005,34.528121344176114,-0.31195845878813977,-2.881072998046875,118475.29291608726,-116.1346124236096,1
2019-08-16,68.0863037109375,68.0863037109375,67.1541962857619,67.32366801218221,6158.748,0.211842798006316,0.635528578521928,0.12710693491291636,44.52372360153937,67.84903717041016,67.95072326660156,69.24084777832032,-60.21503387343703,0.22869519746074557,-0.2895555920768873,True,50.0,78.72288866473933,52.16701049425416,-0.24531978324968062,-1.652374267578125,124634.04091608725,-24.96512449886193,1
2019-08-19,68.46762084960938,68.55235670793944,68.04393509302747,68.42524968797855,6475.352,1.1015816757963393,0.46605299700193825,0.889738807265573,48.20570246370683,67.8829330444336,67.9380111694336,69.14763679504395,-43.20976479893317,0.758602218315731,0.47668511661406304,True,50.0,95.8334120652774,69.2965937123329,-0.16522070996425958,-0.1271209716796875,128950.9696956099,97.66007130855546,1
2019-08-20,68.63709259033203,68.7218284486918,68.46762087361249,68.50998557032658,4179.197,0.08473588234802776,0.16947174075235694,0.4236857805850178,49.82043431301186,68.10325164794922,68.01003570556641,69.04595184326172,-7.4081107558810935,0.9240979011355956,0.8612615834932592,True,66.66666666666666,95.00006470213486,89.85212181071718,-0.0940267528902837,0.720245361328125,130344.03536227673,117.91025157792491,1
2019-08-21,68.72183227539062,68.7642034393957,68.55236054923424,68.59472524830736,6092.896,0.08473967798077808,0.04237499070390527,0.08473967562174778,50.659507912759764,68.23883056640625,68.09477386474609,68.94003105163574,-1.8868982663240337,0.755771080183122,0.9700712700104049,True,83.33333333333334,97.56083009835449,96.13143562192225,-0.0373395508625754,0.847381591796875,133999.62420993284,107.3861931003754,0
2019-08-22,68.55236053466797,69.1878892050173,68.46762467160778,68.89131045184067,9379.398,0.2965852035333114,0.4236857656215989,-0.08473587762645707,48.87642476747886,68.4930419921875,68.1964599609375,68.82775382995605,-23.809424711704885,0.3825901600548013,0.6427624338384469,False,66.66666666666666,70.5882676212072,87.71638747389885,-0.008854613576459558,1.0168609619140625,126827.11367321746,102.95677904064968,1
2019-08-23,68.63709259033203,68.7218284486918,68.4252497119668,68.55235673197225,3211.036,-0.3389537198684138,-0.46606075632550414,-0.04237495964098059,49.839394010077505,68.6031997680664,68.22611846923829,68.70912170410156,-25.490404103033754,0.1752004273030807,0.6732268581496335,True,83.33333333333334,74.50959589696625,80.8862312055093,0.016703336931039398,0.2965850830078125,128203.2919575991,65.43348832400285,0
2019-08-26,67.49314880371094,67.87446343531278,67.45077763800754,67.62025583588895,12292.31,-0.9321008960832984,-0.8473650133790187,-0.9744720739592623,39.01568835188144,68.40830535888672,68.14561920166015,68.55659523010254,-78.43116048148107,-1.3520416910636066,-0.9995241320501805,False,66.66666666666666,21.56883951851893,55.555567678897454,-0.039362373294686226,-0.80499267578125,118369.59401021097,-77.22020076565806,1
2019-08-27,67.6626205444336,67.9591993095949,67.57788467794926,67.91683460881883,2535.864,0.2965787729298768,0.08473587428211715,0.1271070399417198,41.08354760707389,68.21341094970703,68.15833129882813,68.4040683746338,-70.58815084800045,-0.9100283940210664,-0.6686315325744007,True,66.66666666666666,29.41184915199955,41.830094855828236,-0.0597403301928294,0.1271209716796875,116960.77112268592,-62.342420751640184,1
2019-08-28,68.128662109375,68.25576911283949,67.87444810244602,67.87444810244602,3318.188,-0.042386506372807276,0.29656980324459425,0.2965634244967674,46.52334820440372,68.0947769165039,68.16680374145508,68.28543586730957,-49.02013916740064,-0.10355538540676522,0.036276727830747736,True,66.66666666666666,47.916074958351345,32.96558787628994,-0.03761909488115847,0.08472442626953125,118066.83378935259,-8.33482933546626,1
2019-08-29,68.25579071044922,68.29815541505533,67.78973370525249,68.17104837137143,3233.649,0.2966002689254026,0.04238630221584572,-0.08471439719353668,47.95338130196787,68.03546295166015,68.26425247192383,68.1901065826416,-43.13673442591199,0.19696856342752853,0.13469023638073527,True,66.66666666666666,46.342047783805796,41.223323964718894,-0.011562713011932263,0.9744873046875,120761.58926044336,-20.847642763379874,1
2019-08-30,69.35736083984375,69.39973200378405,68.76420333427124,68.76420333427124,19370.894,0.593154962899817,1.1015765887287188,0.9744696290187562,58.455035568073555,68.1795166015625,68.39135818481445,68.17104072570801,-1.7858215558877888,1.613902273663274,1.5876284343493383,True,83.33333333333334,97.82595402517696,64.02802558911137,0.07780715951557332,1.27105712890625,137549.53975303742,137.68147849354747,1
2019-09-02,69.39974212646484,69.48447800177311,69.18789920572773,69.31500625115657,6457.87,0.5508029168853312,0.08474599798906013,0.4236958714564878,58.80391207049644,68.56083526611329,68.4845703125,68.2112907409668,-3.636293188332298,1.4870015597871578,1.3875435838880568,True,83.33333333333334,95.83341396707169,80.00047192535148,0.13440348926410564,0.9321212768554688,140317.23854475401,126.76477113138287,0
2019-09-03,68.80655670166016,69.48445642347126,68.80655670166016,69.35734941751531,5052.925,0.0423431663587337,-2.1578301854674464e-05,-0.3813425040675753,52.120928855694956,68.7896224975586,68.50151672363282,68.2557762145996,-33.334374728523194,0.29848764357614826,0.4328808762932432,False,83.33333333333334,66.66562527147681,86.77499775457515,0.12662440873885156,0.169464111328125,135264.31354475403,69.33318484690952,1
2019-09-04,69.61156463623047,69.65392932899631,68.97603606036397,69.01840075312981,10748.771,-0.338948664385498,0.16947290552505478,0.1694793587038106,59.01651633901266,69.0862030029297,68.59048995971679,68.34263191223144,-1.922913113024486,0.9937406668704076,1.4667170854680536,True,83.33333333333334,98.07708688697551,86.858708708508,0.16784469158807505,0.8897323608398438,144669.6034922157,98.72099768850642,1
2019-09-05,70.33184051513672,70.5013122436582,69.95052589349734,69.95052589349734,25429.39,0.9321251403675319,0.8473829146618925,0.9744898331333758,64.06774776784644,69.50141296386718,68.76843795776367,68.48244895935059,-5.555476348557557,1.4980144277436538,2.3059962561374623,True,83.33333333333334,94.44452365144244,86.39574526996493,0.2318260369381979,1.77947998046875,154450.22994791818,143.0090098449784,1
2019-09-06,70.7555160522461,70.79788721070491,70.54367318981421,70.54367318981421,17226.303,0.5931472963168716,0.29657496704670905,0.5931472963168716,66.70128210945246,69.78104400634766,68.98028030395508,68.60319938659669,-1.2659029391940184,1.4991815497403411,2.6691829697145537,True,83.33333333333334,98.68412654872792,97.06857902904862,0.2872628481286339,2.1184234619140625,165934.13989252903,137.31981060067412,0
2019-09-10,70.67079162597656,71.13684211971685,70.50131342967197,71.13684211971685,5171.847,0.5931689299026317,0.3389549090119317,-0.04235976014224718,65.65158602435967,70.03525390625,69.29804458618165,68.72183189392089,-12.643579515574984,1.0602937190255126,2.284232075037167,False,66.66666666666666,86.07602634780905,93.06822551599312,0.30133839350932007,3.177642822265625,163520.67442542705,120.04516058004702,1
2019-09-11,70.7131576538086,71.09447875395311,70.58605708535936,70.9673717205716,4746.2,-0.16947039914523998,-0.042363365763733896,0.08474365568739017,65.94394831998953,70.41657409667968,69.60309829711915,68.88071479797364,-11.494222849617117,0.8053228517671034,2.089920162694468,True,66.66666666666666,87.34177643970774,90.70064311208158,0.2961754401547363,3.050537109375,161147.48389861605,96.36317657180376,1
2019-09-12,71.09446716308594,71.39104588266864,70.96736015042728,71.26393887001,9281.122,0.29656714943838836,0.29656712871552315,0.3813030650679252,68.57058174793063,70.71315460205078,69.89967880249023,69.03324127197266,-7.777765052671665,0.8009562494253308,2.19762786780179,True,83.33333333333334,88.7096879954363,87.37583026098436,0.30018035646456465,2.9658050537109375,157435.09174608946,98.90310131691744,1
2019-09-16,71.51815032958984,71.5605150223354,71.1368293052939,71.17920046297046,10929.792,-0.08473840703953783,0.16946913966675936,0.1694691548666185,71.25765498327323,70.9504165649414,70.2259147644043,69.24508361816406,-1.123499062478762,0.9468668224550673,2.334031223798063,True,83.33333333333334,98.46167995980551,91.50438146498318,0.3117415875971339,3.262359619140625,166179.1254765586,103.89063911344142,0
2019-09-17,71.39105987548828,71.5605316156292,71.34868870798681,71.51816691306021,4966.78,0.3389664500897567,1.659329380743202e-05,0.21185940269290882,69.31832590457785,71.07752532958985,70.42928466796874,69.4103214263916,-4.494320410928358,0.5170132596230476,1.7563386300806012,False,66.66666666666666,93.84628598897885,93.6725513147402,0.29157330373403223,2.0336990356445312,163199.1787358359,91.1083577323537,1
2019-09-18,71.98422241210938,72.02659358254287,71.47580069157213,71.51817186200563,16999.486,4.948945417027062e-06,0.46606196691367074,0.12711198358532272,73.05244898997256,71.3402114868164,70.6877326965332,69.58615150451661,-1.2987768847073209,1.0607824129194259,2.149420407958224,True,66.66666666666666,98.61103519191359,96.97300038023263,0.29787513802828514,2.5844802856445312,177583.20571159763,115.07010078566768,0
2019-09-19,71.5605239868164,72.15368794393952,71.51815928876377,71.98420975693357,7777.364,0.46603789492793624,0.12709436139664376,0.042358597191636704,66.72445166022123,71.50968475341797,70.96312942504883,69.73232307434083,-17.721562561710964,0.2572172120471803,1.284290157935239,False,66.66666666666666,73.07669869295079,88.51133995794773,0.2548649682949161,2.75396728515625,170842.72863973887,94.13730143072408,1
2019-09-20,71.7723617553711,71.94183993029529,71.72999706033855,71.72999706033855,8231.699,-0.2542126965950189,-0.21184801364422867,0.21183777157477834,68.22566720059274,71.645263671875,71.1792091369629,69.88484954833984,-11.392627326699735,0.305921598500602,1.3006346185514117,True,66.66666666666666,76.92253267792297,82.87008885426245,0.22317920028397564,2.160797119140625,165903.40778591795,91.51056230097302,0
2019-09-23,71.60289001464844,71.89946873947433,71.60289001464844,71.7299970295542,4369.839,-3.078434929193463e-08,-0.042371190820958304,-0.12710704569011,65.6411669302355,71.66221160888672,71.30631408691406,70.03737602233886,-17.333488672500888,-0.04929127244151356,0.7301390809167083,False,50.0,66.66627786042609,72.22183641043328,0.1754094155844168,1.2710494995117188,161533.56878591795,63.724625244739414,1
2019-09-24,71.7300033569336,71.89947508180299,71.47578930469759,71.60289633081558,4852.012,-0.12710069873861585,6.342328660480234e-06,-0.12710070995085232,66.6741482252475,71.73000030517578,71.40376281738281,70.19202156066895,-19.23075004495876,0.07882008734928421,0.6589744940849318,True,50.0,72.97293653751726,72.18724902528878,0.1385902254543382,0.9744873046875,162504.03041458016,55.02194391214304,0
2019-09-25,71.26394653320312,71.47578942210382,71.09447480805535,71.47578942210382,3927.674,-0.12710690871176666,-0.42368565969917427,-0.3813144966422328,59.51712700668425,71.58594512939453,71.46307830810547,70.38056144714355,-53.84623177456768,-0.5420314624318814,-0.10393376451688499,False,50.0,25.00037379194927,54.8798627299642,0.07239416924039799,0.5931549072265625,162067.59259633036,-50.77683698381539,1
2019-09-26,71.43342590332031,71.77236935921502,71.30631887489379,71.56052646681482,5194.687,0.08473704471100518,0.2965799371112041,0.21184406683843804,61.17061801645593,71.5605255126953,71.53510513305665,70.5691017150879,-43.58951523398893,-0.17761098678765858,0.05440541464514305,True,50.0,32.000273012289,43.32452778058518,0.03164880334746922,0.7202682495117188,159706.42363949917,-17.248220759770312,1
2019-09-27,71.6876220703125,72.19604363805892,71.60288621984327,71.94183608665121,8884.695,0.38130961983638656,0.4236742788439045,0.2965673449494801,63.60302645907209,71.5435775756836,71.5944206237793,70.74704971313477,-31.579243124355383,0.14796209893654613,0.2914168992200116,True,66.66666666666666,53.845683183975375,36.948776662737885,0.01432567053253997,0.5931549072265625,153360.18525780956,77.95373057376011,1
2019-10-01,72.83158111572266,72.87395227860154,71.8571090188263,71.8571090188263,9116.908,-0.08472706782490036,0.6779086405426114,0.25422279898303657,72.16384527600874,71.78931579589843,71.72576370239258,70.97583923339843,-2.222350667074972,1.4957671914543655,1.640796247801589,True,66.66666666666666,97.61889860477558,61.15495160034666,0.06934118404551337,1.3134307861328125,161717.30262123662,247.1120910938544,0
2019-10-02,72.57737731933594,72.78922021491782,72.53500615424672,72.53500615424672,5653.658,0.6778971354204089,-0.08473206368371677,0.6778971354204089,68.27117578275508,71.9587905883789,71.84439544677734,71.13684005737305,-16.666407087164135,0.9131144539421319,1.1116651742745363,False,66.66666666666666,83.33359291283587,78.26605823386228,0.07742762673231085,1.1863174438476562,157948.29314023358,179.7134312472051,0
2019-10-03,71.85710144042969,72.11130899609765,71.43341571605198,71.5181515679413,4868.237,-1.0168545863054135,-0.6779112188201708,-1.1015904381947337,58.514598402130375,72.07742156982422,71.83168334960938,71.25970802307128,-57.14322631237031,-0.11779091805385053,0.0688298628478723,False,50.0,42.8567736876297,74.60308840174706,0.025755827604241777,-0.1271209716796875,159165.38721077732,-12.021777267816388,1
2019-10-04,72.15369415283203,72.36553705611989,71.81474421458499,72.1960588545302,3746.987,0.6779072865888907,0.25422806002224263,0.38132849853300854,61.017154454742716,72.22147521972656,71.89100036621093,71.42706489562988,-40.47582156510429,0.08816807877406684,0.39301537532367253,True,66.66666666666666,59.52417843489571,61.90484834512043,0.004172916475930655,0.593170166015625,160030.08328466487,46.27303982349032,1
2019-10-07,72.40789794921875,72.57737614189402,72.19605505707366,72.36553324974894,4140.747,0.1694743952187423,0.21183908577413035,0.38131084248867353,63.09849303452295,72.36553039550782,71.95455398559571,71.5668815612793,-26.19051587316458,0.21501287342371214,0.6972418841402845,True,66.66666666666666,73.80948412683541,58.7301454164536,-0.0001341232199760789,0.6355361938476562,160490.11948307802,79.55659123551347,1
2019-10-08,73.29765319824219,73.38238907658301,72.74686029162716,72.74686029162716,12195.435,0.3813270418782224,0.8050129346889889,0.5508052345534935,69.34751406796649,72.45874481201172,72.12403030395508,71.71517219543458,-3.7036299614212655,1.0710969824632603,1.729818933529368,True,66.66666666666666,96.29637003857873,76.54334420010328,0.047172515383763436,1.69476318359375,169433.48810643013,149.39817241206956,0
2019-10-09,72.70448303222656,73.04342648707002,72.70448303222656,73.0010617876806,6916.829,0.2542014960534402,-0.3389625895129882,-0.042377259400595335,61.7432892508374,72.48416595458984,72.22147827148437,71.8126205444336,-29.629870912632605,0.28245888857503326,0.7978902250097875,False,50.0,67.34667046399197,79.15084154313537,0.02960536414825543,0.9744796752929688,162516.65910643013,82.15271546960683,1
2019-10-14,74.18739318847656,74.18739318847656,73.72133617838718,73.72133617838718,9491.298,0.7202743907065781,1.1439667014065407,1.0168531461606136,70.55030780993366,72.95022430419922,72.51382293701172,71.98845062255859,-0.0,1.9505212503031628,2.5476004149864226,True,66.66666666666666,100.0,87.8810135008569,0.10472059680318091,2.9234466552734375,172007.95710643014,188.0341328122111,1
2019-10-15,74.3144760131836,74.44158302783318,73.97553259402645,74.18737546346532,4377.61,0.4660392850781392,0.2541898393566129,0.25419641563927087,71.17076942158809,73.38238067626953,72.80192794799805,72.16851654052735,-3.7975173284961437,1.5535852918630992,2.418359657570722,True,83.33333333333334,95.77460289021228,87.70709111806808,0.14722527524451523,2.8810501098632812,173997.73567001137,154.11394959292844,1
2019-10-16,74.65342712402344,74.69579828458001,74.44158425110344,74.56869126784173,3983.672,0.3813158043764133,0.2542152567468321,0.4660516570769886,72.83597205234258,73.83148651123047,73.09850845336913,72.34646453857422,-1.2500787122495753,1.4392507291041046,2.486539354049775,True,83.33333333333334,98.70122036068604,98.15860775029944,0.18024750747181828,2.9658050537109375,176653.44946401982,134.05710585736858,1
2019-10-17,74.69581604003906,74.69581604003906,74.3992372404395,74.61108016371533,2540.883,0.04238889587360006,1.7755459055024403e-05,-0.04234701066393143,73.04835668866471,74.11111907958984,73.28493194580078,72.50534782409667,-0.0,0.9736658811693735,2.1634318244315143,True,83.33333333333334,100.0,98.15860775029944,0.18625851915747904,1.8642349243164062,179194.33246401983,100.25061439170902,0
2019-10-18,74.52632904052734,75.11949303476295,74.48396433982407,74.69580723813704,2815.798,0.08472707442170702,0.4236769947238912,0.08472709938456546,70.63929497290025,74.47548828125,73.47982711791992,72.66211128234863,-16.092011722723186,0.46644217405743493,1.6028860474428708,False,66.66666666666666,82.05116253877148,93.58412763315249,0.16107836714711732,1.9489517211914062,176753.93982481898,85.0902128982384,0
2019-10-21,74.44158935546875,74.5686963809226,74.3568534934768,74.5263252174607,1077.652,-0.169482020676341,-0.5507966538403508,-0.12711084634726433,69.39110611612938,74.52632751464844,73.73827590942383,72.7849796295166,-18.390924027911275,-0.037933619035266715,1.302065089991137,False,66.66666666666666,76.81142256248499,86.28752836708549,0.12270942862361756,2.5844879150390625,176538.39626988734,56.81057871185036,1
2019-10-22,75.16184997558594,75.24659229810788,74.7381642227023,74.7381642227023,3256.399,0.21183900524160038,0.6778959171852819,0.3813107292254898,73.70013026811557,74.6958023071289,74.03909149169922,72.96504592895508,-2.2223550548571183,0.7096155690162886,1.983316968785297,True,66.66666666666666,96.66645632981601,85.17634714369082,0.12917893662143642,3.0081558227539062,178709.27372744298,95.23757257137503,0
2019-10-23,74.95001220703125,75.24659742620749,74.8229116444494,75.16185509791029,2580.656,0.42369087520799553,5.12809960184768e-06,0.08474742174711025,70.51508499702248,74.75511932373047,74.29330291748047,73.12392845153809,-8.642130093787385,0.2834449672555297,1.34147575907456,False,50.0,88.33312852173472,87.27033580467857,0.10363440539413804,2.5421142578125,177676.9483231461,87.50016407906338,1
2019-10-24,75.24659729003906,75.24659729003906,74.99238323547146,75.16185496189522,2579.559,-1.3601507475868857e-07,-1.3616842409192031e-07,0.16947159102205944,72.34075447705118,74.86527557373047,74.48819732666016,73.30611381530761,-4.463744725190763e-06,0.547275806158187,1.3891552180169928,True,50.0,99.99999107245239,94.99985864133437,0.09157333597806216,1.948944091796875,180256.5073231461,99.87829273556136,0
2019-10-25,75.24659729003906,75.58554074288658,75.07711909868334,75.58554074288658,7971.19,0.423685780991363,0.33894345284751637,0.08473586321187554,72.34075447705118,75.00932922363282,74.7424087524414,73.4819435119629,-11.764549234588863,0.42409323666974624,1.0670096167001815,False,33.33333333333333,78.94771817847726,89.0936125908881,0.0694596191191581,2.5421142578125,177599.57913538627,118.11494591493486,1
2019-10-28,75.58554077148438,75.67028309966028,75.4160690449965,75.62791193557233,5009.774,0.04237119268574929,0.08474235677370245,0.3389499463131642,74.48909556634185,75.23811950683594,74.8822235107422,73.69802322387696,-2.857317629277456,0.639336874523635,1.2629451503129796,True,50.0,93.5480114216286,90.83190689085275,0.06367660380401508,1.3981475830078125,179269.33393025916,132.2495313057268,1
2019-10-29,75.79737854003906,75.96685672000639,75.71264268252116,75.83974970126378,7410.985,0.21183776569145607,0.2965736203461091,0.29657363752465926,75.77214261477958,75.36522521972657,75.03051376342773,73.9162208557129,-7.5473894282489855,0.6186658305167965,1.1973132789000982,True,66.66666666666666,89.47342606681332,87.32305188897305,0.06017578954196323,1.4829025268554688,176798.87995080737,150.93306654510772,1
2019-10-30,76.1363296508789,76.1363296508789,75.67027919462224,75.79737975046302,5384.27,-0.04236995080076156,0.1694729308725158,-0.042363487898924745,77.72742457671482,75.6024887084961,75.17880401611328,74.1386562347412,-0.0,0.8511791886552721,1.429911465812121,True,66.66666666666666,100.0,94.34047916281396,0.06626385690285996,1.4829025268554688,182183.14995080736,135.48997785515513,1
2019-10-31,76.3481674194336,76.77185315035712,76.17869571303666,76.17869571303666,9458.164,0.38131596257363753,0.6355234994782109,0.5084165184144211,78.88902704699257,75.822802734375,75.34403915405274,74.31448554992676,-17.543925098144282,0.8205802758285369,1.4830004481602421,True,83.33333333333334,82.45607490185571,90.64316698955633,0.06977979766803255,1.6523513793945312,178129.59218723248,150.4109343489929,0
2019-11-01,76.3481674194336,76.43290327263206,76.05158870077337,76.26343156623513,2806.778,0.08473585319846677,-0.3389498777250566,-0.1271070122632949,78.88902704699257,76.04311676025391,75.52622299194336,74.50302505493164,-17.543925098144282,0.5767379893098932,1.2928508613764684,False,66.66666666666666,79.16664022889171,87.20757171024913,0.05782123411726081,1.82183837890625,179688.92387323838,101.01528858993429,1
2019-11-04,78.12765502929688,78.17002619315211,76.729497131121,76.729497131121,6730.681,0.4660655648858665,1.7371229205200507,0.6779084303476282,86.12381566141377,76.55153961181641,75.89482955932617,74.816552734375,-1.11117872680784,2.273992602532471,3.2619360581939283,True,83.33333333333334,98.73409878154129,86.78560463742957,0.15022139447949412,3.686065673828125,186023.657585502,201.44762209623914,1
2019-11-05,78.7208251953125,78.7208251953125,78.25476821594577,78.29713938313637,3966.279,1.567642252015375,0.5507990021603888,1.5252710848247801,87.6614548653913,77.1362289428711,76.25072708129883,75.14490928649903,-0.0,2.3503646152350406,3.5674608178395752,True,83.33333333333334,100.0,92.63357967014433,0.22713741937856713,3.5589752197265625,189989.936585502,187.77867322165736,1
2019-11-06,79.10211944580078,79.10211944580078,78.59369789525965,78.76316959046311,4494.319,0.46603020732673883,0.38129425048828125,0.3389296793138783,88.55110162443447,77.72938690185546,76.66593780517579,75.47962036132813,-0.0,2.1148464827815636,3.5400535805352527,True,83.33333333333334,100.0,99.57803292718042,0.2762771049518298,4.152107238769531,194484.255585502,144.1620306347921,0
2019-11-07,78.67845153808594,78.97503030423654,78.25476573931871,78.97503030423654,3050.118,0.21186071377343296,-0.127089141564241,-0.3389321559409382,81.4338474885164,78.19544372558593,77.00912322998047,75.74866027832032,-9.900615426552765,1.015421657549624,2.591969118442524,False,66.66666666666666,88.50618245419537,96.16872748473179,0.25343063983011627,3.431854248046875,195022.5181448364,93.30896108912938,0
2019-11-08,78.42424011230469,78.84792589040481,78.29713308588826,78.80555472662203,2890.536,-0.16947557761450582,-0.12710441383173077,0.04236734656954866,77.36366750552197,78.61065826416015,77.32688751220704,76.03464813232422,-16.494473095191058,0.24371077513561762,1.8758955594588609,False,50.0,80.24735174478764,89.584511399661,0.1968989966138015,3.177642822265625,193466.0861225821,69.73901505349626,0
2019-11-11,77.23792266845703,78.33950187000357,77.15318680140457,78.29713716894346,5859.344,-0.5084175576785697,-0.508424020401236,-1.1439462844836896,61.67136615067262,78.43271179199219,77.4921257019043,76.18717460632324,-46.31544389005631,-1.4594527336146301,0.1190032838952853,False,50.0,45.67938362796583,71.47763927564961,0.06228401736440592,1.6523818969726562,188443.7821422878,8.512971466324768,1
2019-11-12,77.95818328857422,77.95818328857422,77.57686867367896,77.57686867367896,2426.297,-0.7202684952645058,-0.3813185814293547,0.42368187227438625,66.21082877484724,78.28018341064453,77.70820617675781,76.36935997009277,-31.03419738853711,-0.504686829786207,0.7575103560303111,True,50.0,62.500421964562705,62.809052445772046,0.007316055521949361,2.1608047485351562,190870.07914228778,14.545258376149725,0
2019-11-13,77.49212646484375,77.66160465555976,77.15318301327561,77.57686879266772,1935.545,1.1898876550731075e-07,-0.2965786330144624,-0.42368566040335054,61.10251080221472,77.95818481445312,77.84378585815429,76.51129493713378,-46.91340106533622,-0.8403376385028659,-0.0500928028091725,False,33.33333333333333,47.22252894577655,51.80077817943502,-0.07057387002187587,1.3557968139648438,191515.22799323447,-33.20026545683795,0
2019-11-14,77.44976043701172,77.78871034769622,77.28028224920355,77.61923215988806,2174.281,0.04236336722033229,0.1271056921364675,0.12709923592794325,60.6385671190655,77.71244659423829,77.95394515991211,76.64899215698242,-48.14789989777698,-0.5440711760528542,-0.2818407648261604,False,16.666666666666664,30.357267628916023,46.693406179751754,-0.13154791083679918,1.101593017578125,190790.48609132206,-42.279405102806166,1
2019-11-15,78.21240234375,78.38187408011244,77.958188274274,77.958188274274,2510.879,0.33895611438593676,0.5931637324162153,0.6779060250704418,65.7460646228495,77.67007904052734,78.14036865234375,76.83329582214355,-29.16597721563974,0.5355429705112291,0.47626663750710196,True,33.33333333333333,54.34858278584263,43.97612645351173,-0.12704949280729205,1.8642349243164062,191292.69254170053,13.490466706179504,1
2019-11-18,78.7208251953125,78.7208251953125,78.29713938313637,78.3818752525851,2087.613,0.42368697831111035,0.3389511152000608,0.3389511088623749,68.69983572537515,77.96665954589844,78.1996856689453,77.04725761413575,-12.499275777168227,1.1248243403756608,0.8731939956958267,True,50.0,80.43577799024204,55.04720946833356,-0.09768411519843667,0.593170166015625,193380.30554170054,56.88707358061403,1
2019-11-19,79.31398010253906,79.31398010253906,78.50897967221121,78.72082257123772,2821.624,0.3389473186526146,0.5931549072265625,0.21184028907484276,71.7952593986283,78.23781890869141,78.25900115966797,77.2548641204834,-0.0,1.435924943300014,1.3124083712257668,True,66.66666666666666,100.0,78.26145359202822,-0.04864194699562452,0.5931549072265625,196201.92954170055,105.54091679182191,0
2019-11-20,79.01738739013672,79.31396610344056,78.89028038016905,79.31396610344056,7954.619,0.5931435322028449,-1.3999098499084539e-05,0.3813007079578341,68.12047343105846,78.54287109375,78.25052795410156,77.45823287963867,-13.726078856550231,0.8289639885859799,0.8380504058958658,False,50.0,86.27392114344977,88.90323304456393,-0.04650836878240172,-0.0847320556640625,193020.13049284197,104.50784487889669,0
2019-11-21,78.38186645507812,78.42423761751301,77.78870897057995,78.212394735202,3283.838,-1.1015713682385666,-0.8897284859275487,-1.1015714095890985,60.84114064108061,78.72929229736329,78.22086944580079,77.61499633789063,-43.13749088669241,-0.17088296528294802,0.06309987154631928,False,50.0,56.86250911330758,81.04547675225244,-0.09541163709142553,-0.2965850830078125,195866.09670223325,0.38508059573343817,1
2019-11-22,78.42424011230469,78.59371183757197,78.29713308588826,78.42424011230469,1506.544,0.2118453771026907,0.16947422005895874,0.5084241153083155,61.1431608716498,78.77165985107422,78.22086944580079,77.77387847900391,-41.1764711575791,-0.3231001034646368,0.18944678682437605,True,66.66666666666666,58.82352884242089,67.31998636639274,-0.130261110304021,0.0,195650.89489663107,34.90205743903622,1
2019-11-25,78.46659851074219,78.89028425482279,78.42423381529296,78.80554839899295,2520.694,0.38130828668826666,0.2965724172508146,0.1271007294047024,61.46725272830086,78.72081451416015,78.3437370300293,77.9179313659668,-39.216157593294426,-0.32293590892078883,0.26617509218118973,True,66.66666666666666,60.783842406705574,58.823293454144675,-0.1541791524063698,1.2286758422851562,193588.47075144944,44.44362136773887,1
2019-11-26,78.67845153808594,79.05977263593577,78.63608683716856,78.76318740485294,3827.48,-0.0423609941400116,0.16948838111298414,0.21185302187559785,63.14446146162448,78.59370880126953,78.41576385498047,78.06198501586914,-29.411765112556505,-0.04484918868652242,0.509677422184419,True,66.66666666666666,68.75009906654614,62.78582343855752,-0.15882360525410966,0.7202682495117188,190526.41666819737,61.22527284251106,1
2019-11-27,78.97503662109375,78.97503662109375,78.59372195767651,78.67845783122114,1957.676,-0.08472957363180456,-0.0847360148420222,-0.04236487949205525,65.44173277855282,78.58523864746094,78.56405487060547,78.20392036437988,-15.68603933842059,0.40399725250764495,0.7023318667096563,True,66.66666666666666,77.77814879312895,69.10403008879355,-0.14537488288964084,1.48291015625,192484.09266819738,60.4147169089,0
2019-11-28,78.76318359375,79.0173976466826,78.63608303221561,79.0173976466826,1352.72,0.33893981546145824,0.042361025588846246,0.04236107453910165,62.41035466696321,78.66150207519532,78.6953971862793,78.32467117309571,-25.490431819158516,0.18862513661485625,0.34635934854096484,False,66.66666666666666,63.88861644017358,70.13895476661622,-0.15340670670859713,1.3134231567382812,192033.155422258,38.82752448079858,0
2019-11-29,77.53450012207031,78.67845047022918,77.49212895679578,78.67845047022918,5344.208,-0.33894717645341643,-0.33894717645341643,-1.1439540754198276,48.26505812386779,78.48355407714844,78.62760696411132,78.38398780822754,-87.49972261367083,-1.1967941772367288,-1.223459305542854,False,66.66666666666666,2.3257204834506098,47.99749523891771,-0.23902317779207127,-0.6779022216796875,187070.6994479363,-169.63668763606606,1
2019-12-02,78.00054931640625,78.0852851735888,77.74633527992707,77.91580699429218,2068.341,-0.7626434759369971,-0.5931652966403789,0.2542063231312852,52.70101703405173,78.39034423828124,78.5555793762207,78.37763252258301,-72.09319977659082,-0.5133779239805205,-0.6877989406650442,True,66.66666666666666,27.907014660822444,31.373783861482206,-0.2600813841156261,-0.72027587890625,188104.88967309802,-116.50803275157011,0
2019-12-03,78.00054931640625,78.12764986971433,77.61922826168748,77.70396411887005,1410.794,-0.21184287542213553,0.04236469612553151,-0.1271070182395846,52.70101703405173,78.25476379394532,78.42423629760742,78.3416187286377,-72.09319977659082,-0.41471756424732503,-0.6654704887456033,False,50.0,32.432137887953466,20.88829101074217,-0.2687212075397527,-1.3134307861328125,188810.31358192654,-96.07166825614817,0
2019-12-04,77.70397186279297,77.87345005897966,77.44976426591114,77.83107889369995,2310.508,0.12711477482990574,-0.2541998107346757,-0.16946399577633997,49.487486451789636,78.00055084228515,78.29289474487305,78.2717113494873,-86.36383234777958,-0.5872260285232098,-0.9362609310092033,False,33.33333333333333,15.78920964727269,25.376120732016194,-0.28743892556792405,-1.31341552734375,189272.37287526156,-110.2932798171351,1
2019-12-05,78.7208251953125,78.80556106476124,78.12766117930646,78.25476821594577,3441.05,0.4236893222458207,0.9321110057815787,0.6778969133953154,58.868446717698504,77.99207916259766,78.32679061889648,78.27383003234863,-31.81741891822925,0.7683359496646047,0.42339548766914964,True,33.33333333333333,78.94747338375099,42.389606972992375,-0.22701684317259896,0.338958740234375,191853.17678340402,35.024841435472425,1
2019-12-06,78.84793090820312,79.22924554678693,78.59371683919237,79.05977381073464,3394.433,0.8050055947888666,0.423684482025692,0.46605565988591025,59.88436163983188,78.25476531982422,78.36915969848633,78.29501457214356,-21.42841527369906,0.9127949492612838,0.6036662635908362,True,50.0,78.57158472630094,57.76942258577486,-0.17642308963211795,0.4236907958984375,191174.3178073705,78.02860528613871,1
2019-12-09,79.3563461303711,79.48345315454387,78.97502505785278,78.97502505785278,2912.194,-0.08474875288186468,0.25420760775693907,0.38130821866040776,63.78724709492533,78.52592468261719,78.45813446044922,78.40093574523925,-6.250072215235855,1.1703253152662179,1.147561290645467,True,66.66666666666666,93.74992778476414,83.75632863160536,-0.1099053643927459,0.8897476196289062,192630.41480737051,112.74409557507916,0
2019-12-10,78.8055648803711,79.14451483950978,78.63609313326813,79.14451483950978,5295.431,0.16948978165700623,-0.3389383150340848,-0.3389319245846423,57.20933370567764,78.68692779541016,78.47084579467773,78.4433048248291,-33.33293887584378,0.29658392574191056,0.4048687546923173,False,50.0,66.66706112415622,79.66285787840708,-0.10423871908415183,0.12711334228515625,190865.22625066477,54.264443301792326,1
2019-12-11,79.44108581542969,79.44108581542969,78.76318596383184,78.80555712890624,1936.772,-0.3389577106035375,0.2965709759199058,0.12709283056371135,62.12563936843879,79.0343505859375,78.51745071411133,78.5407527923584,-2.0832753402445503,0.7974167212225628,1.1099622133653553,True,66.66666666666666,97.91672465975545,86.11123785622526,-0.06106479154724487,0.4660491943359375,192801.99825066476,92.10477236307597,1
2019-12-12,81.22056579589844,81.43240869388718,79.94950840796596,79.94950840796596,8420.111,1.1439512790597206,1.9913228784574954,1.1863224441341202,71.96458603932521,79.53429870605468,78.76318893432617,78.72929306030274,-5.319151679739657,2.29455337966968,3.0968484931642832,True,83.33333333333334,94.68084832026034,86.42154470139066,0.07649869802376708,2.4573822021484375,198816.36325066476,202.11586128834477,1
2019-12-13,82.11030578613281,82.5339915678312,81.94082759449428,81.9831987586369,5880.136,2.0336903506709376,1.101582873944011,1.9913191865283153,75.44409392638092,80.18677368164063,79.22076950073242,78.92418823242187,-8.333336740046557,2.6845610689571986,3.8817165971175696,True,83.33333333333334,91.66666325995344,94.75474541332306,0.20905694742306002,4.5758056640625,196296.35989750235,203.9970863202332,0
2019-12-16,82.06793975830078,82.2374179605463,81.89846802098765,82.15267562695735,70.448,0.1694768683204444,-0.29657360728489834,-0.04235957350663,74.96082551341291,80.72909240722656,79.62750854492188,79.09154396057129,-9.166620252292985,1.9473696007486445,3.4676182782828113,False,66.66666666666666,90.83337974770701,92.39363044264026,0.2715677752002723,4.067390441894531,196296.3585538185,129.5248206710379,1
2019-12-17,83.16950988769531,83.16950988769531,81.94081739475466,81.98318855362307,4703.223,-0.16948707333428104,0.9320919271490169,0.04234937376700998,78.81082127728278,81.60188140869141,80.14440460205078,79.2843204498291,-0.0,2.506514406104375,4.239300206981601,True,66.66666666666666,100.0,94.16668100255349,0.35928169048106984,5.1689605712890625,200999.5815538185,117.20707173092258,1
2019-12-18,83.2118911743164,83.29663350895106,82.87294769550762,83.04241943491202,3762.355,1.0592308812889542,0.12712362125574828,0.9321303007529593,78.94668741525727,82.35604248046874,80.69519653320313,79.49404563903809,-1.4493625752881567,1.6387825318918006,3.7278310678217004,True,83.33333333333334,98.19808981138075,96.3438231863626,0.38978047122940396,5.5079193115234375,203256.90269944837,104.61300129412024,0
2019-12-19,82.74584197998047,83.21189250325182,82.661106108925,83.16952780019037,2271.007,0.127108365278346,-0.08474100569924303,-0.2118415865826222,73.3077993406855,82.66109771728516,81.09769821166992,79.71224441528321,-9.420281283462106,0.3941142191169163,2.640921810868878,False,66.66666666666666,88.18180973510218,95.45996651549432,0.3494838835637126,4.025016784667969,201684.66298310022,77.90619267319478,0
2019-12-20,82.15267181396484,82.66109993217108,81.94082891968961,82.66109993217108,3353.485,-0.5084278680192824,-0.5507925710807342,-0.7202771892353894,66.69356477242025,82.66957092285156,81.4281723022461,79.8986660003662,-22.131317833246573,-0.513086617555594,1.4386557337683976,False,50.0,75.45431210176808,87.27807054941701,0.2580174363238872,3.3047409057617188,200303.80205375684,41.89607516006332,1
2019-12-23,82.32213592529297,82.44924293310002,82.15265775990657,82.19502891748591,3416.729,-0.46607101468516987,-0.2118569990710597,0.2118288402169668,67.60452774623239,82.72041015625,81.72475128173828,80.09144287109375,-20.721132269351767,-0.35047007503964006,1.2726247854229393,True,50.0,78.50427133082742,80.71346438923256,0.18735499873178374,2.965789794921875,200791.92747589474,36.32309072586178,1
2019-12-24,82.36451721191406,82.57636011262879,82.36451721191406,82.44925954414578,1409.728,0.2542306266598615,0.1271171795287671,0.2118594520074879,67.84447354828347,82.55941162109374,82.08064651489258,80.27574615478515,-20.000176415173993,-0.35878723214751324,0.960790012461721,True,66.66666666666666,72.15173413259438,75.3701058550633,0.12489920416466527,3.5589523315429688,199382.19947589474,35.987667587410726,1
2019-12-25,82.49161529541016,82.57635115351619,82.23740772109207,82.36450827578533,1789.167,-0.08475126836044922,-8.959112605566588e-06,-0.12710949082199363,68.60521961568756,82.4153564453125,82.38569946289063,80.45157508850097,-17.273065967654922,-0.06844122359801551,0.793779582972364,True,66.66666666666666,42.42325243533894,64.35975263292023,0.07598296792289316,3.0505294799804688,200276.78297589475,17.442358271750738,0
2019-12-26,82.49161529541016,82.66109347655379,82.2797724176793,82.66109347655379,3095.969,0.29658520076846173,0.08474232303760232,0.04236469658722797,68.60521961568756,82.36451110839843,82.5128044128418,80.63799667358398,-17.757307336832437,0.07709636369787277,0.41689295627013345,False,50.0,42.42325243533894,52.33274633442409,0.029833051150566448,1.2710494995117188,200620.74453866706,-4.043662556888855,1
2019-12-27,83.04241943359375,83.16952647061125,82.7034694898579,82.7034694898579,2978.047,0.04237601330410712,0.5084329940574577,0.423697072178598,72.01932969894656,82.54246063232422,82.60601577758788,80.91339263916015,-7.594997727527207,0.6849427212228459,0.7194328262541764,True,66.66666666666666,81.25010665565183,55.36553717544323,0.022919302487313997,0.9321136474609375,201974.39475500782,92.2684271673898,0
2019-12-30,82.87295532226562,83.25427000348394,82.70347710233179,83.04242707726642,3138.762,0.33895758740852955,0.0847435328726931,7.612473893914284e-06,69.48321393092817,82.65262451171876,82.68651733398437,81.15701293945312,-30.30243489292329,0.3334387820094507,0.3463062180236291,False,66.66666666666666,68.75079269968943,64.14138393022672,-0.005057620739077118,0.8050155639648438,200767.2182763289,68.70967152574899,0
2019-12-31,82.15267181396484,82.36451470824008,82.15267181396484,82.2797788435164,4303.947,-0.7626482337500278,-0.8897552952438588,-0.550805288366945,59.730404297493365,82.61025543212891,82.58483352661133,81.36461906433105,-81.81876214471072,-0.5045788844773187,-0.5300977195427236,False,50.0,16.128846347889027,55.376581901076754,-0.07991041693444201,-1.0168380737304688,196463.2712763289,-84.90451065276665,1
2020-01-02,82.74584197998047,83.04242076114089,82.2374202887151,82.2374202887151,4882.015,-0.04235855480129658,0.6779060529008092,0.08474847475025626,64.23976155610039,82.66110076904297,82.53822860717773,81.61671257019043,-40.62435334728626,0.1367359173915448,0.11962694756503739,True,50.0,61.290382204681855,48.723340417420104,-0.09621651787325858,-0.4660491943359375,197748.01619288712,31.491203203731523,0
2020-01-03,82.74584197998047,83.63557832346173,82.19504912072108,83.29663483923986,6813.547,1.0592145505247572,0.5931575623208403,-0.04237116799401974,64.23976155610038,82.71194610595703,82.53822860717773,81.81796340942383,-52.49958144259632,0.08541576557617299,0.1624149638333294,False,33.33333333333333,40.001078591276254,39.140102381282375,-0.11260732904208881,0.0,196144.8502482497,82.3660661814745,0
2020-01-06,81.6866226196289,82.27978014702377,81.6866226196289,82.23741544645681,9321.768,-1.0592193927830493,-1.3557981764379576,-0.508426501092174,51.89123560097782,82.44078674316407,82.49162368774414,81.95989799499512,-100.0,-1.03516510501066,-0.9673809396500742,False,33.33333333333333,0.0,33.76382026531937,-0.19553225170304578,-0.4660491943359375,186823.0822482497,-155.62082574507554,0
2020-01-07,81.43240356445312,81.94082519461415,80.83924607342055,81.72898230996941,6328.602,-0.5084331364873975,-0.3389549524096225,-0.847376546208352,49.40472434178802,82.15267639160156,82.40265045166015,82.06370086669922,-78.78801808963021,-1.0213826480711552,-1.1444061168321302,False,16.666666666666664,21.211981910369797,20.40435350054868,-0.26399350859194604,-0.8897323608398438,187309.89207267915,-192.1756241319459,0
2020-01-08,81.05109405517578,81.51714455174395,80.54267239304133,80.6697729598758,8516.995,-1.0592093500936102,-0.42368064287019536,-0.2965736803792254,45.81269132049786,81.93236083984375,82.27130813598633,82.17597732543945,-83.56168362141729,-1.1199165438923016,-1.4975298572965896,False,16.666666666666664,16.4383163785827,12.550099429650828,-0.32730928903751644,-1.3134231567382812,187680.2207701687,-159.82659474151407,1
2020-01-09,82.15267181396484,82.2797788435164,81.60188546079489,81.60188546079489,7163.943,0.9321125009190894,0.7626342917724429,1.0592130677535607,55.91439696542339,81.81372680664063,82.2374137878418,82.31155662536621,-47.94541259440512,0.2239777241888197,-0.1416294313602926,True,33.33333333333333,52.05458740559488,29.90162856484912,-0.28870046146701134,-0.3389434814453125,192157.64244449668,-29.47383643970421,1
2020-01-10,82.44924926757812,82.87293501619892,82.1526640715984,82.61872098105385,9071.925,1.0168355202589652,0.5931561726825265,0.5507786108035049,58.20291658503815,81.75440826416016,82.2331771850586,82.3729907989502,-38.356454498516015,0.6464896624611683,0.2102661019429318,True,33.33333333333333,61.643545501483985,43.37881642855385,-0.23894643483815425,-0.04236602783203125,190556.79114032834,29.91999765981891,1
2020-01-13,83.04241943359375,83.1271553032946,82.61873362015704,82.91531239657625,6650.898,0.29659141552239987,0.2542202870956771,0.4660695485586501,62.45533347150495,82.02556762695312,82.2331771850586,82.41959648132324,-19.178044958753553,1.3094482495064366,0.8749393456042099,True,50.0,80.82195504124645,64.84002931610844,-0.16534254037867346,0.0,194990.75133058048,85.36141763962395,1
2020-01-14,83.55083465576172,83.7626775460983,83.38136292946524,83.46609879261348,11544.956,0.5507863960372248,0.6355222428037024,0.7626293093081955,65.71670460612842,82.44925384521484,82.3009651184082,82.49374122619629,-6.578961221085835,1.544797368080538,1.383824816870433,True,66.66666666666666,93.42103877891417,78.6288464405482,-0.08568046200239177,0.6778793334960938,193707.8914474973,140.59973908077748,0
2020-01-15,82.70345306396484,83.63556037541146,82.5763460521923,83.63556037541146,10259.354,0.16946158279797885,-0.12711717068684436,-0.8050168772729336,56.75295899737453,82.77972564697265,82.35604324340821,82.47043838500977,-32.8951176096058,0.25679297037876275,0.38998903129802975,False,66.66666666666666,67.1048823903942,80.44929207018494,-0.09272575127179572,0.55078125,185910.80745474837,61.44869720215529,0
2020-01-16,82.44924926757812,82.61872098105385,82.19503523243307,82.3221422500056,8686.499,-1.3134181254058603,-1.0168393943576035,-0.38131081975923564,54.327868342239775,82.83904113769532,82.32638397216797,82.43230628967285,-40.78963281388693,-0.33290802114179624,0.12433561053417247,False,66.66666666666666,59.21036718611306,73.24542945180714,-0.11568165120016494,-0.29659271240234375,187648.213291113,6.848810087307554,0
2020-01-17,82.44924926757812,82.83056385536425,82.27977108917094,82.78819269452958,8121.134,0.4660504445239866,0.21184287431039195,0.08473585673786488,54.327868342239775,82.83904113769532,82.29672470092774,82.41747665405273,-40.78963281388693,-0.39242547281804685,0.0942942809758762,False,50.0,59.21036718611306,61.84187225420677,-0.13092027314067045,-0.29659271240234375,184524.8028684689,22.126356033247415,1
2020-01-20,82.78819274902344,83.04240678433582,82.66109219629871,82.66109219629871,6969.945,-0.12710049823087388,0.21184292897157775,0.3813211071277749,57.22802306362019,82.78819580078125,82.4068817138672,82.44925270080566,-30.26345458328597,-0.051157029421647404,0.5014693801188655,True,50.0,69.73654541671404,62.71909326298006,-0.11859404606715018,1.1015701293945312,182201.33030751822,49.05890622422986,0
2020-01-30,78.08528900146484,80.50029660667884,78.08528900146484,80.50029660667884,32262.874,-2.160795589619866,-2.54211017765698,-4.575803194833867,29.18064929047391,81.69508666992188,82.07217025756836,82.23741035461425,-100.0,-4.779121670049813,-4.758621936825651,False,33.33333333333333,0.0,42.98230420094237,-0.4111254785033269,-3.3471145629882812,149938.4563075182,-239.4225527427281,1
2020-01-31,78.6977310180664,79.31016874826409,78.4352634265513,79.31016874826409,22497.767,-1.1901278584147548,-1.1901278584147548,0.34997442508645804,33.790543210858374,80.8939422607422,81.83683395385742,82.05407104492187,-89.21261048478931,-3.0762733572834082,-3.7191208253324026,True,33.33333333333333,10.78738951521069,26.841311643974908,-0.5392508175928278,-2.353363037109375,140939.1435343093,-168.7122416089171,0
2020-02-03,77.9103012084961,77.99779038280455,76.64168481853692,77.42910073730535,15823.593,-1.8810680109587423,-1.3123783654595371,-1.7935786080143856,30.96354756902747,79.98615264892578,81.41259689331055,81.82500534057617,-82.18483800651738,-3.0926250827718373,-4.338977807615095,False,33.33333333333333,17.815161993482622,9.534183836231103,-0.6457205483537319,-4.24237060546875,154721.0177734092,-143.1530701909844,1
2020-02-04,79.26641082763672,84.8220575857139,79.26641082763672,84.8220575857139,8904.471,7.392956848408559,6.824267202909354,2.6247260090998026,40.340861376796454,79.3495849609375,81.09431304931641,81.6637451171875,-67.91434713548409,-0.7509871303837462,-2.4958479983844986,True,50.0,32.0856528645159,20.229401457736405,-0.5947682377468217,-3.1828384399414062,145816.5467734092,-8.778504774548898,1
2020-02-05,79.48512268066406,79.87883395926693,79.00392890681054,79.61635977353168,6701.508,-5.205697812182223,-4.943223626446979,-0.2624819208261755,41.73333265714133,78.68897094726563,80.73858337402343,81.48588027954102,-65.2407299391516,0.1423018839644231,-1.9587286401028823,True,66.66666666666666,34.75927006084839,28.220028306282302,-0.5190483168407485,-3.5572967529296875,146486.63621927105,-55.33130916613852,1
2020-02-06,80.75374603271484,80.75374603271484,79.92258215561971,80.18505636417531,10696.477,0.5686965906436257,0.8749120734479163,0.9186532488091643,49.231461089317996,79.22266235351563,80.45887451171875,81.37991981506347,-49.73259371899037,2.1771206010526183,-0.2200459662257758,True,66.66666666666666,50.26740628100963,39.037443068791305,-0.36358798581288415,-2.797088623046875,157183.11321927106,-8.972043552746445,0
2020-02-07,79.79134368896484,80.18505499507593,79.57261741056857,80.18505499507593,9554.828,-1.3690993796444673e-06,-0.5686910376389136,-0.34996474505113895,44.49300395605201,79.4413848876953,80.16766357421875,81.26185340881348,-61.497367417464766,0.5974740201938852,-1.0780520532410265,False,66.66666666666666,38.50263258253524,41.17643630813108,-0.3078475552448705,-2.912109375,154453.1177312653,-24.244277280224264,0
2020-02-10,79.61637115478516,79.79134952029148,78.39150257125065,78.74146597726005,7308.908,-1.4435890178158814,-0.39370547478445417,-1.1811148393179138,43.65956196782132,79.78259887695313,79.88437576293946,81.10537986755371,-63.636298480383424,0.1834917344716986,-0.892120091796199,False,50.0,36.363701519616576,41.711246794387144,-0.2665780541499382,-2.8328781127929688,159934.82486998203,-40.474895619924254,1
2020-02-11,80.27255249023438,80.44753086108624,79.92258907353369,79.92258907353369,5115.402,1.1811230962736374,0.6561813407947596,1.5310865022830313,47.66987241425628,79.98382720947265,79.66670608520508,80.98171539306641,-55.614887303595886,0.5112358004915567,0.17732233428701735,True,66.66666666666666,44.385112696404114,39.75048226618531,-0.18289218320091394,-2.17669677734375,161640.00223389227,23.447910314104686,1
2020-02-12,81.05998229980469,81.27870863807993,80.49129248528943,80.49129248528943,5640.117,0.5687034117557488,0.8311777769936981,0.5687034117557488,52.13047406264261,80.29879913330078,79.4938850402832,80.9503833770752,-45.989044668040165,1.1187129017473005,1.306374181205385,True,66.66666666666666,54.010955331959835,44.91992318266017,-0.0682146857296353,-1.72821044921875,164146.72621297924,99.22679594282367,1
2020-02-13,81.19121551513672,81.58492023501165,81.10371964405536,81.36619390730384,5754.317,0.8749014220144034,0.3062115969317176,0.6124271587659251,52.86101134773624,80.38629302978515,79.80447769165039,80.93832397460938,-44.38479973853532,0.9244289665010101,1.6035076374521557,True,66.66666666666666,55.61520026146467,51.33708942994287,0.018154720342994868,3.105926513671875,160485.00422576882,101.96736331746838,1
2020-02-14,81.32242584228516,81.58490004056425,80.97246914457456,81.19119541814175,4988.165,-0.1749984891620926,-2.019444740142262e-05,-0.13125049948079948,53.63281494796766,80.69250946044922,80.06694717407227,80.95189056396484,-42.78083460292553,0.9685724522361062,1.923502054217803,True,66.66666666666666,45.57807630045042,51.734743964624975,0.08221069721041929,2.62469482421875,161197.53709214478,85.55528433840352,0
2020-02-17,80.75374603271484,80.97247231484572,80.44752389773451,80.75374603271484,6266.211,-0.4374493854269019,-0.6124277257185327,-0.5249452468400477,49.779245410021176,80.91998443603515,80.35129165649414,80.88194427490234,-49.73259371899037,0.06323266390300747,0.9294666065048085,False,66.66666666666666,73.97226765139435,58.38851473776981,0.08407040051720732,2.84344482421875,162241.9587109331,28.358141859275367,0
2020-02-18,79.66011810302734,80.1413119397445,79.61637017469093,79.9663335763922,12529.356,-0.7874124563226417,-0.83116037510122,-0.8311537230435846,43.25853699300252,80.79749755859375,80.3906623840332,80.7424877166748,-63.10151908233792,-1.300815913151767,-0.5370937615341363,False,66.66666666666666,39.725950857383225,53.09209826974266,0.01315661967809223,0.393707275390625,151800.96147710405,-57.16519847037945,1
2020-02-19,80.57876586914062,80.71000298134543,79.66011943370063,79.74760861683824,7947.011,-0.21872495955396687,0.5686910416009283,0.043749259009700836,49.33964468158758,80.70125427246094,80.50002670288086,80.61930503845215,-65.98639941699437,-0.22569843421829933,0.33134982376151945,True,66.66666666666666,68.49286652075307,60.73036167651022,0.02873599366955082,1.0936431884765625,157761.1944641722,-12.891288766811543,0
2020-02-20,80.22879791259766,80.92872468800601,79.92258245148017,80.7974875832424,6538.336,1.0498789664041652,0.2187217066605882,0.2624630177795382,47.23576482321379,80.50877075195312,80.44753189086914,80.45320320129395,-42.46617465054175,-0.48834205939573316,-0.20406175177654248,False,50.0,57.53382534945824,55.25088090919818,0.016685318085064793,-0.5249481201171875,155202.6925283784,-5.920085071948728,0
2020-02-21,79.83509063720703,80.44752153922,79.57261643634651,80.18505401335568,5401.188,-0.6124335698867185,-0.48120314878600823,-0.3499660151336599,44.88679604161706,80.2113037109375,80.45190658569337,80.30978507995606,-54.79488692198772,-0.6982893040535533,-0.7298030800767049,False,33.33333333333333,13.043467941303662,46.35671993717167,-0.014880991324515924,0.0437469482421875,153042.25029461365,-59.940649837956904,0
2020-02-24,78.8289566040039,79.09143083206816,78.47899319158387,78.96019371803602,13571.936,-1.2248602953196581,-1.35609070715185,-1.0936232447626395,39.42153639275187,79.82634582519532,80.37316513061523,80.12877044677734,-86.30138369567209,-1.440288546425025,-1.784984344537708,False,16.666666666666664,11.267599255448365,27.281630848736757,-0.09607429198856493,-0.78741455078125,154981.05603135776,-188.7476168501808,1
2020-02-25,79.04768371582031,79.17892083120292,78.26026769852166,78.30401562864819,8840.104,-0.6561780893878364,0.08748999913476041,-0.2187254930622089,41.121669859992394,79.7038589477539,80.25067825317383,79.95869216918945,-76.31584026732703,-0.8141945140919424,-1.4363635974468052,True,33.33333333333333,23.684159732672978,15.998408976475005,-0.12572979282850294,-1.2248687744140625,161295.3976791278,-132.06988681627837,0
2020-02-26,78.26026916503906,78.52274340072277,77.77907529961506,77.99780160435245,15081.003,-0.3062140242957412,-0.6561774304801418,-0.48119239890660026,37.039261374549724,79.24015960693359,79.97070693969727,79.73229598999023,-87.35645110107828,-1.5138964544693565,-2.280486060205922,False,33.33333333333333,12.643615988054975,15.865124992058776,-0.1854508555806162,-2.799713134765625,165730.85939566372,-140.14986825428738,0
2020-02-27,77.56034088134766,78.30400890466079,77.29786667312118,78.17277180054757,24688.054,0.1749701961951189,-0.21873449606198392,-0.4812086264938813,33.78666816654882,78.70646820068359,79.60761947631836,79.70604858398437,-93.87751507096321,-1.7728540688556997,-2.8803624122330183,False,16.666666666666664,7.1429218212187875,14.490232513982251,-0.2548799040841606,-3.6308746337890625,153923.64316029428,-128.85194693515666,0
2020-03-02,76.42296600341797,77.21038199903067,75.98551341418833,76.55420311518621,27894.641,-1.6185686853613532,-1.093626905630117,-1.3123532589328448,29.23555690218774,78.02404327392578,79.11767349243163,79.59231033325196,-92.18751908500703,-2.4294886803272284,-3.839273746630113,False,16.666666666666664,8.849562865068238,9.545366891447339,-0.3540900413641319,-4.8994598388671875,145953.72401549938,-155.43877479953352,1
2020-03-03,77.51658630371094,77.82280173703626,77.21037087038563,77.73531256679985,11071.9,1.1811094516136365,0.6124197380055847,1.2248574561972987,37.99630425133454,77.76156921386719,78.79395751953125,79.5726245880127,-72.65641771706773,-0.5425759556496298,-2.085935047591862,True,33.33333333333333,30.973244005007803,15.655242897098281,-0.32358168570843937,-3.2371597290039062,145953.72401549912,-81.66727814834864,1
2020-03-04,78.04153442382812,78.04153442382812,77.34161432932974,77.69157771407711,8437.415,-0.043734852722735695,0.21873268679186708,0.1312434589441125,41.77117814885776,77.56033935546876,78.63209915161133,79.51138076782226,-58.772048244296414,0.29984532662888613,-1.0812364734231603,True,50.0,41.59282085574123,27.138542575272428,-0.24892141206298046,-1.6185836791992188,154391.13901549912,-50.533286068890625,1
2020-03-05,78.91645812988281,78.96020606640077,78.52275340121295,78.56650133773091,9785.483,0.8749236236537996,0.9186716425726473,1.1811390718832087,47.57441765858446,77.6915771484375,78.46586837768555,79.4829475402832,-40.70767860523007,1.4528241082496944,0.22223888400653996,True,50.0,65.68667365825729,46.08424617300212,-0.12759941996359614,-1.6623077392578125,162219.4059638023,25.908907289654554,0
2020-03-06,77.2978744506836,78.43525390077735,77.25413319490895,78.43525390077735,17096.376,-0.1312474369535579,-0.524952165623418,-1.268620206304007,39.607910391603056,77.63908386230469,78.17277603149414,79.31015396118164,-73.45124527761253,-0.422649306141569,-1.5872965506958456,False,50.0,41.09594752936806,49.458480681122204,-0.14222965717613767,-2.9309234619140625,146389.31367506064,-47.27688921657624,0
2020-03-09,75.11061096191406,75.94177491661604,74.89188465936044,75.94177491661604,27734.426,-2.493478984161314,-2.493478984161314,-2.3622485355485026,31.766150038472986,77.37661285400391,77.70032806396485,79.0761173248291,-96.37680804003857,-2.728728675189427,-3.8140102248378596,False,50.0,5.102040052524585,37.29488708004998,-0.2772728234272731,-4.724479675292969,130210.85442587912,-208.7126808454349,1
2020-03-10,75.50432586669922,75.50432586669922,74.27945717972547,74.36694636986702,23784.345,-1.5748285467490177,-0.43744904991682176,-0.6124274796349738,34.319653121009665,76.97416076660156,77.36786499023438,78.87051506042481,-80.14176546182917,-2.02458698835957,-2.8198629992718245,True,66.66666666666666,26.168220441403847,24.122069341098836,-0.3153653225989317,-3.3246307373046875,153995.1994258791,-147.3842239922154,0
2020-03-11,74.6294174194336,75.72304893686376,74.41069111594756,75.6355530754717,15306.57,1.2686067056046824,0.2187230701645433,0.13123393622208823,31.465119212701097,76.29173736572265,76.9260383605957,78.58835830688477,-92.85717244575142,-2.551406113338744,-3.4066178005535477,False,50.0,7.476586507435962,12.91561566712147,-0.3709359473706251,-4.418266296386719,143790.81942587916,-113.94054175517375,0
2020-03-12,71.87345886230469,73.92948461420944,70.99855371894127,73.92948461420944,44910.246,-1.7060684612622623,-1.7935643226543192,-3.4121373970062905,24.47087929847747,74.88313751220703,76.28735733032227,78.12903213500977,-89.30481809242993,-4.8731140571160365,-6.270504046707298,False,33.33333333333333,10.988989536105471,14.877932161648431,-0.5537472041629705,-6.386810302734375,125692.67280260043,-173.77898148756935,0
2020-03-13,70.8673095703125,71.21727292788113,66.44903636537492,68.24259440104167,53704.86,-5.686890213167771,-2.7122116863283168,-4.549517353566344,22.480670220748735,73.5970245361328,75.61805419921875,77.61283683776855,-64.685370668617,-4.509298544707244,-6.753657827859751,False,16.666666666666664,35.314629331382996,17.926735124974815,-0.6937963145655062,-6.693031311035156,171514.22714988154,-189.55365588705135,0
2020-03-16,67.63018035888672,70.34238537363562,67.32395817294938,69.99242192899116,33813.951,1.749827527949492,-0.8748875542455039,0.8749218075744523,17.48851364828846,72.10093841552734,74.73877563476563,76.92822456359863,-90.55928404987627,-6.848754090606807,-9.963587981592841,False,16.666666666666664,9.44071595012374,18.581444939204072,-0.9404959586047674,-8.79278564453125,144561.1883415316,-150.14395892903002,0
2020-03-17,65.48664855957031,67.10522173766324,65.00545473635161,65.00545473635161,51145.832,-4.986967192639554,-3.2371636359723794,-2.3185034365977657,15.070949462017794,70.09740295410157,73.53578186035156,76.16486968994141,-96.55175637431435,-7.763408812563231,-11.633632526076147,False,16.666666666666664,3.448243625685646,16.067862969064134,-1.1691752754406792,-12.029937744140625,116857.06051766928,-141.10164721048145,0
2020-03-18,63.693111419677734,65.8366268326004,63.69311141967773,65.57415256061076,46790.503,0.5686978242591465,-1.268594905062841,-1.312343316673882,13.382350499692038,67.91014175415039,72.10093955993652,75.36651935577393,-99.99999999999996,-7.731287825581308,-12.80565127043896,False,0.0,4.81980646077096e-14,4.29631985860315,-1.3495714241684253,-14.34842300415039,70066.5575176696,-125.96278096855254,0
2020-03-19,59.97474670410156,62.118261508699064,58.83736741492975,62.118261508699064,68038.34,-3.455891051911692,-3.718365323901338,-4.855744004747976,10.676792348942683,65.53039932250977,70.2067684173584,74.33631839752198,-94.34781886953773,-9.931025597126549,-16.219389018601742,False,0.0,6.6496269400719035,3.3659568552525374,-1.6100100071856174,-18.94171142578125,49201.57732382198,-143.62980074155672,1
2020-03-20,64.74298858642578,64.74298858642578,62.03078364280471,62.11827283292203,40910.533,1.1324222967346032e-05,2.6247270777267175,3.1934162278749554,30.369973875391594,64.30553512573242,68.95127983093262,73.56202793121338,-70.65214667879715,-1.0033394484956353,-8.136343903308202,True,16.666666666666664,34.97413571270309,13.87458755092502,-1.36170007116419,-12.554885864257812,90112.11032382198,-77.69354938478911,0
2020-03-23,61.94328689575195,63.080659578515046,60.84965546521253,62.11826525463965,22465.117,-7.578282378517542e-06,-1.662329007910735,-1.1811281775921785,26.61186826151814,63.168156433105466,67.63454742431641,72.66743774414063,-84.15176308391669,-3.0800874914095666,-10.308791398381382,False,16.666666666666664,18.39380588096312,20.005856177912708,-1.2873981254918103,-13.16732406616211,89671.65737123795,-86.70883763758326,1
2020-03-24,64.96170043945312,65.88035341869626,64.4804999884218,64.61173708188451,26756.843,2.4934718272448606,2.799693840181213,3.6308445232092694,35.935733031450596,63.063166809082034,66.5802848815918,71.97407493591308,-64.19441583159436,2.3549531427400887,-4.516974154596657,True,33.33333333333333,40.57968105903439,31.315874217566872,-0.9518232850239241,-10.542625427246094,81310.1758302587,-28.03214394324046,1
2020-03-25,67.23646545410156,67.7614072560372,66.58028653293272,67.1927241976886,32687.82,2.580987115804092,1.881053837340943,2.09978654451092,41.99451793795463,63.771837615966795,65.84098968505859,71.38351402282714,-50.259052154562866,5.4545465423674155,-0.2110034143873127,True,50.0,67.84460535975013,42.27269743324922,-0.5153675574687244,-7.392951965332031,84942.19688187313,31.381690248608688,1
2020-03-26,67.54268646240234,67.76141278731296,66.49280277283042,67.71767152732947,19215.688,0.5249473296408667,5.531275760972676e-06,-0.08748376010230174,42.78909404451502,65.28542556762696,65.40791244506836,70.8476348876953,-48.44555704687053,4.879439121384707,1.2403772264829085,True,66.66666666666666,75.66541033415128,61.363232250978605,-0.1630146274178652,-4.330772399902344,97531.77162580926,55.248104492761165,0
2020-03-27,67.01774597167969,68.85504580305123,66.88650883908218,68.50508901612167,21953.901,0.787417488792201,1.0936330157382628,0.39370606625176663,41.72033956713173,65.74037704467773,65.02295608520508,70.32050514221191,-45.79701145482514,2.201477918975402,1.4177860079115572,False,66.66666666666666,81.65942486684212,75.05648018691451,0.06548213385782464,-3.8495635986328125,78505.0872026932,76.89432335751832,0
2020-03-30,66.3615493774414,66.62402357299992,64.78672422907856,65.35540719446188,13605.883,-3.1496818216597973,-2.231022230051309,-2.099784610003624,40.34611093144541,66.62402954101563,64.89609298706054,69.81743431091309,-39.22262205765505,0.7861678383261498,1.1277005243971783,False,50.0,75.10903895091602,77.47795805063647,0.19584436532199856,-1.2686309814453125,88223.53269056065,35.189610261635714,1
2020-03-31,66.62403106689453,67.54267750468685,66.14283054591036,67.19272077124035,9764.0,1.8373135767784703,0.9186539316869329,1.3561063168317986,41.1914006698124,66.95649566650391,65.00983123779297,69.27280654907227,-32.31941332110138,1.908569257034847e-06,2.077747307005847,True,66.66666666666666,77.72922378100964,78.16589586625592,0.3160455040367731,1.1373825073242188,85172.32633908356,60.01410524475479,0
2020-04-01,66.40530395507812,67.06148283472318,66.36155602643643,66.93024572379481,9948.017,-0.26247504744553396,-0.48119466996367066,0.218725480526075,40.66755058736704,66.79026336669922,65.281050491333,68.69099502563476,-24.454187418093774,-0.6869497723520611,1.901990758210082,False,50.0,69.39884572031394,74.07903615074655,0.3921467712162392,2.7121925354003906,76467.88261757429,45.976957244272164,1
2020-04-06,67.41145324707031,67.45519450526268,66.27407373410972,67.3239573806907,12207.626,0.3937116568958885,0.39371167053950273,-0.08748229232671179,44.22692300189336,66.7640167236328,66.02472114562988,68.11574478149414,-14.41045020663333,0.7738508983361871,3.19197453343631,True,50.0,81.96724338153065,76.36510429428473,0.5138927078386297,7.43670654296875,87771.32179125908,54.02750962088331,1
2020-04-07,68.6800537109375,69.0300171030626,68.28634906666959,68.6800537109375,15302.038,1.3560963302467997,1.5748225977999226,2.0122753325598666,48.47823416318961,67.09647827148437,66.41842765808106,67.68485374450684,-3.4334878842403627,2.3801693584741046,4.46932979373139,True,50.0,92.30768050088466,81.22458986757641,0.6734434710346089,3.9370651245117188,88671.360880882,120.18623047317793,1
2020-04-08,69.64244079589844,69.72992996608885,68.54880948102881,68.68004657381233,15230.698,-7.137125166423175e-06,0.6999128630262419,0.26246041435922507,51.535515245264364,67.75265655517578,67.1883430480957,67.41144523620605,-0.9852079480400687,3.1421950993250123,4.650762896502981,True,66.66666666666666,98.2301127073193,90.83501219657819,0.8272489161082204,7.699153900146484,101645.69105677641,168.19873153282745,0
2020-04-09,69.33623504638672,70.07990310936123,68.98627164175261,69.8611768158395,15650.105,1.1811302420271659,0.34997314327237916,0.43746216072379696,50.49547720082383,68.29509735107422,67.62579650878907,67.10304069519043,-8.056859270140365,1.9401866726789583,3.5947709050125036,False,66.66666666666666,85.95044528450182,92.16274616423527,0.8865464728589041,4.374534606933594,96011.69146504064,133.83063689677255,1
2020-04-10,69.37999725341797,69.42373851612616,68.85504870093459,69.11752297717628,5824.779,-0.7436538386632208,-0.6561645932350615,-0.1312229408180201,50.650750789180904,68.8900360107422,67.8401496887207,66.84056968688965,-12.499651138277605,1.3202938071535413,2.70914302936164,True,66.66666666666666,86.77721135496785,90.31925644892965,0.9038133588774437,2.1435317993164062,100940.43476455829,86.63929631896735,0
2020-04-13,68.94254302978516,69.4674848954946,68.72381669615639,69.11752142668898,7430.914,-1.5504872976634942e-06,0.043746379368428734,-0.13123200477819807,48.975598028345765,69.19625396728516,67.98013534545899,66.69402389526367,-21.48727835011939,0.06350743023645075,1.5627689224564403,False,66.66666666666666,78.51272164988062,83.74679276311677,0.8610609941900416,1.3998565673828125,97880.65449375921,61.21504728516002,1
2020-04-14,70.82357025146484,70.82357025146484,69.16125578231109,69.16125578231109,13121.792,0.04373435562210659,1.3560853559702508,0.43743908615469707,55.82832495774141,69.62495727539063,68.3607177734375,66.69183692932128,-0.0,1.9521321823380757,3.8763735516969455,True,66.66666666666666,100.0,88.42997766828283,0.9289284127920618,3.8058242797851562,111002.44649375921,103.20602867181302,1
2020-04-15,71.04228973388672,71.30476392754481,70.86731138811201,71.08603765782841,17361.116,1.9247818755173256,0.4811936760799682,1.7060556058009269,56.56822664058542,69.90492706298828,68.82879180908203,66.8624423980713,-4.026888540121281,1.6906533686358878,3.753376411063697,True,66.66666666666666,94.78254109146664,91.09842091378243,0.954370634048747,4.6807403564453125,107530.01136607326,131.38754033154464,0
2020-04-16,70.69232940673828,70.95479691190204,70.03615063133537,70.16738104641941,12409.525,-0.9186566114090056,-0.34996701564277544,-0.8311607567766401,54.96126046369195,70.1761459350586,69.23562164306641,67.12272644042969,-9.395992493734601,0.9368997563812329,2.7826236466899297,False,50.0,87.82603385901719,94.20285831682794,0.9134208196110909,4.06829833984375,112848.45651103237,93.07575714843469,1
2020-04-17,72.83585357666016,73.49203243771115,72.35465307522415,72.61712728964316,34532.038,2.449746243223757,2.537235525809109,2.318502443888775,62.146459591775944,70.86731719970703,69.87867660522461,67.57986354827881,-8.928573071084928,3.138545606580649,5.074936850968285,True,66.66666666666666,87.39495251091884,90.00117582046755,0.9900509049215434,6.430549621582031,107535.92881562034,181.13802554110995,0
2020-04-20,72.61713409423828,73.0545867092638,72.44215571822693,72.83586040175105,12336.416,0.21873311210788415,-0.43744572844734364,0.08750264300277877,61.062103343761365,71.60223541259765,70.39924468994141,68.21198291778565,-12.121132572237228,2.049188017557294,4.010030549297265,False,50.0,82.30105437000041,85.84068024664549,0.9833513202560292,5.205680847167969,102248.81655456357,133.5790945179164,0
2020-04-21,70.5173568725586,72.31091517935008,70.42986768869004,72.31091517935008,21082.454,-0.524945222400973,-0.7436715299137262,-2.01228802953689,51.62773225922391,71.5409927368164,70.58297500610351,68.50070133209229,-41.21214442067017,-1.2658183226163289,0.5091955353210889,False,50.0,37.61449300147208,69.10349996079712,0.8024875491162978,1.8373031616210938,83127.48974945344,31.691485979600905,0
2020-04-22,70.5173568725586,70.5173568725586,69.55496250001065,69.99241509435035,10896.151,-2.3185000849997266,-1.793558306791482,-0.8749051886793922,51.62773225922391,71.43600616455078,70.67046661376953,68.92940483093261,-57.14284471660779,-1.1952154466483755,0.1397732382082243,False,33.33333333333333,37.61449300147208,52.5100134576482,0.6541160631360452,0.8749160766601562,94023.64074945344,-29.445183128715776,1
2020-04-23,70.77982330322266,71.74221756976911,70.25488158283333,70.99854957630122,13298.948,1.0061344819508662,1.2248606972105165,0.6999190828226887,52.71452472726797,71.45350494384766,70.81482543945313,69.22031097412109,-54.86722242261152,-0.7666406731867913,0.26335479633869563,True,33.33333333333333,43.11899290018012,39.44932630104143,0.5491471220944968,1.4435882568359375,90112.17843366768,9.109332369707925,0
2020-04-24,70.77982330322266,70.86731247745486,70.38611200668356,70.69233412899045,5764.752,-0.30621544731076256,-0.8749050923142505,0.13123042385022643,52.71452472726797,71.04229888916015,70.95480804443359,69.39747886657715,-56.88100709981988,-0.7869242079612766,0.1289181777544663,False,33.33333333333333,37.37360870118694,39.36903153427972,0.4588830889080335,1.3998260498046875,93780.70059696352,-22.20642429391385,1
2020-04-27,72.22342681884766,72.26716807378217,71.43601080506009,71.87346340438685,13917.724,1.1811292753964011,1.3998555963273134,1.0498987983765318,58.77689136918185,70.96355743408203,71.28289642333985,69.63151588439942,-26.60545763077909,1.3816465044466886,1.8245420735513096,True,33.33333333333333,67.7779252353227,49.42350894556326,0.4736491133216265,3.2808837890625,106233.53043913885,63.74978569427229,0
2020-04-28,72.22342681884766,72.529642303377,71.74222628958944,72.529642303377,7556.661,0.6561788989901487,0.26247422959482947,0.3062154845293463,58.77689136918184,71.30477142333984,71.42288208007812,69.89179992675781,-26.60545763077909,1.4751145129487697,1.4855108898013722,False,33.33333333333333,67.7779252353227,57.64315305727745,0.4602649376843479,1.3998565673828125,107912.82402719466,61.05510420490626,1
2020-04-29,73.22955322265625,73.40453824531855,72.57337440641382,72.66087025524303,11874.079,0.13122795186602332,0.8748959419415456,0.8311481168243802,62.739200424196916,71.84721069335937,71.64160842895508,70.23520011901856,-6.060788536107247,2.2394025887967928,2.385311089617344,True,50.0,93.33313303526937,76.29632783530492,0.49309798231972013,2.1872634887695312,114787.2004760179,102.80304801323224,1
2020-04-30,74.80438995361328,74.80438995361328,73.84199562839066,73.88573688067557,18785.156,1.22486662543254,1.399851708294733,1.2686212219768436,67.99248695691347,72.6521240234375,72.05281448364258,70.64421806335449,-0.0,3.4065710984789472,4.104307520259625,True,66.66666666666666,100.0,87.0370194235307,0.588347817214238,4.112060546875,133572.35647601789,157.22909987701573,0
2020-05-04,72.61713409423828,72.87960833325246,71.91720724019855,72.09219229120707,15648.38,-1.793544589468496,-1.9247816203608181,-1.9247883881921126,56.02476304857957,73.01958618164062,72.03094253540038,70.9548095703125,-41.66656037648269,-0.0401373193070233,0.8760906819075515,False,50.0,58.33343962351731,83.88885755292888,0.4762972094242711,-0.218719482421875,140685.21700924053,32.94601849898027,1
2020-05-05,72.96709442138672,73.31705783353904,72.61713100923441,73.05458360567557,7810.636,0.9623913144685048,0.4374495002865757,0.6999237690358626,57.3355279301894,73.16831970214844,72.06593856811523,71.23259162902832,-34.99992234325751,-0.0599132060524721,1.0960194077185061,True,66.66666666666666,65.00007765674249,74.4445057600866,0.4010222101908174,0.3499603271484375,140685.21700924038,62.51198941517461,1
2020-05-06,73.05457305908203,73.27329932572599,72.26715716416459,72.87959471576524,6142.593,-0.17498888991033823,-0.04375850781305246,-0.349973845069826,57.67951255272612,73.33454895019531,72.31966018676758,71.45131759643554,-33.33348084142712,-0.12958263301723125,1.1916672459179822,True,66.66666666666666,61.53833003649866,61.623949105586156,0.33507851083320506,2.5372161865234375,144157.12094415183,46.07795171247376,1
2020-05-07,73.36078643798828,73.62326062059118,72.87959266987728,73.05457100828205,6140.995,0.174976292516817,0.3499612948651958,0.6124355057126962,58.943563605438456,73.36079559326171,72.60400314331055,71.63723487854004,-27.500208896767735,0.029813055066600366,1.5286677591921265,True,83.33333333333334,67.32655724775834,64.62165498033316,0.29163579562181696,2.8434295654296875,145963.24406633008,62.98812056179736,1
2020-05-08,73.79824829101562,74.14821168707488,73.49203282258749,74.01697457917808,6034.013,0.9624035708960292,0.5249510664836947,0.6124401527102066,60.7697279564522,73.1595672607422,72.90584564208984,71.86033554077149,-19.16669334876035,0.49642588221787765,1.7490945373818803,True,83.33333333333334,70.12979779815399,66.331561694137,0.2722848743018078,3.0184249877929688,145560.9519805351,90.33114774914075,1
2020-05-11,74.41069030761719,74.71690579417177,74.10446814606561,74.3669423773964,6655.422,0.3499677982183158,0.5686941070968885,0.6124353234781239,63.26518348706902,73.51827850341797,73.2689323425293,72.11187019348145,-8.653674505243293,1.4210572617777233,2.13661260121242,True,83.33333333333334,87.14308935797534,74.86648146796256,0.2795948628764371,3.6308670043945312,145561.02451840404,123.8183517121679,0
2020-05-12,73.53577423095703,74.0169680172566,73.18581086592353,74.0169680172566,11549.365,-0.34997436013979666,-0.6999377769151636,-0.9186572801420851,57.559167320814986,73.63201446533203,73.40016708374023,72.34153175354004,-28.71289986493078,0.019830707399001928,0.6185107611571136,False,83.33333333333334,56.060428155035886,71.11110510372174,0.2076752195641125,1.312347412109375,143737.50891503747,29.401816631152393,1
2020-05-13,73.75452423095703,73.8420134316169,73.14208647634165,73.22957567700152,4967.165,-0.7873923402550815,-0.17495458563969635,-0.043724389581882406,58.57815261365506,73.77200469970703,73.55327682495117,72.48807945251465,-31.16827638323305,0.13861249048947488,0.5766802728220156,True,83.33333333333334,63.637018267730205,68.94684526024714,0.1591880046374199,1.531097412109375,147462.9063502355,16.24865603175915,0
2020-05-14,72.87960052490234,73.36079434487682,72.79210467127383,73.31705309305903,8743.268,0.08747741605751003,-0.48121908674008296,-0.34998180506781296,53.023428326915074,73.67576751708984,73.51828155517578,72.57994499206544,-62.85717028532905,-1.0101020219519006,-0.690477189873625,False,66.66666666666666,34.374889515801804,51.357445312855965,0.05777103922683169,-0.34995269775390625,141410.03254120477,-55.217100022590515,1
2020-05-15,73.36078643798828,73.71074978979358,72.66086640937345,73.5357714513888,6190.781,0.21871835832976672,0.349955444916759,-0.13123826190037846,55.552193222015994,73.58827514648438,73.37392120361328,72.71336784362794,-50.00042113433203,-0.35652346084857456,-0.16372895319037067,True,66.66666666666666,44.642509865205625,47.551472549579216,0.014907252432950768,-1.443603515625,143473.59996785418,-12.553629664742157,0
2020-05-18,72.74836730957031,73.01083485950153,72.4421518304855,72.66087812625992,8271.703,-0.8748933251288804,-0.6999149302920529,-0.21871457888795476,51.688973200557875,73.255810546875,73.38704452514648,72.70899353027343,-71.21207239465866,-0.952946886301862,-0.9431110090655682,False,50.0,19.643245821687245,32.88688173423156,-0.05883484136648842,0.13123321533203125,144109.9296249036,-103.27803679657609,1
2020-05-19,73.404541015625,73.92948275343116,73.18581473528941,73.84199357629619,5477.775,1.1811154500362733,0.9186478939296308,0.7436629048039123,55.32070046610632,73.2295639038086,73.43078918457032,72.74836387634278,-46.875217215235985,0.16913352108672544,0.10937384298618559,True,50.0,42.30739677797669,35.53105082162318,-0.06697244983837292,0.43744659423828125,141854.3809975238,18.417291974245003,0
2020-05-20,73.31706237792969,73.66701913677637,73.05458813379737,73.49204075735304,9894.141,-0.34995281894315156,-0.26246361665478446,-0.13122660149204535,54.72242111916057,73.14207153320312,73.45703811645508,72.88834915161132,-57.142328771828964,0.09955115610534843,-0.08940577093271,False,50.0,38.46176603760632,33.47080287909009,-0.08086936250452825,0.26248931884765625,140441.0555267227,-21.426945232877234,1
2020-05-21,73.92948150634766,74.19195570832134,73.57951812871481,73.6232660540425,7568.047,0.1312252966894647,0.5249365715449699,0.5249299949174429,58.17679211038725,73.35204772949218,73.51390762329102,73.05895538330078,-32.143064728310584,0.8955170835141456,0.6351669413987818,True,50.0,65.38419976866075,48.71778752808126,-0.052797438357980786,0.568695068359375,141522.1815311151,75.14002089932232,0
2020-05-22,72.5733871459961,73.40455113080392,72.52964588889922,73.3170619416129,13354.146,-0.30620411242959733,-0.787404577517421,-1.0498722398155849,49.12353036995612,73.19456787109375,73.39142150878907,73.14863357543945,-94.23079077537136,-0.8861836856782774,-1.156839577987368,False,50.0,7.500001410038337,37.11532240543514,-0.12539743302409911,-1.2248611450195312,129503.32787025678,-101.40378141555682,1
2020-05-25,73.05457305908203,73.05457305908203,71.87345255420384,72.74835762077967,5250.544,-0.5687043208332341,-0.34997807172189255,-0.6561933346953879,52.01408161319805,73.2558090209961,73.25580978393555,73.26237106323242,-58.46175740553004,-0.15943743836150628,-0.46688392717719845,True,50.0,50.94323476681939,41.275811981839496,-0.13975408343242846,-1.3561172485351562,134753.8718702568,-112.33866409815427,1
2020-05-26,73.8857421875,74.06072723419743,73.36080039740172,73.71076381579958,15454.949,0.9624061950199092,1.0061541751153982,1.487347843197881,56.6546509903089,73.3520492553711,73.29080657958984,73.34548683166504,-29.23078160698504,0.7155651527450884,0.6555425120348523,True,66.66666666666666,86.79262004550091,48.41195207411955,-0.09419869568004591,0.34996795654296875,142481.19898094,94.08557979197286,0
2020-05-27,73.79824829101562,74.23570086734055,73.53578075021862,74.10446375944376,4589.767,0.3936999436441795,0.17497363314312508,0.1749803528169025,56.03238866096701,73.44828643798829,73.2951789855957,73.42422790527344,-18.518484017628822,0.5064015802058232,0.6062981133423396,False,50.0,81.48151598237118,73.07245693156383,-0.0718919220033033,0.04372406005859375,141333.72440218035,97.62763353512541,0
2020-05-28,73.36078643798828,74.27943940210271,73.09831893038113,74.27943940210271,7476.909,0.17497564265894994,0.04373853476215572,-0.43746181983749466,52.865304040865404,73.33454742431641,73.34329757690429,73.43078956604003,-38.181961173922474,-0.0992959139793799,0.029808719221580685,False,50.0,61.818038826077526,76.6973916179832,-0.08749656833016417,0.4811859130859375,137179.83911876206,41.473248786976605,1
2020-05-29,73.8857421875,73.8857421875,72.61713230517941,72.96709572357726,5320.69,-1.3123436785254512,-0.39369721460271023,-0.4811866252017154,56.11266670070616,73.59701843261719,73.39579315185547,73.38485717773438,-16.363232199150318,0.6255636755057064,0.7305839642648884,True,50.0,83.63676780084968,75.64544086976612,-0.06442667151409087,0.5249557495117188,142500.52911876206,17.286381623125198,1
2020-06-01,74.2794418334961,74.49816810115951,73.84198929816925,73.88573054670437,8365.321,0.9186348231271069,0.6124259136595072,1.2248569929898423,58.454443769490716,73.8419921875,73.54890060424805,73.46797256469726,-8.333332269742812,0.7715104291905374,1.1065293301244281,True,66.66666666666666,91.66666773025719,79.0404914523948,-0.02655529889037167,1.5310745239257812,145288.9694520955,132.22211194286962,1
2020-06-02,74.6294174194336,74.8043957922236,74.36694318525153,74.36694318525153,11947.06,0.4812126385471629,0.30622769106409464,0.5249538870822761,60.49844804886134,73.99072723388672,73.6713882446289,73.55108871459962,-5.970036216335217,0.8870610296551421,1.436934585639254,True,66.66666666666666,94.02996378366478,89.77779977159055,0.01587822961714702,1.2248764038085938,147678.52729023024,146.6675982964772,1
2020-06-03,75.9417724609375,76.02926164413047,75.32933482859313,75.37308275768802,18117.244,1.0061395724364957,1.2248658519068698,0.9623916433416042,67.116591874631,74.4194320678711,73.9338592529297,73.69544868469238,-2.105226233924911,2.1877834905764995,2.8486860965590886,True,66.66666666666666,97.89477376607509,94.53046842666568,0.12032741222975829,2.6247100830078125,161266.54667965177,210.14526452793186,1
2020-06-04,76.64168548583984,76.77292258594326,76.2479808605258,76.55419631076964,15036.553,1.181113553081616,0.7436609418127915,0.918646031932667,70.03727623554948,75.0756118774414,74.2050796508789,73.85949363708497,-2.67859787391795,2.476109923002328,3.4187536672013215,True,83.33333333333334,97.32140212608205,96.41537989194065,0.21881253741044215,2.7122039794921875,168784.72757957896,175.3106670507355,1
2020-06-05,77.2978744506836,77.2978744506836,76.72918472563671,76.72918472563671,9916.582,0.17498841486707306,0.5249518647403306,0.4812038651109134,72.53245178471566,75.75803833007812,74.67752838134766,74.03447494506835,-0.0,2.454584402578397,3.8393797998653167,True,100.0,100.0,98.40539196405238,0.3051076685352988,4.7244873046875,178701.30957957896,146.56613593703418,1
2020-06-08,78.30401611328125,78.56649034567094,77.69158513770132,77.77907432349888,15549.542,1.0498895978621618,1.2686158949873487,0.9624004120646106,75.8907705549272,76.56295318603516,75.20247268676758,74.22914123535156,-3.9216009317072515,2.784959577216353,4.678369138911444,True,100.0,95.58819236288548,97.6365314963225,0.40087637569970347,5.249443054199219,184921.03147270627,142.90564988723133,1
2020-06-09,78.3915023803711,78.5664874204481,77.82281268136515,78.3915023803711,11356.579,0.6124280568722185,-2.9252228443965578e-06,0.13122754366382594,76.16717615556163,77.31537017822265,75.65304870605469,74.47192764282227,-2.614477472739498,1.9823550978981004,4.120468106136886,True,100.0,97.0587084504097,97.54896693776506,0.4380224633682195,4.505760192871094,190933.25405714966,111.39157525774903,1
2020-06-10,79.13517761230469,79.35390392596501,78.34776822312543,78.43525741359008,10998.897,0.04375503321898577,0.7874165055169158,0.5249555417602778,78.45747477311926,77.9540512084961,76.18674163818359,74.74096031188965,-3.2467526876741557,1.9537904570878777,4.405548074036117,True,100.0,96.75324731232584,96.46671604187368,0.4773558745114137,5.3369293212890625,197149.99654588453,110.03359821171534,0
2020-06-11,77.9103012084961,79.48512637103683,77.8665532838438,79.13516299880685,14179.192,0.6999055852167686,0.13122244507181335,-0.48121493928162806,66.90505294658645,78.20777435302735,76.64169311523438,74.99249534606933,-22.929914432652158,-0.046773379095719256,2.3367130285669133,False,83.33333333333334,72.09309038207569,88.63501538160375,0.38928197813082477,4.5495147705078125,183737.29476885268,76.28200528862864,0
2020-06-12,77.21038055419922,77.42910684472102,76.20423828279955,76.33547539211197,21563.371,-2.7996876066948744,-2.056019526315808,-1.6623150010442487,61.280285226471065,78.19027557373047,76.97415695190429,75.18497505187989,-33.120963632539535,-1.065024443592623,1.0399773481417887,False,66.66666666666666,55.555599823874076,74.8006458394252,0.25858282603721827,3.3246383666992188,197599.4702339186,2.478532678629476,0
2020-06-15,76.11676025390625,77.25413980126253,76.0292710598783,77.07915473820898,9573.7,0.7436793460970108,-0.17496704345849423,-0.17496722292125355,53.59939008439193,77.75282440185546,77.15788879394532,75.35339469909668,-49.044394692703655,-2.2197139459768964,-0.689642815533898,False,50.0,18.947664175910372,48.86545146062005,0.08230410075421335,1.8373184204101562,189393.41930286103,-41.36860240804507,1
2020-06-16,77.7790756225586,78.04154318433498,77.12289670562194,77.12289670562194,10841.047,0.04374196741295577,0.7874033830724585,1.0936256457436428,61.58377038558432,77.63033905029297,77.47285461425781,75.57212142944336,-30.232310972579292,0.028133751425785825,1.0514409679019854,True,50.0,50.63303886104241,41.71210095360896,0.06238759241509695,3.149658203125,194039.6498220327,16.80788220685563,1
2020-06-17,77.8665542602539,78.04153261106498,77.25412335741893,78.04153261106498,11510.236,0.9186359054430397,-1.0573270003533253e-05,0.1312266517969931,61.95955608896478,77.37661437988281,77.66533279418945,75.79959602355957,-31.62395819044094,0.2534398708724791,0.773721268461579,True,50.0,53.16435541856305,40.915019485171946,0.0408753536877422,1.9247817993164062,200434.26874387325,9.219185890696782,0
2020-06-18,77.7790756225586,78.1290390465909,77.29787508013953,77.91031274094536,5035.751,-0.13121987011962233,0.08750643552592408,0.04375172272060013,61.30535317444729,77.35036926269531,77.77907180786133,75.99207572937011,-41.05236586229345,0.4330686766956307,0.31973495416873193,False,33.33333333333333,50.63303886104241,51.47681104688263,0.008232121386234414,1.13739013671875,201229.391579834,-1.0273651357527054,0
2020-06-19,77.73532104492188,77.99779525925338,77.56034268536524,77.86655815208763,2333.985,-0.04375458885772332,-0.1312437873375245,0.26246760522570867,60.954182908395815,77.45535736083984,77.82281646728515,76.2501724243164,-50.63306095209042,0.4143836571587494,0.07038732540996243,False,33.33333333333333,49.36693904790958,51.05477777583835,-0.02690498517101325,0.43744659423828125,200762.56608880614,-5.851714159674676,1
2020-06-22,77.9103012084961,78.47898417899917,77.73531618488303,77.73531618488303,10579.456,-0.1312419672046019,0.48118891974579014,0.1749734995177903,61.90616315815976,77.8140655517578,77.78344497680663,76.4929588317871,-45.56976553549038,0.488990192741371,0.15933321916659457,True,50.0,54.430234464509624,51.47673745782055,-0.04774279652697122,-0.39371490478515625,195161.80050608996,33.01977152051221,1
2020-06-23,78.26026916503906,78.78521763640647,77.69158611271952,78.39150628288091,8664.889,0.6561900979978788,0.306233457407302,-0.043730072163512546,63.83025961063375,77.91030426025391,77.77032165527343,76.71168518066406,-35.44295393510406,0.47739610483281075,0.5056187210963581,True,66.66666666666666,64.55704606489594,56.118073192438395,-0.04724960653547572,-0.13123321533203125,195508.31144803335,60.785021814418435,1
2020-06-24,78.74147033691406,79.17892294989693,78.56649196171978,78.56649196171978,10061.904,0.1749856788388655,0.39370531349045734,0.8749058490002568,66.37760439461809,78.08528747558594,77.73095092773437,76.95884628295899,-21.518725964064274,0.887442361407726,1.076279982357743,True,66.66666666666666,86.1110805810264,68.366120370144,-0.02492972335520771,-0.393707275390625,191196.00421001695,144.87598606243967,0
2020-06-29,77.95405578613281,78.39150840746352,77.56035109693408,78.08529290753148,9785.007,-0.4811990541882949,-0.7874145424334102,-1.0061408647856922,58.96452784088679,78.12028350830079,77.73532638549804,77.18850975036621,-44.30366572235756,-0.14009089977959188,0.11236388811974299,False,50.0,61.111030471469945,70.5930523724641,-0.07100260871567965,0.04375457763671875,190680.9707539865,35.690857767412076,1
2020-06-30,78.65397644042969,78.69771769411098,78.21652385363642,78.34776096467375,8035.137,0.2624680571422715,0.3062092866474586,0.6561727567023325,62.97425357289862,78.30401458740235,77.87968597412109,77.42692146301269,-24.050484055957416,0.5686593473121094,1.0632818573317766,True,66.66666666666666,74.46790813449212,73.8966730623295,-0.062447452217491595,1.4435958862304688,197255.29534818223,98.0657471837651,1
2020-07-01,79.17890930175781,79.52887266682004,78.69770884042276,78.69770884042276,9979.25,0.34994787574900954,0.8311549727090579,0.4811849867863458,65.71519893773545,78.55773620605468,78.18590087890625,77.67189483642578,-10.000091563795227,0.9293569216936084,1.5997630023038816,True,83.33333333333334,84.61529964572837,73.39807941723015,-0.031125954612122753,3.0621490478515625,198830.97483685458,155.4919119359609,1
2020-07-02,80.05382537841797,80.05382537841797,79.26640936756529,79.31015729733369,7601.474,0.6124484569109256,0.5249527115979333,0.568700527142525,69.78249970095972,78.91644744873047,78.41337585449219,77.943115234375,-0.0,1.582016371292743,2.4110444120453867,True,83.33333333333334,100.0,86.3610692600735,0.03522917340566156,2.274749755859375,206432.44883685457,169.9932926181932,1
2020-07-03,80.97248077392578,81.14745914791166,80.57876941996192,80.57876941996192,14983.163,1.2686121226282268,1.0936337694936924,1.3123600523966275,73.3974528289024,79.3626495361328,78.72396850585938,78.19465065002441,-4.347761439783459,2.161721088338891,3.052805456779426,True,83.33333333333334,95.12203253468759,93.245777393472,0.12277530352792576,3.105926513671875,212195.3661736972,189.45692938101354,1
2020-07-06,82.372314453125,82.50355154986312,81.54115062378092,81.54115062378092,14469.339,0.9623812038190067,1.3560924019514573,0.9623812038190067,77.81020717948006,80.24630126953124,79.18329238891602,78.48118209838867,-2.500026515783487,3.140396074946724,4.3261369349571765,True,83.33333333333334,97.34509862612681,97.48904372027147,0.24944207462055656,4.593238830566406,222718.50356350164,184.4788904296972,1
2020-07-07,82.67853546142578,83.55344059858373,82.32857207156331,83.11598803000476,13927.773,1.5748374062238355,1.0498890487206154,0.7874214477823926,78.65514891788843,81.05121307373047,79.6776138305664,78.75021514892578,-13.986027875151203,2.51310572394996,4.18484581127215,True,100.0,85.40143381944942,92.62285499342129,0.32362848940994926,4.943214416503906,216749.47967786057,150.47142598917588,1
2020-07-08,83.24723052978516,83.46595682824754,82.59105163439799,82.67854081878356,11145.368,-0.43744721122119756,-0.08748377033619192,0.26247956283467033,80.18386067094667,81.86487731933593,80.21130676269532,78.99737586975098,-5.109378709184691,2.247699733546164,4.302553128721592,True,100.0,94.89061411957404,92.54571552171676,0.3770451256663996,5.3369293212890625,222322.16367786066,117.18769743139941,1
2020-07-09,83.50970458984375,83.85966802965137,83.2472370162361,83.72843090534883,7241.657,1.04989008656527,0.393711201403832,0.6561853818381138,80.87356352882709,82.5560531616211,80.73625030517579,79.2532859802246,-5.555577589531803,1.6687433965331073,4.00436505159815,True,100.0,94.44442241046819,91.57882344983057,0.3942418073050822,5.2494354248046875,221287.57359659634,104.30647334522848,0
2020-07-10,82.80977630615234,83.72842273665043,82.76602837732048,83.5971923001484,11502.554,-0.13123860520043706,-0.13124529300094423,-0.4812086389156178,73.4379122235883,82.9235122680664,81.14308090209961,79.437015914917,-16.666755057935244,0.2559808742815297,2.6108960494402242,False,83.33333333333334,81.39527024736701,90.24343559246977,0.32551821856228824,4.068305969238281,210830.77159815008,72.26180613789074,1
2020-07-13,84.0346450805664,84.07838633450147,83.3347182676374,83.4659553794362,12054.512,-0.1312369207121975,0.34996359785104403,0.568689890316918,77.40404863729296,83.25597839355468,81.75113983154297,79.74323310852051,-0.6710803538305544,1.1141360633649031,3.511452820768847,True,83.33333333333334,99.18706791136984,91.6755868564017,0.3286382026845964,6.080589294433594,221467.23300824437,84.25801563001615,1
2020-07-14,84.55958557128906,84.55958557128906,83.72842165915732,83.81591751569505,13480.664,0.34996213625885275,0.4811992367875888,0.39370339151992084,78.87852798058006,83.63218841552734,82.34170074462891,80.110693359375,-0.0,1.3014221484095128,3.5397041685993265,True,83.33333333333334,99.99999999999999,93.52744605291228,0.33120797086854337,5.905609130859375,234947.89700824436,94.69994199148249,1
2020-07-15,84.90955352783203,85.69696287894259,84.60333136351454,85.12827983091763,21315.724,1.312362315222586,1.137377307653523,0.874909704357222,79.83550641414973,83.96465301513672,82.91476516723633,80.55033302307129,-10.52624516350932,1.269568702063639,3.2355354243445142,True,83.33333333333334,84.61548283742731,94.60085024959903,0.3213769345415667,5.730644226074219,225569.18660961167,128.06209856407548,0
2020-07-16,84.0783920288086,84.8658080779332,83.85966571932939,84.8658080779332,7632.129,-0.2624717529844389,-0.8311548010093901,-0.7436656441851568,71.44833052577552,84.0783905029297,83.3172218322754,80.86529884338378,-23.124905043113444,0.11285834454826475,1.6662302311911803,False,66.66666666666666,61.05283995628844,81.88944093123858,0.22817926779772923,4.024566650390625,221255.37016322633,72.14026742918045,1
2020-07-17,85.04078674316406,85.47823936360214,84.60333412272598,84.90955629703045,18010.47,0.04374821909725313,0.6124312856689471,0.7436684033965975,74.7932991325953,84.52459259033203,83.72405242919922,81.2240104675293,-10.204038184544755,0.9520517424806934,2.2261192895431883,True,66.66666666666666,80.51959605337328,75.39597294902968,0.20155508863745242,4.068305969238281,221255.37016322633,113.62213266257739,0
2020-07-20,84.90955352783203,85.17202108653653,84.20962668795926,85.04078396968576,9486.407,0.13122767265531365,-0.3062182770656108,-0.3937074347667249,73.51215267348951,84.69957427978515,83.97777633666992,81.58053436279297,-15.384517162572694,0.3792475605014315,1.5742925532821042,False,66.66666666666666,74.64804081270498,72.07349227412223,0.14780140084191373,2.5372390747070312,225567.4451225409,74.15117055815207,1
2020-07-21,86.98050689697266,87.33301283979203,85.57048984918677,85.61455561334856,24740.975,0.5737716436627949,2.1609917532555016,1.3608631612275133,79.54423143126833,85.18375854492187,84.40797348022461,82.04279365539551,-6.086228050192637,2.2341128578274017,3.4322117049494767,True,66.66666666666666,92.28142890092933,82.48302192233587,0.22006285357967936,4.301971435546875,240411.99237080908,186.20084447741658,1
2020-07-22,87.2008285522461,87.46520970927804,86.67207296167433,86.84832930752633,7243.893,1.2337736941777706,0.13219686948600895,1.1015831124875604,80.07095441079471,85.64201354980469,84.8033332824707,82.507320022583,-5.146969198114797,1.9654968585150903,3.200409547971968,True,66.66666666666666,94.37388901692343,87.10111957685258,0.24891553000253674,3.9535980224609375,242826.58243271717,163.08609639103662,0
2020-07-23,87.1126937866211,87.15675954892168,86.45174769306024,87.1126937866211,6008.972,0.2643644790947661,-0.3084501603563581,-0.22032526861408996,79.18120603124784,86.24887390136719,85.16363220214843,82.9499412536621,-7.232344894058923,1.4269505896011934,2.6472159069494126,False,50.0,91.46552104906606,92.70694632230628,0.22879562440947598,3.6029891967773438,248084.38995336424,112.63586066488675,0
2020-07-24,86.80425262451172,88.2142695965568,86.58393726252056,87.24488334849401,17377.622,0.13218956187292008,1.0575100476351196,0.1321895694603228,75.9587738653506,86.60156707763672,85.56307983398438,83.35308036804199,-25.880222906920526,0.5360295341193988,1.9277603478940246,False,50.0,68.56743715520385,84.80228240706445,0.16445446080684079,3.994476318359375,235403.42642176012,97.01985771439239,1
2020-07-27,91.03431701660156,91.25463239493459,89.71242474660343,89.71242474660343,22874.174,2.467541398109418,3.0403627983777852,3.128487484082868,85.05707747375274,87.82651977539062,86.26304702758789,84.00709342956543,-2.5954253240681915,4.229382997744866,6.1134966035915825,True,50.0,97.02073872679088,85.68456564368694,0.365031136217274,6.999671936035156,251742.1221360457,197.60685905268977,1
2020-07-28,91.29869079589844,95.79312313765804,91.0343163778489,94.51529664168923,22422.761,4.802871895085801,4.538490742723454,1.3218916312454638,85.43294561396407,88.69015655517578,86.93695755004883,84.63932914733887,-36.07550395616704,3.2729696457474264,5.551299867770196,True,66.66666666666666,62.33755076834159,75.97524221677878,0.46722552991773636,6.739105224609375,231810.74382487618,198.12960385094826,0
2020-07-29,90.37337493896484,91.47495188008585,89.97680320606602,90.59369032718904,9636.665,-3.9216063145001954,-4.318171257572189,-1.0575131717828725,77.9467972238709,89.32466583251953,87.48333969116212,85.19905242919921,-44.922356415955925,1.5765663275660555,3.84734900772305,False,50.0,53.21146579335177,70.85658509616142,0.42541050169285954,5.4638214111328125,227275.88080846868,89.71577373058112,1
2020-07-30,91.69525909423828,92.53245480546254,91.03431298848497,91.82744293659576,6587.085,1.2337526094067215,1.0575029253766814,1.057509782418947,80.59654250671574,90.24117889404297,88.24502639770508,85.78112411499023,-34.33928575574277,2.2018497163502384,4.6512385752898435,True,50.0,64.62325463460282,60.057423732098734,0.4379666289319575,7.6168670654296875,226500.94006567853,91.9335038585861,0
2020-07-31,91.47493743896484,91.91556814585101,91.16649056535172,91.56306223564388,5314.021,-0.26438070095187527,-0.6168866596115237,0.13217757686675213,78.87342262443224,91.1753158569336,88.88844146728516,86.30624694824219,-36.18553741232508,1.1367257441003153,3.7519396029181835,False,50.0,57.75857768894931,58.5310993723013,0.38452514363966417,6.434150695800781,225563.21654523187,68.49408746133517,0
2020-08-03,89.888671875,91.21056410845588,89.888671875,91.16649834461072,7258.914,-0.3965638910331677,-0.7050040373951276,-1.2778186903517224,67.53315300654114,90.94618682861328,89.38635330200195,86.68206481933593,-50.97296216473206,-1.178752200877279,1.3959386676396461,False,50.0,36.79248524292385,53.058105855491995,0.20447136462333937,4.979118347167969,218304.30254523188,25.36744566713484,1
2020-08-04,91.03431701660156,91.0783760581731,90.3733708816025,90.3733708816025,4798.147,-0.7931274630082186,-0.13218805028277814,0.4846990066024972,70.83677961428498,90.8933120727539,89.79173431396484,87.09985389709473,-41.0826397860227,0.08074001395381288,2.1129411293519644,True,50.0,49.05668710908586,47.869250013653016,0.12837629679676876,4.053810119628906,222502.73264905898,33.26001650343054,1
2020-08-05,91.91557312011719,92.0918227230135,91.4308766269153,91.73931679372951,5106.381,1.3659459121270174,1.0134466648403873,1.0575057453128096,73.13103791934606,91.20175170898438,90.26320877075196,87.53327102661133,-37.93102919884469,0.9354817669870082,2.4306396746001715,True,50.0,57.89475779819712,47.91464338340228,0.10426427802775207,4.714744567871094,224885.75200489385,66.98033855175396,1
2020-08-06,92.88496398925781,93.36965378300442,92.40026747201951,92.92902303042112,7430.095,1.189706236691606,1.2778310599909304,0.9693908451042006,75.4487807437214,91.43969268798828,90.84043579101562,88.00203399658203,-31.13202296222923,1.5332770363106292,2.94644507161302,True,66.66666666666666,52.173928694137196,53.0417912004734,0.1193851346592476,5.772270202636719,224885.80353871628,111.87963502180305,0
2020-08-07,92.2240219116211,93.01715864581047,91.91558171596189,93.01715864581047,6803.73,0.08813561538934778,-0.3524951371939551,-0.48468575605761544,70.8998166943982,91.58950958251953,91.38241271972656,88.47274627685547,-38.20744864827151,0.7137760508026286,1.7418841478699179,False,50.0,39.55236367841192,49.87368339024875,0.053987594454731,5.419769287109375,221892.14572804736,73.37257096663672,1
2020-08-10,93.06121063232422,93.281526001588,91.73931841674151,91.73931841674151,5905.752,-1.277840229068957,0.2643673557775372,-0.17626329922038053,73.13776928291259,92.22401733398438,91.58510208129883,88.92407455444337,-29.665081608454784,1.3354606682578756,2.107082058284994,True,66.66666666666666,91.13919121581907,60.95516119612273,0.03703508913079556,2.0268936157226562,226110.54001376164,84.25309990821688,0
2020-08-11,92.356201171875,93.10527204769305,92.31213541068345,92.88495668871766,3199.141,1.1456382719761535,-0.1762539538949568,0.5728169939419416,68.31152526272552,92.48839416503907,91.69085311889648,89.31390533447265,-56.52182931551317,0.11941237664043144,0.8217370560105057,False,66.66666666666666,70.88601325967777,67.1925227179696,-0.047168224049051855,1.0575103759765625,223266.88021774587,77.07630603062833,0
2020-08-12,90.99024963378906,91.65119575703692,90.7699342593731,91.65119575703692,5916.723,-1.2337609316807487,-1.4540762906561326,-1.5422011513103513,59.94999737759805,92.30332946777344,91.7525405883789,89.61794013977051,-81.34326612608605,-1.3535031715424266,-0.6654378491621278,False,50.0,31.645604254822878,64.5569362434399,-0.21118123730188332,0.6168746948242188,220308.51871774596,-64.36272644590548,1
2020-08-13,91.87151336669922,92.44433469881585,91.69526375227494,92.26807836089975,5461.251,0.6168826038628339,0.7931389417789347,0.9253294929018381,63.12660755394149,92.10063934326172,91.770166015625,90.00759620666504,-43.037868506592105,-0.39015661314804934,0.24440251070051316,True,50.0,56.962131493407895,53.164583002636185,-0.2727262377685271,0.1762542724609375,217417.2335867176,17.796992290229532,1
2020-08-14,92.09183502197266,92.09183502197266,91.21057344281502,91.47495460595921,3779.95,-0.7931237549405381,-0.3524996768431947,-0.4846903094599213,63.907371471641376,92.07420196533204,91.83185577392578,90.36014862060547,-36.708572316720684,-0.007966341338033145,0.3280347599733343,True,50.0,57.35320051274562,48.65364542032547,-0.30837816338417134,0.6168975830078125,221197.1835867176,-4.8557618673501945,1
2020-08-17,93.06121063232422,93.14933543533144,91.87150898299808,92.09182435226187,5641.66,0.6168697463026547,1.057500413358781,0.6609355401830612,67.23712513744239,92.07420196533204,92.1491096496582,90.76773147583008,-8.860808784180927,0.8917159414513438,1.258535843771249,True,66.66666666666666,88.1355220101064,67.48361800541998,-0.2774261487633414,3.1725387573242188,226060.69382275577,71.84773868014621,0
2020-08-18,92.53246307373047,93.32559981620372,92.22402287484978,93.14934347149185,3745.611,1.0575191192299798,0.1762643808722828,0.3525138918517001,63.73817261599309,92.10945434570313,92.29892425537109,91.04532928466797,-24.050418284244955,0.414413302555799,0.5867609086070673,False,50.0,67.79688340746252,71.09520197677152,-0.30132504092988643,1.4981460571289062,224412.61583819767,60.817436327132555,0
2020-08-19,91.87151336669922,92.92902450022852,91.7393227941351,92.53245950602799,6043.314,-0.616883965463856,-0.39657531597519835,-0.4847000807146742,59.51477191957423,92.28570709228515,92.2945182800293,91.27886352539062,-49.99996547736671,-0.2153628600472871,-0.31078106962656205,False,50.0,43.103414074736314,66.34527316410176,-0.36610065095855315,-0.04405975341796875,219712.2756840837,-19.990857489308905,0
2020-08-20,88.65489959716797,91.47494024173956,86.98050151499909,91.47494024173956,18738.215,-1.0575192642884303,-1.4540842584889617,-4.758821279136015,44.026686279291894,91.6423843383789,91.87151184082032,91.35597381591796,-73.7931103856503,-3.300233440705628,-3.593683528935738,False,50.0,26.388843839519243,45.763047107239366,-0.6153634438486923,-4.230064392089844,214935.8624425972,-253.55082253603265,1
2020-08-21,90.59368133544922,90.76993093913836,89.62428834468471,90.0208600382224,8132.713,-1.4540802035171652,-0.7050093026011979,2.6437868296856237,52.20516453283396,91.34275360107422,91.70847778320312,91.54544525146484,-43.44821239362718,-0.9554412319633718,-1.3672357985842618,True,50.0,56.944426215810694,42.145561376688754,-0.6367846262267554,-1.630340576171875,220566.246269246,-99.51510695174903,1
2020-08-24,90.85806274414062,91.25463446824526,90.15305755155225,90.63774736080202,3718.559,0.616887322579629,0.48470352910689485,0.5287692068675369,53.22193813243362,90.9021240234375,91.48816299438477,91.5366325378418,-38.88887066721453,-0.44258198624840445,-0.8971465960887298,True,50.0,61.11112933278546,48.14813312937181,-0.6196811237427928,-2.2031478881835938,221607.4155537065,-52.919328950733274,1
2020-08-25,91.56306457519531,91.95962953212918,91.07836809583952,91.16649289477024,3609.809,0.5287455339682197,0.7049950638839277,0.9253105442872709,55.94812476805378,90.70824432373047,91.40884933471679,91.54985122680664,-27.77790283680533,0.605175244921519,-0.06813335385591275,True,50.0,72.22209716319468,63.42588423726361,-0.549795944381662,-0.7931365966796875,221968.41848623214,8.888322841973135,1
2020-08-26,91.91557312011719,91.95963215909558,91.29868606299739,91.65119199228137,2665.52,0.4846990975111254,2.6269663919720188e-06,0.2203179671578681,57.30535865668339,90.71705627441406,91.5013816833496,91.62696113586426,-22.222298680838975,1.1067134996135974,0.42122880247576455,True,66.66666666666666,77.77770131916103,70.37030927171372,-0.47173393094972615,0.925323486328125,224278.5683576514,19.339837181446555,1
2020-08-27,92.13589477539062,93.14934014646701,92.04776324443456,92.6205845781898,5706.106,0.9693925859084374,1.1897079873714347,0.7490771814371726,58.18379641245783,91.41325531005859,91.52781982421875,91.64899291992188,-18.749985962979128,1.299966505783142,0.6821330910802131,True,83.33333333333334,81.25001403702086,77.08327083979219,-0.3999996575033502,0.26438140869140625,219485.4950413428,69.53648556261368,0
2020-08-28,91.2105712890625,91.87151745782381,90.76994050988829,91.51901148978602,3913.299,-1.1015730884037822,-1.277822688643198,-1.2778227345462767,53.171449891772134,91.53663330078125,91.43969345092773,91.63577461242676,-33.33326651124818,-0.18483729688279665,-0.34901366053449967,False,83.33333333333334,66.66673348875182,75.23148294831124,-0.4081926344105735,-0.8812637329101562,218702.8352413428,-13.705657564144582,0
2020-08-31,89.71243286132812,91.87152107489023,89.71243286132812,91.73933049123508,5759.933,0.22031900144905592,3.6170664117207707e-06,-1.0575076485601613,46.149566993579604,91.30750732421875,91.10481567382813,91.62696266174316,-56.944223451819944,-1.6662542058873804,-1.7927373199142675,False,66.66666666666666,44.28599140838526,64.06757964471932,-0.5016783317812425,-3.3487777709960938,212942.90224134282,-61.139949005845224,1
2020-09-01,91.07837677001953,91.07837677001953,89.75648448968981,90.28524005712333,5735.637,-1.4540904341117482,-0.7931443048706939,0.04405162836168586,52.40179919947766,91.2105697631836,90.95940704345703,91.62916564941406,-35.41667819011644,-0.20920735555356804,-0.2051906545168587,True,66.66666666666666,66.42863429944059,59.12711973219256,-0.4598007091204921,-1.4540863037109375,218678.5392413428,-33.271958167266185,0
2020-09-02,90.76993560791016,91.69526288360107,90.15305523977736,91.34275693460017,4133.083,1.0575168774768429,0.6168861135815433,0.39657075008754816,50.944752791909615,90.98144226074218,90.84924926757813,91.5718837738037,-40.27777170620613,-0.402903982629145,-0.33463753654969797,False,50.0,32.500153973515864,47.73825989378057,-0.4410826387921749,-1.1015777587890625,217851.90822629334,-3.199313673689126,1
2020-09-03,91.03431701660156,91.91557852993365,90.94618548647493,91.38681624314098,5129.198,0.04405930854080964,0.22031564633257972,0.7931302466975723,52.187870953173075,90.76112670898438,91.08719100952149,91.4793514251709,-34.285596628780084,0.04842529201072082,0.0928607932341305,True,50.0,38.461443548076964,45.79674394034448,-0.40030024456132796,2.3794174194335938,213655.3434262379,21.229222063453616,0
2020-09-04,90.37337493896484,90.5055587931057,89.8005535848835,89.88867839547477,5916.012,-1.4981378476662144,-1.4100197368279481,-1.145631901591429,48.814262146822706,90.59368743896485,91.06516036987304,91.38681907653809,-44.99980261019741,-0.356272259655729,-0.49726437706794696,False,33.33333333333333,19.230721774038482,30.064106431877107,-0.40596585800394025,-0.220306396484375,217352.92850347643,-111.23300921715663,0
2020-09-07,90.24117279052734,90.81399407116103,89.80054207057701,90.37336335121068,5499.657,0.48468495573591497,0.30843527805532744,-1.1514306493154436e-05,48.135289308849764,90.69943542480469,91.00347137451172,91.24581718444824,-82.4999892049607,-0.3244738697157862,-0.7872185932112449,False,33.33333333333333,15.384177847493264,24.35878105653624,-0.40577895663275454,-0.6168899536132812,216635.57559285295,-90.17727018114604,1
2020-09-08,90.76993560791016,90.85806041428744,90.28523908759743,90.54962023022105,4504.453,0.17625687901036713,0.044066343126402785,0.484697017020423,51.102853637444255,90.63774719238282,90.92415847778321,91.16650390625,-69.2309783521176,0.06476616118838693,-0.22199941203362494,True,50.0,30.7690216478824,21.794640423138052,-0.3588275177302618,-0.7931289672851562,219754.06745640462,-41.05809214572101,0
2020-09-09,90.15304565429688,90.19710469105509,89.13959367998346,89.66834918551928,6274.033,-0.8812710447017764,-0.6609557232323482,-1.1456454076139693,47.634040134286984,90.51436920166016,90.74790573120117,91.1246437072754,-74.72528543176983,-0.4460374247717174,-0.836067905978745,False,33.33333333333333,36.50783520420135,27.55367823319234,-0.3573212875885927,-1.7625274658203125,225505.31091062177,-118.25146326918995,1
2020-09-10,90.94619750976562,91.07838809893968,90.41744187656205,90.59369823662502,3581.337,0.9253490511057407,0.8812834078845952,1.2778481965785886,52.18628385609305,90.49674530029297,90.62893600463867,91.07837791442871,-54.944686780495864,0.39725296451092806,0.09295645446994473,True,50.0,65.07974385431453,44.118866902132766,-0.2935782113172216,-1.189697265625,227654.0985381242,34.61906956001379,1
2020-09-11,90.99024963378906,91.07837443885711,90.593684649237,90.94618386950921,2905.291,0.3524856328841963,-1.366008257264184e-05,0.17624277267495359,52.43680622841886,90.62012023925782,90.60690383911133,91.02329864501954,-53.84606061069541,0.4540275663293963,0.22649679023390856,True,50.0,66.66664459061458,56.08474121637682,-0.24130447370734776,-0.2203216552734375,229502.92741111456,61.69371112215967,1
2020-09-14,92.13589477539062,92.13589477539062,90.99025210788015,91.21056748828664,5753.474,0.2643836187774298,1.0575203365335142,0.3965674586431476,58.59210324096292,90.99906463623047,90.84925003051758,90.97703285217285,-0.0,1.390015660480974,1.4884341908852021,True,66.66666666666666,100.0,77.24879614830971,-0.1281086965101077,2.4234619140625,235256.40141111455,171.1836518914244,1
2020-09-15,92.48838806152344,92.70870342777147,91.87150772542553,92.04775732902739,5438.768,0.8371898407407485,0.5728086523808429,0.8812556175453778,60.315891529008034,91.34275512695312,90.99025115966796,90.9748291015625,-6.172838097359524,1.3601531832906184,1.7573533400454922,True,83.33333333333334,93.82716190264047,86.83126883108503,-0.03298718767896125,1.4100112915039062,237832.65074194217,178.9050308918301,1
2020-09-16,93.89842224121094,94.29498725522389,93.72216589448905,93.89842224121094,14855.265,1.8506649121835466,1.5862838274524194,1.8506581690635215,66.4167485451338,92.09183044433594,91.30309982299805,91.07617454528808,-7.6922354855216994,2.3207505428652597,2.913723547201588,True,83.33333333333334,92.30776451447831,95.37830880570625,0.11338426691496106,3.1284866333007812,232119.27505670724,202.3428843543859,0
2020-09-17,92.88496398925781,93.7221597297694,92.62058284831114,93.45778531231444,8748.846,-0.4406369288964953,-0.5728275254544855,-1.1015830461779075,59.2719759862984,92.47958374023438,91.48816452026367,91.28767776489258,-27.350448523230696,0.7166729722843337,1.6352603858112058,False,83.33333333333334,72.6495514767693,86.26149263129604,0.12928511017270083,1.85064697265625,227569.91785568188,100.31339455989607,0
2020-09-18,92.79682922363281,93.14932840907264,92.40025755477652,92.88495401999276,4951.719,-0.5728312923216805,-0.5728313206967641,-0.22032529353462849,58.67317795877876,92.84089965820313,91.73050994873047,91.39783515930176,-29.06001277547869,0.28570648820456723,1.3515050845291536,False,66.66666666666666,70.93998722452132,78.63243440525632,0.12133326965753088,2.4234542846679688,227861.25819052322,66.32513460037154,0
2020-09-21,92.04776763916016,93.32560094062173,91.9596428274885,92.70871381193581,5709.735,-0.17624020805695295,0.17627253154908828,-0.44061472728802187,53.648085940012145,92.82327423095703,91.91116943359376,91.45732040405274,-43.589681045038944,-0.7129247534090243,0.44074328856507067,False,50.0,56.41031895496105,66.66661921875055,0.05639252907834935,1.8065948486328125,222888.25049823828,36.67159866743948,0
2020-09-22,90.85806274414062,91.91558061826106,90.72587216943909,91.91558061826106,6636.055,-0.7931331936747483,-1.4100203223606655,-1.2337706580494086,46.71577200668027,92.49720916748046,91.9199821472168,91.4220703125,-66.6665786214582,-1.77054235905065,-0.9011160198239409,False,33.33333333333333,11.363396802609035,46.23790099403047,-0.06911280570865486,0.08812713623046875,217726.88272109465,-48.58097567226211,0
2020-09-23,90.72586822509766,91.21056473676698,90.24117843691995,91.21056473676698,5362.1,-0.7050158814940772,-0.7050158814940772,-0.4846937325191334,45.99532760991311,91.86269836425781,91.97726440429688,91.36258506774902,-69.23077701123495,-1.6009605879372717,-1.0888756463151077,False,16.666666666666664,11.956404702392756,26.576706819987617,-0.15835429405462875,0.5728225708007812,217726.8455305191,-91.35059024382328,0
2020-09-24,88.52272033691406,89.71242881262678,88.34647071565622,89.49211342430844,15784.773,-1.7184513124585408,-1.4981359241402004,-1.8947077212637282,35.923027980330474,90.99024963378906,91.73491668701172,91.18192634582519,-97.03708277373894,-3.04833630309494,-3.2933513909938963,False,0.0,2.9629172262610566,8.760906243754286,-0.35199060414108496,-2.4234771728515625,206015.49216039068,-174.55333036818618,1
2020-09-25,88.698974609375,89.4039798014273,88.17021903446279,88.78709941794504,9498.93,-0.705014006363399,-0.3084490111994853,-0.1762516811934347,37.124682637220424,90.1706787109375,91.50578918457032,91.05634651184081,-91.3669292313807,-2.107306249875632,-2.972362073153516,True,16.666666666666664,8.633070768619298,7.850797565757709,-0.4482586857248794,-2.2912750244140625,204658.5169504725,-137.85213915532086,1
2020-09-28,90.15304565429688,90.15304565429688,89.00740312272674,89.31584327399838,6026.88,0.5287438560533388,0.7490658528695775,0.8371840882639532,46.20416125448503,89.79173431396484,91.30750427246093,91.07837715148926,-67.62609541512269,-0.016296531208026488,-1.3104017265102024,True,33.33333333333333,32.37390458487731,14.656630859919227,-0.39588276268352646,-1.98284912109375,210685.3969504725,-70.3671559825757,1
2020-09-29,90.37337493896484,90.99025533659578,90.0208689731077,90.54962456014738,3759.262,1.2337812861489965,0.837209682298905,1.0134658503809533,47.45834065490664,89.69479675292969,91.09600296020508,91.04312705993652,-64.02874647510697,0.5392231267964491,-1.0135060392264712,True,50.0,39.68262676805092,26.89653404051585,-0.3309175096876509,-2.1150131225585938,209660.1578996954,-33.04462023535798,1
2020-09-30,90.76993560791016,91.16650059835384,90.41742965890924,90.54962023022105,3545.485,-4.329926326818168e-06,0.176245261758055,0.39656068580154624,49.75820440190604,89.70361022949218,90.783154296875,91.04312705993652,-57.55404156135868,0.9968947412809592,-0.4550395231149258,True,66.66666666666666,50.42723547486531,40.827922275931186,-0.24946619130591846,-3.1284866333007812,209451.6186782092,-5.5253739488737725,1
2020-10-05,90.81399536132812,91.69525681374861,90.76992959931057,91.16649456350328,5912.599,0.616874333282226,0.5287562153947789,0.35249994040133004,50.02335123148539,90.161865234375,90.57605743408203,91.03211097717285,-56.83467142636125,1.029407708130539,-0.25408737181614083,True,83.33333333333334,51.28187154683764,47.13057792991796,-0.1838787402407361,-2.0709686279296875,204102.15707733444,27.844355850989643,1
2020-10-06,91.87151336669922,91.95963817391136,91.51900741435884,91.65119798692297,6875.26,0.4847034234196883,0.26438136016274427,0.7490778150482669,56.090860905566124,90.79637298583984,90.48352584838867,91.10701789855958,-33.333323690482594,1.5751874838421394,1.0949951387769363,True,100.0,97.67445078073462,66.46118593414586,-0.06657702157811503,-0.9253158569335938,208227.35504059133,89.00527266338952,1
2020-10-07,92.356201171875,92.53245076965882,91.21055861580656,91.65118933375732,4011.139,-8.653165650684969e-06,0.5728125957474646,-0.308448798552277,58.603716777080116,91.23700408935547,90.51436920166016,91.21276931762695,-18.803646100177783,1.4275302077766892,1.67764418844401,True,100.0,95.95964615172142,81.63865615976457,0.040584105577202156,0.30843353271484375,211168.87329529107,114.80952196508564,1
2020-10-08,93.5899658203125,93.7221563860697,92.7968358727522,92.92901971501794,13470.899,1.2778303812606282,1.1897056164108761,1.5862772569456354,64.28021249054842,91.880322265625,90.78755950927734,91.35377082824706,-2.3809808610131147,2.139931599046885,2.9610115842941886,True,100.0,97.6190191389869,97.08437202381431,0.18348357784173508,2.731903076171875,220790.88807746745,165.6397120454821,1
2020-10-12,94.33904266357422,94.91185723791715,94.03059577155398,94.03059577155398,9837.999,1.1015760565360324,1.189700851847448,1.2337598988017788,67.25431325107107,92.59414367675781,91.148876953125,91.56307067871094,-8.496667383447287,2.2201010348664787,3.567540516248116,True,100.0,91.50333261655273,95.02733263575368,0.30994228639158966,3.6131744384765625,217839.60847022876,155.11280550874542,1
2020-10-13,94.38311004638672,94.82374081852063,93.58997331184726,94.60342543245368,5410.614,0.5728296608996999,-0.08811641939651338,-0.44062245970671654,67.42835998787777,93.30796661376954,91.73491592407227,91.73491630554199,-7.8430075238908925,1.6048749271783556,3.282842120188471,True,100.0,91.04494367785637,93.38909847779867,0.3737685903895231,5.860389709472656,219385.50239672512,115.06874037500911,0
2020-10-14,94.03060150146484,94.471232261497,93.81028612144877,94.3390484122808,2562.86,-0.2643770201728728,-0.3525085570236399,0.22031280960150923,64.43950444273173,93.73978424072266,92.26807861328125,91.88693389892578,-13.071833727309116,0.6445531579356529,2.587932787509507,False,83.33333333333334,81.98205170940773,88.17677600127229,0.3688317928246469,5.331626892089844,218531.21573005847,86.17238051156683,0
2020-10-15,93.14933776855469,93.85434965725467,92.62058221377553,93.85434965725467,4550.154,-0.48469875502613036,-0.6168826042423206,-1.189703907673234,57.48963437607362,93.89841156005859,92.56770782470703,91.93760604858399,-26.14378606759644,-0.5254501217536188,1.2007791129990886,False,66.66666666666666,60.78433930953414,77.93711156559942,0.28646984735716774,2.9962921142578125,217881.17956071877,33.03701895366681,0
2020-10-16,92.75277709960938,93.67810440615192,92.62058652389015,93.14934210327505,3239.005,-0.7050075539796268,-0.17624525110275613,4.310114618988337e-06,54.5989474045897,93.73097381591796,92.80564804077149,91.95082550048828,-36.56697293578928,-1.0188038994197113,0.4014516361669931,False,50.0,47.872577053660734,63.546322690867534,0.19017656289524876,2.3794021606445312,215451.93095895895,12.548937649900122,1
2020-10-19,93.94247436523438,93.94247436523438,93.06121286701737,93.10527863132488,3459.323,-0.044063471950167354,0.2643699590824582,0.4406263431272208,61.01444853848561,93.65166015625,93.1229019165039,91.95302810668946,-19.819775067903137,0.1879679594835741,1.3428383889023043,True,50.0,73.8096551601664,60.82219050778709,0.19099706287600138,3.1725387573242188,218911.25395895896,41.44677405840424,0
2020-10-20,93.41372680664062,93.81029182538514,93.41372680664062,93.76623278079809,1414.032,0.6609541494732127,-0.13218253984923933,0.3525139396232504,57.10227131735678,93.45778350830078,93.38287506103515,91.97946624755859,-33.33306422098846,-0.21180808187224298,0.497756587475337,False,33.33333333333333,59.52419449954444,60.40214223779052,0.14254113455174933,2.5997314453125,217497.22195895895,20.64967113823778,0
2020-10-21,93.36965942382812,93.89842173766604,93.10528499040129,93.41372519114532,7299.387,-0.35250758965277385,0.08812991228090539,-0.30844181623933764,56.771313823932154,93.32559509277344,93.53268966674804,92.00810775756835,-37.233818372738334,-0.07858979430016402,0.21676930226657826,False,16.666666666666664,32.69259264645542,55.342147435388746,0.09634611187971165,1.4981460571289062,215064.01045553837,-6.785577428330138,1
2020-10-22,93.50184631347656,93.50184631347656,92.9730907439911,93.1493403593223,2158.26,-0.26438483182302264,-0.39657542418947855,-0.13219424641019373,57.57593380577936,93.3960968017578,93.6472541809082,92.08081169128418,-38.09503280868908,0.15733068821783963,0.11795298578502084,True,33.33333333333333,38.46173376900395,43.559506971667936,0.06501834412011953,1.1456451416015625,217222.27045553838,-54.69572102123248,0
2020-10-23,93.50184631347656,93.98654284087515,93.10528131723542,93.85435226763082,3205.83,0.7050119083085207,0.48469652739858304,0.1321905732443298,57.57593380577936,93.54591064453125,93.63844223022461,92.21300086975097,-38.09503280868908,0.09433795322141605,-0.027481522437046588,False,33.33333333333333,40.00002985726887,37.051452090909414,0.036067288622905536,-0.0881195068359375,216901.66788870492,-22.115515489648182,0
2020-10-26,93.50184631347656,93.94247707529642,93.23747189047975,93.50184631347656,2849.39,-0.35250595415425323,-0.044065765578721994,0.1321905732443298,57.57593380577936,93.4577850341797,93.55472259521484,92.35179977416992,-61.53826623099605,-0.03925682979525683,-0.12942674083767075,False,33.33333333333333,47.61916499481088,42.02697620702791,0.010041367849273786,-0.8371963500976562,216189.30000816286,-1.4847795180013135,0
2020-10-27,92.97309112548828,93.19340650730223,92.66465093564712,93.19340650730223,3350.269,-0.3084398061743343,-0.7490705679941954,-0.5728209548326362,52.50112881015378,93.36965789794922,93.413720703125,92.57431831359864,-84.61516369712938,-0.4325600295871175,-0.6396407682799101,False,16.666666666666664,25.806667097077334,37.80862064971904,-0.04655362051351675,-1.4100189208984375,216747.671074666,-131.59926910783287,0
2020-10-28,92.53246307373047,92.97309385027205,92.35621345251067,92.97309385027205,4669.83,-0.22031265703017766,-0.22031265703017766,-0.30843748313644426,48.60639449299706,93.20221862792968,93.26390686035157,92.7659927368164,-92.8572374253018,-0.7483228734472305,-0.9511794141540637,False,16.666666666666664,10.810675589710584,28.07883589386627,-0.11361173234003807,-1.498138427734375,214746.2862761918,-163.77362345776473,0
2020-10-29,91.51900482177734,91.73932019531243,90.99024926999145,91.65119539059671,6954.385,-1.3218984596753387,-1.23377365495962,-1.365964182519221,40.978753830554695,92.80565032958984,93.10087356567382,92.83429069519043,-84.81016560333141,-1.5095272993394584,-1.785084888892929,False,16.666666666666664,17.64698749561935,18.088110060802425,-0.2200103712403959,-1.6303329467773438,217609.84922666353,-231.96357873247297,0
2020-10-30,90.76993560791016,91.29869116966564,90.50555446528652,91.25463212822288,6432.187,-0.39656326237383155,-0.4406290256467855,-0.48469480470492954,36.37601263483234,92.25926818847657,92.9025894165039,92.8541187286377,-92.40499783114248,-1.834644352164106,-2.30407537797503,False,0.0,7.595002168857517,12.017555084729155,-0.32811515900216714,-1.9828414916992188,215465.82324415192,-179.36764636662787,1
2020-11-02,91.12244415283203,91.16650319552997,90.1530578080822,90.90212876886652,10063.314,-0.352503359356362,-0.1321879741356753,-0.3524966572043269,39.84472121028382,91.78338775634765,92.62058639526367,92.87174415588379,-74.71266128712199,-1.028951283262922,-1.7460478127211354,True,16.666666666666664,25.287338712878007,16.843109459118295,-0.36057433630986735,-2.8200302124023438,224654.1419327117,-126.27960425016161,1
2020-11-03,92.17994689941406,92.40026226328622,91.6952571329901,91.82744097252034,4385.32,0.9253122036538173,1.233759067756253,1.542199324907898,48.952666409050344,91.62475891113282,92.49720840454101,92.94004173278809,-47.12672479498002,0.35979076762180145,-0.5545954828534644,True,33.33333333333333,52.873275205019986,28.58520536225184,-0.2981058419691526,-1.2337799072265625,226298.62124949557,-26.432141202249337,1
2020-11-04,93.54590606689453,93.58996510614975,92.26807290564768,92.53245403514467,5009.968,0.7050130626243316,1.1897028428635252,0.5728157726575915,57.9285790907331,91.82744750976562,92.51483306884765,93.02376136779785,-11.494417487253914,1.7412114110977155,0.955018705034668,True,50.0,88.50558251274609,55.555398810214704,-0.15904881210569138,0.17624664306640625,230974.62196124688,51.77943812384056,0
2020-11-05,93.45777130126953,93.76621143713862,93.0171406147449,93.58995512843435,4268.304,1.0575010932896873,0.17624633098887443,0.7490677090972184,57.22038156653551,92.21520080566407,92.51042556762695,93.07883987426757,-13.793494303025069,1.4751524764008226,0.8559084228204037,False,50.0,87.20896950568309,76.19594240781639,-0.071711544596539,-0.04407501220703125,231727.86109332545,71.0760458032743,1
2020-11-06,94.03060150146484,94.3390484122808,93.67810227223258,93.7221613141407,6237.894,0.13220618570635168,0.5728369751421809,0.6609616574876753,60.63280714967968,92.867333984375,92.56330108642578,93.10087165832519,-7.368552392510937,1.6351820332494378,1.4138051061059025,True,66.66666666666666,92.63144760748906,89.44866654197274,0.0209750990662656,0.5287551879882812,232143.61916510283,106.90101001131777,1
2020-11-09,95.26436614990234,95.52874728748013,94.51529522475414,94.95592597172269,11280.644,1.233764657581986,1.1896988751993263,0.837192952521562,66.84651037251894,93.69571838378906,92.73955307006835,93.1471378326416,-4.918087969757433,2.1417331375525666,2.5819445912097527,True,83.33333333333334,95.08191203024256,91.64077638113825,0.15428732697917213,1.7625198364257812,237538.65771217598,151.81179617420213,0
2020-11-10,94.38311004638672,95.17624678092616,94.11873561720157,95.17624678092616,4350.611,0.2203208092034714,-0.3525005065539659,-0.39655960755257524,59.52540294331286,94.1363510131836,92.8805549621582,93.1471378326416,-21.311447498669878,0.6106221654426883,1.5526886462197778,False,66.66666666666666,78.68855250133012,88.80063737968726,0.1707471014336529,1.4100189208984375,235363.3245516659,94.24783685034475,1
2020-11-11,95.83718872070312,95.83718872070312,94.38310589196652,94.38310589196652,8517.576,-0.7931408889596412,0.6609419397769614,0.264370274764957,66.19055945137713,94.59460754394532,93.21102752685547,93.23746719360352,-0.0,1.5011304795485851,2.901751597067842,True,66.66666666666666,100.0,91.25682151052423,0.26174961586381607,3.3047256469726562,243880.9005516659,106.52929545780856,1
2020-11-12,95.88125610351562,96.41001167102748,95.79312457268713,96.05750571818898,3803.422,1.674399826222455,0.5728229503243512,1.4100186807206114,66.37363303386854,95.07930450439453,93.64725265502929,93.37406311035156,-8.450686693460046,1.1309122331861254,2.681877313234118,True,66.66666666666666,91.54931330653996,90.07928860262336,0.30412336649559046,4.362251281738281,241164.22977129288,112.61614372185963,1
2020-11-13,96.27782440185547,96.32189016878175,95.57281247198739,95.70500304927417,3761.797,-0.3525026689148092,-0.0881215022457269,-0.2203121006997435,68.07095013597076,95.52874908447265,94.19804153442382,93.55031547546386,-2.112645738924852,1.0482540487518484,2.7630867006026025,True,83.33333333333334,97.1963064438338,96.24853991679124,0.3355988742992867,5.5078887939453125,244483.43858441888,97.84491105373829,1
2020-11-16,99.40630340576172,99.40630340576172,97.29127438624707,97.29127438624707,9229.598,1.5862713369728993,3.0844132369799695,1.7184619142596773,77.74043788582769,96.35713653564453,95.0264274597168,93.82350692749023,-0.0,3.359807636411796,5.363125878164498,True,83.33333333333334,100.00000000000001,96.24853991679127,0.532172837771026,8.283859252929688,253713.03658441888,183.24600337312697,1
2020-11-17,100.11129760742188,102.00601103616111,99.93504800993081,101.34506496033286,8137.011,4.053790574085795,2.5997076303993936,2.6437736236837424,79.28281005987527,97.50277404785156,95.81956253051757,94.1583854675293,-15.985159076227331,3.225795285906521,5.2420200538398865,True,83.33333333333334,78.92156255556833,92.03928966646738,0.6660485148569002,7.9313507080078125,246961.02849887544,191.85015365790093,1
2020-11-18,100.77224731445312,101.30100284947054,99.71473624441828,100.11130121480849,19639.154,-1.2337637455243708,-0.7050081866905771,-0.22031176551253395,80.653815919126,98.48978576660156,96.54219665527344,94.52851486206055,-11.965795452925606,2.7788121876792813,5.048799751770989,True,100.0,85.18519166478016,88.03558474011618,0.7492792604474772,7.226341247558594,253507.41316554236,129.99808690782686,0
2020-11-19,100.59600067138672,100.94850661293721,100.2875604938394,100.86037508493088,4409.033,0.7490738701223876,-0.3524962365333266,0.5728242494211173,79.13048832483825,99.43273468017578,97.25601959228516,94.88322257995605,-14.479557642250615,1.7757633528249859,4.103968385162157,False,83.33333333333334,82.12297289143739,82.07657570392864,0.7412679766979613,7.1382293701171875,253213.45969180783,96.28359006102484,0
2020-11-20,100.46381378173828,100.59600435509684,99.89099244617911,100.59600435509684,4708.386,-0.26437072983404164,-0.3525022578403707,-0.3965680476602813,77.92626143250116,100.26993255615234,97.8993408203125,95.23132095336913,-17.15674141601271,0.8626436397891439,3.3505867825297595,False,66.66666666666666,80.44702165825635,82.5850620714913,0.6776102122116121,6.4332122802734375,256156.18971618364,70.4504329010528,1
2020-11-23,101.74163818359375,102.09414413071042,101.0366330128521,101.0366330128521,5697.921,0.44062865775526916,1.4981397756135806,1.145640566672995,80.97887620883043,100.73699951171875,98.54706802368165,95.643310546875,-4.188500402497097,1.220135015285512,3.927082001237788,True,66.66666666666666,95.42855402602581,85.99951619190652,0.6708505726949687,6.477272033691406,258055.4725651849,89.46630168571778,0
2020-11-24,101.25694274902344,102.18226324473318,101.12475218578167,102.18226324473318,6002.898,1.1456302318810714,0.08811911402275996,0.0881191729295665,76.59572024379406,100.96612854003907,99.23445129394531,96.05750312805176,-11.475380732254003,0.4297463960262757,2.799623360961611,False,50.0,86.00003952635036,87.29187173687751,0.5860990245354474,6.873832702636719,253553.31814793215,75.60854154636579,0
2020-11-25,100.41974639892578,101.96195404179164,100.37568735751039,101.96195404179164,4028.7,-0.2203092029415359,-0.2203092029415359,-0.7490648282712868,69.50666163256719,100.8956283569336,99.69270706176758,96.45186729431153,-21.857888100855117,-0.45136868224615134,1.506939059437495,False,33.33333333333333,73.33338417353568,84.92065924197063,0.43307485203762663,4.582557678222656,249748.4148927155,48.54262220058798,1
2020-11-26,101.21288299560547,101.34507356669516,100.50787782228002,100.50787782228002,2499.715,-1.4540762195116201,-0.6168804750964796,0.1321904647696357,72.16876975775989,101.01900482177734,100.22586975097656,96.93656120300292,-12.429294669684204,0.2618947827293295,1.7234378183368253,True,33.33333333333333,80.18028097844086,79.8379015594423,0.34833747596634823,5.331626892089844,251458.7356426472,48.16374188848392,0
2020-11-27,101.03662872314453,101.21287832747399,100.55193222600138,100.90443815815173,5220.065,0.3965603358717118,-0.1321952392211756,0.04405440372136127,70.67303466598716,101.1335678100586,100.70175018310547,97.44989585876465,-17.33327867895916,0.014538014377605326,1.1060057823567178,False,33.33333333333333,53.57155072903182,69.02840529366946,0.24818482207179082,4.7588043212890625,253894.80845697824,31.417273432271102,0
2020-11-30,99.84693145751953,101.47726390117977,99.84693145751953,101.16882371835081,9337.378,0.26438556019907367,0.26438557370578053,-0.7050007684818524,61.31550782743377,100.75462646484375,100.74581298828124,97.88612022399903,-35.33322007394983,-1.062431847418049,-0.41383969089019346,False,33.33333333333333,5.357396822178018,46.369742843216905,0.07837911064449266,0.4406280517578125,244557.43045697824,-91.8447234209618,1
2020-12-01,100.72818756103516,100.72818756103516,99.8909851399932,100.28755683106299,4998.172,-0.881266887287822,-0.7490763401446117,0.044053682473673916,65.0544866187368,100.6488754272461,100.80750198364258,98.31353225708008,-29.729687099473313,-0.02186835904148071,0.09486890388635712,True,33.33333333333333,37.73579875633335,32.2215821025144,0.005802472189533336,0.6168899536132812,249555.60245697823,-70.9510356029808,1
2020-12-02,101.69758605957031,101.82977663916677,100.9044493054838,101.34508008847718,6048.212,1.0575232574141893,1.1015890781316102,1.0134641654905892,68.6864178694317,100.904443359375,100.9000358581543,98.72111625671387,-19.642224182390393,0.8667861515045685,0.8667880596690736,True,50.0,79.24589611563724,40.77969723138287,0.0035835370741015282,0.9253387451171875,253875.7413293424,94.34114795272406,0
2020-12-03,101.69758605957031,102.31446646636418,101.34508008847718,101.74164510377435,5881.587,0.3965650152971705,0.48468982719741405,0.4406307829933809,68.6864178694317,101.00138397216797,101.01019439697265,99.1331069946289,-23.728631593632493,0.6541708935093439,0.7347139713697344,False,50.0,75.00013557729808,63.99394348308956,-0.016293147488697368,1.1015853881835938,252271.6943986035,110.74626178272291,1
2020-12-04,103.3719711303711,103.50415496953326,102.1382037514242,102.1382037514242,12221.419,0.3965586476498544,1.18968850316908,0.7931236629470249,74.19855847166474,101.46845245361328,101.30101013183594,99.60017547607421,-3.6143221415905242,1.9482818957942591,2.173988289315016,True,50.0,96.38567785840948,83.54390318378161,0.06069708026035281,2.9081573486328125,262127.76672734268,197.93721391210326,1
2020-12-07,104.34135437011719,104.64979452507181,103.54821774059737,104.42947916817693,6706.098,2.2912754167527254,1.1456395555385512,1.4100139891731658,76.78008656698114,102.36733703613281,101.56098175048828,100.05402488708496,-6.422006012172589,2.3483561095631353,2.8149575580625323,True,66.66666666666666,93.57799398782741,88.32126914117833,0.1492357462948335,2.5997161865234375,265078.4662196522,204.08591664593106,1
2020-12-08,105.79544067382812,105.79544067382812,103.94478623408288,104.38541696288102,6265.118,-0.044062205295901435,1.1456461487563132,0.3965684934855176,80.04691402408484,103.3807876586914,102.01483154296875,100.62464141845703,-0.0,2.7751986127280435,3.793362176008762,True,83.33333333333334,100.0,96.65455728207895,0.27096388527388493,4.5384979248046875,271343.5842196522,164.83865954879977,0
2020-12-09,105.79544067382812,105.92762451367449,105.31074418275364,105.75137491155176,6132.633,1.36595794867074,0.13218383984636262,1.3659579486707543,80.04691402408484,104.20035858154297,102.55240097045899,101.12255401611328,-2.173828519638307,1.9388593410365178,3.4505023728385797,False,66.66666666666666,97.8261714803617,97.1347218227297,0.3136993803191661,5.375694274902344,274848.0414206332,129.66212987179816,0
2020-12-10,104.51760864257812,105.00230513882968,104.03291886981798,105.00230513882968,8064.913,-0.7490697727220805,-0.9253193748448041,-1.2778253129356614,69.7796424606191,104.76436309814453,102.88287353515625,101.5543716430664,-23.18840727652132,0.253589305342788,1.9301653546630864,False,50.0,76.81159272347868,91.54592140128011,0.22242031189289424,3.3047256469726562,274847.98548382556,66.89027194297242,1
2020-12-11,104.6498031616211,105.00230910644278,103.32791091115851,104.69386892603318,4616.737,-0.3084362127965079,3.967613096733658e-06,-0.7050079586594649,70.21086023830905,105.01992950439453,103.2441909790039,101.97297058105468,-21.01440313222136,-0.09114169448820367,1.7094324997311696,True,66.66666666666666,78.8322397123062,84.4900013053822,0.14140617045335713,3.6131744384765625,277520.82736644946,48.80341323277869,0
2020-12-14,104.20917510986328,104.56168106381278,103.98885972908134,104.56168106381278,2376.954,-0.13218786222039114,-0.4406280426299958,0.6609488179228293,66.74763911231328,104.99349365234374,103.68041534423828,102.21311416625977,-28.26074902879318,-0.6441625839127676,1.0359953931980017,False,50.0,65.78957865118589,73.81113702899025,0.03419429003169405,4.36224365234375,276972.29522806423,35.44825708230654,0
2020-12-15,103.15164947509766,103.98884511501711,102.88726836591736,103.94477935565676,9382.318,-0.6169017081560213,-0.5728359487956709,-1.1015913631639762,59.11334658621513,104.46473541259766,103.92276153564453,102.36513175964356,-45.6522803065508,-1.4661583489788248,-0.15994001455624712,False,33.33333333333333,39.422845017867886,61.34822112711999,-0.12326449998458733,2.4234619140625,272093.5356801637,-26.23186229636051,1
2020-12-16,105.09043884277344,105.13450460925316,103.85667133975318,103.9007371062329,13297.482,-0.044042249423867474,1.1456594942360425,0.9694029738358125,66.72500333124631,104.32373504638672,104.26204681396484,102.58104133605957,-13.868406228654917,0.4986367172122747,1.288227201132001,True,33.33333333333333,77.90729181512425,61.039905161392674,-0.11246406128245878,3.392852783203125,284473.8968779959,47.95625937107471,0
2020-12-17,104.51760864257812,105.00230513882968,103.98885310707097,105.00230513882968,2904.661,1.1015680325967878,-0.13219947042347258,0.13218176731778897,62.947868425854146,104.32373504638672,104.54404907226562,102.77712173461914,-28.07021082595761,0.1548174105098309,0.43045222274547357,False,33.33333333333333,53.62333218308868,56.98448967202694,-0.15679753946171182,2.8200225830078125,284600.1747569806,16.48732927477707,0
2020-12-18,104.16511535644531,104.60574614344127,103.98886573104383,104.47356228613627,2490.885,-0.5287428526934121,-0.39655899538841766,1.2623972864389543e-05,60.64339909772453,104.22679748535157,104.62336349487305,102.96218681335449,-38.46136542698735,-0.1267368157557003,-0.10563449926703158,False,33.33333333333333,42.02951655748022,57.85338018523106,-0.2189450940194022,0.7931442260742188,283532.63710063184,-37.86156735236069,1
2020-12-21,105.17855834960938,105.2226241138675,103.54822592443365,104.20917204735557,4307.516,-0.264390238780706,0.6168779704262306,-0.44063980661017865,64.69697960725495,104.42067413330078,104.70708389282227,103.13403282165527,-19.76729983450799,0.759813028396245,0.5864383672670812,True,33.33333333333333,75.3625520280675,57.005133589545466,-0.20133040660538093,0.8372039794921875,287613.42807692854,17.98574051573307,0
2020-12-22,103.98885345458984,105.31074565952107,103.85666288939844,104.91418068743828,5711.169,0.7050086400827098,0.08812154565357844,0.308436964964784,57.15778282197953,104.58811492919922,104.52642517089843,103.2706283569336,-63.76789313037814,-0.34485389058866817,-0.6001910956932952,False,33.33333333333333,45.45473116582917,54.2822665837923,-0.2747865607430997,-1.8065872192382812,282940.66304336843,-14.34655471319512,1
2020-12-23,104.12105560302734,104.25324618292467,103.5482342391337,103.85667444323268,4170.537,-1.057506244205598,-1.057499476596405,-0.3084286502647302,57.75455529814642,104.39423828125,104.35898666381836,103.45569381713867,-59.41964766133907,-0.37241899650788596,-0.4563550515496182,True,50.0,50.90979149531613,57.2423582297376,-0.31648614759656457,-1.6743850708007812,285547.23872507137,-78.75275369581925,1
2020-12-24,104.69386291503906,104.73792195342983,104.16510066641956,104.34135699045649,2451.14,0.4846825472238123,0.484675770505163,0.6168664272858564,60.364209543329636,104.42948913574219,104.37661209106446,103.62974281311035,-40.57950906658003,0.23906282289314157,0.17919002298803163,True,50.0,74.54555294946842,56.97002520353791,-0.30725564390080606,0.1762542724609375,287621.315673086,59.809155762412395,1
2020-12-25,104.82604217529297,105.39886343728455,104.51760202606395,104.95823273167426,2801.317,0.6168757412177683,0.6609414838547139,0.35250135964439266,60.97113084104129,104.56167449951172,104.39423599243165,103.81921348571777,-22.807070634987504,0.3162438661546055,0.38326525603380646,True,66.66666666666666,77.1929293650125,67.54942460326568,-0.2940065794968547,0.176239013671875,286780.91202414496,119.1793395003821,1
2020-12-28,105.75138092041016,105.75138092041016,104.91418517752027,104.91418517752027,3407.442,-0.044047554153991086,0.3525174831256095,0.39658315145631207,65.05739234941674,104.67623901367188,104.54845657348633,104.1144359588623,-0.0,0.9463749583305897,1.1697773794656707,True,83.33333333333334,100.0,83.9128274381603,-0.2276456111176708,1.542205810546875,290188.35402414494,172.49360186959092,0
2020-12-29,105.66326141357422,105.92763584503913,105.17856487065043,105.7954519910527,3093.979,0.8812668135324344,0.17625492462897796,0.2643796931301665,64.357391616867,105.01112060546875,104.79961776733398,104.36118965148925,-8.695476230435203,0.7845410524897343,1.003868595301529,False,66.66666666666666,88.88907585130852,88.69400173877368,-0.19563156951478922,2.5116119384765625,291098.3772521117,157.84147436600293,1
2020-12-30,107.1613998413086,107.1613998413086,105.66325794175623,105.75138274934898,5368.204,-0.04406924170372406,1.2337639962694595,0.48469307110579507,70.28689506955584,105.619189453125,105.0067138671875,104.63438034057617,-0.0,1.7005863699355344,2.195610626813131,True,83.33333333333334,100.0,96.29635861710284,-0.08514658565063771,2.0709609985351562,296466.5812521117,192.39415370191088,1
2020-12-31,107.7342300415039,107.86642062551712,107.24953347461961,107.64610522665923,5741.338,1.8947224773102533,0.7050207842085285,1.5862755328633824,72.21496307913422,106.22726287841797,105.32837600708008,104.93621253967285,-3.0612464968299906,1.6632118636901936,2.369082827434862,True,83.33333333333334,96.93875350317,95.2759431181595,0.00987371606545051,3.2166213989257812,299747.33688422455,177.82122544104098,1
2021-01-04,109.58485412597656,109.71704468113394,107.51389117348066,107.69014076469655,6140.797,0.04403553803732052,1.8506240556168194,0.26435769886104765,77.38653229699148,107.17902526855468,105.8703498840332,105.24685668945312,-2.1428827847114142,2.6201656918284884,3.7582881850847425,True,83.33333333333334,97.8571143269801,98.2652892767167,0.17174324972115262,5.41973876953125,305151.2307481345,175.63331942324098,1
2021-01-05,109.80518341064453,109.84924917578577,109.05611246768606,109.45267745999003,4731.57,1.762536695293477,0.13220449465183037,1.5422212942054045,77.9202937780588,107.98978576660156,106.33301239013672,105.52004814147949,-0.6993430016590539,2.033573549850649,3.5349516431381742,True,83.33333333333334,99.30065607550115,98.03217463521707,0.26259407537699464,4.626625061035156,309357.03955150826,139.67222616356258,1
2021-01-06,110.99488067626953,112.05239848598015,109.36454828356027,111.1270712429198,10587.073,1.6743937829297693,2.2031493101943767,0.3084358158742049,80.61547530385323,109.05610961914063,107.03361511230469,105.78002014160157,-12.435281646240563,2.3082598419158478,4.098074183398726,True,83.33333333333334,86.59214050358335,94.58330363535487,0.3654334952240099,7.0060272216796875,311613.277566637,137.3409206709288,1
2021-01-07,113.59461212158203,113.68274365825046,111.52365547971935,111.52365547971935,6691.163,0.3965842367995549,1.6303451722703102,2.159107196159084,84.98473856786237,110.3427520751953,107.98097076416016,106.16997871398925,-0.8696181830191493,3.444129310433171,5.8400949705645795,True,100.0,99.03840507648104,94.97706721852187,0.5595483117254156,9.473556518554688,317758.18915999914,152.49261733761162,1
2021-01-08,115.62150573730469,115.66557150155909,114.1674296457927,115.09275690720183,12990.245,3.5691014274824795,1.9828278433086268,2.6437741660733423,87.4002356057444,111.92020721435547,109.07373504638672,106.72517356872558,-0.3636588080373206,3.955098681397494,6.7643142922283435,True,100.0,99.59013876977082,95.07356144994507,0.7628644632927779,10.927642822265625,329984.25409043685,156.854318195026,1
2021-01-11,116.59090423583984,116.59090423583984,115.0046307771037,115.62151116467221,10145.856,0.5287542574703821,0.925332734280758,0.837201131311005,88.37588433388585,113.32141723632813,110.2502212524414,107.32222862243653,-0.0,3.4536769392426865,6.636224500058188,True,100.0,99.99999999999999,99.5428479487506,0.8920640744898654,11.764862060546875,340130.1100904369,133.54280894715097,0
2021-01-12,116.4146499633789,117.3399637842465,115.97401921173399,116.59089957464019,10874.362,0.9693884099679764,0.7490595484066631,0.9693884346302895,87.03906976258595,114.643310546875,111.31654815673828,107.9325023651123,-7.216407073190821,2.2643735648216796,5.53225967364863,False,83.33333333333334,92.0755576671249,97.22189881229856,0.892889939084704,10.66326904296875,336271.5207625378,111.08184271403384,1
2021-01-13,119.23470306396484,119.36688693170562,116.94341741189734,116.98748318347278,10688.901,0.3965836088325858,2.026923147459115,0.9693982001633543,89.74629510065844,116.29127502441406,112.67369232177734,108.73665504455566,-0.9145962463558012,3.3153182109521504,6.924841221376292,True,83.33333333333334,98.90913582566596,96.99489783093027,1.002392592978521,13.571441650390625,345794.4072824464,116.5500813590126,0
2021-01-14,118.13312530517578,119.01438694348819,117.51624484775418,118.97032117217549,12000.449,1.9828379887027126,-0.35249998821743134,0.572827435856837,82.41096494020499,117.19897766113282,113.77086486816407,109.38878936767578,-8.695613344697968,1.316379305033078,4.9657563595183065,False,66.66666666666666,89.59114090905064,93.52527813394715,0.9217174676408355,10.971725463867188,343676.65564401756,91.97760608915955,1
2021-01-15,118.5296859741211,121.6141015942655,118.44155443475155,120.8650238505793,21523.977,1.8947026784038172,2.5997146507773152,0.925309586997372,82.95798972060624,117.78061370849609,114.85041046142578,110.08939323425292,-19.337006163051402,0.9444016302402448,4.324226835362453,True,66.66666666666666,75.4386184837815,87.97963173949937,0.819578631996674,10.795455932617188,323348.5261009583,100.33089659132693,0
2021-01-18,118.44153594970703,118.9262324466235,116.41464533039189,118.61779900093691,14202.77,-2.247224849642393,-2.6878691476420045,-2.0269091043596603,82.33703267841409,118.15074005126954,115.73607864379883,110.80321426391602,-22.086049633608354,0.46718546873304306,3.391230335720475,False,50.0,74.10056053402471,79.71010664228562,0.6765399555307883,8.856681823730469,332069.47719766723,58.54269405244658,1
2021-01-19,121.57002258300781,121.702219877663,119.14655343114762,119.14655343114762,12069.311,0.5287544302107108,2.7759874310394963,2.7319081007557315,86.30569225981588,119.18181457519532,116.91256256103516,111.62278747558594,-0.931732675577336,2.400090311543232,5.0647327729624125,True,50.0,98.7012186641773,82.74679922732783,0.7191006404169817,11.764839172363281,342890.1665203528,117.98049122077217,1
2021-01-20,121.79032897949219,122.93597154710544,121.30563249546553,121.70221090320348,29965.436,2.555657472055856,1.2337516694424409,2.1590790643179076,86.53805650909142,119.69293975830078,117.99210739135742,112.51286125183105,-8.25399278953757,1.8172750301540495,4.3379662164701855,True,66.66666666666666,86.93462857899172,86.5788025923979,0.6885280634186635,10.795448303222656,330742.05686963757,136.2128303666588,1
2021-01-21,126.02039337158203,126.24070874460926,121.92253281206862,121.96658512908749,13672.387,0.26437422588401205,3.304737197503826,0.6169003166030933,90.06803968067287,121.27039337158203,119.23468551635742,113.60782814025879,-1.305482805379411,4.366862535700663,6.7263693697095635,True,66.66666666666666,98.03921462930056,94.55835395748987,0.86804373272519,12.42578125,343019.3006012134,170.92690156123263,0
2021-01-22,123.76923370361328,125.16496083503378,121.56309145848604,124.44458421171598,23767.813,2.477999082628486,-1.0757479095754832,-0.3594413535825822,78.16815827691056,122.31830291748047,120.04945831298828,114.5615966796875,-16.79327373837884,1.7112503582346572,3.883310337972075,False,66.66666666666666,75.92724477464718,86.96702932764647,0.7542331112634475,8.147727966308594,348367.0222594089,104.01931539155076,0
2021-01-25,122.10336303710938,123.63415459455764,120.8427006591805,123.5441023746914,13750.626,-0.9004818370245715,-1.5308062404761387,-0.7203907993055481,70.63439930916958,123.05066833496093,120.60070419311523,115.42546272277832,-34.26861645156066,-0.14647770273863722,1.878774793738065,False,50.0,57.89416846716512,77.28687595703762,0.49817012116827897,5.512458801269531,347036.37328391144,53.194662317626594,0
2021-01-26,119.6270980834961,123.00385079108395,118.6816045773631,122.05835728495096,14376.477,-1.4857450897404476,-0.6303038034736943,-2.1610960818173908,61.08719119753028,122.66208343505859,120.92194900512695,116.11924858093262,-58.86049100263948,-2.3293382611944584,-0.46455074922214806,False,50.0,32.693181569091955,55.50486493696809,0.11351644671479466,3.2124481201171875,338949.61925314914,-12.51031040963866,1
2021-01-27,119.80717468261719,121.02279726994755,119.08679810862125,120.0322915032384,7854.841,-2.0260657817125605,-1.9810535211364027,0.40519353125814916,61.50001941432784,122.2654525756836,120.97919616699218,116.82644424438476,-62.664153244247466,-1.947101518329632,-0.536529461763972,True,50.0,34.52582391557366,41.70439131727691,-0.16230841100087012,0.5724716186523438,336940.2802160595,-36.782376130450544,0
2021-01-28,117.37590789794922,118.23134901094507,116.52045304491396,117.06073887419524,14503.801,-2.9715526290431598,-2.791448259002479,-2.5663450637072884,53.18886395795982,120.53655548095703,120.90347442626953,117.3371696472168,-90.21721591816238,-3.3549632235886957,-2.619718643579191,False,33.33333333333333,9.782784081837617,25.66726318883441,-0.521742180408209,-0.7572174072265625,336940.39669467724,-128.0305647818042,0
2021-01-29,115.43990325927734,118.72661709555267,115.43990325927734,118.50150027416561,14039.666,1.44076139997037,0.4952680846076021,-1.0805497856366202,47.60078417956345,118.87068939208984,120.59449615478516,117.72245330810547,-100.0,-3.5485943829031523,-3.9739792614225333,False,16.666666666666664,0.0,14.769535999137092,-0.8819426546600866,-3.08978271484375,322900.7306946772,-127.46933044985127,1
2021-02-01,117.73609161376953,117.91618231373677,114.8545991941747,115.43989740407814,14132.983,-3.0616028700874693,-0.8104347818158999,-0.5853040651026475,53.871293748526256,117.99723510742187,120.52395172119141,118.13001518249511,-74.6929150221916,-0.7966679166443495,-2.0369866187595145,True,33.33333333333333,25.307084977808408,11.69662301988201,-0.9516425852338046,-0.7054443359375,335371.03219840664,-108.80732392267647,1
2021-02-02,121.06782531738281,121.60811119152646,119.31191683647673,119.31191683647673,10888.373,3.872019432398588,3.6919288777896924,4.45731764230203,61.21752935469333,118.28538055419922,120.4737319946289,118.69314727783203,-45.431526934755524,2.1591821481005202,0.5582302536950616,True,50.0,54.56847306524448,26.625186014350962,-0.7673535465190575,-0.502197265625,341135.4189719187,7.211787069292767,0
2021-02-03,120.97779846191406,122.01333045685959,120.84272011037213,121.96830433967895,7081.97,2.6563875032022253,0.40521926533313035,1.5308032738954012,60.93149003476575,118.51950531005859,120.3924789428711,119.19229316711426,-46.222199596650945,1.8896688238126909,0.3073644871881459,False,50.0,59.388792372458106,46.421450138503666,-0.6501496894427845,-0.812530517578125,335687.8456541962,28.88572723861832,0
2021-02-04,120.25741577148438,121.15788310973579,119.17685771359092,120.12233742672197,6558.479,-1.8459669129569818,-0.8554473471237998,-1.6658623967812076,58.543627527989564,119.09580688476562,119.81618118286133,119.52543334960937,-52.54905502728566,1.2189790364399942,-0.19941906597215278,False,33.33333333333333,61.53861250279279,58.49862598016512,-0.619883558526749,-5.762977600097656,336284.06274720555,11.124402691809902,1
2021-02-05,121.38299560546875,122.73369656456512,120.84270972581393,121.38299560546875,8799.751,1.2606581787467803,1.5758134548293299,1.665852012223013,61.139467193115436,120.2844253540039,119.57755737304687,119.81350784301758,-42.66350255654366,1.5952781880563907,0.7630749864352753,True,50.0,80.11037987549757,67.01259491691616,-0.5264770548768389,-2.3862380981445312,332512.7774269753,76.98707644436443,1
2021-02-17,126.5606689453125,126.83081185596133,125.16494202365953,125.16494202365953,18905.696,3.7819464181907847,4.097115291396207,4.322232297845602,70.43071908679535,122.0493408203125,120.02328796386719,120.3119960784912,-2.2556622721872133,4.310708733948452,5.021940110909479,True,66.66666666666666,97.74433772781279,79.79777670203437,-0.13859682327978629,4.457305908203125,345286.8542016904,207.93414498648056,0
2021-02-18,126.38057708740234,127.19099207184448,125.70522668702087,126.56066777949626,10478.048,1.3957257558367218,0.3601802158831475,0.5402846633613336,69.79750094511417,123.11189117431641,120.69863586425781,120.81029243469239,-6.569302651742492,2.939910303144722,4.683462244659781,False,50.0,93.43069734825751,90.42847165052262,0.0719163453996634,6.75347900390625,344334.3396194129,150.03523240437391,0
2021-02-19,125.02991485595703,125.6602393427482,123.90433050810017,125.6602393427482,8776.596,-0.900428436748058,-1.5307527290962781,-1.800896178920695,65.01509265549092,123.922314453125,121.2209098815918,121.100053024292,-17.51790201006999,1.2949306035518748,3.355893578486974,False,33.33333333333333,82.48209798993001,91.21904435533344,0.08535684858314196,5.222740173339844,346809.807382784,84.80166313001276,0
2021-02-22,124.98487091064453,126.74077949489232,124.93984479514252,125.88533826051943,6813.636,0.22509891777123414,1.080540152144124,1.0355142870423464,64.85342693784187,124.86780548095703,121.98180618286133,121.44264030456543,-17.88303260990711,0.7135116392625518,2.9387284068275203,False,33.33333333333333,82.1169673900929,86.0099209094268,0.05769841291426836,7.6089630126953125,340336.8739763509,78.81715794579534,0
2021-02-23,124.71473693847656,124.89482767341174,122.8687759902957,123.49910043259,7657.431,-2.3862378279294347,-1.8459518214805826,-2.071068804846817,63.8152777806447,125.53415374755859,122.90928955078125,121.7518928527832,-20.07276485049537,-0.10217460332414659,2.3714296548493743,False,33.33333333333333,69.10140231405428,77.90015589802572,-0.008766366524135094,9.274833679199219,346633.00468179525,34.57648726650116,0
2021-02-24,122.86873626708984,124.44455373338826,122.6886455903776,123.36399593307692,10485.561,-0.13510449951307635,-0.45027394002347876,-0.18013039991809876,57.01177454171479,124.79576721191407,123.42255401611328,121.97325286865234,-35.03662575936916,-1.7756676781799807,0.4786215635746074,False,16.666666666666664,46.067090823062514,65.76182017573656,-0.1966181677770975,5.1326446533203125,338298.2985356941,-3.242034976267334,1
2021-02-25,123.8592758178711,124.39954793620193,123.09387314185226,124.12941874705658,10182.298,0.7654228139796544,-0.04500579718633446,0.4052275514746526,59.53696923663636,124.29150695800782,123.7016990661621,122.08771553039551,-27.007215861324855,-0.6261324337241388,0.7108181058900048,True,16.666666666666664,58.42699778869902,57.8651636419386,-0.26923599793423847,2.7914505004882812,340053.97800289805,1.5864249758232791,0
2021-02-26,120.12232208251953,121.74316583233673,120.03228360422044,121.24790611155377,26333.709,-2.8815126355028013,-2.656382103865198,-3.061589537631818,47.945732636953245,123.30998840332032,123.61615142822265,122.00431518554687,-88.20253908078168,-2.811015453595819,-2.485394105150101,False,16.666666666666664,1.2577475211667086,35.25061204430941,-0.5669045947439768,-0.8554763793945312,316491.99349376693,-114.10915359950616,1
2021-03-02,120.16735076904297,122.14837595462448,120.16735076904297,122.01331136425927,7126.57,0.7654052527054915,0.4052101222877553,0.13506716482253012,48.07860953491645,122.346484375,123.60714492797851,121.71166305541992,-87.64067320094323,-2.132865391549681,-2.389378939151652,True,33.33333333333333,1.8867532521178174,20.52383285399451,-0.7473769994068924,-0.09006500244140625,309365.4234937669,-114.00711848476597,1
2021-03-03,121.92327880859375,121.92327880859375,119.49201960961211,120.43751311478329,8378.094,-1.5757982494759801,-0.22509714603073405,-0.6753311594308542,53.16457708161127,121.78819274902344,123.66117324829102,121.61936531066894,-65.73028386809663,-0.28842246166146335,-1.0264012279475232,True,50.0,31.57900889902232,11.574503224102278,-0.7340434165329812,0.540283203125,317743.5174937669,-97.04712008699896,0
2021-03-04,119.53702545166016,120.9777785237412,118.59153210685943,120.9777785237412,16588.263,0.5402654089579073,-0.9455002848525567,-0.9004875027526822,46.42303568230913,121.1218505859375,122.95880889892578,121.49104843139648,-89.00520092365628,-1.5451168949149905,-2.9161774707638886,False,50.0,11.60221674199232,15.02265963104415,-0.86260627016844,-7.023643493652344,314300.6632473183,-112.56200512674594,0
2021-03-05,118.81665802001953,119.40197001166968,116.6105158731306,117.10577563836051,14153.461,-3.872002885380681,-1.575808512071518,-1.9810162337288375,44.562111491008196,120.11332702636719,122.2024169921875,121.45052642822266,-79.14893332346321,-1.5910478429021886,-3.3333337298987353,False,50.0,21.777736782187233,21.652987474400618,-0.965088581873657,-7.5639190673828125,322518.7299793056,-124.48514858591797,0
2021-03-08,118.72660827636719,120.48251660474676,118.41143925382036,120.43749049580589,12052.602,3.3317148574453768,1.080546593077088,1.8009233806897669,44.31983556753853,119.83418426513671,121.57208633422852,121.39649810791016,-80.0000268088707,-0.9639453468444603,-2.8908151827333026,False,33.33333333333333,25.543369856803057,19.641107793660865,-1.0034267886316675,-6.303306579589844,314134.370297524,-80.16885705415599,0
2021-03-09,118.27638244628906,118.50149926576046,116.83562930565601,117.55600587597253,13273.932,-2.8814846198333584,-1.9810173389863053,-1.5758099481643484,43.043432380472595,119.45599060058593,120.90123748779297,121.44152183532715,-83.55554568609774,-1.085655915533815,-2.7217156993513574,False,33.33333333333333,21.26446926698509,22.86185863532512,-1.0202495447124504,-6.708488464355469,323820.76494432957,-114.01985683824617,1
2021-03-10,118.77163696289062,119.40197509458422,118.32140329170447,119.13183214386429,5338.478,1.575826267891756,0.9004758288237582,1.4857739860484571,44.946106353186174,118.8256622314453,120.30692749023437,121.60810852050781,-78.6666845952801,-0.4778661532809204,-1.8935729917807949,True,33.33333333333333,27.745695129516104,24.851178084434746,-0.9600412544619941,-5.9430999755859375,322930.9733566179,-64.3872178695419,1
2021-03-11,121.2929458618164,121.5180626929408,118.9067129479142,118.9067129479142,9165.793,-0.22511919595008578,2.116087598356586,0.5853096562097306,53.561663956521144,119.17684631347656,120.14934844970703,121.78595123291015,-43.47834676470164,1.7243572274128098,0.44430991776775697,True,33.33333333333333,84.55305695305113,44.5210737831841,-0.7232214291121033,-1.5757904052734375,330516.45389266557,25.086597212212926,1
2021-03-12,121.78821563720703,122.14839710056086,121.11286508838703,121.78821563720703,5528.044,2.88150268929283,0.6303344076200545,2.206152140472824,55.06844829527731,119.77115783691406,119.94224243164062,121.82197074890136,-33.90764945950697,1.8193322969984587,1.0585448691776762,True,50.0,93.49604210415758,68.59826472890826,-0.5157681174045612,-2.0710601806640625,332198.94033578323,110.38021451376973,0
2021-03-15,121.47303009033203,121.7881991330881,121.06782256396012,121.7881991330881,3679.531,-1.6504118931948142e-05,-0.36019796747275734,-0.04504252442690415,53.85529444139573,120.32044219970703,120.07731323242187,121.84673233032227,-37.57229168107861,1.1813162321695763,0.8943823189536175,False,50.0,87.80459561170085,88.61789822296986,-0.3881420383510311,1.3507080078125,332658.83784752287,84.54621595253438,1
2021-03-16,121.87825012207031,122.14837931022159,121.33796426568757,121.96828860477405,6719.125,0.18008947168594602,0.36018017713348627,0.27014170172745366,55.23832737649953,121.04081573486329,120.2484031677246,121.92777404785156,-4.878164904520717,1.0766067683088307,1.3699512871625457,True,66.66666666666666,95.12183509547928,92.14082427044589,-0.27038123692386484,1.7108993530273438,334898.69807182864,91.22354368966488,0
2021-03-17,120.84272003173828,121.92327814316131,120.66262930317474,121.87826576605183,6645.656,-0.09002283872221994,-0.2251011670602736,-0.6753349625128351,50.978807101668025,121.45503234863281,120.14034729003906,121.90076026916503,-23.577195234077774,-0.13642075378477508,0.45850813602010093,False,66.66666666666666,76.42280476592222,86.44974515770078,-0.2563060695961077,-1.0805587768554688,330151.78023405216,57.08710021539739,1
2021-03-18,121.47303009033203,122.50857570221606,121.38299160671617,121.6531345376442,6904.704,-0.22513122840761923,0.5852975590547516,0.7203623035414353,53.366603504870774,121.49104919433594,120.33394775390624,121.64637832641601,-17.55739415828544,0.012348395440915582,0.8912362423416113,True,66.66666666666666,81.7458946463523,84.43017816925125,-0.2010626925506478,1.936004638671875,324351.7277309272,74.28464191641893,0
2021-03-19,119.58204650878906,120.21237079867694,119.13181291029215,120.16734469081945,9925.322,-1.4857898468247583,-2.2962049035391203,-2.25117869642402,46.02881348708858,121.04981536865235,120.41048660278321,121.30645179748535,-49.61850639417433,-1.3128643504887052,-0.5181425418869856,False,50.0,48.412535764455946,68.86041172557681,-0.2833566356896977,0.7653884887695312,322697.52843214653,-41.687916298227634,1
2021-03-22,120.12232208251953,120.30242651919654,118.50149207274174,119.22185485929212,5306.034,-0.9454898315273255,0.09005572051960087,-0.6303208375504141,48.24675181004398,120.77967376708985,120.55005798339843,121.06107215881347,-40.45828100842673,-0.6393230333497834,-0.10921228376828411,True,50.0,43.010380616140495,57.72293700898291,-0.2917392155813431,1.3957138061523438,326942.2908612237,-46.084885794485,1
2021-03-23,120.30244445800781,121.29295030723286,120.30244445800781,120.57257367322462,6866.901,1.3507188139325024,0.9905237880363131,1.800952385266072,49.0088712134372,120.46451263427734,120.7526641845703,120.82695083618164,-38.88863193817591,-0.32948686353424816,-0.06232472162338721,True,66.66666666666666,44.94421758555445,45.45571132205029,-0.27567535924427944,2.02606201171875,320075.3898612237,-6.57196582181367,0
2021-03-24,118.41145324707031,119.26689445788126,118.23136253006395,118.68159619260034,10243.129,-1.8909774806242865,-2.026055849351593,-2.0710819279438653,41.9361802568329,119.97825927734375,120.71664581298828,120.51178665161133,-72.22212530740914,-1.4242836750021202,-1.6117438881988508,False,50.0,4.21046858685678,30.72168892951723,-0.37667635485828804,-0.3601837158203125,313395.05288423144,-157.54403961366057,1
2021-03-25,118.81665802001953,119.35694389845956,117.60103540359043,118.05126905561025,4885.017,-0.6303271369900898,0.09004944057829789,-0.6303271264735173,43.8310522337248,119.44698486328124,120.4690170288086,120.3091827392578,-75.22949293417848,-0.8081177133228441,-1.311977471035794,True,66.66666666666666,24.770507065821523,24.641731079410913,-0.3983603077002028,-2.476287841796875,315273.87029154005,-115.94553854719301,1
2021-03-26,120.97779846191406,121.02281083905285,119.35695442370387,119.8071881154266,7969.939,1.7559190598163497,1.6658669405932898,1.7559190201134385,52.7943053770168,119.72613525390625,120.38797531127929,120.16510887145996,-31.192351914679094,1.0657104434957911,0.32984076369697457,True,66.66666666666666,68.8076480853209,32.596207912666394,-0.25622551019255396,-0.8104171752929688,322813.1048241733,5.112016381399242,1
2021-03-29,121.96830749511719,122.37351508014238,121.6081260284375,121.74319064343183,8065.834,1.9360025280052326,1.350704241089531,2.251171604733628,56.282410706006004,120.09533233642578,120.43750305175782,120.25740814208984,-11.008940818074977,1.5557697774545038,1.1041042531585963,True,83.33333333333334,88.99105918192502,60.85640477768916,-0.09298620654182366,0.49527740478515625,322338.6099311118,99.42386134999047,1
2021-03-30,122.37348175048828,122.41850785657047,121.74315748545291,122.28344327836236,4763.248,0.5402526349305248,0.04499277642808863,0.1350314570154154,57.6779244535222,120.50953979492188,120.48702621459961,120.3677146911621,-2.752783339662348,1.5758103078213328,1.3989737105047906,True,83.33333333333334,97.24721666033766,85.01530797586119,0.03778095496105588,0.49523162841796875,326466.71943436714,105.9027367358935,0
2021-03-31,121.33797454833984,122.28346800711438,121.2029099428183,122.28346800711438,7603.312,2.472875202386149e-05,-0.13503984945609204,-0.5402475426346172,52.96424005989605,121.09484405517578,120.53655166625977,120.33844947814941,-23.853113426374694,0.5722138064883938,0.5503267820136934,False,66.66666666666666,77.57053478194317,87.93627020806862,0.049313140804160716,0.4952545166015625,320764.1629233491,64.88457757531212,1
2021-04-01,122.23844146728516,122.50858441743104,121.74318168202456,122.19341535225396,7223.316,-0.0900526548604148,0.22511641031665874,0.5402717392062613,56.348424321564174,121.77920074462891,120.61309280395508,120.47352027893066,-5.504640898827624,0.7857479141355089,1.271335681419267,True,83.33333333333334,94.49535910117237,89.77103684781771,0.10894356862784332,0.765411376953125,322888.6523741086,92.53999543472392,1
2021-04-07,124.08439636230469,124.21946096093393,123.49908437481669,123.99434413652483,4279.389,1.800928784270866,1.7108765435028914,1.7559026927921337,62.39864499462216,122.40052032470703,121.06332778930664,120.73690719604492,-2.040736085327432,1.5724810768521589,2.5711029326625088,True,83.33333333333334,97.95926391467256,90.00838593259603,0.25568564651686626,4.502349853515625,325563.3419188453,141.4598777678508,1
2021-04-08,124.48960876464844,124.48960876464844,123.04885553609357,123.67919366111201,6198.567,-0.31515047541282115,0.270147803714508,-0.45022883872312036,63.6065821478129,122.90478057861328,121.50005645751953,121.02505722045899,-0.0,1.4182692026303325,2.6926678473560854,True,83.33333333333334,100.0,97.48487433861499,0.35680757747732045,4.367286682128906,331761.9089188453,117.27157938894683,0
2021-04-09,124.21945190429688,125.07489302667454,123.94930898669352,125.02988065710694,3593.685,1.3506869959949341,0.5852842620261072,0.9004534505999544,62.15435601735991,123.273974609375,121.89175720214844,121.32221069335938,-11.445777609350133,0.8898024714172904,2.144190808606571,False,66.66666666666666,88.55422239064987,95.50449543510747,0.3801209802317269,3.9170074462890625,329893.2102661353,110.43535831255828,0
2021-04-12,123.49908447265625,124.62466859559348,123.04885082348136,124.3095132851954,5896.559,-0.72036737191155,-0.45022443108106813,-0.9004581632121642,58.283521530606826,123.70619659423828,122.40052032470703,121.55858306884765,-21.084273122238468,0.15212819850960396,1.3174035060582023,False,50.0,72.44096756828405,86.99839665297797,0.323845618322119,5.0876312255859375,327366.11355184956,68.92770479465558,0
2021-04-13,123.49908447265625,124.98486375895773,123.36401987392001,123.54411058558186,5587.824,-0.7654026996135315,0.36019516336425283,0.31516905043865506,58.283521530606826,123.9583251953125,122.8687629699707,121.66888999938965,-21.084273122238468,-0.1395577690641886,1.0964663422249306,False,50.0,59.3022872287735,73.43249239590247,0.2658696649798754,4.682426452636719,322709.5540781073,63.40221866604602,1
2021-04-14,124.17445373535156,124.17445373535156,122.50859722536676,123.67920763835556,6375.51,0.13509705277370188,-0.8104100236061669,-0.8554226485532581,60.993899795073766,123.97633666992188,123.18842849731445,121.78820190429687,-12.047851815397744,0.1452542971601299,1.2512719556534182,True,50.0,76.74475141492091,69.49600207065949,0.2523615269615911,3.1966552734375,329085.0640781073,32.6746262749446,1
2021-04-15,125.2099609375,125.2099609375,123.90428630776756,124.30949378043785,7532.196,0.6302861420822836,1.0355072021484375,1.395689082400807,64.81731640158503,124.12040710449219,123.51259384155273,121.97504844665528,-0.0,0.827833916161031,1.6540118575762226,True,50.0,100.0,78.6823462145648,0.2898410520002569,3.2416534423828125,336617.2600781073,102.16618028676817,1
2021-04-16,125.39007568359375,125.39007568359376,124.62467295719274,125.07490662212486,11179.356,0.7654128416870094,0.1801147460937642,0.7203866494251798,65.45975149294506,124.35453186035156,123.81425323486329,122.15063972473145,-3.3939078591548973e-13,0.8509933014230324,1.4972560778934128,True,50.0,99.99999999999962,92.24825047164018,0.3020641632343437,3.0165939331054688,347796.61607810686,122.38052306723748,1
2021-04-19,125.61518859863281,125.8403054240784,124.8497858961016,125.39007177318723,7999.27,0.31516515106237364,0.45022974048463027,0.22511293890885042,66.29879677853043,124.77775268554687,124.24197463989258,122.38926315307617,-4.8543805753744325,0.8433751912228522,1.429958569422611,True,66.66666666666666,93.24320102424834,97.74773367474931,0.2999995005939885,4.277214050292969,352159.87443488307,133.42534934001537,0
2021-04-20,125.39007568359375,125.66021863056123,124.98486813316306,125.02989424766449,4751.499,-0.36017752552274374,-0.1800867935171624,0.13508223706146794,64.58722495001591,125.15595092773438,124.55713806152343,122.58511543273926,-9.708676827414026,0.40860822839539435,1.0430873018385887,False,66.66666666666666,86.4865194179146,93.24324014738751,0.2596716509051513,3.1516342163085938,353110.1355670851,102.81261998383935,0
2021-04-21,124.26449584960938,125.11993709476867,124.26449584960938,125.11993709476867,7815.415,0.09004284710418631,-0.540281535792559,-0.7203722835536865,56.61490501903663,125.17395935058593,124.57514801025391,122.81923789978028,-38.4613615228298,-0.5942683231987007,-0.060343357297656074,False,66.66666666666666,52.70265339928687,77.47745794714994,0.13941769004394766,0.1800994873046875,345294.72056708514,6.522701966812278,0
2021-04-22,124.17445373535156,125.20999952916738,123.99436299644005,124.75976581186728,3961.169,-0.36017128290139055,0.09006243439870332,-0.2701328531693292,56.011549043181624,124.96685791015625,124.54363250732422,123.02184448242187,-49.99992764585482,-0.6662977648210009,-0.2621725765076713,False,50.0,50.00007235414518,63.06308172378221,0.04113933941572889,-0.315155029296875,342507.20805561286,-10.648840426224572,1
2021-04-23,125.30001068115234,125.30001068115233,123.72419301453326,124.17442663356728,5959.639,-0.5853391783000035,0.09001115198495313,-0.27016998190678976,61.593184668519285,124.94884490966797,124.65168838500976,123.2717227935791,-16.216748607665615,0.2220620833449962,0.5600614198464001,True,50.0,83.78325139233438,62.16199238192215,0.03926971635615373,1.0805587768554688,348466.84705561295,25.579733165447887,1
2021-04-26,127.14598846435547,127.28106681235951,125.97537814852795,126.06543038053064,11873.924,1.8910037469633636,1.9810561312071826,2.2511851339946958,68.69919558733929,125.2550048828125,125.0163787841797,123.70844955444336,-2.8303658209199694,1.461080033136697,1.8605959161746215,True,50.0,97.16963417908003,76.98431930851986,0.1438112959009188,3.6469039916992188,357883.9678640483,200.9759904903849,1
2021-04-27,127.19100189208984,127.59620941559645,126.78579436858325,127.1459757805802,6587.615,1.0805454000495587,0.31514260323693577,0.810416220055302,68.85249658869792,125.61519012451171,125.38557052612305,124.12716674804688,-7.964591410579,1.2847274738905738,1.6949117389581645,True,50.0,89.53497398938339,90.16261985359927,0.19430800054571007,3.6919174194335938,357883.9678640482,167.80944377440647,0
2021-04-28,126.42560577392578,127.19100848916898,126.24551505858645,127.19100848916898,2961.783,0.04503270858877784,-0.40520092642746874,-0.5402793099968051,63.11824021965566,126.047412109375,125.61068572998047,124.39955711364746,-23.008900794732494,0.5370536631392949,0.886224731956059,False,50.0,69.7675959908321,85.49073471976517,0.15612199273461402,2.2511520385742188,356050.4626540298,90.70867528705273,1
2021-04-29,126.605712890625,127.86636166454065,126.605712890625,126.96589432887487,8848.543,-0.2251141602941118,0.6753531753716686,0.36019783203855127,63.89023655013802,126.53366394042969,125.75026092529296,124.63142738342285,-23.52938036428541,0.36883537826110335,0.8216628430087694,True,66.66666666666666,69.56548898815605,76.28935298945719,0.12433712643397898,1.395751953125,347201.91965402977,91.57667113059293,0
2021-05-03,124.48960876464844,126.4256080342305,124.3545441607394,126.4256080342305,6721.674,-0.5402862946443605,-1.440753630310141,-2.251168729885606,50.37525198966432,126.3715835571289,125.66021423339843,124.73723373413085,-81.52137648683582,-1.34982088870175,-0.8842127463308345,False,66.66666666666666,18.478623513164187,52.60390283071744,-0.04859163976649894,-0.9004669189453125,341356.95471939084,-45.13658391667848,0
2021-05-04,123.40904235839844,124.57965255984323,121.56308170304783,124.48960033663971,13287.337,-1.9360076975907958,-1.8459554743872815,-2.7914624576915656,45.06490930470087,125.6241943359375,125.439599609375,124.84078712463379,-70.71428420397456,-1.9612543346033957,-1.6269916015001975,False,50.0,29.285715796025443,39.10994276578189,-0.2347251080928796,-2.206146240234375,344331.72623981937,-137.56923587729645,0
2021-05-05,122.23844146728516,123.63416859300457,122.19341535225396,123.40905175788987,8780.886,-1.0805485787498412,-0.9454839668386512,0.6303336492061362,40.07262757483166,124.63368225097656,125.12443618774414,124.84078712463379,-89.2855819769525,-2.2560874224610927,-2.3556889571483746,False,33.33333333333333,10.714418023047497,19.492919110745706,-0.42458840839919243,-3.1516342163085938,336099.67701759515,-127.1515167962467,1
2021-05-06,123.31900024414062,123.814260032278,122.01332534089941,122.7337019654591,7977.513,-0.6753497924307652,0.18009143927342564,-0.18009001135455094,46.08689873653835,124.01236114501953,125.02988662719727,124.80251731872559,-72.1427803965582,-0.8805788192703254,-1.3417373078551693,True,33.33333333333333,27.857219603441802,22.61911780750491,-0.4622050734369202,-0.94549560546875,339689.53352215746,-93.3057335103013,1
2021-05-07,125.5251235961914,125.57014970470577,124.21944888950986,124.39953958352814,6971.841,1.665837618069034,1.7558896724277702,2.2061235486104493,55.93627881574677,123.7962432861328,125.16495361328126,124.85429306030274,-37.14317121644651,1.0144775824791812,0.414175396696722,True,50.0,62.85682878355349,33.8094888033476,-0.3295402087341932,1.3506698608398438,346196.5567536639,-2.278969873340958,0
2021-05-10,124.66968536376953,125.61517870417445,124.35453007699425,125.61517870417445,4286.348,1.2156391206463155,0.045028999468684106,0.13508118748438847,51.92366514598582,123.83225860595704,125.10192108154297,124.87680473327637,-50.71449023841297,0.5872661994553443,-0.29706562182011353,False,33.33333333333333,49.285509761587036,46.66651938286077,-0.2917313106776924,-0.6303253173828125,344053.3360359745,-13.537139947567177,0
2021-05-11,119.98727416992188,122.28346865626635,119.40197588949975,122.23844254083973,25371.817,-3.3767361633347264,-3.3317100479081034,-4.952554187494499,36.35208824994502,123.14790496826171,124.38604965209962,124.70121421813965,-93.08516535070976,-2.600955076326559,-3.773238022487678,False,33.33333333333333,6.914834649290248,39.68572439814359,-0.5589218589852994,-7.158714294433594,328988.7327361487,-152.94589518407258,0
2021-05-12,116.52046203613281,119.6720975567087,109.13663299307737,119.6720975567087,38462.474,-2.566344984131021,-2.611371099557644,-10.265342896422382,29.263722170047615,122.00430908203126,123.31899566650391,124.35228309631347,-60.57695670570238,-4.525334615366703,-6.002002368203225,False,33.33333333333333,39.42304329429762,31.874462568391635,-0.9244229932722412,-10.670539855957031,344439.46415270725,-227.11482561872603,0
2021-05-13,114.8095703125,117.06073835784315,112.55840226715686,113.68398628982844,27143.151,-5.988111266880267,-2.611359198865557,3.4217692740794945,26.48353805818188,120.30242309570312,122.15739212036132,123.8840389251709,-69.71158835810607,-4.963044917268835,-6.607667498673546,False,33.33333333333333,32.812455949061615,26.38344463088316,-1.218217439418035,-11.616035461425781,344439.4641527072,-153.18378498729206,1
2021-05-14,116.1152572631836,117.28586751809016,115.12474459288903,115.71004972034231,15214.683,2.0260634305138723,0.22512916024700758,2.5663423257321654,31.872113960481983,118.42044982910156,121.10834655761718,123.42930374145507,-62.74038779462462,-2.917367697752691,-4.8310212999591,True,33.33333333333333,42.349758239931546,38.1950858277636,-1.256378764605547,-10.490455627441406,343171.54568912316,-92.56730052682786,0
2021-05-17,113.90910339355469,115.9801807487181,112.28825964864248,112.73849325889368,31603.624,-2.9715564614486283,-1.305686769372059,-2.83648494424655,28.07853484758732,116.2683334350586,120.05029602050782,122.85525512695312,-74.51927636437851,-3.1949531826382884,-5.8341927099251425,False,16.666666666666664,28.96172079835547,34.70797832911621,-1.3535676577960007,-10.58050537109375,339317.450938764,-99.90860045872797,1
2021-05-18,119.13182830810547,119.13182830810547,115.2598161125658,115.57498516826492,16272.929,2.836491909371233,3.1516475593873707,2.9715564639233207,44.98846913487247,116.09724426269531,119.62257461547851,122.53108711242676,-42.18746171339582,2.0439708936244405,-1.0070086488379268,True,33.33333333333333,60.65580962218694,43.98909622015799,-1.0054803413969764,-4.277214050292969,355590.37993876403,-27.623032211791525,0
2021-05-19,118.32139587402344,119.44697998142489,117.51098081271056,119.04177245076843,16920.497,3.4667872825035175,0.31515167331941996,2.2511647001447557,43.266431290279186,116.45743103027344,119.23087005615234,122.17765312194824,-44.2622969164032,1.591390503354622,-1.2586916135166533,False,33.33333333333333,55.7377030835968,48.45174450137974,-0.7792801499219204,-3.9170455932617188,352835.82457272225,-10.8949488259218,0
2021-05-20,117.51097869873047,118.32139374546429,116.79060213494479,118.27638137401028,9509.619,-0.7653910767581493,-1.125586235960597,-0.7203786777657655,41.53220084671274,116.99771270751953,118.65006790161132,121.8399772644043,-49.18031085708252,0.7527511274292062,-1.531109389026335,False,33.33333333333333,50.819689142917476,55.737733949567065,-0.6395571239442945,-5.808021545410156,352276.4854293073,-19.956568190373957,1
2021-05-21,119.17686462402344,120.52756570972053,118.23137111602708,119.31192923657636,10091.03,1.0355478625660766,2.2061719642562423,1.440768981082286,46.354093139189004,117.6100341796875,118.01524200439454,121.5900978088379,-39.070887644018775,1.5473295260980522,0.0787847674525331,True,50.0,76.3699485425122,60.97578025634217,-0.40187126302406107,-6.348258972167969,350495.7296370779,41.0787622193447,0
2021-05-24,118.99674987792969,119.44698353428211,118.09628256522484,118.45647773433124,10224.544,-0.855451502245117,-1.0805821754384226,-0.13508855080223725,45.907535717398204,118.6275634765625,117.44794845581055,121.27493476867676,-40.163913383374265,0.98063909020318,0.23069869597869752,False,33.33333333333333,86.56110197583567,71.25024655375512,-0.2321355849591087,-5.672935485839844,353903.9109704112,59.01468808436465,1
2021-05-25,121.02279663085938,121.2479134502918,119.67209571426478,119.67209571426478,9091.243,1.2156179799335405,1.800929916009693,1.575813149039945,51.626124391146064,119.00575714111328,117.5515007019043,120.96877517700196,-27.868855382198255,1.6769569108798728,2.260401822710258,True,50.0,97.48743841652689,86.80616297829158,0.027433567013362303,1.0355224609375,360397.6559704112,125.48848528651044,1
2021-05-26,121.11285400390625,121.69815226329912,120.61759423209028,121.42802306052754,5138.589,1.7559273462627516,0.45023881300731716,0.9454985178254987,51.87284230212849,119.56404876708984,118.01073989868163,120.66486778259278,-8.904155207764642,1.471145333517947,2.5934434795518375,True,50.0,93.7799687694499,92.60950305393749,0.20608871015500752,4.5923919677734375,359969.47833582206,121.18164323029391,0
2021-05-27,120.25741577148438,120.39248037620563,119.17685771359092,120.21238965656357,5656.101,-1.2156334039639631,-1.3056718870934958,-1.4407365184993637,49.26896123243119,120.11333618164062,118.55552444458007,120.3564582824707,-11.469444585657296,0.4827938838635264,1.849388436208627,False,50.0,84.68912929388071,91.9855121599525,0.2638540837604122,5.447845458984375,364368.7106226553,64.88142014817906,1
2021-05-28,122.28345489501953,122.37349337569891,120.9327540244708,121.47302612866642,9546.007,1.2606364721028456,1.981012999493288,1.7558963108798764,55.09322100137621,120.73465423583984,119.17234420776367,120.14034538269043,-0.8927753497455313,1.5010848071346776,3.145766247466054,True,66.66666666666666,98.73429061582523,92.40112955971863,0.42610771187897134,6.1681976318359375,372721.56916578545,119.43112060664109,1
2021-05-31,123.4540786743164,123.85928623214501,122.28346837611274,122.28346837611274,10360.378,0.8104422474463178,1.4857928564460963,1.3507143516419404,58.12358340092795,121.6261199951172,120.12684173583985,120.08856887817383,-3.501915365109705,1.8699780987638561,3.504256211382196,True,66.66666666666666,94.26756731158635,92.56366240709742,0.5897851558239506,9.544975280761719,377753.7888999164,149.39317510318136,1
2021-06-01,123.9943618774414,124.35455709205647,123.54412816420448,123.54412816420448,5559.98,1.2606597880917434,0.49527085991145725,1.2606597880917434,59.49963366926375,122.22043304443359,120.61309509277343,120.11783485412597,-2.985134556016288,1.6173754520882138,3.388091477358219,True,83.33333333333334,95.23800423644244,96.079954054618,0.7042036752171303,4.8625335693359375,378371.5016127319,138.3518427271055,0
2021-06-02,123.9943618774414,124.26450485339207,123.04886833163536,124.0844141161058,4944.067,0.5402859519013248,-0.09005223866439849,-0.49525983256911843,59.49963366926375,122.79673461914062,121.18039169311524,120.20563087463378,-3.960477988623629,1.2065958466754134,2.6686224493126467,False,66.66666666666666,94.24449641717113,94.58335598839999,0.7456650127060247,5.672966003417969,381118.19308349164,103.74172785567724,0
2021-06-03,123.90430450439453,124.66969345627959,123.81425227944784,124.21945981162705,4974.864,0.13504569552124224,0.40518860288752023,0.7653839478124809,59.114304133100006,123.52611236572265,121.81972427368164,120.23489608764649,-9.714177951111665,0.7505000209219793,2.2573155561917293,False,50.0,88.35628922989407,92.61292996116923,0.731777957616121,6.3933258056640625,377190.7361621792,95.79996262976316,0
2021-06-04,123.31900024414062,123.36402635943335,122.7337019654591,123.36402635943335,3107.58,-0.8554334521936937,-1.3056670968462356,-1.0805503139887378,56.51914174792667,123.73322143554688,122.23393783569335,120.12458992004395,-17.142753612736943,-0.13976128213278383,1.4256609431901723,False,50.0,75.40991073805863,86.00356546170794,0.6506542153660719,4.1421356201171875,379854.3471306805,45.46025979971786,1
2021-06-07,123.6341552734375,123.72419375375848,121.2479088342761,123.5441030530768,10744.604,0.1800766936434428,0.36016739432513134,-1.4857931311830015,57.612201577961365,123.7692367553711,122.69767837524414,120.07281341552735,-15.753437598907341,-0.06672917087637824,1.2599023997023413,True,50.0,81.14747588765131,81.63789195186801,0.587622696465926,4.6374053955078125,389817.5969268896,21.381066571133424,0
2021-06-08,122.91378784179688,123.8142551519932,122.91378784179688,123.63416443796207,2893.6,0.09006138488527426,0.0900613982347096,1.665879007520772,54.21380465669589,123.5531219482422,122.88677749633788,120.2191390991211,-26.712244884496588,-0.5766345895610157,0.41379161904010214,False,33.33333333333333,68.0328031505413,74.86339659208375,0.4718113137554252,1.8909912109375,386923.99692688964,31.330616627501282,0
2021-06-09,122.01332092285156,122.73369752132675,121.60811337997202,122.73369752132675,5990.426,-0.9004669166353239,-1.0805576306664477,-1.3056744618248501,50.17761213176308,123.15691375732422,122.97682418823243,120.49378204345703,-48.360676668036824,-1.0407170044762077,-0.5261241227936515,False,16.666666666666664,28.91582585425365,59.365368297482085,0.3164206770191877,0.9004669189453125,385246.6483967626,-51.58724034123844,1
2021-06-10,123.90430450439453,124.12942132672079,122.2834606356373,122.46355134549023,6760.279,-0.27014617583651557,1.3957238053940415,0.6753472556652724,57.43703960397312,123.15691375732422,123.34151306152344,120.94851875305176,-13.934313490146529,0.5052061576545215,0.8181701323401588,True,33.33333333333333,77.63187820287428,58.19350240255641,0.3217910274613412,3.6468887329101562,390358.0813147524,33.25863894384684,1
2021-06-11,124.35453033447266,124.71471173154433,124.12941352629298,124.35453033447267,3280.759,1.8909789889824395,0.5852904048235388,1.8459528906556812,58.9890990547206,123.36401977539063,123.54862060546876,121.36048240661621,-6.503988655244125,0.8090483117096415,0.9625863772429513,True,50.0,89.6105602843621,65.38608811383001,0.33496250689584905,2.071075439453125,389601.0067814409,125.96730797392725,1
2021-06-15,125.02991485595703,125.16497948168252,124.62469349869392,124.80479798638565,3960.456,0.4502676519129807,0.4502677501381953,0.4952799724009367,61.298571463972024,123.64317169189454,123.70620422363281,121.91652297973633,-3.1913381527286138,1.1227977689073525,1.1842060621226973,True,66.66666666666666,96.55189712202612,87.93144520308749,0.36593876649762946,1.575836181640625,391581.33550002094,139.2533259511869,0
2021-06-16,124.89482116699219,125.11993800894425,124.39956136668934,124.89482116699219,7212.112,0.09002318060653636,-0.04504147273827641,-0.22513213200457471,60.55446994065776,124.0393783569336,123.79625015258789,122.20467262268066,-6.896947719572341,0.8421689456319048,0.8971868692194492,False,50.0,93.10305228042766,93.08850322893863,0.3538940162215409,0.9004592895507812,394285.8946949703,103.02993962965873,0
2021-06-17,124.53463745117188,124.53463745117188,123.49909175299926,124.08440377545544,3176.151,-0.8104173915367454,-0.5853005577723707,-0.9004696136900776,58.48939166294991,124.54364166259765,123.85027770996093,122.51533470153808,-16.09217926482921,0.33250847775067394,0.5330772866858147,False,50.0,83.90782073517079,91.18759004587486,0.30034462041100696,0.5402755737304688,397462.0456949703,40.364748383242684,0
2021-06-18,124.26449584960938,125.02989860267068,124.21946973353963,125.02989860267068,2141.578,0.9454948272152421,0.4952611514988092,0.7203779805403627,56.90168098696885,124.61567993164063,123.88629684448242,122.85301055908204,-22.98870031025296,-0.18684891325643946,0.29677355571303604,False,50.0,77.01129968974703,84.6740575684485,0.22864979590638934,0.36019134521484375,395558.43290887936,61.45263072081083,0
2021-06-21,121.2929458618164,123.36402345616905,121.20290737339123,123.2739712277029,15692.991,-1.7559273749677828,-1.6658751465016337,-3.0165623601483986,42.92061396903188,124.00336303710938,123.68369140625,122.95881462097168,-97.72748991022252,-2.2319062184634095,-1.9234306066169775,False,33.33333333333333,2.2725100897774864,54.3972101715651,-0.023578581960330247,-2.0260543823242188,381173.0747563419,-121.8609583194522,1
2021-06-22,121.42800903320312,122.50856693958627,121.11284001299006,122.1033594421975,5779.196,-1.1706117855054003,-0.8554565165827768,-0.09006736040116436,43.607647442677134,123.2829818725586,123.46307678222657,123.08037757873535,-92.22215763677156,-1.7367131847065422,-1.6501134060833418,True,33.33333333333333,7.777842363228451,29.02055071425099,-0.17742913064107102,-2.206146240234375,378003.8786155281,-117.69828072049657,1
2021-06-23,123.40904235839844,123.49908084156178,121.38299099668097,121.56308170304783,6388.548,-0.5402777391496727,0.990513901975504,0.27015098369091106,52.714529606333215,122.98582611083984,123.51260223388672,123.1996898651123,-43.33358061465463,0.08519627240140028,-0.051661645622947346,True,33.33333333333333,56.66641938534537,22.2389239461171,-0.1433433623233311,0.4952545166015625,383848.7680625345,-43.8623699262744,0
2021-06-24,123.09385681152344,123.58911649265283,122.86874002374083,123.40902581043441,6177.821,1.845944107386586,0.09003565109105693,1.4857490270598532,51.277262745493736,122.69766998291016,123.6206558227539,123.29874000549316,-51.111830828157366,0.07318925191558126,-0.27056202577882826,False,33.33333333333333,48.888169171842634,37.777476973472154,-0.1394621992531676,1.080535888671875,381532.0704585177,-27.32046902563238,1
2021-06-25,123.31900024414062,124.21946758982992,123.09388340771831,123.76923391698527,6468.464,0.3602081065508571,0.6303510971770834,0.2251433839774819,52.29091665291589,122.50857086181641,123.56212539672852,123.45181922912597,-45.555668846155385,0.4216368505937503,-0.11547968727914856,True,50.0,54.444331153844615,53.33297323701087,-0.11991575884662276,-0.5853042602539062,377650.99205851764,-3.6062166079978937,1
2021-06-28,123.54411315917969,123.8142561023202,122.91378878521242,123.3640224437663,3981.057,-0.40521147321896933,-0.40521148750971747,-0.1800946225058908,53.34954517679894,122.95880432128907,123.48108367919922,123.51485214233398,-40.00025998675347,0.703410291942125,-0.03643211988206269,True,66.66666666666666,60.674162414904515,54.66888758019726,-0.09130391808723115,-0.8104171752929688,379243.39056007395,-5.574135837964556,1
2021-06-29,123.90430450439453,124.89481027860585,123.63416156959492,124.17443369915371,8986.905,0.8104112553874074,1.080554176285645,0.720372784382505,55.0890135457178,123.45406341552734,123.36852264404297,123.5373634338379,-31.111342218800388,0.639977206990181,0.25501043506042403,True,83.33333333333334,71.26430272854488,62.127598765764674,-0.04968145003989277,-1.1256103515625,374108.07224574155,59.01722602458194,1
2021-06-30,125.11993408203125,125.48012926187472,124.30951897245554,124.35454508744112,9434.672,0.1801113882874148,0.585318983268877,0.6753574028606124,60.5102854951536,123.7962417602539,123.39103393554687,123.59364204406738,-8.247568670553731,1.1219642660323828,1.1863942225161082,True,83.33333333333334,91.75243132944627,74.56363215763189,0.052619212188499076,0.2251129150390625,377736.6729878333,122.54172615269665,0
2021-07-01,124.53463745117188,125.34505257144488,124.30952061331365,125.16496184916659,4508.775,0.8104167617254632,-0.13507669042984105,1.6408581160476388e-06,56.902479961043426,124.08439788818359,123.39103393554687,123.6206558227539,-21.649397528325196,0.4965567947473616,0.746683359777732,False,66.66666666666666,78.3506024716748,80.45577884322198,0.07253818807722279,0.0,375188.2453487123,93.01801938818981,0
2021-07-02,124.53463745117188,124.71472817345017,124.1744422665739,124.53463745117188,4710.427,-0.6303243979947126,-0.6303243979947126,-0.13507834673974628,56.90247996104343,124.32752532958985,123.41804809570313,123.65217247009278,-21.649397528325196,0.3021917966329432,0.7711525530290851,False,66.66666666666666,78.3506024716748,82.81787875759862,0.07696466775427513,0.2701416015625,376758.46754280216,74.35031816827687,1
2021-07-05,125.70523834228516,126.06541975986865,124.93983565486981,124.93983565486981,7604.565,0.40519820369793536,1.3506915864184776,0.7653933882959052,62.25850896364712,124.75975036621094,123.85927734375,123.771484375,-7.272602077947327,0.9217409285852454,1.638152574472147,True,66.66666666666666,92.30780785358306,83.00300426564422,0.14597830365384534,4.41229248046875,379496.18520613224,123.53192529669211,1
2021-07-06,125.84030151367188,126.11044444382017,125.57015858352358,125.93035373706805,6395.338,0.9905180821982356,0.04502468395152448,0.6303229286537686,62.83978907506541,125.1469497680664,124.30050659179688,123.88179168701171,-5.4054484280866735,0.7207142841876721,1.639440718534747,True,66.66666666666666,91.66663905336304,87.44168312620697,0.18543779682864625,4.41229248046875,379496.18520613224,123.2386230161078,0
2021-07-07,125.16494750976562,125.7502457251263,124.80476610647287,125.70523335474455,6587.378,-0.22512038232349596,-0.36019871869386577,-0.7653924770507103,57.969558739683094,125.15595245361328,124.4760971069336,123.99434967041016,-18.91900303717111,0.011984118376066843,0.831187170602916,False,50.0,70.42230896816892,84.79891862503835,0.1521632129724212,1.7559051513671875,377927.7436384987,64.02570271588839,0
2021-07-08,125.02991485595703,125.61521322082527,124.44460275104548,125.30004410740803,3942.71,-0.40518924733652284,-0.1350325043010372,-0.36016335542738886,57.00588426781379,125.25500793457032,124.66970291137696,124.14517936706542,-22.856482881222632,-0.08393445202986152,0.47944349930565844,False,33.33333333333333,66.19812381250517,76.09569061134572,0.10917986292799597,1.9360580444335938,377927.7899160672,34.71138321662678,0
2021-07-09,124.03938293457031,124.17444754701222,123.3190062747822,124.17444754701222,6736.596,-1.125596560395806,-1.440765673813047,-1.1255964762632829,50.312789280191566,125.15595703125,124.74174118041992,124.15193328857421,-63.88804285861347,-0.8100770579456338,-0.3586534398656099,False,33.33333333333333,25.80664933862326,54.14236070643244,0.007519696915807894,0.7203826904296875,382537.11953915795,-97.41492665346945,1
2021-07-12,125.16494750976562,126.11044086845887,124.75973999605132,125.20997362018717,13551.81,1.0355260731749496,1.9359933214466452,1.440733721269126,56.625708050361744,125.04789886474609,124.90382461547851,124.19245414733886,-29.577691031831076,0.005986111976381313,0.4063109188481221,True,50.0,66.12868074450681,52.711151298545076,0.009438429215936628,1.6208343505859375,377116.3403967019,57.233904039219304,1
2021-07-13,126.20049285888672,126.9658955978691,126.02040213796182,126.06542825320336,13685.209,0.8554546330161941,0.8554547294102406,1.260662141910501,61.531189207427204,125.11993713378907,125.13344345092773,124.25098304748535,-18.889006987467983,0.7669235160495379,1.0423832986305936,True,50.0,79.01217527669546,56.98250178660851,0.07041149640768063,2.2961883544921875,368644.4496465384,156.18171314097322,1
2021-07-14,126.51564025878906,127.05592606907705,126.20047124611459,126.24549735364508,9455.679,0.1800691004417132,0.09003047120793894,0.18006910815276456,62.92332982214185,125.39007568359375,125.27301406860352,124.3320240020752,-14.4580520864493,0.9278518046939145,1.0942737414202903,True,50.0,85.5419479135507,76.894267978251,0.11906777152020798,1.3957061767578125,366156.1450410774,133.33283746075946,1
2021-07-15,127.686279296875,127.7313054146115,126.78581190231318,126.92087651548064,12072.582,0.6753791618355649,0.6753793455344521,0.5853406561985963,67.66513046500802,125.92134857177734,125.58817825317382,124.48960609436035,-1.0204683841594615,1.5213968138219676,1.7733877647970056,True,66.66666666666666,98.97953161584054,87.8445516020289,0.21177757585951507,3.151641845703125,377078.89049234387,154.84523342490704,0
2021-07-16,125.9753646850586,126.06541690743705,125.20997575500175,125.88532620272015,9250.384,-1.035550312760492,-1.6658885071744436,-1.5758361473114348,56.20452103603859,126.308544921875,125.7322509765625,124.57514953613281,-39.7965023201223,0.03574470116611938,0.3526699764832621,False,66.66666666666666,60.2034976798777,81.57499240308965,0.14286257168471417,1.4407272338867188,384381.7001099736,4.75089208356127,0
2021-07-19,124.53463745117188,125.34505257144488,123.85928693759723,125.16496184916659,10450.51,-0.7203643535535633,-0.7203643359921728,-1.3506888174045173,48.637031329452675,126.18248291015625,125.61519088745118,124.73723411560059,-72.44903081442689,-1.1730991825153139,-0.7950212803733543,False,66.66666666666666,27.55096918557311,62.24466616043045,-0.006825978324868198,-1.1706008911132812,383431.68888963596,-85.8222329069224,0
2021-07-20,123.54411315917969,124.5346327040146,123.40904855762987,124.0843990454607,7860.923,-1.080562803705888,-0.8104198674302836,-0.4502383799673595,44.175966135072095,125.65120697021484,125.38557205200195,124.84303932189941,-94.89819531124992,-1.7485233768106838,-1.51932265953517,False,50.0,5.101804688750077,30.952090518066964,-0.1705484430990729,-2.2961883544921875,377457.3106428096,-115.48679538787518,0
2021-07-21,123.40867614746094,124.58228009176706,122.86702232521297,124.58228009176706,12693.914,0.497881046306361,0.04764738775246258,-0.5420262324169016,43.579731968720964,125.02981414794922,125.20994491577149,124.84302101135253,-88.86467312257227,-1.491709528158407,-1.4769819054178461,False,33.33333333333333,11.135326877427726,14.59603358391697,-0.2795261046361196,-1.7562713623046875,372780.50890600035,-102.02568542927385,1
2021-07-22,124.26631927490234,125.07882076417701,123.90521668534524,124.40174307737185,6101.349,-0.1805370143952132,0.4965406724099495,1.038194360132266,48.39155236077273,124.34582214355468,125.13358535766602,124.90164413452149,-71.23323367550147,-0.5093936441790656,-0.6882899253291906,True,33.33333333333333,28.766766324498533,15.001299296892112,-0.2844648439926918,-0.7635955810546875,370433.77010790893,-45.2896033012643,0
2021-07-23,124.26631927490234,124.85312820190863,123.99549922032492,124.62743563964024,3093.56,0.2256925622683923,-0.22569256226837808,0.09028253497967853,48.39155236077273,124.00401306152344,125.15627899169922,124.94901008605957,-71.23323367550147,-0.053286431428360086,-0.6288187814980692,False,16.666666666666664,28.766766324498533,22.8896198421416,-0.27801953347926467,0.22693634033203125,369293.96425108507,-53.64637565237598,0
2021-07-26,123.1829833984375,124.62742113896398,123.0024321246665,124.35658734071787,11587.727,-0.27084829892237394,-0.22570706294465026,-0.993067095658418,42.89248424240106,123.73368225097656,124.95808258056641,124.93095359802246,-93.50446782356993,-0.5523589176035995,-1.3737362812069114,False,16.666666666666664,6.495532176430079,21.343021608475713,-0.33327909689197516,-1.981964111328125,360281.2440376573,-81.81330787578919,0
2021-07-27,123.13785552978516,123.72466445234157,122.82189421011387,123.2281380640802,10316.297,-1.1284492766376673,-0.9027566866224106,-0.18053791455263024,42.672123585054464,123.65243072509766,124.65181884765624,124.89263114929199,-93.56417080358173,-0.4016053435177824,-1.3505296471788493,False,16.666666666666664,6.435829196418269,13.899375899115627,-0.35730166214069975,-3.0626373291015625,357186.16604061774,-91.1648028267826,0
2021-07-28,121.1968994140625,122.86702979501732,120.7455143138239,122.86702979501732,30057.749,-0.36110826906288196,-0.8576346573242546,-2.076379896289964,34.38380788481585,123.21007537841797,124.1199447631836,124.69647941589355,-93.53852564833056,-1.6603565139554923,-2.6475918914318877,False,16.666666666666664,8.484837688203353,7.138733020350567,-0.4806591465005685,-5.3187408447265625,339918.91530997696,-165.31174565692177,1
2021-07-29,123.2281494140625,123.31843195667307,122.09968650734032,122.64135421263975,10714.159,-0.22567558237756202,0.45140216165575,1.354172193516419,46.293153624030836,123.00244140625,123.67413177490235,124.63115501403809,-64.46164701434175,0.01222410431345377,-0.8186391024518399,True,33.33333333333333,53.97574628551283,22.965471056711483,-0.4052187966235218,-4.4581298828125,349045.70179181336,-75.43058462127269,0
2021-07-30,122.82190704345703,123.31843348359916,122.7767657715928,123.31843348359916,3868.018,0.6770792709594105,1.5269260984496213e-06,0.6770792642524839,44.529805428193995,122.71355895996093,123.3587860107422,124.54551849365234,-70.27691352810378,-0.12234075339506709,-0.9000923873945275,False,16.666666666666664,47.91705256534371,36.79254551301997,-0.3637620164612311,-3.1534576416015625,345822.3862477414,-53.451668427996275,1
2021-08-02,124.49202728271484,124.58230982889575,122.8219103798283,123.6795394678168,7222.519,0.3611059842176303,1.2638763452965804,0.04514460823548916,52.62331782375111,122.97536773681641,123.35452499389649,124.48485794067383,-29.575534458302965,1.2048266749812706,0.6636596112988733,True,33.33333333333333,86.4585279581519,62.783775603002816,-0.21244101412835983,-0.04261016845703125,352304.0876957871,55.301544719151444,1
2021-08-03,124.98851776123047,124.98851776123047,124.3114401853027,124.53713271061196,6080.238,0.8575932427951614,0.4062079323347234,1.4895298054744046,54.76381690716374,123.34550018310547,123.49896545410157,124.44226875305176,-7.751534833386156,1.3604840440740786,1.1323690751597089,True,50.0,97.91607161918625,77.4305507142273,-0.07460585622487834,1.4444046020507812,358384.3256957871,116.72307802211002,1
2021-08-04,125.71078491210938,125.75592618955625,124.98856579851112,125.16911713311472,5431.124,0.631984422502768,0.7674084283257798,0.6771256132084176,57.7902994545435,124.24827728271484,123.7291763305664,124.46956062316895,-0.900949434227411,1.5929167273258191,1.6361768881190022,True,66.66666666666666,99.09905056577259,94.49121671437024,0.06212967052767857,2.3021087646484375,363176.4595206532,134.3713368648337,0
2021-08-05,125.48506164550781,125.8913054929212,125.34965162143017,125.7107542024242,5643.302,0.5416370693094734,0.13537930336495663,0.3610858229190512,56.50151775984863,124.69965972900391,123.85105056762696,124.49231796264648,-7.89468195024303,0.8281375100665501,1.3211835691403209,False,66.66666666666666,92.10531804975697,96.37348007823861,0.13036792766930333,1.2187423706054688,360354.7367612626,116.86948329418054,0
2021-08-06,125.30452728271484,125.48507859760298,124.4017569330918,125.39479605256774,3920.479,-0.3159581498564563,-0.40622689531822687,-0.9478946883383657,55.42309924973445,125.19618377685546,123.9548713684082,124.55557518005371,-11.40307077733568,0.40388973756978486,1.0465136959960837,False,50.0,88.59692922266431,93.26709927939795,0.15468297642734583,1.0382080078125,362968.40604512766,72.55517432337508,0
2021-08-09,124.94338989257812,125.07881368738555,123.40868331102088,124.76283860801492,5037.066,-0.6319574445528247,-0.4062649102174305,-0.9930736220709235,53.20696118279439,125.28645629882813,124.13091201782227,124.54449729919433,-18.42118281428917,-0.1683218144110378,0.7094674123921391,False,50.0,81.57881718571083,87.42702148604404,0.13831495699402613,1.760406494140625,367188.6033717966,29.587255062615398,0
2021-08-10,124.26631927490234,125.03367949668718,124.13090924761363,124.98853822919735,2475.776,0.2256996211824287,-0.045134190698362886,0.7222259365927499,49.18456440064519,125.1420166015625,124.24375839233399,124.44778861999512,-31.57893823246679,-0.6794584556842853,0.16372088378160252,False,33.33333333333333,57.14268168298269,75.77280936378594,0.07682824893676324,1.1284637451171875,365455.5299499216,22.991584474281584,0
2021-08-11,123.8600845336914,124.26632842063702,123.3184306094912,123.99550834612783,3615.029,-0.9930298830695108,-0.7673510760501614,-0.8124786381224283,46.865558240194105,124.77187652587891,124.51007690429688,124.31501083374023,-39.47344321862134,-0.8551114514573496,-0.20910670736406436,False,16.666666666666664,34.782627901003224,57.83470892323225,0.007394261576507438,2.6631851196289062,365971.94765424635,-47.27575652291077,0
2021-08-12,123.63438415527344,123.90521798787876,123.22814029395593,123.86007671991439,2234.527,-0.13543162621344607,-0.3611104327582666,-0.09029031553527034,45.56348972086548,124.40174102783203,124.55070037841797,124.11241607666015,-43.85955937768324,-0.760870806654598,-0.42414301631698387,False,0.0,26.470159282505783,39.46515628883056,-0.0518766538804018,0.4062347412109375,366418.83486961905,-82.95784366625803,0
2021-08-13,122.46076202392578,123.5440971947567,122.37049327647583,123.31840466336341,7179.861,-0.5416720565509792,-0.3611207931220548,-0.8576470174801045,39.36020197385587,123.83298797607422,124.51458587646485,123.93668594360352,-90.47700947910143,-1.3035987972096692,-1.4529794987958027,False,0.0,2.5638614586804054,21.27221621406314,-0.16204638779708164,-0.36114501953125,360343.4641482203,-155.87808856762018,0
2021-08-16,122.18994903564453,122.55105159657545,121.78369143562261,122.3253590521987,10708.994,-0.9930456111647032,-0.9930455981812543,-0.5868018408532123,38.055962275312744,123.2822998046875,124.28437805175781,123.81945152282715,-90.10964529883083,-1.1081325320671174,-1.6024026301484053,False,0.0,9.890354701169166,12.974791814118452,-0.24035872867147387,-2.3020782470703125,360973.631137988,-151.111314661063,0
2021-08-17,121.28720092773438,122.32538131070437,121.24205965560911,122.23509876645385,13009.487,-0.09026028574486133,-0.2256702858710753,-0.5416317800135033,33.96338638829641,122.68647613525391,123.9142463684082,123.70660591125488,-99.02906248228504,-1.3522450812812739,-2.228676931680839,False,0.0,0.9709375177149514,4.47505122585484,-0.33437900731040027,-3.7013168334960938,349048.33698157227,-137.58365851028438,1
2021-08-18,121.7837142944336,121.82885556681791,119.57192969942528,120.61012386353526,21462.399,-1.6249749029185807,-0.4965257438864654,-1.6701299561838283,37.96611315549491,122.27120208740234,123.52153930664062,123.62535781860352,-64.99995146221971,-0.6139431977861421,-1.6494973955648793,True,16.666666666666664,37.40451378942842,16.088602002770845,-0.34325630288424,-3.9270706176757812,369652.1876231372,-128.95616157176698,0
2021-08-19,118.98513793945312,121.4226151919881,118.80458661985475,121.4226151919881,26396.251,0.8124913284528361,-0.4062403748298067,-0.7673430795705372,27.657869923080128,121.34135284423829,122.87154693603516,123.36129875183106,-97.45225790902224,-2.249677534433111,-3.519782576445856,False,16.666666666666664,2.877666326944627,13.751039211362666,-0.5078048412228535,-6.4999237060546875,346896.7509375635,-149.26688508572045,0
2021-08-20,118.0372085571289,119.8878902991028,117.54068217145094,119.34622264651217,15662.364,-2.076392545475926,-1.5347248928852935,-1.2639044484038067,25.136055987909103,120.4566421508789,122.14481506347656,123.04984321594239,-94.05402008253265,-2.27952519180178,-3.789553506079953,False,16.666666666666664,6.6265389419755625,15.636239686116204,-0.6420378360923253,-7.2673187255859375,337860.79291876,-154.9319487595674,1
2021-08-23,121.28720092773438,121.37746969680269,119.30109515568049,119.39137769993101,5886.402,0.04515505341883852,1.4895793976998846,1.7604129842295464,44.17418612346206,120.27609252929688,121.7791961669922,122.95505409240722,-52.84073760530974,0.5739308596965785,-0.8578423443311757,True,33.33333333333333,55.704963024732784,21.736389431217656,-0.48086802696380815,-3.65618896484375,343235.3814166602,-51.70593516935451,1
2021-08-24,121.64830017089844,122.18996787097146,121.5128901334711,122.05454405836228,4949.101,2.663166358431269,0.8124981741687662,2.2117949777906176,45.843488706672275,120.34831237792969,121.5173942565918,122.8805763244629,-45.50880426051815,0.9489301893430613,-0.3144018766644486,True,50.0,64.53916071687621,42.29022089452818,-0.32626066581681523,-2.6180191040039062,340265.8402648861,11.14845172807697,1
2021-08-25,122.82190704345703,122.86704831532126,122.00940547544751,122.00940547544751,6850.909,-0.045138582914773906,0.677080444349798,0.496515341976405,51.03474693272206,120.55595092773437,121.41357650756837,122.96182670593262,-29.517859906087967,1.7069551333919897,0.7933403382827383,True,66.66666666666666,87.97034440404222,69.40482271521707,-0.13127534048165668,-1.038177490234375,346395.5662005429,63.852304395496304,1
2021-08-26,123.67951965332031,124.5822898697679,123.09272452270149,124.08576349568567,7087.424,2.0763580202381604,1.7152415544466493,1.0833190472539798,54.510806904326586,121.49482727050781,121.41809005737305,122.98439521789551,-12.82051280225915,2.1498581105115426,1.5378836539119674,True,66.66666666666666,87.17948719774084,79.89633077288643,0.05892984503366916,0.045135498046875,344892.1414524341,130.5047050156867,1
2021-08-27,124.71772003173828,125.03369516859114,123.18301317098702,123.40870576154406,16516.958,-0.6770577341416129,0.4514052988232322,0.09028864828553651,58.40993449919792,122.83092956542968,121.6437858581543,123.07918586730958,-4.216930318597497,2.2008526406902558,2.3301789094115057,True,83.33333333333334,95.7830696814025,90.3109670943952,0.24755843785884113,2.2569580078125,355769.0726177869,137.48118515163316,1
2021-08-30,125.93644714355469,125.93644714355469,124.98853564657786,125.1690869376257,21353.656,1.7603811760816512,0.9027519749635502,1.8055224755908341,62.523616693359074,123.76077880859376,122.01843566894532,123.15140686035156,-0.0,2.0980644134408477,3.167748983845544,True,100.0,100.0,94.32085229304778,0.4362671890259653,3.7464981079101562,377122.7286177869,144.598873384394,1
2021-08-31,126.70380401611328,126.70380401611328,124.67257105110728,125.8461612996333,16125.054,0.6770743620075876,0.7673568725585938,-0.3159645954705752,64.90775661917064,124.77187957763672,122.5600959777832,123.2371711730957,-0.0,1.9738395828652464,3.4965832049050958,True,100.0,100.0,98.59435656046749,0.5853340219684553,5.416603088378906,393247.7826177869,117.34887080128169,1
2021-09-01,127.29061126708984,127.56144510992846,126.43298224408545,126.52325100824402,18222.818,0.6770897086107226,0.8576410938151753,1.760411192978168,66.6762930887974,125.66562042236328,123.11078567504883,123.31616249084473,-2.7027267734143336,1.6765836775304233,3.616153226863221,True,100.0,97.29727322658566,99.09909107552856,0.6888833891657145,5.50689697265625,402723.5589991835,115.44531029151685,0
2021-09-02,126.29754638671875,127.65170169654853,126.29754638671875,127.20031659327194,6979.466,0.6770655850279184,0.09025658662007174,-0.13543585736670138,61.000733866856876,126.18922576904296,123.84202651977539,123.35678672790527,-13.392866134502974,0.4187016208717492,2.45955292533213,False,83.33333333333334,83.78374908214734,93.693674102911,0.6560812085740885,7.312408447265625,395744.09299918346,89.39284450962529,1
2021-09-03,128.10308837890625,128.28365344258677,126.79407431830441,126.97462560680461,11084.173,-0.22569098646732755,0.63195174603824,0.49652793158566055,66.63399578300286,126.86629943847656,124.84861450195312,123.49671478271485,-1.6807739602325824,1.2606973081813937,3.4822129477003103,True,83.33333333333334,97.33316532513523,92.8047292112894,0.7166412746713109,10.065879821777344,404141.0446613373,102.56795245109868,1
2021-09-06,128.6898956298828,129.5475245706104,127.83226668915522,128.1030867308312,13835.835,1.128461124026586,1.2638711280236237,1.0381923708508083,68.25951998045636,127.41698913574218,125.58888397216796,123.68404006958008,-7.142834995382453,1.1949836587550535,3.281505054753105,True,83.33333333333334,88.62277273812363,89.91322904846872,0.7531341551061305,7.4026947021484375,404141.0446613374,116.70459439511096,0
2021-09-07,128.10308837890625,128.91558983992763,127.69684453598573,128.91558983992763,8211.141,0.8125031090964399,-0.6319347306827581,-0.13542215316948614,64.81481460757419,127.69684600830078,126.23436279296875,123.87587852478028,-14.096971083404696,0.4483206823856358,2.1230568405730876,False,66.66666666666666,77.62229378163184,87.85941061496356,0.6960152919125608,6.4547882080078125,401403.9357889906,88.84752855564172,0
2021-09-08,126.9746322631836,128.19337763101566,126.3426958327148,127.96768506476388,6978.986,-0.9479047751637495,-0.7222122089119694,-1.354148703270937,58.60987690384072,127.63365020751954,126.6496353149414,124.03160591125489,-32.02251860437934,-0.4717521611433859,0.8424426541490757,False,50.0,59.57439391845454,75.27315347940335,0.5470635417693429,4.1527252197265625,399191.05869564414,32.646145796358994,0
2021-09-09,126.65868377685547,127.29062027139327,125.75591342032077,126.07187477999844,3062.573,-1.8958102847654459,-0.9027573596223988,-0.5867824123940295,56.94478851538558,127.70587768554688,126.94755172729492,124.18282089233398,-38.32309833906254,-0.637377154415067,0.25905811880325214,False,33.33333333333333,40.7411623065203,59.31261666886889,0.398966484329079,2.9791641235351562,399731.5192224593,-17.36761251500619,1
2021-09-10,128.1482391357422,128.28366294353233,126.83922497819214,127.01977628006433,2982.436,0.9479015000658961,0.9930426721390688,1.0833115578713688,62.43378389970147,127.71490783691407,127.29060363769531,124.46719474792481,-21.67821504124697,0.2884924734279414,1.0829920520215124,True,50.0,71.2964353553297,57.20399719343485,0.37348233628166505,3.4305191040039062,402154.71647451445,52.53399389043647,0
2021-09-13,127.69684600830078,128.05796236464508,127.42601218483766,128.05796236464508,3234.821,1.0381860845807438,-0.22570057888725614,0.5867872066455249,59.908878095622576,127.51629791259765,127.46664352416992,124.74253959655762,-29.078093291169658,-0.011785529880344389,0.46164391089055573,False,33.33333333333333,51.19018040211626,54.409259354655426,0.3014674658061467,1.7603988647460938,401692.5790424368,35.944448882465544,1
2021-09-14,127.83226776123047,128.37392162430518,127.60657520782094,128.05796031464,2409.391,-2.05000506525721e-06,0.3159592596601044,0.18056302298327864,60.43258137224175,127.4621337890625,127.57948989868164,125.06979293823242,-35.18509053507355,0.20640460509712116,0.363251459360196,True,33.33333333333333,54.76179541119606,59.082803722880676,0.2408252278953842,1.1284637451171875,400700.4921316209,46.20275430306182,0
2021-09-15,127.06493377685547,127.69687030170374,126.74895862683978,127.56146025180165,11993.148,-0.4965000628383649,-0.677051322601443,-0.8576165809811584,55.91746335858181,127.48019409179688,127.5569221496582,125.33385391235352,-50.92542490554797,-0.25981991758534023,-0.31279714962316124,False,33.33333333333333,34.52411928988846,46.82536503440026,0.1323294505084609,-0.225677490234375,396702.8923223407,-50.98750091123026,0
2021-09-16,126.47811889648438,127.29060662015767,126.16214379551089,127.11005532325038,8012.128,-0.4514049285512698,-0.40626368154606496,-0.5868148313288941,52.636579433686705,127.44408111572265,127.57497940063476,125.70850296020508,-80.95254371987902,-0.6559121785608881,-0.758532467578593,False,33.33333333333333,19.047456280120983,36.11112366040184,0.010746231493143688,0.180572509765625,393177.6342457782,-113.52766294465235,1
2021-09-17,126.8392105102539,127.33573686515206,125.93644032868626,126.47810794769876,3764.091,-0.6319473755516185,0.04513024499438245,-0.22570346682462628,54.43137175974618,127.182275390625,127.44859161376954,126.14860305786132,-71.42910897256985,-0.3958268391182697,-0.4458162560358865,True,50.0,34.28506423034057,29.285546600116675,-0.05219766400308601,-1.2638778686523438,394270.4252960829,-82.80004336322754,0
2021-09-22,123.8600845336914,124.22120092500671,123.04759675980019,123.76981576724896,23906.619,-2.708292180449803,-3.1145359401453447,-2.888843568886074,40.58831038407449,126.41492309570313,126.96561050415039,126.27724723815918,-87.50004926916341,-2.186309321511181,-2.6288511640412806,False,33.33333333333333,15.254191108501399,22.862237206320984,-0.2881338587611574,-4.829811096191406,403464.97656869766,-256.64762484869027,1
2021-09-23,124.58231353759766,125.03369873157446,124.22121089248938,124.58231353759766,5737.608,0.8124977703486991,0.8124978065677482,1.1736141326891953,44.33251103538199,125.76493225097656,126.61353302001953,126.42394790649413,-76.3887104215982,-1.2109910633399144,-1.834659681425977,True,50.0,28.81380345432797,26.117686264389977,-0.3832615669224999,-3.5207748413085938,402827.42133435496,-134.94721702530833,1
2021-09-24,126.07188415527344,126.07188415527344,125.21425500782478,125.30453756026505,6182.224,0.7222240226673904,1.0381854236989767,0.9930441153353939,51.24565038394926,125.56632232666016,126.52325820922852,126.58644676208496,-48.46129921803578,0.20330726518963285,-0.4898797868894622,True,50.0,56.7800025797772,33.615999047535524,-0.33530301216811786,-0.9027481079101562,409009.64533435495,-42.676040555600785,1
2021-09-27,126.38783264160156,126.70380773327778,125.665613700042,126.25242261670064,11729.123,0.9478850564355952,0.6319235780043471,0.4513586922172266,52.60749356301366,125.54826507568359,126.49617309570313,126.72186241149902,-37.28816835674175,0.5446096100924595,-0.1278191511087753,True,66.66666666666666,62.71183164325825,49.43521255912114,-0.2743084257854371,-0.27085113525390625,413599.23449662776,-11.043012790418457,0
2021-09-28,125.48506164550781,125.80103673526294,124.80798397475867,125.7107542024242,17700.506,-0.5416684142764439,-0.9027709980148444,-0.8576297252833314,48.39388578159404,125.27743530273438,126.22985534667968,126.7602294921875,-54.23739731027178,-0.041955135444407654,-0.743833359578399,False,66.66666666666666,45.76260268972822,55.08481230425455,-0.2854911701629722,-2.663177490234375,420035.648205658,-52.04848374784353,0
2021-09-29,122.7767562866211,123.58924401668071,122.28022988483751,123.58924401668071,29709.656,-2.121510185743489,-2.211792718582231,-2.52775408992116,38.3430579297987,125.0607696533203,125.73784637451172,126.60224494934081,-91.85179652971814,-1.6689798498214015,-2.6369186151642245,False,50.0,9.1666856865283,39.213706673171586,-0.45590134206512556,-4.9200897216796875,412864.52442323853,-150.47347775976496,1
2021-09-30,123.72465515136719,123.76979641512123,122.05452481872537,123.04757752059558,16592.539,-0.5416664960851278,0.1805523984405255,-0.22570506611214114,42.87312606240088,124.88923797607421,125.32708511352538,126.45328750610352,-73.5713647358376,-0.8918983028390572,-1.5975678452444877,True,66.66666666666666,31.623996877229015,28.85109508449518,-0.4828094946207956,-4.107612609863281,428583.72280368634,-104.43596460062633,0
2021-10-01,120.92607116699219,123.04758674587198,120.65523733934232,123.04758674587198,27092.483,9.225276400570692e-06,-0.7222096692492528,-1.399287479383048,34.669051260497696,123.86007537841797,124.71319885253907,126.13506050109864,-96.49119179317269,-2.6585150911795195,-3.389836655399387,False,50.0,4.054095455040677,14.948259339599332,-0.6563541541888982,-6.138862609863281,407625.4281052796,-140.57564732786793,0
2021-10-04,120.203857421875,121.69343665084193,119.9330373576822,121.6031541126568,23254.905,-1.444432633215186,-1.3541500950300502,-0.7221999816601254,32.89684341724461,122.62328033447265,124.08577270507813,125.83037605285645,-96.51177368001785,-2.4720737129617842,-3.4766102485045804,False,33.33333333333333,3.9998412170192945,13.225977849762996,-0.7787051759335282,-6.274261474609375,391525.5985354606,-137.15623659922926,0
2021-10-05,120.0232925415039,120.06843380548928,118.17261091954124,119.16566362650065,26965.302,-2.4374904861561504,-1.625002845352654,-1.7604264381409536,32.44449835230162,121.53092651367187,123.40418090820313,125.42638626098633,-79.80294461794286,-1.7731871657533638,-3.1653167531923687,False,16.666666666666664,21.693106634027966,9.915681102029312,-0.826213582771246,-6.81591796875,417206.76389479695,-144.31504884693646,1
2021-10-06,120.06845092773438,120.9712212354617,119.16568062000705,120.9712212354617,22038.093,1.8055576089610526,0.9027874299724203,0.99306970046581,32.69698814084657,120.98926544189453,123.02501754760742,124.99531402587891,-79.3101173175378,-1.0048297347608843,-2.7096170521683254,True,33.33333333333333,22.22243900340616,15.97179561815114,-0.8080333799125927,-3.7916336059570312,417206.76389479695,-93.64355491769565,1
2021-10-07,122.18994903564453,122.41564158002129,120.92606252202691,121.01634504984949,13566.717,0.045123814387793004,1.444420344559589,1.7603819020198586,43.516287242526836,120.68232421875,122.78578109741211,124.69965705871581,-52.91002887619759,0.8256248745766361,-0.6787793266083323,True,50.0,47.089971123802414,30.33517225374551,-0.615285043520719,-2.392364501953125,426662.37734223757,-28.413859966423995,0
2021-10-08,121.15178680419922,122.46080114946726,120.9260942006984,122.46080114946726,7701.389,1.444456099617767,0.045159569445971215,3.167867149045378e-05,40.076981617060056,120.7274673461914,122.29377136230468,124.4085147857666,-65.07903932234872,0.32396238916563236,-1.3416516142432071,False,33.33333333333333,39.0536128504794,36.12200765922932,-0.52346475151359,-4.920097351074219,421226.1068202335,-29.243167750417996,0
2021-10-12,119.93304443359375,120.20386451376463,118.80458151560805,119.7976206183262,11027.513,-2.6631805311410517,-2.2569366357026297,-2.1215126850903516,36.3933498207071,120.67330474853516,121.6482925415039,124.07223281860351,-79.36475324050738,-0.5489603591284833,-2.025001395833797,False,33.33333333333333,31.452120274425315,39.198568082902376,-0.5100486944168696,-6.4547882080078125,427985.0451878256,-95.49958395114207,0
2021-10-13,119.52677154541016,120.61010682889717,119.30107899054708,120.42954176486244,5433.166,0.6319211465362287,0.4062423151325447,0.4964974749390336,35.21623553618214,120.57400054931641,121.05246353149414,123.64115943908692,-84.12695597775324,-0.7930169020782563,-1.9198795463480474,False,33.33333333333333,24.193599210500942,31.566444111801886,-0.49346577626344246,-5.958290100097656,424425.36893282714,-72.47185497673544,1
2021-10-14,119.84274291992188,120.7003718467987,119.61705037205007,120.51982056353725,3254.619,0.09027879867481658,0.09026501790152963,0.3159713815029903,36.9465456292441,120.5288589477539,120.75906219482422,123.24845428466797,-78.10646599015753,-0.505911673607024,-1.2184974490111247,True,50.0,34.259287838103916,29.96833577434339,-0.4285505850506246,-2.9340133666992188,422526.8446315543,-47.70552024801284,1
2021-10-15,123.00244903564453,123.09273157253212,121.24204976778529,121.55801109652967,13403.173,1.0381905329924166,2.3923597257334137,1.624999395735216,51.17321914468553,120.69135894775391,120.68684158325195,123.00696334838867,-13.709522046083075,1.704403767475324,1.5591049664064012,True,50.0,98.16503408645673,52.20597371168719,-0.15428736185512704,-0.7222061157226562,434622.31313294254,127.85844668359098,0
2021-10-18,122.64134216308594,123.58923989145572,122.41564960391587,123.40868859915578,5291.519,1.8506775026261124,0.4965083189236026,1.1735998361305775,49.773094351144636,120.98927001953125,120.85836868286133,122.7857837677002,-20.161101555887676,1.342782136621567,1.270386432019582,False,33.33333333333333,82.50022784863641,71.6415165910657,0.012475413139144464,1.71527099609375,431366.0128590799,127.50012559849048,1
2021-10-19,123.63438415527344,123.90521798787876,122.82189643263841,122.9573064613506,8469.894,-0.451382137805183,0.31597809642303787,0.40624682872254425,53.58305898945402,121.72953796386719,121.20142135620117,122.64359703063965,-4.724444382403182,1.8152512215783665,2.096727146923238,True,50.0,94.69019534958646,91.78515242822654,0.18950719262241056,3.4305267333984375,435600.90600880724,118.74739804590455,0
2021-10-20,123.31842041015625,123.95035682371498,123.18299660892038,123.72466426350253,14516.056,0.7673578021519347,0.045138835836226576,0.36110017628196545,52.2084366099661,122.48786773681641,121.5309341430664,122.46755752563476,-10.937421341119101,1.0853524665171372,1.668426293082732,False,50.0,87.71931583248211,88.30324634356833,0.27972547345999266,3.2951278686523438,426208.4398029406,100.57812892932277,0
2021-10-21,122.8670425415039,124.40174928649284,122.8670425415039,123.40869645287451,13050.164,-0.3159678106280239,0.4513924627778607,-0.31595406741647025,50.20136440237872,123.09272766113281,121.81079330444337,122.41790542602538,-24.637544626256044,0.25783456690223683,1.1112904662767606,False,50.0,72.58065493458787,84.99672203888548,0.3015219798946779,2.7985916137695312,413158.2758029406,79.70197225511957,1
2021-10-22,123.2281494140625,123.45384199540693,122.46078912741864,123.00245683271807,5187.356,-0.4062396201564411,-0.9479072910859117,-0.4062534140852705,51.817924540593346,123.1378677368164,121.91461334228515,122.35019721984864,-20.967745125224692,0.09166323166236644,1.1860685516252274,True,50.0,79.0322548747753,79.77740854728175,0.3304540832871379,1.0382003784179688,415987.7557950616,52.26628094706253,0
2021-10-25,123.13785552978516,123.40868935748959,122.05453399414806,122.77675294296635,7340.396,-0.2257038897517134,-0.045152637917340144,-0.4062551332705766,51.36310736766626,123.23717041015625,122.11322021484375,122.20349578857422,-22.580951803556406,-8.261086862586972e-06,0.9000042969181301,False,33.33333333333333,75.22102619115988,75.61131200017435,0.33278145849874463,1.9860687255859375,420391.9635269139,37.20036732615769,1
2021-10-26,124.17606353759766,124.35661485131085,123.31843446607334,123.36356196311496,10502.981,0.5868090201486069,0.9479254938212591,1.2639004719252824,56.186767850908744,123.34550628662109,122.53752212524414,122.09290733337403,-4.0321419355902535,0.6340771369197491,1.6129119863014443,True,50.0,95.28317762662248,83.17881956418589,0.38957137875976366,4.243019104003906,427241.77009900194,88.84530709429069,0
2021-10-27,124.17606353759766,124.17606353759766,123.40870323533882,123.63439582127586,7387.585,0.27083385816089844,-0.18055131371319533,0.090268769265478,56.186767850908744,123.51703491210938,123.0024513244629,122.02745742797852,-4.0321419355902535,0.5605029160436213,1.4037872209523734,False,33.33333333333333,92.85736673506528,87.78719018428255,0.4103764240921767,4.6492919921875,434629.35509900196,91.39810582279563,0
2021-10-28,123.81493377685547,124.26631890003057,123.31842116150749,124.08576760579669,4443.894,0.4513717845208305,0.09025536243291299,-0.09028207383133235,53.970984575249304,123.70661315917968,123.39967041015625,122.07936630249023,-11.504674397476789,0.20090290073880293,0.8424916085998516,False,33.33333333333333,74.9995021099591,87.7133488238823,0.38355442356046215,3.9721908569335938,434840.91989502584,77.58042555080242,0
2021-10-29,122.59620666503906,123.72466951398975,122.18996279445307,123.72466951398975,4945.836,-0.3610980918069373,-0.5416493860408167,-1.1284583670544208,47.12857190383113,123.580224609375,123.3590461730957,122.02294387817383,-37.73576255767509,-0.749131450747785,-0.357697519215828,False,33.33333333333333,23.07724701085649,63.64470528529362,0.2726827094012895,-0.40624237060546875,432513.4546030529,-96.46118749039337,1
2021-11-01,123.2281494140625,123.45384199540693,122.95731556141278,122.95731556141278,3018.463,-0.7673539525769684,-0.27082751858281995,0.7673527669597178,50.666512705949835,123.59828338623046,123.41772689819337,122.13804779052734,-37.142768338629686,-0.2375261701264517,-0.07320258111354051,True,33.33333333333333,50.00033118998814,49.35902677026791,0.23242626948080714,0.5868072509765625,432787.8755560561,-37.17292318414788,0
2021-11-02,123.00244903564453,124.26632190098422,122.91216649875695,123.49897543816408,3982.577,0.5416598767512966,0.8124799055772911,-0.04514906265583818,49.37910574108829,123.36356048583984,123.35453338623047,122.27797737121583,-59.615334622775976,-0.40205079822660517,-0.2562250163183057,False,33.33333333333333,40.384665377224024,37.82074785935622,0.18327789724345067,-0.6319351196289062,429336.34123301733,0.9375179892462908,1
2021-11-03,123.31842041015625,123.6795229964239,123.13785534184174,123.13785534184174,2323.882,-0.3611200963223382,-0.5867989045603252,0.22568884308479653,51.270117452275564,123.19203186035156,123.35453338623047,122.44273376464844,-46.15379253321015,-0.030494437571522072,-0.045734167999588356,True,33.33333333333333,54.901912418744146,48.428969661985434,0.16528317140860704,0.0,428561.7926980497,-0.0014728813089853639,0
2021-11-04,122.91214752197266,124.13089270588384,122.91214752197266,123.90520017369131,2509.32,0.7673448318495701,0.45136970945993937,-0.22570781986908628,48.71737529523516,123.011474609375,123.35904388427734,122.58491859436035,-63.4625110605908,-0.18939966743514905,-0.326409662767481,False,33.33333333333333,37.253840374728014,44.18013939023206,0.12128960552364854,0.04510498046875,426052.4726980497,-11.433283040763872,1
2021-11-05,124.67257690429688,124.7628456640937,123.49897282549176,123.76980665524384,11245.002,-0.13539351844747216,0.6319529582098653,0.586825303519106,58.48769572303389,123.42674865722657,123.50348663330078,122.70904998779297,-3.3330270219099205,1.122776152994424,1.0087476436912168,True,50.0,96.49153248047253,62.88242842464823,0.20130411934302864,1.444427490234375,435691.1859109978,136.36214292899348,1
2021-11-08,125.66561889648438,125.66561889648438,124.76284862599931,124.76284862599931,7386.798,0.9930419707554705,0.9027732323906719,1.2638758005075488,62.843882172464895,123.91424255371093,123.7562629699707,122.93474159240722,-0.0,1.5070491126158185,1.621290374252854,True,66.66666666666666,100.0,77.91512428506685,0.3054183187639356,2.5277633666992188,443077.9839109978,206.93475762322495,1
2021-11-09,127.01976776123047,127.47115287322858,126.478113891941,126.52324138299647,12275.93,1.7603927569971631,1.8055339767442007,1.7152652659416958,67.8609503878844,124.71770629882812,124.04063339233399,123.28907775878906,-8.33333712551566,2.0798035929364076,2.454558245788077,True,66.66666666666666,91.45296599317318,95.98149949121523,0.4415287827241471,2.8437042236328125,444193.88466270734,217.17830707549317,0
2021-11-10,126.8392105102539,126.97462052741714,126.38782541947008,126.97462052741714,5350.938,0.4513791444206703,-0.49653234581143124,-0.09028847247093097,66.55378801372632,125.42186431884765,124.30694808959962,123.65469970703126,-11.965908318929335,1.4135299727587651,2.055013685469376,False,66.66666666666666,88.03409168107066,93.16235255808128,0.4916110576342464,2.66314697265625,447075.236271797,131.4376653854138,0
2021-11-11,125.71078491210938,126.1621701362103,125.30454096545532,125.57537485495264,4437.497,-1.3992456724645024,-0.8124503912068377,-1.083284454014759,58.82804003947818,125.981591796875,124.496533203125,123.94810180664062,-33.33278929296477,0.19189218696783594,1.043104161421407,False,50.0,61.38701700285891,80.2913582257009,0.42353591011688096,1.8958511352539062,446841.6687928943,59.59452443235181,1
2021-11-12,126.11698913574219,127.11004182605633,125.93643785800674,126.29754041347762,5693.822,0.7221655585249778,0.9478716898460249,0.6318968925514241,60.62306199798712,126.27047424316406,124.8486114501953,124.10382881164551,-25.64126110379203,0.08954554952442892,1.237985729377355,True,66.66666666666666,70.29694783943735,73.23935217445565,0.3819417570724328,3.520782470703125,442899.7611784713,73.90119585304974,1
2021-11-15,127.24547576904297,127.51630962416611,126.88437314566684,126.88437314566684,6479.705,0.5868327321892224,0.40626779810978064,0.9479352876601013,65.21878195035166,126.58644561767578,125.25034408569336,124.33403549194335,-5.084795710491398,0.6426339922754588,1.9099900803416874,True,66.66666666666666,94.11762989417518,75.26719824549048,0.40434966605353684,4.017326354980469,443825.352608771,95.82437961809902,1
2021-11-16,127.47115325927734,127.6968458159599,127.11005067865742,127.24546070259477,5741.784,0.36108755692792727,0.18053619179379155,0.22567753299057358,66.08239108577342,126.67672271728516,125.69721450805665,124.52587394714355,-4.716965267510796,0.581735736125737,1.759649235267776,True,66.66666666666666,95.2830347324892,86.56587082203392,0.40716140290595826,4.4687042236328125,445150.3382118511,91.13068090216477,1
2021-11-17,127.87739562988281,127.92253689573425,127.42601052172907,127.56143431928338,20300.537,0.3159736166886091,0.2256910797743501,0.3159598430716528,67.65930271284074,126.88435974121094,126.15311203002929,124.75382270812989,-0.9009532490196698,0.788607913752017,1.7691894160641153,True,66.66666666666666,98.97952725145073,96.12673062603837,0.4081384684523772,4.5589752197265625,461759.66368464846,93.6846142426888,1
2021-11-18,128.59962463378906,128.6899071725656,127.87740564912092,127.96768818789745,5844.21,0.40625386861407264,0.7673702768313433,0.45139512739184795,70.33425282331913,127.46212768554688,126.72185974121093,125.04045181274414,-1.5625873043588696,1.1239952379516307,1.9654660983915229,True,83.33333333333334,97.70101367967953,97.32119188787316,0.42714967678457383,5.687477111816406,466305.0942960111,124.20445920587399,1
2021-11-19,128.91558837890625,129.5926660344938,128.78016458268064,129.54752476908527,5956.344,1.5798365811878199,0.9027588619281914,0.9027589335597241,71.46082397477036,128.0218475341797,127.14616088867187,125.32482376098633,-10.135106344193321,0.9484540221344799,1.8393597760082105,True,100.0,84.21040327213777,93.6303147344227,0.4295672772570871,4.243011474609375,462334.29928009125,153.00891798548992,0
2021-11-22,128.59962463378906,129.00586850792072,128.5544833644008,128.82531720554903,3705.622,-0.7222075635362444,-0.5867975265730649,-0.22568121827984555,68.61812582048208,128.2926773071289,127.43956146240234,125.59791221618653,-16.296215884937176,0.3758100940043392,1.2108136551074793,False,83.33333333333334,76.84206069746477,86.25115921642737,0.3801503843367826,2.9340057373046875,459369.84691473475,101.94557211287419,0
2021-11-23,127.3808822631836,128.1933699428904,127.33574099760428,128.1933699428904,4487.976,-0.6319472626586276,-0.8124985650303245,-1.2187423667965191,58.779162531807216,128.27462310791014,127.47567291259766,125.75815315246582,-45.79435585743269,-0.5929647140179677,0.07387981271766048,False,66.66666666666666,48.420726175177904,69.82439671492682,0.24235548789768813,0.361114501953125,455354.3197928729,10.656572149384367,0
2021-11-24,126.8392105102539,127.42600561820096,126.52323543663331,127.38087812926639,3044.157,-0.8124918136240069,-0.7673643246894386,-0.8125055609709619,54.95833944050856,128.06698608398438,127.47567291259766,125.89131050109863,-64.21117574486443,-0.9342551199596205,-0.4281770259679978,False,50.0,24.69136521765338,49.98471736343202,0.09904709506533171,0.0,454441.1098529926,-50.413950737317144,0
2021-11-25,126.79410552978516,127.2003494727062,126.38786158686413,126.83924680681721,2477.401,-0.5416313224491773,-0.2256561454947672,-0.13537384976918077,54.63572255219579,127.7058822631836,127.58400497436523,126.04026908874512,-65.2630336021462,-0.8296391444911159,-0.44888926293997966,False,33.33333333333333,12.676091460790689,28.596060951207324,-0.008740604750856917,1.0833206176757812,454441.1098529925,-81.93615694886921,0
2021-11-26,124.71772003173828,126.25244066767208,124.53716871432917,125.98160680396714,11661.98,-0.8576400028500757,-0.9479088050341176,-1.8506928725349638,42.19630673472395,126.86630859375,127.44407806396484,126.14634475708007,-96.42861412093019,-1.9575325662666758,-1.9430338268819638,False,16.666666666666664,3.5713858790698083,13.646280852504626,-0.21822586858351234,-1.3992691040039062,445234.2342444508,-194.0187657201837,0
2021-11-29,124.71772003173828,125.30452903229606,124.13092480636304,124.22120735265885,11163.915,-1.7603994513082881,-0.9479116353760162,-0.40624390796612886,42.19630673472395,126.08992767333984,127.19130249023438,126.22082328796387,-89.25626094563128,-1.4153156235989461,-1.879191635728307,False,0.0,10.743739054368715,8.997072131409737,-0.34746417907707283,-2.5277557373046875,445234.10320797056,-155.96766743200132,0
2021-11-30,124.58231353759766,126.0267516683966,124.44690348947779,125.30453260299713,10275.739,1.0833252503382766,0.7222226361005397,0.31597868311474997,41.46365181219671,125.53021392822265,126.90241851806641,126.29981651306153,-91.73544273921777,-0.99837770569826,-1.8870041078960662,False,0.0,8.264557260782219,7.5265607314069145,-0.4274797530401836,-2.8888397216796875,436719.8477872464,-103.05814711531978,1
2021-12-01,126.65868377685547,126.83923509312592,124.62745047465238,124.67259174751561,4176.069,-0.6319408554815169,0.8124834247293222,0.1805469851745869,54.63898619485343,125.49410858154297,126.78054733276367,126.46682968139649,-53.71880752106705,0.7480148861389034,-0.21336101583485384,True,16.666666666666664,46.28119247893296,21.763162931361297,-0.3303241839030724,-1.2187118530273438,440214.1191578673,-41.41635266168546,1
2021-12-02,128.01283264160156,128.1482426779533,126.11700948158679,126.47812587049432,8884.299,1.8055341229787132,1.309007584827384,1.4895590069344138,60.90022731517827,125.73785400390625,126.72186813354492,126.72186393737793,-28.925453017716762,1.6669619356132228,0.8176363618419782,True,33.33333333333333,79.62979826819624,44.7251826693038,-0.17255183537000607,-0.5867919921875,447913.8931582742,36.83535518343162,0
2021-12-03,127.96768188476562,128.32878447172268,127.38088673716527,128.14823317824414,4832.63,1.6701073077498165,0.18054179376937896,1.2638772555784783,60.59599260183377,126.38784637451172,126.62707748413087,126.88661918640136,-29.752126324818683,1.4734734645915217,0.7761060186567836,False,33.33333333333333,91.39793571622117,72.43630882111678,-0.07396350336407931,-0.947906494140625,449064.53272579133,74.99094091139229,0
2021-12-06,127.60657501220703,128.10308760880267,126.38782971559172,127.01976610913364,3854.617,-1.1284670691104992,-0.22569686292001734,-0.9930570215735486,58.06515252202168,126.96561737060547,126.52777252197265,126.9836669921875,-36.36369683824231,0.8022746137549318,0.5572630198766627,False,33.33333333333333,82.79576934228507,84.60783444223416,-0.03763373299456918,-0.9930496215820312,450687.5717186277,57.21052780390682,1
2021-12-07,128.01283264160156,128.01283264160156,126.70381844786837,127.6065887573646,3012.539,0.5868226482309638,-0.09025496720110482,0.3159887322766508,60.109902599516296,127.65172119140625,126.59096755981446,127.03332023620605,-20.370201731803753,0.686391647481276,0.9372430000643219,True,50.0,92.4735018483746,88.88906896896027,0.006826295196397547,0.6319503784179688,453700.1107186277,71.85692844713896,1
2021-12-08,128.5093536376953,129.63781647689115,128.46421236909126,129.18643134121282,10888.08,1.5798425838482189,1.6249838352895836,1.7603939212228852,62.544911968598626,128.02185516357423,126.75798187255859,127.11682739257813,-20.491829269770527,0.5592516194484495,1.3347570859898426,True,66.66666666666666,79.50817073022947,84.9258139736297,0.05979638201959592,1.6701431274414062,443649.62448742223,125.43251840696006,0
2021-12-09,128.19337463378906,128.78016978225173,127.92254080558294,128.5996184885079,4540.661,-0.5868128527049237,-0.8576466946394135,-0.5416715635083165,60.00211734557485,128.0579635620117,126.89790878295898,127.2409568786621,-26.22971232269697,0.11162233405937949,1.0316539978210253,False,50.0,73.77028767730303,81.91732008530236,0.06333548934402189,1.3992691040039062,441976.7877673175,76.04927090320852,0
2021-12-10,128.1482391357422,128.28366294353233,127.60658523012563,128.01282910313338,3280.34,-0.5867893853745159,-0.49650683871939805,-0.3159555754573091,59.62437842264521,128.09407501220704,127.24096069335937,127.3425193786621,-27.04933073444878,0.05873965566546376,0.9093275308229124,False,33.33333333333333,71.30413580884894,74.86086473879381,0.05284693591425638,3.4305191040039062,443944.9116808917,53.13256692771608,0
2021-12-13,127.7419662475586,128.5995950680366,127.7419662475586,128.37390254816458,4609.301,0.3610734450311952,0.31593212450425767,0.13538101743296238,56.15311796597107,128.12115325927735,127.5433853149414,127.36734390258789,-34.42686623887668,-0.22917411353263165,0.5268846184766612,False,33.33333333333333,62.16144232805678,69.07862193806959,0.010948550374458854,3.0242462158203125,439335.6106808917,48.37679996794498,0
2021-12-14,126.47811889648438,127.01977278720625,126.34269509241818,126.70381146141374,4688.369,-1.670091086750844,-1.5798222808303422,-1.3992711551404113,46.88907886484788,127.8142105102539,127.73296585083008,127.31769218444825,-57.377151566588914,-1.0709613345480775,-0.5824769009780273,False,33.33333333333333,10.2564388044897,47.90733898046514,-0.10319387955084314,1.8958053588867188,436522.70374302554,-109.57184656824728,1
2021-12-15,126.65868377685547,126.92951763885236,126.11701605286167,126.47813246058502,9933.593,-0.22567900082871972,-0.09025514835389004,-0.22567903955651047,48.22048843923941,127.44407653808594,127.73296585083008,127.25675659179687,-57.391304906464754,-0.7545264853755693,-0.566964338054989,True,33.33333333333333,15.384789217159623,29.267556783235367,-0.16421972818318364,0.0,439833.9014096923,-131.70662930224813,1
2021-12-16,128.238525390625,128.238525390625,127.42602384588182,127.60658892816812,5617.055,1.1284564675831064,1.30900775177264,1.3090077930201431,58.21788812580205,127.45310668945312,127.75553512573242,127.23870162963867,-27.927921545869193,0.5189363166016863,0.4330583904839051,True,33.33333333333333,60.256449734668855,28.632559252106063,-0.09908119473589039,0.2256927490234375,445450.9564096923,30.055644985759447,0
2021-12-17,128.10308837890625,128.19337091074652,127.4711519815654,127.78712706782599,4887.493,0.18053813965786958,-0.04515447987847665,0.04512813568358354,57.185302901507704,127.44407653808594,127.76907577514649,127.19807662963868,-43.59023655746364,0.4246200268194118,0.23250016698473777,False,33.33333333333333,56.40968208506305,44.016973678963836,-0.06751918896112774,0.135406494140625,449116.50624381064,24.119555872717612,0
2021-12-20,126.9746322631836,128.05796760133703,126.65867093553972,128.01282633305044,4343.413,0.22569926522444916,-0.1354033094094973,-0.812481046025681,49.24609570401547,127.29060974121094,127.70588150024415,127.1168270111084,-75.64144208604702,-0.3071495270947591,-0.5831457577862736,False,33.33333333333333,24.35855791395299,47.00822991122829,-0.12187510219697462,-0.6319427490234375,446734.5794268763,-56.02575011456356,1
2021-12-21,128.05796813964844,128.14823690141998,127.01977406541737,127.01977406541737,6600.738,-0.9930522676330753,0.09026930008295153,0.36110312987764814,55.68886521482264,127.60657958984375,127.71039505004883,127.15068130493164,-44.871851481845965,0.5018622240419405,0.25916350138146954,True,50.0,72.88171408833014,51.21665136244874,-0.08580409996855631,0.045135498046875,452279.2960373745,1.9962008380768987,0
2021-12-22,128.05796813964844,128.1933781698963,127.87740306574314,128.14823690141998,4071.445,1.1284628360026119,0.04514126847632838,0.8576290003257725,55.68886521482264,127.88643646240234,127.66525650024414,127.21161918640136,-44.871851481845965,0.29460509828890213,0.22964547199199015,False,50.0,78.18289266615781,58.47438822281365,-0.06388656039455387,-0.451385498046875,452861.1338920262,53.03097151094935,1
2021-12-23,128.78018188476562,129.27670832060934,128.4190792633422,128.8704644277125,13926.34,0.722227526292528,1.0833301507130386,0.5416761975990738,59.74322142782609,127.99476776123046,127.7239372253418,127.3109230041504,-24.359080005562436,0.581704658774756,0.7444923826249569,True,50.0,84.28560778174581,78.45007151207793,-0.005753486271251496,0.5868072509765625,450662.09682846896,140.87577359876815,1
2021-12-24,129.14129638671875,129.63782281527784,129.05101384509643,129.0961551159076,12525.381,0.22569068819510107,0.36111449466849876,0.6319345817542228,61.656879013902106,128.20240936279296,127.82324295043945,127.53210182189942,-14.102632210872873,0.7453556515961464,0.9853883188613263,True,50.0,85.89736778912713,82.78862274567693,0.04899995474415397,0.9930572509765625,441990.86015458,154.82077528442804,1
2021-12-27,130.13433837890625,130.2246209225476,129.1864405465828,129.276709315042,6512.199,0.18055419913440574,0.5867981072697432,0.13542670148635239,66.44238192220494,128.8343505859375,128.0624801635742,127.80293273925781,-2.1979364253757927,1.2526344240270924,1.6333750997019054,True,66.66666666666666,97.80206357462421,89.32834638183238,0.13898129666843584,2.3923721313476562,447370.4276696664,154.5639053719017,1
2021-12-28,131.17251586914062,131.17251586914062,130.26974564812133,130.26974564812133,22455.995,0.993036333079317,0.9478949465930384,1.0833051015385422,70.62383964627656,129.45726013183594,128.53191986083985,128.13244285583497,-0.0,1.5078239288628756,2.242937678932171,True,83.33333333333334,100.0,94.56647712125044,0.24888950932627474,4.69439697265625,469826.4226696664,159.49221468956497,1
2021-12-29,131.75933837890625,131.93988970558792,130.94685052124711,131.30795317461045,22522.224,1.038207526489117,0.7673738364472911,0.6771048731257849,72.71991109218064,130.1975341796875,129.04198532104493,128.3874755859375,-3.1007254742189487,1.4774989626491941,2.4330434856363,True,83.33333333333334,96.58125643827441,98.12777333763286,0.33615423844712433,5.100654602050781,484158.8038373898,149.73392186887307,0
2021-12-30,131.35308837890625,131.80447356233893,131.2176783339495,131.75933228895914,6246.428,0.45137911434869693,-0.13541614324898887,0.2708278127023789,69.00160275376014,130.7121154785156,129.35344161987305,128.55448837280272,-10.077521197921376,0.7385235816462739,1.7957160474611176,False,83.33333333333334,88.88890325828501,95.15671989885315,0.3405101783842741,3.11456298828125,480795.25236868224,109.84863567985586,1
2022-01-03,132.1655731201172,133.0232159688059,131.80447049185625,131.80447049185625,6784.202,0.045138202897106794,1.218742406466987,0.586792157906757,72.1126699935158,131.3169708251953,129.75969009399415,128.7643829345703,-13.475320611386987,0.92491362331084,2.0623958045035846,True,83.33333333333334,85.71414760914661,90.39476910190201,0.36967286232472496,4.0624847412109375,478031.2387003503,116.6162367977661,1
2022-01-04,135.05445861816406,135.05445861816406,133.3391865769487,133.3391865769487,9634.44,1.534716085092441,2.0312426493581484,1.534716085092441,79.92692709743605,132.30099487304688,130.5676727294922,129.13677711486815,-0.0,2.3606001703055277,3.837826991948097,True,83.33333333333334,100.00000000000001,91.53435028914389,0.5445236629588792,8.079826354980469,487665.6787003503,158.82893657455276,0
2022-01-05,134.7836151123047,135.91207804228853,134.60306379854373,135.5058341425308,11406.601,2.1666475655821102,0.857619424124465,1.2638772215950382,77.70013738691353,133.0232147216797,131.2402374267578,129.4753162384033,-12.195107347658091,1.558869656092082,3.187909386017951,False,66.66666666666666,84.93976893263918,90.21797218059527,0.5986353818924488,6.72564697265625,479405.6848605678,144.77742565907374,0
2022-01-06,133.5196990966797,134.28705923092812,132.70721147527013,133.88081542022334,8621.233,-1.625018722307459,-1.6250188113604054,-1.8958523232736013,68.04865570100591,133.3752868652344,131.78641052246093,129.72583351135253,-26.9039267194577,0.3108327925997696,1.7952163884652403,False,50.0,65.13108058968568,83.35694984077496,0.509493579097283,5.46173095703125,479651.945666476,69.64451087191112,0
2022-01-07,132.3461151123047,134.51275805411103,132.25583258340447,133.8808216773492,6989.124,6.257125846786948e-06,0.2256988231829098,-0.4513788918656587,60.44352773697438,133.57389221191406,132.14300384521485,129.93347053527833,-44.382167796376386,-0.643858055339386,0.6263316300276973,False,33.33333333333333,46.97955498998161,65.68346817076882,0.33983974504239,3.5659332275390625,473221.98571305803,38.49333960586846,1
2022-01-10,133.20376586914062,133.42945845320384,131.26280138108777,131.8044690929123,15701.971,-2.0763525844368758,-1.0832996009071962,-0.9930312023167005,63.67962907359369,133.78153076171876,132.54925079345702,130.18624687194824,-36.144569791705635,-0.2310190444090245,0.9492908585232517,True,50.0,52.000130727008575,54.703588768891954,0.2574701562198525,4.062469482421875,485652.72523348243,7.89906862874722,1
2022-01-11,133.88082885742188,134.06138014972544,132.43639096863205,133.24889244676905,17755.402,1.4444233538567346,0.6319216965216015,1.173589587544285,66.07015570157749,133.54680480957032,132.92389984130858,130.4931900024414,-29.6054537093232,0.061845740096670036,1.1366161024416839,True,50.0,59.09051143661156,52.69006571786724,0.22201507521742747,3.746490478515625,499462.54923977266,38.28151197842212,1
2022-01-12,135.00929260253906,135.0544338697275,134.24193238587785,134.82874130896604,10154.802,1.5798488621969966,0.9930537200020524,1.8055414172457915,69.6966056364607,133.5919403076172,133.30757751464844,130.91974868774415,-13.423046370338657,0.9109311548499017,1.613720656609767,True,50.0,80.7688842910889,63.95317548490301,0.24612503724581503,3.8367767333984375,508488.98251814116,99.36722280695723,1
2022-01-13,135.68638610839844,135.8217961505744,135.0093083471541,135.0093083471541,7453.096,0.18056703818805886,0.7673622808468963,0.7673759612762581,71.6780102900039,134.02527770996093,133.70028228759764,131.3711338043213,-3.9999758632334506,1.3030896516369053,1.7689444813854605,True,66.66666666666666,95.1456548978137,78.33501687517138,0.27693896729782375,3.9270477294921875,513457.7974262825,117.11696900499537,0
2022-01-14,135.68638610839844,136.4988739118187,134.55792317299122,136.13777128256132,10111.529,1.1284629354072138,0.6770777612443055,-0.4513851741628798,71.6780102900039,134.69333190917968,134.13361206054688,131.74352684020997,-14.63408466181928,1.0307036886713983,1.4826331437423002,False,66.66666666666666,84.4828772204415,86.7991388031147,0.2664977718431034,4.3332977294921875,515103.89366481715,98.08409082225211,1
2022-01-17,137.2210693359375,137.58217190306536,136.40858167230985,136.40858167230985,6927.798,0.270810389748533,1.083297991246667,1.8506584993186266,75.92428689161528,135.49679260253907,134.6391616821289,132.1994258880615,-5.673704642897793,1.5590080722229844,2.282273379189347,True,83.33333333333334,94.28578264445784,91.30477158757101,0.32807850363709345,5.0554962158203125,517768.45637743274,156.22861687836573,0
2022-01-18,135.68638610839844,137.4467855325972,135.55096229104018,137.40164426014445,14415.115,0.9930625878346007,-0.13538637046815438,-0.8576193812696715,65.25180111595908,135.85790405273437,134.70235443115234,132.63501358032227,-29.99959866372342,0.11657674561320788,0.8668491830222301,False,66.66666666666666,70.00040133627658,82.92302040039198,0.23494546657936377,0.631927490234375,505412.76322454016,83.82509270774558,0
2022-01-19,134.06137084960938,135.09955103971967,133.8356783060915,134.51275593664508,14664.287,-2.8888883234993727,-2.347234492877533,-1.7152839849486838,56.13674498184787,135.66831970214844,134.6301300048828,132.9351837158203,-55.71442663808516,-1.1044023082497445,-0.458062200828197,False,50.0,44.28557336191484,69.52391911421643,0.04342275676157392,-0.7222442626953125,495985.74441436067,-15.309337302355784,1
2022-01-20,134.60304260253906,134.69331135761374,133.24888729979793,134.06137497137058,16263.347,-0.45138096527449534,-0.40623968210593375,-0.5867910062935664,58.257138030129255,135.45165100097657,134.73846435546875,133.26243743896484,-47.14281731329791,-0.6551965814981879,-0.027941443212090737,True,50.0,52.85718268670209,55.71438579496451,-0.061554822826791256,1.083343505859375,510216.34752714325,-28.84557707123642,0
2022-01-21,131.6046905517578,132.8040351480645,131.28179928791653,132.75790380256996,29877.595,-1.3034711688006269,-1.8892762095492515,-1.9670880118814011,45.093769227618665,134.63531188964845,134.66432189941406,133.40366287231444,-94.58982236472735,-2.378005118389601,-2.062174282272226,False,33.33333333333333,5.12495503940377,34.08923702934023,-0.33256024637516823,-0.741424560546875,493013.81118612183,-140.6286469884634,1
2022-01-24,132.85015869140625,132.85015869140625,130.72824361906777,131.0972802840406,13160.487,-1.6606235185293485,0.04612354334176416,-0.5535556688487588,50.19344927365838,133.7611297607422,134.62896118164062,133.58910598754883,-69.04089181538878,-1.107378426835777,-1.0942521621902321,True,50.0,30.959108184611225,29.64708197023903,-0.4218334916192492,-0.353607177734375,506174.29818612186,-120.4316206259591,0
2022-01-25,130.68209838867188,131.51242023864032,130.31307584022446,131.51242023864032,24021.948,0.4151399545997094,-1.337738452765933,-0.4151677788433119,42.667728254953516,132.76027221679686,134.30908813476563,133.61649398803712,-94.92340525895874,-1.9256276177359515,-2.607808654031492,False,33.33333333333333,5.076594741041258,13.720219321685418,-0.6094026439192901,-3.19873046875,496934.82714826905,-143.15066540787038,0
2022-01-26,130.58987426757812,131.18953954053154,130.12858895690306,130.22083757265176,17750.822,-1.2915826659885568,-0.32288069810877573,-0.18448688332139795,42.372912210334334,132.06597290039062,133.86714630126954,133.58736190795898,-93.8112272445754,-1.366076218261784,-2.518291905749831,False,33.33333333333333,6.188772755424595,14.074825227025691,-0.7148851140714965,-4.4194183349609375,494619.5844624421,-108.43228512003526,1
2022-02-07,131.2817840576172,131.74306930442728,130.26695088371153,131.55855802116497,24022.58,1.3377204485132097,0.5535297638957388,0.13836192680847148,45.45738579870533,131.40172119140624,133.42668609619142,133.56348419189453,-84.52831196695965,-0.4953115863064605,-1.8431041379616802,True,50.0,15.47168803304035,8.912351843168734,-0.7117167146397751,-4.40460205078125,503628.1092365178,-73.86735854269664,1
2022-02-08,131.8353271484375,132.38887511433416,131.7430785389944,132.20436381813843,11085.092,0.6458057969734625,0.6458058099068751,1.4761276552828804,47.89156706317469,131.44784851074218,133.0415802001953,133.58759613037108,-77.10177502736175,0.27483633887139586,-1.2339111887559846,True,50.0,23.32184130176298,14.99410069674264,-0.6478222409398522,-3.8510589599609375,495709.9102229377,-36.343146632616225,1
2022-02-09,132.29661560058594,132.3888782895514,131.6046876652747,132.3888782895514,8060.9,0.1845144714129674,3.1752172446886107e-06,-0.1383908737197146,49.9232809173159,131.33713989257814,132.54913482666015,133.59414825439453,-70.91296012477929,0.537510159340906,-0.6781421807086382,True,66.66666666666666,43.61382379433573,27.469117709713018,-0.5536262518284443,-4.9244537353515625,501874.0257257559,-20.950500830100783,1
2022-02-10,133.81886291503906,133.81886291503906,132.3888757276065,132.75789832170733,6004.217,0.36902003215593027,1.4299846254876627,0.7841880623317934,56.08707460796968,131.96449279785156,132.3623825073242,133.5323684692383,-50.48993236150875,1.5697082221737053,0.5822043436491431,True,66.66666666666666,80.84333797738648,49.259667691161724,-0.3764060270818479,-1.867523193359375,507878.2427257559,71.18053565771046,0
2022-02-11,133.72659301757812,133.8188556997835,132.89628518696503,133.49595038937352,4314.921,0.7380520676661888,-7.2152555503635085e-06,0.5074094593585414,55.63426258963329,132.59183654785156,132.3289047241211,133.47951736450196,-50.83482626546161,1.1102654613269685,0.7333359769795882,False,66.66666666666666,97.49964640816141,73.98560272662787,-0.25861480809252746,-0.33477783203125,511330.1268533804,97.1988604005488,0
2022-02-14,131.6508026123047,132.8040156941877,131.1895173795515,132.8040156941877,11864.04,-0.6919346951858074,-1.0148400055958007,-1.7067678074135415,46.43394600609921,132.66564025878907,132.03368072509767,133.3860725402832,-69.37788641229943,-0.5921357350741884,-0.5784507422468581,False,66.66666666666666,41.249340094265385,73.19744149327109,-0.31024155840383094,-2.952239990234375,506245.53828195174,-5.811640432372878,0
2022-02-15,131.05116271972656,132.11211332878747,130.9589000244557,131.65082800705474,7361.227,-1.15318768713297,-0.6919023654002388,-0.23061735509580217,44.133941287679285,132.50880737304686,131.97832794189452,133.3213249206543,-79.78904998297665,-1.0161879903986992,-0.8434511816570454,False,50.0,25.000142896965446,54.58304313313074,-0.3704382697103368,-0.55352783203125,500062.1794889341,-47.37452241368201,1
2022-02-16,133.21917724609375,133.26530858748248,132.66564338135578,132.7578919868243,6700.043,1.1070639797695492,1.153195258695007,1.7067433569000912,53.26455110670785,132.69331970214844,132.01522979736328,133.32209548950195,-16.250437657160287,0.44634500593255755,0.8849499234531387,True,50.0,83.74956234283971,49.99968177802351,-0.25538131244353723,0.3690185546875,505731.37404952385,87.83824741025644,1
2022-02-17,133.31143188476562,133.7727171162008,132.85014665333046,133.21916920755535,4940.804,0.4612772207310627,0.5074085287183152,0.18450327197467686,53.61645998788605,132.59183349609376,132.27816314697264,133.29362564086915,-13.750497551941814,0.3878822953428793,0.8461940706863756,True,50.0,85.71386268021439,64.82118930667318,-0.1683983077750026,2.62933349609375,505731.37404952385,84.53005906157192,0
2022-02-18,132.94241333007812,132.9885305927626,131.9737114994595,132.38886540477935,3867.211,-0.830303802776001,-0.7841865234381942,-0.8764351538709434,51.91080904507837,132.43499755859375,132.51341705322267,133.1902816772461,-23.750257972815696,0.22024069460155837,0.561194042943341,False,33.33333333333333,69.35451198172157,79.60597900159189,-0.13262486932456663,2.3525390625,509247.10331899626,18.888576295013422,0
2022-02-21,132.66563415527344,132.711765493454,131.74306370089366,132.34272886531733,4502.939,-0.046136539462025894,-0.27676509930859083,-0.2306477985658546,50.593875862739225,132.6379638671875,132.65180206298828,133.03924407958985,-31.250491775091216,0.1450835490229369,0.2265143721262419,False,33.33333333333333,59.67679288557519,71.58172251583704,-0.12463511700128205,1.38385009765625,513321.1660571563,-19.648068301956545,0
2022-02-22,130.86663818359375,131.60468336194458,129.85180494739726,131.55856609627972,18718.149,-0.7841627690376072,-1.1070821315094292,-1.8912587534964018,42.88040018521962,132.60105895996094,132.5549331665039,132.79825668334962,-74.41849238215805,-1.1153650768907581,-1.1498187520695895,False,33.33333333333333,25.581507617841943,51.53760416171289,-0.2313387280601369,-0.96868896484375,516276.85315169656,-150.9803515630337,1
2022-02-23,131.23565673828125,131.37403668564056,130.68210879422605,130.86663416045045,4408.857,-0.6919319358292739,-0.23064667630401914,0.830303846828798,44.76480677693652,132.20435485839843,132.44883728027344,132.4989860534668,-65.11642123277022,-0.8595642286106684,-0.8682020843723475,True,50.0,34.883642213339,40.04731423891871,-0.2654514477443849,-1.0609588623046875,518922.2391104367,-97.97506419795599,0
2022-02-24,128.0528106689453,130.17472600647534,127.591525338061,130.17472600647534,29453.452,-0.6919081539751062,-1.1993106791652224,-3.0905834561650494,34.16073501523408,131.1526306152344,131.87223205566406,132.11730728149413,-92.59257547575963,-2.6306411767517726,-3.0415775717325544,False,33.33333333333333,7.462724785787683,22.64262487232287,-0.478344042856897,-5.76605224609375,499987.865645551,-194.21480975221266,0
2022-02-25,127.7760238647461,128.42182044787853,127.17635862554661,128.28344049338932,22577.27,-1.891285513086018,-1.752905558596808,-0.41516671251439163,33.40992551721472,130.11935272216797,131.27717514038085,131.80303993225098,-90.97230181472263,-2.154714690636899,-2.974397845018586,False,16.666666666666664,9.090852779591891,17.145739926239518,-0.6055840626725345,-5.950569152832031,499151.6137518662,-169.27115144112497,1
2022-03-01,129.5750274658203,129.89793278060614,128.09892307169272,128.28343436129506,8239.515,-6.132094256372511e-06,1.4761123327276096,0.9225644461461115,42.3881343511494,129.50123138427733,131.06959762573243,131.55163917541503,-63.88904935198239,-0.34884961400389775,-1.343404607617369,True,33.33333333333333,36.36353063091052,17.639036065430023,-0.5386162327497916,-2.075775146484375,504433.29792796867,-79.01754937647718,0
2022-03-02,128.8369598388672,129.25212781006854,128.42180594497395,129.159865132622,6131.154,0.8764307713269375,-0.645804970537597,0.32288287328123033,39.975839027834894,129.09529571533204,130.8481773376465,131.41325263977052,-74.82548567253676,-0.42782085077422305,-1.6000815196034908,False,33.33333333333333,25.174514327463243,23.54296591265521,-0.5141155927123375,-2.214202880859375,504433.1939801532,-74.43708846668316,1
2022-03-03,129.11373901367188,129.8979295717462,129.02149040980404,129.62115560552533,4438.868,0.4612904729033289,0.6458017616776601,0.5996844648300907,41.34150012842499,128.67091217041016,130.4376335144043,131.2264316558838,-70.62954672839308,0.011905197045489998,-1.2292001284770098,True,50.0,33.3331566762513,31.623733878208345,-0.4515800031532828,-4.105438232421875,500928.7419522697,-42.696793425371155,0
2022-03-04,127.72988891601562,128.0989255797547,127.26860364432375,127.77602025864667,12599.177,-1.8451353468786635,-1.7990039919914977,-1.752886765480298,36.77752246834118,128.60632781982423,129.8794792175293,131.07882118225098,-91.6085474849,-0.6101946775593576,-2.0805089016501053,False,33.33333333333333,9.99981218504845,22.83582772958766,-0.47343130149658985,-5.58154296875,502328.5081032117,-94.41287041972625,0
2022-03-07,123.62445831298828,126.29990737689764,123.39381566688196,126.29990737689764,52044.419,-1.4761128817490317,-1.79901820285707,-3.874787977441784,27.096377225871635,127.77601470947266,128.94768371582032,130.73055038452148,-97.77777400399678,-3.2490901224502857,-4.6432961331713285,False,33.33333333333333,2.808992358322969,15.380653739874234,-0.7196350492077505,-9.317955017089844,458545.12399888004,-198.00428400463792,0
2022-03-08,120.99512481689453,122.84026595982733,120.85674486209847,122.1944693752628,41820.858,-4.1054380016348375,-3.4596414170703014,-2.5370708047834967,22.887075248288582,126.0600341796875,127.78063278198242,130.21621742248536,-98.85936037885752,-4.461844462863756,-5.9266570900219,False,33.33333333333333,1.3157375217668936,4.708180688379433,-0.997710895689202,-11.670509338378906,422559.5136765568,-207.29524316326732,1
2022-03-09,122.2405776977539,122.93250549604308,121.96380376297681,121.96380376297681,20881.585,-0.23066561228598914,0.0922395362157431,1.107058900878343,28.617182216758735,124.74075775146484,126.91802673339843,129.73647994995116,-88.32703140140205,-2.537707419205209,-4.294713170015215,True,33.33333333333333,14.851208799564295,6.325312893218047,-1.0316325615264812,-8.626060485839844,413610.3496634346,-121.83725864408595,1
2022-03-10,125.79252624511719,125.97703757797038,124.73156144591482,124.73156144591482,14436.523,2.7677576829380115,3.0445320819273007,2.7677576829380115,42.02114250387122,124.0765151977539,126.37371368408203,129.41127548217773,-54.076948029713876,0.7016502100139825,-1.0701726853673705,True,50.0,54.592177792422376,23.586374704584518,-0.7611984228850492,-5.4431304931640625,423769.46897509653,-28.139438133884305,0
2022-03-11,123.99348449707031,125.3312231449721,123.8089731903181,125.3312231449721,10604.845,0.599661699057279,-0.6458144329982787,-0.9225882555967218,38.0711310015253,123.32923431396485,125.96778106689453,128.9200065612793,-70.17540553595259,-0.05577201168277465,-2.0437888950798277,False,33.33333333333333,34.69388827269937,34.71242495489534,-0.6539293413506393,-4.059326171875,415735.4419972911,-46.99986281855241,0
2022-03-14,123.99348449707031,124.8699378394364,123.6244618835659,124.54703249463728,8586.652,-0.7841906503348213,-0.46128530553569647,-0.1845113067521993,38.0711310015253,123.40303955078124,125.58952713012695,128.4333511352539,-66.33670334410607,0.4484300682959106,-1.5745129536695865,False,33.33333333333333,34.69390058611091,41.32665555041088,-0.5382511003702057,-3.7825393676757812,412237.0757202832,-43.810357263754184,0
2022-03-15,121.45641326904297,122.84026916232021,121.22577062016342,122.84026916232021,23530.678,-1.7067633323170668,-2.0296686771161916,-2.3986912634024833,32.883417423893064,123.49529724121093,124.77766571044921,127.92363166809082,-93.3673714964274,-1.3180102340303685,-3.1658940925409813,False,33.33333333333333,6.632630857597717,25.34013990546933,-0.5840493812798986,-8.118614196777344,395429.4485774264,-93.42743361219986,1
2022-03-16,121.96382904052734,122.93253097436143,120.94900983909498,122.88639962945314,18988.52,0.0461304671329259,0.09226181204121531,-0.2767607810684325,34.82120601234837,123.43994750976563,124.09035263061523,127.46926498413086,-87.75510266562836,-1.0355590364131604,-2.384392397729227,True,50.0,15.286613543484718,18.87104832906444,-0.533033981713801,-6.873130798339844,395870.9355082009,-81.4109801228815,1
2022-03-17,125.83863067626953,125.93089337193524,124.73154871483558,124.96219137668893,14001.548,2.0757917472357974,2.998362397573814,3.782538875740599,47.45847679744478,123.4491683959961,123.762841796875,127.10023765563965,-44.89786489092568,1.6141045126873168,0.9684844573606171,True,50.0,91.5255754467378,37.8149399492734,-0.20789836306679588,-3.2751083374023438,407718.2727826588,64.70138977716114,0
2022-03-18,125.5618667602539,126.02315206932565,125.00831875844362,126.02315206932565,12645.344,1.060960692636712,0.09225869739040604,0.2767700436080389,46.75216373242645,123.76284484863281,123.54603958129883,126.71275939941407,-47.95901146522687,1.422103149576117,0.9675225122130222,False,33.33333333333333,91.07144887018471,65.96121262013573,0.0075369796422539714,-2.1680221557617188,408867.9132955734,84.04855857524066,1
2022-03-21,126.39217376708984,126.9918390336008,126.20766246026419,126.20766246026419,7718.397,0.1845103909385415,0.9686869642751503,1.1993437018205668,49.22530304697506,124.24258270263672,123.82281112670898,126.38524742126465,-23.566821641219857,1.764161529931509,1.8208878974292488,True,50.0,90.07641541388968,90.89114657693739,0.21355433966172122,2.7677154541015625,404781.6868181118,108.18554881023549,0
2022-03-22,126.2076644897461,126.39217579953878,125.74637917660908,126.2076644897461,6046.072,2.029481905196917e-06,-0.5996632340620209,-0.4612832836551064,48.6772273869093,125.19283294677734,124.34406509399415,126.06234893798828,-12.781784956084527,1.3145756518772742,1.7762546973544557,False,50.0,87.02305627688963,89.39030685365465,0.3376189821501001,5.2125396728515625,407372.89818796475,79.56059914011813,1
2022-03-23,127.4070053100586,127.63764795973117,126.89958866531687,126.94572001071343,10269.938,0.7380555209673361,1.2454721601923922,1.1532094887077875,52.43277202832967,126.28146820068359,124.8607078552246,125.88936729431153,-3.401355930791801,1.4695096197748634,2.482921332187464,True,66.66666666666666,96.55172479789299,91.2170654962241,0.4913581537642666,5.1664276123046875,411224.1494233118,112.62966376297518,0
2022-03-24,127.31475067138672,127.40701336801504,126.43831136266185,126.8534653428672,4277.141,-0.09225466784623393,-0.23063459171612521,-0.4612773026550201,52.11277849254894,126.57669219970703,125.01293029785157,125.6933219909668,-4.827549084293078,0.6809360647600593,1.9767283572486423,False,50.0,95.17245091570693,92.91574399682985,0.5720909745115133,1.5222244262695312,414686.549542548,85.92231350166419,1
2022-03-25,127.49925994873047,127.77603395687902,127.22248594058193,127.6837712617259,4874.198,0.8303059188586985,0.36902058886397526,0.7841745779200835,52.74204106821886,126.96417083740235,125.36350784301757,125.66564445495605,-4.054094483532999,0.6066469710635493,1.7673046097171126,True,50.0,95.94590551646701,95.89002707668897,0.6191911965313146,3.5057754516601562,414686.5495425479,88.49206763047177,0
2022-03-28,126.11540985107422,126.39218387209586,125.05445919402138,126.39218387209586,10506.177,-1.2915873896300383,-1.3838500847831625,-2.1680267465605567,47.62193770390309,126.90881805419922,125.57570037841796,125.58261375427246,-24.32427478143753,-0.5577083301458011,0.6411294481704715,False,50.0,75.67572521856248,88.93136055024547,0.5412417924473374,2.1219253540039062,420845.289582589,15.376257217985586,1
2022-03-29,126.2537841796875,126.57667542268496,126.0231415444139,126.39216412992795,6443.554,-1.9742167907566e-05,0.18449155058910094,0.9686823503925268,48.17078492120189,126.9180419921875,126.05543746948243,125.41655158996582,-22.297413205647523,-0.430491393646877,0.6003394452884638,True,50.0,49.99976494647759,73.87379856050235,0.4849111490664768,4.797370910644531,419771.44585119875,21.34336097124428,1
2022-03-30,127.82215881347656,127.9605387718683,127.36087351575728,127.36087351575728,8166.267,0.9687093858293281,1.3838633491833434,1.3377319713433735,54.11574045084582,127.00107269287109,126.64127044677734,125.36581153869629,-1.973606038262523,0.5929316327477964,1.591762786450782,True,66.66666666666666,95.31268138002993,73.66272384835666,0.5352377396160364,5.858329772949219,424168.78451606573,114.4050698942776,0
2022-03-31,127.4070053100586,127.91440787749013,127.4070053100586,127.82215926400721,3559.638,0.46128574824993507,-0.046130894378165976,0.046131794301317086,52.380765232868384,127.01952362060547,126.79810791015625,125.28047485351563,-7.894618522108329,0.26621591792905674,0.8642741240320044,False,50.0,80.95257039658176,75.42167224102975,0.5219727681526479,1.5683746337890625,420609.14651606575,80.74883188081449,0
2022-04-01,126.34605407714844,126.34605407714844,125.60799470444559,126.0231627797427,7698.756,-1.7989964842645065,-1.568353800341697,-1.799010605613006,48.083056191308536,126.78888244628907,126.8765266418457,125.21128311157227,-49.999679968153714,-0.44223201798286005,-0.26399192934212157,False,50.0,44.44458069809591,73.56994415823586,0.4271422253984476,0.7841873168945312,428307.90251606575,-74.8360658524521,0
2022-04-06,125.70024108886719,125.79250377747101,124.54702786786841,124.77767051206816,11562.914,-1.2454922676745497,-0.5535502996774255,-1.0609668365771796,45.59868001268215,126.70584869384766,126.80733337402344,125.31507225036621,-66.21621393833944,-0.7165464488320645,-0.7647547273135895,False,33.33333333333333,33.78378606166057,53.060312385446075,0.31167874589800093,-0.6919326782226562,438157.6954102947,-119.72555624948615,0
2022-04-07,123.43994140625,124.63928592700351,123.43994140625,124.63928592700351,14747.866,-0.13838458506464235,-1.1532178504674988,-1.1070864616184082,38.08537039813269,126.14308013916016,126.53056106567382,125.43731307983398,-100.0,-2.1572260488614545,-2.41294028325605,False,33.33333333333333,0.0,26.07612225325215,0.08559257975593448,-2.7677230834960938,423409.8294102947,-179.3578613039207,1
2022-04-08,124.13186645507812,124.13186645507812,123.39380722258404,123.71671253595926,8942.218,-0.9225733910442528,-0.5074194719253882,-0.046134183665955675,41.314541850028306,125.40502166748047,126.20304718017579,125.5318775177002,-83.83834861916164,-1.3321990895411324,-1.7195808850800514,True,33.33333333333333,16.161651380838375,16.64847914749964,-0.009768930213969518,-3.2751388549804688,432352.0474102947,-133.88793758329385,0
2022-04-11,122.1944580078125,124.03959897909637,121.96381538640202,123.7628250179421,16709.415,0.046112481982845566,-0.09226747598175677,-1.429991836182026,35.63712048932912,124.36251220703124,125.69101791381836,125.35197410583496,-96.15385592122743,-2.142605321514418,-2.9966579809187506,False,16.666666666666664,3.846144078772576,6.66926515320364,-0.18597140607278406,-5.120292663574219,419355.83574362803,-141.9591198616028,1
2022-04-12,122.28673553466797,122.56350952942658,121.41029628235749,121.91769884921978,14218.88,-1.8451261687223308,-1.4760894496697858,-0.5535191040445255,36.093427384232925,123.55064849853515,125.16976547241211,125.26663665771484,-86.61974341081331,-1.3948250468265901,-2.593464081759696,True,33.33333333333333,13.380256589186688,11.129350682932538,-0.27365292465121005,-5.2125244140625,426749.58391550294,-126.93183651599173,1
2022-04-13,124.59314727783203,124.73152722017304,122.88638624331453,123.07089752553868,7046.713,1.1531986763189082,2.168017690746453,1.4760899609570401,46.44589311609218,123.32922973632813,125.0175392150879,125.29661979675294,-51.408653945691654,0.7021646455498705,-0.5766958324920544,True,50.0,48.591346054308346,21.939248907422527,-0.15933022861835933,-1.5222625732421875,432739.33297522576,-36.30154771628556,0
2022-04-14,124.13186645507812,125.23894826516474,124.13186645507812,125.23894826516474,4947.994,2.1680507396260538,0.5074210449917018,1.2454802117635921,44.86035001302371,123.46761474609374,124.80534744262695,125.43039245605469,-58.450848543717235,0.54175252393382,-0.7224811530767762,False,50.0,41.8438418977516,34.60514818041554,-0.10065271687665289,-2.121917724609375,427791.33897522575,-12.483291997830456,0
2022-04-15,122.00994873046875,122.74800794656848,121.77930610526937,122.56349666187072,20692.379,-2.6754516032940217,-2.490940318596259,-2.352560349808755,38.299300976389695,123.04323120117188,124.22412643432617,125.43269844055176,-90.8453397096137,-0.985777990433466,-2.151804604861542,False,50.0,12.149146555451182,34.19477816917037,-0.1856770603718817,-5.8122100830078125,416952.4451462256,-103.72959773932321,0
2022-04-18,121.36415100097656,122.00994752971752,120.99511435790421,121.779304906788,17962.021,-0.7841917550827162,-0.7380604168509564,-0.7841917473651563,36.52566187543669,122.87716979980469,123.61984100341797,125.2089744567871,-94.70187857709698,-1.1397808115576833,-2.350617807626026,False,33.33333333333333,7.692447095647125,20.561811849616628,-0.2616881009978398,-6.042854309082031,412053.9386562824,-119.70412535903469,1
2022-04-19,121.77931213378906,122.65575133747188,121.6409321827426,122.0099547704061,9059.509,0.23064986361809758,0.645803807754362,0.6458178248383888,38.52230620869101,122.7756851196289,123.16316680908203,125.01984672546386,-88.66650513285671,-0.745659889912642,-1.617963442600032,True,50.0,18.478521851272532,12.773371834123607,-0.2597607975349625,-4.566741943359375,405465.12486553745,-70.89052545419085,1
2022-04-20,122.37896728515625,122.4250986241445,121.45639681462418,121.96381338887846,6762.135,-0.04614138152763303,-0.23065271332738746,-0.18453536811841786,41.425554355191636,122.33284912109374,122.83103942871094,124.81918640136719,-74.13813274189727,-0.2694151789220347,-0.7977186927572482,True,50.0,32.6085553179752,19.593174754964945,-0.19671825769180207,-3.3212738037109375,411583.20957286016,-56.09565360462001,1
2022-04-21,122.47123718261719,123.25542775971952,122.37897449920196,122.93252244507525,3984.094,0.9687090561967864,0.8303291355750275,0.9225776845777744,41.88622728251181,122.00072326660157,122.73416900634766,124.63236503601074,-69.2307066278087,0.09425239943304758,-0.462384706109328,True,50.0,34.78276617253005,28.623281113925923,-0.13060644665435106,-0.9687042236328125,408437.912619953,-5.695787839122037,0
2022-04-22,121.41029357910156,121.5486735347447,120.7183656462662,121.22576820183093,11200.337,-1.706754243244319,-1.70675422497483,-1.6606088529357663,38.12511351310901,121.88079223632812,122.46201171875,124.3325294494629,-84.69383282715094,-0.40362213481210907,-1.0371203536592495,False,50.0,15.306167172849067,27.565829554451437,-0.13933427927754272,-2.7215728759765625,415904.93054938933,-107.28944272862832,0
2022-04-25,119.24224090576172,119.98030014462478,118.68869295728716,119.93416880270038,32212.97,-1.291599399130547,-1.5683733901199162,-2.0296726889790335,31.766277289762982,121.45641021728515,122.16679000854492,123.92890396118165,-91.54921568005385,-1.810584700096949,-2.5263950674335924,False,50.0,8.450784319946159,19.513239221775084,-0.2648481666748761,-2.9522171020507812,411303.1780040217,-198.718357249379,0
2022-04-26,119.24224090576172,119.74965751231188,118.87321832498475,119.70352617038749,9352.352,-0.23064263231289317,-0.23064263231289317,0.18452536769758865,31.766277289762982,120.9489959716797,121.86234054565429,123.5160530090332,-91.54921568005385,-1.5238095518127925,-2.2006429445926687,False,50.0,8.450784319946159,10.735911937580454,-0.318017946112237,-3.04449462890625,409826.3959723154,-138.17946310315014,0
2022-04-27,116.75131225585938,117.16646621043432,116.2900269558183,117.16646621043432,28746.564,-2.5370599599531687,-2.5831913018775623,-2.5831913691664425,25.867195475567428,119.8234649658203,121.07815704345703,123.04784812927247,-94.84535304205554,-2.909012673869402,-3.8860673752862454,False,33.33333333333333,6.622523427262224,7.841364022384841,-0.4812970124671909,-7.841835021972656,411339.4702303015,-181.1469013019106,1
2022-04-28,117.25871276855469,117.5354867425758,116.19775525301317,117.48935540068743,11542.841,0.32288919025310747,0.36902053214147656,-0.09227170280513519,28.805148582435564,118.78096008300781,120.39084167480469,122.59809455871581,-88.26529293074967,-1.7900879305416493,-3.1342303091032733,True,33.33333333333333,15.032682722715915,10.035330156641427,-0.5125877524653981,-6.8731536865234375,418105.9297217697,-122.29240500776113,1
2022-04-29,118.78096771240234,119.47289567965905,118.31968240089786,118.91934767492947,11884.431,1.4299922742420392,1.937408937083248,2.1219271478846906,36.97930043730868,118.25509490966797,120.06794357299805,122.1460350036621,-71.42841153908253,5.352565519149013e-06,-1.4825354792878664,True,33.33333333333333,36.60147813510118,19.4188947616931,-0.39357652416093014,-3.2289810180664062,415729.04352176987,-44.05231381678647,0
2022-05-03,117.90451049804688,118.73481830150791,117.58160519819624,118.59643836003387,6281.269,-0.3229093148955968,-0.7380773781511323,-0.7380772027016178,34.49191381821386,117.987548828125,119.72197952270508,121.67091026306153,-75.81702404848187,-0.2471759066904269,-1.7867470542539752,False,33.33333333333333,24.182975951518138,25.27237893644507,-0.33878086479844205,-3.4596405029296875,412965.34650228755,-60.519576373257394,0
2022-05-04,117.90451049804688,118.50417568084558,117.62773653779038,118.36579573937153,9899.693,-0.2306426206623371,-0.2306426206623371,0.046131339594140286,34.49191381821386,117.72000274658203,119.33449935913086,121.24883308410645,-75.81702404848187,-0.05865595726586928,-1.506056707118897,False,33.33333333333333,24.182975951518138,28.322476679379147,-0.27040115702030043,-3.8748016357421875,409318.17487503716,-54.64093982489718,1
2022-05-05,119.24224090576172,119.74965751231188,118.96546693152445,119.47288353807461,6225.604,1.107087798703077,1.2454818314663072,1.3377303937340628,41.62425396962968,118.2181884765625,119.02082672119141,120.92593307495117,-56.86275255963476,1.0752665224519096,-0.24119746586707388,True,50.0,56.89650808427917,35.08748666243847,-0.11110467976422878,-3.1367263793945312,407487.12802306423,13.551296315924635,0
2022-05-06,116.84355163574219,117.02806291460034,116.19774808243044,116.65903331822992,17050.883,-2.8138502198446957,-2.721594597711544,-2.7677188490940097,34.315804139220404,118.13515625,118.4580581665039,120.59611358642579,-90.84963355038792,-0.970878557574766,-1.9104224400949044,False,50.0,17.073223122726993,32.717569052841434,-0.1413702621486128,-5.627685546875,416959.969282514,-102.18676147411998,0
2022-05-09,114.90616607666016,115.82873663676612,114.86003473319293,115.7826052932989,12930.248,-0.8764280249310161,-1.199326277834217,-1.3377133492375037,29.71819669905463,117.36019592285156,117.80764541625976,120.13482856750488,-99.45051597558965,-2.288175162058772,-3.0299061196725674,False,33.33333333333333,0.9434540362546282,24.97106174775359,-0.25910156268204254,-6.504127502441406,405261.2450555223,-153.07373838171722,0
2022-05-10,114.39875030517578,114.49100595414254,112.13845523154352,112.69199616399888,13844.143,-3.09060912930002,-1.3377306826235866,-2.7215795016494155,28.62252094138043,116.65904388427734,117.32329635620117,119.74504318237305,-75.98041829844314,-2.1116990575681274,-2.9069181656889027,False,16.666666666666664,29.696951811982093,15.904542990321232,-0.3336351354964977,-4.8434906005859375,418019.5875373149,-168.78815704051797,1
2022-05-11,114.5832748413086,114.81391750969983,113.75296686602462,114.26037651329197,8049.901,1.5683803492930934,0.32291155555729745,1.6145116344811044,29.651468771536784,115.99479675292969,116.85739974975586,119.35987014770508,-68.82341289755954,-1.487199462394807,-2.278454071725658,True,33.33333333333333,32.12133273533583,20.92057952785751,-0.3322676005132883,-4.658966064453125,422569.513005006,-110.26682841040883,0
2022-05-12,111.86168670654297,113.47618527756524,111.81555536048026,113.47618527756524,11938.815,-0.7841912357267375,-1.3377322321345986,-1.937411505544361,24.068783630256505,114.51868591308593,116.36843719482422,118.72329711914062,-99.41856879102498,-2.9870605280960505,-4.096491314374846,False,33.33333333333333,0.5814312089750263,20.79990525209764,-0.46810242643011657,-4.889625549316406,411294.0048630571,-135.2696344208245,1
2022-05-13,112.87650299072266,112.87650299072266,112.13845078956915,112.64586035811446,7026.55,-0.8303249194507742,-0.5996822868425795,0.3228954290888879,29.470379128891352,113.72527618408203,115.93021621704102,118.16052894592285,-86.62800642165325,-1.1978519001114256,-2.784311489032277,True,33.33333333333333,13.371993578346745,15.358252507552526,-0.4432968468643894,-4.382209777832031,418320.5548630571,-96.76863657703203,1
2022-05-16,113.4761734008789,114.3987439163332,113.01488814315175,113.89132731737156,5726.166,1.2454669592571008,1.5222409256105465,0.8764373535826024,32.56291158490471,113.43927764892578,115.39973678588868,117.73384017944336,-79.06986816378102,-0.18259921592800918,-2.037569254943511,True,50.0,20.930131836218976,11.627852207846908,-0.3445885993740978,-5.3047943115234375,416411.83286305715,-56.206903760981625,1
2022-05-17,114.7216567993164,114.86004380198963,113.6145748552413,113.6145748552413,4165.551,-0.2767524621302613,0.4612998856564303,0.5996867120895502,38.65716417053609,113.50385894775391,115.08145141601562,117.40171546936035,-63.372018872163636,0.9402736587708158,-0.7812692496154704,True,66.66666666666666,36.62798112783636,23.643368847467354,-0.16273437750610853,-3.1828536987304688,419651.69540028577,-23.229299349572333,1
2022-05-18,115.96711730957031,116.24389129478173,115.55196337040803,115.64421901926022,6316.611,2.0296441640189187,1.3838474927920998,1.937388515166731,44.16185810259599,113.78062744140625,114.88771209716796,117.11110572814941,-47.67445805910572,1.8019804917805675,0.499699212504389,True,83.33333333333334,79.64615697887223,45.73475664764251,0.062070475380190615,-1.9373931884765625,420914.9661955737,46.70336374401342,0
2022-05-19,113.7529525756836,114.21423785451661,113.15328030546972,113.89133252840969,7258.37,-1.7528864908505284,-2.029653440265122,-2.398683064938311,37.61543662543181,114.15888061523438,114.33878326416016,116.67980499267578,-75.58139310374172,-0.020269991095714583,-1.122692130738919,False,66.66666666666666,43.750005508760914,53.341381205156495,0.08108463790142206,-5.489288330078125,421861.7184831948,-35.03144036989965,1
2022-05-20,114.99842834472656,115.27519530549733,114.07585773151361,114.16811338510387,3665.416,0.27678085669417385,1.0609574509807231,0.9225774260438868,42.81703931597642,114.58326568603516,114.15427093505859,116.30616455078125,-59.883639971644165,0.612100105911521,0.17077450425842353,True,83.33333333333334,71.87514749258447,65.09043666007253,0.19071779496567487,-1.845123291015625,423835.4238784634,54.825422782655494,1
2022-05-23,115.22906494140625,115.87486152124914,114.86003530778682,115.59809457502568,2678.893,1.4299811899218184,0.5996662157518102,0.7841775762732084,43.7642659574242,114.93384399414063,114.1865608215332,115.99710311889649,-34.5131005473963,0.4692316925984111,0.6649207530479371,True,83.33333333333334,77.08334759531829,64.23616686555455,0.28620268141047234,0.32289886474609375,423104.82683136914,93.98666671676237,0
2022-05-24,113.93746948242188,115.50583669222394,113.84521382984325,115.32132538706668,5069.187,-0.2767691879590046,-0.36902482902520717,-1.0148214779435705,39.74239483337064,114.77700653076172,114.14043273925782,115.73186454772949,-52.083262123239834,-0.7234714147999646,-0.2523956120573792,False,66.66666666666666,47.91673787676016,65.62507765488762,0.27001662301519236,-0.46128082275390625,418598.8756693458,21.0577245685026,1
2022-05-25,114.81389617919922,115.04453880474092,113.8913256770324,114.1219683025741,2567.573,-1.1993570844925756,-0.46129788748301337,0.0461118471891524,43.580487699899265,114.5463623046875,114.16349487304687,115.51044731140136,-32.291929447039166,0.026782129964986846,0.5216468502657923,True,66.66666666666666,65.16829037549364,63.38945861585736,0.32242856633017514,0.230621337890625,420139.41946934577,30.889425732926355,0
2022-05-26,113.38392639160156,115.32132321386347,113.33779504685403,115.32132321386347,5804.968,1.1993549112893618,0.2767844091225413,-0.553530630178372,39.14281294988928,114.4725570678711,114.31571884155274,115.34207801818847,-64.58328694142537,-0.847113576361282,-0.6567624959117266,False,50.0,11.428859964522587,41.50462940559212,0.2671651720844701,1.5222396850585938,414604.4662687425,-32.24310816099162,1
2022-05-27,115.78260803222656,116.05938202226757,114.44488350388991,114.53713915435192,11700.393,-0.7841840595115457,0.7380588084041051,1.1070884570358857,48.70157635684142,114.6293930053711,114.60632934570313,115.26827278137208,-10.416627586496178,0.9518707652294582,1.3561273066064716,True,66.66666666666666,85.07469027482314,53.89061353827979,0.3910366269706702,2.9061050415039062,422293.2551467245,90.67375407247279,1
2022-05-30,118.59644317626953,118.64257451773707,117.21258739609674,117.39709868465799,14542.63,2.859959530306071,2.583192495469504,2.767703892206825,57.28704580673501,115.30286865234375,115.11835632324218,115.25904655456543,-0.7092629752376693,2.86742896560681,3.311787899217994,True,66.66666666666666,99.15961251695256,65.22105425209942,0.6462956636633945,5.120269775390625,435897.59553528164,226.56246348121238,1
2022-05-31,119.74967193603516,119.74967193603516,117.72001230401864,118.50419594060564,7025.667,1.1070972559476502,1.107097418298082,0.5074249079219015,60.26066912332389,116.4653091430664,115.62115783691407,115.35130462646484,-0.0,3.1933312555499644,3.7984901242060736,True,66.66666666666666,100.00000000000001,94.74476759725856,0.8630757322180784,5.02801513671875,442923.26253528165,180.53957104302938,0
2022-06-01,119.14998626708984,119.98030824586621,119.01160630928214,119.2883803022076,6406.682,0.7841843616019588,0.23063630983105554,1.291594005263505,57.97119690764882,117.33252716064453,115.93944473266602,115.413578414917,-12.162275971704105,1.9135901214231341,2.857139281813339,False,66.66666666666666,87.49988213949133,95.5531648854813,0.9305399317110075,3.1828689575195312,438346.98130432237,130.21543339481332,0
2022-06-02,117.90451049804688,118.50417568084558,117.71999217832449,118.50417568084558,4429.653,-0.7842046213620222,-1.4761325650206345,-1.2916141309576545,53.37655040364557,118.2366439819336,116.35460052490234,115.34669189453125,-30.405584478958225,0.40591116148763207,1.5494564338835743,False,50.0,68.74981372821313,85.41656528923482,0.857545548150356,4.151557922363281,436001.9223461136,61.302279686042105,1
2022-06-06,118.73482513427734,119.01159911046119,117.58161196460235,118.31967120865619,4027.825,-0.18450447218938848,0.5074234296156135,-0.1383802137221437,55.91753304965987,118.82708740234375,116.72824020385742,115.44125556945801,-18.24341605838711,0.35087229844460843,2.0618497205228086,True,66.66666666666666,81.24982105004948,79.1665056392513,0.8308585065422001,3.7363967895507812,438470.5764908355,60.61554969842352,0
2022-06-07,117.53548431396484,118.04289387097965,117.02806771829565,118.04289387097965,4841.44,-0.2767773376765348,-0.9687052394815368,-0.5535442463067,51.49518985950738,118.61489562988281,116.95888214111328,115.57272148132324,-36.805706795809456,-0.9074440515097476,0.7579206613695588,False,50.0,63.194293204190544,71.06464266081771,0.7031734243737907,2.3064193725585938,438470.6100702055,22.78797246727783,1
2022-06-08,118.82708740234375,119.10386137755764,118.2274081098288,118.55031342712986,3979.05,0.5074195561502108,1.0609675065779811,1.1993403915331555,55.61880783066317,118.43037872314453,117.44784393310547,115.79413833618165,-17.361212676159354,0.14903167988995691,1.5873013112169625,True,50.0,82.63878732384066,75.69430052602688,0.6762417365182641,4.889617919921875,439936.5825870703,57.70585027499782,0
2022-06-09,118.45805358886719,118.55031627525811,117.76613271151848,118.27354229339484,1927.275,-0.27677113373502493,-0.5535451022995233,-0.4612753983103204,54.183045116395284,118.2919921875,117.81225967407227,115.98787727355958,-22.916848057229306,0.0194726135142984,1.0393738923914058,False,33.33333333333333,72.49976780543244,72.77761611115454,0.6063528686473545,3.6441574096679688,441410.3526243646,30.075118246017418,0
2022-06-10,117.25871276855469,117.5354867425758,116.61291621404483,116.98194583318812,4249.603,-1.2915964602067191,-1.0148295326823131,-1.1532164974736503,49.63989713358166,118.16283264160157,118.19973831176758,116.25772857666016,-40.972375903088235,-0.7289771366839035,-0.21916486833546972,False,33.33333333333333,19.177943892697098,58.105499673990046,0.4588327082334375,3.874786376953125,443110.1678868463,-74.3481390384594,0
2022-06-13,113.98360443115234,114.62940105827202,113.8913417370021,114.491014055702,16866.775,-2.490931777486125,-2.9060856843037755,-2.7215744770427364,39.71877244320339,117.21258850097657,118.01983795166015,116.31308364868164,-90.27763491091962,-2.964842116660108,-2.948963774782761,False,33.33333333333333,1.5152439090597232,31.064318535729743,0.13687160207237536,-1.7990036010742188,430460.3279170779,-256.76041167313133,0
2022-06-14,113.799072265625,113.98359059286852,112.64585911530725,113.10714437543434,11889.78,-1.383869680267651,-0.6458104654034997,-1.2454826216948476,39.23676011840595,116.46530609130859,117.5401008605957,116.32922859191895,-84.27675848874739,-2.4387066045232433,-3.1346160927236593,False,16.666666666666664,15.723241511252615,12.138809771003137,-0.08062658312762766,-4.797370910644531,439070.1038898227,-175.66576421452342,0
2022-06-15,113.24552917480469,114.02971269414985,113.15327353229131,113.47617180041529,8848.327,0.369027424980942,0.04612210128132688,0.5074144169840622,37.7380763583193,115.34899444580078,116.88968658447266,116.25542221069335,-91.82392503073042,-2.314481204298505,-3.432003677611499,False,16.666666666666664,9.28568983325932,8.841391751190544,-0.24461346986879773,-6.504142761230469,432084.5601338358,-119.22953113640516,0
2022-06-16,113.01488494873047,115.32131117217395,112.78424232638612,114.49099632400345,12767.922,1.0148245235881603,1.291598478024099,-0.3690312059051877,37.09405410148294,114.26036071777344,116.27617645263672,116.10781059265136,-94.96859509345185,-1.6919725559419365,-3.24492082090386,False,0.0,5.714241315465721,10.241057553325875,-0.34529987306808774,-6.135101318359375,421638.07849747216,-83.33351908267875,0
2022-06-17,111.49264526367188,112.0923175057959,111.0774913476307,111.6310322485704,19671.555,-2.859964075433041,-3.228993666378045,-1.706750978755423,33.035003307775284,113.10714721679688,115.63498992919922,115.99479522705079,-95.33682517806855,-2.0267559722789303,-3.9825231677244712,False,0.0,5.172374491747128,6.72410188015738,-0.4826722084175925,-6.411865234375,418061.3453093867,-115.08869424205676,0
2022-06-20,110.47782135009766,111.58490317446979,110.24717871679891,111.53877887100279,10564.277,-0.09225337756761576,-0.5074143313261175,-0.8303126308317843,30.599801239384092,112.40599060058594,114.80928955078124,115.76876487731934,-97.39583496289586,-1.9447286506200017,-4.260634194264969,False,0.0,2.6041650371041345,4.496926948105652,-0.6023550937802916,-8.257003784179688,411139.93011430535,-112.95640947142934,1
2022-06-21,112.73811340332031,112.73811340332031,111.03135936911382,111.58490026687615,6482.625,0.04612139587335662,1.1532102288505257,0.7841806523149017,41.141945989270646,112.193798828125,114.3295524597168,115.64421730041504,-71.87508255706196,0.2461014526837521,-1.9360057016813061,True,16.666666666666664,29.999920740607823,12.59215342315302,-0.49429346114000217,-4.797370910644531,417622.55511430535,-65.39042981742996,0
2022-06-22,110.24718475341797,112.27683722211933,110.10879775813038,112.27683722211933,15108.994,0.6919369552431789,-0.46127618120098646,-0.9225616109834363,34.788748483596336,111.59412994384766,113.47156219482422,115.45970306396484,-98.46152288474418,-1.450064923877762,-3.5090614704434815,False,16.666666666666664,1.86337404969334,11.489153275801756,-0.5512359568786782,-8.579902648925781,404442.38973224134,-98.96693052445438,0
2022-06-23,108.77107238769531,110.52395789094736,108.17140010518082,110.52395789094736,16872.943,-1.7528793311719681,-1.7528793311719681,-1.9373976529495565,31.63106871779891,110.74536743164063,112.50286407470703,115.15756187438964,-94.51475502566207,-2.1170548223916077,-4.188529386609385,False,16.666666666666664,8.387129250919205,13.416808013740114,-0.6425952411946982,-9.686981201171875,396171.3491405599,-133.56826513877704,1
2022-06-24,109.00171661376953,110.06267419997657,108.81719827258068,109.46300190875911,10768.382,-1.060955982188247,-0.46128369097078803,0.6457981673998603,32.672742970036296,110.24718170166015,111.67716445922852,114.93845138549804,-91.99996902390892,-1.3155090481215574,-3.2878515796854595,True,33.33333333333333,11.61296274609323,7.287822015568582,-0.640351274246882,-8.256996154785156,388593.65744652564,-111.68992185840942,1
2022-06-27,111.58491516113281,112.04620047728244,110.52396456491293,110.52396456491293,16680.954,1.0609626561538192,1.9835262773058702,1.7067662923322473,43.23911829434117,110.46860046386719,111.43729553222656,114.72856674194335,-63.54673778518557,1.0091214787631761,-0.49020628132557487,True,50.0,47.74206313852143,22.58071837851128,-0.42796222438604437,-2.3986892700195312,395164.9049587975,-10.356886245319053,0
2022-06-28,110.52396392822266,111.4465345552073,110.01654726791898,111.4465345552073,10808.46,0.9225699902943632,-0.5996659220751468,-0.5074172969939497,40.39841647900112,110.02577056884766,111.10978469848632,114.32494277954102,-67.09660020944573,0.041760615006108684,-0.9405586473347678,False,50.0,32.90339979055428,30.752808558389642,-0.3265778057935631,-3.2751083374023438,392026.99241747585,-37.15505752105713,0
2022-06-29,109.60137939453125,110.29330727697487,109.32460542609205,109.50911671261525,6271.996,-1.9374178425920405,-1.1532272782324213,-0.6919418418269316,38.028375261103506,109.89660949707032,110.74536972045898,113.81752815246583,-80.00004089628767,-0.32163993218580916,-1.4448685270129062,False,33.33333333333333,31.313095348749194,37.31951942594163,-0.2905091019418258,-3.6441497802734375,389339.02017333586,-78.04676437488234,0
2022-06-30,106.83367919921875,108.67882041482767,106.55690520141535,108.58655772312311,20430.245,-0.9225589894921455,-1.6144868621472028,-2.7677002246767017,31.9030968351573,109.509130859375,110.12724914550782,113.20171279907227,-96.84206780554408,-2.333423919670738,-3.429576396687828,False,33.33333333333333,4.477668261006075,22.89805446676984,-0.4143586457612882,-6.181205749511719,374238.45144787437,-173.7548146597904,0
2022-07-01,102.9127426147461,106.69528027628519,102.5898373071776,106.69528027628519,34719.56,-1.8912774468379183,-1.9835401385424802,-3.9670678942377435,25.54434155919175,108.29133605957031,109.26925888061524,112.45212440490722,-97.46372406688687,-5.0705689064424275,-6.244093547674743,False,33.33333333333333,3.1818734976201952,12.990879035791812,-0.7046018963669938,-8.579902648925781,344980.4848909223,-219.655355403818,0
2022-07-04,101.89791870117188,103.51241723131321,101.4827647517404,102.63597798755563,26442.712,-4.059302288729555,-3.182863044971981,-1.107072555437199,24.183380458248465,106.35393676757812,108.41126861572266,111.61027908325195,-96.31149631803547,-4.968812975259493,-6.3784704810092965,False,16.666666666666664,3.8461289802411027,3.8352235796224483,-0.8968552163077548,-8.579902648925781,329355.1876266603,-172.37951431414393,1
2022-07-05,102.40533447265625,104.20434428982202,100.56019331098676,103.83532168841208,16214.458,1.1993437008564456,0.69192705850881,-0.922571440753643,26.324476077251887,104.73021087646484,107.37799072265625,110.85377159118653,-84.84847044750218,-3.113180258535738,-5.253049092593552,True,16.666666666666664,16.064252224078665,7.697418233979978,-0.9184222144492069,-10.332778930664062,329560.4466162805,-120.26631133290996,0
2022-07-06,100.42179870605469,102.45145805327424,100.05276909395528,102.4053267122664,15611.981,-1.4299949761456787,-1.7528862365477806,-0.5074242170314847,23.49496683007797,102.89429473876953,106.39545211791992,109.93350715637207,-97.09089794411831,-3.451850332127822,-6.362242711980927,False,16.666666666666664,3.076931032535211,7.662437412284984,-0.9887491929892906,-9.825386047363281,318752.1591257292,-111.5680738871344,1
2022-07-07,103.420166015625,103.46629736249808,100.14504450864054,100.97535244311345,13433.19,-1.4299742691529502,1.014839309223845,0.09227541468526113,35.01374130622389,102.21159210205079,105.8603614807129,109.18161277770996,-72.452731068217,0.4255368118451345,-2.8631225375753533,True,33.33333333333333,28.077009940215753,15.739397732276535,-0.7657643510790093,-5.3509063720703125,331812.1820259811,-67.96319604749509,1
2022-07-08,104.48111724853516,105.08078952789128,103.60467802085266,104.52724859258366,10177.857,3.5518961494702097,1.6144921653932016,3.459633512212122,38.58320186519273,102.5252670288086,105.40830154418946,108.54273300170898,-63.07688756417109,1.8435264538750589,-1.421733296948033,True,50.0,38.86641487960966,23.34011861745353,-0.49252261238351247,-4.520599365234375,333720.5029143152,-23.107690829980378,0
2022-07-11,103.55855560302734,104.89628023188043,103.18952593479548,104.85015592251112,7572.953,0.3229073299274603,-0.18450929601085875,-0.41515208605717646,36.67242817166522,102.85739440917969,104.60566558837891,108.02148056030273,-70.76911188281207,0.8384565977964602,-1.8900838662016615,False,50.0,34.234397122655196,33.72594064749352,-0.32756520726609484,-8.026359558105469,329422.3555941938,-23.22702483524202,0
2022-07-12,101.0676040649414,102.35919717203029,100.69857444634978,102.35919717203029,11133.444,-2.4909587504808286,-2.537083059850133,-2.4909514884457025,32.00397173620641,102.58984832763672,103.66002960205078,107.38490715026856,-91.53841016344234,-1.4542756434429305,-3.646428201062436,False,50.0,11.764768527756619,28.28852684334048,-0.33847005590728596,-9.45635986328125,323237.14038739854,-83.33344655234539,1
2022-07-13,104.6656265258789,104.8501448598542,103.88144296278448,104.2504725920803,24824.897,1.8912754200500075,2.4909476878239047,3.182868516434695,43.36473986733556,103.43861389160156,103.16645431518555,106.95591201782227,-59.51419706144504,1.6804794583497509,0.33533038421961237,True,50.0,69.44448124068695,38.48121563036624,-0.06967477061413563,-4.935752868652344,338604.74479944253,50.15591943896635,1
2022-07-14,105.17304229736328,105.40368493398032,103.14338991059535,103.97369777149288,14750.428,-0.27677482058741987,0.5535400741261185,-0.7380530521891302,44.78405015418766,103.78918914794922,103.000390625,106.5638198852539,-49.9999598468544,1.393414883138322,1.254577493617555,True,66.66666666666666,95.6896605457365,58.96630343806002,0.16326395111462366,-1.6606369018554688,350344.87762120087,83.2477880638079,1
2022-07-15,106.5569076538086,106.69529465589525,104.94240905299331,105.72659267994395,18555.312,1.7528949084510685,1.2916097219149378,1.7990191423979667,48.61531837501688,104.2043472290039,103.36480712890625,106.31703300476075,-24.598888669775228,2.2123947883239894,2.8380694090585563,True,66.66666666666666,97.9166508160754,87.68359753416628,0.4170782941489688,3.6441650390625,365970.37606552837,132.8939301607018,0
2022-07-18,105.35755157470703,105.95722382616482,105.12690894250439,105.77271253586453,22207.344,0.046119855920579766,-0.7380708297304324,0.18449988951107343,45.62237329425211,104.56414642333985,103.71077041625976,106.0610195159912,-20.139073138884974,0.9205319910091924,1.8014270534882204,False,50.0,79.86092686111502,91.15574607430896,0.5048659419805435,3.4596328735351562,356100.42448178737,86.25014873258871,1
2022-07-19,105.44981384277344,105.77271211885319,104.80401025195938,105.12690852803915,13251.365,-0.645804007825376,-0.18451170731162847,-0.32289869054500286,45.90186725969976,105.44058837890626,104.01521835327148,105.69660453796386,-18.750109450208395,0.7048455678286125,1.6828508911626687,True,66.66666666666666,80.98575191599652,86.25444319772896,0.5652666740237033,3.0444793701171875,360517.6103386751,69.38312509637265,1
2022-07-20,106.1417465209961,107.20269704184419,105.81884119170684,106.87979875120978,16836.288,1.752890223170624,1.4299849229909967,1.0148309397474549,48.08496709119402,105.73581237792969,104.58721313476562,105.49133262634277,-14.838618355047222,0.5535359772606314,2.002218983853494,True,83.33333333333334,83.68803008751641,81.51156962154265,0.6423167191872037,5.719947814941406,351538.3937527377,113.823453523226,1
2022-07-21,107.34107971191406,107.34107971191406,106.09561090467702,106.46464052425029,8803.27,-0.4151582269594911,0.13838267006987337,0.2767697129701787,51.76552337423097,106.16941986083984,104.97930450439453,105.41983299255371,-0.0,1.2619626557282846,2.7486426678356586,True,83.33333333333334,100.00000000000001,88.22459400117096,0.7566802861868469,3.9209136962890625,360341.66375273775,117.9348767887832,1
2022-07-22,107.75624084472656,108.12526342623191,107.29495557919033,107.57172251531934,15614.914,1.1070819910690517,0.7841837143178481,1.1993446745133127,53.02320046961863,106.40928649902344,105.30681686401367,105.35755920410156,-4.624216269203905,1.242415192752247,2.5460916744602122,True,83.33333333333334,95.03112918145652,92.90638642299098,0.8366674624190957,3.2751235961914062,362076.77185954974,126.55472250638378,0
2022-07-25,107.66397857666016,107.89462121031937,107.01818201787619,107.29495599372908,10543.36,-0.27676652159026105,-0.23064221591253897,-0.276773561314144,52.69012945048853,106.87057189941406,105.71735916137695,105.16151237487793,-6.211177697373769,0.9806719227334448,2.1146220329816137,False,66.66666666666666,90.74073542566018,95.25728820237221,0.8566256125512912,4.1054229736328125,367070.97719146963,96.51718293017376,0
2022-07-26,106.6952896118164,107.57172885250557,106.3723913146496,107.57172885250557,12623.932,0.2767728587764964,-0.32289235781379944,-0.6457907032265808,49.153617119725666,107.11966705322266,106.28012771606446,104.97007865905762,-19.25452672501979,-0.13671538389223498,1.019075186308296,False,66.66666666666666,71.29646487556825,85.68944316089498,0.7800285655259533,5.627685546875,361244.54133861186,52.019762262423825,1
2022-07-27,107.66397857666016,107.66397857666016,106.23399847116578,106.55689675055775,7917.05,-1.0148321019478175,0.0922497241545841,-0.1383928434838282,52.62262634012841,107.42411346435547,106.57996292114258,104.87320861816406,-6.211177697373769,0.4230867499339831,1.6071061758367644,True,66.66666666666666,86.11112055097118,82.71610695073319,0.7687890258031307,2.99835205078125,369161.59133861185,61.78250347885406,1
2022-07-28,107.84849548339844,108.81719030878958,107.84849548339844,108.7249346642744,8307.208,2.1680379137166454,1.1532117321294209,1.6144970122326612,53.28490836780371,107.52559661865234,106.84750823974609,104.92394943237305,-17.073121319168024,0.32899408941973274,1.241338017753863,True,66.66666666666666,75.86216387818237,77.75658310157392,0.7473072462377222,2.6754531860351562,360854.38333861186,122.97731333331433,1
2022-07-29,108.86333465576172,109.32461997209968,108.5404363420562,109.00172165839417,8030.332,0.2767869941197745,0.5074296633101056,0.6919408586577589,56.899843070605144,107.74701538085938,107.07815093994141,105.22147903442382,-7.46267833017204,1.0346140778557964,1.8595199555277837,True,66.66666666666666,89.7959491109609,83.92307784670481,0.7718179023750034,2.306427001953125,359437.24896721245,145.51013676491397,0
2022-08-01,108.5404281616211,108.95558209957397,108.12526718501341,108.95558209957397,9504.634,-0.04613955882020093,-0.3690378725257091,-0.4151691570427829,55.41147254401921,107.92230529785157,107.39643859863281,105.5536045074463,-17.347036329742068,0.6128864560392441,1.2914352535160345,False,50.0,77.63145196541137,81.09652165151822,0.7367399047517991,3.1828765869140625,359437.32953885646,96.60376119306683,0
2022-08-02,106.81185150146484,107.73622924859153,106.39587728379232,107.73622924859153,17694.45,-1.219352850982446,-1.219352850982446,-1.7293899012210971,48.06866009857559,107.94561767578125,107.53264236450195,105.77393035888672,-55.584724764889756,-0.8589214392572991,-0.3414552266854727,False,50.0,22.18143652843678,63.20294586826967,0.5747659746112606,1.3620376586914062,352725.71865753265,-55.515603119341044,1
2022-08-03,107.45890045166016,107.45890045166016,106.76561722293977,106.90427527917218,7840.202,-0.8319539694193452,-0.27732879693137136,0.3697399391474505,50.73455024123113,107.90460205078125,107.66435775756835,106.12578544616699,-41.271413281428394,-0.3760251925031487,0.09871392597649499,True,66.66666666666666,39.63286931525734,46.48191926970182,0.4920439420575067,1.3171539306640625,360565.92065753264,-43.383969283824,1
2022-08-04,107.7362289428711,107.967323378997,106.48831334583723,107.55134916250486,6849.417,0.6470738833326806,0.5084229273368379,-0.2773038771025398,51.889332273915386,107.88214874267578,107.70387268066406,106.34158859252929,-45.3077940374378,-0.13006620664009846,0.1792449160925754,True,66.66666666666666,48.60609658126632,36.80680080832013,0.4386157255526998,0.39514923095703125,365274.90301014285,-31.434839731942727,1
2022-08-05,110.463134765625,110.463134765625,108.98413186125987,109.07656822044979,9309.559,1.5252190579449234,2.495811386628006,2.4958185154226413,61.55552965922682,108.20210876464844,107.97456207275391,106.64068946838378,-0.0,1.9857591668324033,2.3720773326268065,True,66.66666666666666,100.0,62.74632196550787,0.561675709505396,2.7068939208984375,374584.46201014286,171.0410921229911,0
2022-08-08,110.2320327758789,110.2320327758789,109.3538768451819,110.00093836754374,8691.407,0.9243701470939527,-0.23110198974609375,0.3697449839220326,60.43296774601078,108.5404296875,108.23136749267579,106.97436332702637,-5.464519789746918,1.558500690964509,1.9303263227924923,False,50.0,94.53548021025308,81.04719226383979,0.5988507499490099,2.56805419921875,383275.86901014287,123.01588602846893,0
2022-08-09,110.13960266113281,110.4631334406379,109.07656691209434,109.44631939686103,7884.158,-0.5546189706827107,0.2311006647589977,-0.27730993308756524,59.95590711628246,109.20597991943359,108.57579879760742,107.42796325683594,-7.650075144564649,1.2247784175427312,1.658156267584723,False,50.0,92.0454481690103,95.52697612642112,0.5877308077255987,3.4443130493164062,387480.76931717,95.35011130059289,0
2022-08-10,108.984130859375,109.26143993439547,108.6143783735723,109.07656721771515,7222.854,-0.3697521791458769,-1.2016935062424352,-0.46218853852204234,54.128685252637105,109.51102600097656,108.7078140258789,107.64388847351074,-34.971772089438396,-0.16934680002500957,0.48962491963689203,False,50.0,63.636334486904204,83.40575428872252,0.4777430373396042,1.3201522827148438,388512.6730799166,25.316965455323523,1
2022-08-11,110.97154998779297,111.3412954401058,110.55557577527738,110.74045555387623,10728.096,1.6638883361610795,2.079855505710327,1.9411974017050824,61.20385445404402,110.15809020996093,109.02011947631836,107.93381385803222,-7.239552635404419,1.1089330403687248,1.9870306675778338,True,50.0,92.52347444389918,82.73508569993787,0.5110356520971753,3.1230545043945312,389143.8734935203,129.2986184839755,1
2022-08-12,111.66483306884766,111.84970579463868,111.20264420192765,111.43373863538766,8424.337,0.6932830815114244,0.5084103545328844,0.6470684266502786,63.35476734763203,110.39842987060547,109.30026931762696,108.18921012878418,-3.3897788576108754,1.1372411806566902,2.3106923663129932,True,50.0,96.61022114238912,84.25667669106416,0.5486348897534166,2.8014984130859375,392754.35610402725,122.40363161101567,1
2022-08-15,112.681640625,112.86651334006014,112.08079372239156,112.2656664374517,9547.362,0.8319278020640439,1.0168075454214573,0.8781495204639072,66.34054868571054,110.88835144042969,109.71439056396484,108.55541458129883,-2.857102662744563,1.7175423409354,2.8627352165281206,True,50.0,97.1014907775299,95.41172878793937,0.6063585473390625,4.141212463378906,397808.9023592981,131.32327758255184,1
2022-08-16,112.86651611328125,113.05139588532604,112.68164339367866,112.77407975347995,9872.266,0.5084133160282533,0.18488254526590708,0.6008496712870937,66.87586950371858,111.43373413085938,110.31985702514649,108.92624969482422,-2.7778417147266365,1.4821970234411512,2.7186925287824417,True,66.66666666666666,97.18303448215973,96.96491546735957,0.6191958571375431,6.054664611816406,397808.71406148555,123.00753242870607,1
2022-08-17,112.91273498535156,113.05139304779436,112.58920420794638,112.86651328038997,13854.866,0.09243352691001405,-2.8375316816209306e-06,-0.09243918573227461,67.01892366484071,112.21945495605469,110.86524047851563,109.26479911804199,-2.0833973770658325,1.103597892766748,2.4211280090453586,True,83.33333333333334,96.87490753400981,97.05314426456646,0.592966306815494,5.453834533691406,403350.5758980943,98.2455037446209,0
2022-08-18,112.17322540283203,112.26566175650794,111.80347293568668,112.21944710589085,5272.003,-0.6470661744991162,-0.7857312912864245,-0.7857312722596959,62.321025250589955,112.4597900390625,111.30894012451172,109.50640640258788,-13.380457692101677,-0.034332079907023604,1.339635731944197,False,83.33333333333334,80.20809067875614,91.42201089830854,0.49213055726594024,4.4369964599609375,406513.80987584696,50.167888548365156,1
2022-08-19,112.35810852050781,112.77407565070166,111.7572616249952,112.08079239875063,4026.019,-0.1386547071402191,0.5084138941937226,-0.04621131069148987,63.027867794295375,112.59844512939453,111.4984375,109.73649978637695,-10.563441197742893,-0.07535792981121359,1.133644455657602,True,83.33333333333334,84.37492385410471,87.15264068895686,0.4076899815062025,1.8949737548828125,407245.8311000544,51.4511222826521,0
2022-08-22,110.97154998779297,111.15642271394938,110.6942338461159,110.92532828003264,5007.0,-1.1554641187179868,-1.617652936752279,-1.0630277788792881,54.64146945396226,112.25642700195313,111.5723892211914,109.9018783569336,-46.874863396944484,-1.206960374145698,-0.3562101172652115,False,66.66666666666666,53.125136603055516,72.5693837119721,0.23673715467462586,0.7395172119140625,408247.29222065985,-35.29382154047197,0
2022-08-23,109.26144409179688,110.00094909154046,109.26144409179688,109.58498193696116,10325.627,-1.340346343071488,-1.1554736224089197,-1.4327897543190318,46.34458201053928,111.53541259765625,111.48457336425781,110.03018608093262,-85.41665169203206,-2.2332500105132027,-1.8034546685553172,False,50.0,0.0,45.83335348572006,-0.0006658541607883484,-0.8781585693359375,397921.66522065987,-118.77946071964757,0
2022-08-24,108.984130859375,109.95472320060976,108.75303643730356,109.81607218932056,7063.478,0.23109025235940805,-0.04622589093069962,-0.5084076544933112,45.132265248858346,110.74969177246093,111.48457336425781,110.09619369506837,-91.66664353198462,-1.9134770118809874,-1.9610566429394733,False,33.33333333333333,5.376340086628965,19.500492229894814,-0.17583449356850622,0.0,393574.9190946688,-141.68150178386625,1
2022-08-25,110.00094604492188,110.41691318798044,109.49253549012396,109.53875719599364,4893.719,-0.2773149933269252,0.46218998737067807,0.739499052820392,50.329536072536364,110.3152359008789,111.3875129699707,110.20381622314453,-68.75000678549195,-0.5640274190857587,-1.0360727836348698,True,33.33333333333333,29.032230149864017,11.469523412164312,-0.21982419167551737,-0.9706039428710938,394064.3208635591,-80.06636872496331,1
2022-08-26,110.55557250976562,111.01776136394729,110.41691444302268,110.78666693685645,9959.737,1.2479097408628093,0.6008481759668456,0.9243789528987207,52.979804565207225,109.95472869873046,111.2765869140625,110.28842811584472,-58.064557088371416,0.18148699873977142,-0.654138636182836,True,50.0,41.935442911628584,25.448004382707172,-0.2082822386688037,-1.1092605590820312,388701.42152584775,-34.16669403752507,0
2022-08-29,107.7362289428711,108.10597439871852,107.22781836241711,107.45891279854301,15775.738,-3.3277541383134377,-2.911786965228771,-3.189096080605566,40.88300592393177,109.30766448974609,110.78204574584962,110.24821815490722,-91.2697894300542,-1.6870467264912106,-2.952496636729135,False,33.33333333333333,8.730214823733272,26.56596262840861,-0.37738333868291196,-4.945411682128906,391192.4875609272,-148.84214752242178,1
2022-08-30,107.92110443115234,108.33707160584139,107.41269383769448,107.73623169850003,12155.353,0.27731889995702375,0.23109720712287185,0.1848754752773658,41.83307696974455,109.03959655761719,110.28750457763672,110.30368080139161,-88.09518606032172,-1.0593170498010414,-2.5119968755177173,True,50.0,12.500070456516191,21.055242730626002,-0.45826107094042723,-4.945411682128906,392408.09705131396,-111.01679925415048,1
2022-08-31,108.70681762695312,108.70681762695312,107.04294197519233,107.18159299017404,7045.914,-0.5546387083259958,0.3697460211117374,-0.36975186250214165,45.86658078898887,108.98413391113282,109.86691284179688,110.36607666015625,-72.30775709280988,-0.25445518250733934,-1.5075384063251618,True,66.66666666666666,29.032225489190346,16.75417025647992,-0.44021383258490526,-4.2059173583984375,399454.01105131395,-83.58102658159714,0
2022-09-01,106.44209289550781,106.8580600369127,106.07234040734672,106.76562367798297,21061.579,-0.41596931219106636,-1.848757590040421,-0.9706015678456197,37.65589717160516,108.27236328125,109.29379959106446,110.30136985778809,-94.70196734126681,-1.951325100362606,-3.089385542511526,False,66.66666666666666,7.272747879807179,16.26834794183789,-0.5547768909676075,-5.731132507324219,398215.2058418916,-134.80518650526307,0
2022-09-02,105.28662109375,106.39587150912006,105.24039938792535,106.39587150912006,13994.058,-0.3697521688629166,-0.4621885277926481,-0.8319410194213646,34.243971452497675,107.21857299804688,108.58665084838867,110.04254417419433,-99.3864654623795,-2.3086286259680278,-3.5835215659362754,False,50.0,0.8000486384008071,12.368340669132763,-0.674397550120652,-7.0714874267578125,385340.740812253,-136.8796204792191,1
2022-09-05,105.51770782470703,106.07233299195443,105.10173365994028,105.4714861222524,8878.179,-0.9243853868676553,-0.3235385171656304,-0.13866572798507093,35.51866217831075,106.77486877441406,108.04126663208008,109.80682792663575,-94.57826351761112,-1.3254653565617183,-2.8786233458775503,True,50.0,7.031308600617381,5.034701706275108,-0.7008934881003539,-5.4538421630859375,384072.4848203617,-117.29635739722302,1
2022-09-06,106.21099090576172,106.6731797199274,105.61014403685802,106.11855455341691,6476.116,0.647068431164513,0.6008467279729786,0.5084103769177375,39.36557769409783,106.43284606933594,107.73622131347656,109.61039733886719,-81.67936890025845,-0.44047085444322887,-1.7773891439323772,True,66.66666666666666,18.75003467394387,8.860463970987338,-0.6365379247990562,-3.0504531860351562,384917.20307499735,-73.09086829325376,0
2022-09-07,103.71517944335938,104.59334252643912,103.62274307999374,104.54712081853506,15488.892,-1.5714337348818503,-2.079837193488288,-1.9874009568642776,31.89309371862501,105.43451843261718,107.209326171875,109.34694976806641,-98.75001846085745,-2.1369355448023573,-3.5460982843620528,False,50.0,1.2499815391425502,9.01044160456792,-0.7206817903197464,-5.268951416015625,372378.5226257798,-130.41826506116416,1
2022-09-08,104.45467376708984,104.50089547026437,103.90004859120427,104.50089547026437,7117.171,-0.046225348270695577,-0.09244705617474835,0.27730551121052827,35.830315661631914,105.03703460693359,106.65469894409179,109.02110595703125,-88.75011994356645,-0.7756510195014733,-2.495152161495992,True,50.0,16.3634635844129,12.12115993249976,-0.6853790238564799,-5.546272277832031,378400.67998130876,-100.97418754250425,1
2022-09-12,106.6731948852539,106.90428932519056,106.3034423708667,106.58075851976776,7545.318,2.0798630495033876,2.4033938549261933,2.403393779662437,46.039518712535425,105.31434936523438,106.26646118164062,108.77152404785156,-58.749908544792326,1.2947207486596712,-0.2449142765548099,True,66.66666666666666,60.00013920103787,25.871194774864424,-0.48110989970674267,-3.8823776245117188,380141.92083718424,22.7735650550047,1
2022-09-13,107.22782135009766,107.59757386868998,106.99672690753279,107.32025771663506,4540.486,0.7394991968672997,0.6932845434994164,0.6932845366660843,48.283487202617465,105.6563720703125,106.21562042236329,108.49883308410645,-51.24990727978892,1.509524525528794,0.4909102514929895,True,83.33333333333334,70.90923307290986,49.09094528612019,-0.2867333838417535,-0.5084075927734375,379094.10817657417,66.28541528976463,0
2022-09-14,105.05552673339844,105.33283581118852,104.26980710099664,104.50090152537612,10945.566,-2.819356191258933,-2.264738057501461,-2.726919806536145,40.99868783807207,105.42527923583984,105.92906265258789,108.1082836151123,-71.81820132315727,-0.4743485456302819,-1.120174277563644,False,66.66666666666666,36.04640623895986,55.65192617096918,-0.28211911080881336,-2.8655776977539062,384329.0009195883,-65.67149389496919,1
2022-09-15,105.24040222167969,105.61015472090656,104.63955529199131,104.91687142952206,3684.1,0.41596990414593904,0.27731890971804773,0.36974819099467027,41.813745875826775,105.7303237915039,105.58242111206054,107.72466697692872,-68.18183669919993,-0.1461786218280837,-0.7518794828576075,True,66.66666666666666,40.697559913400674,49.217733075090116,-0.24561392725349174,-3.4664154052734375,385206.16503683355,-35.43973532104012,0
2022-09-16,104.03871154785156,104.31602062263299,103.80761712597935,104.13114790611203,12950.907,-0.7857235234100273,-1.2941340982735738,-0.831938166011966,38.08327956164201,105.64713134765626,105.34208297729492,107.31794128417968,-91.8182067549226,-1.3368406012315195,-1.584871614272423,False,66.66666666666666,10.465061029535361,29.069675727298616,-0.27896141022793397,-2.40338134765625,384028.9078468181,-98.03921145996338,0
2022-09-19,103.57652282714844,104.40845710492306,103.43786476337198,104.40845710492306,7177.318,0.2773091988110252,0.09243648229006851,-0.36975236260737177,36.70913198730516,105.02779693603516,105.17107315063477,106.87886199951171,-96.6666403763861,-1.6386266262958114,-1.6242307174266186,False,50.0,3.333359623613893,18.16532685551663,-0.30651396463152725,-1.7100982666015625,378902.28193325584,-93.22037580107819,1
2022-09-20,104.50090026855469,104.59333662670632,103.76139529845744,104.03871142535442,5757.206,-0.3697456795686378,0.18487952178325884,0.32353053508546736,41.32812749827619,104.48241271972657,105.06939239501953,106.55532951354981,-74.44447488350404,-0.4184111268009702,-0.5935362676063598,True,50.0,25.555525116495957,13.117981923215055,-0.23980399912182393,-1.0168075561523438,383380.13051297027,-50.951493640225976,0
2022-09-21,103.62274169921875,104.26981033904094,103.34543261281698,104.26981033904094,11011.543,0.23109891368652313,-0.3235262876653735,-0.4159626856404657,38.422099795113574,104.19585571289062,104.81056747436523,106.2733943939209,-93.47836608158875,-0.6866000206640289,-1.2987003234701093,False,33.33333333333333,6.521633918411253,11.80350621950702,-0.23199623425536386,-2.5882492065429688,378975.4124992832,-75.37052783026273,0
2022-09-22,102.37483215332031,102.37483215332031,101.21936000712032,102.05130136287276,14911.681,-2.218508976168181,-1.8949781857206318,-2.1260726056966632,34.6455108699969,103.62274169921875,104.67653274536133,105.94292945861817,-81.88407959849062,-1.4606653972919696,-2.2434712108887265,False,33.33333333333333,18.115920401509378,16.731026478805514,-0.28458440073550384,-1.3403472900390625,393887.0934992832,-158.82761469156085,0
2022-09-23,101.40422821044922,102.0050751101849,101.08069743441985,101.91263875309679,14598.986,-0.13866260977597733,-0.369757043135408,-0.13866257270046844,31.978503244095137,103.09584503173828,104.37148818969726,105.51309356689453,-95.03549316466967,-1.7905159458041775,-2.7985001813305916,False,16.666666666666664,4.964506835330331,9.867353718416974,-0.3539251871718019,-3.050445556640625,389507.3531467136,-142.84615711939213,0
2022-09-26,99.50926208496094,99.87901458016643,99.04707322906465,99.87901458016643,19920.826,-2.0336241729303595,-2.126060530018478,-2.0336242053551956,27.47399787659687,102.28239288330079,103.65509490966797,104.9607780456543,-94.59459889688355,-2.9159756817987192,-4.293386404213815,False,16.666666666666664,7.042253802132424,10.040893679657364,-0.48831520056199196,-7.163932800292969,391720.74073101376,-174.90057964204337,0
2022-09-27,99.37059783935547,99.78656496282255,98.90840901219568,99.64791395662807,8962.778,-0.23110062353835303,-0.09244961734387402,-0.13866421686897468,27.168501360227637,101.25633239746094,102.86937255859375,104.54249649047851,-94.680860188602,-2.3836592790001294,-4.0357138221526165,False,16.666666666666664,6.896543784987877,6.3011014741501965,-0.543235810572281,-7.8572235107421875,392192.4961961835,-128.7724322607771,0
2022-09-28,97.2907485961914,99.50925638797061,97.2907485961914,99.4630346840503,18898.469,-0.18487927257777415,-0.2773085748519435,-1.61766041600427,22.986263681547882,99.98993377685547,102.09289474487305,104.01097869873047,-100.0,-3.2850936621140887,-5.329440244476726,False,0.0,0.0,4.646265862373419,-0.6681112562779705,-7.764778137207031,373294.0271961835,-132.34129185582728,0
2022-09-29,96.96721649169922,98.39999761176779,96.6899003768773,98.39999761176779,10402.108,-1.063037072282512,-1.1092587762028217,-0.600848219314102,22.40108805647091,98.90841064453124,101.265576171875,103.42399864196777,-96.89116359100753,-2.531941514145939,-4.852611368543854,False,0.0,3.508804348588427,3.4684493778587537,-0.7166800431253386,-8.273185729980469,366265.6129460628,-119.02807877535197,0
2022-09-30,95.62687683105469,96.04285105617339,95.21090965837864,95.48822580845778,12676.428,-2.9117718033100033,-2.3571465555943973,-1.4789907184986646,20.089678632269155,97.75294036865235,100.42439270019531,102.88323783874512,-96.0000252886152,-2.780164836174883,-5.438752836276511,False,0.0,4.433470935401161,2.647425094663182,-0.7781320624413426,-8.411834716796875,366265.5054868334,-127.93206942019422,0
2022-10-03,94.47139739990234,95.7655275805398,94.3327463879115,94.74871352876826,10992.367,-0.7395122796895208,-0.27732347563359383,-0.8781632704671409,18.312648331360776,96.74536743164063,99.51388015747071,102.34247665405273,-98.6487033517174,-2.8132200433137555,-5.744920830493737,False,0.0,1.395291533522696,3.1125222725040804,-0.830866757532589,-9.105125427246094,357400.61310272914,-121.89640299329099,1
2022-10-04,96.87478637695312,96.87478637695312,96.22771775150704,96.64369195053143,7528.683,1.8949784217631702,1.1092587964133287,1.8949713635955447,31.967544361952548,96.24620513916015,98.75126876831055,101.91033058166504,-75.22520703116776,0.11145244868977144,-2.767894611792539,True,16.666666666666664,31.609212624610745,12.479325031178186,-0.6463607817722496,-7.6261138916015625,364929.29610272916,-62.30358837157145,1
2022-10-05,99.1395034790039,99.69412866140507,98.30756217918123,98.44622023789198,10696.796,1.8025282873605448,2.819342284451949,2.079844427674189,41.94366423154449,96.61595611572265,98.30294494628906,101.55675621032715,-53.15321069037257,2.492630306329966,-0.12416957091893883,True,33.33333333333333,62.650562366260374,31.885022174797925,-0.330205585901437,-4.483238220214844,367068.6770654164,23.27595392330395,1
2022-10-06,99.83279418945312,99.83279418945312,99.37060532746492,99.64792146563478,8457.011,1.2017012277428023,0.1386655280480511,1.0630431482836826,44.65399188580446,97.18907165527344,98.04874114990234,101.36263694763184,-44.65117837028218,2.7592800472784518,0.9699697058083672,True,50.0,99.16663981778152,64.4754716028842,-0.047640742973293015,-2.5420379638671875,375525.6880654164,61.32357859958651,0
2022-10-07,98.16890716552734,99.27816461717906,98.07647080766688,99.27816461717906,8700.628,-0.3697568484557223,-0.5546295722740666,-1.2941345197980354,39.79049610788907,97.69747772216797,97.72520904541015,101.04834861755371,-52.29893227306515,0.8387361585088448,-0.25437642601234983,False,50.0,69.74777158374143,77.18832458926109,0.04873680818024617,-3.235321044921875,368163.59465226805,31.143612369092455,0
2022-10-11,93.08482360839844,94.4251753902367,92.89995090518565,94.28651733660632,31480.435,-4.991647280572735,-4.852989226942356,-5.176519902481232,29.192263802850462,97.42016296386718,97.0827651977539,100.36893005371094,-97.9695751639359,-3.9656761592580017,-4.670251559658943,False,50.0,2.666621696646693,57.193677699389866,-0.19501653218168702,-6.4244384765625,344314.6567516209,-149.95769483952412,0
2022-10-12,92.62265014648438,93.08483903354757,92.02181023525644,92.8075299327753,13349.296,-1.4789874038310273,-1.3403363566891358,-0.8781406699292091,28.441021294470858,96.56973571777344,96.4079704284668,99.63867149353027,-92.35300642757028,-4.137759731414073,-4.427304614515338,False,50.0,7.692243573296768,26.702212284561615,-0.3437753862535522,-6.747947692871094,346055.8076642337,-136.30150228446675,0
2022-10-13,91.51338958740234,92.94617780090917,91.51338958740234,92.94617780090917,20842.76,0.13864786813387298,-0.13866123263839825,-0.5084206478540949,26.64564400159533,95.04451293945313,95.83023452758789,98.96156463623046,-100.0,-4.401706180237625,-4.918164706842591,False,33.33333333333333,0.0,3.4529550899811396,-0.465707404908958,-5.7773590087890625,325213.0476642337,-116.92663866519702,1
2022-10-14,94.14785766601562,94.56383181976254,93.45457446221221,94.0554213159968,11432.758,1.109243515087627,1.6176540188533721,1.9411848748098635,36.9565829472783,93.90752563476562,95.54829864501953,98.40693740844726,-68.33345407958798,-0.7874094247078682,-1.7366224556225152,True,33.33333333333333,31.666545920412016,13.119596497902913,-0.32445554794276443,-2.8193588256835938,328071.18264880334,-46.92492812641449,0
2022-10-17,92.39154052734375,92.53019858117621,91.5596063092321,92.39154052734375,19692.976,-1.6638807886530458,-2.033633238586333,-1.8949681529801126,33.528974985236204,92.7520523071289,95.22476501464844,97.82457885742187,-89.44454583054012,-1.3489112079071128,-3.157052697221504,False,16.666666666666664,10.555454169459878,14.074000029957284,-0.3051199472735924,-3.2353363037109375,342137.5123107692,-82.46348252747806,1
2022-10-18,93.45458221435547,93.87055640260782,92.39154646985548,93.82433469754355,6402.034,1.4327941701997986,1.3403578214316099,0.8319401606233896,37.36475782700685,92.82600402832031,95.12308349609376,97.31848182678223,-76.66668806473712,0.6303941066058172,-1.7413139172188907,True,33.33333333333333,23.333311935262888,21.851770675044914,-0.18259237448057464,-1.016815185546875,344938.37929039885,-47.47050984765415,0
2022-10-19,92.20667266845703,93.36214475703419,92.02179995526147,93.17727204383863,15624.079,-0.6470626537049213,-0.5084116455736307,-0.36974651459401287,34.793524809871755,92.74280853271485,94.65627212524414,96.70377044677734,-91.66667430883469,-0.5566155961554831,-2.7619814616885585,False,33.33333333333333,8.333325691165317,14.074030598629344,-0.14887251447886207,-4.668113708496094,333624.3343534124,-56.047151169113775,0
2022-10-20,91.69825744628906,91.92935185220456,89.98816025300277,90.77387982262711,18984.972,-2.4033922212115186,-1.4327929048296255,-2.0336397022586965,33.760958314058925,92.77978210449218,93.91214752197266,96.10754623413087,-82.62914391408145,-0.940338453270813,-3.0618959237794385,False,33.33333333333333,18.407926694638498,16.691521440355555,-0.12505114842294507,-7.441246032714844,348089.07164039754,-87.54825551888835,0
2022-10-21,91.42095947265625,92.29911550060808,91.23607969404787,91.79071197743055,12165.601,1.0168321548034385,0.36976364840352005,1.2479194410450987,33.17515838054044,92.23440246582031,93.07096405029297,95.55985260009766,-85.44588626755892,-1.223459401738929,-2.888461202834711,False,33.33333333333333,31.313419216145864,19.35155720064988,-0.0936483422461527,-8.411834716796875,340155.0752686476,-73.77654744383011,0
2022-10-24,91.14363098144531,93.17726595593508,91.14363098144531,93.1310442544352,16995.535,1.3403322770046486,0.8781504553270025,-0.09244871260256105,32.55879165568902,91.98482055664063,92.36843643188476,95.04682273864746,-88.26293861304138,-0.9874530058907862,-2.492898392179502,False,16.666666666666664,25.252483959655724,24.991276623480015,-0.058928327314422546,-7.025276184082031,323159.5402686476,-61.415379525000645,0
2022-10-25,89.38732147216797,91.14364052647208,89.20244875169058,91.14364052647208,20064.917,-1.9874037279631125,-2.033625429463001,-1.9411822297547303,28.8550314837681,91.17136840820312,91.99868621826172,94.54072570800781,-98.16516540417128,-2.3643228319834573,-3.4729414615648975,False,16.666666666666664,3.4482281554984997,20.00471044376668,-0.11820003458068662,-3.6975021362304688,306916.45668060967,-184.04088703214148,1
2022-10-26,90.2192611694336,90.58901365606923,89.20244712051715,89.52597790165755,10959.458,-1.6176626248145283,-0.5546268704028563,-1.6311734327700833e-06,32.80497645204919,90.77388610839844,91.75834732055664,94.08315887451172,-81.03448817878038,-0.8717715655125491,-1.8725625352191626,True,16.666666666666664,18.965511821219614,15.8887413121246,-0.06783139203393329,-2.4033889770507812,312030.8481168687,-131.6911766267571,1
2022-10-27,91.51338958740234,91.83692036232397,91.05120075110233,91.05120075110233,8017.172,1.5252228494447735,1.2479067062547387,1.848753630585179,38.59066845496645,90.73691253662109,91.75834732055664,93.79429092407227,-56.896537060463935,0.6779673393713206,-0.32302576552627343,True,33.33333333333333,49.50489217874975,23.97287738515594,0.07826769607801598,0.0,313445.66010753385,-23.510430055634377,0
2022-10-28,90.35791778564453,91.14363739937913,89.8957289478663,91.14363739937913,11490.72,0.0924366482768022,-0.6932829629448349,-1.1554718032360256,35.60463114863809,90.52430419921875,91.37935333251953,93.46382598876953,-78.44827913038934,-0.34831356427353266,-1.3788440796901886,False,33.33333333333333,24.75243391495519,31.07427930497484,0.12020386602569122,-3.7899398803710938,310466.59417253634,-77.82665791251168,1
2022-10-31,91.55960845947266,91.8369175212085,90.68144546620476,91.37472869920701,10088.08,0.2310912998278809,0.6932801218293747,0.7857165183384609,40.80154151171591,90.60749969482421,91.29616012573243,93.26046257019043,-56.03446737766692,0.9512496889497957,-0.0714595018471289,True,50.0,56.66665091862746,43.641325670777455,0.2448090070193314,-0.8319320678710938,315712.4696598411,-0.5292820194652994,1
2022-11-01,92.0680160522461,92.39154683163677,91.32851813541627,91.37473278821948,8194.304,4.089012463737163e-06,0.5546293104282682,0.6470726692115107,42.92736128057671,91.14363861083984,91.15750350952149,93.14029350280762,-38.61392785462886,1.3396638985489795,0.6738556785815155,True,66.66666666666666,72.09307015945149,51.170718331011365,0.36989577426534526,-1.386566162109375,318918.93171519757,69.08712630747695,1
2022-11-02,92.4377670288086,92.48398873329977,91.88314183712413,92.06801455020496,7005.305,0.6932817619854887,0.09244190166299404,0.5546237017078539,44.50835273744632,91.58733978271485,91.18061294555665,92.91844253540039,-30.693141210214602,1.1804381528322565,1.0739107307894618,True,83.33333333333334,81.3954054827071,70.05170885359534,0.4790353518693795,0.2310943603515625,324846.43423459394,108.79203562676604,0
2022-11-03,91.23607635498047,91.37473442075152,90.91254556980948,91.05120363558053,13533.114,-1.016810914624429,-1.109254312548245,-0.9705962673146473,40.52794071074218,91.53187713623046,91.13439483642578,92.52327117919921,-51.111128448122,-0.31981139957512184,-0.03797878522513351,False,66.66666666666666,51.16281568212636,68.21709710809498,0.4710807095320959,-0.46218109130859375,330259.5972350209,-3.1445735731435547,1
2022-11-04,91.3747329711914,91.46716932942498,90.12682450393305,90.68144970577653,6432.535,-0.36975392980400557,0.09243490867345372,-0.7857210658764302,41.18996573907522,91.73524017333985,91.1297721862793,92.10036811828613,-45.34880857165279,-0.14310965357197966,0.19004245994893548,True,66.66666666666666,66.19711425302462,66.25177847261935,0.47461481865113386,-0.04622650146484375,335804.8976990995,-15.63505721920232,1
2022-11-07,92.94617462158203,93.2234836824112,92.02179698060137,92.25289139084653,12106.536,1.571441685069999,1.756314352986223,1.8949724766683147,48.30470045294414,92.01255340576172,91.31002655029297,91.83923149108887,-6.896457084154088,1.0976117920980877,1.7970129638551884,True,83.33333333333334,93.1035429158459,70.15449095033229,0.5755198412268672,1.8025436401367188,342323.86728432897,138.74640434392305,1
2022-11-08,93.9167709350586,94.24030171276843,93.59324015734876,93.77811287248522,10406.422,1.5252214816386953,1.0168180303572285,1.571443176747394,52.201022316888064,92.38230438232422,91.76297149658203,91.88082885742188,-6.421995152608348,1.7186713576965016,2.6262626824034814,True,83.33333333333334,92.55321995471003,83.95129237452683,0.6925091860967112,4.529449462890625,342323.86728432897,176.28886054875002,1
2022-11-09,96.59747314453125,96.59747314453125,94.79493938529927,94.79493938529927,18911.329,1.016826512814049,2.357171431762822,1.2016992279505132,61.04695578943465,93.21424560546875,92.40079269409179,92.07957000732422,-0.0,3.773590756388127,5.033928755872482,True,83.33333333333334,100.0,95.21892095685196,0.9210036924495375,6.378211975097656,361235.196284329,209.51179678913098,0
2022-11-10,95.67308807373047,95.99661884513394,95.39577195398928,95.62686636962631,14732.904,0.8319269843270405,-0.6008542993973123,0.6008325686900093,57.07363605996262,94.10164794921874,92.8167625427246,92.28755493164063,-12.50009219438845,2.18857796846786,3.43965863599369,False,66.66666666666666,85.71418226913147,92.7558007412805,0.9752420124128485,4.159698486328125,360102.00239355804,131.0329661198773,1
2022-11-11,100.75717163085938,100.75717163085938,99.64792118617547,100.3412044772135,34312.389,4.7143381075871815,4.760552785725437,4.252149232186184,69.12916352262114,95.97813568115234,93.8566879272461,92.6180206298828,-0.0,5.825246504596205,7.911893220116717,True,83.33333333333334,100.0,95.23806075637715,1.2986403254322223,10.399253845214844,394414.39139355806,196.94928134861016,1
2022-11-14,101.68154907226562,102.0513015702896,101.12692385145083,101.4966763494748,18166.766,1.1554718722613018,1.2941299394302206,1.4790026652753596,70.75806010889173,97.72521057128907,94.86888198852539,93.0825210571289,-3.0418352924146985,4.903443735480621,7.922496016707107,True,83.33333333333334,96.89921414610976,94.20446547174707,1.505367243181631,10.121940612792969,398047.68915298796,154.31717844765498,1
2022-11-15,106.02611541748047,106.25720983386769,102.79079358805936,102.79079358805936,33843.257,1.2941172385845618,4.205908263578095,1.6638697366085324,76.98462848604589,100.14707946777344,96.26469192504882,93.71109771728516,-1.4326651946643767,6.979630521054116,10.995519523087758,True,83.33333333333334,98.56733480533562,98.48884965048178,1.8429672532523624,13.958099365234375,427378.5118863213,157.7715128407224,0
2022-11-16,105.84124755859375,106.9967196935129,105.24040063794735,106.30343641256141,23671.241,3.512642824502052,0.7395098596452101,2.4496070498879874,76.23113671116914,101.99583435058594,97.60503997802735,94.392826461792,-6.8493142484540135,4.693692164642183,9.43847350601598,False,66.66666666666666,93.15068575154599,96.20574490099712,1.9516400272858232,13.403480529785156,419903.4081629268,122.27870967806524,1
2022-11-17,105.88746643066406,105.9799027884949,104.31602013777179,105.332834178795,13352.418,-0.9706022337664137,-1.016816905018004,-0.924380500175559,76.29441746178762,104.03871002197266,99.0701789855957,95.10228691101074,-6.575341757511327,3.159476288207387,8.197885004019705,True,66.66666666666666,92.59259440522902,94.7702049873702,1.9214280713511616,14.651390075683594,431772.249316184,89.78779682040309,0
2022-11-18,105.61015319824219,107.0891561213834,105.42528047751537,106.21100011926768,10656.075,0.8781659404726838,1.1092533328884997,1.1092603397435852,74.98766640723112,105.00930633544922,100.49372100830078,95.81174659729004,-8.71933739120897,1.255540010359969,6.717523642489431,False,66.66666666666666,89.04110749442562,91.59479588373354,1.7807232316515664,14.235420227050781,423484.16087188513,84.2005808722988,0
2022-11-21,105.24040222167969,105.97990722013343,105.10174415291432,105.7025910826027,8685.569,-0.508409036664986,-1.1092489012499698,-0.32353632460105075,73.1649034291717,105.72107696533203,101.72314376831055,96.51658515930175,-10.899173187970018,0.18332593760188395,5.104436908255985,False,50.0,84.96241005514791,88.86537065160083,1.5681817838839172,12.294227600097656,417541.417819877,64.06157683225648,1
2022-11-22,106.11856079101562,106.30343350657198,104.5008998463504,104.82443062479504,5544.518,-0.8781604578076525,0.3235262864385504,-0.6008443065639142,74.75480853509467,105.73956604003907,102.94332275390624,97.35314712524413,-6.441708339855737,0.31311551141874105,4.696763638669237,True,50.0,91.69961991778064,88.56771248911804,1.3978207841646184,12.201789855957031,421948.6143687091,56.450662865171715,1
2022-11-23,106.85806274414062,107.13537888039772,106.34965923092568,106.90428445099758,7938.962,2.0798538262025374,0.8319453738257465,1.8487593845752741,76.05792937926833,105.94292907714843,103.9693817138672,98.18508720397949,-2.047801620766901,0.8799357511421253,4.234136757309398,True,50.0,96.29625772081368,90.98609589791407,1.2507936195878266,10.260589599609375,424283.53612557333,72.32712313582202,1
2022-11-24,107.8748779296875,108.01353599923853,107.13537997948599,107.22781634170587,15238.836,0.3235318907082956,0.8781571188408037,0.7857207485603084,77.7784931988265,106.34041137695313,105.18956069946289,99.00316162109375,-1.0489621069517323,1.5150412466731282,4.045469827849144,True,66.66666666666666,97.98655613855688,95.32747792571706,1.1409457287151343,12.201789855957031,434710.043713681,111.32524588613244,0
2022-11-25,107.8748779296875,108.10597236145841,107.55134713569669,107.82866327479874,16020.486,0.6008469330928676,0.09243636221988538,0.4159671562106979,77.7784931988265,106.7933563232422,105.90133132934571,99.8790096282959,-1.8181808654654308,1.1995949738083749,3.110849662875604,False,50.0,95.65217951035864,96.64499778990972,0.9926682784912684,7.117706298828125,437380.09076175926,124.20081076939441,0
2022-11-28,105.70258331298828,106.58074631565847,105.28661618970996,105.9336777264633,15044.738,-1.8949855483354412,-1.5252260457999398,-2.2647309459867273,65.76293174585595,106.8857925415039,106.30343475341797,100.58615837097167,-28.415399702162848,-0.8526068857265321,0.23374116706211945,False,50.0,36.58524153815674,76.74132572902407,0.6871836145637094,4.021034240722656,432006.89391647774,-27.834660003449855,1
2022-11-29,106.6731948852539,106.6731948852539,104.54712321685952,105.24040653666951,10671.467,-0.6932711897937907,0.09244856959543313,-0.7394929728504422,68.16047485916923,106.99671936035156,106.3681427001953,101.31641731262206,-20.52969647868158,-0.16580638025636407,0.6834451537689937,True,66.66666666666666,62.19536839409571,64.81092981420369,0.49818522568636014,0.6470794677734375,442678.36091647774,-28.75525821715429,1
2022-11-30,107.55134582519531,107.59756753196324,106.16477925146496,106.39587368042002,9296.066,1.1554671437505135,0.9243726467093296,1.6176560346054458,70.21884582906402,107.1353759765625,106.53915252685547,102.07209625244141,-10.434767293977904,0.43159245361521015,1.0457755886961984,True,66.66666666666666,84.6153847408397,61.13199822436403,0.38506969869439756,1.7100982666015625,451374.64529822243,62.30281162808695,1
2022-12-01,109.40009307861328,110.4631287828276,109.07656231275026,110.18581266783542,24684.339,3.789938987415397,2.86556125086436,2.9117830612852913,74.06896251065966,107.44041900634765,106.89041519165039,102.98029708862305,-17.29326363979798,1.7553851687294737,2.511902661099195,True,66.66666666666666,82.17049839011358,76.32708384168298,0.38650931977753356,3.5126266479492188,438209.61427780613,187.11998681215383,0
2022-12-02,108.42951202392578,109.03035191463945,108.1521958801791,108.42951202392578,7480.152,-1.7563006439096398,-1.4327768681881423,-0.924366432571162,68.96284981878298,107.55134582519531,107.17235107421875,103.83303604125976,-33.08249253960195,0.7659886898108867,1.397499892386408,False,50.0,65.89166936445439,77.55918416513587,0.27887054197522243,2.8193588256835938,435453.83203870815,89.19695409701815,1
2022-12-05,108.56816101074219,109.53876044324153,108.33706657942733,108.42950999390716,11987.754,-2.030018620757801e-06,0.5084085286020752,0.1848706992482363,69.29273944539395,108.1244613647461,107.505126953125,104.61413536071777,-31.78287503339412,0.7866130494616966,1.315505340260071,True,66.66666666666666,67.96879666600988,72.01032147352595,0.17865900705858095,3.3277587890625,428076.74183053186,85.24142493089768,0
2022-12-06,106.58074951171875,107.96731603414818,106.48830610160317,107.96731603414818,9970.008,-0.46219395975897726,-1.5714444090933455,-1.8487604778241575,59.41724222142483,108.10597229003906,107.55134582519531,105.24733428955078,-65.11623945461524,-1.1926024127327581,-0.6141577823430624,False,66.66666666666666,34.37498954628612,56.07848519225012,-0.04773143501231836,0.462188720703125,419353.056141314,-34.80099039810393,0
2022-12-07,105.93368530273438,107.08915745274771,105.56393280424165,105.84124894122178,8225.389,-2.126067092926405,-0.87815858140047,-0.9243732973615266,56.554472990755876,107.78244018554688,107.45890808105469,105.71414489746094,-75.9689627545477,-1.6801310748422627,-1.2707297699580287,False,50.0,23.437470949166766,41.92708572048758,-0.2556939881799467,-0.92437744140625,415115.74606044707,-81.50348274270264,0
2022-12-08,104.68577575683594,105.47149540059306,103.94627076715732,105.42528074651455,9118.894,-0.4159681947072329,-1.6176620521546567,-1.6176620370843295,51.349327211786466,106.8395767211914,107.13999786376954,106.1647792816162,-88.65243054397646,-2.4057443783952643,-2.3250792962752063,False,33.33333333333333,11.34756945602353,23.053343317158795,-0.4789663243086162,-3.1891021728515625,414839.4414935328,-133.21689787152593,1
2022-12-09,106.30343627929688,106.534530705991,105.33283686620467,105.37905857252038,6236.839,-0.04622217399416684,1.0630353053979462,1.3865660990473572,56.95218833139081,106.41436157226562,106.98285369873047,106.44209251403808,-63.829724286280666,-0.4185318790526355,-0.7729640077473089,True,33.33333333333333,36.17027571371934,23.651772039636537,-0.5161645825910122,-1.571441650390625,418677.5018939107,-50.35376160517559,0
2022-12-12,105.28662109375,105.56393017137144,104.68577418024033,105.56393017137144,8364.05,0.18487159885106053,-0.9706005346195639,-0.6470626859643431,52.7838294835405,105.75805358886718,106.94125747680664,106.62234611511231,-79.43256821968946,-0.8846988031244153,-1.5238296741985373,False,33.33333333333333,20.567431780310546,22.695092316684462,-0.6017348611432869,-0.41596221923828125,421759.0576352493,-89.23089074580648,0
2022-12-13,104.82443237304688,105.84124643044923,104.68577430784607,105.84124643044923,6522.142,0.2773162590777929,0.2773162590777929,1.2760574463754892e-07,50.93524639753408,105.40679016113282,106.75638122558594,106.56226196289063,-86.52477000760254,-0.7367420731815878,-1.7224564457543938,False,16.666666666666664,13.475229992397457,23.404312495475775,-0.6763716087343159,-1.8487625122070312,416802.2456384474,-82.66664989944212,1
2022-12-14,106.11856079101562,106.30343350657198,105.37905582390614,105.47149218168431,7883.543,-0.36975424876492013,0.46218707612274557,0.6932815160600683,55.67675182164781,105.44376525878906,106.61310272216797,106.57612762451171,-66.6666050014459,0.5620846611568198,-0.5414775874438161,True,33.33333333333333,38.84298674967457,24.295216174127518,-0.6266172048712537,-1.4327850341796875,421532.4195557753,-36.71709820800351,1
2022-12-15,106.21099090576172,106.34964896049975,105.28661327743036,105.65636573925123,7809.191,0.1848735575669167,0.04621545392777193,-0.09244254647578032,56.00799357788828,105.74880828857422,106.29419250488282,106.5923038482666,-65.2482817155336,0.6056121973894751,-0.41889998295940495,True,50.0,40.495741070194164,30.937985937422056,-0.5767664361633607,-3.1891021728515625,427304.41227469547,-25.12112419333501,0
2022-12-16,104.45467376708984,104.73198988125351,103.76139053412244,103.99248494511157,11881.776,-1.6638807941396578,-1.6176590792462378,-1.5252227433079213,48.495367675331,105.37905578613281,105.89670867919922,106.53452987670899,-89.65517292321358,-1.021902358926341,-1.8280597715850833,False,50.0,16.483488187395604,31.940738669088105,-0.6461366908343793,-3.9748382568359375,432396.5526553792,-122.16800290937965,0
2022-12-19,103.85383605957031,104.40846128443596,103.53030526610222,103.85383605957031,6131.528,-0.13864888554125798,-0.3235285968175532,-0.2310852680202231,46.18345731218473,105.09249877929688,105.42527618408204,106.46520156860352,-94.61540805531762,-1.2090541946984013,-1.9669139513878373,False,33.33333333333333,9.090874711856141,22.023367989815295,-0.7113831957815571,-4.714324951171875,430782.98747200007,-127.22529672461796,0
2022-12-20,101.9588623046875,103.99249040722982,101.72776788156033,103.6689596253402,12435.983,-0.18487643423011946,-0.415970877206135,-1.8025373845418926,39.675718483090144,104.519384765625,104.96308746337891,106.25721664428711,-97.04142051983423,-2.49723446901975,-3.2632904150109505,False,33.33333333333333,4.807693484534387,10.1273521279287,-0.8515920376918127,-4.62188720703125,420884.9633476065,-181.60908772530533,1
2022-12-21,102.37483215332031,102.97567907983277,101.95886500166523,102.42105386014524,11903.153,-1.2479057651949574,-1.0168113273970505,0.23109712010490568,41.6448296228188,103.77063903808593,104.6072021484375,106.03305511474609,-89.62962932673872,-1.715719623950784,-2.390655827289506,True,50.0,13.46153940592288,9.120035867437794,-0.8820158684676787,-3.5588531494140625,418720.7011742317,-139.06878021990713,1
2022-12-22,104.08493041992188,104.22358848915424,103.299210764195,103.299210764195,5023.151,0.8781569040497601,1.2479094093214655,1.3403457625297648,49.09679718048935,103.34542694091797,104.5471176147461,105.84355773925782,-56.03448495835551,0.2522653285412547,-0.5629746738414128,True,50.0,51.00006897846113,23.089767289639457,-0.7574351687788092,-0.6008453369140625,422236.89154479135,-39.88906365243628,0
2022-12-23,102.32861328125,102.65215113310263,102.05130418994524,102.32861328125,5985.362,-0.9705974829449957,-1.5714373560516037,-1.247906574249754,42.951531032331296,102.92021484375,104.1496353149414,105.56624450683594,-87.49999902978696,-0.8212617869846688,-1.9594801323647333,False,33.33333333333333,13.000018594756874,25.820542326380288,-0.7617235434920392,-3.974822998046875,421776.38180958934,-106.82943532895166,1
2022-12-26,102.69835662841797,102.79079298394122,102.32860415388313,102.42104756184824,4030.17,0.09243428059824055,0.1386418508385816,0.27729996393789236,44.545608663550034,102.68911895751953,103.8908088684082,105.41603317260743,-79.80785026620069,-0.17970064789105966,-1.4488519293882673,True,50.0,20.99986413065312,28.333317234623696,-0.709143418365193,-2.5882644653320312,424194.5084077948,-75.83155459783985,1
2022-12-27,103.1605453491211,103.76139223804806,102.97567263827058,102.97567263827058,4127.175,0.5546250764223402,0.970599254106844,0.6470684843874466,46.58109409346051,102.92945556640625,103.72442016601562,105.24040069580079,-69.00012261047735,0.3822751355484717,-0.7558961970734079,True,66.66666666666666,30.999877389522663,21.666586704977544,-0.6161596272430122,-1.6638870239257812,422009.5072586713,-26.361265263873992,0
2022-12-28,101.68154907226562,102.14373793168501,101.12692385145083,102.14373793168501,12175.351,-0.8319347065855709,-1.6176543063630504,-1.8487487868197547,41.2903482450939,102.79079895019531,103.28071899414063,104.9469108581543,-89.38053967546841,-1.0123707018610646,-1.895203277833998,False,66.66666666666666,15.384606446311196,22.46144932216232,-0.6252035041584161,-4.43701171875,423116.3419957481,-112.30282081789466,0
2022-12-29,101.21935272216797,101.31178907672269,100.20253871718249,100.94203660606202,13853.556,-1.2017013256229916,-0.8319488549623202,-0.9243851342683342,39.75111470450528,102.21768341064453,102.78155517578125,104.53787384033203,-83.45866651584959,-1.277238549493524,-2.0572488426962914,False,50.0,24.175766166077388,23.520083333970405,-0.6314074906758796,-4.99163818359375,434661.00135533506,-147.67829605929018,1
2022-12-30,101.86642456054688,102.37483514068755,101.86642456054688,102.23617706860897,8643.162,1.2941404625469488,1.0630460639648618,1.6638858433643833,42.99654085787227,102.1252456665039,102.52273025512696,104.20971946716308,-72.93222705460256,-0.2865291423205647,-1.091993631768207,True,50.0,41.37938940627652,26.97992067288836,-0.5632762559572113,-2.5882492065429688,426017.83935533505,-51.08713746707383,1
2023-01-03,102.37483215332031,102.51349022135277,100.24876058333538,101.31179636832785,14810.634,-0.9243807002811195,0.1386550806652167,-1.6176639772114925,45.51230122787263,102.06054077148437,102.37482986450195,103.90005302429199,-52.04069196354051,0.2035775326543433,-0.28885215416735377,True,66.66666666666666,54.02304272082221,39.8593994310587,-0.4596901042689455,-1.47900390625,439014.911275074,-68.64708236694992,0
2023-01-04,102.14373779296875,102.42105392922069,101.77398529544692,101.95886507042898,13754.853,0.6470687021011372,-0.09243629213207782,1.5252247121115374,44.53762363563761,101.8571792602539,102.39331741333008,103.67820243835449,-53.846057678282655,0.06792187514404152,-0.3269796688780166,False,50.0,48.2759275778469,47.89278656831521,-0.3854572150431763,0.18487548828125,440979.84744221135,-20.100291431599523,1
2023-01-05,102.88323974609375,103.25298518024113,102.55970191255166,102.83701804060428,12070.904,0.878152970175293,0.8319312510204355,0.7857166171047396,48.395582610232196,102.09751739501954,102.44415817260742,103.52568016052246,-33.33330396463211,0.8380531011942851,0.47393537955353027,True,50.0,75.32484866809776,59.20793965558895,-0.2706940685797814,0.5084075927734375,440175.31697541435,56.074664242025065,1
2023-01-06,103.3454360961914,103.71518155718978,102.74458914340512,102.79080379980861,11586.78,-0.046214240795663386,0.4621963769486541,0.18488723085346237,50.732253646780705,102.52273406982422,102.37020874023438,103.45866317749024,-21.838883942295116,1.0164968764045665,0.8115503808632183,True,66.66666666666666,88.31207467747964,70.63761697447477,-0.1536234450668038,-0.7394943237304688,442934.1703365044,109.51239985591967,1
2023-01-09,107.04293823242188,107.04293823242188,105.28661922882686,105.3790555863967,14998.076,2.5882517865880885,3.327756675232095,2.542030085421743,64.68685827984028,103.55803680419922,102.84164123535156,103.49563827514649,-0.0,3.6473460461794067,4.023655442658743,True,83.33333333333334,99.99999999999999,87.8789744485258,0.16557622073589376,4.714324951171875,457932.2463365044,243.85855546711207,1
2023-01-10,107.45890045166016,107.59755850789257,106.99671163251323,107.18158433919533,11974.27,1.8025287527986222,0.5546202754706968,1.7100924036863603,65.87313299416869,104.5748504638672,103.31769561767578,103.604252243042,-1.875019407069111,3.1194477083888783,4.143330371730318,True,83.33333333333334,98.12498059293088,95.47901842347017,0.3849358874951751,4.7605438232421875,464379.8869371125,181.07799418653605,1
2023-01-11,107.55134582519531,107.92109832201186,107.13537867405313,107.8286619609183,15602.476,0.6470776217229712,0.323539814119286,0.13866704153990383,66.1488365527759,105.6563720703125,103.7567756652832,103.74059791564942,-4.790433911855752,2.3607031266564533,3.795116579207955,True,83.33333333333334,95.20956608814424,97.77818222702503,0.5086951448195012,4.390800476074219,465297.59726399224,124.39854038456826,0
2023-01-12,107.08914947509766,107.78243271345923,106.90427676584461,107.68999635883272,9954.227,-0.13866560208558099,-0.13866560855262833,-0.23110190820851528,63.357120317148514,106.49755401611328,104.2975357055664,103.78912734985352,-10.778550526365903,1.1275124160732815,2.9854000022218923,False,83.33333333333334,89.15651428220733,94.1636869877608,0.5294908946347303,5.407600402832031,459534.5732479465,86.33238361864528,1
2023-01-13,108.3370590209961,109.63118915655923,108.10596460580417,109.53875280097083,28483.387,1.8487564421381109,1.848756443100001,1.2016878399595612,67.40846367101389,107.49587860107422,105.00930633544922,103.89543075561524,-13.725507631065412,1.4352635239350835,3.755065420242079,True,83.33333333333334,86.20687463311573,90.19098500115577,0.5925891114186445,7.117706298828125,439682.5076598547,99.18694022435128,1
2023-01-16,109.16899871826172,109.58497289094556,109.07656236403479,109.16899871826172,27599.371,-0.3697540827091075,-0.04621626561366554,0.9705977582306105,69.83408632802599,107.92109069824218,105.7395637512207,104.13114700317382,-4.901978721867472,1.2936861350012996,3.9307655981805834,True,83.33333333333334,94.11762191146607,89.82700360892972,0.6509971277631714,7.302574157714844,422119.0627438331,95.52845306599752,0
2023-01-17,109.16899871826172,109.40009313004992,108.89168965558093,109.40009313004992,14056.586,0.2310944117882059,-0.1848797608956403,-0.1848727084538524,69.83408632802599,108.2631103515625,106.41898040771484,104.3969051361084,-4.926127970923639,0.9617425715282478,3.2793996547344473,False,66.66666666666666,93.46402782965953,91.26284145808044,0.6488273705511194,6.794166564941406,423396.8278405607,84.02688268938826,1
2023-01-30,114.08396911621094,114.36752785487589,113.42234167425708,114.17849350323144,43332.321,4.778400373181512,4.967434724825964,4.53065201867615,80.19658795530088,109.56963500976562,107.61300354003906,105.00316047668457,-2.0083817036670477,4.440695010644724,6.899552592253216,True,66.66666666666666,97.56035245729117,95.04733406613893,0.9209855004270153,11.940231323242188,440729.4917610626,197.79840187016617,0
2023-01-31,111.81552124023438,113.98944499651007,111.81552124023438,113.98944499651007,21612.576,-0.1890485067213632,-0.3780828583658149,-1.6068204340227084,68.3711444790313,110.51490936279296,108.50623168945313,105.47519493103027,-20.26440616370323,1.7022963694250381,4.007238930845941,False,50.0,71.89701251567537,87.64046426754203,0.8902919717084559,8.932281494140625,419116.9157610626,122.33879058581044,1
2023-02-01,112.4771499633789,112.90248083926545,111.95729470511942,112.57166713455393,6540.91,-1.4177778619561394,-1.0869641572446227,0.14177346488504838,69.7885908461634,111.34292755126953,109.41940307617188,105.89480590820312,-16.009533852638107,1.4752541870762919,3.7913128328323187,True,66.66666666666666,74.67085230087909,81.3760724246152,0.8563473839602511,9.1317138671875,419771.04668360896,94.17724196029042,1
2023-02-02,114.36752319335938,114.46204036532916,113.65863358678897,113.70589577837285,15544.511,1.1342286438189149,1.5595595260637083,1.7013388816695425,73.49140291412127,112.38263244628907,110.15186157226563,106.49675140380859,-0.8066359328463579,2.253521117153132,4.611858060660115,True,66.66666666666666,98.7494029056925,81.77242257408231,0.8986083417220323,7.3245849609375,431658.0749273823,107.62985731413329,0
2023-02-03,114.36752319335938,114.55655753729896,113.61137139520507,114.32026100177548,9507.278,0.6143652234026291,0.09451717196979814,-0.047262191583897106,73.49140291412127,113.42233734130859,110.84272384643555,107.08020973205566,-2.0392190071730854,1.467505127566601,3.740276181587244,False,50.0,97.52969931991068,90.31665150882742,0.8637307563625489,6.908622741699219,437362.49975520215,85.6268952730457,0
2023-02-06,112.71344757080078,113.51685435023985,112.71344757080078,113.51685435023985,13379.869,-0.8034066515356244,-1.0397031870591036,-0.8979238244042875,65.17345227650756,113.14823303222656,111.35893402099609,107.55785484313965,-24.085759808678404,-0.5213765531494793,1.8035369426957741,False,50.0,71.4272782971739,89.23546017425902,0.6748047081356439,5.162101745605469,423982.63075520215,44.04234940190541,0
2023-02-07,112.4771499633789,112.71344649691542,112.05181908749236,112.57166713455393,8300.862,-0.9451872156859196,-0.8034078533244298,-0.6616284833084194,64.04378815114303,113.28055877685547,111.89773406982422,108.0976348876953,-27.17369678432293,-0.4947397127755602,1.2078395419742538,False,33.33333333333333,63.29292019976617,77.41663260561693,0.48816914774092,5.38800048828125,426354.2797630276,16.40124465720275,1
2023-02-08,114.22574615478516,114.32026332867876,113.4223393598922,113.51685653378583,8914.93,0.9451893992318929,1.6068168317633393,1.370520272399844,68.45740648238063,113.63027801513672,112.48660278320312,108.74795455932617,-4.323042925291527,0.6943489159853888,2.2694093649774985,True,50.0,94.16029836138962,76.29349895277656,0.4383116141550212,5.8886871337890625,433392.4050037159,73.0593529520615,1
2023-02-09,114.27301025390625,114.36752742937682,113.70589998988453,113.89493434082569,4849.245,0.37807780703985827,0.04726410069805809,0.2835606299923228,68.5711638568884,113.61137542724609,112.99700393676758,109.36828384399413,-4.395677829991378,0.47091827201600023,1.7662670225498385,True,50.0,89.65547141070834,82.36956332395471,0.3672234719007932,5.104011535644531,436856.1665330893,68.79258786972528,1
2023-02-10,114.36752319335938,114.46204036532916,113.98944729428221,114.27300602138958,6217.975,0.37807168056389173,0.09451293595233778,0.28354730439768616,68.81649659914814,113.61137542724609,113.51685638427735,109.9679183959961,-3.3369594470092445,0.55401577504269,1.3966476101267182,True,50.0,93.10354466513188,92.30643814574329,0.28873328735698456,5.198524475097656,440586.9894845971,70.21316596680377,0
2023-02-13,114.1312255859375,114.27300494815961,113.32781881494275,114.0839633947975,3830.591,-0.1890426265920837,-0.1890354171695492,-0.6616284793394698,67.38190878074869,113.89493103027344,113.52158203125,110.56729278564453,-7.508241326053021,0.3810167288296462,0.8175321347961508,False,50.0,83.63643929749082,88.79848512444369,0.18794859344570325,0.0472564697265625,443268.3914945611,37.68112033220027,1
2023-02-14,114.98189544677734,115.12367481010762,114.60381954829595,114.60381954829595,7617.257,0.519856153498452,0.8506698619480062,1.2760007333532002,69.85026776681755,114.39588012695313,113.8382194519043,111.1722255706787,-4.285755190491498,0.7940346363505553,1.136206742176891,True,66.66666666666666,95.38456958487728,90.70818451583334,0.14741278478065212,3.1663742065429688,446730.7618285325,115.26478985092174,0
2023-02-15,112.33537292480469,113.65863498222194,112.28811794383861,113.37507625163322,12271.248,-1.2287432966627279,-1.4650398278856755,-2.315701604457331,55.57635736922692,114.01780548095704,113.82404174804688,111.62172241210938,-84.28574509646384,-1.505525879143594,-1.064826513713368,False,66.66666666666666,9.230701664299499,62.75057018222253,-0.07675386710155019,-0.14177703857421875,435305.7310946148,-106.66652351444574,1
2023-02-16,113.70589447021484,113.89492881197964,112.7607083389951,112.7607083389951,11010.019,-0.6143679126381159,0.23629382975769886,0.4725903951564874,60.174049383294346,113.90438232421874,113.75787887573242,111.95487022399902,-44.776062660931196,-0.22807350622531083,0.003464593642311556,True,66.66666666666666,53.84612859728545,52.8204666154874,-0.14773228226032886,-0.6616287231445312,442645.79042794375,-25.577560816816842,0
2023-02-17,112.24085998535156,112.76071527397357,111.91004626131861,112.76071527397357,7883.024,6.934978472372677e-06,-1.1342135380060654,-0.850662077676489,53.693684542985274,113.47904968261719,113.54521255493164,112.1939682006836,-89.70591283309295,-1.2200155304369371,-1.2679236740856432,False,50.0,10.29408716690705,24.456972476163994,-0.29959632230299515,-2.1266632080078125,440893.9701917721,-110.53344752599186,1
2023-02-20,112.4771499633789,112.80796366809044,111.62648100040789,112.05181908749236,5841.11,-0.708896186481212,0.047248394116863324,-0.28356526091072,54.55480558173237,113.14823455810547,113.52158279418946,112.44025840759278,-75.67567000114146,-0.7368292356262821,-0.922779761168648,True,50.0,24.324329998858545,29.488181921017006,-0.3849395478473232,-0.236297607421875,443464.07285229454,-95.18198455833924,0
2023-02-21,112.42988586425781,112.5716652242133,112.05181718597355,112.47714805464224,4443.038,0.42532896714988055,-0.23629844387713206,0.425336185565655,54.3343237119807,112.63783264160156,113.51685638427735,112.70729522705078,-77.0271564126181,-0.5296220508676475,-0.8233510181621566,False,50.0,22.97284358738191,19.19708691771583,-0.44133338635515384,-0.04726409912109375,445483.5907558028,-89.85428935861538,0
2023-02-22,111.20115661621094,111.29567379290367,110.68130132760338,111.05937724557266,10887.622,-1.4177708090695802,-1.2759914313096345,-1.3705158583701689,48.74703112933334,112.4109893798828,113.21439743041992,112.85050010681152,-88.29780317537579,-1.065166553521337,-1.7980680207356696,False,33.33333333333333,11.702196824624213,19.666456803621553,-0.551018509336711,-3.0245895385742188,453021.23419895227,-140.66962718709533,1
2023-02-23,112.855224609375,113.23330050108571,111.4847004033234,111.4847004033234,6197.695,0.42532315775073926,1.9376267081820373,0.8033990757200229,55.47140515090681,112.24085540771485,113.0726188659668,113.0348114013672,-51.06392359099564,0.3291069302593909,-0.3650793618719092,True,50.0,48.93607640900436,27.870372273670156,-0.503126433773466,-1.41778564453125,456538.84349305,-33.31072045538682,0
2023-02-24,112.28812408447266,113.51686182475687,112.28812408447266,113.32782746815882,5497.731,1.8431270648354143,0.28356132367116516,0.8034236811492548,52.87667485133328,112.25030822753907,112.86467895507812,113.19076766967774,-63.829633793791565,0.03509221238353402,-0.7242264639046617,False,33.33333333333333,36.17036620620844,32.26954647994567,-0.49958166353263156,-2.0793991088867188,451041.11249305005,-11.369319856776931,1
2023-03-01,112.80796813964844,112.90248531457,110.44500271061852,110.87034081456284,7467.318,-2.4574866535959785,-0.6143765101868723,-1.8431213738541317,54.982424566073306,112.31647186279297,112.73235321044922,113.12696762084961,-49.49495543216317,0.4136577738568257,-0.15685412741717222,True,50.0,68.49321868365939,51.19988709962407,-0.4535138363652842,-1.3232574462890625,457934.02984381164,-60.40047170825042,0
2023-03-02,112.71344757080078,112.80796474287632,111.81552361928618,112.80796474287632,3481.231,1.937623928313485,-0.09452057169367833,1.3705209086676575,54.49936126951494,112.37318420410156,112.50550842285156,113.17186393737794,-51.51519892941483,0.29436317411036467,-0.11865840634702135,False,33.33333333333333,65.75343336447924,56.805672751449016,-0.4213819978163844,-2.2684478759765625,460752.1764519206,8.815192066636932,1
2023-03-03,112.80796813964844,113.51685776835741,112.66618877166701,113.23330624359275,3100.937,0.42534150071642784,0.708893025481089,0.8506651523808273,54.931321277634396,112.69454650878906,112.55276794433594,113.1884048461914,-49.49495543216317,0.3222178466755993,0.06288007078814664,True,50.0,76.92297534591592,70.38987579801818,-0.38664479243765437,0.47259521484375,458684.8938808952,95.20096098875602,1
2023-03-06,113.89493560791016,114.27301152519684,113.32782533757933,113.5641218844837,9341.212,0.33081564089094684,0.7561537568394243,0.6616365659123176,59.72767822638015,112.9024887084961,112.57167205810546,113.16477546691894,-9.876568618307317,0.8860690844576781,1.108278216374992,True,66.66666666666666,90.12343138169268,77.59994669736261,-0.28787869103493113,0.1890411376953125,460553.1077737783,206.0907463518157,1
2023-03-07,114.65107727050781,114.74559443864422,113.6113667874142,113.94218769268818,7468.595,0.3780658082044823,0.4725829134473827,0.2835414498348712,62.73713490993396,113.37507934570313,112.8126937866211,113.17895317077637,-2.1977712397218556,1.2873104255648051,1.6054691149815437,True,66.66666666666666,97.80222876027814,88.28287849596227,-0.1746143965683571,2.41021728515625,466776.9606823786,173.34539683941992,0
2023-03-08,113.70589447021484,113.98944598286204,113.23330140460497,113.89492881197964,6181.964,-0.04725888070854012,-0.7561484557821814,-0.3780653828092255,56.93531360214853,113.5546646118164,112.9355682373047,113.22857551574707,-24.175742181103942,0.24303865591797916,0.7678342308662184,False,66.66666666666666,75.82425781889606,87.91663932028898,-0.16637698812919433,1.2287445068359375,468322.4958994837,77.91260812579324,0
2023-03-09,113.61137390136719,114.17849136809198,113.61137390136719,114.13122917546553,3277.171,0.23630036348589556,0.18904538522994585,0.3780724967622149,56.36664282154839,113.73424987792968,113.05371704101563,113.28528671264648,-26.373592496252286,0.0416132691295731,0.5822652487127674,False,50.0,73.62640750374771,82.41763136097397,-0.1697337325858772,1.181488037109375,465045.3248994837,73.37361976699806,0
2023-03-10,111.81552124023438,112.42988645125278,111.53196251884293,112.33536928118825,13137.171,-1.7958598942772852,-1.7486049168391986,-2.079411382524256,46.699016271386725,113.53576049804687,113.11515350341797,113.16477546691894,-68.13186146723524,-1.4098206758077563,-0.9592921290497933,False,50.0,31.86813853276477,60.43960128513618,-0.2883696833679168,0.6143646240234375,460205.4255881069,-104.42885555115984,1
2023-03-13,112.28812408447266,112.57167561936971,110.96486195469095,111.4847100409348,18735.759,-0.8506592402534494,0.14178916811692943,-0.5671005641519855,49.200355306560915,113.21439819335937,113.05844345092774,113.06553115844727,-57.14260989149352,-0.9174243369887911,-0.5302753791081264,True,50.0,42.85739010850648,49.450645381672985,-0.3276165311020225,-0.5671005249023438,472328.6527946666,-90.60502515843002,0
2023-03-14,111.05937194824219,111.48470282867115,110.72855823999767,111.1066341399334,11046.532,-0.3780759010013952,-1.0869727906985673,-0.23630371469327827,43.420832312896636,112.49605712890624,112.9355682373047,112.9001235961914,-85.71430918168774,-1.591291116571415,-1.6084594516710478,False,33.33333333333333,8.235268289491145,27.6535989769208,-0.42287623829132515,-1.2287521362304688,470947.8494632342,-124.95712261722764,1
2023-03-15,111.15390014648438,112.19360356604392,111.01212076854473,111.91005202136334,12214.36,0.8034178814299366,0.7089007373727725,0.28356252854706554,43.97317098945304,111.98565826416015,112.77016143798828,112.75125732421876,-83.51628146317229,-0.9962061091405652,-1.4008676059752319,True,33.33333333333333,10.588450923843224,20.56036977394695,-0.46283756936961873,-1.6540679931640625,461664.96568344894,-88.42181133091002,0
2023-03-16,110.634033203125,110.96484688785283,110.11417797626876,110.77580534572444,15606.395,-1.1342466756389058,-1.2287566781910897,-0.8979427922759697,41.54020033338297,111.39019012451172,112.56222000122071,112.53386421203614,-88.77545927732004,-1.0078295570771587,-1.7418738475531,False,33.33333333333333,11.224540722679961,10.016086645338111,-0.5041984727559283,-2.0794143676757812,465133.12695946323,-114.00227298242888,1
2023-03-17,112.42988586425781,112.42988586425781,111.34292759739388,111.39018257658051,10849.803,0.6143772308560784,1.4650389764049834,1.228749621125118,51.62634224820239,111.5130630493164,112.52441177368163,112.5385898590088,-50.000007410231426,0.7766100275613215,-0.11896239846088374,True,50.0,49.99999258976857,23.937661412097253,-0.39533540852580484,-0.378082275390625,475982.92995946325,-23.117960597120543,0
2023-03-20,111.62648010253906,112.52441124947404,111.39018357090322,112.42988686786141,7107.479,1.0397042912808985,0.09452538521622955,0.04725597350933697,47.61691951715022,111.38073425292968,112.29756622314453,112.434619140625,-67.34687673725979,0.08474181393951509,-0.7528314522180297,False,50.0,37.209289256896895,32.811274189781805,-0.36299920427081417,-2.2684555053710938,471836.8892458059,-28.17361485071102,1
2023-03-21,112.1463394165039,112.24085659034036,111.72100131744268,112.00456005015016,3591.87,-0.4253268177112517,-0.28355465913368505,0.3308177465394664,50.33938292999514,111.59812774658204,112.04709243774414,112.42989311218261,-56.122247767093555,0.5721583972435519,-0.24172152089103754,True,50.0,50.00011673124279,45.73646619263608,-0.29504863618131505,-2.5047378540039062,474122.6518775163,-0.15442948522708821,1
2023-03-22,114.27301025390625,114.27301025390625,112.90248597038898,112.90248597038898,14242.127,0.8979259202388192,2.032153663565893,1.1814846529462955,59.68906593188988,112.22194976806641,112.10380401611329,112.51968612670899,-10.203880142870585,1.9894594266368515,1.6215497279910687,True,66.66666666666666,100.0,62.40313532937989,-0.10512232272232747,0.5671157836914062,488364.7788775163,166.81623245175555,1
2023-03-23,115.17093658447266,115.5962746995546,113.84767446732614,114.03671603331759,15532.979,1.1342300629286086,1.3232644456483484,0.9451884969371633,62.905831471433416,113.12933044433593,112.25976028442383,112.65673866271973,-7.7586758598269485,2.1802979738759274,2.380621806833459,True,66.66666666666666,92.24132414017305,80.74714695713861,0.07312376486397287,1.5595626831054688,496341.1215604233,206.97954776882045,1
2023-03-24,115.50174713134766,115.59627151734044,114.88738188958372,115.31271278175848,13457.394,1.275996748440889,-3.1822141579596064e-06,1.0397074222575782,64.05853988629337,113.7437026977539,112.62838287353516,112.87176818847657,-1.7242958849198247,1.7414829787936787,2.5382828657903054,True,83.33333333333334,98.27570411508017,96.83900941841773,0.19834629042704321,3.6862258911132812,506209.65812731796,144.72403636222595,0
2023-03-27,114.79285430908203,115.21819240061846,114.55655777307223,115.07641303677299,10644.595,-0.23629974498548734,-0.37807911672197747,-0.33082411651149357,59.720187937545845,114.3769775390625,112.8788558959961,112.96864967346191,-14.655348692772,0.7674719549349304,1.8199563384530757,False,66.66666666666666,85.344651307228,91.95389318749375,0.21696679144151,2.504730224609375,503168.2955489811,89.30256434903139,0
2023-03-28,113.8004150390625,114.50930465864403,113.61137348045521,114.32026310003675,9741.489,-0.7561499367362359,-0.7088877419744364,-0.9451842926170144,54.122163181365075,114.70779266357422,113.15296020507813,113.04426422119141,-32.75862778677323,-0.42042792641229493,0.7917974553137546,False,66.66666666666666,67.24137221322677,83.62057587851164,0.14920530817620592,2.7410430908203125,497528.56024335726,39.97173526046256,1
2023-03-29,113.98945617675781,114.41479430056275,113.56412526415141,114.03671837202454,3074.427,-0.28354472801221675,-0.09451035808127983,-0.047248216303799495,54.998718784384224,114.65108184814453,113.43651580810547,113.10333862304688,-29.310291370300707,-0.5224049409800565,0.8326126742151518,True,66.66666666666666,62.222257337509184,71.60276028598798,0.10591268997302394,2.8355560302734375,497528.5341811609,31.94798185429092,1
2023-03-30,114.55655670166016,115.02914976925975,114.13122582529971,114.74559825541876,11380.614,0.7088798833942178,0.6143554686969992,0.567100561148294,57.6469363192411,114.52820587158203,113.82876815795899,113.19549407958985,-18.965699628722724,-0.06871438064824796,1.073695118891076,True,66.66666666666666,75.28065926075615,68.24809627049737,0.10411162336545154,3.9225234985351562,496929.51601385965,53.04126367842573,1
2023-03-31,114.93463897705078,115.64352861779477,114.74560462399839,115.02915615357699,14951.64,0.28355789815823584,0.6143788485350257,0.6143787986986808,59.38524709847114,114.41478424072265,114.07924346923828,113.30182762145996,-12.820486286764925,0.295555183368383,1.1261680104728342,True,66.66666666666666,81.92773213636116,73.14354957820883,0.11611107780875907,2.5047531127929688,488273.2275447225,78.47242949868661,0
2023-04-06,114.36752319335938,114.36752319335938,113.61137139520507,114.2257438298057,7501.419,-0.8034123237712976,-1.2760054244353967,-1.1342332287933203,55.647884554357816,114.32971801757813,114.35334777832031,113.32545700073243,-29.67039765796389,-0.03442467507537632,0.35247662830652693,False,50.0,53.44817324739372,70.21885488150367,0.07554642764737773,2.7410430908203125,495774.6465447225,-14.815200200040037,0
2023-04-07,114.36752319335938,114.79285407282242,114.1784888494198,114.60381972888284,4413.859,0.378075899077146,0.42533087946304704,0.5671174542147241,55.64788455435781,114.4431396484375,114.57546615600586,113.311279296875,-30.000044914482828,0.027554145631092836,0.2104957571891534,False,50.0,38.635983143929906,58.0039628425616,0.040181899886303274,2.2211837768554688,494076.9925267874,-9.319410734825992,0
2023-04-10,114.36752319335938,114.98189562795999,114.27300602138958,114.60381972888284,3781.028,0.0,0.18904155513756393,0.09451717196978393,55.64788455435781,114.51875305175781,114.58491744995118,113.34436073303223,-32.53018594213129,-0.05506721743070529,0.010329913416649135,False,50.0,38.635983143929906,43.57337984508451,0.009838992407171343,0.094512939453125,491304.22327507846,-7.122740199227463,0
2023-04-11,114.22574615478516,114.50930488766413,113.8004152666648,114.36752552122464,5941.498,-0.2362942076582044,-0.4725907402958569,-0.4725907547247772,54.533965611152354,114.45259094238281,114.49039840698242,113.37507934570313,-51.724202990838144,-0.21330705673285247,-0.2647784428486446,False,33.33333333333333,31.817823582639942,36.36326329016658,-0.024836139853582462,-0.9451904296875,492492.47452304413,-59.85813377944698,0
2023-04-12,113.94219207763672,114.22574359295815,113.56411617934351,114.22574359295815,2892.17,-0.14178192826648228,-0.2835612947059758,-0.23629908732128513,52.25191285247173,114.2541015625,114.33444290161133,113.48141288757324,-81.81813808064,-0.3718996186009517,-0.4884078763000217,False,16.666666666666664,18.181861919359996,29.545222881976613,-0.06940017174547886,-1.5595550537109375,492905.6686850059,-91.08033496834526,0
2023-04-13,112.94975280761719,113.56412529023306,112.94975280761719,113.46960811087644,6550.004,-0.7561354820817172,-0.6616183027250884,-0.614363371726327,45.05340010635878,113.97054748535156,114.15013275146484,113.51449432373047,-100.0,-0.9531643755335889,-1.195432565262324,False,0.0,0.0,16.666561833999978,-0.16290747405035466,-1.8431015014648438,486355.6646850059,-186.02651030293598,1
2023-04-14,114.03671264648438,114.27300918855698,113.28056082737272,113.42234019485593,3090.804,-0.04726791602050184,0.7088838983239185,0.330808019755537,52.819473420854216,113.90438537597656,114.17376251220703,113.66336135864258,-59.64920930834512,0.04837416422034763,-0.137947901490846,True,16.666666666666664,40.35079069165488,19.510884203671623,-0.1491159704012357,0.236297607421875,487974.6615341478,-56.46940522072862,0
2023-04-17,113.7531509399414,113.89493030372091,113.23330288768057,113.7531509399414,5689.168,0.33081074508547204,-0.37807888483607144,-0.04725793969215886,50.77702743524909,113.78151092529296,114.15013198852539,113.79332389831544,-70.17576112723147,-0.11066877817182848,-0.3106263919186624,False,16.666666666666664,29.82423887276854,23.39167652147447,-0.15591824509437713,-0.23630523681640625,491225.5792442731,-83.77393673629713,0
2023-04-18,113.37508392333984,113.80042204800412,113.1860495642881,113.7531598526419,4834.638,8.912700494079218e-06,-0.09450825571678934,-0.047253323392467905,48.07325691424043,113.6113784790039,114.03198471069337,113.93037643432618,-84.21059710627453,-0.29784357609991513,-0.6110790801198702,False,16.666666666666664,20.93017830562263,30.368402623348683,-0.1809474534917233,-1.1814727783203125,489366.0507089725,-89.20810143682031,0
2023-04-19,112.52442169189453,113.46960790615253,112.28812513833003,113.42234571096023,7784.785,-0.330814141681671,-0.3308141418515902,-0.8979244259580668,42.516323643916586,113.32782440185547,113.79096298217773,113.935103225708,-92.95773056770523,-0.7985502721064708,-1.2511156113637831,False,16.666666666666664,8.771963107998875,19.84212676213001,-0.2458363850518121,-2.41021728515625,484695.1797089725,-156.51548408705335,0
2023-04-20,112.38264465332031,112.85523777027187,111.91005153636875,112.33538245714568,6407.963,-1.0869632538145453,-0.6143701358806624,-0.37807360196127604,41.64115507115274,113.21440277099609,113.59247512817383,113.97291145324706,-87.34174318887077,-0.6959863401586777,-1.2184917722022153,False,16.666666666666664,15.384671319915586,15.028937577845696,-0.28650732608981194,-1.9848785400390625,484695.1797089725,-149.7639764634425,0
2023-04-21,112.09908294677734,112.99701417205938,112.00456576811567,112.90248978219923,4806.238,0.5671073250535414,0.14177640178751005,0.09451423174691342,39.85133597910353,112.82687683105469,113.36563110351562,113.97054862976074,-93.84632146774514,-0.822299733414305,-1.262659364861192,False,16.666666666666664,7.2725273322965,10.47638725340365,-0.3182622200385201,-2.2684402465820312,480804.39898399333,-116.2512782180026,0
2023-04-24,111.67375183105469,112.00456556135909,111.24841371106461,111.34293810075029,6558.848,-1.5595516814489372,-0.9924486107002934,-0.7561520570510538,37.23267800762121,112.41099700927734,113.09625396728515,113.84058570861816,-88.6074680564204,-0.8531452483307542,-1.4424210418547296,False,0.0,14.062644844748371,12.23994783232015,-0.35108607290832233,-2.6937713623046875,481624.30189635104,-146.95892495095575,0
2023-04-25,110.20870971679688,111.81553058700104,110.16145473341344,111.81553058700104,18527.751,0.4725924862507469,-0.1890349743580515,-1.0869589776511788,29.859837388764376,111.77772216796875,112.69455032348633,113.59247436523438,-99.01969582415376,-1.637963874619365,-2.4369834821100533,False,0.0,1.1493215984120884,7.494831258485651,-0.44841097870888036,-4.017036437988281,464155.18259542156,-168.9926557504617,0
2023-04-26,109.73611450195312,110.2087075938747,109.31078360370302,110.16145261140153,12953.105,-1.654077975599506,-1.606822993126329,-0.8506711297104204,27.914611960765555,111.22006072998047,112.27394256591796,113.30419273376465,-91.81823301248426,-1.5267216337026481,-2.522303955025169,False,0.0,8.571373690634553,7.927780044598336,-0.5167043006011584,-4.206077575683594,463473.3964265947,-174.64331620971925,0
2023-04-27,109.64159393310547,110.25596637583232,109.16900085580761,109.68885612531449,9460.85,-0.47259648608704197,0.04725878195760913,-0.14178274789540524,27.52340175427352,110.6718505859375,111.9431266784668,113.04662971496582,-90.74074636074728,-1.1854945607341647,-2.274645806237819,False,0.0,10.000002803819436,6.573566030955358,-0.5379156250762402,-3.3081588745117188,462239.3615977913,-123.7906144752882,1
2023-04-28,110.96485900878906,111.10663837807286,110.44500372514788,110.44500372514788,5640.935,0.7561475998333975,0.8506720022405432,1.2760028693402745,40.301133144699,110.44500579833985,111.63594131469726,112.90485191345215,-64.81474880323954,0.22053122684090073,-0.8759896228557246,True,16.666666666666664,38.77553084585129,19.11563578010176,-0.4367991468741612,-3.0718536376953125,465462.7442433756,-49.4283429503424,1
2023-05-02,111.2484130859375,111.53197183100417,110.68130280700258,111.01211653544807,5164.549,0.5671128103001877,0.4253334529313122,0.23629908185469617,42.664113397596225,110.35993804931641,111.38546752929688,112.76779975891114,-59.25923128323394,0.6054554987776324,-0.49667267707960333,True,33.33333333333333,48.351597943902235,32.37571053119098,-0.3296670380727475,-2.5047378540039062,467184.23138980893,-20.613443951684335,0
2023-05-03,110.77581024169922,110.91758960176239,110.39774156312784,110.91758960176239,4178.432,-0.09452693368568532,-0.6143822292417838,-0.28356124387474324,39.79977935590538,110.47335815429688,111.12554016113282,112.57876243591309,-66.00014021366563,0.313830040558656,-0.6779755315987046,False,33.33333333333333,41.975020804392834,43.034049864715456,-0.27188528106247967,-2.599273681640625,469083.4765082598,-38.647934560275395,1
2023-05-04,111.05937194824219,111.05937194824219,110.3032201483707,110.58677887612201,3707.2,-0.33081072564037584,0.14178234647980048,-0.09452141475713915,42.33386671325366,110.73800964355469,110.97903518676758,112.38499908447265,-59.183779363024335,0.4416571329829268,-0.22291058716391116,True,50.0,49.382563127694375,46.56972729199648,-0.1991880470171612,-1.4650497436523438,472790.6765082598,-18.784008639266748,1
2023-05-05,111.34293365478516,111.57923019716695,110.96485774473463,111.24840926887387,2218.751,0.6616303927518601,0.5198582489247627,0.6616375963639314,44.865693421386574,111.07827758789062,110.87506408691407,112.23376960754395,-49.450559571510034,0.4548075266336167,0.18426741957645074,True,66.66666666666666,76.66666166077658,56.00808186428793,-0.12049900021145421,-1.0397109985351562,473302.69997635146,46.28613027968407,1
2023-05-08,112.05182647705078,112.38264020357872,111.86278491103597,112.00456428274748,6011.209,0.7561550138736095,0.8034100064117666,0.8979271663013435,50.76145502987296,111.29567108154296,110.8703384399414,112.11798477172852,-24.691337697176223,0.7293121483085702,0.8578557937798054,True,83.33333333333334,89.70594734728466,71.91839071191855,-0.01476113135897883,-0.0472564697265625,471663.3551443358,151.1626818055806,1
2023-05-09,112.38264465332031,112.47716183447089,111.81553435521819,112.09908589866991,4636.21,0.09452161592243158,0.09452163089217436,-0.047250555817782924,53.303591285080955,111.52251739501953,110.94122772216797,112.01874084472657,-16.049304638799754,0.8125556518306156,1.1556252542623366,True,83.33333333333334,97.14290865044995,87.83850588617041,0.07829326426894034,0.708892822265625,474974.94815316406,141.26357459535166,0
2023-05-10,111.34293365478516,112.28811982431237,111.20115428711644,112.28811982431237,4075.119,0.18903392564246246,-0.1890420101585164,-0.6143800681017524,45.28716843927329,111.63594207763671,111.0546501159668,111.87460021972656,-34.285761394357515,-0.13422696629014,0.27665573573332514,False,66.66666666666666,65.71423860564248,84.1876982011257,0.07087742309915146,1.1342239379882812,471962.9130785022,59.98394830467308,0
2023-05-11,111.10663604736328,111.957297822825,111.10663604736328,111.76826347521087,3684.964,-0.5198563491015022,-0.33082200148737684,-0.09451823975315676,43.65923907817287,111.64539489746093,111.19170227050782,111.73282241821289,-41.42863046711211,-0.3954256896860334,0.10645140468629523,False,66.66666666666666,36.95664442746947,66.60459722785397,0.05198795630110731,1.3705215454101562,468277.94907850225,25.700217848838417,0
2023-05-12,110.77581024169922,111.05936896182556,110.35047937270751,110.72855526247669,3813.349,-1.0397082127341832,-0.8979288609994427,-0.7561566746557702,41.38700532429207,111.53197021484375,111.30512390136718,111.62412528991699,-51.42892391709223,-0.6499110882729517,-0.23410062910389196,False,50.0,21.738857870483816,41.46991363453192,0.020746200458054254,1.13421630859375,469040.5878453887,-84.34940494752261,0
2023-05-15,110.77581024169922,110.91758960176239,110.25596220306467,110.53951371199321,4119.699,-0.1890415504834806,-0.14177936006316827,-0.09451716964284174,41.38700532429207,111.27676696777344,111.28621902465821,111.46108016967773,-51.42892391709223,-0.5656191140789228,-0.31188737053024973,False,33.33333333333333,23.40393142895662,27.36647790896997,0.00446525887174809,-0.18904876708984375,471394.6759017593,-89.57634541713453,1
2023-05-16,112.09908294677734,112.4771588726225,111.39019329001711,111.4374554849472,7901.469,0.8979417729539847,1.5595692708601092,1.1342310869524397,53.024840573906616,111.22005462646484,111.37128601074218,111.37837677001953,-17.02138260549724,0.6150613255218553,0.6933664171918452,True,33.33333333333333,82.97861739450276,42.70713556464773,0.08285293508694269,0.8506698608398438,473799.4571399421,83.02643678325467,1
2023-05-17,113.94219207763672,114.08396422969845,112.14633696914247,112.14633696914247,26029.906,0.708881484195274,1.606805357075956,0.7561436791253584,63.91232320806454,111.73990631103516,111.68792419433593,111.40673217773437,-3.7035547806750544,2.031317112355618,2.1213508215766517,True,33.33333333333333,96.29644521932495,67.55966468092811,0.24945376304971967,3.1663818359375,496020.25509660697,182.92573770400037,1
2023-05-18,115.4544906616211,115.69078720116137,114.93463539015323,115.12367694850431,21973.555,2.977339979361844,1.6068229714629183,2.788298421010765,70.11273392591573,112.60947723388672,112.12743606567383,111.5532356262207,-4.347822416048885,2.754996802044876,3.152709718897971,True,50.0,95.65217758395113,91.64241339925961,0.44093128300541296,4.395118713378906,504260.3906104449,229.17993888609723,1
2023-05-19,115.78530883789062,116.1161225637592,115.50175009503276,115.87982601511045,34124.626,0.7561490666061417,0.4253353625978349,0.5671147048795291,71.28989708452022,113.611376953125,112.57167358398438,111.72336883544922,-5.6451309436414965,2.339185801863625,3.0638736893448755,True,66.66666666666666,94.35486905635851,95.43449728654487,0.5615591725110798,4.442375183105469,501635.6658645268,156.50878914921205,0
2023-05-22,115.59626770019531,115.92708140665155,115.40722614565034,115.78530204354232,17984.026,-0.09452397156813674,-0.18904115710765268,-0.09452394938242037,69.58145793072133,114.57546844482422,112.92611770629883,111.89822807312012,-8.871000647877844,1.4516796564977066,2.5504841444798707,False,66.66666666666666,91.12899935212216,93.71201533081062,0.5970002590630982,3.5444412231445312,496731.1582884416,106.17055118188955,0
2023-05-23,115.50174713134766,115.9270852347206,115.1236784321693,115.59627151734044,12265.703,-0.18903052620187566,3.828069040423543e-06,-0.2835477134810418,68.68364995405032,115.25600128173828,113.23802795410157,112.08962783813476,-10.483935499996019,0.6727969376515494,2.1525572957054875,False,66.66666666666666,89.51606450000399,91.66664430282822,0.5818614250811411,3.1191024780273438,496009.4909201837,79.58745381837164,0
2023-05-24,114.93463897705078,115.12368054130151,114.46204588322146,114.98190117091305,10879.828,-0.6143703464273926,-0.8034046934190826,-0.6616325489478356,63.33479943450115,115.4544906616211,113.59719848632812,112.32592430114747,-20.161284230938634,-0.23246201945574,1.4354739672915369,False,50.0,79.83871576906137,86.82792654039584,0.5043280639586308,3.591705322265625,500672.17270880716,45.899010213148834,1
2023-05-25,116.30516052246094,116.6359742380701,115.73804305433306,116.25789832971756,11442.859,1.2759971588045147,1.5122936967685945,1.275997171111598,69.58033944369151,115.62462463378907,114.11705093383789,112.65437660217285,-5.185158175158295,0.6132477778093766,2.3497635244231065,True,50.0,94.81484182484171,88.05654069796903,0.5142569840213066,5.198524475097656,503683.5287795351,79.2682661790087,1
2023-05-26,119.04619598388672,119.14072037044625,118.14827200115722,118.14827200115722,23780.52,1.8903736714396615,2.504746132376141,2.410228946824162,77.82256634700524,116.27680206298828,114.94408950805663,113.12460670471191,-1.0638937467825822,2.453902700606072,4.173414738193797,True,50.0,98.78041344054894,91.14465701148401,0.6647759777681173,8.2703857421875,522934.1626219773,156.54390957546346,1
2023-05-29,119.80235290527344,120.558504762725,119.56605635121964,120.46398037214465,14498.868,2.315708370987423,1.4177843922787474,1.4177843500624192,79.49459741001174,117.1180191040039,115.84674377441407,113.56648139953613,-7.339468418332711,2.51398988001847,4.17452036566321,True,50.0,91.01121285254904,94.8688227059799,0.767338181333913,9.026542663574219,515339.49741249654,181.12429701046287,0
2023-05-30,119.80235290527344,120.0859116546174,119.51879415592947,119.80235290527344,12123.804,-0.6616274668712094,-0.4725931081075885,-0.04726219529017328,79.49459741001174,117.97814025878907,116.61707077026367,113.99417839050292,-7.339468418332711,1.9027236591928378,3.4975550076254325,False,50.0,87.59686774901803,92.462831347372,0.7844604305704941,7.703269958496094,515339.49741249654,121.66524003671285,0
2023-05-31,119.23523712158203,119.75508518981862,118.29005094893563,119.75508518981862,8865.297,-0.04726771545482222,-0.33082646479878974,-1.2287432069938404,74.48244896446272,118.83825988769532,117.1463752746582,114.41714973449707,-14.433057221954652,0.8863706675303888,2.384092867353025,False,50.0,78.2944875492915,85.63418938361951,0.7091530466517184,5.2930450439453125,517913.3270990555,71.81838984434148,0
2023-06-01,118.29005432128906,118.71538522662648,118.05375777139083,118.47908867672827,3879.343,-1.2759965130903481,-1.0396999631921346,-0.23629317754479473,66.82225012561503,119.23523864746093,117.429931640625,114.77868385314942,-26.96630044833968,-0.3847157287088023,1.1245064971026317,False,50.0,62.7906874093332,76.22734756921425,0.5541166398290647,2.8355636596679688,516804.95546524634,35.232303542492566,1
2023-06-02,119.80235290527344,120.03864945932723,118.90442888434845,118.90442888434845,7942.819,0.4253402076201809,1.323264232700751,0.8506711129576132,71.8716587136632,119.38647003173828,117.83163604736328,115.20165481567383,-12.403132250981965,0.39604137642663834,1.991554198923972,True,50.0,87.59686774901803,76.22734756921425,0.5128026676008086,4.0170440673828125,521438.2581320444,67.45759404787704,0
2023-06-05,119.42427062988281,119.84960873129467,119.32975345552401,119.80234653851618,6360.122,0.8979176541677276,-0.1890407280325661,0.4253245711755653,69.0073091874867,119.31085357666015,118.21443634033203,115.57027702331543,-18.604802480592607,0.026383924603729892,1.3841491736613325,False,33.33333333333333,81.39519751940739,77.26091755925287,0.42312498971922397,3.8280029296875,517390.8596458188,57.36603303436832,1
2023-06-06,119.75508117675781,120.27493643877197,119.23523312594163,119.42426746965697,6592.414,-0.3780790688592077,0.4253277074773081,-0.09452032958238021,70.14309066972598,119.30139923095703,118.63976974487305,115.9388988494873,-13.178528746717447,0.31008083356762817,1.3802695606991608,True,33.33333333333333,83.33305740052862,84.10837422298468,0.35211042652784696,4.253334045410156,517390.81392200326,60.82329448231497,1
2023-06-07,121.07835388183594,121.22012603806812,120.03864332814543,120.03864332814543,12076.543,0.614375858488458,0.9451895992961425,0.8034102022037928,74.2594386550824,119.6700225830078,119.25414123535157,116.42566986083985,-2.0978170276732344,1.2381486402894284,2.105615994325662,True,50.0,95.5225626240579,86.75027251466463,0.35905032828545935,6.143714904785156,526569.1045369934,123.32097473895206,0
2023-06-08,119.89686584472656,121.17286574925399,119.61331431660841,120.88931422113583,5140.735,0.8506708929904079,-0.04726028881412958,-0.4253290115370163,65.4679127073734,119.99138488769532,119.61331176757812,116.86518135070801,-19.580415784097486,0.1579145255232801,0.7979325391688796,False,50.0,58.208897958349155,79.0215059943119,0.2538204500111847,3.591705322265625,523297.706109533,82.02006048212833,1
2023-06-09,120.79478454589844,121.17285321093544,120.41670866966388,120.51122583592313,5551.953,-0.37808838521270616,-1.2538318543420246e-05,0.8033943530554666,68.55442745161011,120.18987121582032,119.7881706237793,117.36613006591797,-7.7587569073951705,0.5573345496018351,1.1375924984191674,True,66.66666666666666,86.56689758276212,80.09945272172307,0.21592542282159677,1.7485885620117188,523297.75905738585,127.34388773344865,1
2023-06-12,121.92901611328125,122.21257484918677,121.45642302757085,121.45642302757085,13721.287,0.945197191647722,1.0397216382513221,1.0397143579069734,72.00279449086494,120.6908203125,120.00083694458007,117.92379035949708,-6.81825458059806,1.202930509724872,1.688234230581024,True,66.66666666666666,93.18174541940193,79.31918032017107,0.23680989307868971,2.1266632080078125,526728.0153794406,167.64668379124623,1
2023-06-13,124.33924102783203,124.71730971921066,123.06323395523599,123.06323395523599,23438.202,1.606810927665137,2.5047348700238956,1.606810927665137,77.67747795438024,121.60765228271484,120.45452575683593,118.53579826354981,-5.673681158924946,2.506494977232636,3.318279276409539,True,83.33333333333334,94.32631884107505,91.35832061441302,0.37433259196155033,4.536888122558594,539451.7742427916,206.56663830350442,0
2023-06-14,124.29197692871094,124.38650131130329,123.81938386054094,124.19745254611858,6676.993,1.1342185908825968,-0.33080840790736943,0.7561499053049516,77.34212246769728,122.25037689208985,120.96019973754883,119.05328750610352,-6.382974032923738,1.832728259365871,2.958923400612716,False,66.66666666666666,92.6829260295716,93.39699676334953,0.42006831836122505,5.056739807128906,543902.9897074678,147.8223311130493,1
2023-06-15,124.67005157470703,124.76457596181855,124.29198287105409,124.33924506460984,11041.119,0.14179251849125762,0.37807465051525924,0.4725990105131501,78.16474992404764,123.20501403808593,121.59819946289062,119.51406555175781,-1.408537445498803,1.6439751039718942,2.9262552195150526,True,66.66666666666666,98.29049509286705,95.09991332117124,0.4320629106409064,6.379997253417969,550527.3915488985,119.08288049814897,0
2023-06-16,124.33924102783203,124.5755375655427,123.91391014443205,124.5755375655427,7202.216,0.23629250093286203,-0.18903839627584773,-0.3780727266220367,75.54663064217544,123.91390533447266,122.05188827514648,119.94176216125489,-6.338048832752101,0.7659924800263136,2.2939355115276205,False,66.66666666666666,92.3076765790909,94.42703256717652,0.37605628168648586,4.536888122558594,552585.1451208221,83.76851392156482,0
2023-06-19,124.05567932128906,124.29197585332962,123.39405191605466,123.77212059836125,5978.996,-0.8034169671814482,-0.28356171221308557,-0.5198582283773874,73.25229722682474,124.33923797607422,122.51502914428711,120.36473274230957,-12.096908680925592,0.09532623805224837,1.6588104216192148,False,50.0,86.23838800367187,92.27885322520994,0.2825219669752057,4.63140869140625,555417.2910119543,56.01426417679823,0
2023-06-20,123.3940658569336,124.05569333691767,123.20503149442348,123.91392117063444,6528.969,0.14180057227318343,-0.23628251641194709,-0.18902042163118438,67.99611015365178,124.15020294189453,122.8789276123047,120.75934867858886,-24.786130026021493,-0.6342668635528786,0.8692394449540518,False,33.33333333333333,73.39467106744006,83.98024521673428,0.14559894450209931,3.6389846801757812,551790.0614132293,32.09159658681123,0
2023-06-21,123.3940658569336,123.86665897440756,123.11050710196973,123.3940658569336,26565.515,-0.5198553137008446,-0.18903436251011385,-0.09452439245374933,67.99611015365178,123.97062072753906,123.11049880981446,121.18232002258301,-24.786130026021493,-0.5080575715056862,0.5971966617742683,False,16.666666666666664,68.47856632243776,76.03720846451655,0.03054922787478187,2.3157119750976562,545148.8093369933,19.3659662759157,0
2023-06-26,122.63790893554688,123.20502642212662,122.3070879979759,123.20502642212662,7393.403,-0.18903943480697194,-0.6616325522809348,-0.8034191039938321,61.95000584725241,123.56419219970704,123.38460311889648,121.4989574432373,-41.28439152861008,-0.8974598812808647,-0.21469338653746753,False,16.666666666666664,35.714367849946576,59.1958684132748,-0.11308542422077972,2.7410430908203125,543203.2019686669,-44.5727116046061,0
2023-06-27,121.8344955444336,122.44887522854437,121.64546118870601,122.07079209469231,6574.049,-1.1342343274343136,-0.7561511935822551,-0.6616268092698903,56.161747890533384,123.06324310302735,123.48857421875,121.63837242126465,-56.88083073996967,-1.169258362101297,-0.9191958424643425,False,0.0,6.060512981346611,36.75114905124365,-0.26986504721932825,1.0397109985351562,539722.7536667244,-129.52224663115103,1
2023-06-28,122.0235366821289,122.5906397138029,121.73997795509393,122.25983321759206,5695.853,0.18904112289975217,0.14176448525853402,0.09451676638792605,57.18851658569345,122.65681457519531,123.49802627563477,121.74943161010742,-63.04330595912154,-0.7050389035720076,-0.9082754498866313,True,16.666666666666664,12.121243395145065,17.965374742146086,-0.36271382991133283,0.09452056884765625,537824.2003796198,-124.35289887527333,0
2023-06-29,121.97628021240234,123.34679729789968,121.83449363103574,122.63790765825658,5696.517,0.3780744406645198,0.7561575840967834,0.09451567594180688,56.825558384065985,122.37325744628906,123.2617301940918,121.85812797546387,-84.28557581332879,-0.46278461767621515,-1.025785696536216,False,16.666666666666664,10.606183092333392,9.59597982294169,-0.4248779769148463,-2.3629608154296875,533195.8414338836,-76.21636902974349,1
2023-06-30,122.0235366821289,122.0235366821289,121.26738488416764,121.73997795509393,7029.188,-0.8979297031626459,-1.3232606157707778,-0.5671087468681009,57.12242852820164,122.09915161132812,123.03488616943359,121.9975429534912,-78.37831044481622,-0.23826516785259744,-0.9937685887426847,True,33.33333333333333,22.857221863380406,15.19488278361962,-0.4575508635718877,-2.2684402465820312,540225.0294338836,-98.62846171139205,1
2023-07-03,123.53583526611328,123.53583526611328,122.49613908431317,122.49613908431317,6622.825,0.7561611292192367,1.512298583984375,1.2287542001455307,65.42275250570802,122.2787368774414,122.92146453857421,122.25983200073242,-35.13507464769766,0.9786252171256613,0.28774295923696164,True,50.0,75.00023656336447,36.15454717302609,-0.37548801677894983,-1.13421630859375,546847.8544338836,22.788578199532576,1
2023-07-04,123.81938934326172,123.96116150103204,123.39405844755424,123.58309279871351,5679.67,1.0869537144003374,0.42532623491875654,0.8979193632410727,66.73972764654091,122.67571563720703,122.86947937011719,122.46068382263184,-27.027022475183742,1.0477591604859886,0.5500821098601932,True,66.66666666666666,91.52518461783194,63.127547681525606,-0.3033726958028109,-0.5198516845703125,549687.7616557243,81.95671131262098,0
2023-07-05,123.63035583496094,124.00842453985697,123.25227270766828,123.81939018740896,5000.942,0.2362973886954478,0.0472630388249371,-0.141785739885961,64.94087030688755,122.99707946777343,122.82694702148437,122.67098808288574,-28.571284992471764,0.6476449291771438,0.4672611799713864,False,66.66666666666666,86.20710561004422,84.2441755970802,-0.2707406834964021,-0.425323486328125,549687.8570407593,78.78727945724759,0
2023-07-06,120.88931274414062,122.590643525658,120.70027118317323,122.590643525658,16402.276,-1.2287466617509608,-1.4177810141989795,-2.5520015244950542,45.52904223375624,122.7796859741211,122.57647171020508,122.72769966125489,-94.736717566504,-1.4321505378239312,-1.5301716028292203,False,50.0,5.714413468331498,61.14890123206922,-0.42681288496611636,-2.5047531127929688,536566.1113244201,-117.1492378953173,0
2023-07-07,120.70026397705078,121.26738141489639,120.13315375040297,120.55849182878717,8020.402,-2.0321516968708266,-1.323262110761604,-0.5671174327702602,44.527603915640725,122.51503143310546,122.3070915222168,122.70879516601562,-85.54226887607506,-1.4153455583883439,-1.4597235875202552,False,50.0,14.634079976839866,35.5185330184052,-0.5291445604078304,-2.6938018798828125,536566.0603322719,-143.98942097954773,0
2023-07-10,120.46397399902344,121.45642235802352,120.03864310870806,121.07835366049792,7871.639,0.519861831710756,0.18904094312712516,-0.09451064169491019,43.23104737230926,121.9006591796875,122.08969802856446,122.73715057373047,-89.28578568638521,-1.3990095118275545,-1.456189614084351,False,33.33333333333333,10.714214313614793,10.354235919595386,-0.5942371159702713,-2.1739349365234375,533417.3727024909,-116.02131907503542,1
2023-07-11,122.11804962158203,122.11804962158203,120.98382910817217,120.98382910817217,4540.434,-0.09452455232575119,0.6616272635585148,0.9451859994641154,53.5579899790776,121.56039123535156,122.1180534362793,122.80331382751464,-47.6191183585601,0.1485675911628992,-0.016125467191139446,True,33.33333333333333,52.3808816414399,25.90972531063152,-0.5105835503313514,0.2835540771484375,537957.8067024909,-29.544995746256077,1
2023-07-12,122.3543472290039,122.3543472290039,121.78724417855541,122.2125750719909,3439.451,1.2287459638187244,0.236297607421875,0.8034150703832381,54.8383244895764,121.30518951416016,122.1511344909668,122.82458038330078,-41.66670985647572,0.5436890635258419,0.19672784601587884,True,33.33333333333333,58.33329014352428,40.47612869952632,-0.4273996133028197,0.330810546875,541397.2577024909,2.2579310392277723,1
2023-07-13,123.72486877441406,124.67005498177367,123.67762100196366,124.10295191079608,15666.309,1.8903768388051816,2.315707752769768,1.8903768234082463,61.54596087164928,121.87230072021484,122.32599334716797,122.79386177062989,-20.40816565800216,1.6567453305728592,1.1885199551344185,True,50.0,79.59183434199784,63.435335375654006,-0.2755130176818017,1.7485885620117188,527222.6312079839,107.03812841773866,1
2023-07-14,125.00088500976562,125.2371815787822,124.244733104433,124.244733104433,14732.246,0.14178119363691621,0.5671265970085244,0.5671121024693377,66.58653366909812,122.73242492675782,122.62372817993165,122.82930717468261,-4.545442346475579,2.1301365225614215,2.0250829917018494,True,66.66666666666666,95.45455765352442,77.7932273796822,-0.09393023117827326,2.9773483276367188,534939.5423595104,116.27555744502094,0
2023-07-17,124.76457214355469,124.953606489596,124.52827560540402,124.76457214355469,15278.402,0.5198390391216918,-0.28357508918620056,0.2835425009710235,64.86865476066271,123.59254455566406,122.74660186767578,122.834033203125,-9.09119818864726,1.375997932946903,1.6394473069747728,False,66.66666666666666,90.90880181135275,88.65173126895833,0.00044745855152816816,1.2287368774414062,536637.2577083965,92.65753832185368,0
2023-07-18,124.52483367919922,125.62766611632402,124.38097642673293,125.62766611632402,10837.561,0.8630939727693345,0.6740596267280239,-0.14729917867109066,63.06790463016404,124.0739013671875,122.81714630126953,122.84331283569335,-19.732114819030315,0.6278146451256397,1.272177364583751,False,66.66666666666666,80.26788518096969,88.8770815486156,0.034999615100350656,0.7054443359375,528300.8190998188,85.22728373637878,0
2023-07-19,123.46994018554688,125.14817238224363,123.46994018554688,124.81252008969489,14299.678,-0.8151460266291366,-0.47949373408039264,-0.9110362411860535,55.65208047556442,124.2970199584961,122.80110473632813,122.81402587890625,-38.60649576566227,-0.4059754991880493,0.41874983844308783,False,50.0,61.39350423433773,77.52339707555338,-0.021858055497952167,-0.1604156494140625,514001.1410998188,47.05161945361921,1
2023-07-20,124.04533386230469,124.38097150539929,123.70968158618733,123.75763400177877,3721.944,-1.0548860879161168,-0.7672008768443419,0.23974140064045457,58.55208541356034,124.36111297607422,123.11670684814453,122.84658927917481,-28.311428524505022,-0.168796661296294,0.871273622254002,True,50.0,71.68857147549498,71.11665363026746,-0.028938124306439272,3.1560211181640625,514001.22223211307,38.79967979873849,0
2023-07-21,121.98350524902344,122.17530760776016,121.31221528472457,122.17530760776016,12757.197,-1.582326394018608,-2.205663897639127,-2.3974663014627566,46.63186447515233,123.75763702392578,123.24503097534179,122.7760612487793,-65.2021088897794,-1.5983077881456036,-0.6945418221221608,False,33.33333333333333,21.526942894344057,51.53633953472559,-0.17268281743855907,1.2832412719726562,521088.43373887363,-72.11285510864126,1
2023-07-24,122.03145599365234,122.41505338935124,121.40811114020559,121.7917085359045,9725.181,-0.3835990718556559,0.23974578159108262,0.09589585548101809,46.90609636017796,123.21101379394531,123.40177917480469,122.74573860168456,-64.34416386855538,-1.1650480997502881,-0.7324220050534118,True,33.33333333333333,16.666641261700956,36.62738521051333,-0.2595161462585136,1.5674819946289062,523403.9462946989,-81.58800357262665,1
2023-07-25,123.56584167480469,123.90147932523965,122.46299462417335,122.46299462417335,6922.79,0.6712860882688432,1.4864259358884055,1.0548834839677568,54.98134930370042,123.0192153930664,123.54655838012695,122.83230590820312,-36.89060572321423,0.2398714501934241,0.32086197034298614,True,50.0,52.22227011783253,30.138618091292514,-0.2106742930440143,1.4477920532226562,527096.1854680794,-17.5932705414384,0
2023-07-26,123.23019409179688,123.90148405129531,123.08635146941279,123.80559384738048,4396.742,1.3425992232071309,4.726055664150408e-06,0.6233568452394422,53.055683409676824,122.97126617431641,123.63414306640625,122.89263877868652,-51.62696322714589,0.14287633191515137,-0.1385385775691442,False,50.0,44.44445973125444,37.77779037026264,-0.19821521969935774,0.8758468627929688,524251.18833335186,-22.806468683728284,1
2023-07-27,124.18917846679688,124.18917846679688,123.70968356924168,123.85352618529905,4006.903,0.047932337918567214,0.28769441550156216,0.623332099828886,57.67597202526136,123.00003509521484,123.68057403564453,123.00328369140625,-33.333426927123526,0.8239765190987963,0.49802819902010936,True,66.66666666666666,66.66657307287647,54.44443430732115,-0.1261411334936563,0.4643096923828125,528258.0913333519,25.3153081419256,0
2023-07-28,124.18917846679688,124.57276853163184,123.70968356924168,124.09327363407664,2680.637,0.23974744877759235,0.38359006483496216,0.0,57.67597202526135,123.44116973876953,123.59940338134766,123.11156578063965,-33.333426927123526,0.8043563974772353,0.37383175264922663,False,50.0,66.66657307287647,59.25920195900246,-0.08139239614825633,-0.81170654296875,528555.9600881924,43.045857986949216,0
2023-07-31,123.51788330078125,125.29200556671493,122.99043600922494,124.9563679324681,7248.552,0.8630942983914593,0.719237035083097,-0.7192475600167398,53.3054174867129,123.73845520019532,123.47473449707032,123.11066818237305,-48.88904770027971,0.05178284338557505,-0.15481190269024264,False,50.0,55.42171470788116,62.91828695121137,-0.09877144033631269,-1.2466888427734375,524629.687971208,34.07728901732093,1
2023-08-01,124.14122772216797,124.2371325561797,123.56584261716718,123.70968523516159,4447.765,-1.246682697306511,-1.054873010535232,0.5754066079422415,56.63424755712441,123.85353240966796,123.43637390136719,123.12676010131835,-34.44456795270982,0.2711055168849589,0.4072102600676208,True,50.0,71.08446015975893,64.39091598017218,-0.07133394211476107,-0.38360595703125,527806.5798677747,50.82107360177991,0
2023-08-02,122.60684204101562,124.14122422735674,122.22324466530249,124.09327181170083,12005.721,0.3835865765392441,-0.09590832882295786,-1.3425979518646898,47.53450465039637,123.72886199951172,123.35006408691406,123.0755844116211,-70.0001968088414,-0.8402299592318859,-0.6893919576209987,False,33.33333333333333,32.53002456309299,53.01206647691103,-0.15478333215628381,-0.86309814453125,520603.16558705125,-36.77452492487889,0
2023-08-04,122.03145599365234,122.27120345140018,121.69581101610771,122.03145599365234,6734.916,-2.061815818048487,-1.8700207759565615,-0.5274336491947764,44.60276677749579,123.29731750488281,123.14867630004883,123.13269157409668,-81.92767311929647,-1.1458495631943741,-0.9888130481346813,False,33.33333333333333,16.049479851773032,39.88798819154165,-0.24180602185170907,-2.0138778686523438,521725.63731386745,-99.8620870521856,1
2023-08-07,123.23019409179688,123.4219891326502,122.31915667297586,122.41505419340253,4601.873,0.38359819975018183,1.1507856812500137,0.6233456568681532,51.41338244964217,123.10552062988282,123.27334518432617,123.25918807983399,-51.8070382815979,-0.04537102223047687,2.579655488427518e-06,True,33.33333333333333,42.66685392285244,30.41545277923949,-0.21273493022692436,1.2466888427734375,524726.8747643889,-29.935714113578285,0
2023-08-08,121.79170227050781,122.9424870818923,121.21630986481556,122.84659688354022,10517.511,0.43154269013768953,-0.4795020507579011,-1.102846808160308,44.285910364727435,122.76028442382812,123.24936981201172,123.3255744934082,-85.88235119162336,-0.8909426009310495,-1.0164675988541891,False,33.33333333333333,14.117648808376648,24.277994194334045,-0.28023944671202394,-0.23975372314453125,521221.037764389,-137.05620033200768,1
2023-08-09,121.98350524902344,122.41505506879717,121.45606522464915,121.59991516457373,3664.399,-1.2466817189664852,-0.5274320130951224,0.23975535983359464,45.38717203825367,122.32873992919922,123.0911361694336,123.31884727478027,-81.1763330650434,-0.5278574933460217,-0.860583938599816,True,50.0,18.823666934956606,25.202723222061906,-0.3000566572366383,-1.58233642578125,521587.44411581417,-104.56107798102177,0
2023-08-10,121.21630859375,121.79170099340872,121.1204110798921,121.69580347955082,10895.898,0.09588831497708838,-0.6233540753884483,-0.3356541447570578,41.78330935067277,122.05063323974609,122.8897476196289,123.26194534301757,-97.70117843043408,-0.7589657799182944,-1.429687714071974,False,33.33333333333333,2.2988215695659235,11.746712437633066,-0.3494627637330839,-2.013885498046875,513804.62589970534,-117.18218384812393,0
2023-08-11,121.12041473388672,122.12734963453914,120.9765648005045,121.791704667655,7747.852,0.09590118810417891,0.3356486411304189,-0.14384627938758854,41.33576737359339,121.86842498779296,122.58287124633789,123.13172264099121,-96.66662245700259,-0.6359393681360443,-1.3441801429551277,False,33.33333333333333,3.333377542997406,8.151955349173319,-0.3711871948053251,-3.0687637329101562,507993.76152952615,-90.6393151290612,0
2023-08-14,119.39422607421875,120.54501086881152,119.01062870385073,120.49706577033507,22566.685,-1.2946388973199277,-1.582338765727627,-1.9659360966537776,34.15226180277065,121.10123138427734,122.10337600708007,122.85138969421386,-93.89310052966464,-1.697595371861351,-2.4963319472653995,False,33.33333333333333,7.3394640319089826,4.323887714824111,-0.477618052187309,-4.794952392578125,496710.47283274727,-172.11232993016642,1
2023-08-15,119.58602905273438,120.30527142630699,119.49013153289371,120.11347638662566,7411.088,-0.3835893837094062,-0.23973944250452917,0.47950282904298547,35.5107424450661,120.66009674072265,121.71019058227539,122.59246253967285,-90.83958244432935,-1.0448342713191556,-2.0327987892170873,True,33.33333333333333,11.215079151093262,7.295973575333224,-0.508071641407627,-3.931854248046875,491043.14676677535,-133.99083345367362,0
2023-08-16,118.96268463134766,119.29832958962265,118.53113484227008,119.0585821456389,18073.063,-1.0548942409867692,-1.0069418366843337,-0.9589966906236356,33.090404760847576,120.0559326171875,121.19233627319336,122.31435508728028,-93.61694955181954,-1.175064840484703,-2.1944808707048127,False,33.33333333333333,8.823607563333043,9.126050248778435,-0.5401705280851177,-5.1785430908203125,493302.40890990215,-142.8022321163327,1
2023-08-17,119.49012756347656,119.53807998005982,117.85984783080731,118.5311377639037,9633.859,-0.5274443817351937,0.23975039043716606,-0.6712870114627663,37.05083308659288,119.71069641113282,120.88066482543945,122.11536445617676,-74.43614637146293,-0.393045846784177,-1.4889984545120782,True,33.33333333333333,29.310289764287294,16.449658826237876,-0.4969462603024716,-3.1167144775390625,502385.728081097,-103.05331372360722,0
2023-08-18,118.77088165283203,119.68192632501841,118.62703172390667,119.10652660931699,7600.72,0.5753888454132863,0.1438463449585896,0.7671838930993573,34.052415195747585,119.24078979492188,120.55460739135742,121.85164184570313,-85.4962708089714,-0.6550835339274115,-1.7193532489086643,False,33.33333333333333,17.924424241406527,18.686107189675628,-0.4872049145023134,-3.2605743408203125,496857.94130234834,-78.96216936900102,0
2023-08-21,117.95574188232422,119.34627412425117,117.95574188232422,119.10652668140091,10059.231,7.208392105439998e-08,-0.33565220076724245,-0.6712898415824498,30.9552022150406,118.95309295654297,120.02716217041015,121.65025367736817,-98.27595081978346,-0.8996922740456712,-2.0798116368806183,False,33.33333333333333,2.1051523346108842,16.44662211343491,-0.5039699565317954,-5.274452209472656,486798.71030234837,-94.30519431161247,1
2023-08-22,118.91474151611328,119.25038650063864,118.6270416342276,118.91474151611328,3641.145,-0.19178516528762657,-0.09588762361252634,0.6712997519033763,38.172576366099015,118.81883544921875,119.73946609497071,121.49441795349121,-81.03439614242708,-0.026868785270492145,-1.0704022385478318,True,50.0,24.719232324248573,14.916269633422003,-0.4220997561900658,-2.8769607543945312,486518.64852570125,-58.594141033832386,1
2023-08-23,119.72987365722656,120.01757352044434,118.91473380012476,118.91473380012476,6784.07,-7.71598851656563e-06,0.7671870198057036,0.2876921658971696,43.63580876315259,118.97227325439454,119.51410293579102,121.3026195526123,-63.20758302844217,0.6381391933032508,-0.1499568171810396,True,50.0,43.82015315808318,23.54817927231422,-0.2909179045537722,-2.253631591796875,489763.1724337374,-4.4780496276405515,1
2023-08-24,121.79170227050781,121.88759978537128,121.07245993426466,121.21630986481556,6673.689,2.301576064690792,1.8700262649269348,2.1577261341398923,54.68485937024284,119.43258819580078,119.5716423034668,121.23069496154785,-13.684400417409678,1.9670808232548311,1.5695278008441844,True,66.66666666666666,97.61908091795965,55.38615546676382,-0.05548091754738449,0.5753936767578125,494866.60281074693,165.98906010811243,0
2023-08-25,119.44218444824219,120.35322184637101,119.39423203086209,120.35322184637101,7188.718,-0.8630880184445431,-1.5343779390002652,-1.678227903402572,43.969872730504775,119.56684875488281,119.40381927490235,120.99334526062012,-62.92124314859904,0.00669563480702095,-0.21364218097986273,False,50.0,39.28585065030836,60.241694908783735,-0.04843619892194473,-1.6782302856445312,488396.8004871995,29.982802120556695,1
2023-08-28,120.2093734741211,120.5450184506121,119.63398104063481,119.72987856013057,4314.749,-0.6233432862404413,0.19179660424109102,0.23974900977272284,47.625458416553776,120.01757507324218,119.48533401489257,120.79435501098632,-44.94376917991748,0.44741343269672923,0.49774697688729835,True,66.66666666666666,58.33342444664359,65.07945200497055,0.014098720532743192,0.8151473999023438,489532.2643978952,63.72565694426064,1
2023-08-29,120.88066101074219,120.88066101074219,119.58601899399827,120.83270859659939,6490.091,1.1028300364688164,0.33564256013008276,-0.0479620466365418,50.695981986904805,120.41075897216797,119.61479721069335,120.66249389648438,-25.00001951431241,0.5985600577226451,1.075841489424156,True,83.33333333333334,74.99998048568759,57.539751860879846,0.10198329619444158,1.2946319580078125,496022.3553978952,81.1166112418179,1
2023-08-30,121.40811157226562,121.83966138765459,120.92861665506354,121.55196151072862,5749.445,0.7192529141292283,0.9590003769123996,1.3425976610652697,53.05506218293956,120.74640655517578,119.85933990478516,120.52583808898926,-11.904611269875527,0.6892917175245052,1.3746188327680575,True,83.33333333333334,87.80504725936137,73.71281739723086,0.1917377103012381,2.4454269409179688,496324.92860427336,122.51281056043292,0
2023-08-31,120.5450210571289,121.36016828174793,120.35322601399025,121.36016828174793,4356.039,-0.19179322898068563,-0.4794931059066556,-0.5753906410732839,48.88007274738881,120.4970703125,119.96482925415039,120.42274703979493,-33.33320282350198,-0.13902518171816994,0.5868257747264609,False,66.66666666666666,65.85383395463202,76.21962056656032,0.18878093623970793,1.0548934936523438,493628.3028887691,58.28753258102958,1
2023-09-01,120.73681640625,121.12041378676578,119.96962164521841,120.3532190257342,3081.927,-1.0069492560137263,-0.23975449498215085,-0.38360436877184156,49.837007394633865,120.75599670410156,120.16142272949219,120.3580150604248,-28.57135672958439,0.165748579322,0.6227317573358097,True,66.66666666666666,64.70593911298204,72.78827344232515,0.1947596660417038,1.9659347534179688,494655.61188876914,37.71576426802009,1
2023-09-04,121.55195617675781,121.59990859297848,120.44911645228572,120.73681631658678,3422.663,0.38359729085257754,0.47949480621269913,0.4794948070673115,53.843017438365884,121.0245132446289,120.52104415893555,120.27410316467285,-8.536514210072387,0.548686352477779,1.1572217262576028,True,83.33333333333334,88.7097632291812,73.0898454322651,0.24536206971218838,3.5962142944335938,497793.0366516358,75.47164117610738,0
2023-09-05,121.2642593383789,121.40810927411894,120.88066926508769,121.36016417321336,3622.409,0.6233478566265802,-0.1917993188595375,0.4315528128019679,52.23682730043946,121.10123291015626,120.75599594116211,120.2477310180664,-15.853585311648835,0.16502646063594412,0.7435920022284292,False,66.66666666666666,75.00005982410428,76.13858738875585,0.2503413803020424,2.349517822265625,499439.5496522739,62.13407507980794,0
2023-09-06,120.83271026611328,121.50400017432051,120.68886033820851,121.4081026612211,7334.521,0.047938488007730484,0.09589090020156732,-0.19180892687917606,49.80557952469714,120.98615264892578,120.86627960205078,120.1901912689209,-32.35303498230759,-0.1848466696145565,0.18552464934155863,False,50.0,58.82313595588576,74.17765300305709,0.2167131041799475,1.1028366088867188,494693.7141031001,29.02411244760906,0
2023-09-07,119.72987365722656,120.3532184831908,119.58602372561766,120.16142345205324,5650.194,-1.2466792091678514,-1.1507816911297084,-1.102836612590849,44.085317174927305,120.82312316894532,120.66009674072265,120.11586952209473,-72.58067261870853,-0.8668050448208335,-0.7847443229542804,False,33.33333333333333,6.383207186429693,46.73546765547325,0.11731525512439217,-2.06182861328125,491162.35632416105,-104.95520505746028,0
2023-09-08,119.20243072509766,119.39422575150762,118.77088094090834,119.01062838217642,5527.633,-1.1507950698768212,-0.9589927316831819,-0.8151427847093231,41.59295804306114,120.51624603271485,120.6361213684082,120.01997032165528,-86.15371466836054,-1.1203179925714817,-1.185824109026293,False,33.33333333333333,14.06258256914002,26.42297523715183,0.01835780644645113,-0.23975372314453125,493288.428906259,-178.8808887028537,0
2023-09-11,118.72293853759766,119.39422846178222,118.33934115955873,119.34627604583557,8256.632,0.3356476636591452,2.710274600303819e-06,-0.43153978134961335,39.38475300119605,119.95044250488282,120.48747787475585,119.98640594482421,-89.04107758598985,-1.2431007423306148,-1.3742272269339708,False,16.666666666666664,10.958922414010145,10.468237389859958,-0.07211783148139383,-1.4864349365234375,491036.65141527896,-154.78340344948464,1
2023-09-12,119.92167663574219,119.92167663574219,118.77088449332857,119.01063194176747,2599.673,-0.33564410406809486,0.5274481739599679,0.431543333769838,47.05139903109098,119.68192596435547,120.39157943725586,120.00318832397461,-54.7945509818616,-0.019985350013319327,-0.4114661069026238,True,16.666666666666664,48.529451038645526,24.51698534059857,-0.0452692450032155,-0.958984375,493636.32441527897,-67.16795754972024,1
2023-09-13,120.06551361083984,120.44911097362272,119.58601873648902,120.06551361083984,3205.783,1.0548816690723726,0.5274343378805355,0.8151342431604576,47.91374484804678,119.52848663330079,120.25731964111328,120.05832977294922,-50.68529909275937,0.26694566262357416,-0.28208962181348496,True,33.33333333333333,52.94086034192735,37.476411264861014,-0.013509702348770358,-1.3425979614257812,493992.5164873427,-16.52238095669212,1
2023-09-14,121.7437515258789,121.7437515258789,120.40117166633918,120.73681663122412,7177.9,0.671303020384272,1.2946405522561832,0.8151529298501572,56.85722582362874,119.93126220703125,120.37719268798828,120.17101097106934,-2.740031069324617,1.5396910169503712,1.0513727144239247,True,50.0,100.0,67.15677046019097,0.11761571948090926,1.19873046875,501170.41648734274,86.63962558896397,1
2023-09-15,122.1273422241211,122.1273422241211,121.55194984201732,121.79169727760315,5733.382,1.0548806463790328,0.3835906982421875,1.1507781756781412,58.628507937269625,120.51624450683593,120.5162452697754,120.33883399963379,-0.0,1.521286889203747,1.3193606320084634,True,66.66666666666666,100.0,84.31362011397579,0.2212585071939543,1.3905258178710938,506903.7984873427,110.80261738001064,0
2023-09-18,120.83271026611328,121.4081026612211,120.68886033820851,121.4081026612211,7095.909,-0.38359461638205516,-0.7192395629000004,-0.8630895038088084,50.92979056424847,120.93819885253906,120.44432067871094,120.48268241882325,-34.177180416325555,0.2187307604460446,0.2253730386648279,False,66.66666666666666,65.82281958367444,88.60760652789149,0.19463804389461303,-0.7192459106445312,502646.28196067037,44.16802091663306,0
2023-09-19,120.3052749633789,120.88067473236363,120.20937744071878,120.6888723705314,4017.342,-0.7192302906896941,-0.5274279288574633,-0.4794828974897314,48.121389515814755,121.01491851806641,120.34842224121094,120.55220909118653,-48.101022932333684,-0.4365014800943666,-0.18233682971697562,False,66.66666666666666,51.898977067666316,72.5739322171136,0.13628366590866065,-0.958984375,499776.726940518,12.613413216680321,0
2023-09-20,119.63397216796875,120.06551463195012,119.39422472875438,119.92167202163047,5948.291,-0.7672003489009285,-0.8151601004135074,-0.8151527119644015,44.6990481041486,120.9286102294922,120.22854843139649,120.54741401672364,-65.82284465224687,-0.9527597832090016,-0.6075113886233535,False,50.0,34.17715534775313,50.63298399969798,0.051606212581450234,-1.1987380981445312,498077.2337495208,-40.322828651132276,0
2023-09-21,117.71599578857422,118.77088308590275,117.62009827363734,118.72293798669001,21170.71,-1.1987340349404576,-1.2946315460473699,-1.7741264551170417,36.58860801980148,120.12305908203125,120.02716064453125,120.34362869262695,-97.872369102041,-2.2236964114622904,-1.9601312277671386,False,33.33333333333333,2.1276308979589884,29.40125443779282,-0.12480851905108675,-2.0138778686523438,480434.9305494901,-137.37376357138686,0
2023-09-22,117.62010192871094,117.76395186384214,117.04470950469778,117.42829957636546,9559.383,-1.294638410324552,-1.006931222060615,-0.5753887689395611,36.23005674873156,119.22161102294922,119.86892776489258,120.2525245666504,-88.67924448260261,-1.7424351143051495,-1.8210883318632396,False,16.666666666666664,11.320755517397382,15.875180587703175,-0.23290893419471137,-1.5823287963867188,486170.521452261,-140.69803431618055,1
2023-09-25,118.48320007324219,118.67499511854616,117.71600525900234,117.71600525900234,3993.132,0.2877056826368829,0.9110432547040261,0.6712957543045661,41.82739832268584,118.751708984375,119.84495391845704,120.16621589660645,-71.69792412803687,-0.5166666568797929,-1.014812183270228,True,16.666666666666664,28.302075871963126,13.91682076243984,-0.2307929809280952,-0.23973846435546875,488566.4250244045,-84.74846709974803,0
2023-09-26,117.09265899658203,117.95575132322509,116.99676147506878,117.62010633967276,10076.754,-0.09589891932958494,-0.7192437953210771,-0.7192437839335639,36.23713980902801,118.10918579101562,119.56205215454102,119.97681579589843,-98.13086420029614,-1.1669460350124703,-2.0326247925443637,False,16.666666666666664,1.869135799703858,13.830655729688132,-0.3030024312506341,-2.8290176391601562,480504.99107259174,-104.05362951689831,1
2023-09-27,117.1406021118164,117.28445204091709,116.56520971192498,116.85290225361503,6527.53,-0.7672040860577312,-0.6712992823079986,-0.4315517631438013,36.55606742240967,117.61051177978516,119.26956100463867,119.76344032287598,-89.65518353563563,-0.6843310114571455,-1.8842673999891326,True,33.33333333333333,10.344816464364373,13.505342712010462,-0.3255209615168848,-2.9249114990234375,484421.48251200427,-92.67672537473881,1
2023-09-28,117.62010192871094,118.09959683480719,117.04470950469778,117.71599944662786,5539.327,0.8630971930128339,0.8151447938900986,0.4794997927727991,39.83920194839189,117.5913330078125,118.85719604492188,119.61719436645508,-81.03439257383943,0.006795040716565099,-1.324122695587519,True,50.0,21.78227410414432,11.33207545607086,-0.2874308585760659,-4.123649597167969,484925.0507084059,-57.084374811807216,1
2023-10-02,119.15448760986328,119.39423506984289,118.53114275061395,118.53114275061395,6461.262,0.8151433039860905,1.2946382350357055,1.4864332459161744,49.044256711523644,117.89821014404296,118.55991058349609,119.53807792663574,-53.44810839618114,1.1053103859237725,0.026838736023306307,True,66.66666666666666,59.99997417833575,30.70902158228149,-0.14537372014328298,-2.9728546142578125,487796.72879426175,25.05525383796837,0
2023-10-03,118.43523406982422,119.05857887033605,118.3872816557421,118.86677653051872,5068.454,0.33563377990476795,-0.3356561995068432,-0.14386109487185195,45.485321449689465,117.88861694335938,118.32016296386719,119.38224182128906,-66.37936342223367,0.379293675993772,-0.34630528592263493,False,66.66666666666666,53.42461301587997,45.068953766120025,-0.08908958204526696,-2.3974761962890625,483452.3791095498,20.605464693596527,0
2023-10-04,116.9008560180664,117.18854856307695,116.37340871077997,117.09265104807344,11225.027,-1.7741254824452852,-1.8700303072590998,-2.013872944962131,38.913689002999035,117.85025634765626,117.97972106933594,119.16407165527343,-89.52374637905798,-0.6992067662287381,-1.2755630065369121,False,50.0,17.460364966162896,43.62831738679288,-0.14133309526210258,-3.4044189453125,486753.96431893663,-104.72151640690005,1
2023-10-05,118.57909393310547,118.57909393310547,117.3803566457035,117.3803566457035,4105.49,0.2877055976300653,1.3905453700285193,1.0069479349235309,47.89590625929741,118.13795471191406,117.87423324584961,119.05139083862305,-51.063788741040064,0.5148391553258126,0.3008108139851699,True,66.66666666666666,73.01595524377359,47.96697774193882,-0.053517174044819926,-1.0548782348632812,490859.4543189366,38.27530969067993,1
2023-10-06,119.01063537597656,119.20243773016928,118.72294281945503,118.72294281945503,4884.995,1.3425861737515277,0.6233437970638107,1.3425861737515277,49.959931909478456,118.41606140136719,118.00369720458984,119.01542892456055,-28.57120782816635,0.6148232782980928,0.757780688261371,True,66.66666666666666,87.30149805812326,59.259272756019925,0.03804255169607751,1.2946395874023438,491836.36387200677,101.39541805039744,1
2023-10-11,121.07246398925781,121.21631392462659,120.68886660044497,120.73681901773844,13497.019,2.0138761982834126,2.0138761944573105,1.9659237809899395,58.523650421556916,118.79965667724609,118.34893341064453,119.10893058776855,-2.9703231638209244,1.8624358594164219,2.399459107777876,True,66.66666666666666,97.02967683617908,85.78237671269198,0.23110352136115853,3.452362060546875,497971.3384675399,200.9489148461397,1
2023-10-12,122.07940673828125,122.1273518392665,121.12041692043618,121.31221195740052,14297.014,0.5753929396620805,0.9110379146399055,0.4315503199912172,61.989347454800274,119.5284912109375,118.70855407714843,119.27675399780273,-0.8332564280637325,2.290079768065995,2.9345394532850486,True,66.66666666666666,99.16674357193625,94.49930615541287,0.40981584614025535,3.5962066650390625,510906.85081098054,167.86193675450562,0
2023-10-13,121.7437515258789,122.17530132345512,121.31220904481421,121.79170394222454,6362.821,0.47949198482402267,0.04794948418862077,0.19179212437802562,60.16131228493257,120.4970703125,119.17366333007813,119.36785774230957,-7.438086610452278,1.5396877863364598,2.3549521299372027,False,66.66666666666666,92.56191338954771,96.25277793255437,0.4835508043560883,4.651092529296875,510906.79687276995,122.06869453962881,0
2023-10-16,121.07246398925781,121.12041640655129,120.54501666507619,121.12041640655129,7742.041,-0.6712875356732582,-1.0548849169038306,-0.7671923797380202,56.524601687677546,120.99574432373046,119.56684951782226,119.41820526123047,-19.008234171518136,0.39761416737586114,1.6062510227359148,False,66.66666666666666,80.99176582848186,90.9068075966553,0.46510129367999564,3.9318618774414062,517358.4320766761,63.79384336854309,1
2023-10-17,121.36016082763672,121.7917033064487,121.21631089586225,121.50400344289974,6836.037,0.3835870363484588,0.6712868998974102,0.6712942307860601,57.71954194074315,121.4656494140625,119.94085540771485,119.39902572631836,-14.049561931525497,0.2508584578860114,1.5446344068928008,True,66.66666666666666,85.9504380684745,86.5013724288347,0.44997958016992,3.7400588989257812,513940.45703913923,70.16067932560607,0
2023-10-18,119.68193054199219,121.07246283207274,119.68193054199219,121.07246283207274,9566.032,-0.4315406108269997,-0.7192404743759511,-1.5343803538700627,49.126895072655536,121.18754272460937,119.99359970092773,119.27675514221191,-42.975128081753326,-1.2267495882440844,-0.0367102497109499,False,50.0,57.024871918246674,74.65569193840102,0.3112498998873292,0.5274429321289062,504374.4250391392,8.381194317682777,1
2023-10-19,119.72987365722656,120.065518619973,119.29833117891134,119.29833117891134,7826.245,-1.7741316531614046,-1.0069442120997394,-0.3835993630808474,49.36182879382587,120.71763610839844,120.12306365966796,119.22161331176758,-42.14879229040076,-1.0043641833625296,-0.14330311479039679,True,50.0,48.99987735885136,63.99172911519085,0.21176853210337188,1.2946395874023438,505352.6963344748,-18.79656653142381,1
2023-10-20,120.25732421875,120.30526931957485,118.8188394967949,119.63397937593379,4387.291,0.33564819702245074,0.23975069960184214,-0.4794916821164463,52.021035245325486,120.42035064697265,120.45871047973633,119.21921577453614,-33.057783601768044,-0.3179628018831127,0.21978225998354226,True,50.0,44.44443986675066,50.15639638128291,0.17222060559609645,3.3564682006835938,509456.9613804482,-37.929226410417314,0
2023-10-23,118.77088165283203,119.72987142365265,118.48318911149263,119.72987142365265,8037.32,0.09589204771886273,-0.5753978959221939,-0.33565038530225877,44.78986291758856,119.9600341796875,120.47788925170899,119.17606124877929,-58.67774358983472,-1.1440779648943087,-1.0420531498738619,False,50.0,7.792085527825224,33.745467584475755,0.04339648646615706,0.1917877197265625,505129.13014724024,-104.59798172727236,1
2023-10-24,118.86678314208984,118.86678314208984,117.6680458884725,118.72294052486501,7197.186,-1.006930898787644,-0.8630882815628098,-0.8151432230201294,45.324779477692154,119.46135864257812,120.46350402832032,119.23360061645508,-69.0001325086541,-0.760610343533341,-1.097150196059954,True,66.66666666666666,26.595724846509903,26.277416747028607,-0.03374845584963322,-0.14385223388671875,512326.3161472402,-131.59046219562074,1
2023-10-25,119.10652923583984,119.77782648012443,119.10652923583984,119.10652923583984,3980.09,0.38358871097483416,0.9110433380345881,1.4384833473673382,46.732272139550865,119.34627838134766,120.26691055297852,119.30792198181152,-68.08516029061292,-0.24764294271180307,-0.9338993916784042,True,66.66666666666666,31.914839709387092,22.100883361240747,-0.06520107980920817,-1.9659347534179688,508346.2261472402,-60.56709554904082,0
2023-10-26,116.75701141357422,117.38035626430016,116.61316147625104,116.85290893295242,21974.122,-2.253620302887427,-2.3974702158242707,-2.493367759588807,36.64659631496715,118.75170593261718,119.73467102050782,119.22161254882812,-97.41376626127997,-1.8145123002167534,-2.736166803039032,False,66.66666666666666,2.7778077698310586,20.42945744190936,-0.23145801298724816,-5.322395324707031,494612.45228743,-177.17674136016043,1
2023-10-27,117.28445434570312,117.7159968249742,117.09265199762928,117.1406044137756,4068.937,0.28769548082318863,0.3356405606740367,0.47949052137823855,39.82695004828947,118.15713195800781,119.28874130249024,119.23120231628418,-87.931032158612,-1.031760118524653,-2.0391803141212104,True,66.66666666666666,12.96297087990242,15.885206119706865,-0.28936375855493107,-4.459297180175781,493047.5279511389,-118.03530037808385,0
2023-10-30,116.99674987792969,117.81188970476057,116.75700243965524,117.38034724247103,9138.352,0.23974282869542662,0.09589287978637628,-0.33564955797403684,38.671745372984375,117.80230560302735,118.88116989135742,119.22400970458985,-93.10358221446968,-0.819730798779297,-1.932549345728225,False,50.0,8.601984281189438,8.114254310307649,-0.3276828481631728,-4.075714111328125,488062.9780767744,-100.31230369122255,0
2023-10-31,116.18161010742188,117.42829239714666,116.13365769313927,117.38034729937523,10780.877,5.6904198686424934e-08,-0.3835973076139112,-0.6233447465159685,35.490023503670116,117.26527099609375,118.36331481933594,119.15208511352539,-99.15249155698204,-1.1491146240590584,-2.2359734259579755,False,50.0,1.1494937347170526,7.571482965269646,-0.38462948461714885,-5.178550720214844,478080.734202603,-108.38923382279276,1
2023-11-01,116.75701141357422,117.14060880759878,116.27751650017144,116.9967588702756,4422.327,-0.38358842909963187,-0.287683589547882,0.14385880703217424,39.33367038113265,116.79536743164063,118.07082290649414,119.03221130371094,-88.98287919474114,-0.36145043874831,-1.4535733296239346,True,50.0,14.942755372641718,8.23141112951608,-0.36064853842277556,-2.9249191284179688,478572.09553849924,-79.99971112775829,1
2023-11-02,119.39422607421875,119.39422607421875,118.09959135117406,118.09959135117406,9808.212,1.1028324808984564,2.253617266619969,1.8220748510026112,53.25831601077294,117.32281036376953,118.03725814819336,119.08016090393066,-33.98062305848347,1.8474307363703364,0.9118516402940648,True,50.0,89.4735829120847,35.18861067314783,-0.1547987695958536,-0.3356475830078125,488380.30753849924,57.56667231350079,1
2023-11-03,120.3052749633789,120.4491249056251,119.58603256866,119.87373245315236,8698.568,1.7741411019783015,1.0548988314063479,1.4864412174859467,56.979622265403236,117.92697448730469,118.04205322265625,119.2503818511963,-3.333357320616279,2.10948016740823,1.6372460502118678,True,66.66666666666666,96.66664267938373,67.02766032137005,0.04444481965037117,0.04795074462890625,494179.3282923158,123.15120821428253,1
2023-11-06,121.36016082763672,121.98349833780702,121.16835847976694,121.36016082763672,15923.199,1.4864283744843618,1.5343734321819227,1.5823259111069348,60.91061504250691,118.79965667724609,118.30098114013671,119.38943519592286,-10.655632316044143,2.414353251224808,2.4108998664070787,True,66.66666666666666,89.34436768395585,91.82819775847476,0.23818114632272663,2.5892791748046875,485749.5843691931,156.2866787580623,0
2023-11-07,121.31221008300781,121.59990995052075,120.9286126984944,121.31221008300781,6543.113,-0.04795074462890625,-0.38358838728626665,-0.2397457812725321,60.63586608353383,119.82577667236328,118.54552383422852,119.50451393127442,-11.475325493030327,1.7562676828462995,2.2945527861815562,False,66.66666666666666,88.52467450696967,91.51189495676977,0.34738633016565595,2.4454269409179688,486684.2944223915,108.99062614154158,1
2023-11-08,121.98350524902344,122.22325271006045,121.31221528472457,121.45606522464915,11100.679,0.14385514164133895,0.6233427595396961,0.3836025862301682,63.17285105219528,120.87107543945312,118.83322143554688,119.5500659942627,-3.9370017278788714,1.4961111546126897,2.6289273617805673,True,83.33333333333334,96.06299827212113,91.3106801543489,0.4429931451456533,2.8769760131835938,491942.4920225616,105.4054823546558,1
2023-11-09,122.03145599365234,122.1753059316034,121.45606355835987,121.69581101610771,6226.873,0.23974579145856012,-0.04794677845704598,0.1438482736352995,63.356877424758444,121.39852142333984,119.36066589355468,119.54766845703125,-3.1495808157218996,0.7987345730799014,2.441972721712025,True,83.33333333333334,96.8504191842781,93.81269732112298,0.484274843029769,5.274444580078125,495678.5904853505,85.60672721472679,0
2023-11-10,121.55195617675781,121.64785369268768,121.21631121274757,121.50400376053715,4251.571,-0.19180725557056633,-0.5274522389157283,-0.23975234561230252,60.0816928574797,121.64785766601562,119.78741607666015,119.5380786895752,-11.023664651545847,0.10530224309433196,1.8651830527203273,False,66.66666666666666,88.97633534845416,93.96325093495113,0.45457813221102245,4.2675018310546875,498040.59039257636,59.82609575330533,1
2023-11-13,123.42198181152344,124.28508139370163,123.23018678204699,123.94942911735076,25387.556,2.4454253568136153,2.6372277010139555,2.0138755692994152,67.27826947203184,122.06022186279297,120.42993927001953,119.65555458068847,-10.588329276990583,1.212394463058331,2.9531320598440214,True,66.66666666666666,89.22144754798622,91.68273402690618,0.5308554304402806,6.42523193359375,481884.6808481735,117.27314618468243,1
2023-11-14,123.70968627929688,124.28508602217735,123.66173386188629,123.90148131591593,20094.457,-0.04794780143483024,4.628475721801806e-06,0.43154707983930507,68.2392878148888,122.53971710205079,121.18274688720703,119.77303085327148,-7.058882439421247,1.1235968369993334,2.734273156903584,True,66.66666666666666,90.69759536649721,89.63179275431253,0.5673666352740021,7.528076171875,464881.82391338586,120.88692542006184,1
2023-11-15,125.19612884521484,125.62767135456083,124.71663391638063,125.53176651558441,22791.049,1.630285199668478,1.3425853323834787,1.0549000544943397,72.75006140787669,123.18224182128907,122.02665863037109,120.04874076843262,-4.545416983119993,1.7999937467260265,3.3820645599970596,True,83.33333333333334,92.85719446927108,90.9254124612515,0.6522467670998963,8.439117431640625,466081.42987514276,157.47314035851994,1
2023-11-16,125.24406433105469,125.81944938804631,124.95636448604789,125.4358593500519,18329.336,-0.095907165532509,0.19177803348547684,0.23973056966725892,72.88553647477956,123.82476348876953,122.61164245605468,120.32445030212402,-6.030068160747336,1.3909517908459528,2.780688582510158,True,83.33333333333334,88.23544735769255,90.59674573115363,0.6697052849806708,5.8498382568359375,459971.8583828231,119.64876893118999,1
2023-11-17,125.62767028808594,126.10716521284962,125.19612778240338,125.24408020148452,27147.588,-0.19177914856737743,0.28771582480331404,0.2397632963554912,74.01340877632559,124.63990631103516,123.1438819885254,120.59296760559081,-5.988017507506972,1.2104083234576537,2.473847769212466,True,83.33333333333334,90.74075384126162,90.61113188940841,0.6638853485302819,5.322395324707031,458542.9461632888,105.05277313584597,0
2023-11-20,125.57969665527344,125.67560147723484,125.10020181150911,125.67560147723484,8660.375,0.4315212757503133,-0.43156373561478745,-0.09592597089427102,73.59575395523572,125.07144927978516,123.56583557128906,120.93340835571288,-8.088603412264028,0.6275483539282566,2.0058276005430855,False,83.33333333333334,89.2152054106465,89.39713553653355,0.6147244883947418,4.219535827636719,464316.38266829896,81.03599389524335,1
2023-11-21,127.11410522460938,127.2579478462751,126.05921055564887,126.05921055564887,28378.346,0.3836090784140396,1.5823463690402662,0.9590087441397657,77.9393745437984,125.75233306884766,124.14602508544922,121.34577445983886,-2.2726339861488123,1.3572981485720195,2.778501080390747,True,83.33333333333334,97.61914477167521,92.52503467452779,0.6405583244220789,5.8018951416015625,485884.20276058384,114.46048722691172,0
2023-11-22,125.96331787109375,126.39486036061432,125.77150820195281,125.86741303652329,6137.072,-0.1917975191255863,-0.8630874856607846,-0.2877023536960621,68.69371790998187,125.90577087402343,124.54400634765625,121.68861389160156,-20.45443865672522,0.13977594947714322,1.5331152760227835,False,66.66666666666666,78.57153526915346,88.46862848382507,0.5392202380605724,3.9798126220703125,483523.96776502044,69.26706531624562,0
2023-11-23,125.91535949707031,126.05920210909791,125.38791219793147,125.96331191208704,6234.316,0.09589887556374777,-0.3356582515164064,-0.3835960040213422,68.32523284070767,126.04002990722657,124.93239669799804,122.14653129577637,-22.22226245375653,0.006346347533589312,1.1816062253991226,False,50.0,66.66663370057469,80.95243791380113,0.4326365414816393,3.8839035034179688,487086.5311206608,49.72763015639062,0
2023-11-24,125.8194580078125,126.25100048837626,125.67561539196558,125.91536284039245,13309.402,-0.04794907169458895,0.19179837927835308,0.2877031940341084,67.53495294035304,126.07838745117188,125.35914688110351,122.57328147888184,-23.8096053390538,-0.1458771024012409,0.8455000997616674,False,33.33333333333333,59.99988196733856,68.41268364568892,0.3243066077368415,4.2675018310546875,480431.66088028,52.966632692338244,0
2023-11-27,125.00431823730469,126.4428028447166,124.76457080273603,125.81945073502483,9431.776,-0.09591210536761707,0.19180235634033238,-0.9110445892295473,60.99343957104799,125.96331176757812,125.51738052368164,122.97365989685059,-37.301641023296476,-0.7109309889059328,-0.00639432868359905,False,16.666666666666664,11.320298430662746,45.99560469952534,0.17392173330323235,1.58233642578125,473694.6780231372,-19.201865915242635,1
2023-11-28,125.8674087524414,126.39485605858,124.95637138712354,125.05226158540697,9568.971,-0.7671891496178631,-0.04794678613659187,0.1918005843875079,64.91845335096035,125.71397247314454,125.7331527709961,123.45794982910157,-34.523872485474236,-0.06345444607123356,0.39520469793552515,True,33.33333333333333,44.230693170256345,38.516957856085895,0.11176539376942918,2.1577224731445312,476246.36468689446,1.6261019436657513,0
2023-11-29,125.77151489257812,126.77845717704093,125.67562468592989,125.91537215208656,6617.577,0.8631105666795946,0.3836011184609305,0.7192532988063505,64.13623142698859,125.67561187744141,125.79069137573242,123.90867500305175,-41.3332732743266,0.0381408346196847,0.16229288366287695,False,16.666666666666664,40.384750170509676,31.978580590476266,0.04671245027655946,0.5753860473632812,470779.5713846097,54.30442916216795,1
2023-11-30,125.96331787109375,126.10716048992619,125.292013295147,125.91536545380852,10917.331,-6.698278042449601e-06,-0.6712966871147472,-0.38361139078288886,65.05498730425745,125.6852035522461,125.86261672973633,124.23712959289551,-50.9433313197599,0.19070012750594623,0.16523156600678182,True,33.33333333333333,48.07724814279317,44.2308971611864,0.0015078273214050864,0.7192535400390625,477843.9111904832,-18.90365113132981,1
2023-12-01,126.39485931396484,126.39485931396484,125.43586950829445,125.6276645428239,5299.64,-0.2877009109846256,0.28769882403865665,0.14385621314744412,67.12227844315393,125.80028381347657,125.93933563232422,124.5416088104248,-34.61524339235914,0.4700822296201936,0.4286148745685552,True,50.0,65.38475660764087,51.28225164031458,-0.013590439735241544,0.7671890258789062,483143.5511904832,40.310641346633666,0
2023-12-04,125.91535949707031,126.58664940823675,125.53175480995907,126.39485438119242,4399.034,0.7671898383685232,0.19179009427190863,0.09588530166462306,62.631093570159,125.98249206542968,125.9729019165039,124.76936874389648,-53.84618233667279,0.07621746321003964,0.003172063158049728,False,50.0,57.142682378566576,56.86822904300021,-0.06713669954244983,0.335662841796875,481943.87011904473,12.973755806551418,0
2023-12-05,125.00431823730469,125.24406567187333,124.5727611486634,125.24406567187333,4777.966,-1.1507887093190874,-1.342583736363423,-0.9589936612956649,55.00295727782901,125.80987396240235,125.76192321777344,124.95397415161133,-83.92822782024331,-0.6478686498299098,-0.6794098295234295,False,50.0,19.565573999728766,47.364337661978745,-0.16936138153014735,-2.1097869873046875,483309.06277594605,-223.35911745602345,1
2023-12-06,125.43586730957031,126.01125240307293,125.05226261421234,125.05226261421234,7137.049,-0.19180305766099082,0.767186731199601,0.47950146554893536,57.667271324733704,125.74274444580078,125.7091781616211,125.12659225463867,-67.85675418120509,-0.24785551421714677,-0.327036002433417,True,50.0,39.13078455972894,38.613013646008106,-0.2106709814335168,-0.5274505615234375,481881.78365921625,-56.2252978692381,0
2023-12-07,124.66867065429688,125.2920081543593,124.66867065429688,125.24407037206424,2738.659,0.19180775785190463,-0.7192442487136361,-0.3835919599154636,51.7272757272614,125.4838150024414,125.58450927734376,125.25845298767089,-95.65173512580422,-0.7128344129421941,-0.7759857953914329,False,50.0,4.34826487419579,21.014874477884508,-0.2876556605817946,-1.2466888427734375,479143.12465921626,-139.28127807809588,1
2023-12-08,125.67562103271484,126.20306836953216,125.53176377738814,125.77151123657568,13023.952,0.5274408645114335,0.9110602151728671,0.8630931230912608,57.931701551681016,125.3399673461914,125.57012557983398,125.46463623046876,-49.99946185410309,0.12734522715454233,0.044537814985698566,True,50.0,50.00053814589691,31.159862526607224,-0.2690875797710903,-0.14383697509765625,471701.1097117929,34.42119100657183,1
2023-12-11,125.8194580078125,125.9633152566824,125.29201069466882,125.67561539196558,3129.838,-0.09589584461009792,-0.23975311284975476,-0.23975308271931794,58.75772697375659,125.32078704833984,125.65163955688476,125.5845100402832,-43.47830149260668,0.3185902773347088,0.16541218275796615,True,50.0,56.521698507393324,36.95683384249535,-0.24607082564557015,0.8151397705078125,473489.5300913377,8.479775252657516,1
2023-12-12,126.10716247558594,126.63460980798206,125.96331985448859,126.49075255386121,5475.51,0.8151371618956347,0.6712945512996527,0.6713091598197707,60.452165438921064,125.54135589599609,125.67561492919921,125.70438385009766,-30.43459718920511,0.522362052074757,0.3752964185862278,True,66.66666666666666,74.41871739653199,60.313651349940756,-0.21173017308753628,0.23975372314453125,470360.58197907615,99.70257788339781,1
2023-12-13,126.15510559082031,126.39485303031901,126.01124834730763,126.20305800532454,2940.436,-0.28769454853667753,-0.2397567776630467,0.04792849281903955,60.745350955663056,125.6852035522461,125.71397399902344,125.75233268737793,-28.2609923670737,0.4070703844952863,0.336868725485809,True,83.33333333333334,76.74396639178163,69.22812743190232,-0.18691054762445414,0.3835906982421875,469625.55710369954,86.52584198474581,1
2023-12-14,127.68948364257812,127.97718350383334,127.06614613737746,127.20998875149368,32006.517,1.0069307461691466,1.5823304735143324,1.0548977900698304,68.81655880669344,126.28936614990235,125.88659057617187,125.87460365295411,-8.450768771927494,1.3253795793174974,1.4347315364550597,True,83.33333333333334,91.5492312280725,80.90397167212872,-0.07407279125875799,1.726165771484375,481417.16121602117,213.33263307113518,1
2023-12-15,128.21693420410156,128.69642910735774,128.1689817871713,128.1689817871713,18378.835,0.9589930356776222,0.7192456035243993,1.102835649793846,71.04885166290757,126.7976287841797,126.06879806518555,126.00406684875489,-11.627873729387323,1.2686981682724632,1.6891125548239443,True,100.0,88.37212627061268,85.55510796348894,0.023926949532016684,1.8220748901367188,466380.1179926896,192.2969729793232,1
2023-12-18,128.4087371826172,128.4087371826172,127.1620620634459,128.16898971615748,6651.997,7.92898617874016e-06,-0.2876919247405567,-1.006919723725403,71.84830626732773,127.31548461914062,126.31813583374023,126.14551887512206,-6.976602568933493,1.0566074169306243,1.6768993919970527,True,100.0,92.85726966765033,90.92620905544517,0.08601442229990375,2.493377685546875,473032.1149926896,112.18100569096335,0
2023-12-19,127.9292221069336,128.31282677268413,127.30588464549393,128.31282677268413,5606.247,0.14383705652664958,-0.09591040993305455,0.14382258204803122,66.81624889984118,127.67989654541016,126.61062622070312,126.18627471923828,-18.604965484831805,0.40139447553807345,1.194753818283225,False,83.33333333333334,80.95201066883452,87.39380220236585,0.07930005912514249,2.9249038696289062,474366.85035666137,77.35905772507809,1
2023-12-20,128.264892578125,128.36079741643968,127.92924027704747,128.0730975345195,6615.835,-0.2397292381646423,0.047970643755547826,0.6233556315535367,68.50096133649271,128.1018539428711,126.89352874755859,126.30135345458984,-10.464870924510123,0.38152029203259674,1.303380123390096,True,83.33333333333334,87.3242217341933,87.04450069022606,0.08165651241116367,2.8290252685546875,478042.21454491577,78.11208572266281,0
2023-12-21,127.16204833984375,127.25793853626452,126.6346010439508,126.7784436550932,5354.951,-1.294653879426292,-1.1028588801751624,-1.2946392330966745,57.95511009164619,127.99636688232422,127.14286651611329,126.36368789672852,-38.09515355489978,-0.6121145735973668,0.2899297198421103,False,66.66666666666666,54.92972421383165,74.40198553895317,-0.002413911286311965,2.493377685546875,481749.62369304476,-5.309928191946429,1
2023-12-22,127.4976806640625,127.64153790223291,127.16204304104198,127.16204304104198,6204.194,0.3835993859487843,0.3835993659683936,0.5274419970911879,59.99961119860383,127.8525161743164,127.32507247924805,126.44759902954101,-29.762173111057916,-0.32488568650105754,0.4185594872837818,True,66.66666666666666,56.139753943724514,66.13123329724984,-0.044442201112873114,1.8220596313476562,484231.0740886746,15.512988800847074,1
2023-12-25,128.02513122558594,128.31283107629284,127.49768393812701,127.54563635208187,8080.412,0.38359331103988836,0.671293174059926,0.3356408970850282,63.07762327261846,127.77579498291016,127.54563980102539,126.59863967895508,-19.718430592131376,0.11248391480017986,0.6123375756713091,True,66.66666666666666,74.99989975500652,62.02312597085424,-0.04557341897095801,2.2056732177734375,486607.6487881324,51.17368433884078,1
2023-12-26,128.744384765625,128.88822738701404,128.0251423926327,128.0251423926327,16816.964,0.4795060405508167,0.575396310721203,0.5274584545056769,66.87003823270788,127.93882751464844,127.80936203002929,126.74248847961425,-3.99983187039922,0.6309017114320262,0.9746522304940405,True,66.66666666666666,93.61728168328372,74.9189784606716,-0.008667555075281275,2.6372222900390625,497819.1482016486,106.98356967225159,1
2023-12-27,130.182861328125,130.3267039404719,128.84028150281196,128.8882192849125,29950.035,0.8630768922798211,1.4384765534578605,0.815139110179274,72.93517693566679,128.32242126464843,128.21213760375977,126.9630558013916,-3.2965837870879455,1.4573976210997606,1.8124992364433052,True,83.33333333333334,96.10404649116259,88.24040930981762,0.09606343656208427,4.0277557373046875,521972.5924544539,219.4909906449094,0
2023-12-28,130.182861328125,130.42260877071823,129.8951614704086,130.182861328125,14848.296,1.294642043212491,0.0959048302463259,1.0548799675966336,72.93517693566679,128.92658386230468,128.46147537231445,127.17403297424316,-5.434773393733923,1.2052683299672449,1.542776745425348,False,66.66666666666666,93.67088295783863,94.46407037742831,0.1457965709567084,2.493377685546875,523322.5124431349,172.67242170895665,0
2023-12-29,129.89517211914062,130.42261946269008,129.79928191405588,130.1349195813882,13111.608,-0.04794174673679663,1.0691971851883864e-05,-0.09587955635271328,69.88986417298283,129.4060821533203,128.62929916381836,127.34904861450195,-13.924096592038154,0.6252763892958537,1.0726664686215923,False,66.66666666666666,86.07590340796185,91.9502776189877,0.13975906773228242,1.6782379150390625,514244.9138907146,112.86599557064632,0
2024-01-02,129.36770629882812,130.37464842305766,129.1279588708221,130.0390108036623,5922.076,-0.09590877772589579,-0.04797103963241511,-0.6713230432337696,64.50302218648035,129.67459716796876,128.72519607543944,127.52166595458985,-27.848680952640326,-0.024714031145032265,0.5528186474848881,False,50.0,72.15131904735968,83.96603513772006,0.08346158284180993,0.9589691162109375,510600.5540822238,64.58785971242067,0
2024-01-03,127.11410522460938,128.40873271867156,126.87435776648414,128.21693767877608,13547.475,-1.8220731248862307,-1.9659157043861057,-2.2536011043379744,47.455020358512925,129.34854125976562,128.64368438720703,127.62715530395508,-87.34155625309322,-1.6508926923881992,-1.1281970920603182,False,33.33333333333333,12.65844374690678,56.96188873407612,-0.11173482284162661,-0.8151168823242188,501286.68924463534,-75.12439719820573,0
2024-01-04,127.0661392211914,127.30588665368421,126.87434420180155,127.11409163429437,4567.593,-1.1028460444817085,-1.1028460649873466,-1.3564682589617405e-05,47.165576975573266,128.7251968383789,128.52380905151367,127.70866889953614,-88.60781206591297,-1.4747841484290587,-1.0794204564927719,False,16.666666666666664,5.405302725635494,30.071688506633993,-0.24274471931041752,-1.1987533569335938,500779.14449332154,-84.9005141781615,0
2024-01-05,126.7304916381836,127.49768637707047,126.68255385633398,127.1140963241383,3999.671,4.689843933647353e-06,0.19179972338625362,-0.19179034546756668,45.06721349673548,128.03472290039062,128.48065338134765,127.81175994873047,-97.4685816267833,-1.2946637451486134,-1.2639366299084258,False,0.0,1.2817363890126265,6.4484942871849755,-0.3444619020616031,-0.43155670166015625,497249.9132095409,-90.87473236385978,1
2024-01-08,127.30589294433594,128.12104010829972,127.30589294433594,127.54564038867555,9394.72,0.43154406453724903,0.6233537312292583,0.6233390880019556,49.286643647034914,127.5168670654297,128.461474609375,127.89327354431153,-82.27854708772615,-0.47482046685506324,-0.7538460458709823,True,16.666666666666664,16.666528173800344,7.784522429482831,-0.36356068646711615,-0.1917877197265625,487855.1932095409,-56.51326319130639,1
2024-01-09,127.54564666748047,128.45668407421493,127.3058992113386,128.36079387157224,5701.015,0.8151534828966902,0.3356439659152102,6.267002660820253e-06,50.9975378387506,127.15245513916015,128.41352615356445,127.97958297729492,-76.92305691965153,0.01880700190035376,-0.5917101707692572,True,33.33333333333333,23.07694308034848,13.67506921438716,-0.3504662858045141,-0.47948455810546875,484529.6071672357,-43.28122147928376,0
2024-01-10,126.87435150146484,127.20998914645236,126.58665163931637,126.97024170016577,6781.47,-1.390552171406469,-1.2466949277625758,-0.7192475720222262,46.233310169599186,127.10450439453125,128.22652282714844,128.01794242858887,-92.49994068262436,-0.18233037057069065,-1.0748637291513656,False,33.33333333333333,7.5000593173756505,15.747843523841501,-0.37522247871955794,-1.8700332641601562,484008.07808793616,-76.95586084630213,1
2024-01-11,127.40180206298828,127.7853921336323,126.92230715817166,127.01819735932105,5626.078,0.047955659155277885,0.5754029871799418,0.3356555188552903,50.219511691390466,127.17163696289063,127.94841690063477,128.08027725219728,-78.7498107073539,0.1948408636943308,-0.6233566814514441,True,50.0,21.2501892926461,17.27573056345675,-0.345048570089279,-2.7810592651367188,484633.24025964946,-43.63669311268208,0
2024-01-12,127.2099838256836,127.59358850351093,126.53869393076354,126.7784413670223,6484.397,-0.239755992298754,-0.19180363012137036,-0.38361322740811943,48.78459928506761,127.26753540039063,127.65112915039063,128.05630226135253,-82.71620067372734,0.025126760864174605,-0.6739126264838325,False,50.0,17.499944179957694,15.416730929993157,-0.3271429230444738,-2.9728775024414062,486401.63039725524,-55.208129752821456,0
2024-01-15,127.2099838256836,127.2099838256836,127.2099838256836,127.2099838256836,0.0,0.4315424586612977,-0.38360467782733565,0.6712898949200508,48.78459928506761,127.24835357666015,127.38261032104492,128.00595474243164,-82.71620067372734,-0.037686956335275364,-0.48140757776439597,False,50.0,34.999653007187824,24.583262159930552,-0.3048784116132628,-2.6851882934570312,486401.63039725524,-40.471180155522845,0
2024-01-16,126.2509994506836,126.87435159128371,125.723566774898,126.6346041448274,21976.296,-0.5753796808561873,-0.3356322343998812,-1.4864170507855903,41.69620047111304,126.98942413330079,127.07093963623046,127.89806785583497,-88.77576586540866,-0.6540089091361173,-0.9778138871319595,False,33.33333333333333,19.297842647200248,23.93247994478193,-0.34155425378897053,-3.1167068481445312,484569.8765185882,-194.41334942949496,0
2024-01-17,125.07337951660156,127.57583151423103,124.92618262378576,127.57583151423103,36343.304,0.9412273694036202,0.7014799229473141,-0.7973841511122401,34.90252984217689,126.62922973632813,126.86686706542969,127.75527572631836,-97.29837906231384,-1.260521667663962,-1.5913136613156427,False,16.666666666666664,4.169291384879783,19.488929013089294,-0.4264244988646851,-2.0407257080078125,452264.55765899754,-187.8311500325915,1
2024-01-18,125.90753936767578,126.15287751337497,125.51499683713187,125.51499683713187,7092.093,-2.0608346770991517,-1.422954000856052,0.5888142133461116,42.182059483907686,126.33037719726562,126.75100708007812,127.6374080657959,-72.2034742750007,-0.475388223530679,-0.7097267246997399,True,33.33333333333333,27.796525724999302,17.08788658569312,-0.4076940298150885,-1.158599853515625,453901.20731183735,-128.77290753853802,1
2024-01-19,130.4217529296875,130.61803542665035,128.6553302510388,129.24413281917097,26037.458,3.7291359820390966,4.465157913275377,3.14033341390693,65.1736350438038,126.97273101806641,127.12013320922851,127.80039329528809,-3.4484816062718027,2.6843703308262388,2.627090211127045,True,33.33333333333333,96.5515183937282,42.83911183453577,-0.08922887465179069,3.6912612915039062,474730.85587177414,231.46745142240388,1
2024-01-22,131.3049774169922,131.84472432762865,130.86337175347214,131.3049774169922,12942.433,2.060844597821216,1.2266889009783029,2.208041502433332,67.89829191747799,127.79172973632812,127.52004165649414,127.99075813293457,-7.801454898171175,2.827214672537754,3.0356925638731598,True,50.0,92.19854510182883,72.18219640685213,0.1688918358285979,3.99908447265625,473436.53357743216,199.02960545484575,1
2024-01-23,131.55032348632812,131.74659101813398,131.01057654317236,131.4031116067841,6902.435,0.09813418979192079,-0.09813330949467058,0.14720478970022555,68.64174258528249,128.85159454345703,127.9205093383789,128.1670177459717,-4.255244152637034,2.439033084471759,2.9038855464770603,True,66.66666666666666,95.74475584736297,94.83160644764001,0.3345658541886181,4.004676818847656,476657.72608292545,131.54183385923957,0
2024-01-24,131.50123596191406,131.8937709750851,131.45216534170495,131.64843284829047,14170.358,0.24532124150636037,0.1471799569511063,0.44158879853259236,68.29651685546052,130.13716583251954,128.38319778442383,128.30486030578612,-5.633728535323516,1.7077731007333365,2.5849377182561466,False,66.66666666666666,94.36627146467649,94.10319080462277,0.41405856375189964,4.626884460449219,465636.5500819084,100.28259860278804,1
2024-01-25,133.12046813964844,133.16953876226484,132.38445372315738,132.53166559100657,26069.508,0.8832327427161033,1.2757677871797455,0.9322883814524232,73.15503903045847,131.57975158691406,128.95506439208984,128.4517406463623,-0.5952748103086523,1.9030864624314934,3.4731111208696612,True,83.33333333333334,99.40472518969135,96.50525083391028,0.5408919020498661,5.718666076660156,488447.18311896804,105.71068250021209,0
2024-01-26,133.12046813964844,133.4148769010952,132.77700372983693,133.12046813964844,15825.062,0.5888025486418655,0.2453381388303626,0.3925500066795564,73.15503903045847,132.11949462890624,129.54611282348634,128.59862098693847,-3.468245549067835,0.9738805973028292,3.056159689044838,False,66.66666666666666,96.53175445093217,96.76758370176668,0.5861801993052851,5.910484313964844,489664.2098129908,91.23760088713406,1
2024-01-29,133.9546356201172,134.10183252670186,133.0714242321033,133.12047988479623,26636.234,1.1745147787678434e-05,0.6869556256066573,0.2944205022663766,75.46062809661528,132.64942626953126,130.2205780029297,128.8015941619873,-1.604212324381378,1.1548273366640243,3.265388603296419,True,66.66666666666666,98.39578767561862,98.11075577208072,0.6298821538375898,6.744651794433594,508690.31243416114,90.7083016227743,0
2024-01-30,133.61114501953125,134.10182129940355,133.5130187481078,133.80742751088155,9561.024,0.6869476260853276,-1.1227298301719202e-05,0.44159451600449984,72.6574577632295,133.06159057617188,130.95659255981445,129.01376609802247,-5.347713920674558,0.6034440367391216,2.5787675906927854,False,50.0,94.28558406251304,96.40437539635462,0.5937078744634317,7.360145568847656,502316.0532810369,83.09027183893396,0
2024-01-31,131.8447265625,132.7770085289012,131.8447265625,132.7279379045112,6784.892,-1.0794896063703447,-1.3248127705023478,-1.668292185607811,60.127024626120246,133.13028869628906,131.63372726440429,129.250297164917,-24.59886752528047,-0.7632565536388802,0.923354036490814,False,33.33333333333333,58.55861523665519,83.74666232492896,0.41720392271636086,6.7713470458984375,495531.1612810369,24.9126105709659,0
2024-02-01,131.8447265625,131.99192346141783,131.1087121194066,131.8447265625,8395.975,-0.883211342011208,-0.7850850674833794,-0.7360144430934099,60.127024626120246,132.87514038085936,132.22744598388672,129.4892265319824,-24.59886752528047,-0.8059989389781234,0.564519921366084,False,33.33333333333333,30.30312477891024,61.049108026026175,0.2737744868936203,5.937187194824219,501128.5728464295,-34.855870328534245,1
2024-02-02,132.58074951171875,132.67887579254216,132.13912883812745,132.4826082566422,8904.238,0.6378816941422087,0.6869523311243313,1.0304167187208577,63.268271934517244,132.76719665527344,132.44334564208984,129.78173942565917,-17.71412741518616,-0.18469696093026544,0.6456532095432398,True,33.33333333333333,50.79401307793398,46.55191769783315,0.20494160262494887,2.15899658203125,506795.22052244545,4.802960384126212,1
2024-02-05,133.4148712158203,133.66020934419595,132.4825893228431,132.58073056389375,17212.735,0.09812230725154336,0.9813335516537904,0.3434604847156493,66.52834475810619,132.65924377441405,132.65433502197266,130.0871883392334,-12.612889449273442,0.4061924530387633,0.8001393578417939,True,50.0,77.04865767487397,52.71526517723941,0.19226605522155182,2.109893798828125,516835.9643664621,53.83974709129289,1
2024-02-15,139.69554138183594,140.03900578953824,138.7632444806045,139.54832951489078,41725.562,6.967598950997029,6.378796445342289,6.280655157761402,80.64147464387072,133.876123046875,133.46885681152344,130.69468307495117,-3.743222608402483,4.3813012509599,4.932736376866355,True,50.0,96.153940504207,74.66553708567166,0.5626010972349149,8.145217895507812,536094.556506162,301.3252654468795,0
2024-02-16,138.6651153564453,139.6955385068488,138.566974113835,139.6955385068488,17653.469,0.14720899195802417,-0.3434672826894314,-0.19627036676951093,74.98289120594754,135.24020080566407,134.18524475097655,131.2842212677002,-15.217380516615814,2.96331762440521,3.6810536370529285,False,50.0,84.61539470210198,85.93933096039433,0.6857268211096741,7.16387939453125,521511.41897287813,158.11417132542073,0
2024-02-19,138.46885681152344,138.6160537107189,137.9781805152023,138.37071556255833,8998.748,-1.3248229442904744,-1.0794847961299183,-0.5887935986326909,73.90537061312051,136.56502685546874,134.72008361816407,131.83757400512695,-17.582277089793095,1.981573248905354,3.08990228206683,False,50.0,82.4177229102069,87.72901937217198,0.6991237894169833,5.348388671875,526357.0286640376,95.7503137960031,1
2024-02-20,139.00857543945312,139.35205480366952,137.7818848161814,137.92909667552448,13318.332,-0.44161888703385443,0.7360010929506302,-0.19629569902090793,74.98384860554229,137.85059204101563,135.30889434814452,132.42750358581543,-11.538594229342088,1.4866441684574068,3.0119264840528714,True,66.66666666666666,88.46140577065792,85.1648411276556,0.6884175075780004,5.8881072998046875,533848.5110308956,79.4022725285112,0
2024-02-21,138.56698608398438,138.86139486299672,138.41978918160447,138.76325361190843,10354.985,0.8341569363839483,-0.49065994067279917,0.6379043654230827,72.31615924912708,138.88101501464843,135.77012939453124,132.99535369873047,-16.483441193845554,0.4326991915211622,2.3404719170247903,False,50.0,83.51655880615445,84.7985624956731,0.5989711907517101,4.6123504638671875,530396.6152818535,62.01812778854654,1
2024-02-22,140.13714599609375,140.38248413160014,139.2048640760198,140.284342887697,12370.608,1.5210892757885688,1.5210892686034185,0.7850748944153167,75.67326622936768,138.9693359375,136.4227294921875,133.68966102600098,-2.64550535837851,0.7525868372697646,3.0550856685334726,True,50.0,97.35449464162149,89.77748640614463,0.5918810311150295,6.5260009765625,537612.7901734521,74.29435076459235,1
2024-02-23,141.06942749023438,141.4129068686068,140.62782184250653,140.77501873366535,19158.185,0.49067584596835445,1.0304227370066599,1.4229577664867463,77.44490523745259,139.4501983642578,137.34519958496094,134.4894634246826,-3.3333936977373413,1.2561616738220411,3.290316894730584,True,50.0,96.29623032550988,92.38909459109529,0.5947248661553828,9.224700927734375,540007.3349159611,87.7471769224878,1
2024-02-26,141.2657012939453,141.3147719179339,140.33341933517048,141.02036314825446,9794.806,0.2453444145891126,-0.09813495067288613,-0.2944025073360592,77.81595823327953,140.0095672607422,138.28729705810548,135.2573715209961,-1.4285985294766488,1.0825681495633566,2.9531824072507686,True,66.66666666666666,98.3516199294468,97.33411496552606,0.5553202684482992,9.420974731445312,548822.6005332094,87.23367984451167,0
2024-02-27,140.67689514160156,141.5110358311288,139.98993637178285,141.26569769169402,5980.672,0.2453345434395544,0.19626391319488334,-0.34348296338762907,73.84052361655228,140.34323120117188,139.09691162109374,135.7701286315918,-8.018791883848532,0.3968765613164214,1.9770603073484554,False,66.66666666666666,77.63188762847686,90.75991262781118,0.4401331697810753,8.096145629882812,548243.9093893144,80.54913205403956,0
2024-02-29,140.62782287597656,141.26569604135435,140.0390053585113,140.33341411724393,6847.612,-0.9322835744500821,-0.24533978977444804,0.049068986728457276,73.49913385079691,140.75539855957032,139.81820678710938,136.23627090454102,-9.42404737703637,0.16892841994458538,1.4034670740450528,False,50.0,76.31597777585073,84.09982844459147,0.3169267689227677,7.21295166015625,547970.0717805253,65.71066439419766,0
2024-03-01,140.13714599609375,141.2656954297225,140.13714599609375,140.87316040261288,8661.757,0.539746285368949,-6.116318331805815e-07,0.09814063758244629,69.97040596055905,140.75539855957032,139.86236724853515,136.6656120300293,-15.217344797625826,-0.3663006312230596,0.5928973368766912,False,50.0,63.15810677743709,72.36865739392157,0.16624819290559412,0.4416046142578125,539308.3147805253,47.09132435406951,1
2024-03-04,144.20974731445312,144.455085440192,142.14891604279717,142.29611292854017,24392.898,1.4229525259272862,3.189390010469481,2.0117700467034183,79.06924097109673,141.38346252441406,140.41683044433594,137.30103759765626,-3.676468602729043,2.036794086205481,2.852135547081156,True,50.0,96.32353139727095,78.59920531685293,0.2970882503643755,5.5446319580078125,558511.2142631399,194.68580626530695,1
2024-03-05,145.3873748779297,145.7799248840605,144.60230481417133,144.9948398460505,16370.927,2.698726917510328,1.3248394438685125,2.453388771374165,80.89524766975504,142.20779724121093,141.10868225097656,137.9143829345703,-4.90807751398166,2.3488738312938264,3.3424362521368773,True,50.0,94.66653847156884,84.7160588820923,0.4120922952812922,6.91851806640625,563967.9123729648,205.65713620095553,1
2024-03-06,146.0743408203125,146.2706083458928,143.6700149656335,144.2588325166268,16533.192,-0.7360073294236997,0.4906834618323046,-0.9322898485378346,81.90011561947276,143.28728637695312,141.8152587890625,138.56207656860352,-2.312097041367335,2.255561462634117,3.377037975381357,True,50.0,97.22226678345609,96.07077888409863,0.4788898121799505,7.065765380859375,578005.5749230969,133.00229117918744,1
2024-03-07,149.45999145507812,150.14693522268465,147.93889205764515,148.184230187094,29615.317,3.9253976704671913,3.876326876791836,4.26887709201165,85.89021329274391,145.05372009277343,142.90455932617186,139.33734436035155,-5.555527434366394,3.5643437897088766,5.0918589888639225,True,66.66666666666666,93.23674465567622,95.04184997023373,0.6831030407158836,10.89300537109375,589193.6639042302,172.24538683652062,1
2024-03-08,151.5699005126953,153.53260564066613,150.14694228976683,152.69846494582958,28959.251,4.514234758735597,3.385670417981487,2.2080502321216784,87.7292448168757,147.34027099609375,144.04783477783204,140.23528213500975,-12.987024181015453,3.715724396604741,5.796727657563928,True,83.33333333333334,85.50725053530999,91.98875399148078,0.8797688031391133,11.432754516601562,584576.9420156106,164.33752272625034,0
2024-03-11,150.04879760742188,151.32455890623723,149.70533320244368,150.98109450125904,13014.41,-1.7173704445705482,-2.2080467344289048,-0.44160908732314397,79.57252942742383,148.5080810546875,144.94577178955078,141.14548568725587,-24.315123339749118,1.527220831833833,4.040141132824687,False,83.33333333333334,74.2753222125203,84.33977246783552,0.8276665439536588,8.9793701171875,577083.6728625227,103.97036962702352,1
2024-03-12,151.6189727783203,151.71711402548277,149.26373258894037,149.36185886185092,14671.14,-1.6192356394081173,0.392555119245543,-0.4416006135033115,81.50859030631155,149.75440063476563,145.9810989379883,142.1341979980469,-14.130396485002672,1.7395622078085105,4.435997323647198,True,83.33333333333334,85.81821884203444,81.86693052995491,0.8177643203413969,10.353271484375,590581.050026097,89.11448270974533,1
2024-03-13,152.35499572753906,153.23820710437442,152.06058694384302,152.6494045112351,12824.151,3.2875456493841853,1.5210930788916528,2.796854354902649,82.36336555954472,151.01053161621093,147.14890899658204,143.1229103088379,-8.695552477478286,1.4429681365356992,4.267532228910183,True,83.33333333333334,91.20888760540427,83.76747621998635,0.779733856041605,11.6781005859375,584169.0560600605,93.9319556090886,0
2024-03-14,152.20779418945312,152.89473801433076,151.4227091149134,152.01151169012897,8318.618,-0.637892821106135,-0.3434690900436692,-0.6378778289296179,81.54099514140633,151.56009216308593,148.3069061279297,144.06255645751952,-9.782498744593878,0.6598229704854439,3.5207818040300896,False,66.66666666666666,88.36219628246879,88.46310090996917,0.6679242806061572,11.579971313476562,584723.6644419372,74.66559267763246,0
2024-03-15,150.14694213867188,151.8643091239181,150.14694213867188,151.42270346541943,8600.954,-0.5888082247095383,-1.0304288904126508,-1.2757669762415276,70.75169506579014,151.27550048828124,149.3078857421875,144.58512649536132,-25.09088331652872,-0.7782113918803241,1.5739536342637832,False,50.0,65.67166159936922,81.74758182908077,0.3920855907243199,10.009796142578125,576122.7104419372,38.4536480782743,1
2024-03-18,151.5208282470703,151.61896949210566,150.1469406620852,150.1469406620852,17937.768,-1.2757628033342314,-0.2453396318124419,-1.4765866751531576e-06,73.31918545844859,151.56990661621094,150.03899383544922,145.22791213989257,-15.018352837268706,0.13510750625734402,1.8777618473049171,True,50.0,79.60193766645229,77.87859851609677,0.24619987237717744,7.3110809326171875,591668.6300640072,38.82790718638788,0
2024-03-19,151.1773681640625,151.66804445477726,150.14694495871115,150.53948000158212,8569.789,0.39253933949692055,0.04907496267159672,4.2966259456989064e-06,71.6049700603683,151.48158569335936,150.6179931640625,145.86333770751952,-20.689579212038037,-0.2159113507041315,1.0219177317458137,False,50.0,57.894921832382316,67.72284036606796,0.07925556818901391,5.7899932861328125,594709.5338206643,24.831558497613003,0
2024-03-20,150.34320068359375,152.4040469325939,150.14693317755822,151.32455318802224,10080.404,0.7850731864401155,0.7360024778166405,-1.178115292077564e-05,67.42807044654937,151.0792266845703,151.0448791503906,146.43006896972656,-32.338409472335016,-0.6270358544368301,0.12253111306870146,False,33.33333333333333,25.286957039328822,54.26127217938782,-0.12363279253943205,4.26885986328125,586382.2144833194,-10.221799449677928,1
2024-03-21,154.4648895263672,154.75929829411987,152.64939624468758,152.64939624468758,19960.806,1.324843056665344,2.3552513615259727,2.502463067129355,75.21969511687158,151.53064575195313,151.54536895751954,147.2249641418457,-2.6548944510814514,1.8605384538962977,2.3517909534431043,True,33.33333333333333,94.64279414446435,59.27489100539183,-0.021861491520843046,5.0048980712890625,600772.4905154551,188.93950288308105,0
2024-03-22,154.26861572265625,155.29903888069597,153.58167194204688,154.5630244784178,6777.499,1.9136282337302077,0.5397405865761016,0.9322756973593016,74.2964263183528,152.35498046875,151.81524047851562,147.93153762817383,-14.000035363596286,1.5012086766367017,1.7612908819603064,False,33.33333333333333,82.92674624571563,67.61883247650293,-0.009982898315461064,2.6987152099609375,599416.9670774145,147.05824792405264,1
2024-03-25,154.56301879882812,155.05369504898314,154.02327192880745,154.26861005388497,8583.113,-0.2944144245328175,-0.24534383171283025,0.4415999867605649,74.80251011788528,152.96341857910156,152.26666259765625,148.60621719360353,-12.195239914721036,1.2048166288507096,1.6702925297250804,True,50.0,85.71418902722442,87.7612431391348,-0.023733403132454534,4.51422119140625,599825.7105023633,118.36796829878404,1
2024-03-26,154.66116333007812,156.23131837943993,153.48352832524287,155.3481071000646,6531.943,1.0794970461796254,1.1776233304567825,-0.539743603564574,74.98165312408145,153.6601776123047,152.57088165283204,149.27599029541017,-22.5351376584805,0.9232109293947435,1.562752486344409,True,50.0,74.19369423099307,80.94487650131104,-0.06529757450226814,3.0421905517578125,598892.6266398284,100.54467563637766,1
2024-03-27,154.71022033691406,154.9065028222797,153.97420593954672,154.4648822044583,4386.987,-0.883224895606304,-1.3248155571602354,0.4906776143038485,75.07826806686933,154.53358154296876,152.80640411376953,149.97765655517577,-21.83106298597589,0.5688136984783247,1.3364697823151523,True,66.66666666666666,74.99997136842292,78.30261820888013,-0.12509977543241035,2.355224609375,601432.37221368,70.28836064781038,0
2024-03-28,153.9741973876953,154.36674736237276,152.9928449123773,154.36674736237276,3160.348,-0.09813484208552836,-0.5397554599069281,-0.9813610271694131,70.61491732217358,154.43544311523436,152.98304443359376,150.6449752807617,-37.09694433952932,-0.3018339832569713,0.7248791671884646,False,66.66666666666666,62.90305566047067,70.69890708662889,-0.24301513078262982,1.7664031982421875,602786.777546679,32.863448023373074,1
2024-03-29,154.85743713378906,155.00463402825088,153.9742108442631,153.9742108442631,5143.0,-0.39253651810966517,0.6378866658781135,0.9813659318857901,72.73670046722708,154.55320739746094,153.45409393310547,151.3809898376465,-22.580444861149935,0.2276042310398486,1.1646589531336204,True,66.66666666666666,77.41955513885006,71.77419405591456,-0.2872819247492373,4.7104949951171875,606460.4130370659,59.01511348460813,0
2024-04-01,154.4648895263672,155.7897214941283,154.31769262961683,155.24997458229035,5336.174,1.2757637380272513,0.7850874658774103,0.3434817853537311,70.27641244373353,154.53358154296876,153.74850006103514,151.89374694824218,-29.03216667686392,-0.04762452835014403,0.7843776519173689,False,66.66666666666666,70.96783332313608,70.43014804081895,-0.363829683574977,2.944061279296875,602191.4304111707,67.3384849309282,1
2024-04-02,156.6729278564453,156.6729278564453,155.44623717490643,155.49530779701828,7341.022,0.24533321472793546,0.8832063623170257,1.1285445452896,75.38533305688975,154.9359344482422,154.29805603027344,152.45802459716796,-0.0,1.1510019960338147,1.8636167013547686,True,66.66666666666666,100.0,82.7957961539954,-0.28980520524903586,5.4955596923828125,609532.4524111707,162.01821182190793,0
2024-04-03,155.59344482421875,155.9369092211899,154.85743043524351,155.69157109153147,4637.563,0.19626329451318725,-0.7360186352554194,-0.588806739662914,69.05507650210907,155.11257934570312,154.82308044433594,152.9339797973633,-16.541279687507384,0.3533964187048139,0.939043206044778,False,50.0,70.66688309385522,80.54490547233046,-0.33442685962755636,5.250244140625,611218.8915911426,99.12836282238125,1
2024-04-08,156.47665405273438,156.8692040395993,155.59344278722727,155.69156905325536,5657.296,-2.0382761078963085e-06,0.9322948184094173,0.73601235198376,71.21268180474466,155.61307067871093,155.02425689697264,153.2848129272461,-5.839544328413825,0.7317686818589673,1.2220253576875053,True,50.0,89.87322964716489,86.84670424700671,-0.3250578092370584,2.0117645263671875,613394.7031576533,142.56311451405935,1
2024-04-09,160.205810546875,160.3039517957164,156.9182733759672,157.0164146248086,8145.423,1.324845571553226,3.4347477561170763,1.3248305887399283,78.21053376393073,156.68274536132813,155.61797637939452,153.71660842895508,-1.2821286381310018,2.4474480537566987,3.0862806584602147,True,66.66666666666666,98.65764171680986,86.39925148594334,-0.09997699383407621,5.93719482421875,621067.9005730271,226.5472882754831,0
2024-04-10,159.96046447753906,160.25487323523146,159.42071758414494,159.71512634183733,5300.93,2.6987117170287434,-0.04907856048492931,2.502444208177735,76.8693939481937,157.7818603515625,156.15772094726563,154.21219177246093,-4.698157524684539,1.7372317085276048,2.625988959261043,False,50.0,95.30184247531547,94.61090461309675,-0.004906932070639414,5.3974456787109375,622626.9864366682,168.49655448860025,0
2024-04-11,159.46978759765625,159.46978759765625,158.63563194975256,159.0281819499284,4317.675,-0.6869443919089235,-0.7850856375752073,-0.7850856343923738,74.09724895603239,158.3412322998047,156.63858337402343,154.60473251342773,-11.409547300711365,0.8899011297480734,2.027470261994352,False,50.0,88.59045269928863,94.183312297138,-0.011954076995926322,4.808624267578125,626944.6614366682,103.23932798922017,0
2024-04-12,159.07725524902344,159.76419904307826,158.93004338113562,159.56793152681283,5830.394,0.539749576884418,0.29441144542201414,0.2944114313830539,71.83638024370612,159.03799438476562,157.07528686523438,154.94084548950195,-16.778533897355643,0.38706130978606523,1.5319631472980544,False,33.33333333333333,80.62011453389252,88.17080323616555,-0.0763462852924075,4.367034912109375,623172.1643746643,79.64124050368271,0
2024-04-15,157.01641845703125,157.5561653903278,156.6238834005897,157.26175661087038,7890.781,-2.3061749159424494,-2.2080336527504585,-2.306159980545914,61.150087864036216,159.145947265625,157.37950897216797,155.18127670288087,-44.966287473883526,-1.0615219285210813,0.09123679866325599,False,33.33333333333333,45.082007853876775,71.43085836235265,-0.27959900587387,3.0422210693359375,621926.1715381105,-5.355509809023339,0
2024-04-16,152.7475128173828,155.3481059640842,151.86430154446595,155.3481059640842,16655.387,-1.9136506467861807,-2.208059426243608,-4.759581856123759,45.765593486895526,157.65428771972657,157.16851654052735,155.3113052368164,-89.53497779382495,-3.3730036508554155,-2.528381885235804,False,16.666666666666664,10.46502220617505,45.38904819798146,-0.699508494622791,-2.10992431640625,613715.7049649609,-136.52053619669545,1
2024-04-17,154.4648895263672,154.75929829411987,152.99286066185573,153.0419312855232,7705.889,-2.306174678561007,-0.588807669964325,1.1285591173897842,51.15838613679343,156.5551727294922,157.16851654052735,155.45850830078126,-69.18606927442364,-1.6915642784779121,-1.4581982190249154,True,16.666666666666664,30.81393072557636,28.786986928542735,-0.8495770232543469,0.0,618852.9425237877,-102.05457672544041,1
2024-04-18,155.98599243164062,155.98599243164062,152.89473773814905,153.4344846618109,6569.523,0.39255337628770803,1.2266941375207523,-0.09812292370668274,55.43962316597491,155.85841369628906,157.09982299804688,155.69893951416014,-51.16277612850131,-0.3031547852981863,-0.547470423194387,True,33.33333333333333,48.837223871498686,30.038725601083375,-0.8332370032587786,-0.6869354248046875,625422.4655237878,-62.392882946205724,0
2024-04-19,148.08609008789062,151.27548579532714,146.71220254207998,151.22643014845983,30397.526,-2.2080545133510725,-4.710506636313482,-6.182535196069068,37.04302846688843,153.6601806640625,156.34908752441407,155.586083984375,-89.8917532970006,-4.190482348855823,-5.263163289350912,False,33.33333333333333,10.10824670299939,29.91980043335816,-1.3127793298315096,-7.507354736328125,613328.7703741465,-182.20850274827743,0
2024-04-22,147.6444854736328,148.92024676033438,146.90847107448784,147.5954148521729,9260.305,-3.6310152962869324,-2.3552390349927634,0.19626853240785636,36.30830553854879,151.78579406738282,155.46587066650392,155.24506378173828,-93.14081716668363,-3.2838721958908135,-5.0888473771002465,False,33.33333333333333,6.88404047234412,21.943170348947408,-1.599029476437257,-8.832168579101562,610844.2882140634,-140.4554211458843,1
2024-04-23,149.0674591064453,149.60720604996527,148.4786565106304,149.3127972649314,5412.176,1.7173824127584965,0.6869592896308916,1.570185436142566,40.459574324732785,151.0497833251953,154.35203552246094,154.98500595092773,-82.6714242558941,-1.4968863713505827,-3.837931530155473,True,50.0,18.045182315097858,11.679156496813798,-1.6264845842800395,-11.138351440429688,611079.5440134425,-94.13798853215755,1
2024-04-24,153.43447875976562,153.58167565407845,151.12829425385354,151.12829425385354,7675.254,1.815496988922149,3.9744696041131817,2.6496377432231384,51.12466702242342,150.843701171875,153.6994369506836,154.9285789489746,-50.54149328213119,1.3121706893070175,-0.8586709750188376,True,66.66666666666666,51.50381565894146,25.477679482127826,-1.2987035068266584,-6.5259857177734375,617833.8050102686,-18.20583468424494,0
2024-04-25,150.6376190185547,151.56990096225564,150.39228087683065,151.22643654839308,4701.41,0.09814229453954226,-2.011774691822808,-0.7360133770228856,45.4381372132414,149.7740264892578,152.81622009277345,154.72740173339844,-71.01445818615534,-0.11387564699754092,-2.1617876125958664,False,50.0,36.19909558348385,35.2493645191744,-1.219672135048566,-8.832168579101562,615091.3208254079,-43.25022005670764,1
2024-04-26,153.09100341796875,153.87608848162927,152.60032712496243,153.09100341796875,5754.508,1.8645668695756683,2.3061875193736228,2.2080462481317795,50.68696181765353,150.77500915527344,152.21759490966798,154.64644088745118,-51.127776693773356,1.8387582329324,-0.19725678136399438,True,50.0,68.78310757362837,52.1620062720179,-0.9628570197696922,-5.9862518310546875,613763.3470494768,27.555653352240842,1
2024-04-29,155.8387908935547,156.13319965899456,154.36676204060723,154.36676204060723,7702.694,1.2757586226384774,2.2571111773652888,1.766434915644794,55.873509350192855,152.41387023925782,152.0998321533203,154.73967056274415,-30.075154779756037,2.783172869403425,1.7948744847208407,True,66.66666666666666,96.8749723433066,67.28572516680629,-0.5870905085617488,-1.1776275634765625,618898.4546173316,98.48921174979351,0
2024-04-30,155.29904174804688,156.37853554768657,155.29904174804688,155.64252113181905,4482.935,1.2757590912118246,0.2453358886920114,0.9322797074396476,54.64199206831955,153.66018676757812,152.35498504638673,154.76175079345703,-20.81456450808145,1.5725261143612022,1.6513659330906236,False,66.66666666666666,88.83243729536761,84.83017240410088,-0.36493067714723526,2.5515289306640625,614415.5196173316,90.58530464163861,0
2024-05-02,153.2382049560547,154.41584007432903,153.09100805339668,154.41584007432903,6217.027,-1.2266810574900262,-1.9626954733575417,-2.2080336946501973,50.047309694655354,153.62093200683594,152.23231658935546,154.7004165649414,-32.4872998872525,-0.22895490476710142,0.5095769329225852,False,50.0,67.51270011274751,84.40670325047391,-0.34693503146522175,-1.2266845703125,609579.9917110766,37.32146827927209,1
2024-05-03,154.02328491210938,155.6915813084143,153.5326086205931,155.5934550346623,5689.696,1.1776149603332726,1.2757412340852738,0.44160056719641716,51.733976664462155,154.29806518554688,152.03604583740236,154.56793441772462,-24.365502763158673,0.21816544411138336,0.9541168021230022,True,50.0,75.12951847114878,77.15821862642132,-0.275438410171455,-1.96270751953125,606476.5247531424,62.36518439961491,1
2024-05-06,156.23133850097656,157.16362052133348,156.0350709663098,156.0350709663098,8596.258,0.44161593164750457,1.472039212919185,2.502462345716708,56.264882491877266,154.92613220214844,152.85057067871094,154.5998291015625,-8.920148655498615,1.0419468411466888,2.3026729316109438,True,66.66666666666666,89.26556265278697,77.30259374556111,-0.08271775210868793,8.145248413085938,600870.2397809267,105.46508996123683,1
2024-05-07,157.1145477294922,157.55615337788305,156.5257302154701,157.261744620872,6228.736,1.2266736545622052,0.3925328565495647,0.4906592491603021,57.985884175914656,155.18128356933593,153.79757690429688,154.6317237854004,-4.0723685958887685,1.1743637138218208,2.817693700054146,True,66.66666666666666,93.83565734418097,86.0769128227056,0.09152110683906245,9.470062255859375,601760.1109334124,109.15131272568365,1
2024-05-08,157.70335388183594,157.80149512783825,156.67293069581868,157.01641008257502,5977.267,-0.24533453829698715,0.24534174995520175,0.14720048034857314,59.15481593139721,155.66214599609376,154.66116638183593,154.50660095214843,-0.9009550104879088,1.3507090375835211,2.6645694743891775,True,66.66666666666666,98.67541627657795,93.9255454245153,0.2260453315940667,8.635894775390625,606697.7980664149,104.67153590614805,0
2024-05-09,157.507080078125,158.24309447101345,157.40893883603943,157.7524182090878,5075.569,0.736008126512786,0.44159934317519856,0.736008140220747,58.56231271993925,156.51592102050782,155.06842651367188,154.38393173217773,-7.537703612585364,0.9857335809390796,1.9910982433809898,False,66.66666666666666,86.9564993955752,93.15585767211138,0.2780080391444938,4.072601318359375,602816.5449112429,97.57291503311379,1
2024-05-10,158.63563537597656,159.07725600749396,157.55615654424398,158.24310034157412,9683.953,0.4906821324863131,0.834161536480508,0.1472177082045505,61.01184066960645,157.43839111328126,155.86822814941405,154.34222412109375,-5.0848807840359,1.1260518658787717,2.1942369694077235,True,83.33333333333334,92.62274742202871,92.75155436472728,0.35941267786234765,7.998016357421875,606877.4159987592,112.09447220389482,1
2024-05-13,160.25486755371094,160.84367007396943,159.9113881862053,160.30393817396188,9115.843,2.0608378323877616,1.7664140664754768,2.355231641961325,64.31373262659335,158.24309692382812,156.5846145629883,154.40110473632814,-5.633724944619709,1.4863506698742728,2.860738361025275,True,83.33333333333334,92.40515685198157,90.66146788986184,0.4854982609434124,7.1638641357421875,604478.6486579891,159.95738162917092,1
2024-05-14,161.33436584472656,161.3834364709136,159.66606937413596,160.156745687501,7749.469,-0.1471924864608809,0.5397663969441737,-0.24531881206934258,66.38422955210245,159.087060546875,157.13417205810546,154.61700210571288,-0.558693103481243,1.6226284217004858,2.96451202938769,True,83.33333333333334,99.40824781696772,94.81205069699269,0.5974282752494644,5.495574951171875,611785.2638299862,137.70335734467923,1
2024-05-15,163.54238891601562,164.72002390103805,162.41383952532848,162.51198076549733,14581.0,2.3552350779963263,3.336587430124439,2.747770151192526,70.23737109629258,160.25486755371094,157.95850677490233,155.15674591064453,-10.126695160203719,2.322957253298074,3.7967365068002032,True,83.33333333333334,89.47357405172158,93.76232624022363,0.765276452131554,8.24334716796875,611474.9169823789,166.0341420165877,1
2024-05-16,164.32748413085938,166.58459802680935,163.98401971741703,165.7995129794026,12059.92,3.28753221390528,1.8645741257712984,1.570180192088543,71.50431749444137,161.61894836425782,159.06743469238282,155.64987564086914,-16.727304597199964,2.1088488467934283,3.8288633128799634,True,83.33333333333334,78.60459636715609,89.16213941194847,0.8668220198000387,11.089279174804688,602600.5602349845,147.7856436785434,0
2024-05-17,164.13121032714844,164.57281596994972,163.59146344183523,164.42561908043302,4679.135,-1.373893898969584,-2.01178205685963,-0.3925562755817964,70.68371116030875,162.7180633544922,160.0782272338867,156.05713653564453,-18.181875279262105,1.29201548124641,3.2248087249098245,False,83.33333333333334,75.60970334161034,81.22929125349602,0.8568828692247838,10.107925415039062,603068.5022941581,100.34736879390088,0
2024-05-20,164.08213806152344,164.27840557032917,162.21757426649233,164.13120868228762,6755.731,-0.29441039814540204,-0.2944103996205456,-1.373889175342896,70.46315103947622,163.4835174560547,160.8633071899414,156.85693893432617,-19.173015602464904,0.6976133470298435,2.6107813160802222,False,66.66666666666666,74.75238139337564,76.32222703404737,0.7850293326514874,7.850799560546875,608537.4414145286,70.18853464487908,0
2024-05-21,163.88587951660156,164.03307641269416,162.75733004855329,163.2970619837274,4349.023,-0.8341466985602324,-0.2453291576350125,0.5397557820609507,69.51674371150791,163.9938201904297,161.54044036865236,157.66900863647462,-25.581417012640877,0.2050140828811386,1.9639797064583626,False,50.0,70.58828740149255,73.65012404549286,0.6669534144001634,6.771331787109375,611882.875135924,56.477411815202956,1
2024-05-22,166.82992553710938,166.82992553710938,164.0821355334127,164.0821355334127,6398.574,0.7850735496853076,2.7968491244152176,1.3248054848594109,75.00955422851635,164.65132751464844,162.45309753417968,158.5571319580078,-0.0,1.4370227728992138,3.228414971449252,True,50.0,100.0,81.78022293162275,0.7249827168348317,9.126571655273438,618281.449135924,101.66058148341776,1
2024-05-23,168.10569763183594,168.2528945271063,166.82993630056944,167.124345065362,6002.065,3.042209531949311,1.4229689899969173,2.747800767156747,76.97120435661203,165.40697021484374,163.5129592895508,159.29069290161132,-1.2711343266258506,1.742233890938019,3.4316244247148533,True,50.0,98.28578208303873,89.62468982817711,0.7822316411359687,10.598617553710938,623041.7554999575,143.41601757122783,0
2024-05-24,167.4187469482422,167.61501445861884,166.14298566941713,166.14298566941713,3655.076,-0.9813593959448781,-0.6378800684874477,-0.6869506311523139,73.57854866027657,166.0644775390625,164.39127044677736,160.1297492980957,-7.692281328217401,1.011498544225193,2.4983754520054897,False,33.33333333333333,90.2857276816035,96.19050325488075,0.708951109756768,8.783111572265625,625722.1594391664,106.97507011647852,1
2024-05-27,169.7249298095703,170.16653548637055,168.5473096800189,168.5473096800189,5685.42,2.4043240106017834,2.551521027751704,2.4043240106017834,77.25081439777483,167.1930358886719,165.3382766723633,160.9614456176758,-3.501922335775307,1.830139537617399,3.2665801972182087,True,50.0,94.44448570593225,94.33866515685817,0.7470976782241565,9.470062255859375,628306.4508169014,148.39900915635508,1
2024-05-28,169.9702606201172,170.1665281375243,169.28331682206638,169.72492247979534,5524.704,1.1776127997764263,-7.348846253307784e-06,0.7360071420474696,77.6119257026501,168.409912109375,166.20186614990234,161.66801910400392,-1.8692014635871466,1.3804189716539186,2.8249147771637633,True,66.66666666666666,97.53081112331344,94.08700817028307,0.7198633379347754,8.635894775390625,631375.7516319299,125.44097373500509,0
2024-05-29,167.66409301757812,169.28331877265933,167.3696842509492,169.2342481491792,6796.954,-0.4906743306161445,-0.8832093648649675,-1.9136325711171764,66.74683746247408,168.57674560546874,166.6140365600586,162.28627166748046,-23.83172748757038,-0.36932207916769333,1.0523262525139483,False,66.66666666666666,68.51862275369405,86.83130652764657,0.4886057976777862,4.1217041015625,626670.1926410304,55.71830231379714,0
2024-05-30,164.7690887451172,165.8485825502336,164.57282122807376,164.86722999076474,9277.512,-4.367018158414453,-3.4347362224257267,-2.796863022875442,56.00915156751117,167.909423828125,166.65819702148437,162.8628158569336,-67.90128410434056,-1.889369432096464,-0.8635344281938915,False,50.0,32.09871589565944,66.04938325755565,0.10290155857021066,0.4416046142578125,620247.2494588057,-45.642653858608774,0
2024-05-31,162.90452575683594,165.75044220505586,162.90452575683594,165.11256902763643,8286.711,0.2453390368716839,-0.09814034517773962,-1.6682954712378262,50.32129986729149,167.00657958984374,166.53552856445313,163.30687789916993,-91.3579715469523,-2.496328923576655,-1.9540273771429855,False,33.33333333333333,1.986659831718954,34.20133282702415,-0.29386180369626747,-1.2266845703125,611960.5384588056,-84.09995212955637,1
2024-06-03,166.38832092285156,166.58458842983327,164.1802777772426,165.5050946800574,8995.082,0.3925256524209715,0.8341462247774132,1.2757520204066566,58.84090069104234,166.3392578125,166.76614685058593,163.81472702026366,-47.53092207911001,-0.3086906165661932,0.039332836560816105,True,50.0,47.9728793511116,27.352751692830008,-0.3347683258774117,2.306182861328125,619487.0562220388,-33.6049729412833,0
2024-06-04,163.73867797851562,165.6032418226703,163.395198598368,165.6032418226703,7987.612,0.09814714261290192,-0.9813466071629762,-0.7850791788745823,51.511380953363876,165.0929412841797,166.75142669677734,164.14593353271485,-80.86411960069174,-1.3062530050128491,-1.5343733713315546,False,33.33333333333333,11.486520298743038,20.482019827191206,-0.5411449739396454,-0.1472015380859375,613984.5224020518,-94.01047250168247,1
2024-06-05,165.308837890625,165.6523172808002,163.05172397837129,164.27841469435137,4532.099,-1.3248271283189297,0.04907545812989156,-0.34347461999672646,55.125026133543344,164.62189025878905,166.5993179321289,164.5262077331543,-65.56300316564871,0.10895355840135387,-0.6512180687948488,True,33.33333333333333,33.10808196814608,30.855827206000253,-0.5698851473750386,-1.521087646484375,617319.4464348783,-68.07131958415835,1
2024-06-06,170.9516143798828,171.34416439170082,169.4305149043732,169.52865615089067,17057.398,5.2502414565393,5.691847110900625,6.378790926001926,65.27175494204444,165.8583953857422,166.8839096069336,165.19843444824218,-4.651265638274422,3.1837702630487463,2.377745006106492,True,50.0,95.34873436172558,46.64777887620491,-0.22457585341681385,2.845916748046875,627378.8212014437,115.4099425135561,0
2024-06-07,169.62680053710938,170.16653248019003,169.18517989385847,170.06840620610814,6750.147,0.5397500552174677,-1.1776319115107867,-0.2453350105147365,61.698632078236656,167.20285034179688,167.1047149658203,165.74799270629882,-20.348784218045324,1.8862420230638413,1.4427599937205782,False,50.0,79.65121578195468,69.36934403727545,-0.10706476725636493,2.2080535888671875,626703.9712999546,70.38044741948586,1
2024-06-11,170.0684051513672,171.00068710774985,169.67585513471784,169.92119327977917,10857.068,-0.14721292632896166,0.8341546275598262,0.49067524085936043,62.44618852013097,167.9388671875,167.1390625,166.23866958618163,-15.116278024788357,1.4241150018989261,1.607468691489976,True,66.66666666666666,84.88372197521164,86.62789070629731,-0.025520588359567054,0.343475341796875,622280.8395438229,81.93988610478452,1
2024-06-12,173.11058044433594,173.15965106572645,170.06839658339058,170.06839658339058,7592.211,0.14720330361140554,2.158963957976596,0.39254144867274476,67.24994448745328,169.81324768066406,167.45309448242188,166.8274803161621,-0.47849850599067567,2.5531635822382595,3.132757984503592,True,66.66666666666666,99.52150149400933,88.01881308372522,0.19522606114719743,3.14031982421875,629632.0127945035,115.10018295106437,1
2024-06-13,175.613037109375,177.13413656782717,174.48448765833882,175.56396648666654,16106.614,5.495569903275964,3.9744855021007197,4.416091074948241,70.62217634115567,171.87408752441405,168.24798889160155,167.43101272583007,-10.689677171474308,2.8300511034582216,4.3186766827851555,True,83.33333333333334,89.31032282852568,91.23851543258223,0.45676167666170064,7.948944091796875,627245.790445382,144.77352415249123,1
2024-06-14,176.64346313476562,176.64346313476562,174.48449046908,175.61303993829577,6498.108,0.04907345162922638,-0.490673433061545,2.810741165149011e-06,71.92093038816307,173.01245727539063,169.4354263305664,168.04681167602538,-3.4482561721402747,2.301791320979094,4.585291505281331,True,83.33333333333334,96.51570048850199,95.11584160367902,0.6351702879790544,11.874374389648438,633743.898445382,119.06857866558092,0
2024-06-17,176.64346313476562,177.08506879775217,175.4658430420509,175.85837808153852,8127.793,0.24533814324274772,0.4416056629865466,0.9813525729709056,71.92093038816307,174.41578979492186,170.80932006835937,168.67242431640625,-3.4482561721402747,1.7428174228072475,4.123986195540221,False,66.66666666666666,96.51570048850199,94.11390793517656,0.6849169660463899,13.738937377929688,637438.3634752153,108.0397951407772,1
2024-06-18,179.5875244140625,179.63659503853427,178.60617182163594,179.09684811784922,6563.311,3.2384700363107015,2.5515262407820956,3.1403287795850474,75.59019294324347,176.31961364746093,172.12924041748047,169.44769363403321,-0.29327289796391753,2.45882832152873,5.094401321316752,True,83.33333333333334,99.7041241726043,97.57850838320276,0.8377350825523786,13.199203491210938,643376.5609022857,123.01629585128671,1
2024-06-19,184.44520568847656,185.37748760051196,181.30488057592248,181.30488057592248,25338.672,2.208032458073262,5.740892561977688,2.6987087542865424,80.23842985678853,178.58653869628907,174.19989318847655,170.47565994262695,-4.175811980338446,3.811098592223435,6.8150557539719925,True,83.33333333333334,94.2424395032197,96.82075472144201,1.1673587914725494,20.706527709960938,657114.415323782,150.3920858818052,1
2024-06-20,186.21165466308594,186.21165466308594,184.29802010013393,184.44521699949476,11321.643,3.140336423572279,0.8341670625739823,2.9931395242114434,81.62639608864507,180.70626220703124,176.29017486572266,171.4447463989258,-0.0,3.532945328355477,6.81615916067389,True,83.33333333333334,100.0,97.98218789194135,1.3905855304160788,20.902816772460938,668436.058323782,151.24956928020083,0
2024-06-21,185.08309936523438,185.6719019184634,183.46385865178814,183.6110705207842,10239.036,-0.8341464787105508,-0.5397527446225467,-0.8341614483457818,77.81711613072731,182.394189453125,177.7033233642578,172.2936164855957,-4.872878564340432,2.0102788996672016,5.096476045315555,False,66.66666666666666,93.17507873801046,95.8058394137434,1.3475009601889747,14.131484985351562,673214.3584492704,103.02821446234358,0
2024-06-24,180.56886291503906,183.02224420464557,180.1272572777601,183.02224420464557,13196.781,-0.5888263161386362,-2.649657713817817,-3.3366013740280493,64.65150738033397,183.17926940917968,178.7975296020508,172.95112228393555,-33.14128041492939,-0.8353592798527348,1.7980586464088721,False,50.0,65.04552104544337,86.07353326115128,0.9206186962125749,10.942062377929688,664043.6908865464,41.45335893129089,0
2024-06-25,180.47071838378906,180.47071838378906,177.42853462468636,178.55708400763157,13034.631,-4.465160197014001,-2.5515258208565115,-2.6987226530737303,64.39311742522992,183.355908203125,179.83776092529297,173.4884117126465,-33.7177035006252,-1.2352391415228674,1.2897505394276338,False,50.0,51.04583846232458,69.75547941525947,0.5552837400985853,10.402313232421875,677078.3218865464,0.7418757489735287,1
2024-06-26,181.89370727539062,182.62972171274842,180.81421344423168,181.5011572575819,8916.026,2.9440732499503213,2.1590033289593578,3.385678819545319,66.51018025432651,182.84560852050782,180.71607360839843,174.08458404541017,-26.11272215950386,-0.6654393970221878,1.5060302006467796,True,50.0,63.17995283205531,59.75710411327443,0.34348648370550805,8.783126831054688,678765.161466791,30.75554488792386,0
2024-06-27,181.84463500976562,181.84463500976562,179.98005613407395,180.1763386283324,6219.061,-1.3248186292495063,-0.7850867029827953,-0.8341573101577353,66.36174374106918,181.97220458984376,181.3392333984375,174.79361114501953,-27.051662259014837,-0.4566182203002806,0.925929461130893,False,33.33333333333333,59.360727627387185,57.86217297392236,0.14430006590899058,6.231597900390625,684984.2224667909,7.6579528085647075,1
2024-06-28,182.97317504882812,183.90545695149194,181.2067375113197,181.84462563627474,4146.971,1.6682870079423537,2.060821941726317,1.2266813772457397,68.14533402638708,181.5502197265625,181.97220458984376,175.70381546020508,-27.615191400846317,0.45796995592655093,1.0911504851394382,True,33.33333333333333,63.128368961152034,61.88968314019818,0.03828313572207431,6.3297119140625,686266.0227071918,34.63711118502531,1
2024-07-01,183.12039184570312,184.54335004855486,182.77691246345373,183.07132122334585,7319.803,1.2266955870711058,0.6378930970629142,1.570174952134039,68.38389475104516,182.0605255126953,182.6198974609375,176.71460876464843,-26.359849374010086,0.7196870267697039,0.8239925416488874,True,50.0,64.80450222850318,62.43119960568081,-0.06649239373558125,6.4769287109375,681792.8545770939,45.01436293741769,0
2024-07-02,181.89370727539062,183.26759490209102,181.05955159001763,182.4825098407256,5444.336,-0.5888113826202357,-1.2757551464638368,-1.7173608734360926,64.0253458560995,182.34512329101562,182.85051574707032,177.4898780822754,-40.18260825681033,-0.07636824625001985,-0.09207783372055117,False,50.0,50.83811482915686,59.590328672937375,-0.25252495683298104,2.306182861328125,680462.0464256181,-24.187103813450246,1
2024-07-03,184.10174560546875,184.10174560546875,182.92411055816274,184.10174560546875,6478.757,1.619235764743138,0.8341507033777305,1.8645589681451042,68.02695245232485,182.78673095703124,182.81616973876953,178.50803146362304,-24.022318360590766,0.8015050432533678,0.776688397793424,True,66.66666666666666,80.9524887459526,65.53170193453757,-0.25996417322250753,-0.3434600830078125,686940.8034256181,51.39841505711013,1
2024-07-04,188.91036987304688,189.0575667689615,187.04580597828638,187.04580597828638,12644.207,2.9440603728176313,4.955821163492743,4.121695420123643,74.71018060462609,184.1998779296875,183.08604125976564,179.68810806274413,-1.2657708233017646,2.7762941898848723,2.9710039676283104,True,66.66666666666666,98.73422917669825,76.84161091726925,0.01148126621666723,2.6987152099609375,697734.7029434077,207.61858775021275,0
2024-07-05,188.22341918945312,189.25384234595268,187.9780810557271,189.00850421222665,9733.333,1.962698233940273,0.1962755769911837,0.9322750774407211,72.35321437091476,185.2499267578125,183.4000732421875,180.55169830322265,-8.713711142133466,1.8136758583160602,2.4207886948145645,False,66.66666666666666,91.28628885786654,90.3243355935058,0.09275566371116284,3.14031982421875,691744.9507707139,158.40495341239267,1
2024-07-08,194.16061401367188,194.79848720120424,188.2724985315196,188.32155418113592,17352.467,-0.6869500310907313,5.544644855251562,0.29441747579249977,78.69148816697994,187.45797119140624,184.75924835205078,181.77838897705078,-3.67227938431273,3.9765288086816266,5.272030506375628,True,66.66666666666666,95.69540672259649,95.23864158572043,0.47310008030054007,13.591751098632812,705705.2349162576,166.17689120742065,0
2024-07-09,193.96434020996094,196.31959549291471,191.80536743127615,193.76807267994462,15488.789,5.4465184988087,1.5211082917104761,3.5328688997565507,78.04620882488976,189.87209777832032,186.10861053466797,182.97318572998046,-12.467564947159364,2.875732545611808,4.745293954690917,False,50.0,85.58554662265048,90.85574740103785,0.6284555783878085,13.493621826171875,705031.7690985136,136.96917358081538,1
2024-07-10,194.6512908935547,194.70034654331963,191.36375374969248,193.277388292339,7168.611,-0.4906843876056257,-1.6192489495950895,-0.4416136815836751,78.71269696819493,191.9820068359375,187.38436889648438,184.05022125244142,-8.831185347382162,2.0887866714676178,4.454298124008912,True,66.66666666666666,89.06749803620615,90.11615046048439,0.6895813352147977,12.757583618164062,711989.5896950884,100.33718106784102,1
2024-07-11,198.96923828125,199.0183089057629,196.27051864981505,196.90839184572604,9796.73,3.631003553387046,4.317962362443268,4.9067649001225675,82.38057564213238,193.99378051757813,189.09682922363282,185.21803131103516,-0.2577475207486707,3.014650279521683,5.8954110844547225,True,66.66666666666666,99.72675935394555,91.45993467093406,0.9185914342093842,17.124603271484375,721436.4155069914,134.18332101540565,0
2024-07-12,192.68858337402344,194.65128851672088,192.34510398435063,194.50407664646744,14158.267,-2.4043151992586047,-4.367020389042011,-3.925414665464416,64.69301771240337,194.88681335449218,190.06837005615233,186.02028732299806,-33.24740777237787,-0.5612990753140136,2.0640679182493478,False,50.0,64.75410062927963,84.51611933981046,0.5623514047189655,9.715408325195312,711495.5672258539,51.38586729977102,1
2024-07-15,193.03204345703125,194.4059460106347,192.44324091198823,193.964325384038,9790.185,-0.5397512624294336,-0.2453425060861889,0.09813692763759718,65.13953281815029,194.66109924316407,191.05953521728514,186.83971633911133,-33.333405777933265,-0.79435706150662,1.7435672517461402,True,66.66666666666666,62.80482370453531,75.76189456258685,0.27941645481085775,9.911651611328125,707579.4035940333,42.25116650599246,1
2024-07-16,194.16636657714844,196.2870497882218,193.32794853513303,193.8704534416861,13255.538,-0.09387194235191032,1.8811037775871,0.8847076231448057,66.65870531915743,194.70150451660157,192.28680114746095,187.56865844726562,-27.017138454009494,-0.2118820512008166,1.8407543000155975,True,66.66666666666666,59.474285719493096,62.34440335110269,0.10709381103898785,12.272659301757812,701835.3910642889,56.72276037023673,0
2024-07-17,191.453857421875,193.82113240807897,190.9606738788519,193.7224896791674,14489.778,-0.14796376251868537,-2.4659173801428267,-2.3672746562811255,59.85427105206867,194.06201782226563,193.02201232910156,187.91909103393556,-42.12124119109174,-1.3938861624378318,0.05359744544007018,False,66.66666666666666,31.482831816162467,51.25398041339697,-0.2326056817990363,7.35211181640625,692342.098752609,-24.59544585552285,0
2024-07-18,188.00157165527344,188.29746973895394,185.63428163045884,186.02883749331156,17880.013,-7.6936521858558535,-5.523662669125031,-5.326392248393063,52.42422877668487,191.8684844970703,192.9311325073242,188.00858688354492,-68.45160605425363,-2.616068875185635,-2.0112109303538843,False,50.0,17.68742678209175,36.214848105915785,-0.7060867919436928,-0.9087982177734375,706248.9327150441,-170.5424832617075,0
2024-07-19,183.71087646484375,186.4233860502307,183.66155509859223,186.17679426974098,16453.91,0.1479567764294245,-1.874083688723232,-1.9727265318666127,44.87191195694244,190.07294311523438,192.4798782348633,187.9399757385254,-99.67882947873731,-3.5683410562388795,-4.2313165486553945,False,33.33333333333333,0.3211705212626954,16.49714303983898,-1.2904949819772495,-4.512542724609375,690382.697584064,-198.41138142589313,0
2024-07-22,178.2365264892578,182.8724487068146,177.595393914243,182.8724487068146,21211.846,-3.304345562926386,-3.550937343416109,-6.066161184349227,37.37729452783745,187.11383972167968,190.88746948242186,187.82335891723633,-97.00725799794941,-5.24384352276406,-6.6522566086404415,False,33.33333333333333,2.992742002050589,7.0004464351350215,-1.9863912577112188,-15.924087524414062,674325.0923419737,-176.72676947359352,1
2024-07-23,183.76019287109375,183.76019287109375,181.19563240291535,181.19563240291535,12527.079,-1.676816303899244,0.8877441642791553,3.600238488672346,47.10239970945947,185.03260498046876,189.86705474853517,187.98783264160156,-71.22334211151453,-1.4980607478524308,-3.5715125027499304,True,33.33333333333333,28.776657888485474,10.69685680393293,-2.009290974949943,-10.204147338867188,686852.1713419737,-92.42628334182018,0
2024-07-26,176.55970764160156,177.0035698182566,174.6856162064948,175.62266192404817,25906.618,-5.572970478867177,-6.756623052837142,-6.510016196420537,38.58183715982939,182.05377502441405,188.05789642333986,187.72113265991212,-92.29805160378687,-3.845294777254318,-6.631344175899269,False,16.666666666666664,8.675773429649015,13.481724440061702,-2.4166150957432553,-18.091583251953125,702837.1344849459,-132.55319045826022,1
2024-07-29,178.13790893554688,179.51881689132685,177.49676127333137,179.32154647632512,9946.264,3.698884552276951,2.515247073070242,2.811145066836559,41.128208173031126,180.08104248046874,185.97476348876953,187.53579635620116,-85.8121221037082,-1.7988982364978958,-5.135124329941849,True,33.33333333333333,15.981776005701837,17.811402441278783,-2.4777931617155007,-20.831329345703125,699198.3368618599,-88.41264808721736,0
2024-07-30,178.13790893554688,178.82836291343685,175.0801648253325,176.8063072954414,13107.381,-2.515239180883725,-0.6904539778900016,-2.41659644799887,41.128208173031126,178.96644897460936,184.5196960449219,187.2940330505371,-85.8121221037082,-0.9008140270328245,-4.434792802445581,False,33.33333333333333,15.981776005701837,13.54644181368424,-2.4138762589711558,-14.550674438476562,707476.707687669,-84.08531780573429,1
2024-07-31,178.38449096679688,178.6803890477422,176.1651650551043,176.41175682307014,9078.554,-0.3945504723712645,-0.1479738656946381,1.0850002297717936,41.57858196160922,178.99604187011718,183.05494079589843,187.0572380065918,-82.87671627761316,-0.2711279037952565,-3.4136699048788897,True,50.0,19.32989275719589,17.09781492286653,-2.253664881542112,-14.647552490234375,714419.2080286538,-67.31173425515475,1
2024-08-01,181.49154663085938,182.57655646254653,180.2092663890748,182.47791373211405,14061.699,6.066156909043912,3.8961674148043244,4.044101333970502,47.13749361891577,178.5423126220703,181.78745880126954,187.03712997436523,-68.49315394455202,1.1591129757357113,-1.2323600398096535,True,66.66666666666666,50.000026874628,28.437231879175254,-1.853811235263587,-12.674819946289062,715590.9939282703,-5.338158501547067,0
2024-08-02,172.31832885742188,176.46106765518948,172.31832885742188,175.72129233234645,29706.815,-6.756621399767596,-6.115488807357053,-7.8909375316529236,36.08021942923787,177.69403686523438,179.87390594482423,186.44795913696288,-100.0,-2.921976092684527,-5.335172562559647,False,50.0,0.0,23.109973210607972,-2.1041885974079224,-19.135528564453125,685884.1789282704,-124.54654485900016,0
2024-08-05,156.58578491210938,164.37807936931804,156.24055038963363,164.37807936931804,55577.204,-11.343212963028407,-12.082988285871437,-16.07777846778825,25.075182477405363,173.38361206054688,176.73232727050782,184.83172988891602,-99.08134865418981,-10.099101184269752,-12.472141754277342,False,50.0,1.2545022076806867,17.08484302743624,-3.1627979645712196,-31.415786743164062,635022.6987140483,-268.105202898661,1
2024-08-06,165.21649169921875,168.07695031131604,158.60783504140355,165.01922128644787,63140.961,0.6411419171298292,3.6988709419979955,2.3672846517699213,36.64078117061893,170.79932861328126,174.8828887939453,183.6813835144043,-71.9999878597959,-3.956422321821787,-6.50510477316488,True,50.0,32.61648953336578,11.290330580348831,-3.1104830410520043,-18.494384765625,660016.0396840265,-130.0713776210646,1
2024-08-07,171.7758331298828,172.36765944011327,166.6960483283499,167.5344664260483,31824.74,2.515245139600438,4.290709128797232,8.088213286946342,43.82952426225036,169.47759704589845,174.2368194580078,182.56214447021483,-48.52941282607816,0.4759849475697424,-2.043685843795458,True,66.66666666666666,58.98875743436103,30.953249725135844,-2.4897050069748143,-6.460693359375,685199.0272517488,-43.28174358035195,0
2024-08-08,168.22491455078125,170.04968468390993,166.69604251167448,168.71809810850812,25841.105,1.1836316824598043,-2.3179747562033413,-5.8166754115518415e-06,41.077120287041595,166.82427062988282,172.68329162597655,181.27517318725586,-56.451599364993776,-0.616712575917553,-3.3574141143359535,False,50.0,45.50562499100337,45.7036239862434,-2.184706151579802,-15.5352783203125,682919.018436192,-49.71360504019832,1
2024-08-09,173.45266723632812,174.488340690606,172.1210655797307,172.61424914872708,23353.756,3.8961510402189674,4.438656006696078,5.42502306805622,46.47547166206248,167.05113830566407,172.37258758544922,180.21524200439453,-37.45515822638236,3.289285190138037,-0.12541804795699302,True,50.0,65.35583565344592,56.61673935960345,-1.52840643293673,-3.1070404052734375,685838.4235356414,11.925930723168655,1
2024-08-12,175.62266540527344,177.3488078326335,174.83356871404104,174.83356871404104,17571.739,2.2193195653139526,2.8604671420274883,2.7125031343103387,48.60757943313847,170.85851440429687,172.12106323242188,179.04791336059571,-26.404501267279507,4.23964319782763,1.52047837271318,True,66.66666666666666,73.59549873272049,61.485653125723275,-0.8779776571255833,-2.5152435302734375,679292.1182620847,47.48478344306196,1
2024-08-13,176.0665283203125,177.0528954257484,175.57334476759453,176.85562501481476,10858.46,2.022056300773727,-0.295912406885094,0.7397760535534985,49.060362533025376,173.0285217285156,171.91392517089844,178.21681060791016,-24.7191169542208,2.5272809811103683,1.8012430771853116,True,83.33333333333334,75.28088304577919,71.41073914398187,-0.3734820564134105,-2.071380615234375,675672.6315954181,53.44304960598909,1
2024-08-14,178.28585815429688,179.37086801399397,177.49676144276881,177.8913173239168,18714.319,1.0356923091020462,2.317972588245567,1.9234166751742805,51.396098859727616,174.33052673339844,171.90406188964843,177.47950134277343,-16.292137450039267,2.519260588088157,3.077106234514417,True,83.33333333333334,95.30914414009435,81.39517530619803,0.12725635642019428,-0.0986328125,672717.7233014307,79.08388738292106,0
2024-08-15,176.9049530029297,178.53245276751971,176.60903985006746,178.13791193088218,11481.647,0.24659460696537394,-0.8384152464742556,-0.8877215927013538,49.844720636519355,176.06653442382813,171.44540252685547,176.6164306640625,-21.535548875234355,1.2276036634798868,2.3395203124950057,False,66.66666666666666,89.33903523889687,86.64302080825682,0.369341672711224,-4.5865936279296875,664768.9322295499,75.86926713268895,1
2024-08-16,180.89971923828125,181.14631101207976,179.86404582894147,180.50517842051062,13205.915,2.3672664896284346,2.613858244560049,3.25500597887401,54.2069013052069,177.55594482421876,172.3035415649414,176.0887237548828,-6.367090057705993,2.277156659471641,4.523752449091347,True,83.33333333333334,98.90590750626022,94.51802896175049,0.778838711695228,8.581390380859375,672895.6014583868,99.42377499224648,1
2024-08-19,181.1463165283203,182.1820050199662,180.65313296570494,180.99836747984287,9280.593,0.4931890593322521,1.035694007886434,0.7890871367634702,54.47354805262951,178.66067504882812,174.7595947265625,175.74596099853517,-3.992407158366846,1.6794294308333346,4.683637584686828,True,83.33333333333334,93.31208188647402,93.85234154387705,1.0308251470632162,24.560531616210938,669602.4760246441,100.46496257638832,1
2024-08-20,181.2449493408203,182.6751785839686,181.19562797710478,182.08336737168332,10784.876,1.0849998918404538,0.4931735640024044,0.5424950113998364,54.58892517899936,179.69635925292968,176.36244049072266,175.62266464233397,-5.410438280553506,1.2024932861862505,4.292297176619424,True,83.33333333333334,91.04939568273574,94.42246169182333,1.1590852359331203,16.028457641601562,659536.6356417501,101.14927695168505,0
2024-08-21,179.32154846191406,180.554507382787,178.97631394376242,180.50518601579847,11684.142,-1.5781813558848512,-2.120671201181608,-2.219314033342357,51.79642840053168,179.90349731445312,177.11701202392578,175.6769157409668,-13.934359295297263,-0.17387717010226145,2.072712023536325,False,66.66666666666666,68.22442472704319,84.19530076541766,1.0713891859397002,7.54571533203125,652964.3754093976,50.78080811750278,0
2024-08-22,178.38449096679688,180.11063334255778,177.8913074308652,179.6174498066261,5218.207,-0.887736209172374,-0.4438740402292183,-1.0850065128972233,50.42547367362889,180.19940490722655,178.13296966552736,175.40813064575195,-26.851812249169445,-0.7046124690875253,0.9090260933704563,False,50.0,45.28307722083398,68.18563254353764,0.9134374015248621,10.159576416015625,650065.3715205088,14.71354931575447,1
2024-08-23,178.48312377929688,178.87767964985565,176.4610682136398,176.55971094397137,7943.485,-3.0577388626547304,-1.2329536927021252,-1.4302392172253917,50.575686729764925,179.7160858154297,178.63601531982422,175.50430145263672,-26.234552266816475,-0.7949572442846778,0.6465933446572915,True,66.66666666666666,40.97222051286981,51.49324082024901,0.7837442046596741,5.03045654296875,655415.0190566314,-34.952919195348066,1
2024-08-26,178.77903747558594,180.8997207274031,178.33517528924833,179.91335362408952,11398.488,3.3536426801181562,2.022041077547442,1.8741070756085207,51.06101576080953,179.2426300048828,178.95165252685547,175.53635787963867,-36.915855523038324,-0.43488193538692727,0.31593647810281944,True,66.66666666666666,37.301707304942596,41.18566834621547,0.6893653682400026,3.1563720703125,647962.1486536924,9.838574063574024,0
2024-08-27,177.9899444580078,178.4338066535105,177.29949048158497,177.9406230916702,5291.966,-1.9727305324193196,-2.4659140738926055,-1.0356848076633582,49.642922916591296,178.5916290283203,179.143994140625,175.52895965576172,-59.748370598345865,-0.5830766794982036,-0.33828113840169155,False,50.0,24.6033004445512,34.292409420787884,0.5512545865295111,1.9234161376953125,649112.5821508133,-75.79432295285865,1
2024-08-28,180.50518798828125,180.50518798828125,177.39813749403618,178.03927011958888,5497.421,0.0986470279186733,2.071381334770763,0.09864701245120955,54.077769406673575,178.82835693359374,179.36592712402344,175.63499450683594,-30.555355867159236,0.8913015009006459,0.8403398594090706,True,50.0,65.07962578121162,42.32821117690182,0.6025920823749756,2.219329833984375,654610.0031508133,3.549670872523111,0
2024-08-29,178.0392608642578,178.6803934564814,176.70765926407964,177.05289376805692,10765.945,-0.986376351531959,-1.8247945317998528,-0.6904782299565397,49.42263003280069,178.75931091308593,179.47935791015624,175.46238021850587,-74.6030798205069,-0.3679863921415538,-0.6285282790387439,False,50.0,25.39692017949309,38.359948801751976,0.4507207885241825,1.134307861328125,658378.1496109269,-100.05017808852517,1
2024-08-30,178.877685546875,179.5681395296555,178.1872165133265,178.483129663309,8050.738,1.430235895252082,0.8877460731740996,1.4795572492468523,50.98755201617834,178.83822326660157,179.27715454101562,175.79034805297852,-61.110807674513055,0.0551773452565993,-0.188042211927914,True,66.66666666666666,38.88919232548694,43.12191276206389,0.38929223516226097,-2.02203369140625,658378.2373564336,-26.406541822364094,0
2024-09-02,178.38449096679688,179.962669251318,178.03925647133786,179.42016435163976,8014.474,0.9370346883307548,0.3945297216625079,-0.14796004198862533,49.99488223802544,178.75931396484376,179.00097198486327,176.8802833557129,-69.0474961252531,-0.2115152986496514,-0.5316713558102477,False,50.0,43.33348346582567,35.873198656935244,0.3019035194553698,-2.7618255615234375,653240.8086964234,-19.04800950872076,0
2024-09-03,177.59539794921875,179.0256272226623,177.25016344666423,178.53244367659437,9602.828,-0.8877206750453865,-0.9370420286556964,-0.7890930246736332,48.35182762506759,178.68040466308594,178.63601684570312,177.49922866821288,-81.74590298564449,-0.5431793641517851,-0.8193902121148913,False,33.33333333333333,25.55572286998446,35.92613288709903,0.1832528916047673,-3.6495513916015625,647372.4725993437,-77.37442446616343,0
2024-09-04,168.9153594970703,171.4305985172531,167.68240066862455,168.66876773138117,29908.996,-9.863675945213203,-7.59502870540922,-9.567762778039679,34.67636505610156,176.36243896484376,177.59539794921875,177.35620498657227,-91.77631500041154,-4.596105327845866,-5.126848279440007,False,33.33333333333333,9.328357208289486,26.07252118136655,-0.4527716085160243,-10.40618896484375,637140.4318495273,-333.3333333333328,1
2024-09-05,169.9510498046875,172.269003397368,169.40854490401176,170.49355470536324,8818.826,1.8247869739820715,0.838404880114922,1.7261442353872098,36.995868304942114,174.7447967529297,176.7520538330078,177.44251174926757,-82.83578572680337,-3.0479241373463246,-4.037874408338914,True,33.33333333333333,17.16421427319663,17.3494314504902,-0.7586675034848389,-8.433441162109375,631666.7033814919,-152.07835018875082,1
2024-09-06,172.36764526367188,172.51559430367723,169.50718678461018,170.64150289336328,8582.755,0.1479481880000435,0.24659090630922265,0.0986418805984215,42.2183528550331,173.44278869628906,176.1405059814453,177.38826065063478,-64.55223468742798,-1.1362061521636773,-2.3538485859394056,True,50.0,36.538425525198214,21.010332335561454,-0.7517543186978587,-6.115478515625,639405.2839438181,-91.35186921315834,0
2024-09-09,169.7044677734375,169.7537891401047,167.97832529546164,168.07695297802803,15183.985,-2.564549915335249,-2.7618051635725465,-1.5288614891485395,38.39241203246359,171.7067840576172,175.23304901123046,177.09235076904298,-84.701383519347,-1.8026109297873398,-3.4669744435513343,False,33.33333333333333,15.769325766740424,23.157321855045097,-0.8716067055956467,-9.074569702148438,653745.6641653669,-99.6113230333349,1
2024-09-10,170.00038146972656,171.03605491923045,168.81672886897692,171.03605491923045,9301.953,2.9591019412024195,1.2822657791257654,0.8384035735152793,39.06180335349446,170.18778076171876,174.43409271240233,176.78904342651367,-82.46255072288669,-0.8295312003568164,-2.908240599764974,True,50.0,18.875652315689038,23.727801202542565,-0.8738015822630194,-7.98956298828125,654365.8952980166,-68.8346180968762,0
2024-09-11,169.50718688964844,170.14831946442496,169.16195239506595,170.0003704243279,5014.059,-1.03568449490254,-0.8877354548054939,0.34522352608902906,38.305068214596076,170.30614624023437,173.33429260253905,176.35010986328126,-85.76919217691011,-0.33347860228687576,-2.7608167640898764,False,50.0,14.859497646456617,16.5014919096287,-0.8505034280000521,-10.998001098632812,652861.7388047916,-62.2539725059451,1
2024-09-12,175.8692626953125,176.214482161149,173.6992580144546,173.6992580144546,15744.502,3.698887590126702,6.066162696724035,4.537305619388661,51.521396493193905,171.4897888183594,173.11729278564454,176.2983253479004,-36.15380320519008,2.7073761378855177,0.9912237829685404,True,66.66666666666666,66.66679943975875,33.46731646730148,-0.37302225336884387,-2.1699981689453125,664284.3130136284,39.01034361676724,1
2024-09-13,175.96788024902344,176.90494101136284,175.42539039811174,176.55970651463073,4511.876,2.860448500176119,0.6904588502138438,1.7261323836571307,51.69637511792594,172.2098358154297,172.82631225585936,176.0517333984375,-32.53014358272597,2.1666433742843685,1.2677319533183486,True,66.66666666666666,73.04341089308113,51.523235993098844,-0.034767392621505966,-2.9098052978515625,663081.0726448133,64.95572471534217,1
2024-09-16,176.31312561035156,176.7569878115247,175.86926340917842,176.16517656021654,5876.908,-0.394529954414196,-0.1479531998381276,0.4438730110666711,52.35317199525007,173.5315673828125,172.61917572021486,175.81007385253906,-29.718760761549905,1.9777515417614782,1.5504817786292706,True,66.66666666666666,93.5829459236005,77.76438541881346,0.2143096855403981,-2.0713653564453125,663081.0726448133,81.28175768673708,0
2024-09-18,175.42539978027344,176.6583586905909,174.1431195033897,176.06653239333133,9192.314,-0.09864416688520805,-0.09862912093382192,-1.7261439057887173,50.429736524183106,174.61657104492187,172.4021759033203,175.51909637451172,-36.9476403589326,0.9078050201740056,1.2068812271765688,False,66.66666666666666,83.42550773801254,83.3506215182314,0.3152610291071132,-2.1699981689453125,663261.3248811387,74.61575416227372,1
2024-09-19,177.69403076171875,177.74335212790396,174.58698035203207,175.57334747266503,8110.076,-0.4931849206662946,1.0849934373130736,0.4438608486423732,55.03527221528793,176.25393981933593,173.28004302978516,175.43772048950194,-11.739133081755831,1.4643735305940713,2.5497473254113103,True,66.66666666666666,99.49491827281672,92.16779064480994,0.5187907698883183,8.778671264648438,671117.9452956823,83.26721164741251,1
2024-09-20,179.96267700195312,181.59019177108178,179.96267700195312,180.60382465673754,13632.88,5.0304771840725095,3.846839643177816,5.3756966499210534,59.173311091718524,177.07262268066407,174.2812057495117,175.51662979125976,-11.702180145926286,1.7473728026709254,3.7409070838105194,True,83.33333333333334,88.04341217977965,90.32127939686966,0.774763842116163,10.011627197265625,657485.0652956823,134.58635014400835,1
2024-09-23,180.75177001953125,181.1463108369204,180.06131606371653,180.06131606371653,7900.498,-0.5425085930210116,-0.44388093416137053,0.0986390617634072,60.55086947842446,178.02940063476564,175.11961822509767,175.63006210327148,-6.1594914485254675,1.7254929070378302,3.6066790703547276,True,83.33333333333334,93.43622197068918,93.65818414109519,0.9540013733983453,8.384124755859375,659639.7864206528,117.22866183772136,1
2024-09-24,182.47792053222656,182.47792053222656,179.6174618522989,180.70245667365128,9952.346,0.6411406099347516,1.331609695306156,-0.44385421141763004,63.49061285420985,179.26235961914062,176.39696350097657,175.81500625610352,-0.0,2.0736605122369984,3.9739619795030277,True,83.33333333333334,100.0,93.82654471682294,1.1333730847610726,12.773452758789062,669592.1324206528,120.97118015436567,1
2024-09-25,185.1904296875,185.4370214713715,184.7958888536128,185.14110832057207,11673.001,4.438651646920789,2.959100939144946,5.178427001313906,67.62628105722436,181.21536560058593,177.9159683227539,176.17503051757814,-1.412429550219018,2.740664751338681,4.880945534479413,True,83.33333333333334,97.89915868745682,97.11179355271535,1.3637898538291418,15.190048217773438,672285.8175661996,145.9748492100692,1
2024-09-26,186.71929931640625,187.40975329206555,186.17679438882828,187.01521246333678,16725.931,1.8741041427647076,1.9727318206940367,1.3809055352154758,69.7343234218321,183.02041931152343,179.63717956542968,176.48573608398436,-3.71351083044831,2.518280207179004,4.904407502976031,True,100.0,94.79556014994057,97.56490627913247,1.535476386061426,17.212112426757812,670278.7875157845,140.34922828985952,0
2024-09-27,186.32473754882812,188.64270623397078,186.02883946201618,187.60701777782688,11403.314,0.5918053144901023,1.2329529419052392,-0.14795492681210476,68.47893860796479,184.29283142089844,180.68272705078124,176.9000099182129,-11.898762770224353,1.5000171300463156,3.8887178621527747,False,83.33333333333334,84.01355343284487,92.23609075674743,1.535103292404739,10.455474853515625,661457.2568202126,118.0560845095024,0
2024-09-30,181.44223022460938,184.6479233913013,181.44223022460938,184.0067907782701,13186.95,-3.6002269995567815,-3.99478284266948,-4.586609237406805,55.09066057142634,184.43092346191406,181.23016204833985,177.02823715209962,-48.18483594675006,-1.2923133046642103,0.6084637219251929,False,66.66666666666666,50.34012939020612,76.3830809909972,1.136997105087139,5.4743499755859375,648270.3068202126,25.17638927264637,0
2024-10-01,181.0970001220703,182.08336719234137,180.85040835450255,181.392898202538,9410.219,-2.613892575732109,-2.5645561989599344,-0.591821870106827,54.27219687845713,184.1547393798828,181.70854949951172,177.1638626098633,-52.04083572937854,-1.5109532980359826,0.17505113169469755,False,50.0,46.31578493148808,60.22315591817971,0.79743589019917,4.78387451171875,642624.1754202127,-9.470630166966437,0
2024-10-04,181.0970001220703,182.77382113137767,180.50517385960086,181.49154092987192,8865.663,0.09864272733392454,0.6904539390363027,-0.345234494901689,54.27219687845713,183.33605346679687,182.2757095336914,177.33894271850585,-52.04083572937854,-1.3875218145277943,-0.06123807516566385,False,33.33333333333333,16.393331938756134,37.68308208681679,0.5325841507333411,5.671600341796875,638384.1166407351,-25.004692001554037,1
2024-10-07,185.5849609375,185.6342823018809,183.2670073192713,183.2670073192713,13451.502,1.7754663893993836,2.860461170503214,2.7618334596704415,62.81830117578553,183.10918579101562,183.06480255126954,178.17242279052735,-21.08849964683264,1.0201299165672484,1.9806172619429927,True,33.33333333333333,66.12008310068218,42.943066656975475,0.6136401364643338,7.89093017578125,651275.1037563334,49.96506501615749,0
2024-10-08,184.69723510742188,184.79587783539625,182.97109272324036,184.4013219742659,9479.332,1.134314654994597,-0.8384044664846328,-0.29591459603093995,60.38317128987426,182.78368530273437,183.53825836181642,178.90973205566405,-28.070205407311978,0.7216810648214255,1.0637077957927399,False,16.666666666666664,56.28405215751033,46.26582239898289,0.5627929211620031,4.73455810546875,659729.583940494,20.14492948100451,1
2024-10-09,186.4233856201172,187.6070231535834,186.4233856201172,186.4233856201172,11297.06,2.02206364585129,2.811145318187158,3.452292896876827,63.39329886801314,183.77991638183593,184.105419921875,179.61251907348634,-24.590144266458953,1.6538953065523672,1.6038007109180623,True,33.33333333333333,72.72735134248317,65.0438288668919,0.5974655926842525,5.6716156005859375,648432.5239404939,90.75632231188469,1
2024-10-11,189.53042602539062,190.17157364981236,186.47269714618827,186.47269714618827,12306.746,0.04931152607107947,2.5645504962289465,0.04931152607107947,68.14586159851805,185.4666015625,184.8106704711914,180.60381698608398,-6.074861027839292,2.593988615605098,2.850254587045786,True,50.0,93.36725525183657,74.12621958394338,0.770686295730713,7.0525054931640625,656472.8712356273,127.35151066432407,1
2024-10-14,189.6783905029297,190.2702017142566,188.34678893860183,189.48112009915405,10109.759,3.0084229529657875,0.09862806444422745,1.8740917924135658,68.35927066931026,187.18287963867186,185.25946655273438,181.58771743774415,-5.555483556303985,1.8852936267174707,2.516714006033399,True,66.66666666666666,93.9394826094148,86.67802973457817,0.8310678425989639,4.4879608154296875,660361.325276294,112.57548502690872,1
2024-10-15,193.7224884033203,193.9197738598441,190.36884635315707,190.36884635315707,14767.707,0.8877262540030131,3.6495721455875128,2.022057414555235,73.62736247128088,188.81038513183594,185.95978546142578,182.79848251342773,-1.4706771466924802,2.894562333366563,4.174858194773709,True,83.33333333333334,98.52932285330752,95.27868690485298,1.0643066532170633,7.0031890869140625,673488.0785751452,148.86241884934446,0
2024-10-16,190.3688507080078,192.6374980530236,189.03724909984686,189.82634579169158,17800.388,-0.5425005614654879,-1.2822758068205076,-1.331597253310207,63.98915507325215,189.94470825195313,186.36419677734375,183.5234619140625,-26.470585420153412,0.6868992567125874,2.1344168899171883,False,66.66666666666666,73.52941457984659,88.66607334752297,0.9191303106821271,4.0441131591796875,668855.1273801886,86.57010416776119,1
2024-10-17,190.66476440429688,191.45386109844063,189.28384142685337,191.35521836763482,9541.205,1.5288725759432396,-1.1836369545829655,0.24659232700651046,64.43727019500422,190.79298400878906,187.2864501953125,184.25830612182617,-24.264677705546216,0.31570656624913424,2.1130517786924488,True,83.33333333333334,75.73532229445378,82.59801990920265,0.775192024934352,9.2225341796875,671457.2862303066,68.11176471475663,1
2024-10-18,195.39932250976562,197.4706843254834,194.5609044802915,196.5829599831425,32320.902,5.227741615507682,6.016823227042778,5.277063053438127,70.78315938637309,191.96676330566407,188.71668243408203,185.21261596679688,-12.20925135075225,2.003863671076971,4.226588412809144,True,83.33333333333334,85.71434373781021,78.32636020403687,0.9210723092624074,14.302322387695312,657762.1417840567,145.31423297038717,0
2024-10-21,195.35000610351562,197.2240975630238,195.30068473863017,196.33637319815517,13229.646,-0.2465867849873291,-0.2465867624596001,0.7397802583386692,70.6399247158201,193.10108642578126,190.14198303222656,186.20884628295897,-12.499937601243651,1.4643742110859748,3.5600702552527217,False,66.66666666666666,85.37422101157858,82.2746290146142,0.9335629675937134,14.253005981445312,645210.981639403,126.54192222198168,0
2024-10-22,194.6102294921875,194.6102294921875,192.6868166805469,194.5115867630706,8464.415,-1.824786435084576,-2.613868070836304,-2.6138680580832556,68.3757090589357,193.27863464355468,191.0445098876953,187.0546562194824,-16.860411238720154,0.6504278479860588,2.555663010361351,False,50.0,74.10720113952888,81.73192196297258,0.8156014754964742,9.0252685546875,653675.3966394031,69.20601402363225,0
2024-10-23,193.3279571533203,194.21568154851306,192.98272263809648,194.018411133,9448.724,-0.4931756300705956,-0.39454794367443924,0.2959059575495644,64.4683582038773,193.87045593261718,191.90758209228517,187.7229202270508,-28.571336943877952,0.02126481464980773,1.3356350839599038,False,33.33333333333333,62.33195125047782,73.93779113386177,0.5855791084221513,8.630722045898438,649518.0503520985,44.06211340001816,0
2024-10-24,192.14431762695312,194.0184091311425,191.84840448135276,193.32795515858683,8123.462,-0.6904559744131689,-0.19727241737055579,-1.134318156743717,60.96038692991871,194.16636657714844,192.47967529296875,188.29254760742188,-36.7345980814129,-0.743066449652721,0.4274734787418395,False,33.33333333333333,41.62179121224271,59.35364786741648,0.3023371708990332,5.7209320068359375,643610.1035988681,9.14063635749997,1
2024-10-25,193.7224884033203,193.87045249571315,192.34158051225714,192.34158051225714,12641.643,-0.9863746463296934,-0.14795663542935245,0.49317603090437956,63.82362563249286,193.83099975585938,192.8988815307617,188.85477600097656,-33.928619313447264,-0.19057856113434807,0.8558665910394453,True,33.33333333333333,55.5555260474514,53.169756170057326,0.17614944191217008,4.1920623779296875,653804.8324646696,18.576934685413207,0
2024-10-28,193.3772735595703,195.4486354454769,192.2922637259281,195.2020436697189,11494.619,2.8604631574617656,1.5781829497637432,-0.04931678632902958,62.72582752937142,193.43645324707032,193.26876983642578,189.26411819458008,-37.21963573133969,-0.19514563469976753,0.37331981629232447,False,16.666666666666664,51.46211885911382,49.54647870626932,0.031867760353154306,3.698883056640625,650212.8154121699,21.71389195327896,0
2024-10-29,188.88929748535156,190.61543989057017,187.60701725989284,190.61543989057017,24245.024,-4.5866037791487315,-4.833195554906723,-4.685246466035267,50.42494957771942,192.29226684570312,192.78545074462892,189.37261810302735,-86.9999644459619,-1.9666411251757572,-1.9289870254744748,False,16.666666666666664,13.000035554038107,40.00589348686779,-0.3806453525334268,-4.83319091796875,646635.7085618109,-146.9086728555427,1
2024-10-30,189.18521118164062,191.4045371377712,188.88929804400306,190.3195273166893,14156.688,-0.29591257388088366,0.7890972472010276,1.2822807841102133,51.114510705091966,191.46371765136718,192.66708679199218,189.51564178466796,-83.99992709351152,-1.350134703161585,-1.754385316161359,True,33.33333333333333,16.00007290648848,26.820742439880146,-0.6334918741764959,-1.1836395263671875,635810.0358716599,-107.4794118600071,0
2024-11-01,187.90293884277344,187.9522602095787,183.41496537732,183.61223579377298,19620.907,-6.707291522916307,-3.4522769281925036,-5.474332666683068,47.96095030152648,190.61544189453124,192.39090423583986,189.83867721557618,-68.07012517819398,-1.554624465369502,-2.17391053938003,False,33.33333333333333,32.50003986564569,20.500049442057435,-0.8722801269203586,-2.7618255615234375,655004.3759471044,-166.91813402846333,1
2024-11-04,190.3195343017578,190.56612608371157,188.19885099726267,188.44544277921642,7279.572,4.833206985443439,2.6138658741328697,4.78388561994268,53.81875424693104,189.93485107421876,191.88292541503907,190.29980392456054,-50.87715576911128,-0.1293984762439635,-0.9136617763680981,True,50.0,57.3770835109437,35.292398761025964,-0.8516980498017235,-5.0797882080078125,660767.3665902386,-57.52204836148148,1
2024-11-05,191.00997924804688,192.04566769342765,188.7906533154169,188.93861740805258,10108.207,0.49317462883615804,1.4795416097160796,0.5918023181542367,55.3840948281815,189.46139221191407,191.44892272949218,190.7954528808594,-45.964956337439524,0.4712645889189077,-0.5690866525730153,True,50.0,63.11469258929208,50.99727198862717,-0.7778443222379887,-4.34002685546875,664443.0654795894,-20.427094145567704,1
2024-11-06,192.53884887695312,195.35000104417722,190.8620278696471,191.4045327678021,16706.376,2.4659153597495163,3.304333350749573,2.0713745542302036,58.76072991928195,190.19130249023436,191.24178466796874,191.14314727783204,-33.92862507986691,1.3499442811525668,0.3512934869521382,True,66.66666666666666,75.81962483562226,65.43713364528601,-0.6191933215712364,-2.071380615234375,660220.5440586383,56.73061758250141,1
2024-11-07,194.7581787109375,195.35000498463847,191.84839880857024,192.24293962385931,13498.552,0.8384068560572189,3.940461255069749e-06,0.9863709389231303,63.17425792657532,191.30589599609374,191.38480682373046,191.6461944580078,-5.737707038906269,1.9930250768063862,1.534108111625477,True,83.33333333333334,94.26229296109373,77.7322034620027,-0.37023495645601523,1.4302215576171875,669156.1627481373,87.86218896771763,1
2024-11-08,196.28704833984375,197.2734154169284,195.99113520656493,196.68158915037074,12950.151,4.438649526511426,1.923410432289927,4.142736397994696,65.91562630119353,192.98271789550782,191.79907989501953,192.13937759399414,-7.117441519546164,2.1604271891415787,2.2566676644601937,True,83.33333333333334,92.88255848045384,87.65482542572329,-0.12094421062297345,4.142730712890625,662183.0512873462,131.87735371570415,1
2024-11-11,196.3856964111328,196.3856964111328,194.11704906195922,196.13910463515236,12364.013,-0.5424845152183764,-0.8877190057955886,-1.8740861446057124,66.09329388627987,194.19595031738282,192.06540069580078,192.48214111328124,-6.405615370105791,1.4651599966415665,2.172429733265411,True,100.0,93.59438462989422,93.57974535714727,0.024488889946433723,2.6632080078125,674547.0642873462,93.13982544436791,0
2024-11-12,191.355224609375,193.18000983343143,191.355224609375,192.53886216381548,26272.087,-3.600242471336884,-3.2056865777013854,-2.7618244525842215,51.236077830181685,194.26499938964844,191.86319580078126,192.56598281860352,-42.70456501729126,-1.2219909777231404,-0.41067330497250737,False,83.33333333333334,57.29543498270874,81.25745936435227,-0.23018207579951255,-2.0220489501953125,648274.9772873463,7.93469512094258,0
2024-11-13,190.12225341796875,191.35521225984922,189.87566164959267,191.20726321913043,9194.59,-1.3315989446850551,-1.8247975735822024,-1.4795629597823279,48.331121003049205,193.78168029785155,191.98649139404296,192.38597106933594,-51.60145599631368,-1.7834412929099641,-0.8976222298553003,False,66.66666666666666,48.398544003686325,66.4294545387631,-0.479407997349262,1.2329559326171875,642145.2506206795,-37.53437808393185,0
2024-11-14,188.3961181640625,189.87566883027242,187.50839378464363,189.67839841826463,12146.615,-1.5288648008657901,-1.4795434295768075,-2.367267864949042,44.47957663884865,192.50926818847657,191.90758209228517,192.28733444213867,-64.05692719960723,-2.326769680033026,-1.5844375160067259,False,50.0,9.090859322665573,38.261612769686884,-0.742536146598268,-0.789093017578125,639108.5582575321,-81.51998374764511,1
2024-11-15,189.72772216796875,190.22090572956913,188.24817148316765,189.43180902085496,7385.581,-0.24658939740967867,0.3452368992967081,0.7397776985240228,47.96904047657997,191.19740295410156,192.09006042480468,192.24048233032227,-54.44832017573058,-1.2069810948445465,-0.9249866091518664,True,50.0,22.727326849821353,26.738910058724418,-0.8037541643811204,1.8247833251953125,642801.3487575321,-77.1120044454984,0
2024-11-18,187.06451416015625,189.08656972169362,187.01520784585844,188.8399779471346,13394.516,-0.5918310737203569,-1.134336007875504,-1.2329636373092114,42.184400073690625,189.33316650390626,191.76455841064453,191.8237419128418,-73.66553422348387,-1.8078313572668425,-2.2254714145150087,False,33.33333333333333,0.4806523357634296,10.766279502750123,-0.9883173254153366,-3.2550201416015625,630044.5139116247,-111.62373005591154,1
2024-11-19,189.6290740966797,190.31952805332816,187.60701854089191,188.10020208860757,7618.321,-0.7397758585270253,1.232958331634535,0.5918106950334732,48.6850339598222,188.9879364013672,191.6264678955078,191.5376953125,-74.51926925135702,0.1302072160362951,-0.9594950847561264,True,33.33333333333333,25.480730748642987,16.22956997807593,-0.904639214480391,-1.3809051513671875,633784.4338565487,-63.67723155281377,0
2024-11-20,188.83998107910156,188.83998107910156,188.83998107910156,188.83998107910156,78.0,0.7397789904939884,-1.4795469742265936,1.232962538209648,46.91443160378126,188.73148193359376,191.25658111572267,191.2491828918457,-82.21157818653116,-0.06524871061054732,-1.308073465460623,False,33.33333333333333,17.788421813468844,14.58326829929176,-0.8691796568453758,-3.6988677978515625,633784.4338565487,-60.40577935404746,0
2024-11-21,186.76861572265625,187.55769735915808,186.02884040036017,187.40974831500586,15876.617,-1.430232764095706,-1.2822837199434787,-2.8111406787413955,42.489336779638315,188.4059814453125,190.45762481689454,190.9212158203125,-93.42104684964913,-0.8681975497950913,-2.2099776467019066,False,33.33333333333333,7.142856109292322,16.804002890468055,-0.945651991665091,-7.98956298828125,633272.4059249482,-98.62831715039212,1
2024-11-22,190.4181671142578,190.5661161554149,188.4947543253799,188.4947543253799,7965.587,1.0850060103740304,3.0084187962568194,2.46591392501972,51.315606978729015,188.5440704345703,189.87073669433593,190.83490829467775,-60.96493902677314,0.8884229284051551,-0.20677293413555917,True,50.0,61.379145816330244,28.770141246363806,-0.7210213881081158,-5.8688812255859375,640100.0932670372,-0.514377163031899,0
2024-11-25,189.72772216796875,192.09499724334336,189.62907943534154,192.04567587702977,7826.663,3.5509215516498784,1.528881087928454,1.134325109961651,49.74012356753458,189.07671203613282,189.20493927001954,190.63516998291016,-67.10518839388332,0.5226075085550438,-0.3496911639530831,False,33.33333333333333,60.975702794218584,43.165901573280394,-0.5947658772030785,-6.6579742431640625,632899.601523165,70.25427315096489,0
2024-11-26,187.2617950439453,187.70565721715053,186.22610660595507,187.50838681247788,11390.822,-4.537289064551885,-4.389340026192826,-3.4029728293864707,44.42589430067148,188.60325622558594,188.79559631347655,190.32939605712892,-88.09528063050513,-0.8011850239864275,-1.2547955673160436,False,33.33333333333333,20.32513625181521,47.55999495412135,-0.6487400240290453,-4.0934295654296875,637455.9766725383,-114.04076571438253,0
2024-11-27,184.54928588867188,186.86723948616807,184.4506431607924,186.5713263532968,14072.686,-0.9370604591810832,-0.8384177309824565,-1.7754634451626714,39.37741926892997,187.7451171875,188.23829956054686,190.1123954772949,-98.86998986777974,-1.7976650119071902,-2.1763286007502023,False,16.666666666666664,1.2903997749743383,27.53041294033605,-0.8271068941598001,-5.572967529296875,624532.152914076,-157.44065341255245,0
2024-11-28,184.2533721923828,184.54928532434923,182.92177062391747,184.4506425967714,13109.114,-2.120683756525409,-2.3179541618188466,-1.5288725368749283,38.8519834875655,187.2420684814453,187.82402496337892,189.86580352783204,-85.48382566233076,-1.5546796179209204,-2.025832735385594,False,16.666666666666664,14.516174337669245,12.043903454819601,-0.9179838067979198,-4.1427459716796875,632874.2943269581,-154.90952431271745,1
2024-11-29,184.69723510742188,185.43701041492824,181.9847256465652,182.4285878209156,8128.22,-2.0220547758557927,0.8877250905790106,-0.937044977352258,40.15859514954007,186.09788208007814,187.32097625732422,189.70551834106445,-73.17075575179342,-1.1351664602294973,-1.553158606573785,True,33.33333333333333,26.82924424820659,14.21193945361673,-0.8999567052476886,-5.030487060546875,637518.9914698153,-115.07804261203782,1
2024-12-02,189.08657836914062,189.08657836914062,185.93020652058928,185.93020652058928,10544.078,3.501618699673685,3.6495679542123867,3.9454808740240708,51.368901500293305,185.9696533203125,187.52318267822267,189.64387054443358,-29.756063874302136,1.3347447243608768,0.755537100959568,True,33.33333333333333,70.24393612569786,37.196451570524566,-0.5607731661398243,2.022064208984375,648063.0694698152,23.813789777514913,1
2024-12-03,191.65113830566406,192.1936432427993,191.1086333685288,191.65113830566406,9953.106,5.720931785074782,3.107064873658686,5.178426847939534,56.55624412166924,186.84752197265624,187.7253890991211,189.67592849731446,-5.314029935312335,2.5329861792577417,2.0349267603708125,True,50.0,94.68597006468767,63.919716812864046,-0.15325084870817096,2.022064208984375,648063.0694698152,124.41432988652664,1
2024-12-04,192.7854461669922,192.7854461669922,191.40453825100855,192.04567084397934,6455.249,0.3945325383152749,0.5918029241928764,0.2959048824797321,58.68276082226998,188.4947540283203,188.11993560791015,189.6882583618164,-0.0,2.634340159486696,2.378974830168565,True,66.66666666666666,100.0,88.30996873012852,0.18481584133051945,3.945465087890625,654518.3184698152,115.83041736326048,1
2024-12-05,193.82113647460938,193.91977920559052,192.98271841357246,193.0813611445536,7446.203,1.0356903005742595,1.134333038598328,1.5781801625639105,60.60357679362483,190.40830688476564,188.82518768310547,189.64140625,-0.8264959222285737,2.343750031473156,2.738382722103885,True,83.33333333333334,99.17350407777143,97.95315804748638,0.45491230060182564,7.052520751953125,660396.8242497061,111.87818131311465,0
2024-12-06,193.08135986328125,194.01840559831354,192.34158453813458,193.82113518842792,6809.506,0.7397740438743199,0.09862639272301976,-0.6411338754378733,58.48493412502078,192.0851318359375,189.0915069580078,189.4811218261719,-7.786859371277741,1.1671467716920167,2.154862044237562,False,83.33333333333334,92.21314062872226,97.12888156883123,0.5539044452170907,2.6631927490234375,659595.7166827513,85.1517213111336,1
2024-12-09,193.3279571533203,193.57454893540364,193.03204400466674,193.47590620226313,4639.864,-0.34522898616478415,-0.44385666290989434,0.6904594665321611,59.00607510204808,192.93340759277345,189.45153045654297,189.32823486328124,-5.737633440159011,0.5386008328766562,1.9903751870670772,True,83.33333333333334,94.26236655984098,95.21633708877823,0.6021480062118639,3.6002349853515625,660017.5459053341,76.19050299212418,0
2024-12-10,191.94705200195312,193.77182218560344,191.89773063466134,193.0813681958231,4477.307,-0.3945380064400297,0.19727325019979958,-1.1343133700054011,54.80344234810276,192.99259033203126,189.92005615234376,189.35782623291016,-17.212968972633107,-0.4263978795422808,1.1938609847198738,False,66.66666666666666,82.7870310273669,89.75417940531004,0.5108185101944069,4.6852569580078125,655775.9017820106,51.46393872062296,0
2024-12-11,190.27020263671875,191.60180420750245,189.97430455500427,190.36884536446834,6714.689,-2.712522831354761,-2.1700179781009865,-1.9234260796570766,50.07851716492271,192.48954162597656,190.49214782714844,189.36522369384767,-31.14760386368946,-1.1782849571043743,0.28593048446582886,False,50.0,68.85239613631055,81.96726457450615,0.3167442420551614,5.720916748046875,651502.8275514633,6.702406066161255,1
2024-12-12,192.48953247070312,193.08135874770807,191.799078514709,192.24294069707898,5027.241,1.8740953326106364,1.479554540205612,1.8247739597047428,55.604872055080584,192.2232208251953,191.31576385498047,189.56989440917968,-12.704950885687186,-3.963537201700722e-06,1.2232505998807712,True,50.0,81.09748396498935,77.57897037622227,0.3163683651860735,8.236160278320312,651889.5020854608,39.65941650555665,1
2024-12-13,192.6374969482422,192.93341008733282,191.45385944264706,191.99634930508452,4520.427,-0.2465913919944569,-0.14794866037524912,-0.34521907206195124,55.959463351069125,192.1344482421875,192.1097900390625,189.71538314819335,-11.475364606740442,0.17953405417810064,0.9432750274037717,True,50.0,65.85375500555355,71.93454503561783,0.3045078260300964,7.9402618408203125,654601.7398917964,20.00396242434803,1
2024-12-16,193.4265899658203,194.95544689570912,193.0813554683032,194.31431431548265,7343.592,2.317965010398126,2.022036808376299,1.6274960256561428,57.91505777674215,192.1541748046875,192.54379119873047,190.03348693847656,-11.786984705956202,0.559805490104903,0.9523811419952889,True,66.66666666666666,69.30710216017508,72.08611371023933,0.3262919628097787,4.3400115966796875,649963.7376586734,116.99127284841583,1
2024-12-17,194.4129638671875,195.35000961377943,194.06772935755313,194.4129638671875,9294.229,0.09864955170485246,0.3945627180703184,0.9863738892499327,60.31788702956188,192.64735717773436,192.81997375488282,190.27268142700194,-9.947615011924736,0.977675149361753,1.0402235945664897,True,66.66666666666666,82.56887726639087,72.57657814403984,0.3798682899476167,2.7618255615234375,645674.1690293908,141.36579128869045,0
2024-12-18,194.4129638671875,195.15273920146026,192.93341319864197,194.11705072332487,6553.877,-0.29591314386263434,-0.19727041231917042,-1.1343161589111617,60.31788702956188,193.4759094238281,192.98272552490235,190.55133056640625,-17.43112273360913,0.7625824174477074,0.8076748365397368,False,66.66666666666666,82.56887726639087,78.14828556431894,0.38674891177741444,1.6275177001953125,647858.7946960574,86.27797558745056,0
2024-12-19,191.749755859375,192.1443117249788,190.91135286515572,191.70044954559594,13045.047,-2.4166011777289214,-3.0084274764814722,-2.0220603334862517,50.96748987626631,193.3279541015625,192.7755874633789,190.80038757324218,-66.97268014225351,-0.7445905991754223,-0.5774975704810426,False,66.66666666666666,33.027319857746484,66.05502479684274,0.19315968427998564,-2.071380615234375,652554.8205265016,-88.35082368449716,0
2024-12-20,189.97430419921875,191.10862031237895,189.3824779353639,191.10862031237895,11123.394,-0.5918292332169983,-1.0356914125998458,-1.5288749297918116,45.80361170389902,192.79531555175782,192.46488189697266,190.77819442749023,-90.0825618405099,-1.4497704877027477,-1.378280668311807,False,50.0,9.917438159490098,41.83787842787582,-0.059717607678878126,-3.1070556640625,649058.9742885691,-141.69576747417517,1
2024-12-23,194.5609130859375,194.6102344517529,191.8484035245366,192.0456739370304,11176.066,0.9370536246514405,3.5016141393739417,2.4659255891726843,57.84126283166007,193.02218017578124,192.5881774902344,191.01985397338868,-13.223164456689604,0.7619941297248493,0.9704602154429528,True,50.0,86.7768355433104,43.24053118684899,0.06964868533853985,1.2329559326171875,659835.8711474526,60.96201674257911,1
2024-12-24,195.10342407226562,196.38570436948066,194.80751091894396,195.79387806283736,8195.902,3.7482041258069785,1.7754699177277757,2.9591073944073685,59.01586965974138,193.16027221679687,192.90381469726563,191.41193542480468,-18.309850599265385,0.8969221684846693,1.1635388524650114,True,50.0,81.69014940073461,59.46147436784505,0.17357263358740427,3.1563720703125,654713.4519379312,116.7422693817911,1
2024-12-25,195.69522094726562,195.79386367471338,194.75817523958037,195.79386367471338,5906.123,-1.4388123986464052e-05,-0.591840694767285,-0.049335679363593954,60.33111746351785,193.4167236328125,193.44631652832032,191.96923217773437,-9.859504454279753,1.0912424408669277,1.3667069127463096,True,50.0,90.14049554572024,86.20249349658843,0.2588516510741722,5.425018310546875,659494.5337351933,98.7472118963753,0
2024-12-26,195.54727172851562,195.793863496143,195.30067996088823,195.69522076878522,4803.561,-0.09864290592815905,-1.7857038869806274e-07,0.5425047213078642,59.80766496435229,194.1762268066406,193.75209045410156,192.533927154541,-11.97209099052616,0.9162616072844879,1.1329069701556824,False,50.0,88.02790900947385,86.61951798530957,0.28017507736361,3.0577392578125,659494.5337351935,89.93169593954573,1
2024-12-27,196.18841552734375,196.33637962684497,194.61023715470625,194.90615030294077,6987.417,-0.7890704658444463,0.5425161307019835,-0.6904428061819772,61.391290599641295,195.41904907226564,194.10718231201173,193.1084861755371,-2.8171135689088347,0.862068897890796,1.206351458665383,True,66.66666666666666,97.18288643109116,91.7837636620951,0.31001406611666305,3.5509185791015625,665284.0347103784,83.21258733023934,0
2024-12-30,195.10342407226562,195.9418271141141,194.95545997022072,195.4486435421674,8677.266,0.5424932392266157,-0.39455251273088265,0.345222815514461,57.22853113182968,195.52755126953124,194.27486572265624,193.40932846069336,-18.309850599265385,-0.13462948228414273,0.5336772893326339,False,66.66666666666666,81.69014940073461,88.96698161376655,0.23276173124732935,1.6768341064453125,659210.1073958641,55.154869576836795,0
