Date,Close,High,Low,Open,Volume,Open_diff,High_diff,Low_diff,RSI_12,MA_5,MA_10,MA_20,W%R_12,BIAS_6,BIAS_12,up,PSY_6,K,D,MACD,MTM_10,AD,CCI_10,UpDown
2021-01-04,496.3531188964844,500.0572466494432,488.9448633905667,490.7969272670461,38770.328,3.7041493382798762,9.260341131865061,3.7041492562063922,74.81832407102935,485.42591552734376,479.3140899658203,476.16241455078125,-11.764680862887644,2.681997715126284,3.8424380661307684,True,83.33333333333334,88.23531913711236,96.07843971237082,0.7554688128685942,24.076873779296875,394038.6686772756,177.05239499704373,1
2021-01-05,501.9092102050781,501.9092102050781,495.4269879330568,496.3530196862027,34411.866,5.556092419156585,1.8519635556349385,6.482124542490112,77.40804048519631,490.4264770507813,481.7217712402344,477.57506256103517,-0.0,2.8137720036612732,4.431588430222171,True,83.33333333333334,100.0,96.07843971237082,1.4118603000727674,24.076812744140625,428450.5346772756,146.46409704373406,1
2021-01-06,508.3913879394531,513.9475779715783,500.9831345632862,513.9475779715783,53030.554,17.594558285375626,12.038367766500187,5.556146630229421,80.02285625124917,496.7234741210938,485.42589111328124,478.85106353759767,-12.244916241651769,3.034076444739051,5.1220496938454225,True,83.33333333333334,87.23401556132674,91.8231115661464,2.0766140395874615,37.04119873046875,436026.32810584694,144.21571881161478,1
2021-01-07,523.2080688476562,527.8382287489629,512.0956850845201,513.0217170647816,51166.782,-0.9258609067967427,13.890650777384622,11.112550521233914,84.49709243373907,504.13173828125,490.61167907714844,481.05220184326174,-7.812488370652703,4.4040791957945284,7.346436801716064,True,100.0,91.80328833270578,93.0124346313442,3.238917085550332,51.857879638671875,457095.00304702355,159.5153880067415,1
2021-01-08,537.0985107421875,537.0985107421875,528.7642235065329,537.0985107421875,59563.555,24.07679367740593,9.260281993224567,16.668538422012716,87.38631602208997,513.3920593261719,497.0939056396484,484.3164657592773,-0.0,5.3906785728072855,8.971354514814264,True,100.0,100.0,93.0124346313442,4.585651994186087,64.822265625,516658.55804702354,160.28123611359328,1
2021-01-11,540.802734375,540.802734375,531.5424135809076,534.3205098191353,48810.99,-2.7780009230522182,3.7042236328125,2.77819007437472,88.03502440251508,522.281982421875,503.85394897460935,487.581640625,-0.0,4.410033000482091,8.449419329603346,True,100.0,100.0,97.26776277756863,5.316874870945224,67.60043334960938,565469.5480470236,128.09491902117242,1
2021-01-12,547.2847900390625,552.8409808008804,538.9505038963357,539.876535689972,50232.426,5.55602587083672,12.038246425880402,7.408090315428126,89.10469727702822,531.3570983886718,510.89178771972655,491.53951873779295,-6.8181842051416375,3.957775279798549,8.39063656311264,True,100.0,92.77107914506443,97.59035971502152,5.789131336473687,70.37838745117188,575516.0332470235,120.48640381147098,1
2021-01-13,560.2493286132812,560.2493286132812,549.1369452358277,550.98900913207,62662.393,11.112473442098008,7.408347812400848,10.186441339492035,90.88306268927441,541.7286865234375,519.2260803222656,496.3299270629883,-0.0,4.490506294801338,9.386778807409584,True,100.0,100.0,97.59035971502152,6.474818521893383,83.34292602539062,638178.4262470235,118.84859320145742,0
2021-01-14,548.2109375,552.8410974451014,543.5807775548986,543.5807775548986,75288.477,-7.408231577171364,-7.408231168179896,-5.556167680929093,77.98835740638842,546.7292602539062,525.4304992675782,500.14981231689455,-14.130397987221558,0.9951705295820923,5.808768557499241,False,83.33333333333334,83.1169183084395,91.96266581783469,5.647949110010629,62.044189453125,638178.4262470235,78.00593390984632,1
2021-01-15,556.545166015625,578.7699313806417,556.545166015625,575.0658038198055,92010.5,31.485026264906878,25.928833935540297,12.964388460726354,80.11874125161168,550.6185913085938,532.0053253173828,504.4558639526367,-21.621622792837083,1.4916921795159566,6.05882263141072,True,83.33333333333334,73.33335679583477,85.48342503475813,5.203644559015615,65.74826049804688,546167.9262470235,108.89554556424734,1
2021-01-18,562.1015014648438,563.0275335924629,550.0630838057943,563.0275335924629,45726.476,-12.03827022734265,-15.742397788178778,-6.482082209830651,81.426171287308,554.8783447265625,538.5801635742188,508.9471267700195,-17.821628798524586,1.7318607251700073,5.841349146727207,True,83.33333333333334,78.57164634901264,78.340640484429,4.833276625681254,65.74838256835938,585362.0485327382,80.6646031789514,1
2021-01-19,580.6220092773438,585.2521688409589,567.6575624992213,572.2877220628365,50672.866,9.260188470373578,22.224635248496043,17.594478693426936,85.01054588833422,561.5457885742187,546.4514434814453,514.0866073608398,-4.807692980259069,3.8365960023136942,7.809140959810945,True,83.33333333333334,93.67088284473809,81.8586286631952,5.3449932094285835,78.71279907226562,609364.985059054,135.93094963575572,1
2021-01-20,599.1426391601562,601.9207348595078,584.3261287636145,586.1781925631822,82066.422,13.890470500345714,16.66856601854886,16.668566264393235,87.61739253788541,569.3244506835938,555.5265686035157,520.4762298583985,-2.6086937304123534,5.51779685272456,9.506345054289087,True,83.33333333333334,96.20253119240827,89.48168679538638,6.370583720311142,90.75125122070312,665515.694848528,167.1677705595314,1
2021-01-21,623.2195434570312,628.7757355235129,592.6604870913819,592.6604870913819,89019.137,6.482294528199759,26.85500066400516,8.334358327767404,90.06721293855801,584.326171875,565.5277160644531,528.0696975708008,-4.347819846166959,7.766217586919426,11.840474250545403,True,83.33333333333334,94.28571198075349,94.71970867263332,8.004565907741444,100.011474609375,727144.3281562204,174.50390059736648,0
2021-01-22,600.9947509765625,615.8112625568783,600.9947509765625,600.9947509765625,125179.403,8.334263885180576,-12.964472966634617,8.334263885180576,75.10440274284298,593.2160888671875,571.9173400878906,534.5056228637695,-23.80954108472551,2.365931118620765,6.378911546252532,False,83.33333333333334,69.07218156446689,86.52014157920958,6.961110021248945,63.896240234375,601964.9251562203,105.6507053183644,0
2021-01-25,586.17822265625,598.2166379714653,579.6959990249803,594.5125101821683,93050.133,-6.482240794394215,-17.594624585413044,-21.298751951582176,67.00836097692934,598.0314331054688,576.4548889160156,540.1544189453125,-42.59260959881367,-0.9906184868142969,2.8014604978615774,False,66.66666666666666,49.99996022891894,71.11928459137981,4.751099836234975,45.37548828125,574049.8852562198,39.99999508544835,0
2021-01-26,571.3616333007812,592.6603651742302,564.8794105566882,585.2521106095523,100153.482,-9.260399572615938,-5.556272797235124,-14.816588468292139,59.95751369186464,596.1793579101562,578.8625732421875,544.877180480957,-59.047763745665236,-3.7441610322908914,-0.29627027426670877,False,50.0,32.60856793440409,50.56023657593001,1.914935789890663,24.07684326171875,520634.69485621934,-8.242059364734509,0
2021-01-27,569.5095825195312,578.769900934483,565.8054551535506,572.2876780440168,59985.191,-12.964432565535503,-13.890464239747189,0.9260445968624254,59.10938460488443,590.2527465820312,579.7885986328125,549.5073394775391,-65.97940459532342,-3.755876454090714,-1.0325963324760736,False,33.33333333333333,24.70568363454004,35.77140393262106,-0.342010922007411,9.26025390625,494926.75585621904,-34.31395150817447,0
2021-01-28,556.545166015625,563.0273892470882,553.7670703449979,555.6191341254159,96447.533,-16.668543918600903,-15.742511687394767,-12.038384808552678,53.34682338981866,576.91787109375,580.622021484375,553.0262603759766,-84.78268107661674,-4.804648932946258,-3.4150310982532677,False,16.666666666666664,8.235121125225037,21.849790898056426,-2.825988261748293,8.334228515625,456347.7426562188,-96.43042668698219,0
2021-01-29,547.2847900390625,573.2136802608794,547.2847900390625,573.2136802608794,90745.237,17.594546135463474,10.18629101379122,-6.482280305935433,49.58036608624845,566.17587890625,579.6959838867188,555.8506546020508,-95.6523102159069,-4.317332133737491,-4.843700678278664,False,0.0,0.0,10.980268253255064,-5.0792255919513885,-9.2603759765625,365602.50565621885,-96.91378167498112,1
2021-02-01,565.8053588867188,566.7313905706577,543.5805984721832,550.9888519436951,67462.398,-22.224828317184347,-6.482289690221705,-3.704191566879331,56.31039413862935,562.1013061523438,580.0663696289063,559.3232666015625,-73.91311149467927,-0.054541420006442125,-1.873684663832272,True,16.666666666666664,26.086888505320722,11.440669876848625,-5.285229550330943,3.703857421875,427667.911816219,-86.05367510829073,1
2021-02-02,585.2521362304688,590.8083273972137,575.9918176192272,582.4740406470962,78429.188,31.48518870340115,24.076936826555993,32.411219147043994,62.10450327872452,564.8794067382812,580.5293823242188,563.4904129028321,-51.08695261188602,3.408786128289702,1.0795640997377387,True,33.33333333333333,48.913047388113974,24.999978631144938,-4.126113655183012,4.630126953125,447275.208816219,12.745032160639056,0
2021-02-03,583.4000854492188,594.5124680292039,583.4000854492188,590.8083405025421,48738.97,8.33429985544592,3.7041406319901853,7.408267829991587,61.260425699303525,567.6575073242187,578.955126953125,567.2408477783204,-53.26084521344865,2.717397495131404,0.4517675449422168,False,33.33333333333333,55.12823048441676,43.37605545928386,-3.5219670585265206,-15.7425537109375,398536.23881621903,29.60097754599165,0
2021-02-04,580.6220092773438,585.2521688409589,574.1397858882825,579.6959773646207,46371.9,-11.11236313792142,-9.260299188244971,-9.260299560936232,59.927622158544345,572.4728759765625,574.6953735351562,570.1115447998047,-56.521684115792596,1.8959995546939925,-0.026570852324989378,False,33.33333333333333,67.79666158936591,57.27931315396558,-3.3484043312426905,-42.5975341796875,406264.88881621906,18.60094115577823,1
2021-02-05,585.2521362304688,593.5864229805861,584.3261043693445,590.8083273972137,53267.273,11.112350032592985,8.334254139627205,10.186318481062017,61.45244799150686,580.0663452148438,573.1211120605469,572.5192260742188,-51.08695261188602,1.8533471159247619,0.9719063276905731,True,50.0,81.81819776246826,68.24769661208369,-2.973415769141308,-15.74261474609375,363651.0704162197,78.93739883982431,1
2021-02-17,613.9591064453125,618.5892656191082,611.1810109410351,613.9591064453125,107614.29,23.150779048098798,25.00284263852211,26.85490657169055,69.3427170084455,589.6970947265625,575.8992004394531,576.1770446777343,-6.1728322204769945,4.822133802478958,6.065855053101031,True,66.66666666666666,93.827167779523,81.1473423771191,-0.9485300110426671,27.7808837890625,336747.4979162193,186.1108210522313,0
2021-02-18,611.1809692382812,615.8111280961471,607.4768421519886,614.8850963245739,53109.01,0.9259898792613512,-2.778137522961174,-3.7041687890464345,67.87593449904259,594.882861328125,579.8811340332031,579.3718536376953,-9.876587150010012,3.0176808496684115,5.431301898211597,False,50.0,90.12341284998998,88.58959279732711,-0.0028126206670364695,39.8193359375,330846.49680510786,126.69200025614383,0
2021-02-19,603.7728271484375,608.4029868658334,599.1426674310414,607.4769549223543,50279.585,-7.408141402219599,-7.408141230313618,-8.334174720947203,63.941418561364756,598.9574096679687,583.3074584960938,581.5480285644531,-19.75296860247986,1.2422443947053394,3.890596984129203,False,33.33333333333333,80.24703139752013,88.06587067567773,-0.07854280909618438,34.26324462890625,330846.4968051085,77.92070407535718,0
2021-02-22,601.920654296875,613.0330356069711,601.920654296875,611.1809720552884,36474.61,3.7040171329341547,4.630048741137671,2.7779868658335545,62.94622863049645,603.217138671875,587.8450073242187,584.2335144042969,-22.22224704990849,0.41193848289838403,3.1200353964450973,False,33.33333333333333,77.77775295009151,82.71606573253392,-0.43577865759694845,45.37548828125,294371.8868051085,69.80922490645999,0
2021-02-23,593.5863037109375,595.4383670610497,586.178050310489,593.5863037109375,50076.333,-17.594668344350907,-17.594668545921422,-15.74260398638603,58.47838573180343,604.8839721679688,592.4751586914062,586.0855712890625,-33.33343046770258,-1.334031868927993,1.343857234707484,False,33.33333333333333,43.749708523964614,67.25816429052547,-1.3634141184261068,46.301513671875,324417.686605108,-3.7669496377657383,0
2021-02-24,578.7698364257812,588.956185546875,578.7698364257812,580.6218999023437,66206.75,-12.96440380859383,-6.4821815141747265,-7.40821388470772,51.40259921914476,597.8461181640625,593.7716064453125,586.9189880371093,-53.08643748505716,-3.623752554855063,-1.4972497197443269,False,16.666666666666664,10.416433590532652,43.981298354862965,-3.0105028698556247,12.9644775390625,258210.93660510803,-75.09187965020438,1
2021-02-25,588.0301513671875,588.956183101624,581.5479292261319,588.956183101624,43231.417,8.334283199280321,-2.4452509705952252e-06,2.7780928003506915,55.10628821521582,593.2159545898437,594.0494079589844,587.2893951416015,-40.74077758515868,-1.3719948732158225,-0.4962208612610284,True,16.666666666666664,31.24978191650692,28.47197467700143,-3.478802352723797,2.77801513671875,290634.4993551082,-53.38566970940432,0
2021-02-26,561.17529296875,572.2876750077352,561.17529296875,565.8054521516605,111861.175,-23.15073094996353,-16.668508093888818,-20.37263625738194,44.40096966882167,584.6964477539062,591.8269287109375,585.3910278320312,-100.0,-4.5418691053400195,-4.978437996335984,False,16.666666666666664,0.0,13.88873850234656,-5.480567622948055,-22.22479248046875,178773.3243551082,-145.03182637564382,1
2021-03-02,563.953369140625,575.9917826033969,563.953369140625,575.0657507985684,54041.533,9.260298646907927,3.7041075956617533,2.778076171875,45.593740869576436,577.1029907226563,590.1600646972656,582.4277191162109,-95.16132390142548,-2.973972991247784,-4.220184446757039,True,33.33333333333333,4.838676098574528,12.029486005027186,-6.434947718736062,-16.66864013671875,124731.7913551082,-113.98805900050743,1
2021-03-03,575.9917602539062,575.9917602539062,556.5450931070702,563.9533472582458,48252.965,-11.112403540322589,-2.234949067769776e-05,-7.408276033554785,50.60331274342203,573.58408203125,589.2340270996094,581.1775695800782,-68.65673864364469,-0.16051253985703468,-2.072950534272705,True,50.0,32.81249901468893,12.550391704421193,-6.077178683467135,-9.2603759765625,172984.7563551082,-86.39054122764023,0
2021-03-04,556.545166015625,565.8054849177153,556.545166015625,563.9534211372973,67711.962,7.387905145606055e-05,-10.186275336190988,7.29085547845898e-05,43.53866489964324,569.1391479492188,583.4926330566407,579.6959167480469,-99.99988248927846,-2.487821185031794,-5.05528328600468,False,50.0,0.00012906923417279308,12.55043472749925,-6.911181928382527,-57.4139404296875,105272.7943551082,-106.32049738370611,0
2021-03-05,556.545166015625,560.2492935764611,540.8026238820715,544.5067514429077,79918.467,-19.446669694389584,-5.556191341254134,-15.742542133553457,43.53866489964324,562.8421508789063,578.029052734375,578.9550933837891,-79.76189512490815,-1.8508362991382823,-4.666217244355842,False,50.0,21.794894640101603,18.20250757467494,-7.191656926727736,-54.63580322265625,154746.13106939377,-111.28810424889186,0
2021-03-08,553.7669677734375,564.8793483976536,553.7669677734375,563.0272849602843,43219.772,18.520533517376634,4.630054821192516,12.964343891365957,42.52919009697502,561.3604858398437,573.028466796875,578.1679626464844,-82.71616795028267,-1.3472748120832359,-4.320007910658011,False,33.33333333333333,23.72868590603187,15.174569871789254,-7.2713950614508285,-50.005859375,111526.35906939377,-76.9233993864692,0
2021-03-09,550.989013671875,550.989013671875,541.7286941143645,541.7286941143645,68768.861,-21.29859084591976,-13.890334725778644,-12.038273659072956,41.48010523629814,558.7676147460937,567.935302734375,577.8901550292969,-85.8973671248063,-1.5443889747810742,-3.9677051473485094,False,33.33333333333333,21.153969587360617,22.22585004449807,-7.204546653510382,-50.931640625,180295.22006939378,-116.29135793473925,1
2021-03-10,552.8409423828125,556.5450692999502,549.1368154656747,556.5450692999502,40146.301,14.816375185585684,5.556055628075228,7.408121351310115,42.5114237646256,554.137451171875,563.8607666015625,578.1679626464844,-83.33344887110611,-0.88545575102155,-2.926835829275689,True,33.33333333333333,24.9998519234127,23.294169138935104,-6.737436020490866,-40.745361328125,180295.2200693944,-74.87223573025562,1
2021-03-11,563.953369140625,566.7314645551108,550.9889238730244,551.9149556778531,54416.046,-4.630113622097156,10.186395255160619,1.8521084073497605,48.4574692875833,555.619091796875,562.3791198730469,578.0753631591797,-57.627106521247015,1.4718104696439365,-0.4223997472143165,True,33.33333333333333,65.7894252087465,37.314415573173314,-5.437596159732998,-14.81646728515625,215505.6027752767,-11.363693795903169,1
2021-03-12,568.58349609375,572.2876231041328,563.9533373307715,569.5095278463457,33168.846,17.59457216849262,5.556158549021916,12.964413457747128,50.771839510723005,558.0267578125,560.4344543457031,577.2419311523438,-42.30775200999482,1.9369058805600918,0.7658590307099279,True,50.0,78.94724745108115,56.57884152774682,-4.085249353199328,-19.4466552734375,219191.03010861002,89.00146452467857,0
2021-03-15,565.8053588867188,568.5834539385357,563.9532955188408,568.5834539385357,27416.758,-0.9260739078099505,-3.7041691655970226,-4.1811930714175105e-05,49.3222036645967,560.4344360351563,560.8974609375,576.3621948242187,-48.07707797745716,1.158930590111001,0.46586880905014366,False,50.0,71.05242578405343,71.92969948129372,-3.2343514665358595,4.63006591796875,213707.67850860948,62.68603395335131,1
2021-03-16,567.6575317382812,567.6575317382812,562.1013405630289,564.8794361506551,36949.425,-3.704017787880616,-0.9259222002544902,-1.851954955811948,50.35316870790366,563.7681396484375,561.2678771972656,575.7139709472656,-23.68414354863489,1.0717300754972465,1.099511191171887,True,66.66666666666666,85.29429417102462,78.43132246871977,-2.4394902095031545,3.70416259765625,250657.10350860946,63.918116339646055,0
2021-03-17,561.6137084960938,569.0523006616049,559.754060454716,569.0523006616049,39517.807,4.1728645109498075,1.3947689233236815,-2.3472801083129298,46.95294233059913,565.5226928710938,559.8300720214844,574.5320495605469,-40.85938575902855,-0.318659992581066,0.016601536493586155,False,66.66666666666666,66.09841234945971,74.14837743484595,-2.2197634994235553,-14.3780517578125,226946.41930860947,49.36869265107373,0
2021-03-18,559.7540283203125,566.262796091479,559.7540283203125,563.4733241895505,29415.526,-5.578976472054478,-2.789504570125928,-3.213440345462004e-05,45.91224457136773,564.6828247070313,560.1509582519532,571.8217956542969,-46.144161544670325,-0.8514967099457538,-0.25242131789744215,False,50.0,58.985490662919574,70.12606572780135,-2.0999568927858987,3.2088623046875,197530.89330860946,26.584508363185954,0
2021-03-19,549.5259399414062,556.0347074195616,549.5259399414062,552.3154117177586,70866.028,-11.15791247179186,-10.228088671917362,-10.22808837890625,40.52321603842456,560.8713134765625,559.4490356445312,568.7390441894531,-72.29373900310479,-2.246835769444784,-1.688677549183735,False,33.33333333333333,25.51544208127317,50.19978169788419,-2.5783247663621873,-7.01922607421875,126664.86530860946,-92.47419944058183,1
2021-03-22,551.3856201171875,556.0347400169951,544.8768522574568,546.7365002173798,34089.033,-5.578911500378808,3.2597433460068714e-05,-4.64908768394946,41.87643036384734,557.9873657226562,559.2109008789063,566.1196838378906,-66.38717962012666,-1.4133525207491888,-1.2800404413094513,True,33.33333333333333,23.745293031480035,36.08207525855764,-2.6292503075600973,-2.38134765625,132346.37080860964,-83.69573999017555,1
2021-03-23,552.3154296875,560.6838452888258,551.3856057317971,555.1049015546085,29374.037,8.368401337228761,4.649105271830649,6.508753474340324,42.58888854118919,554.9189453125,559.3435424804687,563.6394226074219,-65.35632653657423,-0.848520039304265,-1.0511232917934354,True,50.0,27.137425180967742,25.466053431240358,-2.462943251137368,1.326416015625,108847.14120860978,-56.68360081544898,0
2021-03-24,535.5786743164062,541.1576188405355,530.929553879632,530.929553879632,107253.959,-24.175347674976592,-19.52622644829023,-20.45605185216516,34.32654869183429,549.7119384765625,557.6173156738281,560.7390411376953,-88.7588552271678,-2.9213380469673496,-3.788306932244633,False,33.33333333333333,11.241144772832202,20.707954328426702,-3.291022458099968,-17.26226806640625,99096.7812995178,-190.4692861342999,0
2021-03-25,534.6487426757812,540.2276860776154,529.9996231742527,531.8592709748641,67833.354,0.9297170952321494,-0.9299327629200889,-0.9299307053792063,33.927589867892124,544.6908813476563,554.6868530273438,558.5329864501953,-89.00605488734993,-2.2939749483971568,-3.719845009755311,False,33.33333333333333,11.904739445929648,16.76110313324324,-3.6826989613808063,-29.30462646484375,92930.11275406339,-139.57852180697503,1
2021-03-26,548.5961303710938,550.4557782706568,539.2978908732786,541.1575387728417,36829.858,9.298267797977587,10.228092193041334,9.298267699025814,44.48461795584923,544.5049194335937,552.6881164550781,556.5612854003906,-56.02415052100629,0.5967586654219994,-1.145212164049885,True,50.0,47.619032530775314,23.588305583179096,-2.8224849952470645,-19.98736572265625,117483.35142073018,-50.61562646763654,1
2021-03-29,556.964599609375,559.7540717276189,554.1751274911311,556.964599609375,37884.733,15.80706083653331,9.298293456962142,14.877236617852532,49.74089218178992,545.6207153320313,551.8040405273438,556.3507507324218,-36.23492130194307,1.899637325841012,0.46818889521578233,True,66.66666666666666,69.04770215526267,42.85715804398925,-1.5723047018968357,-8.84075927734375,117483.35142073018,37.714961345702854,0
2021-03-30,555.1049194335938,557.8943913905465,550.4557995053392,557.8943913905465,33099.123,0.9297917811715024,-1.8596803370724047,-3.7193279857918924,48.624791854349056,546.17861328125,550.548779296875,555.9083282470704,-35.71427652439005,1.4443499571907303,0.3360222220734988,False,50.0,69.23083183218952,61.965855506075876,-0.7923905866761363,-12.5526123046875,125758.13217073005,30.686956967688147,0
2021-03-31,545.806640625,555.1048798179302,545.806640625,554.1750558986371,38790.886,-3.719335491909419,-2.789511572616334,-4.6491588803392006,43.322582561307655,548.2242065429688,548.9680725097656,554.399072265625,-59.52385734405381,-0.056760260247798025,-1.0465747174908875,False,33.33333333333333,51.515131756395256,63.2645552479492,-0.8210225563962252,-15.80706787109375,86967.24617073005,-7.576064644010941,1
2021-04-01,559.7540283203125,559.7540283203125,552.3154365818366,556.0347324510745,43091.157,1.8596765524374632,4.649148502382332,6.508795956836593,51.904468019825465,553.245263671875,548.9680725097656,554.5595153808594,-23.809564259208145,1.7464795795282224,1.6033746922344816,True,50.0,96.96972285938561,72.57189548265684,0.13042079379390925,0.0,130058.40317073005,87.34932660238758,1
2021-04-07,567.192626953125,570.9119228675717,565.3329789959016,570.9119228675717,24603.109,14.877190416497115,11.157894547259161,13.01754241406502,55.79847501672147,556.9645629882813,550.7347412109375,555.0918884277344,-9.090899172930218,2.092050760805655,2.8667798889374407,True,66.66666666666666,90.90910082706978,79.79798514761693,1.2306071670658123,17.66668701171875,121857.36683739704,151.86712264279728,1
2021-04-08,569.9820556640625,569.9820556640625,560.6838165830827,563.4732883073766,23976.625,-7.438634560195055,-0.9298672035091613,-4.649162412818896,57.21554311059356,559.5680541992188,552.594384765625,555.9026428222656,-2.2728304458060347,1.9401266508582111,3.2131266966534096,True,66.66666666666666,97.72716955419396,95.20199774688315,2.066845232150149,18.596435546875,145833.99183739704,110.24520182131283,0
2021-04-09,567.192626953125,574.6312187820184,566.2628029745133,574.6312187820184,27303.862,11.15793047464183,4.649163117955936,5.57898639143059,55.28212081122183,561.985595703125,554.0821044921875,556.7128234863281,-16.66664999895087,1.1329120673014825,2.4349295013909575,False,50.0,83.33335000104913,90.65654012743767,2.333068224201525,14.877197265625,124597.65472628601,104.16666030590277,0
2021-04-12,562.5435180664062,569.982110040838,560.6838700727983,569.0522860440341,22606.128,-5.57893273798436,-4.649108741180385,-5.578932901715007,52.08215973403718,565.3329711914063,556.7785888671875,557.1979522705078,-27.083281587873554,0.08271713546677846,1.4249817332783807,False,50.0,65.78952102436342,82.28334685986887,2.1040629836664486,26.96484375,111033.97792628601,60.428933435627734,0
2021-04-13,562.5435180664062,569.982110040838,561.6136940696023,561.6136940696023,25971.622,-7.438591974431802,0.0,0.9298239968039752,52.08215973403716,565.890869140625,559.56806640625,557.1274597167969,-27.083281587873554,-0.4115198620391399,1.2693564734663991,False,50.0,58.06460497091793,69.06249199877686,1.868562797069862,27.894775390625,90833.82748184157,48.21443120229381,1
2021-04-14,569.0523071289062,569.0523071289062,557.8944187538297,565.3330110038808,30077.913,3.7193169342784813,-0.9298029119318016,-3.71927531577262,56.29697991545788,566.2628051757813,561.6136840820312,557.1509002685547,-12.499915311433503,0.4651216418315271,1.929222384987544,True,50.0,80.6452964455482,68.16647414694323,2.052453892701731,20.4561767578125,120911.74048184157,43.011103663292296,1
2021-04-15,575.5610961914062,575.5610961914062,564.4032074122514,569.0523277368992,33530.942,3.719316733018445,6.5087890625,6.508788658421736,60.12336664371766,567.37861328125,563.4733337402344,557.6386871337891,-0.0,1.3646363136983,2.4693149178681093,True,50.0,100.0,79.5699671388221,2.484893486386167,18.59649658203125,154442.68248184156,101.73202675616139,0
2021-04-16,567.192626953125,568.1224509317367,560.6838591028433,567.192626953125,48507.383,-1.8597007837742012,-7.438645259669556,-3.719348309408133,53.547526946880566,567.37861328125,564.6821044921875,557.6154418945313,-28.125096154437873,-0.0273181031382177,0.7016086297576937,False,33.33333333333333,63.99986329131241,81.54838657895357,2.0953538217263006,12.08770751953125,190823.21973184138,17.225256316597015,0
2021-04-19,560.6837768554688,564.4030722243276,558.8241291710393,562.5434245398982,24231.637,-4.649202413226817,-3.719378707409078,-1.8597299318039404,49.00023444493893,567.0066650390625,566.1698181152344,557.5689453125,-50.0003076942012,-0.9852369401237977,-0.5087447045133188,False,33.33333333333333,15.788809817211007,59.92955770284118,1.324934609165173,14.87713623046875,182746.00739850805,-96.79940917806009,0
2021-04-20,559.7540283203125,559.7540283203125,553.2452605491461,556.0347324510745,34771.635,-6.508692088823636,-4.649043904015116,-5.578868621893207,48.36027561721711,566.4487670898437,566.1698181152344,557.5689453125,-53.125044872071,-1.0682019171597243,-0.7419623124536182,False,33.33333333333333,29.16658768914998,36.31842026589117,0.7091995569615084,0.0,217517.64239850806,-186.49029081935632,0
2021-04-21,550.455810546875,556.9645785769901,550.455810546875,556.9645785769901,38458.22,0.9298461259155602,-2.7894497433223933,-2.78945000227111,42.32893337246509,562.7294677734375,564.4961364746093,557.6154388427734,-100.0,-2.3639338718556706,-2.4577754595159313,False,33.33333333333333,0.0,14.985132502120367,-0.3129771771334955,-16.73681640625,179059.42239850806,-185.7497203947608,0
2021-04-22,549.5259399414062,556.0347074195616,549.5259399414062,554.1750595686601,33868.521,-2.7895190083299894,-0.9298711574284653,-0.92987060546875,41.760728906886904,557.5224365234375,562.4505249023438,557.5224548339844,-100.0,-1.9629568174834813,-2.4752525117399395,False,16.666666666666664,0.0,9.722195896383365,-1.0015577853154625,-20.45611572265625,145190.90139850805,-135.050599706675,1
2021-04-23,559.7540283203125,559.7540283203125,548.5961407125986,550.4557886472177,27754.511,-3.719270921442444,3.7193209007508585,-0.9297992288076102,49.84021115053065,556.034716796875,561.7066650390625,557.894384765625,-58.6207823837013,0.3333354727641154,-0.5506613005120458,True,16.666666666666664,41.3792176162987,13.793072538766273,-0.7305926431565638,-7.4385986328125,172945.41239850805,-63.77152985204823,1
2021-04-26,567.192626953125,567.192626953125,560.6838591028433,562.5435070600666,30887.664,12.087718412848972,7.4385986328125,12.087718390244618,54.81368398470305,557.3364868164062,562.1715759277344,559.4750823974609,-31.0346117384033,1.6666700703065511,0.8125603191472021,True,33.33333333333333,68.9653882615967,36.78153529263184,-0.04876080509647639,4.64910888671875,203833.07639850804,48.44958987239819,0
2021-04-27,567.192626953125,568.1224509317367,562.5435070600666,565.3329789959016,26317.481,2.7894719358349676,0.9298239786116937,1.8596479572233875,54.81368398470305,558.8242065429688,562.6364868164062,561.1022766113281,-31.0346117384033,1.4693660254709453,0.8125603191472021,False,33.33333333333333,68.9653882615967,59.76999804649741,0.38024871543372135,4.64910888671875,221378.0637318412,57.458136106425634,0
2021-04-28,559.7540283203125,565.3329721241695,558.824204353003,563.4733241895505,24024.054,-1.859654806351159,-2.789478807567207,-3.7193027070636617,49.02834982893581,560.6838500976562,561.7066589355469,561.6601715087891,-58.6207823837013,0.13861902432595682,-0.46844949065563257,False,33.33333333333333,57.14283693381985,65.02453781900445,0.1527240667853322,-9.29827880859375,204218.02516041274,5.663426597268452,0
2021-04-29,557.8943481445312,566.2627633666992,557.8943481445312,566.2627633666992,31828.333,2.789439177148779,0.9297912425297454,-0.9298562084717332,47.65652848255973,562.3575317382813,559.9399841308593,561.7066589355469,-65.51743821998784,-0.414942234824446,-0.7307379909696993,False,33.33333333333333,47.618865661671634,57.9090302856961,-0.11869080835897974,-17.666748046875,172389.69216041273,14.705535633865432,0
2021-05-03,546.7365112304688,555.1049272186902,546.7365112304688,553.2452792213077,41762.441,-13.017484145391563,-11.157836148008982,-11.1578369140625,40.27974119732661,559.7540283203125,557.8943725585938,561.2882385253906,-100.0,-2.3255780988135437,-2.393135293455164,False,33.33333333333333,0.0,34.920567531830535,-0.9965033314156834,-20.45611572265625,130627.25116041274,-123.17872113827839,1
2021-05-04,549.5259399414062,552.3154117177586,541.1575246123493,546.7364681650539,40273.595,-6.508811056253762,-2.789515500931657,-5.578986618119416,42.69872500319274,556.2206909179688,556.7785888671875,561.4742034912109,-68.96555462478621,-1.5273572183904538,-1.5136816756337168,True,33.33333333333333,31.03444537521379,26.217770345628512,-1.3160246278380798,-11.1578369140625,150764.04866041252,-115.01004302005049,0
2021-05-05,543.947021484375,552.3154371995192,543.947021484375,552.3154371995192,29254.785,5.578969034465331,2.548176064465224e-05,2.7894968720256657,39.23159187029094,551.5715698242187,555.1978881835937,560.6838531494141,-89.6550918070929,-1.8456365582884147,-2.1739114327432825,False,16.666666666666664,10.344908192907099,13.793117856040334,-1.7999188449058616,-15.8070068359375,121509.26366041251,-98.63943617743337,1
2021-05-06,545.806640625,548.596112382879,539.2978731899489,548.596112382879,30725.59,-3.71932481664021,-3.71932481664021,-4.649148294426141,40.97443507851063,548.7820922851563,554.7329711914062,559.6145538330078,-77.41938323136235,-0.8725052463880525,-1.6201159971868644,True,33.33333333333333,22.580616768637654,21.319990112252885,-1.882659818909554,-4.649169921875,133799.49966041266,-100.30044004231137,1
2021-05-07,556.964599609375,557.8944236487896,547.6663592152285,552.3154794123018,28075.722,3.719367029422756,9.29831126591057,8.368486025279594,50.30381579401656,548.596142578125,555.4768371582031,558.9636810302734,-38.7095048618382,1.2394451733130292,0.433150346946767,True,50.0,61.2904951381618,31.405340033235557,-1.1119390044491144,7.43865966796875,156770.54493314022,-9.968410270875415,0
2021-05-10,547.6663208007812,555.1049125943402,546.7364968265864,554.1750886201454,20434.079,1.8596092078436186,-2.789511054449349,-0.9298623886420501,43.983881273147816,548.7821044921875,554.26806640625,557.9873657226562,-70.9676662541342,-0.1412825149315152,-1.2021235111685293,False,50.0,29.032333745865795,37.63448188422179,-1.1496223064642221,-12.08770751953125,140877.37237758454,-45.15743439390214,0
2021-05-11,530.9295654296875,539.2979823979313,529.9997413221049,538.3681582903487,59349.193,-15.806930329796728,-15.806930196408985,-16.736755504481494,35.28024865122768,545.0628295898438,550.6417602539062,556.4066680908203,-97.56097056818945,-2.72571157420988,-3.952888194665792,False,50.0,2.5641109183871715,30.96231326747163,-2.1641082011357513,-36.2630615234375,93398.01797758396,-163.84118115274723,0
2021-05-12,520.7014770507812,530.9295417785644,481.6488662719726,527.210245513916,131741.482,-11.157912776432681,-8.36844061936688,-48.35087505013229,31.168432173140218,540.413720703125,545.9926452636719,554.314566040039,-54.838681740252056,-3.7525008122939116,-5.24533866954444,False,33.33333333333333,46.15389684166019,25.91678050197109,-3.317353647763074,-46.49114990234375,170454.3565058862,-238.58089691882998,0
2021-05-13,508.6136169433594,523.4907976949019,503.0346741615309,508.6136169433594,66765.627,-18.596628570556618,-7.438744083662527,21.385807889558293,27.09684019929182,532.9751159667969,540.8786041259766,551.2926315307617,-68.81735529123569,-4.952234692852846,-6.615467818049472,False,33.33333333333333,35.36566798000166,28.02789191334971,-4.608241228330282,-51.140411376953125,140106.34423315906,-146.27013856804743,1
2021-05-14,517.9119262695312,522.561045894931,513.2628066441315,516.9821023444513,37533.726,8.368485401091903,-0.9297517999708589,10.228132482600586,34.29902457656681,525.1645812988281,536.8803619384765,548.410173034668,-57.14290294777281,-2.3663517700097,-4.185784166582297,True,33.33333333333333,47.560882555217155,43.026815792293036,-4.542411286644366,-39.982421875,140106.34423315906,-86.1824646473547,0
2021-05-17,510.4732971191406,518.8417118260118,503.0347062685885,505.82417783754556,56270.958,-11.157924506905715,-3.7193340689192382,-10.228100375543022,31.576571889462073,517.7259765625,533.2540405273437,545.5742065429688,-65.9341646740386,-2.3421391389566275,-4.838953111740176,False,16.666666666666664,37.80473491027595,40.24376181516496,-4.687427239195074,-36.263214111328125,136796.28788021798,-92.08831118749389,1
2021-05-18,531.859375,532.7891990821679,516.0523656031469,523.4909582604895,43689.316,17.66678042294393,13.947487256156137,13.017659334558402,45.215068291207466,517.9119384765625,531.4873840332032,544.1329864501953,-34.146315594652265,2.2646125767162038,-0.44958943615196956,True,33.33333333333333,65.85368440534774,50.406433956946984,-3.106786279819106,-17.66656494140625,175631.2354357732,-16.906928246971617,0
2021-05-19,527.2100830078125,531.8592019055886,525.3504354487021,530.9293781260334,28908.777,7.438419865543892,-0.9299971765792634,9.298069845555233,43.174131684965246,519.2136596679687,529.8136901855469,542.5057891845703,-40.24410299649393,1.4916315931747985,-1.018348562878108,False,33.33333333333333,59.75589700350608,54.471438773043296,-2.181832298109965,-16.7369384765625,163241.75957862992,-3.5697057999002566,0
2021-05-20,527.2100830078125,530.9293781260334,520.701316550926,527.2100830078125,29709.287,-3.7192951182208844,-0.9298237795552495,-4.649118897776134,43.174131684965246,522.9329528808594,527.9540344238281,541.3435028076171,-40.24410299649393,1.2801329826375318,-0.6715502567675177,False,33.33333333333333,62.02514158724376,62.54490766536589,-1.4146580368757071,-18.5965576171875,171344.29239681168,-4.315521500029116,1
2021-05-21,532.7891235351562,536.5084193364488,528.1400037835406,531.8592995848331,27376.731,4.649216577020638,5.579041210415426,7.438687232614598,46.61535233698166,525.9083923339844,525.5364868164063,540.5066619873047,-32.92690220567106,1.5657371013542427,0.5557190569853677,True,50.0,88.70952531422392,70.16352130165795,-0.42732796558210495,-24.17547607421875,174386.1513968116,53.04012284506504,0
2021-05-24,528.1400756835938,531.8593719912247,526.2804275297783,529.9997238374092,15629.736,-1.8595757474239463,-4.649047345224062,-1.8595762537622704,44.18306254767581,529.441748046875,523.5838623046875,538.9259643554688,-39.02436940443022,0.35337366511412993,-0.04398152589161938,False,33.33333333333333,84.74587708904632,78.4935146635047,-0.0055247102820512595,-19.5262451171875,169176.23939681138,50.759320250754136,1
2021-05-25,542.0873413085938,543.0171652216445,532.7891021780862,535.5785739172385,33039.911,5.578850079829294,11.15779323041977,6.508674648307874,52.32440597696243,531.4873413085937,524.6996398925781,537.6707000732422,-17.721579008782836,1.982505377111438,2.8369803562583265,True,50.0,97.67442225735066,90.376608220207,1.226491542815923,11.15777587890625,196208.89385135676,127.16037085757009,1
2021-05-26,543.947021484375,546.7364933894231,540.2277256109776,545.8066694210737,18703.987,10.22809550383522,3.719328167778599,7.438623432891404,53.314887170969484,534.8347290039062,527.0241943359375,536.5084197998046,-4.28571762189843,1.9459835549702622,3.250480869086264,True,50.0,93.61703012891606,92.0124431584377,2.12755239181645,23.24554443359375,198880.8919942137,143.22883981650975,0
2021-05-27,541.1575317382812,541.1575317382812,532.7891162990295,539.2978838628919,62169.719,-6.508785558181785,-5.578961651141867,-7.438609311948085,51.56199616715451,537.62421875,530.2785858154297,535.5785949707031,-8.5714626546066,0.9832272924294317,2.555067108588082,False,50.0,87.23401943331027,92.84182393985903,2.4723934211973413,32.543914794921875,261050.61099421373,82.63066743700942,1
2021-05-28,548.5961303710938,550.4557782706568,541.1575387728417,545.8066585217492,29086.873,6.508774658857305,9.298246532375515,8.368422473812188,55.79041299984927,540.7856201171875,533.3470062255859,535.1136840820312,-3.921561790892885,1.694913528331633,3.5087753644434727,True,66.66666666666666,94.5945830504215,91.81521087088265,3.0976271277680016,30.6842041015625,278502.7347942137,122.17896130558304,1
2021-05-31,555.1049194335938,555.1049194335938,548.5961515340374,553.245271462292,30657.474,7.4386129405427255,4.649141162936985,7.438612761195714,59.19093675943473,546.1785888671875,537.8101684570313,535.5321044921875,-0.0,2.196863184331957,3.9767836710573627,True,66.66666666666666,100.0,93.9428674945773,3.7994313548618566,44.631622314453125,309160.2087942137,140.97509508536098,1
2021-06-01,556.0348510742188,556.9646752398946,553.2453785771909,556.0348510742188,17818.326,2.789579611926797,1.8597558063008819,4.6492270431534735,59.674384735715684,548.9680908203125,540.2277160644531,535.8575500488281,-1.7241325804778451,1.4993122484762997,3.5348669048791894,True,83.33333333333334,97.43591272487748,97.34349859176638,4.147749443501804,24.17547607421875,318069.37179421424,128.65989090777893,0
2021-06-02,553.245361328125,557.8944820115546,551.3857130547532,557.8944820115546,21872.755,1.8596309373358508,0.929806771659969,-1.8596655224376946,57.447357724410644,550.8277587890625,542.8312438964844,536.3224670410157,-11.1111030762665,0.6484474248368277,2.336265096950289,False,66.66666666666666,85.29413338580297,94.24334870356017,4.009431515309402,26.0352783203125,308695.33393707126,93.99326410511016,1
2021-06-03,554.175048828125,557.894344457844,554.175048828125,557.894344457844,21077.164,-0.00013755371060142352,-0.00013755371060142352,2.7893357733718176,58.017012389994065,553.4312622070313,545.5277404785156,536.7408874511718,-10.000313598924143,0.5058906437147968,2.1568285409524304,True,66.66666666666666,88.23487450629389,90.32164020565814,3.801561311549892,26.9649658203125,287618.1699370713,86.79181934255791,0
2021-06-04,553.245361328125,553.245361328125,548.5962406446954,549.5260647813813,15756.18,-8.368279676462748,-4.648983129718999,-5.578808183429601,57.18192399006859,554.3611083984375,547.5733642578125,536.5549255371094,-12.499932785637718,-0.027993733477114296,1.5791876626396424,False,66.66666666666666,81.48157600375447,85.00352796528381,3.433668492619736,20.45623779296875,303374.34993707127,46.12388434806527,0
2021-06-07,550.455810546875,553.2452825597815,542.0873945081556,552.3154585554793,17077.625,2.7893937740980164,-7.876834354192397e-05,-6.508846136539773,54.6089988770086,553.4312866210937,549.8049377441406,536.6944000244141,-23.529634482560827,-0.5877469345658031,0.7088169195700693,False,50.0,70.3701927713069,80.02888109378513,2.8582439934521897,22.31573486328125,311913.16243707127,-0.3899118358485702,0
2021-06-08,547.6663208007812,553.2452646459506,546.7364968265864,548.5961447749762,13396.324,-3.7193137805030574,-1.7913830902216432e-05,4.649102318430778,52.053939240314,551.7575805664062,550.3628356933593,537.5312377929688,-32.35320928756324,-0.8695737673332541,-0.028292745998214745,False,33.33333333333333,59.25906307084581,70.3702772819691,2.1763967396557504,5.5789794921875,302344.3595799283,-6.23536134826116,0
2021-06-09,544.8768920898438,546.7365401857135,542.0874199460391,544.8768920898438,20023.49,-3.71925268513246,-6.50872446023709,-4.649076880547341,49.52609687852804,550.08388671875,550.4558227539062,538.7400085449219,-51.85179434870321,-1.0413720676412117,-0.7900637847086676,False,16.666666666666664,22.222416984716276,50.61722427562304,1.4586327714639256,0.92987060546875,306349.05757992866,-81.37185961945985,1
2021-06-10,556.964599609375,556.964599609375,545.8067111363993,549.5260072940578,28527.745,4.649115204214013,10.228059423661534,3.7192911903601953,58.94992892377306,550.641796875,552.0365295410156,541.1575576782227,-3.7039189662777203,1.0402047088497828,1.182434383465607,True,33.33333333333333,94.11730717641912,58.532929077327104,1.7020828351612864,15.80706787109375,334876.80257992866,43.47805057750258,1
2021-06-11,559.7540283203125,560.683852287622,557.8943803856936,559.7540283203125,24227.71,10.228021026254737,3.7192526782470168,12.087669249294322,60.79276517116679,551.9435302734375,553.1523193359375,543.2496627807617,-3.333331305554446,1.3752389342100062,1.4464201764331739,True,33.33333333333333,94.99999420138927,70.44657278750826,1.937967355448127,11.15789794921875,342952.70591326134,147.05804197657798,1
2021-06-15,566.2627563476562,566.2627563476562,563.4732846415101,564.4031085435588,26012.25,4.649080223246301,5.578904060034233,5.5789042558164965,64.8136070924854,555.1049194335938,554.2681030273437,546.0391357421875,-0.0,2.152632354809466,2.2383756200185423,True,50.0,100.0,96.37243379260282,2.3896844571583786,11.1578369140625,368964.95591326134,182.48087450666148,0
2021-06-16,562.5435180664062,565.3329900568182,562.5435180664062,565.3329900568182,25856.919,0.9298815132593745,-0.9297662908380744,-0.9297665751038267,60.91911513380619,558.0803588867187,554.9189697265625,547.5733428955078,-15.384416191748823,1.1142071365865716,1.354178490115875,False,50.0,84.61558380825117,93.20519266988019,2.294829992952393,6.5086669921875,343108.03691326134,116.626941727455,1
2021-06-17,565.8115234375,565.8115234375,558.3420643822195,561.1431115279497,22872.361,-4.189878528868462,0.4785333806818244,-4.201453684186731,63.0474796205951,562.26728515625,556.1755859375,549.5034149169921,-1.8664990958644978,1.1517689459150975,1.7793669258489144,True,66.66666666666666,98.1335009041355,94.24969490412893,2.3030466725013117,12.566162109375,365980.3979132613,88.12057914849443,0
2021-06-18,563.01025390625,567.6786639718076,561.1428898800269,567.6786639718076,32652.017,6.53555244385791,1.867140534307623,2.800825497807409,59.992292796444104,563.476416015625,557.0591064453125,551.293423461914,-18.242198075356512,0.11009075541532778,1.1696831094498013,False,66.66666666666666,81.75780192464349,88.16896221234343,1.9828595616567455,8.835205078125,351986.6763418329,74.88549557711211,0
2021-06-21,544.336669921875,554.607173127948,544.336669921875,550.872444689376,44279.632,-16.806219282431584,-13.071490843859578,-16.806219958151928,44.35999356923932,560.3929443359375,556.1682373046875,551.87080078125,-91.21077046641206,-2.84672031141065,-2.0551901596993405,False,50.0,8.78913886941605,62.89348056606505,0.4561666888567113,-8.90869140625,307707.0443418329,-75.13964991716922,0
2021-06-22,539.6681518554688,549.0049710917226,539.6681518554688,546.2039253208465,27823.974,-4.668519368529587,-5.602202036225435,-4.66851806640625,41.41664156193738,555.0740234375,555.0894714355469,552.4472045898438,-100.0,-3.1009978152602575,-2.6835298043319753,False,33.33333333333333,0.0,30.182313598019885,-0.8539779661633249,-10.78765869140625,279883.07034183294,-107.15009828216955,1
2021-06-23,555.5409545898438,558.3420014197085,542.4694027171415,544.3367672703847,34392.376,-1.8671580504617395,9.337030327985872,2.80125086167277,52.986679686858956,553.6735107421875,555.8769348144531,553.1198852539062,-43.33269356715474,0.07009060618579563,0.1442110873447702,True,33.33333333333333,56.667306432845265,21.81881510075381,-0.6468689520257254,7.8746337890625,302136.9606947742,-30.92495725707561,0
2021-06-24,550.8724365234375,558.341893289857,549.0050723318326,558.341893289857,16524.23,14.0051260194723,-0.00010812985146912979,6.5356696146910735,49.82907788587024,550.685693359375,556.4764892578125,553.4661560058594,-59.999715030439745,-0.4219451180076035,-0.7035706691871904,False,33.33333333333333,40.00028496956025,32.222530467468545,-0.809056488945997,5.99554443359375,292222.4226947743,-36.6478055295033,1
2021-06-25,551.8060913085938,558.3418656557345,549.9387272094107,558.3418656557345,18841.696,-2.763412248896202e-05,-2.763412248896202e-05,0.9336548775780784,50.472992947363146,548.4448608398437,555.9606384277344,553.998583984375,-56.66648505849776,0.16948841746664214,-0.597089116569977,True,33.33333333333333,43.33351494150224,46.66703544796928,-0.8348482238355235,-5.15850830078125,281754.8138058854,-30.612812132935208,0
2021-06-28,550.8724365234375,550.8724365234375,547.1377081402278,550.8724365234375,15028.407,-7.469429132297023,-7.469429132297023,-2.801019069182871,49.776068573873886,549.7520141601562,555.0724792480469,554.1123992919922,-59.999715030439745,0.36858554040854397,-0.8545131699880464,False,33.33333333333333,40.00028496956025,41.11136162687428,-0.8910622135034276,-8.881591796875,296783.2208058854,-56.56407223602523,1
2021-06-29,555.5409545898438,558.3420014197085,551.8062254833574,558.3420014197085,28659.61,7.469564896270981,7.469564896270981,4.668517343129565,53.29394860818413,552.9265747070312,554.0002990722656,554.1342010498047,-43.33269356715474,0.8759704980273694,0.007075881911441822,True,50.0,56.667306432845265,46.66703544796928,-0.6038489581443822,-10.7218017578125,300877.45080588566,9.377768083819007,0
2021-06-30,555.5409545898438,559.27568369633,555.5409545898438,559.27568369633,24883.853,0.9336822766215391,0.9336822766215391,3.734729106486384,53.29394860818413,552.9265747070312,553.3000427246094,554.109506225586,-43.33269356715474,0.39371129617766387,0.07032256605105767,False,50.0,56.667306432845265,51.1116326117503,-0.4129959749040948,-7.0025634765625,275993.59780588566,41.56023394639152,0
2021-07-01,553.6735229492188,557.4082516031764,551.80615862224,556.474569439687,18250.994,-2.801114256643018,-1.8674320931536386,-3.734795967603759,51.57427417160333,553.4867919921875,552.0862426757812,554.1309143066406,-49.999589312826245,0.11254961913386148,-0.07723003339272982,False,33.33333333333333,71.42852658570416,61.587713150464936,-0.41077839544676875,-12.13800048828125,269909.9331392187,24.731438657904434,0
2021-07-02,549.005126953125,553.673537896604,548.0714447644292,550.8724913305166,18322.419,-5.602078109170407,-3.7347137065723928,-3.734713857810789,47.4028502416489,552.9265991210938,550.6857299804688,553.8724182128906,-66.66617497432374,-0.6756742580839367,-0.7175988042417617,False,33.33333333333333,47.61932900804163,58.57172067553039,-0.704724836332491,-14.005126953125,257694.98713921872,-26.665864053890708,1
2021-07-05,551.8060913085938,557.408183606143,549.0050451598191,549.0050451598191,28836.816,-1.8674461706974625,3.734645709538995,0.9336003953899308,50.047319116232686,553.113330078125,551.4326721191406,553.8004547119141,-56.66648505849776,-0.1689323673878455,-8.295733612047862e-06,True,33.33333333333333,55.5547571947298,58.200870929491906,-0.6906086510618388,7.46942138671875,248082.71513921872,18.690073579199797,1
2021-07-06,552.7398681640625,556.4745970030089,549.9388215348528,555.5409147932723,12997.112,6.535869633453217,-0.9335866031341311,0.9337763750336308,50.944313433815054,552.5531127929687,552.73984375,553.9146575927734,-33.333188416132806,-0.05627296815020633,0.324819979196876,True,50.0,46.15398999562395,49.77602539946517,-0.6017302809870235,13.07171630859375,246225.98485350437,1.3616004874515686,1
2021-07-07,554.607177734375,554.607177734375,549.0050850299874,550.8724492647832,16966.158,-4.6684655284891505,-1.8674192686338529,-0.933736504865351,52.793556305677605,552.366357421875,552.6464660644531,554.2617004394531,-23.80975841245888,0.3095921232466277,0.5076113216225236,True,50.0,61.53801809554653,54.41558842863347,-0.40970423089840713,-0.93377685546875,263192.1428535044,-15.537468485721778,0
2021-07-08,549.005126953125,555.5409022739955,549.005126953125,555.5409022739955,21140.426,4.668453009212271,0.9337245396204708,4.192313758721866e-05,46.99552709431199,551.4326782226562,552.4597351074219,554.4681121826172,-61.111418736383285,-0.5076103951954651,-0.6477024456731842,False,50.0,15.384928106552143,41.025645399240915,-0.6388368651655196,-1.8673095703125,242051.7168535044,-71.79333203942558,0
2021-07-09,545.2704467773438,546.2041290492228,541.5357176898277,543.4030822335858,29029.415,-12.137820040409679,-9.336773224772628,-7.46940926329728,43.519535865650425,550.6857421875,551.8061706542969,553.8834045410156,-78.94737179232968,-0.9329833310526704,-1.1704865363017976,False,50.0,21.052628207670324,32.65852480325637,-0.9993048243133362,-6.53564453125,259469.36585350355,-201.79612069572323,1
2021-07-12,553.6735229492188,557.4082516031764,550.8724764587505,555.5408872761976,31304.547,12.13780504261183,11.204122553953539,9.336758768922778,52.19797947429192,551.059228515625,552.086279296875,553.579379272461,-31.57932064276723,0.4517218625877303,0.31012042644523524,True,66.66666666666666,68.42067935723277,34.952745223818454,-0.6463140227160992,2.80108642578125,254997.28771064657,43.788806061798965,1
2021-07-13,566.7449951171875,567.678677151977,559.2755388388721,560.2092208736615,52540.315,4.668333597463857,10.270425548800631,8.403062380121582,62.084349539827684,553.86025390625,553.2066833496094,553.6034912109375,-3.5714473571415306,2.3608627875759245,2.447242611262491,True,66.66666666666666,96.42855264285846,61.96728673592056,0.4347537536537618,11.20404052734375,295861.9771550901,231.91073541835917,1
2021-07-14,572.3471069335938,574.2144710671454,567.6786965997145,572.3471069335938,38418.875,12.13788605993227,6.5357939151683695,8.403157760842419,65.42736876405809,557.4082397460937,554.8872985839844,554.0936706542968,-5.714306515889834,2.76612781248114,3.126303277808965,True,66.66666666666666,94.28569348411017,86.37830849473384,1.4378266938039441,16.80615234375,312327.2092979478,210.11089248751546,1
2021-07-15,573.2808227539062,573.2808227539062,567.6787300234121,572.3471406321572,22012.834,3.369856347035238e-05,-0.9336483132391322,3.3423697573198297e-05,65.97287179225248,562.26337890625,556.8480285644531,554.4671356201172,-2.8570499690088482,2.3617651680895992,3.0201307040145777,True,66.66666666666666,97.14295003099114,95.95239871931996,2.0382280164763205,19.6072998046875,334340.0432979478,131.29676756600003,0
2021-07-16,549.9387817382812,555.5408745913028,549.005099596111,551.8061460226218,57970.545,-20.54099460953546,-17.73994816260347,-18.673630427301077,46.125005220997586,563.1970458984375,556.9413940429688,553.8135620117188,-74.28584881611151,-1.833332295275909,-1.0915197666498753,False,66.66666666666666,25.71415118388849,72.38093156632998,0.8009009182928106,0.93365478515625,292932.51115509064,-46.42768505787392,0
2021-07-19,543.4030151367188,545.2703794499033,539.6682865103495,544.3366972933111,40644.341,-7.46944872931067,-10.270495141399465,-9.336813085761491,42.24305445318699,561.1429443359375,556.1010864257812,553.766879272461,-89.18917190340039,-2.9460766842543515,-2.116326421398284,False,66.66666666666666,10.810828096599616,44.555976437159785,-0.4527042649088462,-8.403076171875,306480.62482175784,-106.82140701279408,0
2021-07-20,542.46923828125,545.2702842620482,540.6018742940512,540.6018742940512,15354.333,-3.7348229992599045,-9.518785509499139e-05,0.9335877837016824,41.69610870242875,556.28779296875,555.0740234375,553.90693359375,-91.89215305008409,-2.788632028286971,-2.1885660545643373,False,50.0,8.107846949915913,14.87760874346804,-1.2922584783346343,-10.2706298828125,303409.75822175783,-91.34463769509985,1
2021-07-21,546.2040405273438,547.1377226479034,541.535629924546,547.1377226479034,25828.732,6.535848353852202,1.8674383858551664,0.9337556304948293,44.813795829852445,551.0591796875,554.2337097167969,553.440087890625,-81.08111184825897,-1.5151493752680616,-1.4321831637309055,True,50.0,18.918888151741037,12.612521066085556,-1.527399616160929,-8.40313720703125,320628.9128884238,-64.99106368287163,1
2021-07-22,551.8060913085938,554.6071374573684,548.0713631102277,549.9387272094107,26058.172,2.801004561507284,7.469414809464979,6.535733185681693,49.25401743182973,546.7642333984375,554.5138061523437,553.4867706298828,-64.86499173797613,0.11292539864353268,-0.4072535291055542,True,50.0,35.135008262023874,20.720581121226974,-1.2487351686644002,2.80096435546875,324351.5088884234,-17.711453869903416,0
2021-07-23,546.2040405273438,552.7398153712608,544.3366762862247,552.7398153712608,15271.451,2.801088161850089,-1.867322086107606,-3.7346868240030062,45.27966910742296,546.01728515625,554.6071655273438,553.2066680908204,-81.08111184825897,-0.08539459846367878,-1.2935881169073467,False,33.33333333333333,18.918888151741037,24.32426152183535,-1.3748088520169093,0.93359375,315867.36944397865,-48.61589776521591,0
2021-07-26,541.5355224609375,551.8060237489898,541.5355224609375,551.8060237489898,21619.179,-0.9337916222709737,-0.9337916222709737,-2.8011538252872015,42.18507524990139,545.6437866210938,553.3933654785156,552.7398223876953,-94.59495751978585,-0.6849450771230627,-2.0270441065218052,False,33.33333333333333,5.4050424802141475,19.819646297993053,-1.6852462194690567,-12.13800048828125,294248.19044397864,-59.21109734329845,0
2021-07-27,541.5355224609375,545.2702502020475,541.5355224609375,542.469204396215,17785.992,-9.336819352774796,-6.535773546942323,0.0,42.18507524990139,545.4570434570312,550.8724182128906,552.03955078125,-94.59495751978585,-0.628222121260875,-1.9718451778117743,False,33.33333333333333,5.55517720251155,9.959702611488945,-1.793190599108328,-25.20947265625,276462.1984439787,-68.18230702351374,0
2021-07-28,540.6021118164062,540.6021118164062,535.0000173934383,537.8010646049223,36158.305,-4.668139791292674,-4.668138385641214,-6.53550506749923,41.51004314793794,544.3366577148438,547.6979187011718,551.2926086425781,-85.7142102001943,-0.7428242089912815,-1.9474691495333338,False,33.33333333333333,27.272933982279913,12.744384555001902,-1.8240387167934156,-31.7449951171875,312620.50344397867,-99.82883464153515,1
2021-07-29,544.336669921875,546.204034141161,538.7345772640169,546.204034141161,23224.896,8.40296953623863,5.601922324754696,3.7345598705786642,45.328448498538215,542.8427734375,544.8035034179687,550.8257659912109,-76.19078769750436,1.868793112052237e-06,-0.9345780204778023,True,33.33333333333333,47.61868391683255,26.815598367208036,-1.5028910681856176,-28.94415283203125,324232.95144397905,-42.83781641044364,0
2021-07-30,541.5355224609375,543.4028863314925,539.6681585903825,542.469204396215,18999.281,-3.734829744945955,-2.801147809668464,0.9335813263655837,43.02988640421565,541.9090698242187,543.9631774902343,550.4522857666016,-82.92746193305445,-0.20076038111516087,-0.9816633981009779,False,16.666666666666664,33.3323050309778,36.07464097669679,-1.3916224508681114,-8.40325927734375,324232.95144397905,-66.34539344917097,1
2021-08-02,550.8724365234375,550.8724365234375,541.5356155654131,544.3366618528205,23482.491,1.867457456605507,7.469550191945018,1.8674569750305636,51.89926251304361,543.7764526367188,544.7101196289062,550.4056030273438,-22.727571799440902,1.3745733351541765,1.0706651703925414,True,33.33333333333333,80.95232282072192,53.96777058951079,-0.6399403103507202,7.46942138671875,347715.44244397903,75.55600369712938,1
2021-08-03,554.607177734375,554.607177734375,550.8724492647832,554.607177734375,22747.702,10.270515881554502,3.7347412109375,9.336833699370118,54.9591026286729,546.3907836914062,545.9239135742188,550.4989685058594,-0.0,1.6543088488806983,1.683313500742131,True,50.0,100.0,71.42820928389993,0.1176771694592762,12.137939453125,370463.144443979,144.5222741543358,1
2021-08-04,556.4745483398438,558.3419125960177,554.6071840836697,558.3419125960177,20313.271,3.7347348616426643,3.7347348616426643,3.7347348188865226,56.46952688539247,549.5652709960938,546.9509643554687,550.5923370361328,-8.000054151419382,1.5332194010380416,1.8223288238470938,True,66.66666666666666,91.99994584858062,90.98408955643423,0.7198598051606431,10.2705078125,370463.14444397966,141.04312344063374,0
2021-08-05,556.4745483398438,558.3419125960177,553.6735019555828,558.3419125960177,15116.242,0.0,0.0,-0.9336821280869572,56.46952688539247,551.9928466796875,547.4178100585938,550.9658081054688,-8.000054151419382,1.0454976023532234,1.6053457984627897,False,66.66666666666666,91.99994584858062,94.66663056572047,1.0722395473934325,4.66845703125,373486.39284397993,117.6953914675657,0
2021-08-06,551.8060913085938,556.4745015565514,549.0050451598191,556.4745015565514,13687.213,-1.8674110394662193,-1.8674110394662193,-4.668456795763632,51.346541864241715,554.0469604492188,547.9780151367188,551.2925903320313,-28.000388274820438,-0.028195700906631618,0.6671360838617424,False,50.0,71.99961172517956,85.33316780744697,0.9492014749308361,5.60205078125,370064.58959397994,56.87345519347549,1
2021-08-09,555.5409545898438,555.5409545898438,544.3367672703847,550.8725432067358,17390.951,-5.601958349815618,-0.933546966707695,-4.668277889434421,54.9161446224004,554.9806640625,549.3785583496094,551.3859619140625,-11.999702602830617,0.22460836957425384,1.290982055111292,True,66.66666666666666,88.00029739716939,83.99995165697656,1.0687474341502519,14.00543212890625,387455.54059397994,40.14834663581263,0
2021-08-10,551.8060913085938,556.4745015565514,549.9387272094107,556.4745015565514,17190.865,5.601958349815618,0.933546966707695,5.60195993902596,50.84650596374691,554.4204467773437,550.405615234375,550.6390167236328,-28.000388274820438,-0.4771340626891863,0.5244455952185021,False,50.0,66.66644815954703,75.55545242729869,0.85493717790839,10.27056884765625,380088.0270225514,41.8617168604102,0
2021-08-11,550.8724365234375,550.8724365234375,546.2040260444253,550.8724365234375,19969.687,-5.602065033113945,-5.602065033113945,-3.734701164985381,49.83927809692805,553.3000244140625,551.4326477050781,549.565283203125,-32.00029820952478,-0.5338605625706248,0.2123126377519966,False,33.33333333333333,60.000136714202654,71.55562742363973,0.6202119982577814,10.27032470703125,400057.7140225514,-19.032864986826752,0
2021-08-12,547.1377563476562,549.0051207037916,545.2703919915209,547.1377563476562,15444.622,-3.73468017578125,-1.8673158196459099,-0.933634052904381,45.87387203004676,551.432666015625,551.7127563476563,548.2581298828125,-48.000199431635274,-0.929834262600279,-0.5515435189372334,False,16.666666666666664,33.33358188327604,53.333388919008605,0.20451394626260944,2.80108642578125,400057.7140225514,-70.17437254931293,0
2021-08-13,542.46923828125,546.2039662556476,540.6018742940512,546.2039662556476,22524.428,-0.9337900920086213,-2.8011544481439614,-4.668517697469724,41.383733122304044,549.5652954101563,551.8061279296875,547.884652709961,-80.95273552476148,-1.3582463423846767,-1.4279764129831847,False,16.666666666666664,10.526268068946715,34.61999555547517,-0.36288429851358517,0.9337158203125,392549.5713558847,-157.40831866670862,1
2021-08-16,545.2704467773438,547.1378113211018,539.6683531460696,543.4030822335858,19315.705,-2.8008840220618367,0.933845065454193,-0.9335211479815371,44.91310654915699,547.5111938476563,551.2459289550782,547.9780242919921,-69.99913255111619,-0.6520987283635535,-0.932976922748863,True,33.33333333333333,30.000138143398775,24.619996031873878,-0.5180937463356887,-5.60198974609375,402207.4238558846,-116.0116991884016,0
2021-08-17,545.2704467773438,545.2704467773438,545.2704467773438,545.2704467773438,0.0,1.867364543757958,-1.8673645437580717,5.602093631274101,44.91310654915699,546.2040649414063,550.312255859375,548.1180847167968,-69.99986185660121,-0.34128320939857293,-0.9889657421341944,False,16.666666666666664,30.000138143398775,23.508848118581454,-0.5844006475640483,-9.33673095703125,402207.4238558846,-74.80813460645122,0
2021-08-18,535.9335327148438,536.8672148275874,528.4640758128947,530.331440038382,43716.164,-14.93900673896178,-8.403231949756332,-16.806370964449002,36.25404263566219,543.2162841796875,548.258154296875,547.6045593261719,-75.00000767736883,-1.5718820459049148,-2.463894042445149,False,16.666666666666664,26.666702499659618,28.88899292881909,-1.1860373130338266,-20.541015625,436208.8847447731,-187.34251872017285,0
2021-08-19,521.9283447265625,534.9998953994997,521.9283447265625,534.9998953994997,38868.947,4.668455361117708,-1.8673194280877397,-6.535731086332248,27.559551980421332,538.1744018554688,544.8035339355469,546.1106719970703,-100.0,-3.2871950664138976,-4.539628194826132,False,16.666666666666664,0.0,18.888946881019496,-2.386884632564958,-34.54620361328125,397339.9377447731,-195.6084310914611,0
2021-08-20,515.3925170898438,525.6630201477935,514.4588349936665,522.8619738592618,45614.061,-12.137921540237926,-9.336875251706147,-7.469509732895972,24.560862313937278,532.7590576171875,541.1621765136719,544.5700958251953,-97.87234135071876,-3.552714471665513,-5.141061612533093,False,16.666666666666664,2.222223690726835,9.629642063462184,-3.41823785988255,-36.41357421875,359328.22024477285,-167.93376348775098,1
2021-08-23,528.4642333984375,534.0663277454174,521.9284566602943,522.8621390514576,33685.159,0.0001651921958227831,8.403307597623893,7.469621666627745,39.03413364614678,529.3978149414063,538.4545043945312,543.9165313720703,-66.66624725848614,-0.6726934620830728,-2.3155235327720547,True,33.33333333333333,38.4619972109061,13.561406967211012,-3.030191730127454,-27.07672119140625,361919.38632169587,-73.19599102734375,1
2021-08-24,534.0662231445312,536.8672697694152,533.1325409362366,535.9335875611206,24844.8,13.071448509663014,2.800942023997777,11.204084275942364,44.05235755907817,527.1569702148438,536.680517578125,543.54306640625,-53.33314985847407,0.7337829377373634,-1.009515094910083,True,33.33333333333333,56.75686328593657,32.480361395856534,-2.2426296797097605,-17.7398681640625,349496.9863216955,-17.79349665035489,1
2021-08-25,546.2040405273438,546.2040405273438,535.9335372011886,540.6019478039864,27504.657,4.668360242865788,9.336770757928548,2.800996264952005,53.16458426139609,529.2110717773437,536.2136779785156,543.8231628417968,-24.444360566875403,2.992950472387288,1.386477021320725,True,50.0,97.14259472389246,64.12048507357841,-0.8237314366300401,-4.66839599609375,377001.6433216955,52.82027292793465,1
2021-08-26,554.607177734375,563.0103167909565,551.8061313821812,561.1429525561606,43822.008,20.541004752174217,16.806276263612745,15.872594180992564,58.29466032679867,535.7468383789062,536.9606201171875,544.3366882324219,-17.3076881395009,3.967320151133717,2.901683206542451,True,66.66666666666666,82.6923118604991,78.86392329010941,0.68003399711862,7.46942138671875,355090.63932169526,141.60913565986988,1
2021-08-27,559.275634765625,560.2093169605592,553.6735415960194,556.4745881808221,27105.651,-4.668364375338456,-2.800999830397245,1.867410213838184,60.89091646289494,544.5234619140625,538.641259765625,545.2236938476562,-7.6922101799577955,3.633218805112077,3.6332197818339127,True,83.33333333333334,92.3077898200422,90.7142321348113,1.9182741739755609,16.806396484375,374451.81860740966,120.47478434658362,1
2021-08-30,564.877685546875,564.877685546875,559.2755927976498,562.0766391722624,36575.609,5.602050991440251,4.668368586315751,5.602051201630388,63.837862621602014,551.80615234375,540.6019836425781,545.9239562988281,-0.0,3.095704124727792,4.385328778128664,True,100.0,99.99999999999999,91.66670056018047,2.9803853049362488,19.60723876953125,411027.42760740966,120.26791655318708,1
2021-08-31,573.2808227539062,573.2808227539062,558.3419088059218,563.944001536416,52721.47,1.8673623641535642,8.40313720703125,-0.9336839917280031,67.80734869173261,559.649072265625,543.4030212402344,546.8576385498047,-0.0,3.2221882416728893,5.437886434648672,True,100.0,99.99999999999999,97.43592994001409,4.048390432440374,28.0103759765625,463748.8976074096,114.68016956717,0
2021-09-01,572.3471069335938,573.2807890003695,567.6786965997145,573.2807890003695,30092.045,9.336787463953556,-3.375353674073267e-05,9.336787793792723,66.91696287055575,564.877685546875,547.0443786621094,547.6512664794922,-1.5873584961432368,1.8836502465866747,4.831113154876076,False,83.33333333333334,98.41264150385676,99.4708805012856,4.459019960899004,36.41357421875,483810.2609407438,97.87755121784744,0
2021-09-02,566.7449951171875,574.214451395503,566.7449951171875,572.3470873259241,24112.463,-0.9337016744453877,0.9336623951335241,-0.9337014825269989,61.62087761307556,567.3052490234375,551.5260437011718,548.1647888183594,-12.500007075629412,0.27532233879820367,3.4658966630241252,False,66.66666666666666,85.71423128479626,94.7089575962177,4.128004186238369,44.816650390625,459697.7979407438,76.1235109576863,1
2021-09-03,578.8828125,578.8828125,569.5459929435484,569.5459929435484,51562.454,-2.801094382375709,4.668361104496967,2.8009978263609128,67.66893782348569,571.2266845703125,557.8750732421875,549.5186248779297,-0.0,1.6949014424409548,4.995746358754024,True,66.66666666666666,100.0,94.70895759621772,4.472204178760033,63.49029541015625,511260.25194074376,97.98242064455155,1
2021-09-06,589.1535034179688,595.6892792086594,579.8166808598393,581.6840453714652,55589.014,12.138052427916818,16.8064667086594,10.270687916290854,71.77481113478257,576.0818481445312,563.9440002441406,551.199252319336,-8.045968299019012,2.6016438153479133,5.783751677889975,True,66.66666666666666,89.06251421014312,91.59224849831315,5.092224093681178,60.68927001953125,521070.0779407437,143.3830652864347,0
2021-09-07,581.6838989257812,591.9544011540054,581.6838989257812,591.9544011540054,26526.056,10.27035578254015,-3.7348780546540183,1.8672180659419837,65.2049987027412,577.7624633789062,568.7057678222657,552.6931427001953,-18.987559789880045,0.809055469521369,3.416781109292953,False,50.0,68.08483215867301,85.71578212293873,4.70886970669603,47.61767578125,494544.0219407437,113.07336146840996,0
2021-09-08,577.9492797851562,585.4187373591162,571.4135044079412,580.7503263753912,37817.737,-11.2040747786142,-6.53566379488916,-10.270394517840032,62.104434038478,578.8828979492188,571.8802917480468,554.0469848632813,-28.35825510314941,0.026943936154836704,2.0049523315533326,False,33.33333333333333,57.77772703396203,71.64169113425942,3.944341389257313,31.7452392578125,492022.8394740772,54.98071072096068,0
2021-09-09,577.9492797851562,578.8829619819012,569.5461400144512,571.4135044079412,18735.512,-9.336821967449964,-6.535775377215032,-1.8673643934899928,62.104434038478,581.1237548828125,574.214501953125,555.5875610351562,-29.687522617132373,-0.13443553527638225,1.350806821157152,False,33.33333333333333,52.50000406400024,59.454187752211794,3.2103231914188157,23.34210205078125,507011.24907407747,20.339414966977298,1
2021-09-10,580.750244140625,581.6839262051598,573.2807876243469,574.2144696888816,16304.725,2.8009652809404315,2.8009642232585747,3.73464760989566,63.64732304631696,581.4972412109375,576.361962890625,557.501611328125,-34.04276085003294,-0.053567298842951735,1.3304319272991831,True,50.0,59.99976730104847,56.75916613300361,2.7053406179724835,21.474609375,519692.70185185526,36.84177684469381,0
2021-09-13,574.2144775390625,578.882887925559,572.3471133844639,577.9492058482597,15198.774,3.7347361593780306,-2.801038279600789,-0.9336742398829756,57.67041121874747,578.5094360351562,577.2956420898438,558.9488128662109,-51.11132849215153,-1.045862975268434,-0.09476448813239291,False,33.33333333333333,25.806416210777165,46.10206252527532,1.7683707818076648,9.3367919921875,513178.941566141,-18.949300827379396,0
2021-09-14,572.3471069335938,577.015517267473,571.4134248668179,577.015517267473,14441.901,-0.9336885807866793,-1.8673706580859744,-0.9336885176460328,56.03041410617398,576.6420776367188,577.2022705078125,560.3026458740235,-62.50017611241147,-0.8892521085691669,-0.6080293537662018,False,16.666666666666664,19.354812158082872,35.05366522330287,0.903652856965973,-0.9337158203125,503551.0075661411,-52.40794299707201,0
2021-09-15,566.7449951171875,572.3470873259241,566.7449951171875,569.5460412215558,23433.501,-7.46947604591719,-4.6684299415488795,-4.668429749630377,51.25977517542208,574.401220703125,576.6420593261719,561.8432189941407,-77.50019286324435,-1.4343783353601036,-1.6074624067534924,False,16.666666666666664,0.0,15.053742789620046,-0.11085109380858604,-5.60211181640625,480117.5065661411,-118.7894505292568,0
2021-09-16,562.7587890625,569.3243082682292,561.8208577473958,565.5725830078126,22467.022,-3.9734582137432426,-3.0227790576949474,-4.9241373697916515,48.08194094503183,571.3631225585938,576.2434387207031,563.8847412109375,-97.23066126309756,-1.6947930942496363,-2.150553515064074,False,16.666666666666664,2.7693387369024416,7.374716964995137,-1.0626800675842638,-3.9862060546875,463267.240066141,-157.24295266273106,0
2021-09-17,562.7587890625,572.1381022135417,561.8208577473958,562.7587890625,40717.715,-2.813793945312568,2.813793945312568,0.0,48.08194094503183,567.7648315429688,574.6310363769531,566.2530548095704,-97.23066126309756,-1.258100056460983,-2.0144217661892334,False,16.666666666666664,3.112582222568702,1.9606403198237476,-1.668516711626987,-16.1240234375,429952.74597523175,-111.90072304789216,0
2021-09-22,549.6278686523438,552.4416632017585,546.814074102929,549.6278686523438,40642.293,-13.13092041015625,-19.69643901178324,-15.00678364446685,38.68111394673061,562.847509765625,570.6784729003906,567.3112365722657,-94.2428997621028,-2.6762903457821596,-4.062456597325498,False,0.0,7.288742633867635,4.390221197779626,-2.859914885659835,-39.525634765625,429952.74597523175,-194.63699412191718,1
2021-09-23,551.5037231445312,556.1933806542636,551.5037231445312,551.5037231445312,21696.296,1.8758544921875,3.7517174525050905,4.689649041602252,40.49427086102254,558.6788330078125,567.6604553222656,568.1831115722656,-90.40485041145656,-1.685183991347792,-3.350116427720138,True,16.666666666666664,13.449007549137944,7.950110801858126,-3.391660981272822,-30.18017578125,408256.4499752318,-126.1966396343702,1
2021-09-24,560.8831176757812,560.8831176757812,553.3796645965066,554.3175962314159,16736.973,2.813873086884655,4.689737021517658,1.8759414519753363,48.75890697076097,557.5064575195313,565.9538391113281,568.9170654296875,-68.8326503329648,0.328578182747122,-1.2988990936493914,True,33.33333333333333,40.34729924177739,20.361683141594355,-2.9954862476217397,-17.066162109375,424993.4229752318,-65.62492921625301,1
2021-09-27,564.6347045898438,564.6347045898438,556.1933219630853,562.7588417838974,19464.241,8.441245552481519,3.7515869140625,2.8136573665786955,51.686827475037525,557.881640625,564.6223815917969,569.4184417724609,-53.83814030793646,1.0632297088607923,-0.3896713253156241,True,50.0,55.56997083047481,36.45542587379675,-2.390803064648627,-13.3145751953125,444457.66397523176,-27.779124129160532,0
2021-09-28,557.1312255859375,559.0070882983481,555.2553628735269,558.0691569421427,16707.08,-4.6896848417546835,-5.627616291495656,-0.937959089558376,45.95714966705313,556.7561279296875,562.2604797363281,569.3112213134766,-70.41240251676183,-0.11211806330808853,-1.4116696393831156,False,50.0,34.161120800745934,43.35946362433274,-2.399952205967956,-23.6190185546875,444457.66397523176,-55.55626043767934,0
2021-09-29,544.0001220703125,546.8139158051589,541.1863283354661,544.0001220703125,49310.524,-14.06903487183024,-12.193172493189195,-14.069034538060805,37.93001644959102,555.6305786132813,559.2390441894531,568.2673431396485,-93.05194904670606,-1.9165934856818376,-3.2509582408623645,False,50.0,9.029926824658004,32.92033948529295,-3.1470318157824693,-30.21435546875,444457.66397523176,-144.8022570957706,0
2021-09-30,544.0001220703125,548.6897782950566,539.3104658455684,544.0001220703125,30465.107,0.0,1.8758624898977132,-1.8758624898977132,37.93001644959102,554.1298583984375,556.404345703125,566.8033081054688,-88.14918072170418,-1.7504396230361645,-2.7211194151762084,False,50.0,14.285695662570886,19.15891442932497,-3.472299727721543,-28.34698486328125,444457.66397523176,-117.30659099540262,0
2021-10-01,538.3726196289062,543.0622765943149,535.5588254496611,543.0622765943149,36704.493,-0.9378454759976194,-5.627501700741732,-3.751640395907316,34.8274528878615,549.6277587890625,553.5671081542969,565.1045837402344,-93.21269002454213,-2.3809511073638987,-3.210477168292554,False,33.33333333333333,7.692317695093392,10.335980060774125,-3.867353143344572,-28.37237548828125,435281.54072523175,-126.10430419715333,0
2021-10-04,536.496826171875,539.3106207147345,533.6830316290155,538.372689200448,20957.803,-4.689587393866873,-3.751655879580426,-1.8757938206455265,33.82147578476054,544.0001831054688,550.9409118652344,563.5921752929687,-92.7224537308836,-1.998841597035202,-3.0268658696186526,False,16.666666666666664,9.090928772801828,10.356314043488732,-4.037197625059559,-26.261962890625,435281.54072523175,-115.97413193993381,0
2021-10-05,536.496826171875,536.496826171875,525.2416480004371,527.1175110290101,33824.024,-11.255178171437933,-2.813794542859455,-8.441383628578478,33.82147578476054,539.8733032226562,548.3147155761719,561.4728759765625,-75.99993781983457,-1.1520592871160096,-2.5830152791519234,False,0.0,28.571477173631152,15.118241213842154,-3.928071635376099,-26.261962890625,469105.5647252317,-118.40717476087373,0
2021-10-06,535.5588989257812,538.3726934910655,529.9313097952127,537.4347619693041,32508.846,10.317250940294002,1.8758673191905473,4.6896617947755885,33.249972242336554,538.18505859375,546.9078186035156,558.7931457519531,-77.99993390020275,-0.6668475688523567,-2.3514226743547733,False,0.0,26.19053157738115,21.284312507938072,-3.700716379330049,-14.0689697265625,479941.84672523174,-83.55985429790923,1
2021-10-07,544.0001220703125,545.8759845602101,536.496672110722,539.3104658455684,27933.054,1.8757038762643106,7.503291069144552,6.565362315509333,42.74815739754412,538.18505859375,546.1574584960938,556.9089569091797,-52.38126793410635,0.8987940571254688,-0.5288170912933929,True,16.666666666666664,47.61873206589365,34.126913605635345,-2.8041855000874327,-7.50360107421875,496701.67912523187,-22.946650246130066,0
2021-10-08,539.310546875,546.8139979619566,537.4346841032609,545.8760665760869,18279.079,6.565600730518554,0.9380134017465025,0.9380119925389181,39.354267868763266,538.3726440429688,544.0002014160157,554.9770202636719,-64.28584097648759,0.17421147201815387,-1.2310364092502983,False,16.666666666666664,41.666564245671445,38.49194262964878,-2.3668115025749024,-21.57257080078125,485734.2317252317,-21.026668946724893,0
2021-10-12,539.310546875,539.310546875,528.9933016304348,534.6208899456522,26522.907,-11.25517663043479,-7.503451086956602,-8.441382472826149,39.35426786876326,538.9353881835938,541.4677856445312,553.0450836181641,-64.28584097648759,0.14513345608087988,-1.0468970589643307,False,16.666666666666664,60.00008827053989,49.76179486070169,-1.9354838354264512,-25.32415771484375,512257.1387252317,-64.99011281337769,0
2021-10-13,535.5588989257812,539.310625012827,534.6209674040198,536.4968304475427,18914.374,1.8759405018905682,7.813782701759919e-05,5.627665773585022,36.58864875062991,538.747802734375,539.3105529785156,550.7855163574219,-73.80946842261885,-0.522638195045206,-1.3532833823875732,False,16.666666666666664,44.00031386601259,48.55565546074134,-1.7655668484768272,-21.57232666015625,500908.5143252319,-42.20110483338775,1
2021-10-14,537.4346923828125,543.0622807847268,537.4346923828125,543.0622807847268,13916.927,6.565450337184075,3.7516557718997774,2.8137249787927203,38.929550299748655,539.1229614257812,538.6540100097657,548.9465270996094,-63.888981530237054,-0.20319402034963222,-0.5927417790780733,True,33.33333333333333,56.521632571904405,53.50734490281899,-1.4052500929369476,-6.5654296875,486991.58732523187,25.53215413285797,1
2021-10-15,562.7587890625,562.7587890625,549.6277506510417,555.2553385416667,53150.216,12.19305775693988,19.696508277773205,12.193058268229152,60.43873081244322,542.8746948242188,540.5298767089844,548.4671112060547,-0.0,3.6269364053811772,4.0011472915413755,True,50.0,100.0,66.84064881263903,0.5551359305510388,18.7586669921875,540141.8033252319,273.9738786659156,0
2021-10-18,553.3795166015625,566.5105559785487,553.3795166015625,566.5105559785487,19158.568,11.255217436882049,3.751766916048723,3.7517659505208485,52.90950693719353,545.6884887695312,542.03056640625,547.7988372802735,-31.818238040005102,1.6073463641786276,2.1202923603736195,False,33.33333333333333,68.1817619599949,74.90113151063314,1.1996944857254626,15.00689697265625,520983.2353252319,160.49449036748277,1
2021-10-19,562.7587890625,562.7587890625,556.1932698567708,560.8829264322917,17386.359,-5.627629546257026,-3.751766916048723,2.8137532552083258,58.54349727701884,550.3781372070313,544.6567626953125,547.7988372802735,-9.091025422913052,2.593323696265572,3.5524132704429223,True,50.0,89.9998894342402,86.06055046474506,2.1801212181569243,26.261962890625,538369.594325232,123.46529645097667,0
2021-10-20,560.8831176757812,566.5107074852373,559.9451860408719,565.572775850328,16372.52,4.68984941803626,3.751918422737276,3.7519161841011055,57.054316139377626,555.4429809570313,547.0953918457031,547.7050537109375,-13.636341316498191,1.585526373243839,2.852251478013499,False,50.0,85.00005615730585,81.06056918384701,2.5964348678470497,24.38629150390625,526674.9371823748,100.48512048515552,0
2021-10-21,559.0071411132812,565.5726612270279,558.0692096684603,564.6347297822069,16169.014,-0.9380460681210252,-0.9380462582093969,-1.8759763724116283,55.51358329461231,559.757470703125,549.4402160644531,548.1740173339844,-18.1820629440796,0.5341611120626316,2.156837218505655,False,50.0,79.99977290275385,84.99990616476667,2.6314122406449303,23.4482421875,514548.1766823748,72.22231516444305,1
2021-10-22,562.7587890625,564.6346516927084,557.131201171875,562.7587890625,13995.403,-1.8759407197069322,-0.9380095343194625,-0.9380084965853257,57.98865966868423,559.757470703125,551.3160827636718,548.7367706298828,-10.000474012669512,0.44641933087866975,2.4327686266002715,True,50.0,89.99952598733049,84.99978501579676,2.7786861795231372,18.7586669921875,521545.8781823746,63.43545397334052,0
2021-10-25,556.193359375,559.9450852392496,553.3795649768128,559.9450852392496,16785.568,-2.813703823250421,-4.689566453458838,-3.751636195062133,52.4207283731887,560.3202392578125,553.0043640136719,548.5022827148438,-27.50016392435773,-0.5311671859141911,0.921862047134606,False,33.33333333333333,67.64681027828755,79.21536972279067,2.323880107165612,16.8828125,519147.9398966602,24.928520238876445,1
2021-10-26,561.8209838867188,562.758915412406,556.1933947325947,558.0692577839694,19998.808,-1.8758274552801595,2.813830173156475,2.8138297557818532,56.34065991817582,560.1326782226563,555.2554077148437,548.3615966796875,-12.500127585229098,0.22309786706998697,1.6690350185273761,True,50.0,83.87081729735576,80.50571785432463,2.288379274797391,22.51043701171875,533432.8027538033,46.13152789935402,0
2021-10-27,561.8209838867188,561.8209838867188,557.131326258282,560.8830523610314,14961.858,2.8137945770620263,-0.9379315256873042,0.9379315256873042,56.34065991817582,560.3202514648438,557.8816162109375,548.5960845947266,-12.500127585229098,0.25105033596810394,1.3250731087392136,False,33.33333333333333,72.22214304890176,74.57992354151504,2.153194327417417,26.2620849609375,548394.6607538033,41.60171709178831,0
2021-10-28,558.0692749023438,560.8830695657169,554.3175486845129,560.8830695657169,16570.044,1.720468549137877e-05,-0.9379143210018128,-2.81377757376913,52.88392910894053,560.1326782226563,559.9450744628906,549.2995422363281,-26.470684807698962,-0.33499959905417426,0.36548769330720854,False,33.33333333333333,35.714645703701905,63.935868683319846,1.7182830581493533,20.63458251953125,550761.8098966604,-76.92007325535533,0
2021-10-29,553.3795166015625,559.0071049059852,552.441585217492,558.0691735219148,25763.96,-2.813896043802174,-1.8759646597317214,-1.8759634670208243,48.80090985071407,558.2568237304688,559.0071472167969,549.7685119628907,-45.16159053232748,-1.0067196226918171,-0.7430311764810367,False,33.33333333333333,6.666594875081493,38.20112787589508,1.0545274737962926,-9.3792724609375,532358.9813252318,-142.12790373006442,0
2021-11-01,553.3795166015625,556.1933107537739,553.3795166015625,554.317447985633,16089.351,-3.7517255362818105,-2.813794152211358,0.9379313840704526,48.80090985071408,557.6940551757813,559.0071472167969,550.5188568115234,-77.77779101512701,-0.7291177321237559,-0.9790266154558953,False,16.666666666666664,6.666594875081493,16.34927848462166,0.5790178079384714,0.0,516269.6303252318,-125.85129262583429,1
2021-11-02,555.2554321289062,559.9450894948599,553.3795691825248,557.1312950752877,15192.404,2.8138470896547005,3.7517787410860137,5.258096234683762e-05,50.61594242388838,556.3809448242188,558.2568115234375,551.456787109375,-79.99984037479575,-0.3646565627429969,-0.5320614624992299,True,33.33333333333333,21.42891343687888,11.587367729013984,0.36482088705749993,-7.50335693359375,509758.6000395174,-60.16231055489169,0
2021-11-03,555.2554321289062,559.9450894948599,555.2554321289062,559.9450894948599,10224.009,2.8137944195722184,0.0,1.8758629463814032,50.61594242388838,555.0678344726563,557.69404296875,552.3947174072266,-79.99984037479575,-0.16863330535763824,-0.5599088108350618,False,16.666666666666664,23.07743435282362,17.057647554928025,0.20509024172344725,-5.627685546875,499534.59103951737,-33.70754973236927,0
2021-11-04,550.5657348632812,557.1312546998109,548.6898720528442,555.2553918893739,17932.145,-4.689697605486003,-2.8138347950489333,-6.56556007606207,45.78678883063025,553.5671264648438,556.84990234375,553.1450592041016,-89.4737661567353,-0.6768232608804815,-1.220031616341912,False,16.666666666666664,13.333264831842031,19.279870873848207,-0.21188161856466048,-8.44140625,489572.28826173965,-143.1158482853067,1
2021-11-05,562.7587890625,562.7587890625,558.0691324869792,560.8829264322917,33270.827,5.627534542917829,5.627534362689062,9.379260434135062,57.332844315918756,555.4429809570313,556.84990234375,554.0829925537109,-16.667104798244527,1.3798832032255186,0.9392829069165611,True,33.33333333333333,99.9991019296563,45.469933704774014,0.3096717435025542,0.0,522843.11526173964,122.46462353866049,1
2021-11-08,564.6347045898438,564.6347045898438,560.8829789779511,562.7588417838974,19752.355,1.8759153516057268,1.87591552734375,2.813846490971855,58.805355499994945,557.6940185546875,557.6940368652344,555.3492004394532,-0.0,1.3752449552227919,1.190639452243339,True,50.0,100.0,71.11078892049947,0.7330123517560243,8.44134521484375,542595.4702617397,132.5995874586111,1
2021-11-09,573.0759887695312,578.7035762206232,572.1380575276826,573.0759887695312,39538.66,10.317146985633826,14.068871630779427,11.25507854973148,64.77325180574493,561.2581298828125,558.8195373535157,557.0374725341796,-18.750059704837714,2.2879308868173083,2.545434092374819,True,66.66666666666666,81.24994029516229,93.74968074160624,1.4899187004657906,11.2550048828125,514353.5702617399,226.02691389485972,1
2021-11-10,574.0140991210938,574.0140991210938,570.2623729830474,573.0761675865822,16027.674,0.00017881705093714118,-4.689477099529427,-1.8756845446351917,65.38128242868027,565.00986328125,560.0388488769531,558.9602325439453,-15.624452994255144,1.8868075790812955,2.441076583025257,True,66.66666666666666,84.37554700574485,88.5418291003024,1.9339884604968893,12.193115234375,530381.2442617399,135.74008842750436,0
2021-11-11,568.3865966796875,568.3865966796875,562.7590066135521,562.7590066135521,18463.848,-10.317160973030127,-5.62750244140625,-7.503366369495325,58.74569647004384,568.5740356445312,561.0705810546875,560.5078277587891,-34.37422946285783,0.49753899659868717,1.3378174814344028,False,66.66666666666666,65.62577053714217,77.08375261268313,1.7352894158989765,10.31732177734375,548845.0922617399,54.15186916204495,0
2021-11-12,566.5106201171875,573.0761405490092,564.6347571366671,572.138209058749,15821.327,9.379202445196938,4.68954386932171,1.8757505231150162,56.65465929532072,569.3244018554688,562.38369140625,560.6954193115234,-40.62462945351923,-0.30260854527433617,0.9330225707857867,False,66.66666666666666,59.37537054648077,69.79222936312262,1.3795900110644999,13.131103515625,540055.4661506286,56.36086882793463,1
2021-11-15,570.2623291015625,573.0761234885767,569.3243976392243,571.2002605639005,15551.452,-0.937948494848456,-1.7060432469406805e-05,4.689640502557268,59.778135430903234,570.4499267578125,564.07197265625,561.5395599365235,-28.12464290270016,0.13724890180783558,1.4178509167541054,True,66.66666666666666,71.87535709729984,65.62549939364095,1.3001335522075625,16.8828125,532279.7401506291,69.96686805555062,1
2021-11-16,572.1381225585938,574.0139852555072,570.2622598616804,574.0139852555072,20917.108,2.8137246916066943,0.9378617669304958,0.9378622224560331,61.29924211727612,570.262353515625,565.7602416992188,562.0085266113281,-21.874852984916547,0.24649600467293842,1.4693558562418365,True,66.66666666666666,78.12514701508346,69.79195821962139,1.2753062452129997,16.8826904296875,532279.7401506285,70.08289096648967,0
2021-11-17,572.1381225585938,576.8277793008773,570.2622598616804,576.8277793008773,19717.852,2.8137940453700594,2.8137940453700594,0.0,61.29924211727612,569.887158203125,567.4485107421875,562.5712768554688,-21.874852984916547,0.27395888696560405,1.1888216199407629,False,50.0,68.1820661279828,72.72752341345539,1.1634054835882441,16.8826904296875,523829.2321506283,69.86690291923506,1
2021-11-18,574.951904296875,575.8898356252549,569.3243163265956,574.951904296875,20030.651,-1.875875004002296,-0.937943675622364,-0.9379435350847416,63.74676496404212,571.2002197265625,569.8871276855468,563.3685150146484,-12.49986307180224,0.7395111979702053,1.3921335680717362,True,50.0,78.9475522472128,75.08492179675972,1.1797121309261525,24.38616943359375,538136.8400077709,65.4757444087476,1
2021-11-19,579.6415405273438,584.3311970041023,578.7036092319921,583.3932657087505,35554.348,8.441361411875505,8.441361378847319,9.379292905396483,67.48547673795666,573.8264038085938,571.5754028320313,564.2126525878906,-13.157918464512539,1.2284922629270731,1.854129120251301,True,66.66666666666666,78.26063838740814,75.1300855875346,1.392545725788355,16.88275146484375,514433.9413411035,178.01770831387225,0
2021-11-22,576.8278198242188,579.6416140672637,576.8278198242188,579.6416140672637,20312.168,-3.7516516414867738,-4.689582936838519,-1.8757894077733681,63.21822828066861,575.139501953125,572.7947143554687,565.2443756103515,-28.571162693592722,0.43549782295369416,0.9714061519009267,False,66.66666666666666,65.21736066648849,74.14185043370317,1.235380911581207,12.193115234375,494121.7733411035,107.80340873163324,0
2021-11-23,574.0140991210938,576.8278937246286,573.0761675865822,576.8278937246286,19431.694,-2.813720342635179,-2.813720342635179,-3.751652237636563,59.1388054803809,575.514697265625,572.888525390625,565.8540313720703,-43.99949655663439,-0.16311549480427973,0.31417666560226704,False,50.0,52.174082945568856,65.21736066648852,0.8517314189040377,0.9381103515625,484405.9263411032,36.88115892404563,0
2021-11-24,565.5725708007812,574.0139524545243,564.634639505921,574.0139524545243,20391.94,-2.8139412701042374,-2.8139412701042374,-8.441528080661215,48.8267964226715,574.2015869140625,572.0443725585938,566.0416107177734,-86.95744782383487,-1.4437561317300063,-1.1745550303501717,False,33.33333333333333,4.761904687897279,40.717782766651574,-0.014857544879475881,-8.4415283203125,468092.37434110296,-87.46379649946341,0
2021-11-25,565.5725708007812,569.3242959802226,563.6967082110606,567.4484333905019,11888.265,-6.565519064022396,-4.689656474301728,-0.9379312948603911,48.8267964226715,572.3257202148437,571.7629699707031,566.4167755126953,-86.95744782383487,-1.2554654401075211,-1.0664609583412994,False,33.33333333333333,9.090908956044716,22.00896552983698,-0.5999631078052063,-2.81402587890625,464129.61934110295,-122.42518918559799,0
2021-11-26,559.0071411132812,563.696798337386,555.2554153339975,560.8830040029231,26588.102,-6.565429387578774,-5.627497642836602,-8.44129287706312,42.041509281282266,568.1988403320313,571.0126220703125,566.6981567382812,-87.09673286912438,-1.9467987978523043,-2.0005445619137014,False,16.666666666666664,12.903267130875616,8.9186935916059,-1.3955910751956804,-7.50347900390625,461175.3857855474,-186.02388694246395,0
2021-11-29,556.193359375,560.883016705312,554.3174964428753,557.1312908410624,23379.558,-3.751713161860721,-2.813781632073983,-0.9379188911221945,39.47663579507485,564.0719482421875,569.6057250976562,566.8388488769531,-93.74997785328726,-1.7669735246194511,-2.3198277002519694,False,0.0,6.250022146712741,9.414732744544386,-2.0388600324997683,-14.0689697265625,451155.57521411846,-144.32928823206763,1
2021-11-30,559.0071411132812,562.758866892565,554.3174838891765,559.9450725581022,62021.697,2.813781717039774,1.875850187253036,-1.2553698752526543e-05,43.25336889140328,561.070556640625,568.292626953125,567.0264343261719,-84.37495152250062,-0.7493721908973139,-1.7177350275118624,True,16.666666666666664,15.62504847749938,11.592779251695939,-2.189127163779812,-13.1309814453125,458046.8748807851,-96.88857667752639,1
2021-12-01,562.7587890625,565.5725830078126,557.131201171875,559.0070638020834,21403.404,-0.9380087560188031,2.81371611524753,2.8137172826984624,47.97533392835658,560.5078002929688,567.3546936035157,567.4016021728515,-71.87517205551735,0.25062002633413033,-0.9492430455112684,True,33.33333333333333,28.124827944482643,16.666632856231615,-1.9576711560375402,-9.37933349609375,465181.34288078494,-55.60449970891152,1
2021-12-02,576.8278198242188,576.8278198242188,564.6347114376905,567.4485056807355,45125.742,8.441441878652086,11.255236816406182,7.503510265815521,61.18774827736277,562.7588500976562,567.54228515625,568.7147064208984,-24.99982974832958,2.4146564126212064,1.4572483957803883,True,50.0,88.88888098719482,44.212919136392316,-0.8361985899838764,1.87591552734375,510307.08488078497,47.28354070458264,0
2021-12-03,570.2623291015625,575.8899178755911,568.3864661768863,575.8899178755911,23045.832,8.441412194855616,-0.9379019486276547,3.7517547391958033,54.182500500123986,565.0098876953125,566.6043640136719,569.0898834228516,-46.87479969128959,1.1086515292270454,0.3300404929540666,False,50.0,70.8332070759288,62.61563866920212,-0.5306114221207596,-9.37921142578125,498784.16888078494,51.10010531977838,0
2021-12-06,562.7587890625,571.2001708984375,562.7587890625,565.5725830078126,23589.363,-10.317334867778527,-4.689746977153618,-5.627677114386302,47.41453551349948,566.3229736328125,565.1974609375,568.9960876464844,-71.87517205551735,-0.3322352508789614,-0.8127921919108484,False,50.0,37.49968546752231,65.740591176882,-0.811079544971133,-14.06903076171875,475194.80588078493,-0.0006641265691641361,1
2021-12-07,569.3243408203125,569.3243408203125,559.9450271329927,564.6346839766526,18606.53,-0.9378990311599864,-1.8758300781249773,-2.8137619295073364,53.016473035388465,568.3864135742188,564.7284851074219,568.8085052490235,-40.74087905249631,0.44125563602712187,0.4966856454211324,True,66.66666666666666,66.6665169921989,58.33313651188337,-0.5444679829511392,-4.68975830078125,493801.3358807849,22.317154043595647,0
2021-12-08,564.6347045898438,575.8898814255217,564.6347045898438,575.8898814255217,20801.543,11.255197448869126,6.565540605209208,4.689677456851086,48.95290527623847,568.7615966796875,564.6346984863281,568.3395355224609,-54.16689089143786,-0.5506583658809032,-0.15203802795442214,False,50.0,45.833259576576275,49.99982067876585,-0.6659725423580476,-0.9378662109375,472999.7928807849,54.76888868393088,1
2021-12-09,570.2623291015625,570.2623291015625,564.6347403275339,568.3864661768863,11039.07,-7.503415248635406,-5.627552323959208,3.5737690154746815e-05,53.607861321546146,567.4484985351562,565.1036743164062,568.4333221435547,-29.16656038187167,0.21978639636980238,0.8989152088366889,True,50.0,70.83343961812834,61.1110720623012,-0.36442993413509095,4.68975830078125,484038.8628807849,49.5009586006213,0
2021-12-10,567.448486328125,570.2622804752066,564.6346921810434,567.448486328125,10497.451,-0.9379798487613016,-4.8626355919623165e-05,-4.814649048512365e-05,51.06773995147924,566.8857299804688,565.9478088378906,568.4802154541015,-41.66678597405016,-1.7926782900127718e-06,0.37328743931747804,False,33.33333333333333,58.33321402594984,58.33330440688485,-0.3514210306215677,8.44134521484375,484038.8628807849,27.69042561632798,0
2021-12-13,563.6968383789062,572.1382219819182,563.6968383789062,571.2002904704724,17711.657,3.751804142347396,1.8759415067115697,-0.9378538021371696,47.77514142293764,567.07333984375,566.6981567382812,568.1519409179688,-58.33312076374334,-0.46921333725898107,-0.2627474040933908,False,33.33333333333333,33.33382913543896,54.16682759317242,-0.5789889874318319,7.50347900390625,466327.2058807849,-4.910862255159309,0
2021-12-14,561.8209838867188,562.758915412406,559.945120835344,560.8830523610314,22579.034,-10.31723810944095,-9.379306569512096,-3.751717543562222,46.15202911076446,565.5726684570312,566.979541015625,567.636083984375,-66.66642372999239,-0.7730447133008961,-0.6358751659116075,False,33.33333333333333,11.111649524080295,34.25956422848973,-0.824387981958663,2.8138427734375,473853.5505474522,-136.43220999220378,1
2021-12-15,562.7587890625,563.6967203776042,559.0070638020834,559.9449951171875,21827.73,-0.9380572438439003,0.9378049651980973,-0.9380570332606339,47.13161976739175,565.1974853515625,566.979541015625,567.1671173095704,-62.50031453247769,-0.4149503078676706,-0.5662302032620917,True,33.33333333333333,22.22210323018637,22.222527296568572,-0.8866587709306926,0.0,486950.18854745216,-128.6834141342059,1
2021-12-16,570.0612182617188,570.0612182617188,566.2922184715586,570.0612182617188,21809.022,10.116223144531205,6.3644978841145985,7.285154669475219,54.20795813191113,565.1572631835937,566.302880859375,566.9225830078125,-34.354127893392594,0.7160870497672498,0.5603609688444546,True,50.0,65.47576776692144,32.93650684039606,-0.42268769984320786,-6.7666015625,508759.21054745215,63.673366518862046,1
2021-12-17,571.94580078125,571.94580078125,564.4078001119749,566.2923002792936,24105.733,-3.768917982425137,1.88458251953125,-1.8844183595837194,55.87088875735821,566.0567260742188,566.4712280273437,566.5377960205078,-27.395128674141212,0.9989806971967875,0.7567333420420634,True,50.0,76.63849286154603,54.77878795288464,0.0020085166573161617,1.6834716796875,532864.9435474521,95.8112827817634,0
2021-12-20,563.4656372070312,571.9458892720199,563.4656372070312,571.9458892720199,21381.07,5.653588992726327,8.84907699401083e-05,-0.9421629049436433,47.418002757866965,566.0104858398438,566.5419128417968,565.8696868896484,-73.59111566364732,-0.3817442985463351,-0.5420743400103375,False,50.0,26.40894135323742,56.174400660568324,-0.28163372184531854,0.70684814453125,511483.8735474521,-6.15948533948155,0
2021-12-21,562.5233154296875,565.3500657584799,560.6388152104926,562.5233154296875,17001.461,-9.42257384233244,-6.59582351354004,-2.8268219965386834,46.564011588410565,566.1509521484375,565.8618103027344,565.2951477050781,-79.17260195524167,-0.5139414227784163,-0.5952470351369534,False,50.0,26.777924532231587,43.27511958233837,-0.5126904323842678,-6.801025390625,508083.58134745207,-89.85683923304441,1
2021-12-22,565.3499755859375,566.2922255452474,563.4654756673177,563.4654756673177,9831.802,0.9421602376302189,0.9421597867675473,2.8266604568251523,49.537988618295984,566.669189453125,565.9333374023438,565.2840179443359,-62.42977964147241,-0.11792577448097455,-0.13384838810018912,True,66.66666666666666,48.304282813337686,33.83038289960226,-0.45697903100208903,0.71527099609375,511360.84868078516,-21.391693091433794,1
2021-12-23,571.0037231445312,572.8882238809819,567.23472167163,571.9459735127565,16654.439,8.480497845438776,6.595998335734407,3.769246004312322,55.00241237791855,566.8576904296875,566.0074768066406,565.5555755615235,-28.94160435759866,0.6366169916505773,0.8399280768434998,True,66.66666666666666,86.42404002446928,53.83541579001288,-0.042987755333510846,0.74139404296875,516912.3283474518,113.55311147662674,0
2021-12-24,569.1190795898438,573.8303302487001,569.1190795898438,571.0035798533863,11059.689,-0.9423936593701683,0.9421063677182246,1.8843579182137091,52.9185495992039,566.2923461914063,566.1745361328125,566.0611724853516,-31.78281032607116,0.33222426921663,0.4408114052233643,False,50.0,68.21718967392884,67.64850417057863,0.0928797657409196,1.67059326171875,505852.6393474518,102.60872817772854,1
2021-12-27,571.0037231445312,574.7727246174325,569.1192224080806,569.1192224080806,16259.872,-1.8843574453056817,0.9423943687323799,0.0001428182368954367,54.78723836818013,567.7999633789062,566.905224609375,566.8016906738281,-23.906397055249347,0.69234750751776,0.7624353027067825,True,50.0,76.09360294475066,76.91161088104961,0.28763771142776173,7.306884765625,500432.6820141185,95.47236956136517,1
2021-12-28,579.4837646484375,579.4837646484375,574.7725145293446,574.7725145293446,33892.718,5.653292121263917,4.711040031005041,5.653292121263917,62.15950829913457,571.1920532226562,568.6715026855469,567.8255218505859,-0.0,1.7089158088420142,2.0782073924325895,True,66.66666666666666,100.0,81.4369308728932,0.9293448055688361,17.66278076171875,534325.4000141185,175.13887542750493,1
2021-12-29,580.4261474609375,583.2528981790914,578.5416469821682,579.4838972215529,24518.766,4.7113826922083035,3.769133530653903,3.769132452823669,62.89303109228458,574.2072875976562,570.4382385253906,568.7088897705078,-11.658706704828735,1.34357623487935,1.9937379674095375,True,83.33333333333334,87.50004268544059,87.8645485433971,1.3343976877320793,17.6673583984375,529421.6468141185,177.41812961151368,0
2021-12-30,579.4837646484375,584.1950147675304,579.4837646484375,583.2527647437119,19681.276,3.7688675221589847,0.9421165884390348,0.9421176662692687,61.59058507225965,575.9032958984375,571.3804931640625,568.8416870117187,-18.704380223527725,0.7645915312637822,1.5654463005039543,False,66.66666666666666,79.99995666667138,89.16666645070403,1.4465640518978609,9.42254638671875,509740.3708141185,126.36321158295549,1
2022-01-03,594.559814453125,595.5020645552694,582.3105631252477,583.252813227392,69089.158,4.848368018883775e-05,11.307049787738947,2.826798476810154,71.78713354266925,580.9914428710938,573.64189453125,570.0565612792968,-2.702703046483394,2.685104899279615,3.7260240992656617,True,66.66666666666666,97.29729695351661,88.26576543520956,2.388236810147346,22.614013671875,568959.649099833,159.8943248592618,1
2022-01-04,618.1160278320312,618.1160278320312,606.8090273229087,607.7512773653356,79434.666,24.49846413794353,22.613963276761865,24.498464197661065,80.57638701774984,590.4139038085938,579.10693359375,572.8244232177734,-0.0,5.268778479593379,7.087460083720915,True,83.33333333333334,100.00000000000001,92.43241787339603,4.336205017288681,54.650390625,648394.315099833,226.19046742938926,0
2022-01-05,612.4625854492188,630.3653379469652,608.6935849233774,630.3653379469652,69593.809,22.614060581629587,12.249310114933905,1.8845576004687246,74.49984898780113,597.00966796875,584.1008605957031,574.9813354492187,-25.675670885537826,3.0927876358356032,5.49093728797131,False,66.66666666666666,71.64172701931798,89.64634132427824,4.938808924340018,49.93927001953125,603007.0483607023,157.22165740669038,0
2022-01-06,606.8091430664062,608.6936435107118,599.2711412891838,601.1556417334895,53210.211,-29.209696213475695,-21.671694436253347,-9.422443634193655,68.83671149377999,602.2862670898437,588.24677734375,577.0900573730469,-33.78369371664811,1.3641235968132879,3.870976459615648,False,50.0,61.53855678300402,77.7267612674407,4.655318515012626,41.45916748046875,634933.1749607029,75.00026660683528,0
2022-01-07,597.3865356445312,608.6935363191911,595.5020355320879,605.8667861505262,38249.908,4.711144417036735,-0.00010719152066940296,-3.769105757095872,60.477890317719044,605.8668212890625,590.88505859375,578.4462677001953,-49.295770093785165,-0.678855461861734,1.7520307159159052,False,33.33333333333333,46.153642541630234,59.77797544798411,3.5801526704750604,26.3828125,607611.8121035601,43.56529867753835,1
2022-01-10,605.8668212890625,607.7513215108014,590.7908195151512,591.7330696260206,38289.77,-14.133716524505644,-0.9422148083897355,-4.71121601693676,64.68784210085443,608.12822265625,594.5598327636719,580.3671844482421,-38.806078735325336,0.0,2.6063786832658504,True,50.0,55.93223162301619,54.54147698255017,3.1995028895968076,36.74774169921875,637392.7443257824,36.2518885886846,1
2022-01-11,613.4047241210938,613.4047241210938,602.0977245981243,608.6934743198565,33196.585,16.960404693835926,5.653402610292346,11.306905082973117,67.99381665306652,607.1859619140625,598.7999328613281,582.8525787353516,-27.692489763171483,0.7220081109593925,3.2650192269007534,True,50.0,67.27247035068864,56.452781505111716,3.2066836291216347,42.4010009765625,670589.3293257824,64.43254287601695,1
2022-01-12,621.8850708007812,621.8850708007812,612.4625697280421,619.0583204789596,38860.063,10.364846159103081,8.4803466796875,10.364845129917853,71.29237483131757,609.070458984375,603.0400634765625,585.8557830810547,-13.846212239860131,2.0092745761408706,3.9233688402096796,True,50.0,83.33332364463405,68.84600853944632,3.50940848307868,42.40130615234375,709449.3923257823,101.61450682162881,1
2022-01-13,622.8273315429688,623.7695816663318,617.1738308027905,620.0005811728796,38137.411,0.9422606939200477,1.88451086555051,4.711261074748336,71.64656942193669,612.2740966796875,607.2801818847656,588.8592102050782,-13.559315646499748,1.8751634270227513,3.3350734348523043,True,66.66666666666666,84.31372026617065,78.30650475383113,3.492443639245714,42.40118408203125,736690.4001829255,99.38674851077415,1
2022-01-14,633.1920776367188,634.1343277522496,622.8273263658796,634.1343277522496,95200.777,14.13374657937004,10.364746085917886,5.653495563089109,75.30305615929491,619.435205078125,612.6510131835937,592.0157531738281,-1.6949175727427626,2.8309144332327025,4.280358335290803,True,83.33333333333334,97.82608710310991,88.4910436713049,3.8693538283939173,53.70831298828125,816024.3810162579,135.5555766552199,1
2022-01-17,643.5568237304688,648.2680742702232,638.8455731907142,645.4413239463705,59614.236,11.30699619412087,14.133746517973577,16.01824682483459,78.34901855899983,626.9732055664062,617.5507141113281,595.596304321289,-6.849309916257853,3.2241835524302758,5.076924818336016,True,100.0,91.80327842756141,91.31436193228069,4.46455996259288,48.99700927734375,816024.3810162586,182.8090372063026,0
2022-01-18,623.76953125,641.6722821469033,623.76953125,638.8455320052869,43593.33,-6.595791941083576,-6.595792123319939,-15.076041940714163,62.33707617232435,629.0461669921875,618.116064453125,598.6114990234375,-37.14291609089838,-0.426175172618854,1.23613618378715,False,83.33333333333334,57.37697785912199,82.33544779659779,3.2309797805790748,5.65350341796875,772431.0510162587,73.16119732728713,0
2022-01-19,616.2315673828125,621.8850680010034,613.404817073717,614.3470671767489,40381.333,-24.49846482853809,-19.78721414589984,-10.364714176282973,57.45717562561771,627.9154663085938,618.4929626464843,601.2969116210937,-55.73771228971869,-1.7034065794982134,-0.279541610394785,False,66.66666666666666,44.26228771028131,64.48084799898827,1.6901775555319283,3.76898193359375,758970.6066829254,-3.247342025696103,0
2022-01-20,613.4047241210938,619.0582238825785,608.6934743198565,612.4624741608463,46474.584,-1.8845930159025102,-2.8268441184249014,-4.711342753860549,55.67416276370583,626.0309448242188,619.1525207519531,603.6996490478516,-60.655906928214876,-1.9332282931649176,-0.6738849682845337,False,50.0,39.344093071785124,46.994452880396175,0.3343863589507201,6.5955810546875,754745.6445011069,-32.19147519296453,0
2022-01-21,603.9823608398438,608.6936117044291,600.2133601481754,606.8091113585949,49577.684,-5.653362802251422,-10.3646121781494,-8.480114171681066,50.02897392528957,620.1890014648437,619.8121032714844,605.3485809326172,-77.04911032911065,-2.9522997526221784,-2.0875678165612035,False,33.33333333333333,7.843144549972667,30.483175110679728,-1.256043507844156,6.5958251953125,749237.0129455515,-100.30018743945037,1
2022-01-24,615.2892456054688,617.1737455920093,600.2132457131448,602.0977456996853,47134.502,-4.711365658909585,8.48013388758011,-0.00011443503058217175,55.88475887537043,614.5354858398438,620.754345703125,607.6570892333984,-57.377181295953015,-0.6592366796458384,-0.3687304804758061,True,33.33333333333333,31.37249750962487,26.186578377127585,-1.5844124254701146,9.42242431640625,785897.1811677737,-66.80658171107662,0
2022-01-25,603.9823608398438,607.751361531512,601.1556103210925,605.8668611856779,52318.736,3.769115485992529,-9.42238406049728,0.9423646079476384,49.55040112705568,610.5780517578125,619.812109375,609.306021118164,-77.04911032911065,-1.435151142973705,-2.286575853981413,False,16.666666666666664,7.843364007057177,15.6863353555516,-2.544079094258935,-9.42236328125,778423.0760249175,-106.66624176546867,0
2022-01-26,599.2710571289062,603.9823075780329,598.328807039081,598.328807039081,29957.189,-7.538054146596892,-3.7690539534791014,-2.8268032820114968,47.12253599802184,607.1859497070312,617.5507080078125,610.2953857421875,-98.11320801832333,-1.5479867468647395,-2.9624909865462343,False,16.666666666666664,1.886791981676675,13.700884499452938,-3.422410605354642,-22.614013671875,758451.6166915838,-104.31095216067577,0
2022-02-07,598.328857421875,606.8091089443898,594.5598567452017,606.8091089443898,56836.469,8.480301905308806,2.8268013663569036,-3.768950293879243,46.62413535054714,604.1707763671875,615.1008605957031,611.1905212402344,-92.98245063724676,-1.2185555907659333,-2.917561641334231,False,16.666666666666664,7.017549362753244,5.582568450495727,-3.9553834478791607,-24.49847412109375,736591.4363069687,-87.86880819609523,0
2022-02-08,591.7330932617188,607.7513457863195,591.7330932617188,607.7513457863195,39718.217,0.9422368419296845,0.9422368419296845,-2.826763483482978,43.139660157314566,601.7209228515625,610.9549621582031,611.8029876708985,-100.0,-1.7214371849320773,-3.594724460734728,False,16.666666666666664,0.0,2.9681137814766685,-4.595735007223167,-41.458984375,696873.2193069687,-90.00373346466822,1
2022-02-09,596.4442749023438,600.2132750597045,593.6175247843231,598.3287749810241,30048.791,-9.422570805295322,-7.538070726614933,1.884431522604359,46.26867366873107,597.9519287109375,606.2437072753906,611.8972106933594,-91.666784782476,-0.7318413857139203,-2.4778589333232808,True,33.33333333333333,15.624786374229911,7.5474452456610805,-4.537763703504673,-47.112548828125,692580.5348783976,-85.21362073688711,1
2022-02-10,611.5203247070312,611.5203247070312,600.2133233256994,602.0978235559214,34587.133,3.7690485748972833,11.307049647326721,6.595798541376325,54.92744783883439,599.459521484375,605.0187866210938,611.5674255371093,-65.00002106247115,1.8838296544107687,0.2832884865865444,True,33.33333333333333,72.41404156438718,29.346275979539058,-3.3733319561304773,-12.24920654296875,727167.6678783976,29.304314189597772,1
2022-02-11,612.4625854492188,612.4625854492188,604.924584397536,608.6935849233774,26723.278,6.595761367456021,0.9422607421875,4.711261071836589,55.41730254891742,602.0978271484375,604.6418884277343,611.5674255371093,-58.490530883152125,1.8010980328448718,0.8664205827901523,True,50.0,81.48176358991692,56.5068638428447,-2.470730567680908,-3.76898193359375,753890.9458783977,74.69843650297864,0
2022-02-14,600.21337890625,603.9823797157084,598.3288785015208,603.0401295133438,27826.382,-5.653455410033644,-8.480205733510388,-6.595705896015261,48.01661454113031,602.4747314453125,603.32275390625,611.2376373291015,-71.87485822120176,-0.26095312955614436,-0.8302962178309744,False,50.0,33.333601412548425,62.40980218895086,-2.615772561693671,-13.19134521484375,744615.4852117314,-37.81018483405438,0
2022-02-15,596.4442749023438,602.0977751383849,596.4442749023438,596.4442749023438,21970.46,-6.59585461100005,-1.8846045773234437,-1.8846035991770123,45.956495385624315,603.4169677734375,602.5689453125,611.1905242919922,-82.75879553516748,-0.8355168723365494,-1.1838234596437396,False,50.0,22.72695152400245,45.84743884215596,-2.8627115828501566,-7.5380859375,722645.0252117314,-64.13929853613554,1
2022-02-16,608.6935424804688,608.6935424804688,603.0400420859133,607.7512924147095,25191.741,11.307017512365746,6.595767342083832,6.595767183569592,53.09176598534866,605.8668212890625,601.909375,611.3318603515625,-33.33327699873359,0.7276471631823868,0.9112161388977383,True,66.66666666666666,81.8179676826683,45.95950687307309,-2.131792983717813,-6.595703125,747836.7662117315,76.76070870975434,0
2022-02-17,607.7512817382812,608.6935317874879,603.9822815414547,606.8090316890746,18135.08,-0.9422607256349238,-1.0692980822568643e-05,0.942239455541312,52.50998652161923,605.1130126953125,602.2862670898437,611.0491882324219,-37.037037145896214,0.25906189270962204,0.7025705623106255,False,50.0,77.27245960333538,60.605792936668735,-1.663281865350493,3.7689208984375,758717.8142117313,67.44823945530406,0
2022-02-18,600.21337890625,602.0978793109792,599.2711287038854,601.1556291086146,20804.191,-5.6534025804600105,-6.59565247650869,-4.711152837569216,47.92670257380594,602.6631713867188,602.3804992675781,609.9656036376953,-59.09072172233476,-0.67566646265382,-0.33897420468401135,False,33.33333333333333,40.90927827766524,66.666568521223,-1.8009303129843448,0.94232177734375,751783.0838783975,-30.30226999552326,0
2022-02-21,595.5020751953125,599.2710756712322,595.5020751953125,596.4443253142924,23797.502,-4.711303794322134,-2.826803639747027,-3.769053508572938,45.2346401593492,601.7209106445313,602.0978210449218,608.5993408203125,-81.81826211899939,-0.9921664553442624,-1.0050902185982846,False,16.666666666666664,10.000235310995361,42.72732439733202,-2.1268004373161116,-2.8267822265625,727985.5818783975,-79.40916434481069,0
2022-02-22,590.790771484375,593.617521587171,588.9062714158443,591.7330215186404,34086.593,-4.711303795652043,-5.65355408406117,-6.595803779468156,42.62284807308003,600.5902099609375,602.0035888671875,606.4792755126953,-92.00002145556087,-1.5183299101837253,-1.6727731610608747,False,16.666666666666664,7.999978544439128,19.636497377699936,-2.5487142033458596,-0.94232177734375,721168.2632783971,-139.09842857017156,0
2022-02-23,588.9063720703125,592.6753728515625,587.0218716796875,587.964121875,31953.054,-3.7688996436403386,-0.9421487356084981,-1.8843997361568654,41.57541925398329,596.6327758789063,601.2497985839843,603.7467529296875,-92.59258050816968,-1.6264339752837291,-1.858143612678752,False,16.666666666666664,7.407419491830327,8.469211115754968,-2.8224933832386285,-7.53790283203125,710517.2452783971,-134.83090596920056,0
2022-02-24,569.1190795898438,583.2528315664127,569.1190795898438,582.3105814346414,73663.161,-5.653540440358597,-9.422541285149805,-17.90279208984373,32.442685071024556,588.9063354492188,597.0096740722656,601.0142303466797,-100.0,-3.8726780223792807,-4.856915659037533,False,0.0,0.0,5.13579934542318,-4.125160495099367,-42.4012451171875,636854.0842783971,-204.1259117166088,0
2022-02-25,569.1190795898438,573.8303302487001,565.3500790627587,565.3500790627587,89012.516,-16.96050237188274,-9.422501317712658,-3.7690005270850406,32.442685071024556,582.6874755859375,592.6753234863281,598.6586059570312,-91.99999996568164,-2.8157687301275125,-4.493344229533562,False,0.0,8.69566072919091,5.367693407007107,-4.732245812703935,-43.343505859375,626963.8047228414,-160.76695089322675,0
2022-03-01,569.1190795898438,574.7725803804714,564.4078289309874,564.4078289309874,66720.867,-0.9422501317712886,0.9422501317712886,-0.9422501317712886,32.442685071024556,577.4108764648438,589.5658935546875,596.4443237304688,-90.19607839014033,-1.9480511172757775,-3.9236466591923076,False,0.0,10.63830811621078,6.444656281800593,-4.860743776375794,-31.09429931640625,620898.2713592049,-118.05566819081794,0
2022-03-02,566.2923583984375,570.0613591198913,565.3501082180741,566.2923583984375,40693.457,1.8845294674500792,-4.711221260580032,0.9422792870866488,31.172693626607426,572.5111938476563,586.5507019042968,594.5598236083985,-95.74461080920723,-1.6098177943289307,-3.7758447221628204,False,0.0,4.255390218275506,7.863119687892428,-4.851852507197426,-30.15191650390625,596482.1971592045,-96.67571892854153,1
2022-03-03,567.2344970703125,571.9457470459795,566.292247075179,568.1767470654459,33792.42,1.884388667008352,1.8843879260881522,0.9421388571049647,32.13858290572317,568.1768188476562,582.4047973632812,592.1570861816406,-93.617200869606,-0.7692447729938062,-3.16355027144253,True,16.666666666666664,7.49977278041965,7.46449037163534,-4.505736238539491,-41.45904541015625,573953.9171592052,-72.50419074215785,0
2022-03-04,560.6389770507812,562.5234778139771,557.8122259059874,560.6389770507812,55917.115,-7.537770014664602,-9.42226923200235,-8.480021169191673,29.027581556643966,566.4807983398438,577.6935668945313,589.9899169921875,-94.4444221669146,-1.1080098001537835,-3.799489657604334,False,16.666666666666664,6.818209286557601,6.191124095084281,-4.437164144110642,-47.1123046875,585137.3401592057,-96.65605583668831,0
2022-03-07,542.7360229492188,547.4472731484307,541.7937729093763,546.5050231085883,86496.56,-14.133953942192989,-15.07620466554647,-16.018452996611018,22.560753744734924,561.2041870117188,571.9458312988281,587.1631652832032,-98.59154942313148,-3.517598571847449,-5.984775288302799,False,16.666666666666664,1.8181819414505982,5.378721336142644,-5.257646855921316,-57.47735595703125,527472.966825873,-163.48235514396416,0
2022-03-08,530.4868774414062,537.0826290259353,528.6023769886837,528.6023769886837,79029.914,-17.902646119904603,-10.364644122495406,-13.191395920692685,19.344136106650865,553.4777465820313,565.4443115234375,583.7710662841797,-97.43589690093062,-4.6032125948022875,-7.070143488459612,False,16.666666666666664,2.9411773670698436,3.8591895316927087,-6.219564740070139,-65.01519775390625,483567.45904809545,-181.72802610289133,1
2022-03-09,535.1981201171875,539.9093711745571,534.2558699057136,534.2558699057136,52155.415,5.653492917029894,2.826742148621861,5.653492917029894,23.896813904551223,547.2588989257813,559.8850463867187,580.9443176269531,-90.66666961262067,-2.767470967203727,-5.346473206789009,True,33.33333333333333,12.068962974722831,5.60944076108112,-6.123158127755946,-55.5926513671875,448797.1823814291,-114.82139255854466,1
2022-03-10,553.100830078125,554.9853303509636,548.3895793960286,551.2163298052864,45630.467,16.96045989957281,15.075959176406514,14.133709490315027,38.32769935794851,544.4321655273437,556.3044921875,578.7771453857422,-62.318851644896114,0.8879946883344138,-1.5651214812628662,True,50.0,53.06117645086848,22.69043893088708,-4.512663477706816,-35.8055419921875,468353.0968099999,-26.699085436862667,0
2022-03-11,541.7937622070312,548.3895123556385,540.8515121858017,547.447262334409,38943.098,-3.769067470877417,-6.595817995325092,-7.538067210226927,33.89881409148224,540.6631225585937,553.5719604492188,575.2908172607422,-79.41194251853283,-0.4041727983168424,-2.8716347583524398,False,33.33333333333333,28.5712088084367,31.233782744676034,-3.891407078126287,-27.3253173828125,439145.7733099997,-56.07973350405952,0
2022-03-14,538.967041015625,543.6782913741532,538.967041015625,540.8515411590363,33919.577,-6.59572117537266,-4.711220981485326,-1.8844711701766528,32.86316506047264,539.909326171875,550.5567565917969,571.6160400390625,-81.03462431003253,-0.2615567061953063,-2.652112963576548,False,33.33333333333333,23.912916815744225,35.18176735834983,-3.3726881189103057,-30.15203857421875,405226.19630999974,-60.0867203388781,0
2022-03-15,525.7755126953125,530.4867628090698,525.7755126953125,529.5445127863184,74092.231,-11.307028372717923,-13.191528565083445,-13.1915283203125,28.43977749691834,538.9670532226562,546.2223999023438,567.8941467285156,-100.0,-2.1910700462598314,-4.4111457482946586,False,33.33333333333333,0.0,17.494708541393674,-3.5992004842587235,-43.34356689453125,331133.96530999977,-111.75861235006283,1
2022-03-16,528.3795166015625,535.0079334764926,525.5387665123068,534.0610167800739,43438.327,4.5165039937555775,4.52117066742278,-0.23674618300572092,30.45555740937884,537.6033325195312,542.4311157226563,564.4909088134766,-94.23008321707005,-1.642387699056166,-3.341122933399215,True,50.0,7.680876744135685,10.53126451996,-3.264697982425769,-37.912841796875,313758.63450999965,-89.83171704012709,1
2022-03-17,551.1055908203125,552.0525076430278,544.4771730613053,547.3179235294513,60959.9,13.256906749377322,17.0445741665352,18.9384065489985,45.16244743016079,537.2042846679688,540.8182250976563,561.6115112304688,-44.90737381749166,2.084246478584363,1.0938729043750046,True,50.0,86.8244744890815,31.501783744405756,-1.304512978792065,-16.12890625,359478.5595100006,61.375067282046366,0
2022-03-18,550.1585693359375,551.1054859785123,545.4239861230637,551.1054859785123,46242.43,3.787562449061056,-0.9470216645154323,0.946813061758462,44.732411544735605,538.87724609375,539.7701843261718,558.7318756103516,-46.94806138967241,2.001477775847948,1.1696672084240058,False,33.33333333333333,83.60840659890624,59.371252610707835,0.06407377117314894,-10.48040771484375,390306.8461766663,78.49464019391878,1
2022-03-21,554.8932495117188,557.7339999358402,552.0524990875973,552.0524990875973,21400.273,0.9470131090849918,6.628513957327868,6.62851296453357,47.46094249169968,542.0624877929688,540.9859069824219,556.465869140625,-20.630763452556085,2.4645469121149692,2.2336818047187452,True,50.0,91.17648756649497,87.20312288482761,1.3525615073611057,12.1572265625,390306.8461766663,107.93588101509846,0
2022-03-22,552.0525512695312,554.8933019621703,546.371049884253,546.371049884253,20246.949,-5.6814492033443,-2.840697973669876,-5.6814492033443,45.975327690458116,547.3178955078125,543.1424743652344,554.2933929443359,-17.646862787321897,1.5311075717258644,1.8445729539445237,False,50.0,82.3531372126781,85.71267712602646,2.0367743627932366,21.565673828125,397055.8291766665,64.94401217397888,1
2022-03-23,558.680908203125,558.680908203125,554.8932410288666,558.680908203125,25902.069,12.309858318871989,3.7876062409546876,8.522191144613544,49.96224323714461,553.378173828125,545.4907531738281,552.6878997802735,-0.0,1.7241396555010204,2.815363301966977,True,66.66666666666666,100.0,91.17654159305772,2.9060226203366923,23.4827880859375,422957.8981766665,97.5809384766003,1
2022-03-24,559.6278076171875,560.5747243813452,553.9463070322414,555.8401405605568,20060.758,-2.840767642568153,1.8938161782201632,-0.9469339966251482,50.531178666587884,555.0826171875,546.1434509277344,551.2239715576172,-2.7026998025775764,0.9393655043526983,2.5314042618605033,True,66.66666666666666,97.29730019742243,93.21681247003353,3.476479293811389,6.5269775390625,437287.01103380945,92.57280696549547,1
2022-03-25,566.2562866210938,566.2562866210938,563.4155360193157,565.3093697538344,26122.381,9.469229193277556,5.681562239748587,9.469228987074302,54.48333553886815,558.3021606445312,548.5897033691406,551.0808319091797,-0.0,1.6718693844086867,3.256201163256923,True,66.66666666666666,100.0,99.09910006580749,4.184416446176234,24.4625244140625,463409.39203380945,120.54642613802878,0
2022-03-28,552.9994506835938,554.8932844188115,549.2117832131581,550.1587000807671,26391.576,-15.150669673067341,-11.363002202282246,-14.203752806157581,46.39612294275954,557.9234008789062,549.9929443359375,550.2748504638672,-32.55806321721232,-0.792748348542826,0.8403854238515156,False,66.66666666666666,67.44193678278768,88.24641232673673,3.6628409885918867,14.03240966796875,472206.5840338098,23.037058369660425,1
2022-03-29,557.7339477539062,557.7339477539062,552.9993641566745,554.8931975955671,14892.032,4.7344975148000685,2.840663335094746,3.787580943516332,49.326596318261466,559.0596801757813,553.1887878417969,549.7055938720703,-20.930397638210664,-0.028298963524926692,1.4579707307770216,True,66.66666666666666,60.86921148653824,76.10371608977533,3.5377891800527834,31.95843505859375,487098.6160338098,42.27252370555443,1
2022-03-30,568.1500244140625,568.1500244140625,565.3092742919922,567.2031077067057,41230.239,12.309910111138606,10.41607666015625,12.30991013531775,55.20416951540992,560.9535034179687,557.1658386230469,549.7984771728516,-0.0,1.3513428911117387,2.897559369714407,True,83.33333333333334,100.0,76.10371608977533,4.022347934292906,39.7705078125,528328.8550338098,155.84956495551373,0
2022-03-31,565.309326171875,570.0439101431638,562.4685757891018,570.0439101431638,22700.114,2.840802436458034,1.893885729101271,-2.8406985028904046,53.362697017598336,562.0898071289063,558.5862121582031,549.7022186279297,-10.638284892549175,0.6462497676596716,1.7758217387915827,False,66.66666666666666,79.99994964906442,80.28972037853426,4.008413259967492,14.2037353515625,522653.82653380954,106.9959768778404,0
2022-04-01,557.7339477539062,557.7339477539062,552.9993641566745,553.9462808761208,29732.696,-16.097629267042976,-12.309962389257521,-9.469211632427346,48.64233248121147,560.3853393554688,559.34375,549.5569671630859,-48.14835131226956,-0.6466185769107198,-0.028295317783156346,False,50.0,47.999682950758356,75.99987753327429,3.3714708283137123,7.57537841796875,552386.5225338095,-33.2883740947501,0
2022-04-06,547.31787109375,549.2117045577422,544.4771208977617,547.31787109375,37645.873,-6.628409782370795,-8.522243196164027,-8.522243258912795,42.94422156625388,559.2490234375,558.5862121582031,549.7860595703125,-88.88890517803596,-1.9508083086964483,-1.8398007865691148,False,33.33333333333333,11.111094821964048,46.370242473928975,2.1884577893734853,-7.57537841796875,559915.6971338096,-137.73475259653353,0
2022-04-07,535.9549560546875,542.5833742391094,535.9549560546875,540.6895404721317,42904.743,-6.628330621618261,-6.628330318632834,-8.522164843074165,37.68991065607025,554.8932250976562,556.9764526367187,550.0594635009766,-100.0,-3.4952984320877873,-3.6732289177645283,False,33.33333333333333,0.0,19.703592590907494,0.6597808199332453,-16.09759521484375,517010.95413380954,-189.49037087384866,1
2022-04-08,536.9017944335938,539.7425446686922,535.9548776885609,536.9017944335938,28024.587,-3.787746038537989,-2.8408295704172133,-7.836612655864883e-05,38.37530492800978,548.6435791015625,554.7985412597657,550.1446472167969,-97.22222463693025,-2.7166160781806106,-3.242325483551488,True,33.33333333333333,2.77777536306975,4.629623395011294,-0.22133990040642892,-21.77911376953125,502998.6606338095,-132.24403525435147,0
2022-04-11,528.3795166015625,535.954850172911,528.3795166015625,533.1141000836553,36820.094,-3.7876943499384197,-3.7876944957811247,-7.575361086998441,34.63454389567136,541.2576171875,551.6737121582031,548.9085815429687,-100.0,-3.0969676197009015,-4.438426582127257,False,16.666666666666664,0.0,0.9259251210232784,-1.2541875015106783,-31.248291015625,466178.56663380953,-130.40053747363197,0
2022-04-12,527.4326171875,534.061034279623,522.6980335502693,524.5918670051616,30671.407,-8.522233078493741,-1.8938158932880924,-5.681483051293185,34.23010485105041,535.1973510742188,547.7913452148438,548.1905242919922,-90.00000849505606,-2.1376304989234,-4.158306462422816,False,16.666666666666664,9.999991504943935,4.259255622671257,-1.8416894939087394,-38.82366943359375,461066.6654671429,-114.13052440445453,1
2022-04-13,542.5833129882812,545.4240633180628,533.1141452223427,534.0610619989366,35865.97,9.469194993774977,11.36302903843989,10.416111672073384,45.36597358230947,534.250439453125,546.7497314453125,548.371337890625,-57.99997619856876,1.1473980303662303,-1.150085562691942,True,33.33333333333333,42.00002380143124,17.33333843545842,-1.0877511587195334,-10.4161376953125,480379.1108517581,-36.200658856593215,0
2022-04-14,542.5833129882812,547.3178968712506,542.5833129882812,546.3709800946567,19056.59,12.30991809572015,1.8938335531877328,9.46916776593855,45.36597358230947,535.5761108398438,545.23466796875,549.2117279052734,-57.99997619856876,1.2964063513160196,-0.7935347679089081,False,33.33333333333333,42.00002380143124,31.333346369268835,-0.49694951386887176,-15.150634765625,461322.5208517581,-8.556914622495777,0
2022-04-15,532.1672973632812,535.9549649601729,531.2203804640583,532.1672973632812,28253.36,-14.203682731375466,-11.36293191107768,-11.36293252422297,39.84610213804662,534.6292114257812,541.6363952636718,549.4011169433594,-79.99981308946118,-0.5309599162054865,-2.388175413727942,False,33.33333333333333,27.02730620349838,37.00911793545365,-0.7029627195272621,-35.98272705078125,444370.5048517586,-67.32534645949183,0
2022-04-18,531.2203979492188,535.9549826011726,528.3796471580465,529.3265640884373,15800.959,-2.8407332748439558,1.764099965839705e-05,-2.8407333060117708,39.37102272615478,535.1973876953125,538.2275024414063,548.4068572998046,-81.99977482256935,-0.53190131721051,-2.16536757776249,False,16.666666666666664,32.1432833520013,33.723537785643664,-0.7917054147219558,-34.08892822265625,440420.2651017585,-70.00579514583514,1
2022-04-19,535.0079956054688,538.7956628309943,533.114161992706,535.9549124118502,16614.705,6.628348323412865,2.8406802298217144,4.734514834659535,42.36937232014541,536.7124633789062,535.9549072265625,547.6493286132812,-73.99992789013673,-0.02949118477789493,-0.9640649232324182,True,33.33333333333333,50.000123456042,36.39023767051392,-0.4983441879780983,-22.7259521484375,434882.03010175825,-14.569489694417413,1
2022-04-20,539.7424926757812,539.7424926757812,532.1671594452439,539.7424926757812,27606.307,3.7875802639310905,0.9468298447869756,-0.947002547462148,46.0102957704185,536.1442993164062,535.1973693847656,546.8917907714844,-51.351464595884245,0.4700190450308239,0.307949835028029,True,50.0,69.2305188834517,50.457975230498356,0.0806986298760366,-7.57537841796875,462488.3371017582,26.665401233403795,0
2022-04-21,535.0079956054688,540.689496443757,535.0079956054688,540.689496443757,18383.65,0.9470037679757297,0.9470037679757297,2.8408361602248533,43.04371289636757,534.6292358398438,535.1026733398437,546.0395629882812,-53.571264983525445,-0.17667899518571986,-0.22074839922501724,False,33.33333333333333,50.000123456042,56.41025526517859,0.20397373987228562,-0.94696044921875,444104.6871017582,24.055329701672306,0
2022-04-22,528.3795166015625,529.3264332979811,527.4325999051439,528.3795166015625,29283.846,-12.30997984219448,-11.363063145775868,-7.5753957003248615,39.18493983369659,533.8716796875,534.2504455566407,544.5244934082032,-76.92317387297851,-0.9760532683649193,-1.1660607163527468,False,33.33333333333333,23.076826127021487,47.43582282217176,-0.08621420442520566,-8.52227783203125,444104.6871017582,-99.75026412999344,0
2022-04-25,517.9634399414062,522.6980234874885,517.0165232321898,520.8041900690556,43389.591,-7.575326532506892,-6.628409810492599,-10.416076672954091,33.96516171654544,531.2202880859375,533.208837890625,542.441275024414,-96.87500401633342,-2.495549642107179,-2.84192440731367,False,33.33333333333333,3.1249959836665773,25.400648522243383,-0.8618597837824158,-10.41607666015625,415178.29310175823,-177.25564561418463,0
2022-04-26,517.0166015625,521.7511858258929,515.1227678571429,520.8042689732142,35825.421,7.89041586131134e-05,-0.9468376615956231,-1.8937553750469078,33.52234148925123,527.6220092773438,532.167236328125,539.9792907714843,-94.11763902381864,-2.2381276611001706,-2.717141506183446,False,33.33333333333333,5.88236097618135,10.694727695623166,-1.2948511629286443,-10.416015625,399824.54124461504,-148.86703523840043,0
2022-04-27,498.0782470703125,503.7597479874643,498.0782470703125,501.86591434841375,55941.533,-18.938354624800468,-17.991437838428567,-17.04452078683039,26.09802661327511,519.28916015625,527.7167297363281,537.2332305908203,-100.0,-4.710138461499246,-5.833205839858265,False,16.666666666666664,0.0,3.0024523199493376,-2.635600703284176,-44.50506591796875,343883.00824461505,-196.77105499900256,1
2022-04-28,502.8127746582031,503.75969137130704,495.2374409533714,501.86585794509915,45380.836,-5.640331460199377e-05,-5.6616157280586776e-05,-2.84080611694111,30.307530011020148,512.8501159667969,523.7396759033203,534.4871719360351,-85.45455570362792,-2.6581172717592114,-4.567927144804442,True,16.666666666666664,16.666647136418582,7.516336037533339,-2.958276069187054,-39.770538330078125,379179.2140223933,-133.6208429068496,1
2022-04-29,509.441162109375,517.9634120331378,506.6004121347874,517.9634120331378,36664.644,16.09755408803869,14.2037206618308,11.362971181416015,35.8852012010303,509.06244506835935,521.4670623779297,531.5517288208008,-72.7273486653033,-0.554537368029396,-2.8003735520618056,True,33.33333333333333,31.249898388001625,15.97218184147343,-2.498322868408936,-22.72613525390625,360846.8920223932,-58.31185572664503,0
2022-05-03,502.8127746582031,511.3350250761387,501.86585794509915,509.44119164993083,26317.509,-8.522220383207014,-6.6283869569991225,-4.734554189688254,33.00370342618194,506.0323120117188,518.6263000488282,528.4269012451172,-83.33335286358142,-1.0251663580325983,-3.454551468731004,False,33.33333333333333,16.666647136418582,21.52773088694629,-2.4122669717398377,-28.407623291015625,339792.8848223933,-75.92984456044307,1
2022-05-04,505.653564453125,508.49431481522123,501.8658973036634,504.7066476657596,16569.622,-4.734543984171239,-2.84071026091749,3.935856426551254e-05,35.427898677385315,503.75970458984375,515.6908569335938,525.8228820800781,-77.08327294030319,-0.06237987872444811,-2.495432615080865,True,50.0,22.91672705969682,23.61109086137237,-1.9552750394945733,-29.35443115234375,342159.973679536,-61.994459604789554,1
2022-05-05,513.2289428710938,515.1227766086255,510.3881922647962,514.1758597398597,20374.772,9.469212074100085,6.628461793404256,8.522294961132786,41.577548293835775,506.78984375,513.039501953125,524.1184356689453,-60.41652742959429,1.5615357030890433,-0.747737394730841,True,66.66666666666666,52.778039713946676,30.787137970020723,-0.9831370062201739,-26.5135498046875,346234.92807953584,-6.230122930341298,0
2022-05-06,499.9720764160156,502.81282685019755,498.0782427932277,499.9720764160156,32467.268,-14.20378332384405,-12.309949758427933,-12.30994947156853,35.181086501054594,506.2217041015625,509.53591003417966,522.3192916870117,-89.58323135981003,-1.1235900128403475,-2.7624253537593364,False,66.66666666666666,17.24156964537044,30.97877880633801,-1.0663008907152935,-35.035919189453125,339741.4744795358,-83.8707833366509,0
2022-05-09,492.396728515625,496.1843956580529,492.396728515625,495.2374788724459,23709.774,-4.734597543569748,-6.62843119214466,-5.681514277602673,32.1023791061758,502.8128173828125,505.93763122558596,520.0940383911133,-100.0,-2.2862496419351066,-3.4952039374826596,False,50.0,0.0,23.339869786439067,-1.4415364279083835,-35.9827880859375,316031.70047953585,-124.6218275343727,0
2022-05-10,490.5028991699219,491.4498159636862,478.1929808509856,479.1398976447499,41679.907,-16.09758122769597,-4.734579694366687,-14.203747664639423,31.354071883894164,500.35084228515626,503.1915771484375,518.2002075195312,-75.92590030626889,-2.0485344926416222,-3.16248364193385,False,33.33333333333333,30.952438666193306,16.064669437187945,-1.6142995575285184,-27.460540771484375,351757.33505096444,-155.3597486976197,1
2022-05-11,493.3436584472656,498.07824250146206,490.5029080147478,490.5029080147478,27157.254,11.36301036999788,6.628426537775852,12.309927163762211,33.876286879476964,497.88886108398435,500.82428283691405,516.4957595825196,-65.9573911207682,-1.1697754367852526,-2.036975487360197,True,50.0,38.09533149612721,23.0159233874402,-1.3452706756006183,-23.672943115234375,344968.02155096433,-76.00535742153431,0
2022-05-12,478.1929931640625,490.50291179996907,478.1929931640625,488.60907816367575,32532.963,-1.8938298510720415,-7.575330701492987,-12.309914850685288,27.909899745119958,490.8816711425781,498.83575744628905,513.2762435913086,-99.99997173190003,-3.3184425753982483,-4.4164005382461955,False,33.33333333333333,3.0960380756534674e-05,23.015933707567118,-1.958542598523639,-19.88525390625,312435.05855096434,-140.06260807752537,1
2022-05-13,483.87445068359375,486.71520088330175,479.13986701741374,480.0867837506498,29074.177,-8.522294413025975,-3.787710916667322,0.9468738533512351,32.75489051047336,487.6621459960937,496.9419250488281,510.3408004760742,-85.71433684843267,-1.192400616395749,-2.7438584687299024,True,33.33333333333333,15.384514633912671,17.826625696806907,-1.758753520949167,-18.938323974609375,319703.6028009644,-99.77946557978022,1
2022-05-16,492.396728515625,496.1843956580529,490.502894944411,493.34364530123196,21163.106,13.256861550582187,9.469194774751145,11.36302792699729,39.417564152184106,487.6621459960937,495.23748168945315,508.3522720336914,-64.28565835863095,0.8077542004074335,-0.9366553021478128,True,50.0,38.461484482217855,17.948676692170455,-0.8745237627511617,-17.04443359375,312649.2341342979,-21.472410365493523,1
2022-05-17,501.86590576171875,504.7066561716907,492.3967377284788,493.34365453180277,24496.974,9.230570810814243e-06,8.522260513637832,1.8938427840677718,45.913234339299684,489.93474731445315,495.1427947998047,506.8845474243164,-40.476066748411704,2.415460281018044,0.9844419187578288,True,66.66666666666666,64.10250700028797,39.316168705472855,0.45476949422613266,-0.946868896484375,325839.9124419902,40.133753642723654,1
2022-05-18,509.441162109375,512.2819120839627,505.65349547659156,512.2819120839627,30568.176,18.938257552159882,7.575255912271928,13.256757748112761,50.541242202975354,493.154248046875,495.5215545654297,505.60620574951173,-15.384906368119008,3.2959880678530675,2.508719670797038,True,83.33333333333334,91.66664993052186,64.74354713767592,1.8714340619802492,3.78759765625,330206.79472770414,113.56410163758707,0
2022-05-19,494.29052734375,499.02511093899665,492.3966939056513,495.23744406279934,29019.751,-17.04446802116331,-13.256801144966005,-13.25680157094024,42.590034103865385,496.3737548828125,493.6277130126953,503.33360748291017,-56.41041017825229,0.1919350652274877,-0.39752602394222136,False,66.66666666666666,47.22220941087152,67.66378878056047,1.814018721293209,-18.93841552734375,317769.75858484715,17.02098524975689,1
2022-05-20,501.86590576171875,503.75973936836675,495.2374881384508,496.18440494177474,22651.205,0.9469608789754034,4.734628429370105,2.8407942327994533,47.12717040010094,499.9720458984375,493.8170959472656,501.67650299072267,-35.89749299971203,0.9203484001772424,1.1933196351080562,True,83.33333333333334,69.44460871754282,69.44448935297875,2.281875012364196,1.893829345703125,330353.7613626249,73.75913876305843,0
2022-05-23,499.9720764160156,505.6535772843794,499.9720764160156,504.70666047298545,17054.17,8.522255531210703,1.8938379160126715,4.734588277564853,46.13284205976603,501.48711547851565,494.5746307373047,500.2561309814453,-36.110946347413474,5.086547352602453e-06,1.036520908123848,False,66.66666666666666,63.88904060914384,60.18528624585275,2.444932013734025,7.575347900390625,313299.5913626249,72.95625969905473,0
2022-05-24,492.396728515625,502.81281315730166,492.396728515625,501.8658963716947,17802.308,-2.8407641012907447,-2.8407641270777617,-7.575347900390625,42.24356143475869,499.59328002929686,494.764013671875,498.97779541015626,-58.3332561306617,-1.5151491876707548,-0.36723507609740313,False,50.0,41.6667227990934,58.333457375260046,2.0402452720968824,1.893829345703125,295497.2833626249,4.634658168373174,1
2022-05-25,496.18438720703125,500.91897105442655,492.39672012911495,494.2905536680731,22176.476,-7.575342703621629,-1.8938421028751122,-8.38651004642088e-06,44.782725993081044,496.9419250488281,495.04808654785154,497.9361846923828,-47.22214600074912,-0.5692587087904637,0.3350880726816775,True,50.0,51.4286917279615,52.328151712066266,2.0214325020357826,2.840728759765625,293033.2304737361,9.057973882935167,0
2022-05-26,486.71527099609375,497.13135656215803,485.7683541264516,495.23752282287364,28327.403,0.9469691548005699,-3.787614492268517,-6.62836600266337,39.988162637885615,495.4268737792969,495.9003143310547,497.3680358886719,-74.99985889239748,-1.720833339195996,-1.51683566891798,False,33.33333333333333,3.571443980319935,32.22228616912496,1.3948406006405012,8.52227783203125,269427.06130706926,-87.63041284493299,1
2022-05-27,501.86590576171875,501.86590576171875,494.29057133512674,496.18440494177474,27866.643,0.946882118901101,4.734549199560718,8.522217208675158,49.43705386701304,495.4268737792969,497.6994598388672,497.32069244384763,-30.555402319207403,1.0807370575285797,1.4030637550457339,True,50.0,60.71441509684997,38.571516935043825,1.9881473644493184,17.991455078125,297293.70430706925,21.164236691909956,1
2022-05-30,517.9634399414062,517.9634399414062,508.49427284924155,509.44118955845806,34476.433,13.25678461668332,16.0975341796875,14.203701514114812,57.24060933514485,499.025146484375,500.2561309814453,497.7468063354492,-0.0,3.762242103681691,3.9594484494790727,True,50.0,100.0,54.76195302572332,3.3708583757631345,25.56671142578125,331770.13730706926,193.53484439605285,1
2022-05-31,530.2734985351562,530.2734985351562,511.3351593017578,513.2289932250977,72405.873,3.787803666639661,12.31005859375,2.8408864525162585,62.1179485901982,506.6005004882812,503.0968902587891,499.1198425292969,-0.0,5.164335293510406,5.61058016589549,True,66.66666666666666,100.0,86.90480503228333,4.926477968322934,28.4075927734375,404176.0103070693,178.02518172596268,0
2022-06-01,519.8572998046875,525.538800349001,518.9103830473019,520.8042165620731,29155.176,7.575223336975341,-4.734698186155242,7.575223745544122,56.20056359549482,511.3350830078125,504.1385040283203,499.830029296875,-23.404482490414004,2.1712099760776384,3.0663295965759647,False,66.66666666666666,76.59551750958599,92.19850583652868,5.047360070665791,10.4161376953125,383350.8845927834,120.52096959991964,0
2022-06-02,511.3350830078125,516.0696671097367,511.3350830078125,515.1227502893519,21420.89,-5.681466272721195,-9.469133239264352,-7.575300039489434,51.79658004138426,516.2590454101562,505.84295959472655,499.73533630371094,-42.55331777698855,0.0,1.2183725773056717,False,50.0,57.44668222301144,78.01406657753249,4.372005217809523,17.0445556640625,361929.9945927834,47.82793586152345,0
2022-06-06,511.3350830078125,515.1227502893519,509.4412493670428,512.2819998281973,17615.003,-2.8407504611545846,-0.9469168203847858,-1.8938336407696852,51.79658004138426,518.152880859375,506.7898773193359,500.3034866333008,-42.55331777698855,-0.7960800206750964,1.1867601356955015,False,50.0,57.44668222301144,63.8296273185363,3.766890966732518,9.46917724609375,356058.3269261167,33.54040020027999,0
2022-06-07,506.60052490234375,509.44127550927277,503.7597742954147,506.60052490234375,19497.532,-5.681474925853536,-5.6814747800791,-5.681475071628142,49.245212488792504,515.8802978515625,507.4527221679688,501.01367645263673,-53.1915443648855,-1.864868399607325,0.04675648805472978,False,33.33333333333333,46.8084556351145,53.90060669371248,2.926789309032597,6.628448486328125,356058.3269261169,-4.994379686330407,1
2022-06-08,515.1226806640625,516.0695973564597,509.44118050967944,510.3880972020766,18835.521,3.787572299732858,6.628321847186896,5.6814062142647686,53.72142313049596,512.8501342773437,509.7253173828125,502.2446655273437,-34.04284622011121,-0.12241254970051291,1.5083069118141044,True,33.33333333333333,65.95715377988878,56.73743054600493,2.8227833784620637,22.7259521484375,369512.2704975455,33.66718370492162,0
2022-06-09,512.281982421875,513.2288992100855,508.49431526903305,509.44123205724355,16338.602,-0.9468651448330547,-2.840698146374166,-0.9468652406463889,52.05211660440274,511.33507080078124,511.3350769042969,503.1915817260742,-40.42569988776922,-0.09233639284883925,0.7448772807568108,False,16.666666666666664,49.99985406060434,54.25515449186923,2.454015660713993,16.09759521484375,379315.4316975454,7.029784502047331,0
2022-06-10,501.86590576171875,504.7066561716907,500.9189889583948,501.86590576171875,21357.13,-7.575326295524803,-8.522243038394777,-7.575326310638275,46.2975311845202,509.4412353515625,512.8501403808593,504.375227355957,-63.8299080945827,-1.5479871341981082,-1.456461324791432,False,16.666666666666664,3.2257967071389952,39.72760151587739,1.4495956459187718,15.150634765625,368636.8666975452,-112.89103482778835,0
2022-06-13,488.60906982421875,491.4498202301735,487.6621530222338,490.5029034281886,32854.092,-11.363002333530176,-13.256835941517238,-13.256835936160996,40.136672013548015,504.8960327148437,511.5244567871094,504.6119583129883,-93.61710711085446,-3.431066095145003,-3.9404287868133423,False,16.666666666666664,2.222217558696436,18.482622775479943,-0.08518009938177706,-13.2568359375,352209.82069754595,-210.72111017900053,0
2022-06-14,485.7683410644531,486.7152579086333,480.08683999937176,480.08683999937176,36304.444,-10.416063428816813,-4.7345623215401815,-7.575313022862019,38.92579675159212,500.72959594726564,508.30494689941406,504.28053894042966,-88.67926012442072,-3.17709511705024,-4.484092347775105,False,16.666666666666664,12.50001324778439,5.982675837873292,-1.2069912923658221,-32.195098876953125,378141.5664118321,-161.89856674229748,0
2022-06-15,481.9805603027344,487.6620600312539,481.03364368131446,481.03364368131446,35680.283,0.946803681942697,0.9468021226205678,0.946803681942697,37.289405556514474,494.101171875,503.47565307617185,503.2862716674805,-96.22664596804678,-3.139880831304943,-4.919070637156844,False,16.666666666666664,5.262844682976911,6.661691829819264,-2.068844776943326,-48.292938232421875,352655.64998326066,-121.29883591931554,1
2022-06-16,483.646728515625,491.2632124292569,482.694668026421,490.3111519400529,26909.199,9.277508258738465,3.6011523980030233,1.6610243451065685,38.52945571904276,488.37412109375,499.85459594726564,501.99654998779295,-92.90670345443513,-1.7694487756368504,-4.049084211826418,True,16.666666666666664,9.89331773806381,9.218725222941723,-2.36980842443119,-36.2105712890625,331726.27298326057,-82.44656969451619,0
2022-06-17,476.9823303222656,478.88645140139647,475.07820924313484,475.55423951291755,43566.737,-14.756912427135376,-12.376761027860425,-7.616458783286191,35.469052972178204,483.39740600585935,496.41932067871096,501.1311401367187,-96.22651848224301,-1.9514156797346824,-4.5301110608060196,False,16.666666666666664,4.645173454157381,6.600445291732719,-2.8296761901155083,-34.352752685546875,331726.2729832599,-103.59721596911756,0
2022-06-20,474.1261291503906,477.93437115159855,471.26994764948466,476.0302501509946,34209.693,0.4760106380770708,-0.9520802497979162,-3.8082615936501725,34.199017772418244,480.5008178710938,492.69842529296875,499.74415130615233,-93.62455494070655,-1.6034095424509984,-4.372369398670719,False,16.666666666666664,6.375454985893056,6.971315392704767,-3.1155553087379424,-37.208953857421875,326839.17398326,-97.76966733252053,1
2022-06-21,480.7905578613281,480.7905578613281,475.0781947976292,476.98231581886216,33223.685,0.9520656678675437,2.8561867097295703,3.808247148144517,39.69542753525595,479.50526123046876,490.1174285888672,498.78507537841796,-78.7484717534272,0.05024460308176961,-2.527798979026289,True,33.33333333333333,22.690295771792467,11.236974737280987,-2.6627101203568966,-25.809967041015625,360062.85898326,-65.06822483666251,0
2022-06-22,470.7939453125,478.88646004486856,470.7939453125,476.98233893137007,31034.893,2.3112507903988444e-05,-1.9040978164595685,-4.28424948512918,34.92205807465153,477.2679382324219,485.68455505371094,497.7049362182617,-100.0,-1.518539624980841,-3.896210486875905,False,33.33333333333333,0.0,9.688583585895193,-2.827785615872873,-44.3287353515625,329027.96598326,-93.17757901108013,0
2022-06-23,462.22540283203125,469.8418873277187,461.7493725510508,468.4137964847773,43548.94,-8.568542446592744,-9.044572717149833,-9.044572761449217,31.392260421439445,472.9836730957031,480.67889709472655,496.0069869995117,-99.12365922143042,-2.6403706610226347,-4.927652698597288,False,33.33333333333333,1.6027713996886397,8.097689057160386,-3.2739271037419737,-50.05657958984375,290602.4306891424,-145.30510253261727,1
2022-06-24,463.1774597167969,468.88982304321166,462.2253991623944,466.03364138000427,27911.98,-2.3801551047730527,-0.9520642845070597,0.47602661134362734,32.222644671207405,470.2226989746094,476.8100524902344,494.83009643554686,-97.22591239969091,-1.733713067913641,-3.87598180626703,True,33.33333333333333,4.83870337319487,2.1471582576278543,-3.2578034847068844,-38.688446044921875,270665.3021177138,-126.88473893674798,1
2022-06-27,474.6021423339844,481.7425958294806,471.7459609357859,472.22199116881893,37909.718,6.188349788814662,12.852772786268929,9.520561773391478,41.49276503705436,470.3179016113281,475.40935974121095,493.46690826416017,-70.08011517572274,0.7749264118635254,-0.8589481414177372,True,50.0,43.548280521859354,16.663251764914307,-2.2770225775730175,-14.006927490234375,254418.2801177138,-2.990141691127169,0
2022-06-28,473.65008544921875,476.03023663238065,472.2219947393216,472.2219947393216,15274.062,3.5705026562027342e-06,-5.712359197099943,0.47603380353569946,40.98318341248864,468.8898071289062,474.1975341796875,491.2512405395508,-59.930863579092374,0.5897170359551202,-0.5694492398081771,False,50.0,40.32248242613731,29.569822107063867,-1.5276921322374246,-12.118255615234375,250599.7646177139,-17.213106232891665,0
2022-06-29,467.4617004394531,474.6021541121535,467.4617004394531,472.22200288792004,30533.789,8.148598453772138e-06,-1.4280825202271217,-4.7602942998684625,37.70006553622013,468.2233581542969,472.7456481933594,488.11065063476565,-80.64525689650944,-0.2539388379451199,-1.504159591478942,False,33.33333333333333,28.57132043618615,37.480694461394286,-1.2933998011013657,-14.51885986328125,220065.9756177139,-59.028088022075536,0
2022-06-30,453.1808166503906,463.1774523117963,453.1808166503906,461.27333123343334,46311.432,-10.948671654486702,-11.42470180035724,-14.2808837890625,31.372990019447073,466.41444091796876,469.6990570068359,484.7768264770508,-100.0,-2.6916498557548145,-3.963680133028761,False,33.33333333333333,0.0,22.96460095410784,-1.9077018199145126,-30.465911865234375,173754.5436177139,-171.37485421085424,0
2022-07-01,431.7594299316406,451.2766698734237,430.8073694466756,448.89651866101116,61744.377,-12.376812572422182,-11.900782438372573,-22.373447203715045,24.613482744253318,460.1308349609375,465.17676696777346,480.7980438232422,-98.4251969073703,-6.269378089727259,-7.684481161936743,False,33.33333333333333,1.8691592294295702,10.146826555205259,-3.4730257874789494,-45.222900390625,117753.82959445819,-218.64599291613425,0
2022-07-04,418.9066162109375,429.8553118619052,418.9066162109375,421.762797685103,52445.919,-27.133720975908147,-21.42135801151852,-11.90075323573808,21.57136543489881,448.9917297363281,459.6548156738281,476.17662048339844,-100.0,-7.5792052316294685,-9.387336991224586,False,16.666666666666664,0.0,0.6230530764765424,-4.997632979931861,-55.219512939453125,65307.91059445819,-191.08233014787223,1
2022-07-05,424.6190185546875,429.85535174314214,412.2422310183401,427.9512305837041,50084.244,6.188432898601093,3.988123694398382e-05,-6.664385192597422,26.00552499748997,439.1855163574219,454.03766174316405,472.0775451660156,-82.19176608643716,-4.564900186416453,-7.276501173536784,True,16.666666666666664,17.808233913562844,6.559131047664157,-5.220617924255631,-56.171539306640625,85612.33383770159,-131.85448404510754,0
2022-07-06,414.622314453125,426.04703953564507,414.1462842413533,420.81070720615674,40549.763,-7.1405233775473675,-3.8083122074970674,1.9040532230132499,23.472062259633546,428.6176391601563,448.4204986572266,467.0525268554687,-96.5754374941016,-4.704603030126576,-8.468350681661427,False,16.666666666666664,3.4245625058983977,7.077598806487099,-5.6067016505498,-56.171630859375,48306.551877701604,-106.22148785886282,1
2022-07-07,435.56768798828125,436.9957787685707,417.4785381046149,420.8107499252903,48151.202,4.2719133546142984e-05,10.948739232925618,3.332253863261599,37.40934800995467,425.0950134277344,445.7547271728516,463.21681213378906,-66.43836757788898,1.347610759507898,-3.0377950141636254,True,33.33333333333333,33.56163242211102,18.264809613857437,-4.08734347110823,-26.65771484375,89411.236511848,-54.5820462393117,1
2022-07-08,444.6122741699219,447.94448607483565,439.375941176486,447.4684558027051,37897.895,26.6577058774148,10.948707306264964,21.897403071871054,42.354847263318995,427.66558227539065,443.89820861816406,460.35413055419923,-53.42464282087759,3.7970033991627017,-0.5413045292038196,True,50.0,50.7462850421157,29.244159990041723,-2.203503050019073,-18.565185546875,97832.9909562923,-4.029962442236445,0
2022-07-11,439.85198974609375,447.94450470895475,438.89992916222775,445.56435324928975,21941.71,-1.9041025534153277,1.8634119101079705e-05,-0.4760120142582309,40.51675186132489,431.8546569824219,440.423193359375,457.916276550293,-60.27393697460421,2.363374151158874,-1.1940756448349803,False,50.0,44.274844095330124,42.8609205198523,-1.0659386110042135,-34.750152587890625,80510.58832471335,2.040956769575043,0
2022-07-12,427.9512023925781,436.0437167870985,427.9512023925781,436.0437167870985,23036.423,-9.520636462191248,-11.90078792185625,-10.948726769649625,36.22879708158742,432.52109375,435.8533050537109,455.0254196166992,-77.39728213380545,-0.7543710661749155,-3.2292780020603464,False,50.0,30.841078089624837,41.954069075690235,-0.909019233158574,-45.698883056640625,57474.16532471335,-35.62785588408963,1
2022-07-13,447.9444580078125,450.3246092193312,443.6601858270789,447.9444580078125,44035.695,11.900741220713996,14.28089243223269,15.708983434500794,46.588488663675605,439.1855224609375,433.9015808105469,453.3236145019531,-44.0298741968915,2.9540450653184043,1.8030985123901393,True,50.0,91.46340523048855,55.52644247181451,0.6624999961882168,-19.517242431640625,70055.79246757017,77.62543717231823,1
2022-07-14,452.2287902832031,454.60894181100946,440.8040629497327,443.6602447831003,31936.258,-4.284213224712175,4.284332591678265,-2.856122877346195,48.542638752336536,442.5177429199219,433.80637817382814,451.75271759033205,-35.87779252917328,2.4627072270956445,3.195447226397853,True,66.66666666666666,94.38202427501602,72.22883586504315,2.034264612147128,-0.9520263671875,90979.54770894948,101.58230182466097,1
2022-07-15,468.8898010253906,470.31789178993495,454.1328631250991,457.941105163884,51846.909,14.280860380783679,15.708949978925489,13.328800175366382,55.456410267529186,447.3732482910156,437.5194152832031,451.3480911254883,-2.4590176772346073,4.917447212759402,6.9683240970317275,True,66.66666666666666,97.54098232276539,94.46213727609,3.9941309434551417,37.13037109375,133677.00217953784,147.7290652426926,1
2022-07-18,471.7460021972656,474.60218384528133,465.0815783518956,471.7460021972656,39179.575,13.804897033381621,4.284292055346384,10.94871522679648,56.54823013196383,453.75205078125,442.80335388183596,451.22908477783204,-4.5801536379318035,4.499122006733843,7.2414130649770385,True,66.66666666666666,95.27559482742336,95.73286714173496,5.329774476332963,52.839385986328125,149348.83217953797,143.63139038168336,0
2022-07-19,467.4617004394531,469.36582141883986,463.17742823583285,464.12948872552624,19874.865,-7.616513471739381,-5.236362426441474,-1.9041501160627377,54.36758189206336,461.654150390625,447.0876220703125,450.5626419067383,-11.450431057323245,2.5052151994521688,5.553561018367046,False,66.66666666666666,87.49995152927558,93.4388428931548,5.7363127617302485,42.842681884765625,156993.01102569207,101.98876057053236,1
2022-07-20,471.26995849609375,478.8864426738084,467.9377466683436,477.93438215159404,35436.652,13.804893426067792,9.520621254968546,4.760318432510758,56.012450621099624,466.3192504882812,452.75238647460935,450.586442565918,-11.428575698501344,1.729747664662673,5.375198906036554,True,83.33333333333334,85.04672965973748,89.27409200547883,6.04256851361562,56.64764404296875,143126.49502569198,103.79290596220986,1
2022-07-21,476.9823303222656,476.9823303222656,470.31790654530784,472.2220276244386,22285.593,-5.712354527155412,-1.9041123515427785,2.3801598769642283,58.46251032391634,471.26995849609375,456.8938507080078,451.3242889404297,-2.9411610932793493,1.8983054096160923,5.62192710157015,True,83.33333333333334,96.26169948147972,89.60279355683093,6.377658540199821,41.414642333984375,165412.08802569198,90.99420546368471,1
2022-07-22,478.8864440917969,480.7905651418636,476.03026251669667,480.7905651418636,25216.4,8.568537517425,3.808234819597999,5.712355971388831,59.28711122441574,473.269287109375,460.32126770019534,452.1097381591797,-3.007518696165718,1.3431835939200787,4.800763090744587,True,83.33333333333334,96.39639664259104,92.56827526126943,6.455685252378626,34.274169921875,170455.36802569233,90.61120801770613,0
2022-07-25,475.5542297363281,478.8864415563024,474.1261389563391,476.03025999632445,15245.346,-4.760305145539178,-1.9041235855612513,-1.9041235603575615,57.12221445645491,474.0309326171875,463.89149169921876,452.1573425292969,-9.909913997981183,0.4020095872572312,3.31810599861079,False,66.66666666666666,86.90474255443634,93.18761289283572,6.019615329585416,35.702239990234375,164357.2296256926,70.24265580025423,0
2022-07-26,471.26995849609375,475.55423084605826,467.4617164072364,475.55423084605826,18024.265,-0.47602915026618575,-3.3322107102441123,-6.66442254910271,54.33915569045271,474.79258422851564,468.22336730957034,452.0383361816406,-18.018019427947422,-0.4858432808885339,1.895530413099474,False,50.0,76.19044896694297,86.4971960546568,5.209701134436417,43.318756103515625,163296.97874333969,34.518263184656604,1
2022-07-27,477.9344482421875,477.9344482421875,467.4617810496296,470.3179630112363,17166.365,-5.236267834821945,2.3802173961292397,6.464239322667709e-05,57.8260599589719,476.1254821777344,471.2223663330078,452.56197357177734,-5.405282636030171,0.5508374963629364,2.632264034719747,True,66.66666666666666,89.2859598404995,84.12705045395961,4.894776017517257,29.989990234375,180463.34374333968,51.74027996788998,0
2022-07-28,476.9823303222656,484.59881463878884,475.07820924313484,484.59881463878884,33844.011,14.280851627552522,6.664366396601338,7.6164281935052145,57.14592708765581,476.1254821777344,473.6977203369141,453.7520492553711,-17.391317504436266,0.1499239263105483,1.5369026062009048,False,50.0,64.44448471611437,76.64029784118564,4.409379068202371,24.7535400390625,160156.9371433396,108.26186286779243,1
2022-07-29,484.5987854003906,485.5508458825132,479.83848298977773,483.64672491826803,29045.617,-0.952089720520803,0.9520312437243774,4.760273746642895,61.135063037037334,477.2679504394531,475.26861877441405,456.3940170288086,-2.1276624144193663,1.4786447285785924,2.4918137168539833,True,50.0,95.74468015053637,83.15837490238341,4.37935543125799,15.708984375,179520.68181000618,158.88379559672072,0
2022-08-01,479.8385314941406,483.6467738075862,476.0302891806951,481.7426526508634,24117.969,-1.904072267404615,-1.9040720749270008,-3.8081938090826384,57.48652732530459,478.12481079101565,476.07787170410154,459.44061279296875,-18.181671409265068,0.4484335586020838,0.9935754971802263,False,33.33333333333333,68.4212864075087,76.20348375805317,3.836490763106359,8.092529296875,179520.681810006,75.28781697556173,0
2022-08-02,468.413818359375,472.222060785061,465.0816062368998,470.317939572218,39838.155,-11.424713078645425,-11.424713022525225,-10.94868294379529,49.71789269116181,477.5535827636719,476.17308349609374,461.63035278320314,-76.59548395227363,-1.6982972708541613,-1.4027991489074452,False,33.33333333333333,16.2791201830953,60.148362247046805,2.566590777858372,0.952117919921875,176864.80481000576,-139.39379553303874,1
2022-08-03,476.9823303222656,476.9823303222656,469.3658460057424,470.31790654530784,27603.474,-3.3026910159605904e-05,4.7602695372046355,4.28423976884261,54.72395000311781,477.3631591796875,476.74432067871095,464.7483535766602,-38.297750015491864,-0.09970370760499153,0.3086673394875123,True,50.0,58.139551304320996,47.61331929830835,2.177640534868436,5.712371826171875,204468.27881000575,-32.217120497819,0
2022-08-04,476.0302734375,478.886455078125,471.269970703125,475.07821289062497,26027.618,4.760306345317133,1.9041247558593568,1.9041246973825992,54.07142640149803,477.17274780273436,476.64911499023435,466.77148284912107,-46.51160770914853,-0.23279032646289852,-0.041649419544820675,False,33.33333333333333,53.48839229085147,42.63568792608927,1.7486981925975709,-0.952056884765625,210975.1833100058,-14.634241078555748,1
2022-08-05,491.26324462890625,491.26324462890625,482.6946996644486,484.5988207676614,32784.279,9.520607877036412,12.376789550781268,11.42472896132358,61.983664119685145,478.5056396484375,477.8867950439453,469.1040313720703,-0.0,2.4487095818643088,2.797377079197255,True,50.0,100.0,70.5426478650575,2.3460804873869376,12.376800537109375,243759.46231000582,170.73778113298857,0
2022-08-08,487.4549865722656,490.3111681342125,484.59880501031876,485.5508655309677,19333.128,0.9520447633063327,-0.9520764946937561,1.904105345870164,59.202132327866956,480.0289306640625,479.0768707275391,471.4841812133789,-14.545529961193452,1.553715134695261,1.8145632447541515,False,33.33333333333333,85.45447003880655,79.64762077655269,2.33491345563203,11.9007568359375,243759.46231000582,114.79289960261609,0
2022-08-09,485.5509033203125,486.5029639150582,479.83853975183825,482.6947215360754,21164.373,-2.8561439948923066,-3.808204219154277,-4.760265258480501,57.787674114489256,483.45634765625,480.5049652099609,474.3641662597656,-21.818120100298202,0.9567836502264929,1.2993504653677301,False,33.33333333333333,78.1818798997018,87.87878331283612,2.059103137281861,14.28094482421875,258876.87159572006,58.41104606721647,0
2022-08-10,476.0302734375,478.886455078125,475.5542431640625,476.0302734375,20861.38,-6.664448098575406,-7.616508836933235,-4.284296587775771,51.124920844162865,483.26593627929685,480.3145477294922,475.76845703125,-58.181886722784505,-1.2833172137454025,-0.6951350941672404,False,33.33333333333333,41.818113277215495,68.48482107190796,1.141114641625752,-1.9041748046875,243975.88588143454,-39.393985062206355,1
2022-08-11,489.3591613769531,489.3591613769531,485.5509188759652,488.40710075170614,23740.033,12.376827314206139,10.472706298828143,9.996675711902697,58.44274779953461,485.9317138671875,481.55223083496094,477.6249755859375,-7.272590139104753,1.0484992418941068,1.7653916465454647,True,33.33333333333333,92.72740986089525,70.90913434593752,1.3243457950243425,12.3768310546875,267715.91888143454,88.51267704506654,1
2022-08-12,492.2153015136719,493.16736205818574,489.35911988013027,490.31118042464414,19535.923,1.9040796729379963,3.80820068123262,3.8082010041650847,59.848067926308346,486.12212524414065,482.3138824462891,478.79125061035154,-3.3898341585392253,1.0752667507610936,2.1066478453338404,True,50.0,96.61016584146077,77.05189632652385,1.516830059967753,7.61651611328125,277483.8803814345,104.76177755374849,1
2022-08-15,497.92767333984375,498.879733900723,494.1194310963268,495.071491657206,21273.166,4.7603112325618895,5.712371842537266,4.7603112161965555,62.60701929169423,488.21666259765624,484.1227966308594,480.10033416748047,-2.816903262657138,2.0156041834034797,2.918990134779202,True,50.0,96.77419469685938,95.37059013307181,1.8838445239444077,18.089141845703125,290247.7799814343,122.88131739859978,1
2022-08-16,499.8316955566406,500.7837559291294,497.9275748116629,500.7837559291294,20720.414,5.712264271923402,1.9040220284064162,3.8081437153360866,63.51851414180257,491.07282104492185,487.26458435058595,481.71883392333984,-2.6666752021826086,1.9747311508895278,3.042179186750465,True,66.66666666666666,96.77418411363261,96.71951488398427,2.093677992995177,31.417877197265625,297154.5846481015,128.26348760144464,1
2022-08-17,501.73583984375,501.73583984375,496.02347734078506,498.87965859226756,27143.102,-1.9040973368618666,0.9520839146205731,-1.9040974708778435,64.46356333346762,496.21393432617185,489.73993530273435,483.2421279907227,-0.0,1.8029520470911287,3.0470786862888106,True,83.33333333333334,100.00000000000001,97.84945960349735,2.189229516935831,24.753509521484375,324297.6866481015,112.45934495122475,0
2022-08-18,495.071533203125,496.0235938439002,494.11947256234976,495.071533203125,17831.084,-3.8081253891425604,-5.712245999849813,-1.9040047784353078,58.66154529927081,497.3564086914063,491.64406127929686,484.14658813476564,-20.58791445551661,-0.19192656604990924,1.216555942270608,False,83.33333333333334,74.54583567932137,90.44000659765135,1.6563341452652862,19.041259765625,324297.686648102,49.228725848718824,0
2022-08-19,494.1194152832031,497.9276574048463,492.2152942223815,494.1194152832031,14022.812,-0.952117919921875,1.9040635609460992,-1.9041783399682686,57.85003742425967,497.7372314453125,491.92967834472654,484.9082366943359,-24.999859762381387,-0.5429554537457132,0.7278013194454748,False,66.66666666666666,70.90924341350072,81.81835969760739,1.118239109297959,2.856170654296875,319623.4159814355,38.100469393626454,0
2022-08-22,487.4549865722656,489.35910761356354,485.5508655309677,486.50292605161667,11494.0,-7.616489231586456,-8.568549791282749,-6.664428691413775,52.32299747462541,495.6426940917969,491.92967834472654,485.50327453613284,-54.54538715189933,-1.7274457722664252,-0.8232460524542123,False,50.0,45.45461284810067,63.636563980307606,0.2379978326192358,0.0,319623.4159814355,-44.96227882934978,0
2022-08-23,479.8385314941406,481.7426526508634,477.93441033741783,478.8864709157792,19191.108,-7.616455135837441,-7.616454962700118,-7.616455193549882,46.75389423755224,491.64406127929686,491.3584411621094,485.9317031860352,-83.63626029957896,-2.6713801155661177,-2.1834018846348897,False,33.33333333333333,8.000028553815305,41.45462827180558,-0.8718489208591844,-5.712371826171875,319623.4159814355,-117.04963755051386,0
2022-08-24,478.8864440917969,483.64674671696383,478.8864440917969,479.8385046168302,14363.212,0.9520337010509934,1.9040940661004129,0.9520337543790447,46.084988940484955,487.0741821289063,491.64405822753906,485.97930297851565,-87.27273600421927,-2.171800052105546,-2.2351810748187924,False,16.666666666666664,3.999901577868523,19.151514326594846,-1.6401364423084077,2.856170654296875,305260.2039814355,-122.67554907046215,1
2022-08-25,483.646728515625,485.550849494033,479.83848655880905,480.790547048013,9357.138,0.9520424311828037,1.9041027770691699,0.952042467012177,49.987715988194196,484.7892211914062,491.07281494140625,486.3125228881836,-69.0909402869195,-0.5870902538066541,-1.231371581726359,True,16.666666666666664,23.99989537051737,11.99994183406708,-1.7857779252927273,-5.712432861328125,308379.2499814354,-80.09099122528703,1
2022-08-26,487.4549865722656,490.3111681342125,486.50292605161667,488.4070470929146,12914.846,7.6165000449015565,4.7603186401794915,6.664439492807617,52.95946907543641,483.4563354492187,490.59678344726564,486.45533294677733,-59.99998137794654,0.4578148623526573,-0.6468311660902863,True,33.33333333333333,40.00001862205346,22.666605190146466,-1.5902081163555923,-4.76031494140625,301921.8269814354,-23.89936405877042,0
2022-08-29,474.6021423339844,477.93435396521596,472.22199116881893,473.17405163488513,26590.824,-15.23299545802945,-12.376814168996532,-14.280934882797737,43.453036004663936,480.8857666015625,488.2642303466797,486.19351348876955,-91.93547682858748,-1.5308694379914727,-3.0234303128358913,False,33.33333333333333,8.064523171412523,24.021479054661132,-2.2506739916774636,-23.325531005859375,297490.0229814355,-123.89800558225474,0
2022-08-30,472.2220458984375,476.0302882040701,472.2220458984375,473.6501367630497,24214.535,0.47608512816458415,-1.9040657611458869,5.472961856867187e-05,41.93245982683444,479.3624694824219,485.5032653808594,486.38392486572263,-99.99981456292207,-1.5058693369177825,-3.1801484009985863,False,33.33333333333333,0.00021290877297693405,16.021584900746333,-2.7395876973595628,-27.609649658203125,273275.48798143555,-110.72692053953601,1
2022-08-31,480.7905578613281,480.7905578613281,468.41377122331374,468.41377122331374,39357.089,-5.236365539735971,4.76026965725805,-3.808274675123755,48.948555552113284,479.7432922363281,483.4087371826172,486.57433624267577,-62.85708795874767,0.24813854202905944,-1.1338609623520755,True,50.0,41.93546916149184,16.666735080559125,-2.3903874777192264,-20.945281982421875,312632.57698143553,-70.21917827578963,0
2022-09-01,466.98565673828125,471.7459590495787,466.5096265071515,471.26992881844893,39168.672,2.856157595135187,-9.044598811749438,-1.90414471616225,40.37450985875398,476.41107788085935,480.6001495361328,486.12210540771486,-98.6486477368966,-2.2259179379235414,-3.42904603720666,False,50.0,1.9999974732247419,14.645226514496533,-2.9565501173758975,-28.08587646484375,280585.4817087084,-134.54893678006923,0
2022-09-02,461.7493896484375,466.03366233589725,461.7493896484375,464.6055714400773,29982.959,-6.664357378371619,-5.7122967136814395,-4.760236858713995,37.64590465860347,471.26995849609375,477.36314697265624,484.6464126586914,-100.0,-2.5778295930189827,-3.84932462486728,False,33.33333333333333,0.0,14.645155544905542,-3.5131965007306807,-32.370025634765625,250602.5227087084,-154.08122605974324,1
2022-09-05,462.701416015625,464.6055370691872,460.7972949620628,461.7493554888439,15903.415,-2.8562159512334233,-1.4281252667100262,-0.9520946863747213,38.470671817078504,468.8898132324219,474.8877899169922,483.4087341308594,-94.87179513397857,-1.519756444055501,-3.106828213298865,True,33.33333333333333,6.451613593565937,2.8172036889302405,-3.631768238848299,-24.753570556640625,250602.5227087084,-126.21358785566791,1
2022-09-06,465.55755615234375,467.93770725741706,463.17740504727044,465.0815259313291,16700.285,3.3321704424852214,3.3321701882298385,2.3801100852076615,41.0237416228241,467.5569152832031,473.4596923828125,482.40906677246096,-83.87110643691146,-0.592926908715529,-2.0203784909646445,True,50.0,16.128893563088543,7.526835718884841,-3.3397539229427515,-14.280975341796875,250602.5227087084,-77.27310298061887,0
2022-09-07,449.8486022949219,455.0849352316881,449.3725720279431,454.13287469773064,34678.562,-10.948651233598468,-12.852772025728939,-13.804833019327361,32.846212084283366,461.3685241699219,470.555908203125,481.09998321533203,-98.83720910765209,-3.1762272603725363,-4.697872270729062,False,50.0,1.1627908923479082,7.91443268300081,-3.982869048228033,-29.037841796875,221703.72104204225,-151.65100821791253,1
2022-09-08,452.2287902832031,452.2287902832031,449.3726084498355,450.32466906095806,27931.552,-3.808205636772584,-2.856144948484996,3.642189244601468e-05,34.988269634823666,458.4171508789062,467.4141143798828,479.2434646606445,-93.023165113318,-1.656306148844143,-3.7243385234585578,True,50.0,9.091029165291054,8.79423787357585,-4.014907495947529,-31.417938232421875,249635.27304204224,-124.25872939713375,1
2022-09-12,463.1774597167969,467.46173221160797,461.7493688851932,461.7493688851932,21597.212,11.42469982423512,15.232941928404841,12.376760435357653,43.95859650344731,458.7027648925781,464.9863616943359,477.7915725708008,-66.27903982584374,0.8638573646086248,-1.1178829919411775,True,66.66666666666666,43.93944208283585,18.064420713491618,-3.106284157700398,-24.27752685546875,238836.66704204225,-10.526212940387508,1
2022-09-13,469.3658447265625,471.26996580050394,467.46172365262106,471.26996580050394,16507.036,9.520596915310762,3.8082335888959733,5.7123547674278825,48.3526853281725,460.0356506347656,464.4627319335938,476.36348114013674,-51.16277889275833,1.9297039883594682,0.4584828825995645,True,83.33333333333334,63.6363922392962,38.88895449580772,-1.952414153580614,-5.236297607421875,238836.66704204225,52.0453906789547,0
2022-09-14,456.98907470703125,459.36922613779706,453.180832417806,455.56098384857177,22645.714,-15.708981951932174,-11.900739662706883,-14.280891234815044,41.289258247699635,458.32195434570315,462.93943481445314,474.2213500976562,-75.75750807362449,-0.552482959036798,-1.6561337990992882,False,66.66666666666666,34.04268952091531,47.20617461434913,-1.8856509383986646,-15.23297119140625,244062.60104204208,-71.78385595954055,0
2022-09-15,456.2708740234375,459.6222865293809,455.79210080830273,455.79210080830273,23104.85,0.23111695973096857,0.2530603915838583,2.6112683904967184,40.910936469227046,459.6064086914063,460.4874664306641,471.94810180664064,-78.0434620090629,-0.3732113193192071,-1.4868379979557529,False,50.0,31.502844891699077,43.060642217303545,-1.7554445974331392,-24.519683837890625,226733.963542042,-45.528781769043675,0
2022-09-16,451.9619140625,451.9619140625,449.08927477820447,450.52559442035226,39087.513,-5.266506387950471,-7.660372466880915,-6.702826030098265,38.596288189524024,459.55303344726565,458.98509216308594,469.79262084960936,-90.93841319683116,-1.389911168350619,-2.0601633998443507,False,50.0,12.951081106569259,26.165538506394565,-1.817451820957455,-15.02374267578125,265821.476542042,-95.51708853276476,0
2022-09-19,447.1742248535156,452.91950397368925,446.69545159350116,451.9619574536603,17182.38,1.436363033308055,0.9575899111892454,-2.393823184703308,36.11928383414464,456.3523864746094,457.52757568359374,467.445361328125,-98.08876821815316,-2.254841879099827,-2.505810942444286,False,33.33333333333333,1.9482511677810987,15.467392388683159,-2.023093303668073,-14.575164794921875,251282.53961896503,-97.10589940251158,1
2022-09-20,456.2708740234375,457.7071936688418,450.0468222266855,450.52559544182026,19842.582,-1.4363620118400604,4.787689695152551,3.351370633184331,43.61920168617009,453.7333923339844,456.884521484375,465.8861557006836,-61.0351506879118,-0.014885221787969735,-0.3285009975649293,True,33.33333333333333,38.9648493120882,17.95472719547953,-1.4173048131840424,-6.4305419921875,263684.1533689651,-27.584921056101024,0
2022-09-21,451.0043640136719,455.3133229055223,448.61049796264393,453.3982300646999,24154.633,2.872634622879616,-2.393870763319512,-1.4363242640415592,40.6080741345792,452.5364501953125,455.4292022705078,464.44444732666017,-82.46593041931692,-0.5017202436449801,-1.2858727036904987,False,16.666666666666664,17.53406958068307,19.482390020184138,-1.2480771087301,-14.553192138671875,256782.82965467908,-53.552753545760254,0
2022-09-22,444.7803039550781,448.1317163637816,439.5137987414012,442.3864379488613,29702.508,-11.011792115838546,-7.181606541740678,-9.096699221242716,37.28931827644966,450.23833618164065,454.92237243652346,462.73914031982423,-83.41580328672791,-1.4323644524845895,-2.328908600962042,False,16.666666666666664,16.58419671327209,24.361038535347802,-1.4196124301886686,-5.06829833984375,263383.3869880124,-129.46955697052917,0
2022-09-23,435.6836242675781,440.9501296158676,435.6836242675781,439.0350367619441,29757.787,-3.351401186917201,-7.181586747914025,-3.8301744738230923,32.990496395152405,446.98267822265626,453.2678558349609,460.3409851074219,-100.0,-2.7084829515581625,-3.800583900764437,False,16.666666666666664,0.0,11.372755431318401,-1.975827539479977,-16.545166015625,233625.5999880124,-155.80052927798377,0
2022-09-26,427.54449462890625,434.72609308291925,424.19308201703353,424.19308201703353,32342.267,-14.841954744910595,-6.2240365329483325,-11.490542250544593,29.653715101841698,443.0567321777344,449.7045593261719,457.34546051025393,-92.88098033997429,-3.650420856954026,-5.208691289619884,False,16.666666666666664,9.459463338231942,8.681220017168025,-2.6783828544320585,-35.632965087890625,221864.77562437596,-173.80323596315748,1
2022-09-27,428.9808349609375,432.3322477340698,427.065741947719,429.9383814675467,24961.404,5.745299450513187,-2.3938453488494247,2.8726599306854723,30.997323710177554,437.5987243652344,445.6660583496094,455.06439514160155,-89.82992806846522,-2.661590252958843,-4.479954246090223,True,33.33333333333333,13.513577315108485,7.657680217780157,-2.8186435648910333,-40.385009765625,215057.11998801248,-124.96858623235117,0
2022-09-28,419.40533447265625,429.9383451557595,419.40533447265625,428.0232523042862,34402.652,-1.9151291632605307,-2.3939025783103034,-7.660407475062755,27.21672819075887,431.27891845703124,441.9076843261719,452.4235595703125,-100.0,-3.48880056284203,-5.847380771087283,False,16.666666666666664,0.0,7.657680217780157,-3.2954419091453477,-37.583740234375,180654.46798801247,-126.66676501013617,0
2022-09-29,416.53271484375,424.67185984644397,413.6600754310345,424.1930866109914,41094.78,-3.8301656932948163,-5.266485309315556,-5.74525904162175,26.172058254388787,425.6294006347656,437.9338684082031,449.2106674194336,-93.74999734767144,-2.8656471507032806,-5.558820441503194,False,16.666666666666664,6.521742006381262,6.67843977382993,-3.5229077893637353,-39.7381591796875,161000.44277062107,-120.11250431487368,0
2022-09-30,404.0845642089844,409.3510691927508,404.0845642089844,406.47843011069637,48266.8,-17.714656500295007,-15.320790653693166,-9.575511222050125,22.15247750942011,419.30958862304686,433.14613342285156,446.06561279296875,-100.0,-4.254120496580194,-7.456148062972649,False,16.666666666666664,0.0,2.1739140021271015,-4.185231373330913,-47.877349853515625,112733.64277062107,-143.85132318771284,0
2022-10-03,399.29681396484375,406.4784113383122,398.81804080661254,400.7331334395374,36044.395,-5.74529667115894,-2.8726578544386143,-5.266523402371831,20.81138401798394,413.66005249023436,428.3583923339844,442.94298400878904,-99.18699262094788,-4.009218642592241,-7.547355249349054,False,16.666666666666664,0.8474568856793897,2.456399630686898,-4.586987398982096,-47.877410888671875,81194.79714562086,-133.07515841053618,1
2022-10-04,410.78741455078125,413.66005381337413,408.8723217090527,411.2661877612134,40375.0,10.53305432167599,7.181642475061949,10.054280902440155,31.645719286888777,410.0213684082031,423.81004638671874,440.3472839355469,-79.67473946828379,-0.5793740104680531,-4.125152360247992,True,33.33333333333333,24.271915668286944,8.373124184655458,-3.7550630194639716,-45.48345947265625,73119.79714562048,-70.86355084254014,1
2022-10-05,426.108154296875,431.8534327817767,423.2355150544241,425.62938108979984,46496.536,14.36319332858642,18.193378968402556,14.363193345371428,42.99085320708508,411.3619323730469,421.32042541503904,438.37481384277345,-53.658505575538705,3.2482611389687186,-0.14025328362230646,True,33.33333333333333,64.77275222174057,29.964041591902316,-1.9405134315207615,-24.896209716796875,57620.951812287356,27.251140501292937,1
2022-10-06,431.85345458984375,431.85345458984375,428.023268739823,431.37468135859115,30331.834,5.745300268791311,2.1808067060646863e-05,4.7877536853988545,46.61561687841679,414.42608032226565,420.0277404785156,437.47505645751954,-41.52535830267368,4.116973904846059,1.6910975787554974,True,50.0,92.00001584332392,60.34822791111716,-0.21185444064145997,-12.926849365234375,87952.78581228736,63.79010525207693,0
2022-10-07,419.40533447265625,429.45957194289116,418.44778804691964,429.45957194289116,31941.781,-1.9151094156999875,-2.3938826469525907,-9.57548069290334,40.525286561279835,417.490234375,418.39991149902346,435.83388366699216,-58.25236421045725,0.9992339419976933,-0.6239364227045283,False,50.0,61.42855688217732,72.73377498241395,0.21177209889536996,-16.278289794921875,61566.09716011319,20.676657255141638,0
2022-10-11,384.4549255371094,394.9879371956603,383.9761522799025,390.6789778807986,95793.819,-38.780594062092575,-34.47163474723084,-34.47163576701712,28.94308184490346,414.5218566894531,414.09095458984376,431.8977569580078,-99.1596632715606,-6.682152868281681,-7.807110525717718,False,50.0,1.0000004889737515,51.47619107149168,-1.6413037969900035,-43.089569091796875,-25897.824535539126,-164.5018215973492,0
2022-10-12,380.62469482421875,383.01856082940253,378.7096020200717,380.145921623182,53570.085,-10.533056257616579,-11.96937636625779,-5.266550259830808,27.986813393320645,408.48931274414065,409.2553405761719,427.4606994628906,-96.5811982010826,-6.908668754277947,-7.710170273414161,False,50.0,3.6036017555045152,22.01071970888521,-2.834473436703025,-48.35614013671875,-31850.056202205637,-148.66566928076554,0
2022-10-13,378.2308654785156,385.89123743757415,378.2308654785156,383.4973712003684,38046.284,3.351449577186372,2.8726766081716164,-0.47873654155608847,27.37025986223631,398.9138549804687,405.1378936767578,423.52278900146484,-100.0,-6.249995745123872,-7.367592377073491,False,33.33333333333333,0.0,1.5345340814927697,-3.4533505775471802,-41.174468994140625,-69896.34020220564,-112.78285086970196,1
2022-10-14,394.5091552734375,398.339341246966,391.6365157932911,396.9030215068928,54504.366,13.405650306524421,12.448103809391853,13.405650314775471,37.572538141794325,391.4449951171875,402.93553771972654,420.43470306396483,-69.64285002888275,-0.9218407506837569,-2.6963134950408207,True,33.33333333333333,30.357149971117263,11.320250575540607,-2.4803478370387637,-22.0235595703125,-77682.67820220538,-41.631404807789046,0
2022-10-17,380.1459045410156,386.3699558748106,379.1883581819703,383.0185436181518,41512.192,-13.884477888741003,-11.969385372155386,-12.448157611320823,33.09737608545527,383.5931091308594,400.5416717529297,416.8439025878906,-96.42867102421312,-2.4170512844667105,-5.47619727248126,False,16.666666666666664,3.571328975786877,11.309492982301395,-2.51041035599086,-23.93865966796875,-108124.95233553903,-79.61349087971905,1
2022-10-18,389.7214050292969,389.7214050292969,382.53980665652114,389.2426318044452,40093.216,6.224088186293386,3.351449154486261,3.351448474550864,38.430720225693996,384.6464050292969,399.584130859375,413.9712615966797,-78.5714570273262,1.3278005269783604,-2.553868291087097,True,33.33333333333333,21.428542972673803,18.45234063985933,-1.634161909427565,-9.575408935546875,-68031.73633553903,-49.00559998148217,0
2022-10-19,378.70965576171875,387.80634787230366,378.70965576171875,386.84880133434734,46385.177,-2.3938304700978392,-1.915057156993214,-3.8301508948023866,34.93672695042123,384.2633972167969,396.37635498046876,410.09320068359375,-99.10711084425803,-1.2895090516011412,-4.803921696480619,False,33.33333333333333,0.8928891557419733,8.630920368067564,-1.5458952976422466,-32.0777587890625,-114416.91333553902,-60.12512843337728,1
2022-10-20,380.62469482421875,380.62469482421875,369.61291120037345,374.40064321074095,52938.069,-12.44815812360639,-7.181653048084911,-9.096744561345304,36.03994723453973,384.7421630859375,391.8280090332031,406.57421722412107,-82.30770005502836,-0.7903550343513789,-3.9468430766959037,True,50.0,18.399996737031053,13.573809621815622,-1.1276666758173732,-45.48345947265625,-61478.84433553902,-73.7798855027019,0
2022-10-21,372.9643249511719,381.58224260087803,372.9643249511719,378.7096033843093,35923.505,4.308960173568323,0.9575477766592826,3.3514137507984287,33.55698598731229,380.4331970214844,385.93909606933596,402.9834182739258,-94.61538481464252,-2.5641062437791042,-5.125346613376788,False,50.0,11.666655917086237,10.319847269953101,-1.1330585418799437,-58.889129638671875,-97402.34933553901,-84.41564421030672,0
2022-10-24,370.5704650878906,380.6247025127559,370.5704650878906,378.23083645921656,46714.078,-0.4787669250927138,-0.9575400881221299,-2.39385986328125,32.78692689735131,378.5181091308594,381.05560913085935,399.7277603149414,-98.46152710858374,-2.1697922635830027,-4.6112791870297105,False,33.33333333333333,3.3333549834214815,11.133335879179604,-1.0650060374224566,-48.834869384765625,-144116.42733553902,-117.78072995001985,0
2022-10-25,355.24969482421875,366.2614778174223,355.24969482421875,363.8676119493346,76416.687,-14.363224509881945,-14.3632246953336,-15.320770263671875,28.259279226534375,371.62376708984374,378.1350860595703,396.113020324707,-100.0,-5.1757268794350155,-7.0272616514176045,False,33.33333333333333,0.0,5.000003633502586,-1.7770253070571975,-29.205230712890625,-220533.11433553902,-215.20047775781595,1
2022-10-26,360.0374755859375,362.910115018804,354.29219672020446,354.77096995901553,58850.484,-9.096641990319085,-3.351362798618311,-0.9574981040142916,31.48480861060328,367.8893310546875,376.0763641357422,392.66585235595704,-86.95652368057047,-2.6116941006964534,-4.538238352724112,True,33.33333333333333,13.043476319429528,5.458943767617016,-1.653322276192359,-20.58721923828125,-200916.28633553875,-146.9782419994501,1
2022-10-27,369.1341247558594,372.4855370428775,366.2614856527009,368.1765783881399,45684.455,13.405608429124356,9.575422024073532,11.969288932496454,37.32547092354312,365.5912170410156,375.16669006347655,390.1522918701172,-66.30444902816012,0.2818085062651274,-1.7938712104400025,True,50.0,41.89178574404086,18.31175402115681,-0.7335392438838575,-9.09674072265625,-204430.47518169222,-52.017504385087015,0
2022-10-28,363.3888854980469,365.7827516739233,359.07992638146925,363.3888854980469,40184.472,-4.7876928900930125,-6.70278536895421,-7.181559271231663,35.254810686023205,363.67612915039064,372.0546630859375,387.495100402832,-79.34783542593645,-0.5025068102951682,-2.9515149136369314,False,33.33333333333333,25.675676121466925,26.870312728312452,-0.30850799750992763,-31.120269775390625,-192949.19746740637,-81.38915289699608,1
2022-10-31,373.4431457519531,373.4431457519531,364.8252270038312,369.6129596416767,38409.054,6.224074143629821,7.66039407802981,5.745300622361924,41.45524492503459,364.25066528320315,371.38438720703124,385.9630294799805,-56.52170137813768,2.2280569814558175,-0.15999074457420998,True,50.0,57.142873602362215,41.570111822623346,0.7931318745666509,-6.7027587890625,-154540.14346740636,-9.483070479626873,1
2022-11-01,374.87945556640625,376.3157753195342,369.61294980493693,372.00681606015024,41426.496,2.393856418473547,2.8726295675811,4.787722801105758,42.31615026920821,368.17661743164064,369.9001922607422,384.7421615600586,-41.89184622305445,2.4198878980369916,0.6642448699416326,True,66.66666666666666,75.43871100920867,52.752420244345956,1.7093219707599907,-14.841949462890625,-130867.86003883474,35.83694266955578,1
2022-11-02,378.2308654785156,378.2308654785156,372.00681326178056,374.40067949898634,22535.65,2.3938634388360924,1.9150901589813998,2.3938634568436328,44.39742909331377,371.81529541015624,369.85231323242186,383.1143341064453,-32.432391518701706,2.26537443805639,1.6077217164581905,True,83.33333333333334,87.719415580991,73.43366673085397,2.5795688650918507,-0.478790283203125,-108332.21003883475,74.64906671153423,0
2022-11-03,367.69781494140625,370.570454120636,367.2190417448679,368.6553613344828,39731.333,-5.745318164503544,-7.660411357879639,-4.787771516912642,39.50982205601354,371.5280334472656,368.55962524414065,380.1938171386719,-60.000126035231204,-0.9245392502412686,-0.7324484145668156,False,66.66666666666666,50.909010812764265,71.35571246765466,2.4834464818743456,-12.9268798828125,-136711.73361026254,-4.669332112214764,0
2022-11-04,365.7827453613281,368.1766114958918,362.431332772939,364.8251989075027,28397.417,-3.8301624269801096,-2.3938426247441953,-4.787708971928907,38.66555154670057,372.0068054199219,367.8414672851562,376.8902816772461,-57.89472582286456,-1.2919917424133172,-0.9614330502906063,False,50.0,47.99994835608522,62.20945824994684,2.3309805859570076,-7.18157958984375,-131978.8307769293,-31.382471305135905,1
2022-11-07,373.4431457519531,376.31578533466046,370.5705061692458,373.4431457519531,35387.706,8.617946844450444,8.13917383876867,8.139173396306774,43.89695761320355,372.0068054199219,368.1287353515625,374.59217224121096,-29.8244161424767,0.3215480215088562,1.2767881653964952,True,66.66666666666666,80.0000585876344,59.636339252161314,2.7569635292587265,2.8726806640625,-131978.8307769293,75.85498257113665,1
2022-11-08,382.06103515625,382.5398083832629,377.2733028861216,378.23084934014724,31838.223,4.78770358819412,6.224023048602419,6.70279671687581,49.21317839825982,373.4431213378906,370.80986938476565,374.472477722168,-1.6949157780974757,2.242150635266145,3.4013605816748638,True,66.66666666666666,97.95918314091999,75.31973002821321,3.5779973031994476,26.81134033203125,-105929.37559511156,144.33611035841534,1
2022-11-09,399.29681396484375,399.29681396484375,386.3699386926006,386.3699386926006,52260.831,8.139089352453368,16.75700558158087,9.096635806479014,57.91420818041039,377.65631103515625,374.7358032226563,375.40608367919924,-0.0,5.703408547721449,7.370439504065178,True,66.66666666666666,100.0,92.65308057618479,5.145419926467111,39.25933837890625,-53668.54459511156,229.03838105957436,0
2022-11-10,390.2001647949219,394.0303504616205,388.76384516990987,391.6364844199339,32044.942,5.266545727333266,-5.266463503223235,2.393906477309258,52.7143928044541,382.1567810058594,376.8424072265625,376.00454864501955,-20.212702000049603,2.7526781649858787,4.1090021954886256,False,50.0,75.32475129629015,91.09464481240339,5.406296247523585,21.0660400390625,-68234.42732238416,127.63128101156116,1
2022-11-11,422.7567443847656,423.2355175947144,416.53269265543156,422.7567443847656,80016.195,31.120259964831746,29.20516713309388,27.76884748552169,64.9878616297041,393.55158081054685,382.77919311523436,377.41692810058595,-0.7462688767957694,8.699219229178762,11.244091642776265,True,66.66666666666666,99.21259825889926,91.51244985172981,7.480468797716414,59.36785888671875,350.88267761594034,210.4905517044948,1
2022-11-14,426.108154296875,430.89588636762636,422.756741847349,430.89588636762636,61933.19,8.139141982860735,7.660368772911966,6.224049191917459,65.97950679381742,404.08458251953124,388.0456939697266,379.7150405883789,-6.666668623066823,6.799998975041535,10.74242664334424,True,83.33333333333334,93.00699147314258,89.18144700944401,8.701593540692741,52.665008544921875,-10578.503792972042,154.89174423320256,1
2022-11-15,459.6222839355469,466.3251089096069,442.38644828796384,445.25908756256104,113379.796,14.363201194934675,35.42922254198055,19.629706440614825,74.00986833100765,419.5968322753906,396.5199768066406,383.21008453369143,-6.45161358390011,11.1969131638509,17.013710236119476,True,83.33333333333334,93.54838641609989,95.2559920493806,11.229112683053849,84.74282836914062,39308.60644702817,172.4200554883189,1
2022-11-16,466.32513427734375,473.0279596160325,461.0586286540883,470.63409342364366,85726.375,25.375005861082627,6.702850706425579,18.67218036612445,75.28282456222658,433.00249633789065,405.32940368652345,387.59085845947266,-6.060605580853949,9.111284290304406,16.425943275426906,True,83.33333333333334,93.93939441914604,93.4982574361295,12.706331168003981,88.09426879882812,29021.4414470283,136.2337447510383,0
2022-11-17,464.4100646972656,464.4100646972656,454.8345994457756,462.01619838439314,45144.984,-8.617895039250527,-8.617894918766865,-6.224029208312686,74.15085499641685,447.8444763183594,415.00062866210936,391.780126953125,-7.792186041074574,5.972331910391206,13.82750820596226,False,66.66666666666666,91.58880625191145,93.02552902905246,12.868867499284928,96.71224975585938,74166.4254470283,97.14478841710712,1
2022-11-18,466.32513427734375,473.0279596160325,465.3675878003882,470.63409342364366,35859.717,8.617895039250527,8.617894918766865,10.532988354612598,74.56801972761932,456.558154296875,425.05486755371095,396.4481674194336,-6.060605580853949,3.4153268147367117,12.276661041398897,True,83.33333333333334,93.00000066044309,92.84273377716687,12.413965884370098,100.54238891601562,47271.637697028375,92.75799247565207,0
2022-11-21,461.5373840332031,468.7189823324749,460.1010643733487,466.8038894526691,29710.18,-3.8302039709745372,-4.308977283557567,-5.266523427039488,71.42430648931048,463.6440002441406,433.8642913818359,400.9965133666992,-10.389625715376805,0.9071855576595619,9.070336811764026,False,66.66666666666666,86.7403207915606,90.44304256797174,11.139860579373678,88.09423828125,27464.85103036197,67.30122027524007,1
2022-11-22,470.1553039550781,470.1553039550781,455.7921072965727,455.7921072965727,37343.127,-11.011782156096444,1.4363216226032023,-4.308957076776039,73.60907047929351,465.7506042480469,442.67371826171876,406.7417938232422,-2.8037546945731338,1.1675802211508652,8.8691794089435,True,66.66666666666666,96.59089082008795,92.11040409069722,10.249213533776745,88.09426879882812,64807.97803036197,60.17511458714452,1
2022-11-23,471.1128234863281,474.9430090431275,467.76141112412864,473.50668945932773,33475.337,17.71458216275505,4.7877050880493925,11.969303827555962,73.85139094213542,466.70814208984376,449.8553192138672,412.2955612182617,-3.921569652971307,0.9575850300793523,7.072900237483351,True,66.66666666666666,93.44262145170264,92.2579443544504,9.133370998521325,71.81600952148438,62576.28889702871,67.93733536461221,1
2022-11-24,474.9430847167969,474.9430847167969,471.11289854972597,473.0279916332614,27396.552,-0.47869782606630906,7.567366935745667e-05,3.351487425597327,74.85876625338662,468.81474609375,458.32961120605466,417.5860092163086,-0.0,1.4660833438183256,6.0773590246594935,True,66.66666666666666,100.0,96.67783742393021,8.097389466649096,84.742919921875,89972.84089702871,79.3356558995417,1
2022-11-25,476.8581237792969,476.8581237792969,473.02793804612986,473.02793804612986,39949.969,-5.358713156056183e-05,1.9150390625,1.9150394964038924,75.3761776419492,470.9213439941406,463.7397491455078,423.2594711303711,-0.0,1.4256596935219048,4.989456918345076,True,83.33333333333334,100.0,97.81420715056755,7.025090535332234,54.10137939453125,129922.80989702871,95.3573497182807,0
2022-11-28,460.1010437011719,469.1977344715384,460.1010437011719,465.36754888401566,38926.919,-7.6603891621142,-7.660389307758464,-12.926894344957987,62.99969794160522,470.6340759277344,467.1390380859375,427.59236602783204,-27.777804096779573,-1.9221001257433115,0.01734059068960735,False,66.66666666666666,23.912813297462968,74.63760443248766,4.7786176190584975,33.992889404296875,90995.8908970287,-48.27622231836255,1
2022-11-29,466.32513427734375,467.2826807542993,452.9194835999663,453.39825683844407,38182.197,-11.969292045571592,-1.9150537172391182,-7.181560101205548,65.30782978150023,469.8680419921875,467.8093231201172,432.1646499633789,-19.468984203032345,-0.7641334467679167,0.5765449050939568,True,83.33333333333334,56.0000508673518,59.97095472160493,3.3696722057191124,6.702850341796875,124087.12829702864,-80.33371996883956,1
2022-11-30,469.1977844238281,469.1977844238281,462.01618568264706,462.49495893205915,57111.603,9.096702093615079,1.9151036695288326,9.096702082680736,66.36428572642288,469.4850341796875,468.0965881347656,436.7129959106445,-22.222126561253848,-0.11890163795817124,0.4184140590729192,True,83.33333333333334,68.0001065303494,49.30432356505474,2.3379707891358628,2.872650146484375,181198.73129702866,-4.6945452684271505,1
2022-12-01,477.33685302734375,486.4335433056984,477.33685302734375,484.5184506155184,41746.878,22.02349168345927,17.235758881870254,15.320667344696687,69.2578594931607,469.9637878417969,469.38926696777344,442.19494781494143,-27.142907657942683,1.3898195283622503,1.8385992832012725,True,83.33333333333334,72.85709234205733,65.61908324658619,1.9275639086144167,12.926788330078125,139451.85329702866,152.33159037358175,0
2022-12-02,471.5916442871094,475.900603473489,469.19777807245396,469.19777807245396,28319.679,-15.320672543064461,-10.532939832209365,-8.139074954889793,64.95491645845323,468.9104919433594,469.91591796875,447.48539276123046,-44.28558983575043,0.28848272825562976,0.5187548969638703,False,66.66666666666666,55.71441016424957,65.52386967888545,1.0376311617347937,5.266510009765625,131360.51643988615,36.085905611423144,0
2022-12-05,468.240234375,476.37937955329755,468.240234375,470.63410060391107,28360.444,1.4363225314571082,0.4787760798085401,-0.9575436974539571,62.48445098806411,470.538330078125,470.58620300292966,452.2252471923828,-54.285601596594105,-0.11914450179126868,-0.26344447110424607,False,50.0,45.7143984034059,58.095300303237615,0.04419431446881106,6.702850341796875,103000.07243988615,11.494550039751902,0
2022-12-06,457.7072448730469,468.2402567843513,457.7072448730469,467.28271024696,40561.068,-3.3513903569510717,-8.139122768946265,-10.532989501953125,55.276380577362254,468.81475219726565,469.3413970947266,456.00755767822267,-85.71417096251793,-2.2827871920071847,-2.3576392146861145,False,50.0,14.285829037482072,38.57154586837919,-1.4204516563280443,-12.44805908203125,62439.00443988615,-110.83403408521993,0
2022-12-07,454.8345642089844,464.88880194413036,454.8345642089844,456.7496571109169,36563.503,-10.533053136043065,-3.3514548402209243,-2.8726806640625,53.44214462884978,465.9421081542969,467.7135711669922,458.78444519042966,-94.2857396990001,-2.497435850691128,-2.8547087962421163,False,33.33333333333333,5.714260300999893,21.904829247295964,-2.611562704105964,-16.27825927734375,25875.501439886153,-111.4584678038517,0
2022-12-08,451.4831848144531,454.8345976391628,447.17422546839794,454.8345976391628,27238.567,-1.915059471754148,-10.054204304967584,-7.66033874058644,51.27663593143236,460.77137451171876,465.3675811767578,461.8485961914063,-89.02436521206889,-2.5994096000625717,-3.248968188037006,False,16.666666666666664,10.975634787931106,10.325241375471032,-3.5933845070290005,-23.45989990234375,29280.3223148859,-142.90040046086105,1
2022-12-09,461.05859375,463.93123296339564,455.79208852544133,457.70718133437174,25915.337,2.8725836952089594,9.096635324232864,8.617863057043394,56.74027614972334,458.6647644042969,463.7876281738281,463.763688659668,-64.63420903251033,0.05193996738437596,-1.019278220146223,True,16.666666666666664,35.36579096748968,17.351895352140236,-3.5594116625410734,-15.799530029296875,36902.48025606235,-46.06395078485526,0
2022-12-12,454.8345642089844,457.7072035618832,453.39824453253493,456.2708838854338,20973.334,-1.4362974489379212,-6.224029401512439,-2.3938439929063975,52.56090859502647,455.98363037109374,463.2609802246094,465.20000915527345,-80.48784552922538,-0.6968667116319707,-2.002923382852497,False,16.666666666666664,19.51215447077463,21.951193408731815,-3.8907099589452923,-5.2664794921875,29911.3689227292,-81.73235509220282,0
2022-12-13,451.4831848144531,455.79214416050837,451.00441155378036,452.91950459647154,33272.826,-3.3513792889622778,-1.9150594013748332,-2.393832978754574,50.3810570982141,454.738818359375,461.7767852783203,464.7930541992188,-89.02436521206889,-0.8238345453340573,-2.2797869678979454,False,16.666666666666664,10.975634787931106,21.951193408731815,-4.241392389520513,-14.841949462890625,3293.108122728725,-87.66845446683001,1
2022-12-14,460.1010437011719,460.1010437011719,451.961899327686,451.961899327686,30636.639,-0.9576052687855281,4.308899540663504,0.9574877739056546,55.552115938377945,455.7921142578125,460.8671112060547,464.48184967041016,-67.07324797046749,0.9807291834287314,-0.4145148279469404,True,33.33333333333333,44.262112759944955,24.916634006216906,-3.812325251387575,-9.09674072265625,33929.747122728724,-40.747328411431894,1
2022-12-15,462.74945068359375,463.71250885359086,456.9711016636113,458.4156889186069,24222.008,6.4537895909209055,3.6114651524189867,5.009202335925295,57.05263795422001,458.0453674316406,459.4083709716797,464.39881896972656,-60.327315722236705,1.2687950895652038,0.2233516235869487,True,50.0,53.33039904504017,36.18938219763876,-3.2892860126305656,-14.58740234375,51231.181408442775,14.152647604132119,0
2022-12-16,453.60040283203125,453.60040283203125,448.30358284142363,449.26664102153416,47601.4,-9.149047897072762,-10.112106021559612,-8.667518822187674,50.61337297595411,456.55372924804686,457.6092468261719,463.76258239746096,-83.63145944036813,-0.8099935256173733,-1.4808293416722804,False,50.0,30.504926472632537,42.69914609253923,-3.480154521244012,-17.991241455078125,98832.58140844278,-95.25954726662683,0
2022-12-19,449.2666320800781,452.1558065629082,447.8220448386631,449.2666320800781,21075.559,-8.941456030697736e-06,-1.4445962691230534,-0.48153800276054426,47.82413064745696,455.4401428222656,455.7118865966797,463.1490447998047,-92.83548853877797,-1.333638922197404,-1.9238149399700994,False,33.33333333333333,11.811778929892123,31.882368149188284,-3.793249221352479,-18.973602294921875,91807.39507510945,-109.75699609336857,0
2022-12-20,440.59912109375,449.7481738814891,438.1914756232923,447.8220575051229,31139.235,-1.4445745749551975,-2.407632681419102,-9.63056921537077,42.691084362790725,453.263330078125,454.00107421875,461.6712356567383,-93.69526676596163,-2.73033752086378,-3.270584242841064,False,33.33333333333333,9.353800187954747,17.223501863493148,-4.4344635839105635,-17.108123779296875,73642.84132510956,-170.20934403146322,1
2022-12-21,442.043701171875,445.89593386182594,440.1175848268995,443.0067593443627,36182.644,-4.815298160760221,-3.8522400196631565,1.9261092036071545,43.78804877485549,449.6518615722656,452.72198791503905,460.2177795410156,-87.18009383497098,-2.0712954426055563,-2.4860882134317395,True,50.0,14.966052312314522,12.043877143387142,-4.592286410163678,-12.790863037109375,61581.959991776705,-134.8608004984723,1
2022-12-22,450.71124267578125,451.67430088662695,446.8590098323985,449.2666553595127,14047.382,6.259896015149991,5.778367024801014,6.741425005499025,50.04665709973832,447.2442199707031,452.64479370117186,459.00618743896484,-53.10479071188156,0.19625651404473082,-0.4460117613403772,True,50.0,49.05666216376176,24.458838221343687,-3.967436179277944,-0.771942138671875,70010.38919177663,-34.994540476464174,0
2022-12-23,438.1914367675781,441.56214012732875,438.1914367675781,440.59908202454284,24927.413,-8.667573334969859,-10.112160759298206,-8.667573064820374,42.57679906943425,444.1624267578125,450.3580780029297,457.0728530883789,-100.0,-1.6924806998105255,-2.9139908795525984,False,33.33333333333333,0.0,21.340904825358773,-4.227861745445015,-22.867156982421875,45082.97619177663,-135.10742766808926,1
2022-12-26,439.63604736328125,440.11757644034947,436.74687290087195,437.22840197794017,8793.306,-3.370680046602672,-1.4445636869792793,-1.4445638667061758,43.63576658825271,442.23630981445314,448.8382263183594,456.0496032714844,-89.37192394537067,-0.8506798641292689,-2.380390390170109,True,50.0,10.714282679908347,19.92364828122338,-4.128696502068764,-15.198516845703125,51363.909048919486,-105.88580130575856,1
2022-12-27,440.1175537109375,445.41437328513916,440.1175537109375,441.0806118153378,10264.001,3.852209837397652,5.2967968447896965,3.3706808100655508,44.011202801831594,442.13999633789064,447.7016632080078,454.7392242431641,-87.50008783039405,-0.3995694226448153,-1.8933198155038726,True,66.66666666666666,12.499912169605958,7.738064949838114,-3.8613980402685355,-11.365631103515625,41099.90804891949,-58.6787956115933,0
2022-12-28,434.3392028808594,435.3022609803735,429.52391238328886,434.3392028808594,32578.949,-6.741408934478443,-10.112112304765674,-10.59364132764864,40.481190020649926,440.5990966796875,445.12547912597654,452.9962951660156,-85.9155069388317,-1.474608297400038,-2.81135765308489,False,66.66666666666666,19.999968466425873,14.404721105313405,-3.893417715200277,-25.7618408203125,62819.207382252716,-125.41757077625806,0
2022-12-29,429.52398681640625,432.894690748822,426.1532828839905,427.5978702835973,23020.759,-6.741332597262101,-2.4075702315515173,-3.3706294992983317,37.7301199050015,436.3616455078125,441.8029327392578,450.60565185546875,-91.02562993405695,-2.1035190790777736,-3.493656217832186,False,50.0,12.962987647036053,15.154289427689305,-4.041026777995573,-33.2254638671875,62819.207382252716,-152.66191825235217,1
2022-12-30,431.931640625,439.63610690147715,431.931640625,438.1915194746377,21683.478,10.593649191040413,6.741416152655177,5.778357741009472,39.95591628923344,435.10968627929685,439.6360565185547,448.6226516723633,-84.61534392192651,-0.847445634657628,-2.4381289585295898,True,50.0,22.641564456451324,18.534840189971096,-3.783190119981422,-21.66876220703125,41135.72938225271,-73.7054064029731,1
2023-01-03,436.2653503417969,436.7468794260593,426.63476865654746,429.5239431621223,14885.824,-8.667576312515394,-2.88922747541784,-5.296871968452535,43.89388226681483,434.435546875,438.33592834472654,447.02390747070314,-63.15800172495627,0.22123783682060127,-0.9655680855081863,True,66.66666666666666,39.62250822738235,25.075686776956587,-3.153205118632953,-13.00128173828125,54603.85585844329,-74.39698911100669,0
2023-01-04,432.8946838378906,438.1915042185545,431.93162558686083,432.8946838378906,19188.422,3.3707406757683316,1.4446247924951763,5.296856930313368,41.5800530259917,432.9909729003906,437.56548461914065,445.7832794189453,-74.07405128385331,-0.29574284122328687,-1.3442999979732346,False,50.0,26.415094230189734,29.55972230467448,-2.8074780994500874,-7.704437255859375,41319.56370459714,-46.97957166932368,1
2023-01-05,441.5621643066406,442.5252224621622,438.1914607623151,442.0436933844014,23549.581,9.149009546510797,4.333718243607734,6.2598351754542705,49.1059756858877,434.43556518554686,437.5173309326172,445.1196594238281,-39.622779071515495,1.6441848089839184,0.7784570449689568,True,50.0,80.00004725449598,48.67921657068937,-1.8833968311570235,-0.481536865234375,54402.66426015255,47.08624631162175,0
2023-01-06,441.5621643066406,442.5252224621622,438.1914607623151,438.1914607623151,20886.011,-3.8522326220863192,0.0,0.0,49.1059756858877,436.84320068359375,436.6024230957031,444.6236083984375,-39.622779071515495,1.3632953445485376,0.7600014289720461,False,50.0,80.00004725449598,62.13839624639391,-1.1941019035118599,-9.149078369140625,66006.00370459688,74.78282204940822,1
2023-01-09,463.2309875488281,463.2309875488281,450.2297020355034,450.71123112858953,46666.263,12.519770366274429,20.705765086665906,12.038241273188305,63.207767774868096,443.1030700683594,439.10637817382815,444.7322280883789,-0.0,4.983628936721045,5.280438643958759,True,66.66666666666666,100.0,86.666698169664,0.6974747920437985,25.03955078125,112672.26670459687,239.77335365869635,1
2023-01-10,468.0462341308594,469.00929222577884,465.157059846101,468.0462341308594,32646.014,17.335003002269843,5.778304676950711,14.927357810597584,65.52357050863617,449.45924682617186,441.94739685058596,445.39281158447267,-2.2471949901793495,4.647399226241631,6.0267168064352115,True,66.66666666666666,97.75280500982066,92.58428408810555,2.1663132560352034,28.410186767578125,128995.27370459687,197.26896224739716,0
2023-01-11,466.6016845703125,469.9723881740196,464.1940391390931,469.00933000153185,21051.115,0.9630958706724755,0.9630959482407775,-0.9630207070078995,64.20108695101517,456.2006469726563,444.59580993652344,446.14873657226565,-7.692314987714063,3.15826870753207,5.135623739860504,False,50.0,92.30768501228593,96.68683000736887,2.8887656149549863,26.484130859375,125486.75453793038,124.76047756422021,1
2023-01-12,468.5278015136719,469.9723887742485,466.1201560793776,469.4908596873896,20963.689,0.48152968585776534,6.002288728268468e-07,1.926116940284487,65.22210811705324,461.5937744140625,448.01466979980466,446.5700744628906,-3.2967063823586087,2.241683104850322,4.999999829020519,True,66.66666666666666,96.66666684360321,95.57571895523661,3.3140494572812216,34.1885986328125,130727.67678793015,96.59350573270426,1
2023-01-13,481.529052734375,490.1965756835938,480.56599462890625,488.2704594726563,77606.949,18.77959978526667,20.224186909345292,14.445838549528673,71.25836178818982,469.5871520996094,453.2151763916016,447.50905456542966,-13.533849635652203,3.5732735527502335,7.085482202809698,True,66.66666666666666,86.36363037078124,91.77932740889014,4.230015555725009,52.00506591796875,68642.11758793006,128.37789677600037,1
2023-01-16,486.3443908691406,489.2335654683632,484.41827446965885,487.30744906888145,34373.918,-0.963010403774831,-0.963010215230554,3.852279840752601,73.14188087221429,474.2098327636719,458.6564514160156,449.14625396728513,-6.014969946200233,2.956171915723996,7.123919125490438,True,83.33333333333334,93.388504052509,92.13960042229782,4.873468419311035,54.412750244140625,61767.33398793038,114.01832249689548,0
2023-01-17,484.41827392578125,485.38133212444086,481.0475702304726,485.38133212444086,27770.329,-1.9261169444405937,-3.8522333439223644,-3.3707042391862387,71.10847399146338,477.48424072265624,463.47174377441405,450.9038360595703,-9.090839339029161,1.7875254025264224,5.635284037500104,False,66.66666666666666,88.88897415848562,89.54703619392531,4.8710528702357205,48.152923583984375,77195.29454348594,87.48808357658751,1
2023-01-30,522.940673828125,522.940673828125,514.2731488475483,521.9776154969499,124428.936,36.59628337250899,37.55934170368414,33.22557861707571,82.01658541933801,488.7520385742188,472.4763427734375,455.0209136962891,-0.0,7.809412543815849,12.180442379350968,True,66.66666666666666,99.99999999999999,94.09249273699821,7.034173874906962,90.04598999023438,201624.23054348596,184.09803491035447,0
2023-01-31,502.7164306640625,518.1253634047234,501.7533723677712,517.1623051084321,72530.854,-4.815310388517787,-4.81531042340157,-12.519776479777136,67.434801130117,495.5897644042969,478.5917694091797,458.05455017089844,-22.222233453588277,2.369676375217496,6.575936326385959,False,66.66666666666666,72.18543135175815,87.02480183674793,6.676111037842787,61.154266357421875,137626.41819054476,107.97628358126437,1
2023-02-01,510.4207458496094,513.3099198827204,502.7162817613134,512.3468618716834,33710.99,-4.815443236748706,-4.815443522003079,0.9629093935421906,69.6753532913651,501.36810302734375,485.4776275634766,461.04002532958987,-14.772913547638,2.4814503541939805,6.747212485009607,True,66.66666666666666,78.68826351536845,83.62456495570888,6.523708397989935,68.85858154296875,152949.59546327213,95.7026882489923,1
2023-02-02,520.0514526367188,521.9775691279658,517.162277899848,518.1253361454717,43077.053,5.7784742737883334,8.667649245245457,14.445996138534667,72.27648474598026,508.10951538085936,491.1596740722656,465.1330261230469,-3.4091422054417153,3.0862266985891726,7.293657180785389,True,66.66666666666666,95.0818949771336,81.9851966147534,6.616267744223613,56.820465087890625,161565.00606327294,104.22554774185112,1
2023-02-03,521.9775390625,521.9775390625,516.1991899215867,520.0514226821956,31635.865,1.9260865367239148,-3.0065465807638247e-05,-0.963087978261342,72.78577883031596,515.6213684082031,496.5528045654297,469.25010070800784,-1.3246071973456075,2.2641485631151603,6.222440538246002,True,66.66666666666666,98.30495249993348,90.69170366414518,6.350741719173055,53.931304931640625,193200.87106327293,83.86351227404332,0
2023-02-06,506.5685119628906,513.3099180156287,506.5685119628906,512.3468600080947,30870.136,-7.704562674100885,-8.667621046871318,-9.630677958696083,62.728644570291955,512.3469360351562,500.5494873046875,472.5726486206055,-27.869105952874413,-1.4673920925846953,2.334613100535092,False,66.66666666666666,61.36333731693188,84.91672826466633,4.753932961456652,39.966827392578125,162330.73506327294,33.3861629310427,0
2023-02-07,503.679443359375,508.4947344048757,502.71638515027485,504.64250156847515,23481.767,-7.704358439619568,-4.8151836107529675,-3.8521268126157793,61.00454978836059,512.5395385742188,504.0646514892578,476.03966064453124,-32.78695123679332,-1.4137555851320962,1.1442416737970604,False,50.0,54.022908749521804,71.23039952212908,3.1945686592925053,35.151641845703125,146676.22372993967,2.9965437957119,1
2023-02-08,520.0514526367188,520.0514526367188,514.2731031629775,518.1253361454717,35096.191,13.482834576996538,11.556718231843035,11.556718012702618,66.66809149774647,514.4656799316406,507.91689147949216,480.5660339355469,-5.08482024782314,1.2183790681519333,3.506116219482865,True,66.66666666666666,93.10334889686197,69.49653165443857,2.9623341946928274,38.52239990234375,181772.41472993966,70.61055530084197,0
2023-02-09,520.0514526367188,520.0514526367188,516.1992196542245,520.0514526367188,18861.972,1.9261164912470576,0.0,1.9261164912470576,66.66809149774647,514.4656799316406,511.28759765625,484.97202453613284,-6.818272718533095,0.9031511282374893,2.6290840228414587,False,50.0,86.36343001579209,77.82989588739197,2.522517972955141,33.707061767578125,200634.38672993967,62.02448999913545,1
2023-02-10,524.86669921875,525.8297573824541,521.0144665639335,523.9036410550459,28495.684,3.8521884183271595,5.7783047457353405,4.815246909709003,68.28056744541196,515.0435119628906,515.3324401855468,489.40209197998047,-2.150538472888049,1.6791030198389574,2.846356070341623,True,50.0,95.99998852353968,91.8222558120646,2.27719787933356,40.44842529296875,217731.79712993995,97.51710405739766,0
2023-02-13,521.0145263671875,523.9037011899261,518.1253515444489,523.9037011899261,22768.977,6.013488018652424e-05,-1.9260561925279944,-2.8891150194846205,65.51460067719907,517.93271484375,515.1398254394531,493.80808410644534,-10.752558821936708,0.964238829341197,1.5168176174443868,False,33.33333333333333,79.16699723488428,87.17680525807202,1.6083196213023498,-1.9261474609375,217731.79712993995,63.7257338726742,1
2023-02-14,524.86669921875,525.8297573824541,522.9405828913417,523.9036410550459,21883.297,-6.013488018652424e-05,1.9260561925279944,4.815231346892801,66.97406511601874,522.170166015625,517.3548522949219,497.97331085205076,-4.000011476460327,1.1131669571711977,1.600120550034632,True,50.0,95.83332906150628,90.3334382733101,1.1970346733298634,22.1502685546875,225026.22946327386,91.25560543237692,0
2023-02-15,505.6055603027344,512.3469677734375,502.71638567243303,506.56861851283486,61796.793,-17.33502254221105,-13.48278960901655,-20.22419721890867,54.41301832110045,519.2809875488281,516.8733337402343,501.1754806518555,-84.00013983571894,-2.6576026804062423,-1.8538691489124273,False,50.0,12.500015676799938,62.50011399106351,-0.5090013859725957,-4.815185546875,200307.5122632737,-111.11070429088802,1
2023-02-16,508.49468994140625,511.3838643160733,504.6424574418501,508.49468994140625,29975.138,1.9260714285713902,-0.963103457364241,1.9260717694170921,55.77041161170293,516.9696350097656,515.7176574707031,503.43866577148435,-74.99983007831304,-1.7369800800069901,-1.3852191201901292,True,50.0,24.999834438207362,44.444393058837875,-1.5223906198267088,-11.5567626953125,204589.67483470248,-73.68092010540376,0
2023-02-17,498.8641052246094,504.64245393377473,496.9379889882209,504.64245393377473,28121.975,-3.852236007631518,-6.741410382298568,-7.704468453629204,50.32169401127031,511.7691162109375,513.4063140869141,504.97955932617185,-93.33333906700946,-2.935671058058446,-3.0718918338763523,False,50.0,6.666660932990545,14.722170349332629,-2.844027789763743,-23.113433837890625,190528.6873347025,-115.35262315960959,0
2023-02-20,497.9010925292969,499.82720894140243,492.1227432929801,495.0119179111385,20065.156,-9.63053602263625,-4.8152449923723,-4.815245695240833,49.79104228095004,507.14642944335935,512.5395721435547,506.5445297241211,-82.8571310974672,-2.268428686205226,-2.9107955312639007,False,33.33333333333333,17.142868902532793,16.26978809124358,-3.729960077929583,-8.66741943359375,200561.26533470265,-116.84568582635335,0
2023-02-21,496.9380798339844,497.90113812823625,494.0489049512286,495.97502153973244,13504.1,0.9631036285939558,-1.9260708131661772,1.9261616582485317,49.22476834336245,501.5607055664062,511.8654357910156,507.96504364013674,-85.71414089595075,-1.6830629189944009,-2.7026920443319478,False,33.33333333333333,14.285859104049251,12.698462979857544,-4.287857619217295,-6.741363525390625,207313.31533470284,-102.83185272169165,0
2023-02-22,488.2705078125,490.1966242141272,486.3443914108728,487.3074496116864,24575.245,-8.667571928046016,-7.704513914109043,-7.704513540355833,44.28009191190541,498.09369506835935,508.6873413085938,508.30211639404297,-95.12194871635865,-2.2179354708514722,-4.113475568340174,False,16.666666666666664,4.878051283641364,12.102259763407817,-5.092817507336774,-31.78094482421875,207313.31533470284,-123.77011008572993,1
2023-02-23,498.8641052246094,501.75327957919205,491.15964027905557,493.085756515444,25376.835,5.778306903757596,11.556655365064842,4.815248868182778,50.86139091385105,496.167578125,506.5686065673828,508.92810211181643,-68.2927750429175,0.1288598935525683,-1.9558440165583688,True,33.33333333333333,31.7072249570825,16.957045114924384,-4.769623563670688,-21.187347412109375,218848.24033470283,-56.96992163349406,0
2023-02-24,492.1227111816406,505.60552518661706,492.1227111816406,504.64246704340445,41692.491,11.556710527960433,3.8522456074250044,0.9630709025850592,47.00697689712291,494.8192993164063,503.29420776367186,509.3133239746094,-85.36592069343702,-0.6802759076089622,-2.8363221397558105,False,16.666666666666664,14.634079306562972,17.073118515762292,-4.8516747348576335,-32.743988037109375,177155.74933470282,-50.16195078312845,1
2023-03-01,502.7164306640625,502.7164306640625,485.38138133081895,485.38138133081895,39560.848,-19.261085712585498,-2.889094522554558,-6.741329850821671,53.099968510303995,495.78236694335936,501.4643981933594,508.30211181640624,-57.14278043915988,1.326440649893653,-0.4608188002605716,True,33.33333333333333,64.28582360013442,36.87570928792665,-4.066080039837205,-18.298095703125,216716.59733470282,-39.1454243158749,0
2023-03-02,499.8271789550781,500.7902371033538,495.9749463619754,499.8271789550781,16558.784,14.445797624259171,-1.9261935607087253,10.593565031156459,51.34356859911199,496.3601867675781,498.9604461669922,508.157649230957,-64.28584028733782,0.6789470297924416,-0.6223118029130679,False,33.33333333333333,55.55545457889997,44.82511916186579,-3.6290282008804997,-25.039520263671875,226651.86773470297,4.356984763915599,0
2023-03-03,496.9380798339844,505.6056044822515,496.9380798339844,504.64254618799964,23253.895,4.815367232921517,4.815367378897747,0.9631334720089626,49.55549025186944,498.093701171875,498.0936981201172,507.48351593017577,-71.42852289443586,0.09700297067884225,-0.8010148833097145,False,33.33333333333333,57.14285496472487,58.994711047919765,-3.425066224149943,-8.66748046875,203397.97273470298,41.66791924144721,1
2023-03-06,501.7533264160156,504.6425010402921,497.90109358364697,500.7902682079234,21922.085,-3.8522779800762237,-0.9631034419594471,0.9630137496625935,52.5594548796055,498.6715454101562,497.4195617675781,506.5686096191406,-39.285781453203896,0.6115230503076863,0.5468007893143686,True,50.0,80.95215802658396,64.55015585673628,-2.8784127184514654,-6.741363525390625,206529.69916327458,123.00548317843621,1
2023-03-07,504.642578125,506.5686948354007,499.8272863489981,501.7534030593988,24861.078,0.9631348514753881,1.9261937951086452,1.926192765351118,54.33928686404218,501.17551879882814,497.9974090576172,505.7018615722656,-25.925547936695857,0.9958359084445876,1.1420452656080464,True,50.0,90.90910364834977,76.33470554655288,-2.261975289999209,5.778472900390625,217184.44687756052,150.79473090723135,0
2023-03-08,501.7533264160156,503.6794428321999,498.8641517917391,501.7533264160156,24512.408,-7.664338318136288e-05,-2.889252003200795,-0.963134557258968,52.20274580082816,500.98289794921874,498.38263244628905,505.4611022949219,-22.727602620991895,0.09605693525532437,0.6763276613213344,False,50.0,77.27239737900811,83.04455301798062,-1.9977284085787659,3.85223388671875,222086.92847756075,75.268387973994,1
2023-03-09,502.7164306640625,506.56866384922773,502.7164306640625,505.6056055529364,21557.577,3.8522791369207994,2.8892210170278076,3.8522788723233816,52.87651505735013,501.5607482910156,498.96046752929686,505.41295166015624,-18.181937839854807,0.28818906985557674,0.8046415262357012,True,50.0,81.81806216014519,83.3331877291677,-1.7176784126306188,5.778350830078125,200529.35147756076,106.06084412512706,0
2023-03-10,494.048828125,496.9380025584795,492.12271183601365,495.97494441398635,24045.605,-9.630661138950074,-9.630661290748208,-10.59371882804885,46.44827505563838,500.98289794921874,499.5382995605469,504.1128204345703,-59.091336462705826,-1.2512140406459817,-0.8695736036814475,False,50.0,40.90866353729418,66.66637435881584,-2.053098285715259,5.7783203125,195720.23047756075,-128.45499109658198,1
2023-03-13,496.9380798339844,498.8641964224882,490.19667177422104,494.0489049512286,21466.947,-1.9260394627577284,1.9261938640086669,-1.9260400617926052,48.71547862695077,500.0198486328125,499.3456970214844,502.95715179443357,-45.45463019336416,-0.673720314618948,-0.2898480025401623,True,66.66666666666666,54.54536980663584,59.09069850135842,-2.0144886195909013,-1.926025390625,207646.31214422738,-92.42300273281876,0
2023-03-14,491.15966796875,495.01190065870094,491.15966796875,492.1227261412377,20474.77,-1.9261788099909154,-3.8522957637872537,0.9629961945289551,44.5961529879177,497.3232666015625,499.2493927001953,501.2718002319336,-72.7276106209431,-1.481011996502015,-1.4968666504337516,False,50.0,5.88196211873383,33.778665154221294,-2.2920270799552287,-0.963043212890625,187171.5421442274,-131.09402550249374,1
2023-03-15,492.1227111816406,496.93800189770366,491.159653038428,495.97494375449105,23208.597,3.8522176132533446,1.926101239002719,-1.4930321981410088e-05,45.435031180469124,495.3971435546875,498.1900207519531,499.82720947265625,-68.1822339138756,-0.8729457906133944,-1.1924029310917768,True,50.0,11.764211424710764,24.063847783360156,-2.3177241293304602,-10.593719482421875,171699.14414422738,-92.07497754086059,0
2023-03-16,488.9756774902344,493.81702083172183,488.0074088219369,488.9756774902344,21965.994,-6.999266264256676,-3.120981065981823,-3.1522442164911126,43.10820927257767,492.64899291992185,497.10487060546876,498.0326583862305,-83.03562101614179,-1.082526912640797,-1.7725378665897715,False,50.0,5.216603351702653,7.620925631715758,-2.4412377235110645,-10.85150146484375,157055.14814422725,-110.02157820145952,1
2023-03-17,501.5631103515625,501.5631103515625,496.7217675875513,499.626573245958,33118.483,10.650895755723639,7.746089519840666,8.714358765614406,53.49920228173805,494.1518493652344,497.56737365722654,497.8305358886719,-26.967875395095554,1.503321160474689,0.7755345662533539,True,50.0,73.03212460490445,30.004313127105963,-1.6098850748546392,4.625030517578125,190173.63114422726,34.59029900595685,0
2023-03-20,495.7535705566406,501.56318271160126,493.81703317165375,500.5949140191078,11837.312,0.968340773149805,7.236003875732422e-05,-2.9047344158975648,48.99372281954221,493.9149475097656,496.96739807128904,497.19347991943357,-58.26710644356818,0.26996701009020685,-0.3237492852801949,False,50.0,41.73296322535544,39.993897060654184,-1.3940042061162965,-5.999755859375,184254.97514422727,-2.431886589326069,1
2023-03-21,500.59490966796875,500.59490966796875,495.7535662475822,498.6583722998142,18284.799,-1.9365417192936434,-0.9682730436325073,1.9365330759284802,52.62108680033851,495.8019958496094,496.56263122558596,497.28002014160154,-32.18411247528194,1.1245085216702346,0.5880202374328243,True,50.0,67.81600073661127,60.86036285562373,-0.8923145302607425,-4.04766845703125,202539.77414422727,42.305412410360596,1
2023-03-22,516.0872192382812,516.0872192382812,507.3728009021752,507.3728009021752,42385.987,8.71442860236101,15.4923095703125,11.619234654592958,62.04403442596925,500.5948974609375,497.9960205078125,498.18932647705077,-0.0,3.3864048550617505,3.452693382341801,True,66.66666666666666,100.0,69.8496546539889,0.4439689844423058,14.333892822265625,244925.76114422726,207.765917601354,1
2023-03-23,520.928466796875,521.8967353225197,511.2457815404275,511.2457815404275,26728.246,3.8729806382523293,5.809516084238453,3.8729806382523293,64.45405854730505,506.98545532226564,499.8172241210938,499.3888458251953,-2.8571489186368213,3.3621398643692326,4.139837147413319,True,66.66666666666666,97.14285108136318,88.31961727265815,1.5525717687347638,18.2120361328125,266794.3260533184,187.67620106810622,1
2023-03-24,521.8967895507812,521.8967895507812,518.0237150457662,518.99198367202,21926.24,7.74620213159244,5.422826154699578e-05,6.777933505338638,64.93980217789837,511.05219116210935,502.6020202636719,501.0701599121094,-0.0,2.439023951947137,3.984468892683817,True,83.33333333333334,100.0,99.04761702712106,2.209654253992129,27.84796142578125,288720.5660533184,135.25750980496537,0
2023-03-27,514.150634765625,518.9919778425141,514.150634765625,516.0871719963807,16111.177,-2.90481167563928,-2.904811708267175,-3.873080280141153,58.02063013803412,514.7316040039062,504.3232757568359,501.83448638916013,-22.857174190153458,0.504729247297522,2.246984020730159,False,66.66666666666666,77.14282580984654,91.42855896373658,1.9881133666152335,17.212554931640625,272609.38905331836,76.05122586380755,0
2023-03-28,508.3410339355469,513.1823771158854,507.37276529947917,508.3410339355469,17234.12,-7.7461380608338,-5.809600726628673,-6.77786946614583,53.36825373910714,516.2808288574219,506.0414123535156,502.6454025268555,-40.00000980748708,-1.0367573053207961,0.8527806010119081,False,66.66666666666666,59.99999019251292,79.04760533411982,1.3465369471831954,17.181365966796875,261119.97571998503,26.967215437011344,1
2023-03-29,513.1823120117188,516.0871175514077,508.34096944557047,516.0871175514077,17280.749,7.746083615860812,2.9047404355222852,0.9682041460912956,56.53650315227977,515.6998474121094,508.1473724365234,503.16869659423827,-25.714478552407797,-0.5006350427528599,1.5405671560450585,True,66.66666666666666,68.96526657353685,68.70269419196545,1.1519680690835106,21.059600830078125,265440.1629699851,37.28031821637467,1
2023-03-30,518.0236206054688,519.9601575049285,514.1505468065494,518.9918890551986,19201.564,2.9047715037909256,3.873039953520788,5.809577360978949,59.53567456121968,515.1188781738281,511.0521667480469,504.0785186767578,-11.428857246765565,0.37522300014780197,2.0464735154874756,True,66.66666666666666,86.20654362873483,71.72393346492821,1.2451508593276124,29.047943115234375,271840.6843033182,66.12260106842572,0
2023-03-31,516.0872192382812,520.9285627583401,515.1189505342694,520.9285627583401,23558.838,1.9366737031415369,0.9684052534116745,0.9684037277199877,57.79550385976376,513.9569641113281,512.5045776367188,505.03597564697264,-17.142745566770678,0.15660426696064686,1.2666338898121365,False,50.0,77.77791114307962,77.6499071151171,1.0784304583541964,14.52410888671875,256134.79230331868,58.20174720378283,0
2023-04-06,513.1823120117188,514.1505805249484,509.3092379588001,513.1823120117188,25423.363,-7.746250746621399,-6.777982233391754,-5.809712575469291,55.157099006133464,513.7632995605469,514.2474517822266,505.6074249267578,-31.034733426463145,-0.12563418069333632,0.2996281927952265,False,33.33333333333333,39.99956631660646,67.99467369614031,0.6932817887009532,17.428741455078125,271388.8101033188,-21.21284728589071,1
2023-04-07,514.150634765625,518.0237092271362,512.2140975348693,518.0237092271362,8557.482,4.841397215417487,3.8731287021878416,2.9048595760692137,55.88936211019746,514.9252197265625,515.6030242919921,506.08282775878905,-27.586260651870155,0.06281857516194117,0.2832870801240386,True,50.0,46.66660802041964,54.81469516003525,0.43701700093827966,13.55572509765625,268536.31610331894,-8.835019914323665,0
2023-04-10,512.214111328125,516.0871858939331,511.245842686673,516.0871858939331,7435.151,-1.9365233332031266,-1.9365233332031266,-0.9682548481963522,53.96675331580513,514.7315795898437,515.2157135009766,506.60586700439455,-37.03704822607481,-0.4391397374067125,-0.36100677981320173,False,50.0,33.33336508448616,39.99984647383743,0.08859140925119036,-3.87310791015625,264075.22550331894,-48.99522499656424,0
2023-04-11,507.37286376953125,510.2776702414942,505.4363261215559,505.4363261215559,22675.697,-10.650859772377203,-5.809515652438904,-5.809516565117065,49.33797690227262,512.6014282226563,513.8601531982422,506.838688659668,-88.23521794327465,-1.1941970706270144,-1.4110792444998108,False,33.33333333333333,12.500052080132141,30.83334172834599,-0.4849083688070124,-13.55560302734375,259540.08610331916,-139.64700344509737,0
2023-04-12,503.499755859375,507.37283090444714,500.5949495755709,506.4045621431791,23816.473,0.96823602162317,-2.904839337047065,-4.841376545984986,45.901910552230895,510.083935546875,512.0204498291016,507.31123504638674,-86.36358977823278,-1.4840456371167312,-1.9638503973646364,False,16.666666666666664,14.285735927472155,20.039717697363496,-1.1065268655697427,-18.39703369140625,256137.73281760476,-175.19668984348513,0
2023-04-13,493.8170166015625,500.59489722158395,493.8170166015625,498.65835990157785,25536.889,-7.746202241601225,-6.777933682863193,-6.777932974008422,38.57510704323422,506.21087646484375,509.9870880126953,507.1551818847656,-100.0,-2.6717565975698463,-3.424330227350881,False,16.666666666666664,0.0,8.928596002534775,-2.093954075921211,-20.3336181640625,230600.84381760476,-194.59114646298207,1
2023-04-14,499.6266784667969,503.4997534936713,496.7218721966411,499.6266784667969,18072.504,0.9683185652190218,2.904856272087329,2.9048555950785726,44.38559078811833,503.30608520507815,509.1156524658203,507.57853240966796,-78.5712632114786,-1.0862571590308454,-1.9322023122973127,True,33.33333333333333,21.428736788521412,11.904824238664531,-2.265439143543478,-8.71435546875,228019.0575318905,-104.51989949042019,1
2023-04-17,503.499755859375,503.499755859375,497.69014329176684,502.531487098107,14634.287,2.904808631310118,2.365703721807222e-06,0.9682710951257718,47.96535450760925,501.56321411132814,508.14739685058595,508.1473846435547,-64.28555124882872,0.032064357412482446,-0.9995128786336573,True,33.33333333333333,35.714448751171275,19.047728513230904,-2.03494285568992,-9.68255615234375,242653.3445318905,-69.28102031644654,0
2023-04-18,498.6583557128906,503.4996989722391,497.69008706102096,501.56316166849973,15168.888,-0.9683254296072619,-5.688713588369865e-05,-5.623074588356758e-05,44.09492627006909,499.8203125,506.21087036132815,508.6315185546875,-82.14288818744544,-0.48310046695489145,-1.7956461172250981,False,33.33333333333333,20.000002421699595,25.71439598713077,-2.1160749897231765,-19.365264892578125,232540.75253189035,-70.03403669043311,0
2023-04-19,493.8170166015625,501.56316588158705,492.84874794155945,500.59489722158395,21123.233,-0.9682644469157822,-1.9365330906520626,-4.841339119461509,40.52743012666967,497.8837646484375,503.9838500976563,508.2442138671875,-96.55172704549176,-1.0029166747729596,-2.439024978459153,False,33.33333333333333,3.846157493627557,19.853536222166152,-2.3834498427582185,-22.27020263671875,216111.57130966804,-94.72200070481534,1
2023-04-20,496.7218017578125,499.6266076160453,493.8169958995797,495.75353313840156,17221.961,-4.841364083182384,-1.9365582655417484,0.9682479580202425,43.51844524449173,498.4647216796875,502.3377990722656,508.2926254272461,-86.20698234114249,-0.19455930522780096,-1.519763054844581,True,50.0,16.666584149032445,13.504248021453208,-2.253769873618268,-16.46051025390625,216111.57130966804,-75.72247638448293,0
2023-04-21,494.7852783203125,503.4996961380871,493.8170096738931,503.4996961380871,25016.683,7.7461629996855095,3.873088522041769,1.3774313401881955e-05,41.982869226376124,497.49644165039064,500.40126342773436,508.0021438598633,-92.30771258479542,-0.6158870498050008,-1.5572352794036677,False,50.0,11.111016191519182,10.541252611393071,-2.1858458792781907,-19.3653564453125,196098.22490966806,-60.606192478950746,0
2023-04-24,490.9122009277344,493.8170068503837,488.0073950050851,488.97566364596815,16886.512,-14.52403249211892,-9.682689287703397,-5.809614668808024,38.98176276183484,494.9789306640625,498.2710723876953,506.74339294433594,-90.32257624583595,-1.1053339178926382,-1.9658441540336784,False,33.33333333333333,14.999951138435215,14.259183826328957,-2.2787943859130797,-21.301910400390625,196098.22490966806,-150.75014766438122,0
2023-04-25,482.19781494140625,488.9756958743176,482.19781494140625,488.00742716961594,36898.412,-0.9682364763522173,-4.841310976066097,-5.809580063678823,33.16298148737796,491.68682250976565,495.7535675048828,504.8068603515625,-100.0,-2.1610950384262773,-3.1913159895578658,False,16.666666666666664,0.0,8.703655776651475,-2.77146931614805,-25.175048828125,159199.81290966808,-211.96806905224202,0
2023-04-26,475.904052734375,482.6819334447323,475.41991839792087,482.1977991082782,31269.245,-5.809628061337719,-6.293762429585286,-6.777896543485383,29.67320858005621,488.10422973632814,492.99399719238284,502.50722351074216,-98.61111428348357,-2.6893236032097545,-3.870917575606085,False,16.666666666666664,1.7241351098228965,5.574695416086047,-3.3280628970000126,-27.595703125,132099.80057633508,-185.4329042949174,1
2023-04-27,477.840576171875,479.2929791389627,473.48336727061167,475.41990456006204,29537.148,-6.777894548216182,-3.3889543057695732,-1.936551127309201,32.07253850894148,484.32798461914064,491.39635314941404,500.6917205810547,-87.14288031129219,-1.7584615157616001,-2.9975467374474363,True,33.33333333333333,14.516099724583322,5.4134116114687485,-3.362718963586863,-15.9764404296875,146868.3745763355,-132.578995552256,1
2023-04-28,486.0708923339844,486.0708923339844,482.1978174946697,482.68195184958404,24824.1,7.262047289522002,6.777913195021654,8.714450224058055,41.34982193405341,482.585107421875,490.0407745361328,499.5782135009766,-58.064491915310356,0.29970444543437025,-1.0349893111222965,True,33.33333333333333,41.93558756112169,19.391940798509314,-2.659098514602094,-13.5557861328125,171692.47457633552,-50.90641955808091,0
2023-05-02,485.1026306152344,486.0708993390173,480.74542135821133,484.1343618914515,15325.791,1.452410041867438,7.005032898632635e-06,-1.4523961364583897,40.637514654040245,481.423193359375,488.20106201171876,498.17422943115236,-61.29026878012769,0.43435105659031414,-1.0858793341490252,False,33.33333333333333,38.70980823778525,31.720498507830097,-2.110596722469576,-18.397125244140625,181445.2506672446,-45.13255929617778,0
2023-05-03,480.26129150390625,482.19782896964784,479.29302277103545,480.26129150390625,11369.311,-3.8730703875452264,-3.8730703693694295,-1.4523985871758782,37.147078446617996,481.035888671875,486.3613555908203,496.2861129760742,-77.41925477393404,-0.201203679243582,-1.7497470964068218,False,33.33333333333333,22.580790153318496,34.40872865074182,-1.930433943723047,-18.397064208984375,177655.48033391128,-64.20218027350958,1
2023-05-04,482.19781494140625,483.6502179984587,480.261277532003,481.2295462367046,13140.291,0.968254732798357,1.4523890288108419,0.968254760967568,39.417696884874225,482.2946411132813,485.1994354248047,494.59164276123045,-70.96764602210837,0.20120790696659174,-0.9940328204898522,True,50.0,29.032356719136427,30.1076517034134,-1.55363615023332,-11.61920166015625,179532.66476248266,-41.64285118959152,1
2023-05-05,484.13433837890625,486.0708757324219,482.6819353637695,484.13433837890625,7488.897,2.904792142201643,2.4206577339631963,2.420657831766505,41.71472393400011,483.5533935546875,483.94068908691406,493.13924407958984,-64.51607671504563,0.3176703399381227,-0.3487793831330751,True,66.66666666666666,52.381036196246015,34.66472768956699,-1.069802650864804,-12.58746337890625,178462.82233391123,-0.5325550954374119,1
2023-05-08,488.0074157714844,492.84875918191574,486.0708784073118,492.84875918191574,11243.634,8.714420803009489,6.7778834494938565,3.3889430435422696,46.16803035346098,483.9406982421875,483.2629028320313,491.8320831298828,-51.61284191348785,0.7664088172191738,0.5486286766770188,True,66.66666666666666,75.00002358534583,52.13780550024277,-0.4182199503013653,-6.777862548828125,173644.12204819702,111.11103224417353,1
2023-05-09,493.8170166015625,493.8170166015625,488.9756733015472,490.91221062155336,16197.743,-1.9365485603623824,0.9682574196467613,2.9047948942354083,52.15049143390061,485.68357543945314,483.5533843994141,490.9122283935547,-32.25804054611212,1.6949114195167037,1.7964047496109372,True,66.66666666666666,100.0,75.79368659386397,0.42888526744945743,2.904815673828125,189841.865048197,168.56745014900216,0
2023-05-10,487.0391540527344,491.8804975323838,484.1343479649447,491.8804975323838,18859.212,0.968286910830443,-1.9365190691787006,-4.841325336602495,45.688302402320765,487.0391479492188,484.0375183105469,489.89554290771486,-33.333232212828676,0.23248132261103321,0.532978903320649,False,66.66666666666666,66.66676778717132,80.5555971241724,0.5498535332718788,4.841339111328125,185127.06204819705,68.3157060342745,0
2023-05-11,483.1660461425781,489.94392654938787,482.681911827806,489.94392654938787,13382.927,-1.9365709829959314,-1.9365709829959314,-1.4524361371387045,42.41213007299963,487.2327941894531,484.7637176513672,488.878857421875,-52.38100788318414,-0.6635746509169056,-0.13342815478881637,False,66.66666666666666,26.666379900287577,64.4443825624863,0.39347329642829987,7.261993408203125,173528.5253148637,12.780072557896439,0
2023-05-12,480.26129150390625,484.1343664353894,479.29302277103545,480.26129150390625,18465.362,-9.682635045481618,-5.8095601139984865,-3.3888890567705516,40.06179113160243,486.45818481445315,485.0057891845703,488.20107116699216,-66.66646442565735,-1.1952136705343732,-0.7006961825401572,False,50.0,6.6666837246629465,33.33327713737396,0.1323553399709141,2.42071533203125,162449.3081148638,-94.11757052886048,0
2023-05-15,479.777099609375,483.6501740764537,478.80883099260535,481.22950253452956,13315.766,0.9682110306233085,-0.4841923589356725,-0.48419177843010175,39.66211072716282,484.81212158203124,484.37640991210935,487.2085922241211,-69.04769903165715,-1.1471375583856394,-0.8669625520253842,False,33.33333333333333,6.4516034249454455,13.261555683298667,-0.026548960416572953,-6.293792724609375,154459.84851486367,-85.96586338738126,1
2023-05-16,488.9756774902344,491.88048349512684,484.1343341487469,487.0391401536394,21140.315,5.809637619109822,8.23030941867313,5.325503156141565,50.00024376050426,483.84385375976564,484.7637145996094,486.4823883056641,-32.257990655704106,0.7146419577864743,0.8403342834037023,True,33.33333333333333,67.7420093442959,26.953432164634773,0.5049345614169773,3.873046875,159744.9272648637,63.46154333447461,1
2023-05-17,502.5314025878906,504.4679397847611,489.9439108082325,491.88044800510295,41406.763,4.841307851463569,12.587456289634247,5.809576659485572,60.79833787042219,486.9423034667969,486.9907257080078,486.67604064941406,-7.547172478034316,3.1980053964111024,3.343557580510651,True,33.33333333333333,92.45282752196567,55.548813430402355,1.718190659016912,22.270111083984375,190109.88679819714,187.8783669141729,1
2023-05-18,513.1823120117188,518.9919230910967,509.3092379588001,516.0871175514077,43096.277,24.206669546304738,14.523983306335651,19.365327150567623,66.92152104684087,492.945556640625,490.08917541503905,487.64430541992186,-14.457849747197779,4.4506366348251305,5.028470759380194,True,50.0,85.54215025280222,81.91232903968793,3.1058730553399188,30.9844970703125,181490.63139819703,228.39784849162234,1
2023-05-19,515.1189575195312,518.0237636709572,512.2141513681054,518.0237636709572,32099.068,1.9366461195495503,-0.9681594201395001,2.9049134093052658,67.9155951507949,499.91708984375,493.18763732910156,488.5641632080078,-9.638296530472557,3.7205606207668342,4.801779427519896,True,66.66666666666666,90.36170346952744,89.45222708143179,3.966934994294552,30.984619140625,181490.6313981964,151.27220076384202,0
2023-05-22,514.150634765625,516.0871719963807,512.2140975348693,515.1189033810028,17208.135,-2.9048602899543994,-1.9365916745765617,-5.38332360520144e-05,66.82027754206456,506.791796875,495.8019592285156,489.5324310302734,-12.048073138835168,2.361445150674443,4.041142504427776,False,66.66666666666666,87.95192686116482,87.95192686116484,4.258353408019278,26.143218994140625,181490.6313981964,103.82517252548153,0
2023-05-23,513.1823120117188,514.1505805249484,508.34096944557047,513.1823120117188,19588.873,-1.9365913692840877,-1.9365914714322798,-3.8731280892988593,65.66498238767882,511.63312377929685,497.7384887695313,490.6459365844727,-14.457849747197779,1.0486082716768927,3.339007129724101,False,66.66666666666666,85.54215025280222,87.95192686116484,4.167748012372025,19.36529541015625,194549.88006486313,72.26317152903577,0
2023-05-24,508.3410339355469,511.24583984375,507.37276529947917,510.2775712076823,19086.681,-2.9047408040364644,-2.9047406811984047,-0.9682041460912956,60.00636358775909,512.7950500488281,499.8686767578125,491.9530975341797,-26.50589737953425,-0.536781787300157,2.0160314967112742,False,50.0,73.49410262046574,82.32939324481093,3.5857850770935626,21.3018798828125,185006.53956486314,47.04912527615079,1
2023-05-25,525.77001953125,527.7065573564112,519.9604060557666,524.8017506186694,63827.245,14.52417941098713,16.460717512661176,12.587640756287442,70.11913889779991,515.3125915527344,504.1290740966797,494.44639587402344,-3.9603841920032425,2.099682716459849,4.952915150023907,True,50.0,96.03961580799675,85.02528956042158,4.139419684489099,42.603973388671875,216920.16206486267,104.87238441741884,1
2023-05-26,548.0400390625,549.9765763030035,545.1352332017447,549.9765763030035,95808.471,25.17482568433411,22.27001894659236,25.174827145978043,77.90637695974256,521.8968078613282,510.9069488525391,497.9563690185547,-2.721088369537797,5.237056922592832,8.299446784492408,True,50.0,97.05882245630919,88.86418029492388,5.675311291944082,67.77874755859375,236081.85626486357,192.29475564776067,1
2023-05-29,549.9766235351562,555.786235755598,546.1035487215285,555.786235755598,54657.853,5.809659452594474,5.809659452594474,0.9683155197838005,78.43941151214875,529.0620056152344,517.9269012451172,501.15165557861326,-7.547165610907626,4.443767254973766,7.499413998883791,True,50.0,91.17647770626878,94.75830532352491,6.435781076293152,70.19952392578125,225150.2856648633,156.83564619275867,0
2023-05-30,548.0400390625,549.9765763030035,545.1352332017447,548.0400390625,40136.13,-7.746196693098,-5.809659452594474,-0.9683155197838005,76.42787117537733,536.0335510253906,523.8333374023438,504.29852600097655,-10.062948623622644,2.971492797260153,5.9511711072371485,False,50.0,83.99991444505301,90.745071535877,6.408521361065684,59.064361572265625,233177.51166486368,105.2995955797218,0
2023-05-31,540.2938842773438,544.1669587166078,533.5160040086315,542.2304214969759,81176.782,-5.8096175655241495,-5.809617586395689,-11.619229193113142,68.73623958402793,542.42412109375,527.609585571289,507.30015563964844,-21.6216892096733,0.6614476011490666,3.44507585673753,False,50.0,67.99991545267083,81.05876920133089,5.503597534056214,37.762481689453125,255316.63402850053,52.48219187668216,0
2023-06-01,533.5160522460938,536.4208583381777,532.5477835487325,532.5477835487325,24477.529,-9.682637948243382,-7.746100378430128,-0.9682204598990438,62.711894710391086,543.9733276367188,529.6429595947266,509.86606750488284,-33.823507185244566,-1.3723145544468,1.4266044349118037,False,50.0,54.00002664611789,68.66661884794725,4.145260731221153,20.333740234375,243077.86952850016,21.826375803849885,1
2023-06-02,544.1671142578125,546.103652030972,539.3257698249138,541.2623075980733,30206.141,8.714524049340866,9.682793692794235,6.777986276181309,67.58261029700019,543.1987426757812,532.5477752685547,512.8677062988281,-23.999769874619666,0.029685143566430417,2.7735674826076853,True,50.0,76.00023012538033,66.00005740805636,3.6767631319986513,29.04815673828125,256023.35852850045,52.71371030252641,0
2023-06-05,537.3890991210938,542.230442356419,537.3890991210938,542.230442356419,16827.391,0.9681347583456272,-3.8732096745529816,-1.9366707038200275,61.9636302450718,540.6812377929688,534.8716217041016,515.3367904663086,-38.00003689299471,-0.8928619669910886,1.1082398462473335,False,33.33333333333333,61.99996310700529,64.0000732928345,2.669895851835733,23.23846435546875,239195.96752850045,24.12030697498784,1
2023-06-06,542.2304077148438,544.1669448852539,535.4525276184082,536.4207962036132,20228.086,-5.809646152805726,1.9365025288349216,-1.9365715026855241,64.27787159151646,539.5193115234375,537.7764312744141,517.7574600219726,-28.00011631688546,0.23865424790006665,1.5872925724196814,True,33.33333333333333,62.16185876410268,66.72068399882944,2.1138033951175537,29.048095703125,250433.79308405606,22.41257920834477,1
2023-06-07,549.9766235351562,549.9766235351562,542.2304739079005,543.1987426113075,27604.813,6.77794640769423,5.8096786499023665,6.77794628949232,67.70735419770847,541.455859375,541.939990234375,520.9043334960937,-11.999991253895931,1.6100194558214869,2.465426585745959,True,50.0,75.00000357715146,66.38727514941982,2.049965757545678,41.635589599609375,278038.6060840561,67.3952439191994,0
2023-06-08,541.2622680664062,549.976687409157,537.3891928029615,544.1670745139899,23080.195,0.9683319026823938,6.387400071616867e-05,-4.841281104939071,60.57079620723232,543.0051025390625,543.4892150878907,523.8091445922852,-29.999848290892583,-0.02979664946925134,0.40414282734639195,False,50.0,37.5002794510522,58.22071393076879,1.2428628871034455,15.49224853515625,269161.608007133,-6.327970221767307,1
2023-06-09,547.07177734375,548.0400459762168,543.1987028138827,543.1987028138827,19091.713,-0.9683717001071273,-1.9366414329401778,5.809510010921258,63.37808291963405,543.58603515625,543.3923889160156,527.1496688842774,-24.32451246729678,0.6233221211864526,0.8778382894833979,True,66.66666666666666,83.33280114073557,65.27769472297975,0.9362518160556554,-0.96826171875,280616.63580713316,51.23897445323371,1
2023-06-12,555.7861938476562,555.7861938476562,552.8813879564664,555.7861938476562,26392.389,12.587491033773517,7.746147871439462,9.682685142583637,67.19959623367221,547.2654541015625,543.9733459472657,530.9501235961914,-0.00018033878236245108,1.8633499842243895,2.014212865937165,True,66.66666666666666,100.0,73.61102686392927,1.1426628532591803,5.8095703125,307009.0248071332,171.56881320457697,1
2023-06-13,574.183349609375,575.1516183270974,570.3102747384855,574.183349609375,56174.363,18.39715576171875,19.365424479441117,17.428886782019163,73.55494878942417,553.6560424804687,546.5876770019531,535.2105072021484,-2.2727266753322253,4.065520186559565,4.971237970955386,True,83.33333333333334,97.72727332466778,93.68669148846779,2.2751312403862674,26.143310546875,340713.6426071332,242.92361667994132,0
2023-06-14,571.278564453125,572.2468332064353,568.3737581931938,571.278564453125,23583.314,-2.90478515625,-2.9047851206620408,-1.9365165452917381,71.17938561170332,557.9164306640625,549.6861450195313,538.6478652954102,-9.090857417227575,2.6384506382680866,4.102344495169009,False,66.66666666666666,90.2439733383499,95.99041555433924,2.5640429810893757,30.98468017578125,352505.2996071339,139.9074967478172,1
2023-06-15,574.9263916015625,576.871996987693,571.0351808293015,573.9535889084973,27392.154,2.675024455372295,4.625163781257697,2.661422636107659,72.40052247984583,564.6492553710938,553.8271789550781,541.7350692749023,-4.389486547369514,2.527852242071647,4.341068139140374,True,66.66666666666666,95.30267911260758,94.42464192520843,2.7214129639519022,41.41033935546875,361636.0176071339,116.84940747527244,0
2023-06-16,572.9808349609375,573.9536377367625,568.1168210818124,573.9536377367625,38128.802,4.8828265221345646e-05,-2.918359250930507,-2.918359747489035,70.65861760796147,569.8310668945312,556.7085510253906,544.6281631469726,-8.778863119847784,1.226593410207454,3.476439196167031,False,66.66666666666666,90.6054759126367,92.0507094545314,2.4249261899603614,28.813720703125,387055.2189404672,79.42516015476733,0
2023-06-19,567.1439819335938,569.0895873604671,566.1711792201571,567.1439819335938,14346.885,-6.809655803168766,-4.864050376295381,-1.9456418616553037,65.50094535182929,572.1026245117188,559.6840393066407,547.2778305053711,-23.486575763119802,-0.39327422922709726,1.9066129830463396,False,50.0,75.36138768517053,87.08984757013828,1.6056527781314571,29.7548828125,382272.92394046683,45.480338998454855,0
2023-06-20,567.1439819335938,569.0895873604671,563.252771079847,563.252771079847,16221.413,-3.8912108537467702,0.0,-2.9184081403101345,65.5009453518293,570.6947509765625,562.1753967285156,549.9759140014648,-23.486575763119802,-0.7233282716095416,1.5572077796442645,False,33.33333333333333,75.36138768517053,80.44275042765926,0.8704892125801962,24.91357421875,387680.0616071335,30.410159027926678,0
2023-06-21,565.1983032226562,569.0895135718656,562.2798954607492,566.1711058099586,21703.937,2.91833473011161,-7.378860152584821e-05,-0.9728756190977492,63.657593199118665,569.4786987304688,563.6975646972656,552.8187774658203,-28.184073680319933,-0.8038863717381933,0.7905411844647653,False,16.666666666666664,65.33248661452286,72.0184206616213,0.10042986723437863,15.2216796875,384579.4991785621,15.992434948202652,0
2023-06-26,558.388671875,562.2798821319686,558.388671875,560.3342770034843,27142.262,-5.836828806474273,-6.809631439896975,-3.8912235857492306,57.48129416251576,566.1711547851562,565.410205078125,554.4497100830079,-46.813607833459656,-1.6281174656030357,-0.662336867245597,False,16.666666666666664,22.95599878838107,54.549957696024826,-0.961768687674649,17.12640380859375,357437.2371785621,-51.45511965813137,0
2023-06-27,556.443115234375,559.3615231814084,553.5247072873416,554.4975099363527,21501.718,-5.836767067131632,-2.9183589505602185,-4.863964587658415,55.79406172011066,562.8636108398438,566.3473388671875,554.8698638916015,-51.74121285239944,-1.435958247132004,-1.1032608971268572,False,0.0,12.499986013320791,33.59615713874158,-1.8387862861904196,9.371337890625,357437.2371785621,-115.59825171644134,1
2023-06-28,558.388671875,563.2526846962108,555.4702641822735,563.2526846962108,18175.426,8.755174759858164,3.891161514802434,1.945556894931883,57.165666391895144,561.112548828125,566.6075866699218,555.2904663085938,-54.89016018833286,-0.6634046966266407,-1.0085750138148732,True,16.666666666666664,20.833101615153215,18.76302880561837,-2.3012486119192843,2.60247802734375,352893.38067856216,-98.40801709919954,0
2023-06-29,557.4158935546875,564.2255118005563,554.4974857350295,562.2799065874509,16937.929,-0.9727781087599396,0.9728271043454697,-0.972778447243968,56.214287269863675,559.1669311523438,564.9308410644531,555.7592590332031,-81.09883082868414,-0.5496102817903736,-1.3318119135488014,False,16.666666666666664,16.666543814237002,16.666543814237013,-2.660628993001417,-16.7674560546875,346118.209078562,-80.22783472947597,1
2023-06-30,560.3343505859375,560.3343505859375,552.5519290500217,554.4975344340006,22654.976,-7.7823721534502965,-3.891161214618819,-1.945556685007773,58.476039842548964,558.194140625,563.8364196777344,556.7612823486328,-68.00000083938517,0.17392143115941383,-0.8817133993605312,True,33.33333333333333,36.363552321115804,24.621065916835352,-2.6821666336172783,-10.9442138671875,368773.185078562,-73.89500449115802,1
2023-07-03,563.2527465820312,564.2255492531574,560.3343385686528,562.2799439109051,14785.585,7.7824094769044905,3.8911986672198964,7.782409518631084,60.69108799311221,559.1669555664063,562.6690551757813,558.2481170654297,-56.000050824553114,0.7540651409901047,-0.20467684481673493,True,50.0,64.7057602178825,39.245285451078445,-2.484712645716815,-11.67364501953125,376165.977578562,1.0257914942000623,1
2023-07-04,569.089599609375,569.089599609375,564.2255859375,569.089599609375,17219.541,6.809655698469896,4.864050356217604,3.891247368847189,64.78919638237011,561.6962524414063,562.279931640625,559.4942413330078,-31.99989982866473,1.4744230374819898,0.862076239360341,True,66.66666666666666,100.0,67.0231041796661,-1.9684375395461444,-3.8912353515625,393385.518578562,94.01746772979234,0
2023-07-05,566.171142578125,572.9807611314702,563.2527346266914,572.9807611314702,14913.592,3.891161522095217,3.891161522095217,-0.9728513108085508,61.3031108596544,563.2527465820312,562.1826477050781,560.9333435058594,-36.36389632505876,0.663014971612105,0.4747507871127699,False,66.66666666666666,66.66662819393841,77.12412947060697,-1.8336524938170555,-0.97283935546875,387420.08177856175,94.01676330825745,0
2023-07-06,549.6334838867188,558.3887075238523,549.6334838867188,557.4159048975042,28564.891,-15.564856233965997,-14.592053607617913,-13.6192507399727,46.002040239344495,561.6962646484375,560.4315979003907,561.3034973144531,-100.0,-2.0231251607072527,-2.1221329735776213,False,50.0,0.0,55.55554273131281,-2.810010050170467,-17.510498046875,358855.19077856175,-135.04790222021097,0
2023-07-07,549.6334838867188,556.443102271156,547.6878786340225,549.6334838867188,18796.19,-7.78242101078547,-1.9456052526962822,-1.9456052526962822,46.002040239344495,559.5560913085938,558.8751159667969,561.2863403320313,-92.30769663009897,-1.7960643775654657,-1.8671312817445194,False,50.0,7.692303369901034,24.786310521279827,-3.369828662631134,-15.5648193359375,348412.8630007837,-133.7646906371033,0
2023-07-10,549.6334838867188,557.4159048975042,549.6334838867188,551.5790891394151,18454.982,1.9456052526963958,0.9728026263481979,1.9456052526962822,46.002040239344495,556.8322387695313,557.9995971679688,561.7049011230469,-92.30769663009897,-1.4821303248503006,-1.6107974048210922,False,33.33333333333333,7.692303369901034,5.128202246600699,-3.6315415968701235,-8.75518798828125,329957.8810007837,-93.52532635478318,1
2023-07-11,561.3070678710938,561.3070678710938,554.4974500632989,558.3886602391817,17850.636,6.809571099766572,3.8911629735895303,4.8639661765801065,56.05407132045891,555.275732421875,558.4859924316406,562.4166656494141,-46.1540643362987,0.6687896508788849,0.5372352128674949,True,33.33333333333333,53.845935663701304,23.07684746783447,-2.939430366646902,4.86395263671875,347808.5170007837,3.507969215087651,1
2023-07-12,562.280029296875,562.280029296875,556.4432123837587,558.3888180214641,15588.228,0.00015778228237195435,0.97296142578125,1.9457623204598349,56.78552310431044,554.497509765625,558.8751281738281,562.741357421875,-42.30728480897741,1.0489686910838099,0.6530430407923551,True,33.33333333333333,57.69271519102259,39.743651408208315,-2.3619514198242655,3.891357421875,363396.7450007837,20.925882795510148,1
2023-07-13,569.089599609375,573.95361328125,569.089599609375,571.0352050781249,25442.137,12.646387056660842,11.673583984375,12.646387225616309,61.65804656849126,558.3887329101562,560.0424987792969,562.486669921875,-18.518475638329114,2.1834135792096134,1.6801933465138401,True,50.0,81.48152436167089,64.34005840546494,-1.5087320592445854,11.6737060546875,337954.6080007837,126.35637679523437,1
2023-07-14,574.9263916015625,574.9263916015625,571.0351808293015,572.980786215432,23121.873,1.9455811373070446,0.9727783203125,1.9455812199264528,65.3149239535749,563.447314453125,561.5017028808594,562.6690612792969,-0.0,2.4559395544812657,2.4707437451148246,True,66.66666666666666,100.0,79.7247465175645,-0.586052852327958,14.592041015625,361076.48100078374,119.34946277730619,0
2023-07-17,574.9263916015625,574.9263916015625,571.0351808293015,572.0079835223668,13807.834,-0.972802693065205,0.0,0.0,65.3149239535749,568.5058959960937,562.6690673828125,562.6690612792969,-0.0,1.6919996578452845,2.204930423191949,False,66.66666666666666,100.0,93.82717478722363,-0.03936062420416864,11.67364501953125,374884.3150007837,92.8869380289105,0
2023-07-18,565.1983032226562,572.0079213337726,564.2255006353539,571.0351187464703,20932.006,-0.9728647758964826,-2.9184702677898713,-6.809680193947543,54.92451166870746,569.2841430664063,562.2799377441406,562.2799346923828,-35.714462057819205,-0.4853076571639259,0.4032175216068571,False,66.66666666666666,64.2855379421808,88.09517931406026,-0.37772242320288996,-3.89129638671875,359185.31050078373,37.534613306653114,0
2023-07-19,565.1983032226562,571.0351187464703,563.2526980480516,568.1167109845633,22499.123,-2.9184077619070194,-0.9728025873023398,-0.9728025873023398,54.92451166870746,569.8677978515625,562.1826538085937,562.182650756836,-35.714462057819205,-0.5988124438175085,0.3743085940635356,False,50.0,64.2855379421808,76.19035862812053,-0.6313966758749707,-0.97283935546875,347935.7490007837,33.19113599617118,0
2023-07-20,563.2527465820312,568.1167599376619,562.2799439109051,564.2255492531574,15108.109,-3.891161731405873,-2.9183588088084207,-0.9727541371464667,52.92077767734802,568.7004272460938,563.544580078125,561.9880889892578,-42.85713039270044,-0.9692122265986903,0.11527541189811599,False,33.33333333333333,53.8461724087172,60.80574943102627,-0.9414141905648794,13.6192626953125,337863.67633411713,6.6007329589935075,0
2023-07-21,544.7694702148438,547.6878780909947,541.8510623386928,544.7694702148438,46711.021,-19.456079038313646,-20.428881846667196,-20.428881572212276,38.40148354803996,562.66904296875,563.0581787109375,560.9666473388672,-91.17648125901766,-3.531440187045155,-2.862101650723382,False,16.666666666666664,8.823518740982344,42.318409697293454,-2.3237479043891955,-4.864013671875,337863.67633411713,-168.14171516046636,0
2023-07-24,542.8238525390625,547.6878655546456,541.8510499359459,541.8510499359459,25268.835,-2.9184202788978837,-1.2536349117908685e-05,-1.240274696101551e-05,37.22857852405229,556.24853515625,562.3772155761719,560.1884063720703,-97.05882825655613,-2.9565242440487447,-3.110987296418224,False,0.0,2.9411717434438707,21.870287631047812,-3.245033385917874,-6.80963134765625,321017.7863341173,-147.1355922018197,1
2023-07-25,553.5247192382812,553.5247192382812,545.7422978781648,545.7422978781648,19590.349,3.891247942218911,5.836853683635695,3.891247942218911,46.950387279630924,553.913818359375,561.5989807128906,560.0424865722656,-64.7058239931329,-0.40839668788244704,-1.2581329597910438,True,16.666666666666664,35.294176006867104,15.686288830431112,-3.014582284329773,-7.7823486328125,340608.1353341173,-76.92311519344476,0
2023-07-26,550.6063232421875,555.4703366983905,547.6879151684657,553.5247313159093,13314.305,7.782433437744544,1.945617460109247,1.945617290300902,44.8822764259224,550.9954223632812,560.4316101074219,559.653369140625,-73.52930350726157,-0.4980904174830522,-1.7929407689375498,False,16.666666666666664,26.470696492738426,21.568681414349808,-2.936604318158058,-11.6737060546875,337279.55908411735,-60.90931952115167,1
2023-07-27,553.5247192382812,554.4975219082958,550.6063112282376,554.4975219082958,12200.358,0.9727905923864455,-0.9728147900947306,2.918396059771908,47.40942688555259,549.0498168945312,558.8751220703125,559.4588104248047,-64.7058239931329,0.38224202435967125,-1.1580776669295128,True,33.33333333333333,35.294176006867104,32.35301616882422,-2.5790977488228215,-15.56488037109375,343379.73808411753,-39.8295349702618,0
2023-07-28,551.5790405273438,557.4158557710193,549.6334354461186,553.5246456085689,18540.078,-0.9728762997268632,2.918333862723557,-0.9728757821189902,45.87948877128525,550.4117309570313,556.5403869628906,559.021044921875,-70.58838971417009,0.38358439338000755,-1.3484232077912404,False,33.33333333333333,32.25795694476094,31.340943148122165,-2.36966475047964,-23.34735107421875,334109.69908411737,-29.97115781992763,0
2023-07-31,549.6334838867188,559.3615101502005,544.7694707549779,559.3615101502005,24208.467,5.8368645416315985,1.9456543791811782,-4.863964691140723,44.319347834521764,551.7736572265625,554.0110961914063,558.3400817871094,-76.47058636778019,-0.11785578994435092,-1.410499997783016,False,33.33333333333333,26.666720124941474,31.40628435885651,-2.258611486075026,-25.29290771484375,326040.21008411737,-32.76624993731257,1
2023-08-01,551.5790405273438,552.5518430679564,548.660632905506,549.6334354461186,16259.643,-9.728074704081905,-6.809667082244118,3.891162150528089,46.311024964384586,551.384521484375,552.649169921875,557.4645538330078,-70.58838971417009,-0.02939432046711485,-0.7150240076425938,True,50.0,37.03684610376925,31.987174391157225,-1.9615727368915377,-13.6192626953125,334170.03158411715,-27.634461431801917,0
2023-08-02,545.7423095703125,553.5247310971619,542.8239014977439,551.5791257154495,25583.234,1.945690269330953,0.9728880292054782,-5.836731407762045,41.45775188725293,550.41171875,550.7035705566407,556.4431121826171,-87.09660699535611,-0.8541907907510325,-1.3337175131378258,False,33.33333333333333,22.222486369598094,28.64201753276961,-2.055709743638736,-19.45599365234375,322541.28885684465,-71.65038311793154,0
2023-08-04,538.9326171875,544.769432536101,536.9870120712997,540.8782223037003,26279.173,-10.70090341174921,-8.75529856106084,-5.836889426444259,36.5788036334599,547.4932983398437,548.2715576171875,555.9080688476563,-94.28571716259583,-1.7440188725435648,-2.1777581457538124,False,33.33333333333333,8.695636922622397,22.651656465329918,-2.4475000652667114,-24.32012939453125,309401.7023568447,-154.76251252528272,1
2023-08-07,542.8238525390625,545.7422603484123,540.8782473328293,542.8238525390625,14369.551,1.9456302353621595,0.9728278123112659,3.891235261529687,40.913487105343194,545.7422607421875,548.0769958496094,555.5675872802734,-81.24995906545732,-0.7117427591406617,-1.1368691382482181,True,33.33333333333333,26.08702303479595,19.001715442338817,-2.3168288656799767,-1.94561767578125,306527.7921568445,-93.22043860996216,0
2023-08-08,536.987060546875,542.8238764223845,536.0142579009567,542.8238764223845,19010.69,2.3883322000983753e-05,-2.9183839260277864,-4.8639894318725965,36.79798970458443,543.2129760742188,547.4933166503906,554.9352661132813,-95.83333132510374,-1.3404790061347611,-1.8084767031353248,False,33.33333333333333,4.166668674896252,12.983109544104869,-2.4810783635649125,-5.8367919921875,292948.7278711302,-138.72815414038277,1
2023-08-09,538.9326171875,541.8510248618005,535.0414069550992,535.0414069550992,14389.09,-7.782469467285296,-0.9728515605839902,-0.9728509458575445,39.02818641872344,540.68369140625,546.0341064453125,553.8165435791016,-84.00002581738804,-0.6575057108230009,-1.3649910998673116,True,50.0,15.999974182611963,15.417888630768056,-2.3192620227514973,-14.59210205078125,295004.3121568447,-102.88085614105296,0
2023-08-10,536.0142822265625,538.9326902967616,535.0414795364961,536.9870849166289,17892.615,1.9456779615296682,-2.91833456503889,7.258139692112309e-05,36.89764144802317,538.7380859375,544.57490234375,552.5032562255859,-95.99970746974768,-0.7207140193250794,-1.7971119778469145,False,33.33333333333333,4.000292530252327,8.055645129253517,-2.2666727429469082,-14.592041015625,286058.0046568447,-98.69595648366423,0
2023-08-11,531.150146484375,542.8237760774382,531.150146484375,540.878171145261,17608.427,3.8910862286321617,3.891085780676576,-3.8913330521211265,33.56591082626275,537.181591796875,542.3374450683593,550.6062835693359,-100.0,-1.1764828793695596,-2.3547086327622297,False,33.33333333333333,0.0,6.6667555709547655,-2.4043119402820015,-22.37457275390625,268449.5776568447,-98.48559975725955,0
2023-08-14,526.2862548828125,528.2318602613072,522.3950441258231,525.3134521935651,20939.03,-15.564718951695909,-14.59191581613095,-8.75510235855188,30.556120447035724,533.874072265625,539.8081665039062,548.1742767333984,-89.47367391185477,-1.6959337120755018,-2.8870523281531177,False,33.33333333333333,12.499999632415314,5.500097387555883,-2.6484718938493543,-25.29278564453125,275429.2543235111,-169.5772659170979,1
2023-08-15,527.2589721679688,530.1773797629944,525.3133671046184,528.231774699644,14066.307,2.91832250607888,1.9455195016871585,2.9183229787952314,31.88856501321085,531.9284545898438,537.5707153320312,545.7909057617187,-86.84232342107538,-1.0346992734408456,-2.3130132713202745,True,33.33333333333333,15.624725191178033,9.374908274531117,-2.5680825786071466,-22.37451171875,272615.99292351096,-125.85072438538238,0
2023-08-16,527.2589721679688,528.231774699644,521.4221569779174,526.2861696362935,28269.84,-1.9456050633505129,-1.9456050633503992,-3.891210126700912,31.88856501321085,529.5937255859375,535.1387084960937,543.8939392089844,-84.61540668986564,-0.7326054469101215,-1.944827681188336,False,33.33333333333333,23.999960448903913,17.37489509083242,-2.344709575008732,-24.320068359375,292808.73578065354,-115.38465151498745,1
2023-08-17,529.20458984375,531.1501949534697,522.3949719597312,525.3133796243106,22843.138,-0.9727900119828519,2.9184202538257296,0.9728149818137126,34.86356620379814,528.231787109375,533.4849365234375,542.0942535400391,-75.75760486705877,-0.061239302284595974,-1.270420839612518,True,33.33333333333333,31.999999125308857,23.874894921796937,-1.9139179053998845,-16.5377197265625,305499.3680028755,-72.17276076995586,0
2023-08-18,524.340576171875,529.2045889378479,524.340576171875,525.3133787250696,17592.345,-8.992410585051402e-07,-1.94560601562182,1.9456042121438486,31.152598030092875,526.869873046875,532.025732421875,540.1486450195313,-90.90908042726684,-0.6146282637376266,-1.7618505940770401,False,33.33333333333333,13.636377215065556,23.212112263092777,-1.8059156034882902,-14.592041015625,287907.0230028755,-72.46387667536565,0
2023-08-21,522.3949584960938,529.2045762046089,519.47655090673,529.2045762046089,16633.821,3.8911974795393007,-1.2733239032058918e-05,-4.86402526514496,29.76984910065633,526.0916137695312,529.9828430175781,539.0299194335937,-88.88890629113426,-0.7087863462906364,-1.7682973699988862,False,33.33333333333333,12.500019030206621,19.37879845686035,-1.7155318213864934,-20.42889404296875,281253.4946028757,-84.33754904891086,1
2023-08-22,526.2862548828125,529.2046629505545,523.3678468150705,529.2046629505545,14594.304,8.674594562307902e-05,8.674594562307902e-05,3.891295908340453,35.97072464530309,525.8970703125,528.9127624511718,538.2030395507812,-74.07378623751988,0.03082940734510195,-0.8400690113126457,True,50.0,29.167080568640916,18.434492271304368,-1.2645207899734947,-10.7008056640625,281253.4946028757,-44.18742562297005,1
2023-08-23,536.987060546875,536.987060546875,529.204639379529,531.1502446713655,20636.332,1.945581720810992,7.782397596320493,5.836792564458506,49.3789497308482,527.8426879882812,528.7182067871094,537.3761566162109,-24.999933596659265,1.7511585119081057,1.268924876343444,True,50.0,75.00038874904054,38.88916278262936,-0.17366925623844587,-1.945556640625,301889.8266028757,94.5278033352955,1
2023-08-24,548.66064453125,548.66064453125,542.8238291638963,547.6878419700244,23280.827,16.537597298658852,11.673583984375,13.619189784367336,59.47761541596886,531.7338989257812,529.9828430175781,537.2788726806641,-0.0,3.2651786098403086,3.280937664019811,True,66.66666666666666,100.0,68.05582310589382,1.3235139358157504,12.6463623046875,325170.6536028757,211.3822458268966,0
2023-08-25,531.150146484375,536.014158814818,531.150146484375,534.0685538826408,24144.537,-13.619288087383552,-12.64648571643204,-11.673682679521335,44.839721441063766,533.0958129882813,529.9828430175781,536.1601440429688,-60.00014347597552,-0.09150242130969961,0.10694057739168478,False,50.0,39.99985652402448,71.666748424355,1.131416630570218,0.0,301026.1166028757,41.9361299833323,1
2023-08-28,534.068603515625,537.9598137416041,532.1229984026355,532.1229984026355,8991.985,-1.9455554800052823,1.9456549267861192,0.9728519182605169,47.20228521238504,535.4305419921875,530.7610778808594,535.2846221923828,-49.99998013769057,0.15202000847402905,0.6877570703334416,True,66.66666666666666,50.00001986230943,63.33329212877798,1.1917305545443728,7.7823486328125,298028.7882695423,52.69605993868344,1
2023-08-29,536.987060546875,537.9598631927933,531.1502446713655,536.0142579009567,10516.678,3.891259498321233,4.945118917021318e-05,-0.9727537312700179,49.559115671255036,537.570703125,531.73388671875,534.6523010253907,-39.99981679940562,0.24213610263151916,1.1452198979762251,True,83.33333333333334,60.00018320059438,50.000019862309436,1.404372996420519,9.72808837890625,305540.70112668513,49.31014132352868,1
2023-08-30,539.905517578125,544.76953125,538.93271484375,542.82392578125,15117.416,6.809667880293205,6.80966805720675,7.782470172384478,51.90137223044302,538.15439453125,532.9985412597656,534.0686248779297,-29.999653461120673,0.36167731684852644,1.4779983458138188,True,83.33333333333334,70.00034653887933,60.000183200594385,1.6981440839114716,12.64654541015625,295462.4237933519,99.03719730599886,0
2023-08-31,534.068603515625,540.8782214110884,533.0958009591302,537.9598137416041,40431.378,-4.864112039645875,-3.8913098389116385,-5.836913884619776,47.12676194771058,535.235986328125,533.4849426269532,533.4849395751953,-49.99998013769057,-0.6334872870638293,0.2739695886957229,False,66.66666666666666,50.00001986230943,60.00018320059439,1.464747325984308,4.864013671875,265138.8902933522,29.362761436580378,0
2023-09-01,533.0958862304688,537.9598997909657,528.2318726699717,528.2318726699717,13669.766,-9.727941071632358,-2.918321620122697,-4.86392828915848,46.35155915080069,535.6251342773437,534.3604736328125,533.1931030273438,-53.33301935306298,-0.33342414599252296,1.1449190439193235e-05,False,50.0,38.46169777088497,52.820688057357906,1.220250238443568,8.75531005859375,265138.89029335236,-20.246057495627106,1
2023-09-04,541.8510131835938,541.8510131835938,534.0685928865223,534.0685928865223,9531.157,5.836720216550589,3.8911133926280854,5.836720216550589,53.81165647029262,537.1816162109375,536.3060791015625,533.1444610595703,-23.33336589194231,0.9667583830782935,1.4417904692108108,True,66.66666666666666,66.66646730455898,51.70939497925113,1.599639716835747,19.4560546875,274670.04729335237,56.677272545744934,0
2023-09-05,536.987060546875,539.9054684846298,535.0414552550385,537.9598631927933,12220.686,3.8912703062709397,-1.9455446989639995,0.9728623685161892,49.62912287387987,537.1816162109375,537.3761596679688,533.1444610595703,-39.99981679940562,-0.030183368604084392,0.333236388970056,False,50.0,42.85714254559914,49.32843587368103,1.4773972394356587,10.7008056640625,272225.9100933524,4.685852613964685,0
2023-09-06,535.0414428710938,540.8782586115057,535.0414428710938,540.8782586115057,14067.008,2.9183954187124073,0.9727901268759069,-1.2383944749672082e-05,48.00106196165693,536.2088012695312,537.1815979003907,532.94990234375,-53.846165271958846,-0.33222708458269296,-0.2267564490999446,False,33.33333333333333,41.17614454409897,50.233251464752364,1.2300237553213593,-1.94561767578125,258158.90209335237,-7.851292429587706,0
2023-09-07,527.2589721679688,533.0957873580201,527.2589721679688,531.1501822946697,20717.005,-9.728076316835995,-7.782471253485596,-7.782470703125,41.990275178456756,534.846875,535.0414306640625,532.5121368408203,-100.0,-1.3947917577446642,-1.6928728390860976,False,16.666666666666664,0.0,28.01109569656604,0.5418905099926898,-21.40167236328125,237441.89709335237,-166.2450484012184,0
2023-09-08,524.340576171875,525.3133787250696,520.4493659590968,520.4493659590968,15283.568,-10.700816335572881,-7.782408632950478,-6.809606208871969,39.944074934457035,533.0958129882813,534.3604736328125,532.1716583251953,-86.20689876629997,-1.6423405717405126,-2.044529311893329,False,16.666666666666664,15.999933249769885,19.05869259795629,-0.0772505265712029,-6.8095703125,246612.03789335222,-205.67412270525486,0
2023-09-11,521.4221801757812,525.3133904756005,521.4221801757812,524.3405879006457,14631.968,3.891221941548906,1.1750530916287971e-05,0.9728142166844691,37.92781819167503,529.0100463867187,533.0958312988281,531.9284545898438,-95.99996872945455,-1.8315021261461684,-2.1749069719141567,False,16.666666666666664,4.000031270545448,6.666654840105116,-0.6205161174874636,-12.64642333984375,231980.06989335222,-140.73133058054123,1
2023-09-12,529.20458984375,530.1773923986099,521.4221694048713,521.4221694048713,16028.336,-2.9184184957744037,4.8640019230093685,-1.0770909966595354e-05,45.87558488277757,527.4535522460938,532.3175842285157,532.0257354736328,-64.00014646311615,0.030643957078763263,-0.6846237609507606,True,16.666666666666664,40.90911224175178,20.30302558735571,-0.4034308688474155,-7.782470703125,244446.55344890768,-67.04986259973393,0
2023-09-13,526.2862548828125,533.0958737075439,526.2862548828125,530.1774656398019,16191.392,8.755296234930597,2.9184813089340196,4.864085477941217,43.59226307252398,525.7025146484375,530.9556579589844,531.977099609375,-75.99979747712091,-0.18449145444264972,-1.1119496510092486,False,16.666666666666664,27.273082592608294,24.060742034968513,-0.4031294346376,-13.6192626953125,228255.1614489077,-35.832632278620316,1
2023-09-14,538.02490234375,538.02490234375,531.1773126775569,532.1555397727273,17144.287,1.9780741329253715,4.929028636206112,4.89105779474437,53.70351655787652,527.8557006835938,531.3512878417969,532.418115234375,-27.73266063603926,1.9457195422947449,1.0772910945813574,True,33.33333333333333,82.12235348191204,50.10151610542405,0.39757349311535606,3.956298828125,245399.4484489077,57.155409250868956,1
2023-09-15,545.8507080078125,545.8507080078125,535.0902101797014,537.0466643302672,42517.441,4.891124557539911,7.8258056640625,3.912897502144574,59.042943179332234,532.1577270507812,532.6267700195312,533.4936218261719,-0.0,2.8248473028451437,2.4521462259190723,True,50.0,100.0,69.79847869150679,1.4073638273193723,12.75482177734375,287916.8894489077,110.01028483855238,0
2023-09-18,528.24267578125,537.0467203776042,528.24267578125,536.0684932002315,36684.692,-0.9781711300356619,-8.803987630208326,-6.847534398451444,46.01639063767316,533.521826171875,531.2659362792969,533.7860076904296,-69.31929892835231,-0.6138307980833886,-0.7623223917249802,False,50.0,30.68070107164769,70.93435151785324,0.8689354363325834,-13.60833740234375,251232.19744890768,-3.121506038723037,0
2023-09-19,526.2861938476562,531.1773294782107,526.2861938476562,527.2644209737672,18901.683,-8.804072226464314,-5.869390899393466,-1.95648193359375,44.817814168241405,532.9381469726562,530.195849609375,533.7860046386719,-77.02157674438868,-1.1327284692528954,-1.024358682134641,False,50.0,22.978423255611318,51.21970810908635,0.3852037435384137,-10.70086669921875,232330.5144489077,-35.371584246848045,0
2023-09-20,523.3515014648438,526.286182781469,523.3515014648438,524.3297285703856,24635.567,-2.934692403381632,-4.891146696741657,-2.9346923828125,42.985700120930716,532.3511962890625,529.02685546875,533.1042266845703,-88.57487332684573,-1.5035317598009643,-1.2900850082561974,False,33.33333333333333,11.425126673154264,21.694750333471095,-0.10219216665612807,-11.68994140625,207694.94744890768,-75.76718568338646,0
2023-09-21,515.5256958007812,519.4386043078081,514.5474686740246,518.4603771810514,32012.694,-5.869351389334156,-6.847578473660974,-8.804032790819178,38.41711598939196,527.8513549804687,527.8535278320312,531.4474792480469,-96.87499713264242,-2.647782317944296,-2.4370185764604138,False,33.33333333333333,3.1250028673575794,12.509517598707724,-0.8782411447912892,-11.7332763671875,188487.3310489074,-147.12708858541373,0
2023-09-22,510.63458251953125,513.5692640282642,510.63458251953125,511.61280968910893,29049.309,-6.8475674919424705,-5.869340279543849,-3.9128861544933216,35.821342994940196,520.8081298828125,526.4829284667969,530.4217010498047,-100.0,-2.732915282993941,-2.9892499031533757,False,16.666666666666664,0.0,4.850043180170619,-1.6052436028650505,-13.70599365234375,159438.02204890738,-158.2581560175318,1
2023-09-25,513.5692749023438,517.4821836635044,510.63459333147324,510.63459333147324,17116.402,-0.9782163576356879,3.9129196352402005,1.0811941990596097e-05,38.53954151070421,517.8734497070312,525.6976379394531,529.3967346191406,-91.66662333768356,-1.160962268564757,-2.2197941863190866,True,16.666666666666664,8.333376662316438,3.8194598432246774,-1.760310672336645,-7.8529052734375,156992.8217631931,-107.41791392935225,0
2023-09-26,507.6998596191406,512.5909950682653,507.6998596191406,509.6563137987905,26392.692,-0.978279532682734,-4.8911885952391,-2.9347337123326156,35.27942680233102,514.1561828613281,523.5471649169922,527.9323745727539,-100.0,-1.6424555446513316,-3.081404248594986,False,16.666666666666664,0.0,2.7777922207721506,-2.106616327592077,-21.504730224609375,130600.1297631931,-109.19022051432412,1
2023-09-27,510.63458251953125,511.61280968910893,504.7652195020654,505.743446671643,16846.401,-3.9128671271474786,-0.9781853791564004,-2.9346401170752188,38.13398752324485,511.6127990722656,521.9819976806641,526.4688278198242,-85.71426741915256,-0.571425753103425,-2.353601845378269,True,33.33333333333333,14.285732580847442,7.539703081054632,-1.9879717732781597,-15.65167236328125,142633.2733346215,-86.88166884876438,1
2023-09-28,511.61279296875,513.569247243965,508.67811155592733,511.61279296875,19733.331,5.869346297106972,1.9564375548561088,3.912892053861924,39.11053385831156,510.83021850585936,519.340786743164,525.3460372924804,-83.33335268551878,-9.941625817848695e-07,-1.8915120440337805,True,50.0,21.21206660460241,11.832599728483288,-1.7044540428439614,-26.412109375,146579.93953462187,-60.20459554526321,1
2023-10-02,521.3950805664062,522.3733077344483,516.5039447261961,518.4603990622802,25427.911,6.847606093530203,8.804060490483266,7.825833170268766,48.05546993626222,512.9823181152344,516.8952239990234,524.7609970092774,-59.5237596797355,1.7175586816036676,0.06258154788100681,True,66.66666666666666,62.963016129194074,32.82027177154798,-0.766719036438916,-24.45562744140625,163531.88020128838,25.666136188108176,0
2023-10-03,517.4822387695312,521.3951479473727,516.5040114750709,516.5040114750709,14490.129,-1.9563875872092922,-0.9781597870755832,6.674887481494807e-05,45.1605615049528,513.7649108886719,515.8191802978515,523.5425582885742,-69.04741861427067,0.7299392782738641,-0.3609963417747978,False,66.66666666666666,59.09131065539478,47.75546446306376,-0.3403345901837742,-10.76043701171875,154837.80280128826,28.33424123588363,0
2023-10-04,508.67816162109375,511.6128433227539,507.699934387207,509.65638885498043,28358.964,-6.847622620090476,-9.782304624618803,-8.804077087863902,39.34301629803154,513.9605712890625,514.0583770751953,522.1271133422852,-87.87868589470273,-0.8264410687642163,-1.46849147398458,False,50.0,22.222413173919033,48.09224665283597,-0.568178067709006,-17.6080322265625,140658.32080128847,-77.113871241805,1
2023-10-05,516.50390625,517.4821333451705,511.61277077414775,511.61277077414775,24945.684,1.9563819191673133,5.869290022416578,3.9128363869407394,46.07855517873399,515.1344360351562,513.3736175537109,521.2002365112305,-55.555664585159406,0.4120353478272477,0.23729770278914197,True,66.66666666666666,66.6664466523178,49.32672349387721,-0.13156363349224343,-6.84759521484375,157288.77680128816,34.3034096483039,1
2023-10-06,520.4168701171875,521.3950973166559,517.4821885187823,518.4604157182507,15336.587,6.847644944102967,3.9129639714853965,5.869417744634575,49.158069956715366,516.8952514648438,513.8627349853516,520.8581314086914,-27.272536958876277,0.8530817421952774,1.09264013927091,True,66.66666666666666,88.8889833385618,59.25928105493288,0.4492274298924306,4.89117431640625,164957.07030128816,107.96461044619221,1
2023-10-11,532.155517578125,532.155517578125,528.2426093606388,530.1990634693819,46639.969,11.738647751131225,10.760420261469108,10.760420841856444,57.16429004344209,519.0473388671875,516.0148284912109,521.2488784790039,-0.0,2.448198442332735,3.2257952487388906,True,66.66666666666666,100.0,85.18514333029322,1.5883325485670179,21.52093505859375,211597.03930128814,191.8931409497041,1
2023-10-12,538.02490234375,538.02490234375,532.1555397727273,533.1337668678977,34161.176,2.9347033985158077,5.869384765625,3.9129304120884854,60.552627511211654,523.1558715820313,518.4603912353516,522.0790145874023,-0.0,3.0284039316527216,3.986128537501204,True,66.66666666666666,100.0,96.29632777952061,2.639481563441877,24.45562744140625,245758.21530128815,170.0301790468683,1
2023-10-13,540.9595947265625,541.9378218418004,536.068459150373,538.0249133808487,31123.496,4.891146512950968,3.912919498050428,3.9129193776457214,62.184222231217184,529.612158203125,521.7863647460938,522.666764831543,-2.631580932369292,2.819954930017312,4.045151202185758,True,83.33333333333334,97.1428520041277,99.04761733470923,3.387097303857059,33.259735107421875,266507.2126346213,142.64395441602034,0
2023-10-16,533.1337890625,535.090243334289,530.1991076548165,534.1120161983945,19875.676,-3.9128971824542305,-6.847578507511457,-5.86935149555643,55.50561141884252,532.938134765625,524.0362854003906,523.0091415405274,-23.684198106005365,0.5535076165143777,2.2194422582641216,False,83.33333333333334,74.28570091838635,90.4761843075047,3.2108432890075718,22.49920654296875,270482.3478346213,68.55802462145397,1
2023-10-17,539.003173828125,539.9814010038566,536.0684923009301,538.0249466523934,18364.998,3.9129304539989107,4.891157669567633,5.869384646113531,59.09966750749511,536.6553955078125,526.7753234863281,523.0580551147461,-7.894653128813868,0.9465697021794148,2.8304842338637957,True,83.33333333333334,91.42865336663256,87.61906876304887,3.331442034012242,27.390380859375,279664.84683462157,86.36912161805168,0
2023-10-18,528.24267578125,537.0467203776042,528.24267578125,537.0467203776042,26418.94,-0.9782262747892219,-2.9346806262524296,-7.825816519680075,50.87998675542835,535.8728271484375,527.4600830078125,522.177653503418,-39.99997394323189,-1.3097724184662465,0.4962800838261766,False,66.66666666666666,60.00002605676811,75.23812678059568,2.5629070514745314,6.84759521484375,253245.90683462156,29.1194636094605,1
2023-10-19,534.1119384765625,536.0683924636561,528.2425765152816,528.2425765152816,22881.262,-8.804143862322576,-0.9783279139480783,-9.926596840159618e-05,54.63435396665309,535.090234375,529.1230529785156,522.4711166381836,-22.857378030746442,-0.273985029171736,1.2517229482694787,True,66.66666666666666,74.1933382147353,75.207339212712,2.332799244444487,16.62969970703125,264686.53783462173,33.77795492157769,1
2023-10-20,543.8943481445312,543.8943481445312,534.1120756958886,537.0467574304814,45984.177,8.804180915199822,7.825955680875154,5.869499180607022,60.1696768853445,535.6771850585938,532.6446716308594,523.3515243530273,-0.0,1.3673763370198668,2.741001573628415,True,66.66666666666666,100.0,78.06445475716781,2.696640768049769,35.2161865234375,310670.71483462176,99.12927368730328,0
2023-10-23,532.155517578125,540.9595610674689,531.1772905237534,539.9813340130975,22747.367,2.934576582616046,-2.9347870770623103,-2.934785172135207,51.88253789682768,535.4815307617188,534.2098327636719,523.7917251586914,-32.4327136367302,-0.5484538267351293,0.29189566463572825,False,50.0,24.99998821558955,66.39777547677495,2.034103587498266,15.651611328125,292472.8212346219,17.053626762282565,0
2023-10-24,532.155517578125,534.1119716868682,528.2426093606388,531.1772905237534,15007.814,-8.804043489344053,-6.847589380600766,-2.9346811631146466,51.88253789682768,534.1119995117188,535.3836975097656,524.6232162475586,-36.36386918681352,-0.5181410998925241,-0.07654085348835199,False,50.0,24.99998821558955,49.99999214372637,1.5074920224030173,11.7386474609375,297475.4259012884,-73.36198436108734,0
2023-10-25,532.155517578125,539.0031069587259,532.155517578125,532.155517578125,16526.355,0.9782270543715867,4.891135271857706,3.9129082174862333,51.88253789682768,534.8945678710937,535.3836975097656,525.6992630004883,-44.44479638447358,-0.3054411052662963,-0.320665613015286,False,33.33333333333333,24.99998821558955,24.99998821558955,1.0902459689323591,0.0,280949.0709012884,-18.868518363993633,0
2023-10-26,519.4386596679688,523.3515685920213,518.4604324369557,518.4604324369557,28188.348,-13.69508514116933,-15.651538366704585,-13.69508514116933,43.463340163401725,531.959912109375,533.5250732421875,525.9927322387696,-96.15384731843822,-2.4195893041887224,-2.6878321261033067,False,33.33333333333333,3.8461526815617737,17.948709704246962,-0.050624227049381965,-18.58624267578125,264036.0621012879,-225.55440421998986,1
2023-10-27,521.3950805664062,524.3297620705324,520.4168533983642,522.3733077344483,15679.643,3.912875297492633,0.9781934785111162,1.9564209614085257,44.96226913261528,527.46005859375,531.5686218261719,526.6774932861329,-88.46167391922084,-1.6605132245651384,-2.1569484133788577,True,33.33333333333333,11.538326080779155,13.461488992643497,-0.6487119587924773,-19.56451416015625,256196.2406012879,-146.31791772196854,0
2023-10-30,520.4168701171875,522.3733245161243,516.5039613193139,519.4386429177191,21404.842,-2.934664816729196,-1.9564375544081258,-3.912892079050266,44.321322046142555,525.1123291015625,530.2969299316406,527.1666076660156,-85.71429887849887,-1.1152342202934056,-2.070863158505269,False,16.666666666666664,14.285701121501134,9.890059961280693,-1.0610441812017957,-12.7169189453125,263331.18793462124,-122.14867792776512,0
2023-10-31,517.4822387695312,523.3516025362934,515.5257841806105,523.3516025362934,25667.058,3.912959618574291,0.9782780201691139,-0.9781771387034723,42.345746830332224,522.1776733398438,528.1448364257812,527.4600799560546,-93.10344157212535,-1.21380588578475,-2.263264826233181,False,16.666666666666664,6.896558427874656,10.906861876718322,-1.4577691894638987,-21.52093505859375,250497.6589346216,-97.92446907741498,0
2023-11-01,516.50390625,521.3950417258523,515.5256791548296,521.3950417258523,13603.347,-1.9565608104411467,-1.9565608104411467,-0.00010502578084015113,41.67024211521868,519.0473510742188,526.9709594726562,527.2155212402344,-96.55173425469663,-0.9071083181537175,-2.19203954574268,False,16.666666666666664,3.4482657453033743,8.210175098226392,-1.6957459459710855,-11.73876953125,241428.76093462133,-83.9832375757563,1
2023-11-02,535.0902709960938,535.0902709960938,523.3515447585195,524.329771944984,29401.438,2.9347302191317794,13.695229270241498,7.825865603689863,56.163122976821235,522.1776733398438,527.0687927246094,528.0959228515625,-31.034509062210663,2.562499027536622,1.3901803102101267,True,33.33333333333333,76.92334150353015,29.08938855890273,-0.5693090181118141,0.97833251953125,270830.19893462135,36.57841656233704,1
2023-11-03,537.0466918945312,537.0466918945312,533.1337833925675,535.0902376435494,15426.176,10.760465698565326,1.9564208984375,9.782238634047985,57.379149530230485,525.3079956054687,526.3840270996094,529.5143493652344,-24.13809492608141,2.361709863438187,1.6196188946548715,True,50.0,91.66682534161623,57.34614419681659,0.2932796935508654,-6.84765625,286256.37493462133,88.1519060017238,1
2023-11-06,538.02490234375,543.8942649147727,538.02490234375,540.9595836292614,29215.201,5.869345985712016,6.847573020241498,4.891118951182534,58.0144250516352,528.8296020507812,526.9709655761719,530.5903991699219,-20.68988785801678,2.009266237067946,1.741939735761813,True,50.0,79.31034482758609,82.63350389091083,0.8821795799281125,5.869384765625,257041.17393462133,115.4186280936983,1
2023-11-07,542.9161376953125,542.9161376953125,538.0250013196791,539.9814558699325,14777.79,-0.9781277593289133,-0.9781272194602479,9.89759290632719e-05,61.17136927538108,533.9163818359375,528.0470275878906,531.7153625488281,-3.4479237976021286,2.209954834701942,2.6827140757799253,True,66.66666666666666,96.55207620239787,89.17641545720006,1.516374949713832,10.7606201171875,271818.9639346213,104.54018112062201,1
2023-11-08,543.8943481445312,544.8725753893955,538.0249846753456,538.0249846753456,15314.834,-1.9564711945868112,1.9564376940829789,-1.6644333413751156e-05,61.79806177978747,539.3944702148438,529.2209106445313,532.3023040771484,-3.333324372858335,1.5525190649614684,2.677755003383441,True,83.33333333333334,96.66667562714167,90.84303221904189,1.8925388487690582,11.73883056640625,282758.1310774786,97.03465054910889,1
2023-11-09,544.8724975585938,544.8724975585938,539.0031349278009,539.0031349278009,13165.684,0.9781502524552934,-7.783080172885093e-05,0.9781502524552934,62.45901324674186,541.3509155273438,531.7642944335937,532.6446838378906,-0.0002652096532006643,0.8448935096416322,2.6570348362074894,True,100.0,99.99973479034679,97.7394955399621,2.08293711372208,25.433837890625,295923.8150774786,84.50678841932401,0
2023-11-10,544.8724975585938,544.8724975585938,541.9378162431974,542.9160433483295,12994.933,3.912908420528538,0.0,2.9346813153964604,62.45901324674186,542.9160766601562,534.1120361328125,532.8403289794921,-0.0002652096532006643,0.5415107498203062,2.4524756312851816,False,83.33333333333334,99.99973479034679,98.88871506927842,2.079749440944111,23.4774169921875,308918.7480774786,76.46760812821,1
2023-11-13,558.5677490234375,567.3717941043674,558.5677490234375,566.393566873153,43866.014,23.477523524823482,22.499296545773632,16.629932780240097,70.85978009077976,547.0246459960938,537.9271240234375,534.112026977539,-16.981108593187606,2.390920259415086,4.387574323312967,True,83.33333333333334,83.0188914068124,94.33945366250198,2.8246517400693376,38.15087890625,265052.7340774786,171.32889201663227,1
2023-11-14,559.5458984375,563.4588068181819,558.5676713423296,563.4588068181819,21568.576,-2.9347600549710933,-3.912987286185512,-7.768110788219929e-05,71.35915059919651,550.3505981445312,542.1334899902344,535.1391632080079,-15.094468842042241,1.900229120642949,3.9527407137367785,True,83.33333333333334,82.222055115175,88.41356043744473,3.181379635163883,42.06365966796875,252111.58847747798,147.38158888645432,1
2023-11-15,568.3499145507812,570.3063686456204,562.4805522662638,570.3063686456204,50305.088,6.84756182743854,6.84756182743854,3.9128809239341535,75.48429083075725,555.2417114257812,547.3180908203125,537.1445251464844,-3.5714302120422565,2.710656404303162,4.810571464147214,True,83.33333333333334,94.7368360808898,86.65926086762573,3.7682845906513336,51.84600830078125,277264.132477478,138.37284323524764,1
2023-11-16,570.3064575195312,570.3064575195312,565.4153215202214,568.3500031198073,28291.435,-1.956365525813112,8.887391084044793e-05,2.9347692539575974,76.31144877594885,560.3285034179687,550.8397094726563,538.9542510986328,-0.0,2.2508110717878553,4.324490788177702,True,83.33333333333334,100.0,92.31963039868828,4.023115118775342,35.2161865234375,305555.567477478,108.46888117391643,0
2023-11-17,567.3717041015625,570.3063853296741,566.3934770255254,566.3934770255254,22031.704,-1.9565260942819123,-7.218985717827309e-05,0.9781555053040165,72.31875751745253,564.8283447265625,553.8722106933594,540.1281188964844,-6.250151997738507,1.045291028944213,2.9890423817457874,False,66.66666666666666,90.90886146324843,95.21523251471274,3.7351285902186007,30.32501220703125,294539.71547747735,83.23900493302091,0
2023-11-20,564.43701171875,566.3934658321599,562.4805576053401,563.4587846620451,22010.114,-2.9346923634802806,-3.9129194975141672,-3.9129194201852897,68.41394494769726,566.002197265625,556.5134216308594,541.7421936035156,-15.789678678305672,-0.05774294156572099,2.0035272079491127,False,66.66666666666666,81.81791199827975,90.90892448717607,3.113502357875534,26.412109375,294539.71547747735,51.85611216920712,1
2023-11-21,572.2630004882812,572.2630004882812,568.3500910832331,569.3283184344951,35921.706,5.8695337724500405,5.8695346561213455,5.869533477893015,72.70187123587473,568.5456176757813,559.4481079101563,543.7475677490235,-0.0,0.9200909813431409,2.8722361417263125,True,66.66666666666666,100.0,90.90892448717607,2.994969127721391,29.34686279296875,330461.42147747736,82.88124541703795,0
2023-11-22,564.43701171875,566.3934658321599,561.5023305486352,563.4587846620451,21969.125,-5.8695337724500405,-5.8695346561213455,-6.84776053459791,63.32391425746843,567.763037109375,561.5023742675781,545.3616424560547,-22.857600195904116,-0.6029361413853183,1.0655278790026397,False,50.0,74.19310396836268,85.33700532221415,2.192279771468158,20.54266357421875,334855.24647747714,26.654245078027483,1
2023-11-23,565.4153442382812,565.4153442382812,561.502435281615,561.502435281615,14486.134,-1.9563493804300833,-0.9781215938786545,0.00010473297982116492,63.95794170884393,566.784814453125,563.5566589355469,547.6604766845703,-20.000155053999535,-0.344819901377531,0.901958482376362,True,50.0,50.00006077236792,74.73105491357687,1.5597274792351357,20.5428466796875,349341.38047747716,10.840849571833648,0
2023-11-24,562.4805908203125,565.4152721637229,561.5023637058424,564.4370450492527,10058.969,2.934609767637653,-7.207455837487942e-05,-7.157577260841208e-05,60.53346434162363,565.806591796875,565.3174682617188,549.7147521972656,-29.4120541473033,-0.6336441119035751,0.10154966152104208,False,33.33333333333333,28.571197057644646,50.921453932791756,0.8136943017546621,17.60809326171875,344311.895977477,-51.5875648519622,0
2023-11-27,555.633056640625,564.4371015521841,555.633056640625,560.5241927026024,18528.52,-3.912852346650311,-0.9781706115387578,-5.869307065217413,53.27309222870061,564.04580078125,565.0239990234375,551.4755615234375,-54.83872319869649,-1.5028861207109894,-1.274617010435852,False,33.33333333333333,0.0,26.190419276670855,-0.21591730533467945,-2.9346923828125,325783.375977477,-143.27345750315675,1
2023-11-28,562.4805908203125,563.4588179347826,552.6983196756114,552.6983196756114,26343.906,-7.825873026990962,-0.9782836174015301,-2.934736965013599,58.67959556304336,562.0893188476563,565.3174682617188,553.7254791259766,-50.00035401361509,-0.23135446852688923,-0.3178308053842132,True,50.0,49.99964598638491,26.190281014676525,-0.4948170487465475,2.9346923828125,347337.480886568,-116.09688441421818,0
2023-11-29,561.5023803710938,566.393516088612,557.5894717970792,565.4152889451084,24868.842,12.716969269496985,2.9346981538294585,4.891152121467826,57.64024536299699,561.502392578125,564.63271484375,555.9754028320312,-55.00023343196611,-0.0870325264382817,-0.5342959211522307,False,33.33333333333333,44.9997665680339,31.66647085147294,-0.7868577060066002,-6.8475341796875,344574.276219901,-56.78469984354503,1
2023-11-30,564.43701171875,564.43701171875,557.5894223218154,563.4587846620451,47192.647,-1.956504283063282,-1.9565043698620457,-4.9475263836029626e-05,59.9611949901484,561.3067260742188,564.0457702636719,557.442739868164,-40.00059517691306,0.4351517716790196,-0.08658851314999405,True,50.0,59.99940482308694,51.66627245916859,-0.8203237494153885,-5.86944580078125,391766.923219901,-38.68425095767394,1
2023-12-01,566.3934936523438,566.3934936523438,560.5241310238221,560.5241310238221,28051.165,-2.9346536382230397,1.95648193359375,2.9347087020066738,61.49557785380129,562.089306640625,563.94794921875,558.9100799560547,-30.00052437419004,0.7540583284315424,0.28867957658527565,True,50.0,69.99947562580996,58.33288233897694,-0.7505194157001096,-0.97821044921875,419818.08821990096,32.380131201510316,0
2023-12-04,561.5023803710938,569.3281975191229,558.5676989405829,569.3281975191229,26847.171,8.804066495300845,2.9347038667791594,-1.9564320832391786,55.67661122233138,563.2631713867188,563.6544860839844,560.0839538574219,-55.00023343196611,-0.08703071792821386,-0.44804119441400586,False,50.0,52.94122289008536,60.980034446327416,-1.0549334126201177,-2.93463134765625,407614.82867444615,-2.0082025059301456,0
2023-12-05,557.5895385742188,559.5459930955318,554.6548567922491,558.5677658348752,22229.723,-10.760431684247692,-9.78220442359111,-3.912842148333766,51.42955622208488,562.2849609375,562.1871398925781,560.8176239013671,-74.99975110537017,-0.8408108923347644,-0.9986866178702505,False,50.0,29.41223588431685,50.78431146673739,-1.513106917279119,-14.6734619140625,412060.7732744464,-150.53675107411726,0
2023-12-06,557.5895385742188,562.4806748775013,555.6330840529057,555.6330840529057,21518.089,-2.934681781969516,2.934681781969516,0.9782272606565812,51.42955622208488,561.502392578125,561.502392578125,561.5023834228516,-74.99975110537017,-0.6968540179522241,-0.8982813227361772,False,33.33333333333333,29.41223588431685,37.25523155290636,-1.790478591262901,-6.84747314453125,402838.73513158935,-80.89583163168794,0
2023-12-07,553.6766357421875,560.5242266435927,553.6766357421875,557.5895448287048,20840.397,1.956460775799087,-1.9564482339086453,-1.9564483107182014,47.149259615244716,559.3503173828125,560.3285217285156,561.9425903320313,-94.11711814252557,-1.1641353358036257,-1.3220871156665304,False,33.33333333333333,5.882881857474432,21.569117875369376,-2.185618353607553,-11.73870849609375,381998.33813158935,-121.05260389676737,1
2023-12-08,557.5895385742188,564.4371293988144,557.5895385742188,561.5024476168448,33507.214,3.912902788140059,3.912902755221694,3.91290283203125,51.548306680671466,557.5895263671875,559.8394165039062,562.5784423828125,-70.58776411568314,-0.26246269277956025,-0.5235521614882537,True,33.33333333333333,29.41223588431685,21.569117875369376,-2.129452891605628,-4.89105224609375,348491.1241315894,-7.888311734146827,1
2023-12-11,561.5023803710938,562.4806075145974,557.5894717970792,559.5459260840864,27378.61,-1.9565215327584156,-1.9565218842169543,-6.677713952285558e-05,55.58153549091662,557.5895263671875,560.4263488769532,562.7251739501953,-47.05877710991464,0.5841039558204929,0.23282579815854,True,33.33333333333333,49.999768332630495,28.43162869147393,-1.78851278578267,5.86932373046875,364918.2901315891,6.249508674621608,1
2023-12-12,565.4153442382812,568.350025955781,562.4806625207816,567.3717987166144,29403.01,7.8258726325279895,5.869418441183598,4.89119072370238,59.27947169493797,559.1546875,560.71982421875,563.0186462402344,-23.529056061998315,1.1668611371524464,0.8872784220280502,True,50.0,75.0002374420695,51.47074721967228,-1.2828699212784826,2.93475341796875,364918.2901315885,121.05484766292611,0
2023-12-13,564.43701171875,566.3934658321599,563.4587846620451,563.4587846620451,22977.731,-3.9130140545693166,-1.9565601236211023,0.9781221412634977,57.96328328032346,560.5241821289062,561.0132873535156,562.8230010986329,-29.41203685558825,0.7860109208305969,0.5810457794407877,False,50.0,68.749535221586,64.58318033209532,-1.0097283813396825,2.93463134765625,357259.04646492127,85.48954460445525,1
2023-12-14,572.3038330078125,572.3038330078125,569.3538132500403,571.320493088555,39409.958,7.861708426509949,5.9103671756525955,5.895028587995171,64.81596734983988,564.2496215820313,561.7999694824218,562.9228698730469,-0.0,1.7451723777043855,1.8343420304570646,True,66.66666666666666,100.0,81.2499242212185,-0.3298542708074237,7.8668212890625,396669.00446492125,166.204518687491,1
2023-12-15,575.2538452148438,576.2371851211939,570.3371456830929,575.2538452148438,54323.262,3.933352126288696,3.9333521133813747,0.9833324330526239,67.01561634530881,567.7824829101562,562.6860046386719,563.3169769287109,-4.358670038705562,1.6199348306995605,2.150965477140752,True,83.33333333333334,95.64132996129443,88.13028839429349,0.25628434649373144,8.8603515625,432884.5124649219,156.1707256174989,0
2023-12-18,575.2538452148438,575.2538452148438,567.3871259640424,569.3538057767428,26122.277,-5.9000394381009755,-0.9833399063501247,-2.9500197190504878,67.0156163453088,570.5327758789062,564.0611511230469,563.8578186035156,-4.358670038705562,1.09417083648416,1.987716784018428,False,66.66666666666666,95.64132996129443,97.09421997419629,0.5640980065758994,13.75146484375,459006.7894649219,102.65564273676266,0
2023-12-19,575.2538452148438,578.2038649338942,570.3371456830929,578.2038649338942,28254.292,8.850059157151463,2.9500197190504878,2.9500197190504878,67.0156163453088,572.5004760742188,565.8275817871094,564.0073608398437,-12.027529469362003,0.6886205730733416,1.8543837466425326,False,50.0,87.97247053063799,93.08504348440896,0.6800411813619309,17.664306640625,466070.362464922,100.02542187452298,0
2023-12-20,575.2538452148438,577.220525027544,573.2871654021434,577.220525027544,38121.456,-0.9833399063502384,-0.9833399063502384,2.9500197190504878,67.0156163453088,574.6638427734375,567.5940124511719,564.5482025146484,-12.027529469362003,0.40046020717418157,1.648136891642361,False,33.33333333333333,85.6895146052974,89.7677716990766,0.6680957688934326,17.664306640625,466070.3624649231,85.2297234174527,0
2023-12-21,567.3870239257812,569.3537033847961,565.4203444667664,567.3870239257812,24923.414,-9.83350110176275,-7.8668216427479365,-7.86682093537695,54.21437847047509,573.6804809570312,568.9650512695313,564.6467864990234,-44.10135740799629,-1.057460059758544,0.11362586035518266,False,33.33333333333333,47.52772523390313,73.72990345661285,0.07305358406985807,13.71038818359375,466070.3624649231,-15.852602144540263,1
2023-12-22,572.3038330078125,572.3038330078125,569.3538132500403,572.3038330078125,18690.214,4.91680908203125,2.950129623016437,3.933468783273838,59.490399667328006,573.090478515625,570.4364807128907,565.1379486083985,-24.05502831146,-0.20005310742567817,0.7631724016461896,True,33.33333333333333,62.47563459997623,65.23095814639227,-0.04061434511875994,14.71429443359375,484760.5764649231,25.750909863514924,0
2023-12-25,571.3203735351562,575.2537323890988,570.3370338216706,572.3037132486419,9548.143,-0.00011975917061590735,2.9498993812862864,0.9832205716303406,58.03124611229791,572.3037841796875,571.4182800292969,565.922314453125,-33.391676160695894,-0.2575242969104769,0.3302920504579047,False,16.666666666666664,53.316690910935606,54.440016914938326,-0.22305634271812558,9.8179931640625,479031.6906649231,31.09498824796364,1
2023-12-26,576.2371826171875,576.2371826171875,572.303823008879,573.2871629109561,16094.308,0.9834496623142286,0.9834502280887136,1.9667891872084056,62.98311783307158,572.5004516601563,572.5004638671875,566.6101440429687,-9.540335743352358,0.572088059632489,0.9183383113358429,True,33.33333333333333,84.61548740220688,66.8026043043729,-0.0619909374551888,10.82183837890625,495125.9986649231,81.59541657793064,1
2023-12-27,582.1371459960938,582.1371459960938,576.2371073542415,577.2204471278835,33401.336,3.9332842169274045,5.89996337890625,3.9332843453624946,67.93558064068174,573.8771118164062,574.2704772949219,567.6418823242187,-0.0,1.398795810661139,1.64551011982453,True,50.0,100.0,79.31072610438083,0.368818838670566,17.70013427734375,528527.3346649231,189.03875863450295,1
2023-12-28,583.1205444335938,583.1205444335938,579.1871849433165,582.1372045610245,25514.849,4.916757433141015,0.9833984375,2.950077589075022,68.69708933620925,577.0238159179687,575.3521484375,568.576058959961,-0.0,1.338655507049652,1.5555895985100765,True,66.66666666666666,100.0,94.87182913406896,0.6315110989861772,10.81671142578125,554042.1836649232,168.53895954754822,0
2023-12-29,583.1205444335938,583.1205444335938,579.1871849433165,579.1871849433165,18416.318,-2.9500196177079943,0.0,0.0,68.69708933620925,579.187158203125,576.138818359375,569.4124114990234,-0.0,0.8789370367310806,1.2809576620918968,False,66.66666666666666,100.0,100.0,0.710862262586053,7.86669921875,572458.5016649232,120.93877762453533,0
2024-01-02,583.1205444335938,583.1205444335938,579.1871849433165,580.1705248158859,26059.058,0.9833398725693314,0.0,0.0,68.69708933620925,581.5471923828125,576.92548828125,570.4933197021485,-0.0,0.5652949896772674,1.1226390954702863,False,50.0,100.0,100.0,0.6695188606651907,7.86669921875,598517.5596649231,89.82369900810973,0
2024-01-03,568.3704833984375,575.2538629551659,566.4038035250865,574.2705230184905,37106.763,-5.900001797395362,-7.866681478427836,-12.783381418230078,46.97340390506305,579.9738525390625,576.2371520996094,571.0323669433594,-83.33273670805956,-1.8953258756134583,-1.3371188446596105,False,50.0,16.66726329194044,72.22242109731349,-0.3881466725812306,-6.88336181640625,577902.6913315902,-82.61628675934088,1
2024-01-04,570.3370971679688,571.3204369906721,567.3870776998585,570.3370971679688,15309.129,-3.9334258505217576,-3.9334259644938356,0.9832741747720775,49.305106740611535,577.6138427734375,575.7454772949219,571.6697448730469,-72.22204997448048,-1.3884988919612065,-0.9252698998022175,True,50.0,23.529069837294685,46.73211104307838,-0.9596748557331027,-4.916748046875,585557.2558315906,-72.23683081919005,0
2024-01-05,566.40380859375,570.337168375651,564.4371287027994,568.3704884847004,18158.971,-1.966608683268305,-0.9832686150210748,-2.9499489970590957,44.98882851317424,574.2704956054688,575.6471557617188,572.306103515625,-89.4736598527375,-1.6225389671304498,-1.4823171055479023,False,33.33333333333333,10.5263401472625,16.90755775883255,-1.5708718053367576,-0.98321533203125,579504.2654982575,-106.06012719989921,1
2024-01-08,573.2871704101562,575.2538502400367,569.3538107503953,572.303830495216,17761.275,3.933342010515503,4.916681864385737,4.9166820475958275,52.86623115773375,572.3038208007813,575.7454895019531,573.0909851074218,-52.631564619257354,-0.14273266519452826,-0.25662364792331405,True,33.33333333333333,47.368435380742646,27.141281788433286,-1.481018722326274,0.98333740234375,585424.6904982575,-34.92448258630615,1
2024-01-09,576.2371826171875,579.1872023234188,573.2871629109561,578.2038624213417,22501.51,5.900031926125735,3.933352083382033,3.933352160560844,55.823783530828045,570.9271484375,576.2371704101563,573.8277252197265,-36.84209523348015,0.5720827028538835,0.12815357663444105,True,50.0,63.157904766519856,40.35089343150835,-1.2041129493568903,4.91680908203125,585424.690498258,8.735827465834644,0
2024-01-10,574.2704467773438,576.2371263895949,570.3370875528414,571.320427358967,13037.716,-6.883435062374701,-2.9500759338238822,-2.950075358114759,53.38737761642546,572.1071411132813,576.0404968261719,574.2704803466797,-47.36873483826154,0.48751674084921764,-0.24199846230861627,False,50.0,52.63126516173846,54.38586843633366,-1.1355129892711773,-1.96673583984375,589770.5958315915,-25.503918524478166,1
2024-01-11,576.2371826171875,579.1872023234188,573.2871629109561,576.2371826171875,23997.409,4.916755258220519,2.9500759338238822,2.950075358114759,55.50584555614076,573.287158203125,575.4505004882812,574.8604888916016,-36.84209523348015,0.6008604057175726,0.028452079303995077,True,66.66666666666666,63.157904766519856,59.6490248982594,-0.9474581633268597,-5.89996337890625,589770.595831592,17.031782376465664,0
2024-01-12,574.2704467773438,578.203806001846,571.320427358967,571.320427358967,16496.053,-4.916755258220519,-0.9833963215727408,-1.9667355519891316,52.88386131113057,574.8604858398437,574.5654907226562,574.9588195800782,-47.36873483826154,0.1428905152404746,-0.2845823333780166,False,50.0,52.63126516173846,56.14014502999893,-0.9432550108947364,-8.85009765625,587414.0168315922,4.057232136896358,1
2024-01-15,576.2371826171875,580.170542225496,575.2538427151104,580.170542225496,21143.076,8.850114866528997,1.9667362236499457,3.9334153561434277,55.19287746181589,575.45048828125,573.8771545410157,575.0079864501953,-36.84209523348015,0.19949006999213087,0.1424118629427512,True,66.66666666666666,74.99996041778006,63.596376782012804,-0.8013320195558595,-6.88336181640625,574728.171231592,66.66696279430893,0
2024-01-16,570.3370971679688,578.203815749596,569.3537573452653,571.3204369906721,27223.86,-8.8501052348239,-1.9667264759000318,-5.900085369845101,47.56436571718093,574.2704711914063,572.5988098144531,574.7621490478516,-68.42136068596449,-0.7415893127747428,-0.6991064819332425,False,50.0,37.499608439441296,55.04361133965329,-1.080744497563059,-12.783447265625,553554.0578982589,-9.283525894869694,1
2024-01-17,571.3203735351562,574.2703926756132,568.3703543946993,573.2870529621275,42592.335,1.9666159714554396,-3.9334230739827944,-0.98340295056596,48.84968480616451,573.6804565429687,572.893798828125,574.5654754638672,-63.15853090496866,-0.42846036902919754,-0.3573110576946898,True,50.0,43.7492145136035,52.08292779027496,-1.1678513156707702,2.94989013671875,553554.0578982589,-48.89098366139247,1
2024-01-18,578.2037963867188,579.1871361764921,575.2537770173988,576.2371168071721,27209.996,2.9500638450446104,4.916743500878965,6.883422622699413,56.915103144836024,574.073779296875,573.68046875,574.7129730224609,-12.500439500557597,0.6562020346881456,0.9153250859069002,True,66.66666666666666,83.3329276874362,54.86058354682701,-0.7506630541955106,7.86669921875,567159.0558982585,98.6654652977787,1
2024-01-19,615.5707397460938,616.5540795859437,603.7706616678938,614.5873999062437,161106.401,38.35028309907159,37.36694340945155,28.516884650495058,77.7199972497652,582.333837890625,578.5971618652344,577.1221588134765,-1.886794647781193,5.952048052973697,6.704544655035309,True,66.66666666666666,97.95918676701109,75.01377632268361,1.907835871996169,49.16693115234375,703479.8567444141,333.333333333335,0
2024-01-22,615.5707397460938,622.4541186250436,612.6207202265438,622.4541186250436,65168.775,7.866718718799916,5.9000390390999655,8.850058558649948,77.7199972497652,590.2005493164063,582.8255187988282,579.2855041503906,-11.864419178201349,4.71146030928132,6.0118534202419545,False,66.66666666666666,87.27274446054942,89.52161963833225,3.442762621686562,42.2835693359375,677412.3467444144,179.63346989218124,1
2024-01-23,617.5374755859375,618.5208155152145,611.6374360102757,618.5208155152145,41072.439,-3.933303109829126,-3.933303109829126,-0.983284216268089,78.37410620929354,599.640625,586.9555480957031,581.5963592529297,-9.090792974701264,3.8302673597053367,5.575800280144622,True,66.66666666666666,90.90920702529873,92.04704608428642,4.310658436022521,41.30029296875,706749.8031729854,114.9962596232338,0
2024-01-24,616.5540771484375,619.5040966563248,613.6040576405502,617.5374169843999,26635.005,-0.9833985308146111,0.9832811411102966,1.966621630274517,77.13878556916656,608.6873657226563,591.1839111328125,583.6122039794922,-10.909080683581287,2.3395004425725965,4.761904185749198,False,66.66666666666666,89.0909193164187,89.09095693408896,4.516880109836871,42.28363037109375,706749.8031729854,87.55910473123163,1
2024-01-25,631.3041381835938,631.3041381835938,622.4540801716743,624.4207597298786,52243.347,6.8833427454786715,11.800041527268945,8.850022531124068,81.82596278668993,619.3074340820312,596.6906066894531,586.0705535888671,-0.0,3.0773288056615984,6.438236998265001,True,66.66666666666666,99.99999999999999,93.33337544723916,5.291344514097654,55.06695556640625,758993.1501729854,98.78773362682546,1
2024-01-26,633.2708129882812,635.2374925317231,628.3541141296765,633.2708129882812,41153.025,8.850053258402681,3.933354348129342,5.900033958002268,82.35225694123869,622.8474487304687,602.5906433105469,588.5780670166016,-2.9411749900403,1.871862971016424,5.8920191850255925,True,66.66666666666666,97.05882500995969,95.38324810879281,5.553507859914131,59.0003662109375,776630.1608872715,91.96077173836368,1
2024-01-29,637.2042236328125,637.2042236328125,633.2708642276717,635.2375439302422,27825.49,1.9667309419609182,1.9667311010894082,4.916750097995191,83.40103464844745,627.1741455078125,608.6873474121094,591.2822509765625,-0.0,1.91350112050842,5.652176861039087,True,66.66666666666666,100.0,99.01960833665323,5.593682710299888,60.967041015625,804455.6508872715,91.10328223355343,0
2024-01-30,631.3041381835938,636.2208370791046,631.3041381835938,631.3041381835938,36161.825,-3.9334057466484182,-0.9833865537078736,-1.9667260440779728,76.00942077374268,629.9274780273438,614.7840515136719,593.6914306640625,-8.57148597706881,0.5481551591034185,3.8554821899768665,False,66.66666666666666,90.4761212040225,95.84498207132742,4.85231355809268,60.967041015625,768293.8258872716,78.04271764534523,0
2024-01-31,617.5374755859375,626.3875349494302,615.5707957273836,623.4375151615993,41277.95,-7.866623021994428,-9.833302129674394,-15.733342456210153,62.01845472762813,630.1241577148437,619.40576171875,596.1497802734375,-28.571324356099932,-1.6444687176778459,1.0187775594500954,False,50.0,41.176629437476585,77.21758354716637,3.146865582121089,46.21710205078125,742026.039523635,6.132907197592394,0
2024-02-01,617.5374755859375,617.5374755859375,608.6874162224448,614.5874557981066,44946.369,-8.850059363492733,-8.850059363492733,-6.88337950493883,62.01845472762814,627.3708251953125,623.3391296386719,598.509799194336,-28.571324356099932,-1.6701371394908109,0.37294536079014223,False,50.0,31.03453775921338,54.229096133570835,1.7979379800853916,39.33367919921875,786972.4085236349,-67.11017214394818,1
2024-02-02,624.4208374023438,624.4208374023438,617.5374580923967,622.4541575995017,26334.815,7.866701801395152,6.88336181640625,8.850041869951951,65.76786774257404,625.600830078125,624.2241394042969,601.4106506347656,-20.63485725910513,-0.392152637295973,0.7669983387326601,True,50.0,55.172449543488696,42.46120558005956,1.178365661373924,8.85009765625,813307.2235236348,-13.296002075925063,1
2024-02-05,635.2374877929688,636.2208275573541,627.3707696778855,634.2541480285834,44017.74,11.799990429081618,11.799990155010391,9.833311585488786,70.72244118255142,625.2074829101563,626.1908142089844,604.5081665039063,-5.882519612799305,1.2803665883510846,1.732275088099431,True,50.0,93.10323974370037,59.77007568213417,1.2967456632578145,19.666748046875,847543.243523635,70.83320898548935,1
2024-02-15,685.387939453125,697.188018755044,681.4545796858188,697.188018755044,112945.296,62.93387072646067,60.967191197689885,54.083810007933266,83.09662168794235,636.0242431640625,632.9758605957031,609.9657043457031,-13.33333216299003,7.894744216851731,8.7504972358569,True,50.0,86.66666783700997,78.31411904139969,4.378689968284792,67.8504638671875,791070.5955236338,307.2752256697641,0
2024-02-16,671.6211547851562,687.3545932574293,671.6211547851562,685.3879134483951,44232.811,-11.800105306648902,-9.833425497614712,-9.833424900662521,73.7607830814868,646.8409790039062,638.482568359375,614.8332397460938,-28.888915146617457,4.620884290282653,5.782142100103236,False,50.0,71.11108485338254,83.62699747803097,5.067549731301643,55.06707763671875,746837.7845236338,145.58528943158854,0
2024-02-19,666.7044677734375,670.6378274653163,662.7711080815589,662.7711080815589,34408.673,-22.616805366836275,-16.71676579211305,-8.8500467035974,70.66750932916825,656.6743774414062,642.0226013183594,619.3566040039062,-34.444455867266996,2.5460074718718224,4.334451407427544,False,50.0,65.555544132733,74.44443227437519,4.773601884156452,35.40032958984375,746837.7845236333,77.7882235547053,1
2024-02-20,675.5545043945312,676.5378442844795,663.7544257151508,663.7544257151508,30166.461,0.9833176335919234,5.900016819163284,0.9833176335919234,72.89920957566513,666.9011108398438,646.2509704589844,624.4208068847656,-24.444482570097822,2.3845008830142835,4.912194105310202,True,66.66666666666666,75.55551742990217,70.74071547200592,4.746738635357499,42.28369140625,772363.2515236336,72.29576584548764,0
2024-02-21,669.6544189453125,671.6210985897922,666.704399478593,666.704399478593,30564.485,2.9499737634422445,-4.916745694687393,2.9499737634422445,69.07693589760152,673.7844970703125,649.4959899902344,629.0916687011719,-31.11120040068598,0.34380595729627883,3.4823302626417774,False,50.0,68.88879959931401,69.99995372064974,3.936549945335738,32.4501953125,778476.1485236336,52.70493293225104,1
2024-02-22,680.4711303710938,683.4211497224135,673.5877518846809,683.4211497224135,33145.643,16.716750243820456,11.80005113262132,6.883352406087852,72.0118699458254,672.8011352539063,654.4126892089844,634.5983703613281,-18.88901081525699,0.8256339016808566,4.518556147496691,True,50.0,81.110989184743,75.18510207131975,3.735714203664788,49.1669921875,791734.405723634,65.58346449115231,1
2024-02-23,685.387939453125,691.2879791040845,684.4045995112984,689.3212992204313,46448.923,5.900149498017868,7.866829381670982,10.816847626617573,73.26990568612327,675.5544921875,661.1977355957031,640.3017486572265,-13.33333216299003,1.5541591400682533,4.628478344459241,True,50.0,85.18518990481789,78.39499289629165,3.542304793677353,67.8504638671875,758556.6035807766,77.19105124257814,1
2024-02-26,686.3712158203125,688.3378955218034,683.4211962680762,688.3378955218034,28798.079,-0.9834036986279671,-2.9500835822810814,-0.9834032432222557,73.52948039724988,679.487841796875,668.0811096191406,645.7101196289062,-12.222292984668833,1.3307506443081305,4.049686169841305,True,66.66666666666666,84.50697631644388,83.6010518020016,3.1045864078117376,68.833740234375,764316.2193807766,73.04108988584329,0
2024-02-27,686.3712158203125,689.3212353725488,679.4878368650944,688.3378955218034,33006.829,0.0,0.9833398507454376,-3.9333594029817505,73.52948039724988,681.6511840820312,674.2761474609375,649.2501434326172,-12.222292984668833,0.8427636578853565,3.1527067817345675,False,66.66666666666666,68.57125545825122,79.42114055983768,2.4668594289418806,61.95037841796875,777518.9509807767,63.6397680985017,0
2024-02-29,678.5045166015625,686.3712356346241,676.5378368432971,679.4878564806952,54368.302,-8.850039041108175,-2.9499997379247134,-2.9500000217973366,67.3063094345639,683.4212036132812,678.6028503417969,652.3968322753906,-23.4568369614042,-0.3849831093561268,1.1977519465802853,False,50.0,55.17228207672489,69.41683795047335,1.2295448030836909,43.26702880859375,744897.9697807766,14.961735773468865,0
2024-03-01,677.5211791992188,685.3878982610385,676.5378393164913,685.3878982610385,23390.635,5.900041780343258,-0.9833373735856412,2.473194172125659e-06,66.53838049364163,682.8312133789062,677.8161743164062,655.3960174560547,-28.169026731618246,-0.7204592908974121,0.38853941112857615,False,50.0,51.72401665669684,58.48918473055767,0.11776002230622495,-7.86676025390625,726705.2536696657,18.648121419324074,1
2024-03-04,712.92138671875,712.92138671875,699.1546289062501,702.1046484375,88861.397,16.716750176461574,27.53348845771154,22.61678958975881,76.89244824103625,688.3379028320312,681.9461975097656,660.2143829345703,-0.0,3.645457794049827,4.6301829735430085,True,50.0,100.0,68.9654329111406,1.4645809512617092,41.30023193359375,815566.6506696657,219.55107361423276,1
2024-03-05,717.8380737304688,725.704792346693,715.8713940764127,722.754772865609,64403.889,20.65012442810894,12.783405627943011,16.716765170162603,77.92729244302417,694.6312744140625,687.0595581054688,664.5410797119141,-12.500012843809458,3.546096314437182,4.93530966010512,True,50.0,86.66666740031556,79.46356135233749,2.3330805893694446,51.13360595703125,776924.3172696657,200.3965917060589,1
2024-03-06,722.7548217773438,725.7048414580677,705.0547036930006,706.0380435865753,43687.122,-16.716729279033643,4.9111374664789764e-05,-10.816690383412038,78.95543862411415,701.9079956054687,691.77958984375,669.0152801513672,-4.687501475679298,3.3513039318513163,5.00000299262398,True,50.0,94.33963081040824,93.66876607024129,2.850935855364284,47.2003173828125,808129.4044125226,122.7274045109045,1
2024-03-07,747.3383178710938,756.1883768985145,741.4382785194798,742.4216184114155,71817.344,36.38357482484014,30.48353544044687,36.38357482647916,83.21899082373113,715.674755859375,699.5479797363281,674.5219848632812,-9.574467946160487,5.336107718818014,7.521814022297091,True,66.66666666666666,88.88889011764951,89.96506277612446,4.370455249012991,77.68389892578125,793765.935612523,167.89881787115868,1
2024-03-08,770.9383544921875,782.7384313466598,759.1382776377152,781.7550916087871,87139.744,39.33347319737163,26.55005444814526,17.699999118235382,86.156254337039,734.3581909179687,708.5947021484375,681.503695678711,-10.169496538644156,6.3531423973321095,9.66311842701571,True,83.33333333333334,88.88887872082611,90.7057998829613,6.365419357345537,90.46722412109375,793765.935612523,168.96779501014166,0
2024-03-11,753.2383422851562,765.0384207543754,748.3216429229816,755.2050220300262,64759.81,-26.55006957876094,-17.700010592284457,-10.816634714733596,75.36343362753705,742.42158203125,715.3797424316406,688.2887390136718,-27.02694037903767,2.1333363126568283,6.094184825859249,False,83.33333333333334,72.22229385865681,83.33335423237749,5.9036229767927395,67.85040283203125,767100.1314948761,98.55775344153375,1
2024-03-12,757.1716918945312,758.1550317541345,741.4382541408786,744.3882737196885,58110.339,-10.81674831033763,-6.883389000240868,-6.8833887821029975,76.08956171256573,750.2883056640625,722.4597900390625,695.2704498291016,-24.07400784495516,1.6501663776543476,5.696636888153115,True,83.33333333333334,75.92599215504484,79.01238824484261,5.293319907218432,70.80047607421875,818373.9600242883,72.57941686001392,1
2024-03-13,766.021728515625,771.9217675029083,764.0550488531971,771.9217675029083,36754.557,27.533493783219797,13.76673574877384,22.61679471231855,77.70264739268114,758.9416870117187,730.4248413085937,702.3504943847656,-15.740686678082103,1.7414002015129006,5.938347829122029,True,83.33333333333334,84.25931295534957,77.46919965635043,4.923635749416711,79.6505126953125,799996.6815242888,86.2343513714711,1
2024-03-14,770.9383544921875,771.9216942300602,757.1715981619699,766.0216558028241,42010.806,-5.900111700084267,-7.327284811253776e-05,-6.883450691227267,78.57849886538837,763.6616943359375,739.6682250976562,709.1355377197266,-11.111121279173888,1.31379715004729,5.589214514538509,True,83.33333333333334,85.8823402262836,82.02254844555935,4.461903278385506,92.433837890625,836406.0467242887,72.36045791958728,0
2024-03-15,740.4549560546875,764.0551140165899,740.4549560546875,758.1550745261143,73316.437,-7.8665812767097805,-7.866580213470343,-16.716642107282382,62.08392498772572,757.5650146484375,745.9616027832031,711.8888885498047,-39.81472560460427,-2.5452887223831424,0.7919757995186141,False,66.66666666666666,45.569713800956336,71.90378899419652,1.6973650496871144,62.93377685546875,763089.6097242887,10.247349681100786,1
2024-03-18,754.7797241210938,755.7676556971685,744.9004083603464,744.9004083603464,43589.856,-13.254666165767844,-8.287458319421376,4.445452305658932,65.76764740110735,757.873291015625,750.1474365234375,716.0468170166016,-26.326319553495324,-0.30657416301770846,1.8605634710910497,True,66.66666666666666,64.00957051106556,65.15387484610186,0.490078314917497,41.85833740234375,798754.0373606522,9.870344742966688,0
2024-03-19,752.8038940429688,755.7676889014056,745.888372706616,748.8521675650529,30152.375,3.951759204706491,3.320423707009468e-05,0.987964346269564,64.820050907934,756.9997314453125,753.6440185546875,720.3517883300781,-35.81380175307602,-0.5580368615674145,0.7410014847745673,False,66.66666666666666,29.205115953715723,46.26146675524589,-0.7192484668758681,34.9658203125,810814.9873606525,-10.809142311486797,0
2024-03-20,748.8521118164062,759.7193588216575,742.9245225408146,754.7797010919978,41280.325,5.927533526944899,3.951669920251902,-2.963850165801432,62.84440226735171,753.5658081054687,756.2537475585938,724.0166687011719,-43.62087216170992,-0.8985319592495158,-0.18776834945267246,False,50.0,19.85919015344745,37.69129220607626,-1.9909203395857418,26.0972900390625,798673.7153018294,-53.892181519787044,1
2024-03-21,774.5382690429688,774.5382690429688,762.6830914555765,763.6710229211924,46026.103,8.891321829194567,14.818910221311285,19.758568914761895,69.4474257807844,754.285791015625,758.9737426757813,729.2608612060546,-10.555830096426641,2.308538643860122,2.5897687643229874,True,50.0,100.0,49.68810203572108,-1.3390440001080748,27.199951171875,844699.8183018294,97.05785814187949,1
2024-03-22,775.5263061523438,779.47803255312,765.6469901504031,778.4901009529259,30660.82,14.819078031733511,4.939763510151238,2.9638986948266393,69.6735788230949,761.3000610351562,759.4325378417968,734.0136199951172,-17.05660460620963,2.3356855210150913,2.1257772694053605,True,50.0,89.87336018743942,69.91085011362897,-1.0888217158724878,4.58795166015625,857840.1697304009,114.5022652145749,0
2024-03-25,770.5866088867188,778.4900612855569,769.598677336864,773.550403536283,19877.101,-4.939697416642844,-0.9879712675631254,3.9516871864608447,66.9699310216914,764.4614379882812,761.1673645019531,738.2735534667969,-28.738939682775154,1.0144605101370092,1.2170620214196823,False,50.0,77.21495980267369,89.0294399967044,-1.479277992350724,17.3482666015625,842380.2022859566,85.17822247366138,1
2024-03-26,772.5625,782.4418158567776,766.6349104859336,778.4900895140665,40990.702,4.939685977783483,3.951754571220704,-2.9637668509303694,67.51991543792938,768.4131591796875,762.7064453125,742.5831176757813,-23.529542107566197,0.881533379439761,1.4585596149185553,True,50.0,76.4704578924338,81.18625929418232,-1.8061225474283766,15.39080810546875,832132.5267859562,76.50269450608403,0
2024-03-27,769.5986328125,775.5262217686939,769.5986328125,775.5262217686939,18794.479,-2.9638677453726814,-6.915594088083708,2.963722326566426,65.72897133787382,772.5624633789063,763.0641357421875,746.7444885253906,-30.58857724729927,0.12852991052775067,0.8886856480627366,False,50.0,69.41142275270073,74.36561348260277,-2.387090092187126,3.576904296875,813338.0477859562,55.87170150408854,0
2024-03-28,759.7194213867188,766.6349427777552,758.7314897594279,764.6590795231733,27190.918,-10.86714224552054,-8.891278990938645,-10.867143053072141,59.94707573721066,769.5986938476562,761.9422424316406,750.8052337646484,-54.11787063182019,-1.3891783463408782,-0.43411741101682944,False,50.0,42.500124468595345,62.79400170457664,-3.5327621776011284,-11.21893310546875,792944.859285956,-6.316582840163005,1
2024-03-29,766.6348876953125,767.6228192516209,758.7314352448453,759.7193668011537,9802.0,-4.939712722019635,0.98787647386564,-5.45145825299187e-05,62.46823428279006,767.82041015625,764.5602355957031,755.2609191894531,-37.647321652471405,-0.321131619179105,0.4654691057216307,True,50.0,59.999972581422064,57.3038399342394,-3.8924731279168228,26.179931640625,800568.6370637339,0.7948806829873456,0
2024-04-01,760.707275390625,773.5503852348824,759.7193438641436,773.5503852348824,21041.261,13.831018433728673,5.927565983261502,0.9879086192983095,58.99580098549603,765.8445434570312,765.1529907226562,757.6502136230469,-51.765101197376616,-0.7731988720872485,-0.19982238025473115,False,33.33333333333333,44.99992625412707,49.16667443471484,-4.551445762641865,5.92755126953125,782533.2704923054,-8.176341012817126,1
2024-04-02,780.4659423828125,780.4659423828125,773.5504213743571,774.5383529469937,37974.481,0.9879677121112991,6.915557147930144,13.831077510213504,65.89051498547761,767.4252319335938,767.9191955566406,760.781607055664,-5.00002228939833,1.5859421324600327,1.9464471884412229,True,50.0,91.66663114226556,65.55550999260491,-3.713833386629112,27.66204833984375,820507.7514923054,105.4282655760552,0
2024-04-03,770.5866088867188,775.5262666359926,768.6107457870093,773.550403536283,30890.544,-0.9879494107105984,-4.939675746819944,-4.939675587347892,60.35498001362949,767.6228271484375,770.0926452636719,763.1731964111328,-30.000048017635635,0.3430527369999978,0.48309100565012514,False,33.33333333333333,49.99992971815607,62.22216237151625,-3.865062918264581,21.7344970703125,807268.9469208767,21.20718413992962,1
2024-04-08,773.5504150390625,782.4417991199713,773.5504150390625,779.478004426335,32202.226,5.927600890051963,6.915532483978723,4.93966925205325,61.415836167249985,770.3890258789063,769.9938598632813,764.4838012695312,-22.500024853988133,0.6426733585404503,0.6426746905413547,True,50.0,62.49996588734441,68.05550891592203,-3.799723269959486,-0.98785400390625,775066.7209208767,85.45736230305766,1
2024-04-09,809.115966796875,810.1038983802656,782.4418140453297,785.4056087955014,56857.731,5.9276043691663745,27.662099260294326,8.891399006267193,71.42542016287145,778.8852416992188,773.3528259277343,766.3926818847656,-1.9230761444830275,4.154305223505108,4.586573050777607,True,66.66666666666666,98.07692385551698,70.1922731536725,-1.5128398887867682,33.58966064453125,827863.1854208766,258.52253257986683,0
2024-04-10,805.1642456054688,809.1159719642686,800.2245876569689,805.1642456054688,27480.849,19.758636809967356,-0.9879264159969807,17.782773611639186,69.24791621647762,787.7766357421875,776.8105895996093,768.9889770507813,-9.615370712857768,2.7958823394190686,3.733562022597803,False,50.0,90.38462928714225,83.6538396766679,-0.47187011198486317,34.57763671875,830916.6130875434,175.7425647942064,1
2024-04-11,810.1038818359375,810.1038818359375,801.2124977670064,801.2124977670064,25200.651,-3.9517478384623246,0.9879098716688759,0.9879101100375465,70.47532304138647,793.7042236328125,780.5647277832031,771.6355865478515,-3.220466198246455e-05,2.350737726707864,3.9839373958514726,True,66.66666666666666,99.99996779533802,96.15384031266576,0.3021169454007051,37.5413818359375,856117.2640875434,124.7909359384447,0
2024-04-12,808.1279907226562,816.0314429546627,807.1400591936555,813.0676483676602,31508.936,11.855150600653815,5.92756111872518,5.927561426649049,69.26887473329464,801.2125,784.4176635742188,773.7408996582031,-13.793108496654376,1.5098206672758363,3.315437051069445,False,50.0,86.20689150334563,92.19716286194199,0.4261693412938179,38.52935791015625,831610.313865321,101.31202020267646,0
2024-04-15,796.2728271484375,802.200416432421,793.3090325064459,794.2969640537764,38913.47,-18.770684313883862,-13.8310265222417,-13.8310266872096,62.289455563018535,805.756982421875,788.0730041503906,775.0076232910156,-34.48274545840923,-0.5142990352670366,1.54330592788828,False,50.0,64.91230814453544,83.70638914773973,-0.4950911636984969,36.55340576171875,818639.1571986537,39.254779727717576,0
2024-04-16,778.489990234375,793.3089621296994,775.5261958553101,792.321030670011,49508.969,-1.975933383765323,-8.891454302721627,-17.782836651135767,53.47293495484131,799.631787109375,789.2585144042969,776.909375,-65.51736067891595,-2.8360134110706077,-0.8181342570042034,False,33.33333333333333,20.833191069372493,57.31746357241787,-2.4004013974214296,11.8551025390625,785633.1778653205,-31.39043095468146,1
2024-04-17,794.2969970703125,798.2487234238962,783.4297495979575,788.369407539937,34472.074,-3.95162313007404,4.939761294196842,7.903553742647432,59.088179261411014,797.4583374023438,792.6174865722656,778.8852386474609,-37.93096502607689,-0.5565820650278881,0.8255862426366497,True,33.33333333333333,54.16675168754022,46.6374169671494,-2.6735190696124818,33.5897216796875,801720.1457319868,-0.550814109274101,0
2024-04-18,794.2969970703125,800.224586600688,782.4418180095616,786.3935443631452,43598.591,-1.9758631767917905,1.9758631767917905,-0.9879315883958952,59.088179261411014,794.2969604492188,794.0005920410156,780.9598937988281,-38.59640509833079,-0.33057426525993727,0.5314194144612422,False,33.33333333333333,48.837288194787995,41.27907698390026,-2.9119655428405515,13.8310546875,816253.0093986533,-7.499834682381351,0
2024-04-19,740.94873046875,760.7073632812501,736.99700390625,759.7194316406251,130968.654,-26.674112722520135,-39.5172233194379,-45.444814103311614,39.79692968707177,780.8611083984375,791.0368041992188,780.5647247314453,-94.99999416699936,-5.6603694895760865,-6.024843965214792,False,16.666666666666664,5.000005833000643,36.00134857177631,-6.514105806842046,-29.63787841796875,728940.5733986528,-220.22325862231506,0
2024-04-22,733.045166015625,747.8641383744315,731.0693030344509,731.0693030344509,46540.798,-28.650128606174235,-12.843224906818591,-5.927700871799175,37.80226970202129,768.215576171875,786.986279296875,778.4900695800782,-97.67441947315629,-5.155523637692914,-6.558931768820841,False,16.666666666666664,2.3255805268437024,18.720958184877464,-9.120692339624288,-40.5052490234375,693350.5513986526,-174.16383877963528,1
2024-04-23,744.900390625,751.8159114928714,742.9245275198939,751.8159114928714,30423.647,20.746608458420496,3.95177311843986,11.855224485443046,42.51677151996794,761.49765625,780.5647216796875,776.958773803711,-83.72088132015276,-2.5420078516124778,-4.787962251263879,True,33.33333333333333,16.279118679847233,7.868235013230546,-9.684895846927628,-64.215576171875,676448.5252875414,-101.87310714228353,1
2024-04-24,773.5504150390625,775.5262781681533,759.7193731354266,760.707304699972,39457.128,8.891393207100691,23.71036667528199,16.794845615532722,52.090602402763544,757.34833984375,777.4033386230469,777.1069641113281,-49.99995051383384,1.315505018417118,-1.125959599170787,True,50.0,50.000049486166155,22.86824956428572,-7.845518036731514,-31.61383056640625,706041.3712875415,-25.19943389833977,0
2024-04-25,756.755615234375,764.6590681349951,755.7676836217975,760.707341684685,28534.926,3.698471300594974e-05,-10.867210033158244,-3.9516895136291623,47.07656298748092,749.8400634765625,772.0685119628906,776.3166198730469,-69.76734316714925,-0.06522779352036412,-2.7301536063047127,False,33.33333333333333,36.11121908947535,34.13012908516293,-7.478346237727244,-53.3482666015625,683847.5399542083,-44.071139012504766,1
2024-04-26,772.5625,779.4780210997443,772.5625,778.4900895140665,32571.247,17.782747829381492,14.8189529647492,16.79481637820254,51.83655200562653,756.1628173828125,768.511962890625,776.4648132324219,-51.162721413896215,2.5125639536075006,-0.35042749335774404,True,50.0,60.00003879068305,48.703769122108206,-5.955564388007048,-35.56549072265625,651276.2929542083,18.890993531392144,1
2024-04-29,785.405517578125,785.405517578125,777.5020658289111,780.4658602348663,26765.837,1.975770720799801,5.927496478380704,4.9395658289111,55.39264972763418,766.6348876953125,767.4252319335938,777.7491180419922,-36.04655603695784,3.202068968227454,1.5758006207189768,True,66.66666666666666,78.57131334242995,58.22752374086281,-3.9638684310701358,-10.8673095703125,678042.1299542084,57.29551417585331,0
2024-04-30,780.4659423828125,792.3211212544501,780.4659423828125,787.3814633912677,39051.972,6.915603156401403,6.915603676325077,2.9638765539014003,53.72820442239697,773.747998046875,767.6228271484375,778.4406707763671,-30.55550941260638,1.498930729937355,1.2387885646595693,False,66.66666666666666,71.4285833287769,69.99997848729664,-2.9084832587490013,1.9759521484375,638990.1579542084,62.45154961170458,0
2024-05-02,762.68310546875,779.4779406928028,762.68310546875,779.4779406928028,40527.228,-7.90352269846494,-12.843180561647273,-17.7828369140625,48.05701462647792,771.5745361328125,764.4614379882812,778.5394622802735,-54.28577426912094,-1.1945456449865899,-0.7074022163623774,False,50.0,51.61283918258769,67.2042452845982,-3.308282518562181,-31.6138916015625,598462.9299542084,9.461185364959464,1
2024-05-03,770.5866088867188,778.4900612855569,763.6710880377353,778.4900612855569,29901.556,-0.9878794072459414,-0.9878794072459414,0.9879825689853305,50.58590421565712,774.3407348632812,762.0903991699219,778.0454956054688,-42.85714147290264,-0.10672312148495035,0.4076369945300257,True,50.0,64.51613519509397,62.51918590215288,-2.952422573921332,-23.71038818359375,596469.4928875419,34.48278547954868,1
2024-05-06,776.51416015625,783.4296806665474,776.51416015625,781.4538176636053,32599.878,2.9637563780484015,4.939619380990507,12.84307211851467,52.4788330769935,775.1310668945313,765.6469421386719,778.3418731689453,-34.2857771983945,0.23379124756696418,1.3757472996103108,True,66.66666666666666,67.99989654521043,61.37629030763071,-2.2609563274782722,35.5654296875,563869.6148875419,65.47273140453338,1
2024-05-07,790.34521484375,790.34521484375,782.4417626953125,787.3814202880859,33890.214,5.927602624480642,6.91553417720263,5.927602539062491,56.70095081818712,776.1190063476563,771.3769470214844,779.1816131591797,-3.2258738893320342,1.630319991223292,3.2258037086588303,True,66.66666666666666,94.59447171410486,75.70350115146977,-0.885850055147845,57.300048828125,597759.8288875419,109.09088869758686,1
2024-05-08,792.321044921875,792.321044921875,782.441730147288,784.4175931022054,21757.193,-2.9638271858805183,1.975830078125,-3.2548024478273874e-05,57.2922842618924,778.4900268554687,776.1190124511719,778.3418670654297,-0.0001246209129704709,1.7336111229498878,2.908463163478959,True,66.66666666666666,99.9997911753859,87.53138647823374,0.09110949091031806,47.420654296875,619517.0218875419,103.97794385351392,0
2024-05-09,786.3935546875,792.3211442956973,786.3935546875,788.3694178902324,21923.999,3.951824788027011,9.937382230873482e-05,3.9518245402119874,54.84113189914436,783.2321166992188,777.4033264160156,777.4033325195312,-11.999991082589482,0.8446026793619857,1.5522069808456476,False,66.66666666666666,80.0000612631364,91.53144138420907,0.2627254528656673,12.8431396484375,597593.0228875419,81.71050920222075,1
2024-05-10,792.321044921875,797.2607023091686,788.3693190120403,793.3089763993337,25101.318,4.939558509101289,4.939558013471242,1.9757643245402505,56.85483245669869,787.57900390625,780.9598693847656,776.5141906738281,-11.904791561470548,0.9651655183063811,1.7981748197887586,True,83.33333333333334,85.71428370198512,88.5713787135025,0.6765296197643806,35.5654296875,594803.9875542083,105.76893385515099,1
2024-05-13,809.115966796875,815.0435562972184,808.1280352134844,813.0676931304373,34812.619,19.75871673110362,17.78285398804985,19.758716201444145,62.08122306684619,794.099365234375,784.6152160644531,776.563589477539,-10.00000376679618,2.268476200355728,3.5616488118222924,True,83.33333333333334,88.6792619113192,84.7978689588136,1.9124325145000967,36.553466796875,569937.8311256372,203.1622870392982,1
2024-05-14,815.0435180664062,815.0435180664062,801.2124765477037,806.1521342329546,28691.846,-6.915558897482697,-3.823081215159618e-05,-6.915558665780736,63.77093519254264,799.0390258789063,787.5790161132812,777.5021240234375,-7.301467337788864e-05,2.188274606988498,3.6757783220315763,True,83.33333333333334,99.99992698532662,91.46449086621033,2.900933868742685,29.63800048828125,598629.6771256372,147.01409133784907,1
2024-05-15,828.8746337890625,833.8142919165301,826.8987705380755,827.886702163569,39467.772,21.73456793061439,18.770773850123874,25.686293990371837,67.46175606090759,806.3497436523437,792.4198852539063,780.0213562011719,-6.944433762670328,3.092369034322024,4.809503807021972,True,83.33333333333334,92.9577523490327,93.8789804152262,4.18032506010335,48.40869140625,581714.9176970654,169.7489865324416,1
2024-05-16,830.8504638671875,845.6694376579221,826.8987375229916,841.7177113137262,43927.195,13.831009150157229,11.855145741391993,-3.301508388631191e-05,67.97026677029321,815.2411254882812,799.23662109375,781.8490295410156,-17.857125866165426,2.519302876627087,4.558645189273069,True,83.33333333333334,78.57144917048983,90.5097095016164,4.808868125422332,68.1673583984375,556283.3837496969,132.73670599080447,0
2024-05-17,824.9228515625,837.7659618263473,823.9349200037425,837.7659618263473,26207.289,-3.9517494873789474,-7.903475831574838,-2.963817519249119,64.6629175933723,821.7614868164062,804.6702453613282,783.380322265625,-25.000003673049537,0.9877037620718001,3.3309287875406115,False,83.33333333333334,67.18750859038688,79.57223670330315,4.481183316079191,54.33624267578125,533819.9931782684,89.13570914081073,0
2024-05-20,824.9228515625,827.8866462387725,812.0797412986527,823.9349200037425,28808.661,-13.831041822604789,-9.879315587574752,-11.85517870508977,64.6629175933723,824.9228637695312,809.5111145019531,787.5790283203125,-25.301223977701394,0.32038281007093106,2.6639354846877366,False,66.66666666666666,67.18750859038688,70.98215545042122,3.939404025363917,48.40869140625,551825.4063032682,51.19730675970082,1
2024-05-21,830.8504638671875,830.8504638671875,819.9832164206488,819.9832164206488,19705.349,-3.9517035830937175,2.963817628414972,7.903475121996053,66.59720499856428,828.0842529296875,813.5616394042969,792.4692932128906,-21.428550829510165,0.5980871984331633,2.759396712100102,True,66.66666666666666,74.9999948577247,69.79167067949952,3.6611430977599095,40.5052490234375,571530.7553032682,61.42650966553946,1
2024-05-22,853.5728759765625,854.5608075459799,832.8263130187988,834.8021761576335,36628.342,14.818959736984766,23.710343678792356,12.843096598150055,72.81903788578076,833.0239013671875,819.6868225097656,797.9029174804688,-1.3698616303087587,2.5519276083576905,4.737853602056671,True,66.66666666666666,98.50746434126377,80.23165592979181,4.626097674711756,61.2518310546875,604829.2480305408,124.99990022011629,1
2024-05-23,864.4400634765625,866.4159264787946,856.536611467634,864.4400634765625,37266.618,29.63788731892896,11.855118932814776,23.710298448835147,75.2265744206337,839.7418212890625,827.4914733886719,802.4473999023437,-2.352940651473433,3.1231524023308346,5.273705866488912,True,66.66666666666666,96.96969561530825,90.1590516047656,5.55257458042913,78.0465087890625,627189.2188305408,169.46218094197283,0
2024-05-24,856.5366821289062,861.4763400419911,847.6452978853536,847.6452978853536,34136.382,-16.794765591208943,-4.939586436803552,-8.891313582280418,70.2872351326592,846.0645874023437,833.913037109375,807.4364532470703,-12.345603021682884,1.661131974809539,3.6358222568403904,False,50.0,84.84858644699156,93.44191546785454,5.195817683899456,64.21563720703125,636942.4708305408,109.98073051018635,1
2024-05-27,858.5125732421875,867.4039577751906,855.5487783978532,861.4763680865219,26726.954,13.831070201168359,5.927617733199554,7.903480512499641,70.80995732015477,852.7825317382812,838.8526977539062,811.7339569091797,-11.249984401964154,1.2230682063471394,3.1250051550148825,True,66.66666666666666,83.9285848055818,88.58228895596056,4.672086255688093,49.3966064453125,623578.9938305405,102.22241420064084,0
2024-05-28,854.560791015625,862.4642434180817,854.560791015625,856.5366541162391,25329.216,-4.93971397028281,-4.939714357108983,-0.9879873822281979,68.19248010065411,857.5245971679688,842.8044250488281,815.1917205810547,-19.403050847927425,0.1737099249235617,2.0147398736427813,False,66.66666666666666,76.78563280690616,81.85426801982653,3.682214398679019,39.51727294921875,598249.7778305404,70.10949341404763,0
2024-05-29,846.6573486328125,857.5245958147972,845.6694170708139,850.6090748808069,33436.835,-5.927579235432177,-4.93964760328447,-8.891373944811107,63.1032492747854,856.1414916992187,844.5826965332031,818.5012908935547,-31.343322067497116,-1.0583029974221678,0.6951916583776083,False,50.0,62.49994945490746,74.40472235579848,2.1914872391474383,17.78271484375,570385.7486638738,27.945100268240747,0
2024-05-30,827.8866577148438,837.7659734393645,827.8866577148438,830.8504524322,38065.102,-19.758622448606957,-19.75862237543265,-17.782759355970143,52.878605526175605,848.830810546875,844.2863159179688,821.7614685058594,-71.42857608675854,-2.7654216934865503,-1.662429072511887,False,33.33333333333333,28.571423913241468,55.95233539168504,-0.23353719616310187,-2.96380615234375,532320.6466638738,-63.84013828860196,0
2024-05-31,811.091796875,835.7900854521924,811.091796875,827.8866331074909,77438.401,-2.9638193247091067,-1.9758879871720865,-16.79486083984375,45.65764914989625,839.7418334960937,842.9032104492187,823.7867279052734,-100.0,-3.7326585881862884,-3.487462997819541,False,16.666666666666664,0.0,30.35712445604966,-2.9904121373274677,-13.8310546875,454882.2456638738,-108.41577786013252,1
2024-06-03,835.7901611328125,842.7056825606254,826.8987764399102,828.8746397049996,28345.488,0.9880065975087291,6.915597108432962,15.806979564910193,55.42333305185684,835.1973510742188,843.98994140625,826.7505279541016,-56.14026550750091,-0.39245931972044884,-0.5972716148309276,True,33.33333333333333,43.85973449249909,24.143719468580205,-3.1559481624607777,10.8673095703125,458425.4316638738,-47.97956404615181,0
2024-06-04,828.8746337890625,840.7298132949848,826.8987705380755,833.8142919165301,28223.635,4.939652211530529,-1.9758692656406538,-5.901834697397135e-06,52.53933800950264,830.0601196289062,843.7923583984375,828.6769989013671,-68.42096515248042,-0.631657581851352,-1.4583486646389983,False,16.666666666666664,31.579034847519587,25.14625644667291,-3.6989371475819475,-1.975830078125,438265.6923781594,-68.78291031852034,1
2024-06-05,843.6935424804688,846.6573371261848,824.9228430576012,830.8504323490331,31975.446,-2.9638595674970247,5.927523831200006,-1.9759274804742972,57.68642036272166,829.4673583984375,842.8044250488281,831.2456237792969,-42.10531955388275,1.364981862979942,0.11723072858030342,True,33.33333333333333,57.89468044611725,44.44448326204533,-3.0545703975620704,-9.87933349609375,461520.562196341,-29.591966448211068,1
2024-06-06,883.2108154296875,888.1504732341041,874.3194313817377,882.2228838688042,62925.136,51.37245151977106,41.49313610791933,49.396588324136474,67.83437692213619,840.5321899414063,844.6815002441406,836.0864868164062,-6.410255194881749,5.34171040862023,4.26669143581082,True,50.0,93.58974480511826,61.021153366251724,-0.11661695459732613,18.770751953125,479499.1724820552,160.67994535871821,0
2024-06-07,868.3917846679688,877.2831681287329,868.3917846679688,874.3193736418116,41075.399,-7.90351022699258,-10.867305105371202,-5.927646713768922,61.77366559828005,851.9921875,845.8670104980469,839.890023803711,-25.64109520134646,2.7469241778646385,2.3680051868971557,False,50.0,74.35890479865354,75.2811100166297,0.6375496494387605,11.8551025390625,438423.7734820552,95.73313647542166,1
2024-06-11,872.3435668945312,884.1987456065747,872.3435668945312,881.2349509285639,48228.488,6.9155772867522955,6.9155774778417936,3.9517822265625,62.742064547294525,859.3028686523437,847.2501098632813,843.0514038085937,-20.512818395569717,1.9826745838156479,2.7540717736938385,True,66.66666666666666,79.48718160443029,82.47861040273405,1.1798826384872356,13.83099365234375,390195.2854820552,99.75676609061773,1
2024-06-12,898.0297241210938,902.9693815695047,877.2831628377681,877.2831628377681,48106.925,-3.9517880907957306,18.770635962929987,4.939595943236895,68.4156576619969,873.13388671875,851.5970031738282,847.2007141113281,-5.376346651727296,3.7276472166172088,5.350581401104075,True,66.66666666666666,94.6236533482727,82.82324658378553,2.945360275950126,43.46893310546875,419799.5470205166,119.9524309862276,1
2024-06-13,911.418212890625,927.2862122445423,903.4842132136664,915.3852127291043,55857.091,38.10204989133615,24.316830675037636,26.201050375898262,70.93256429005544,886.6788208007813,858.0730895996094,851.3278930664062,-13.65642169931407,3.627410490081606,6.371063664797724,True,83.33333333333334,86.34357830068593,86.81813775112965,4.593410484534392,64.7608642578125,401180.51668718306,130.41877221573466,1
2024-06-14,914.3934326171875,914.3934326171875,897.5336838596038,908.4429330556874,38408.123,-6.94227967341692,-12.892779627354798,-5.95052935406261,71.48345844819474,892.9153442382812,866.7237670898437,855.5050415039062,-11.095868580560323,2.591222222893067,6.10087829980345,True,83.33333333333334,87.404889337113,89.45737366202388,5.406446125764344,86.50677490234375,439588.6396871831,97.31109676736381,0
2024-06-17,913.4016723632812,917.3686720260969,905.4676730376502,905.4676730376502,26292.426,-2.9752600180371473,2.975239408909374,7.933989178046431,70.99417516315944,901.9173217773438,876.9547546386718,859.9289825439453,-11.949403796303761,1.9046495379706319,5.306169839331663,False,66.66666666666666,86.43602687998242,86.72816483926049,5.3880043622086475,102.30987548828125,448352.7816871827,93.11809463394358,1
2024-06-18,935.22021484375,942.162464582781,932.2449649555938,936.2119648064687,37876.013,30.74429176881847,24.79379255668414,26.777291917943558,75.08671905779855,914.4926513671875,886.8977600097656,865.4438507080079,-5.296570056779291,3.058225401244724,6.721115055922869,True,83.33333333333334,94.07858056114586,89.30649892608045,6.292795297105723,99.4300537109375,433202.3764871831,126.49332437289424,1
2024-06-19,972.90673828125,975.8819882454129,945.1377386157302,945.1377386157302,72228.052,8.9257738092615,33.7195236626319,12.892773660136413,80.3191250015699,929.4680541992187,901.3009704589844,872.546664428711,-1.9708974639869197,5.26692420573355,9.339171744829674,True,83.33333333333334,97.23207337492917,92.58222693868584,8.727134886296877,144.0321044921875,491450.80551944085,157.26471642736766,0
2024-06-20,972.90673828125,972.90673828125,962.9892384007072,962.9892384007072,48225.374,17.851499784977023,-2.975249964162913,17.851499784977023,80.3191250015699,941.7657592773437,914.2222900390625,878.5133575439453,-1.9708974639869197,3.864481757681384,7.9529024335110705,False,66.66666666666666,97.23207337492917,96.18090910366807,9.567597046982605,129.21319580078125,539676.1795194409,141.66855199166758,0
2024-06-21,961.9974365234375,969.9314359999195,952.0799371778351,953.0716871123954,88376.132,-9.91755128831187,-2.975302281330528,-10.909301222872159,74.89987020558097,951.2865600585938,922.1009521484375,883.391226196289,-9.19755587162429,1.7838385814646358,5.444465178051649,False,50.0,86.58995227006406,93.68469967330748,8.646976657695589,78.78662109375,549495.749741663,90.72180955575733,0
2024-06-24,932.2449340820312,952.0799326795212,932.2449340820312,950.0964328197722,66391.994,-2.9752542926231627,-17.85150332039825,-19.835003095803813,62.378049084760136,955.0552124023437,928.4862670898438,887.1766387939454,-40.596308045823164,-1.673642528693402,1.363425102996774,False,33.33333333333333,55.742825552972256,79.85495039932185,5.448567030603009,63.8531494140625,483103.755741663,28.367763236506086,1
2024-06-25,937.2036743164062,937.2036743164062,915.3851760783524,917.3686759181754,57368.432,-32.72775690159676,-14.876258363114971,-16.85975800367885,63.487887642954675,955.451904296875,934.9722778320313,891.1111938476563,-35.983106033602255,-1.562503405693666,1.4064879925362577,True,50.0,50.632864064876564,64.32188062930432,3.1929211845199177,64.860107421875,540472.187741663,-9.147564682953014,1
2024-06-26,952.0799560546875,952.0799560546875,943.1542064666747,943.1542064666747,44967.166,25.78553054849931,14.87628173828125,27.769030388322335,66.70258850908549,951.2865478515625,940.3773010253906,895.9871520996094,-22.988598705849142,-0.29427024314117856,2.244584638722902,True,50.0,69.620233166097,58.665307594648624,2.2720631108864566,54.05023193359375,585439.3537416629,38.83847383784727,0
2024-06-27,952.0799560546875,953.0717060089111,941.1707065582275,943.1542064666747,39729.446,0.0,0.9917499542235646,-1.9834999084472429,66.70258850908549,947.12119140625,944.4434753417969,901.2582824707031,-24.140279655785783,0.06949342547459475,1.5201578595807368,False,33.33333333333333,66.19716868580524,62.150088638926285,1.2815490175027264,40.6617431640625,618547.2254083301,27.14097409061828,1
2024-06-28,958.0304565429688,962.9892063180359,947.1212070378211,948.1129569928345,39138.21,4.958750526159747,9.917500309124875,5.950500479593643,68.04201599085307,946.3277954101562,948.807177734375,907.7654724121094,-22.78483477388125,0.9580226365271567,1.612903800082377,True,50.0,70.49178119807772,68.76972768332666,0.6761263961893036,43.63702392578125,633224.0541583297,44.96343321008566,1
2024-07-01,960.013916015625,968.9396652347785,957.0386662759072,960.013916015625,19935.737,11.900959022790516,5.950458916742605,9.917459238086053,68.50273901688499,951.881591796875,953.4684020996094,915.2115783691406,-20.25324268876204,1.2022975454231573,1.3877945513707144,True,66.66666666666666,73.7703993625836,70.15311641548887,0.08910058462118542,46.61224365234375,623256.1856583296,62.27520168867094,0
2024-07-02,952.0799560546875,962.9892055511474,951.0882061004638,959.0222057342529,25427.569,-0.991710281372093,-5.950459683631152,-5.950460175443368,64.44833099824801,954.8568481445312,955.1543762207032,921.0260681152344,-33.80283131419477,0.01736537490434214,0.2174865173425115,False,66.66666666666666,63.79308657664835,69.35175571243657,-1.0887312175545958,16.8597412109375,602066.5448249965,12.73150488989994,1
2024-07-03,970.9231567382812,970.9231567382812,959.0221578814279,967.9479070240678,24070.411,8.925701289814924,7.933951187133857,7.933951780964094,69.17519477342758,958.62548828125,954.9560180664063,928.1284942626953,-8.196847618082698,1.3982357365245308,1.6878689809917906,True,66.66666666666666,100.00000000000001,79.18782864641067,-0.863787604807662,-1.98358154296875,626136.9558249965,90.37213840544095,1
2024-07-04,996.7086791992188,1001.6674288469761,988.7746797628071,991.7499295514615,41893.299,23.80202252739366,30.744272108694872,29.752521881379153,74.28014420764919,967.5512329101563,957.3362121582031,935.7792510986328,-5.747125844123309,3.288796964600979,3.8312511905555278,True,66.66666666666666,94.2528741558767,86.01532024417504,0.6736080498332342,23.80194091796875,635804.6402096115,217.05019043176634,0
2024-07-05,996.7086791992188,1001.6674288469761,991.7499295514615,996.7086791992188,19998.094,4.958749647757259,0.0,2.9752497886544234,74.28014420764919,975.2868774414062,960.8073364257813,941.4541442871093,-5.747125844123309,2.498724996200518,3.6171482610546235,False,66.66666666666666,94.2528741558767,96.16858277058448,1.3059233044924667,34.71124267578125,635804.6402096113,150.18917597526521,1
2024-07-08,1026.461181640625,1041.3374306499095,991.7499339522947,996.7086836220562,40146.763,4.422837491802056e-06,39.67000180293337,4.400833176987362e-06,79.04547997809667,988.5763305664062,970.2289611816407,949.3576141357422,-11.81102240677468,4.334678091654675,6.217394979451848,True,66.66666666666666,85.14851199918611,91.21808677031318,3.2335634234314057,94.21624755859375,651863.3454096112,159.68614478296993,1
2024-07-09,1031.4200439453125,1046.2962945791392,1016.543793311486,1021.5025435227615,46373.121,24.79385990070523,4.958863929229665,24.793859359191288,79.72838519968622,1004.4443481445312,979.6505981445313,957.3114379882812,-11.3636265614347,3.585667041389707,6.095394354775425,True,66.66666666666666,85.84906784933514,88.41681800146601,4.282395856193304,94.21636962890625,651863.345409611,135.52208621282838,1
2024-07-10,1036.3787841796875,1041.3375343432267,1006.6262831984525,1011.5850333619916,46206.302,-9.917510160769893,-4.95876023591245,-9.917510113033472,80.42433375518385,1017.5354736328125,988.0804809570312,964.228890991211,-7.5757586620819035,2.6354630829263157,5.662293648986048,True,83.33333333333334,89.99999834099481,86.9991927298387,4.715658890716476,84.298828125,684867.8468381823,99.10343561527162,1
2024-07-11,1071.0899658203125,1071.0899658203125,1046.296216611509,1056.2137162950305,41724.336,44.62868293303893,29.752431477085793,39.66993341305647,84.49041142959726,1032.4117309570313,999.9814819335937,972.2124786376953,-0.0,4.347825569898024,7.973008006235936,True,83.33333333333334,99.99999999999999,91.94968873011,6.628365950708968,119.010009765625,726592.1828381823,143.06388307716688,0
2024-07-12,1031.4200439453125,1036.3787941565881,1016.543793311486,1021.5025435227615,68983.062,-34.71117277226904,-34.71117166372437,-29.752423300022997,67.11105491767665,1039.35400390625,1007.3204406738281,978.0638092041015,-30.534288834709418,-0.08005896685508371,3.28561599143259,False,66.66666666666666,66.94221654114754,85.64740496071414,4.606156954259333,73.38958740234375,761083.7138381817,53.153261236707394,0
2024-07-15,1031.4200439453125,1036.3787941565881,1016.543793311486,1031.4200439453125,38393.309,9.91750042255103,0.0,0.0,67.11105491767665,1040.3457763671875,1014.4610534667969,983.9647277832031,-31.99993471306962,-0.6369394543258993,2.606272189125158,False,66.66666666666666,64.60185792459355,77.18135815524705,2.7447697172229155,71.4061279296875,780280.3683381814,42.89101870910022,1
2024-07-16,1046.296142578125,1061.1723910507997,1026.4611446145586,1031.41989410545,32125.609,-0.00014983986238803482,24.793596894211532,9.917351303072678,69.8763336982496,1043.32099609375,1023.8826721191406,989.5185241699219,-20.661216385551487,0.4761797678215471,3.3300614103277955,True,66.66666666666666,69.87944228868191,67.14117225147436,2.0248614141851533,94.2161865234375,784869.7410524673,79.92161691570152,0
2024-07-17,1021.50244140625,1036.378690552943,1011.5849419751214,1026.4611911218144,54022.399,-4.958702983635703,-24.793700497856662,-14.876202639437224,60.61062552572869,1040.3457275390624,1028.9406005859375,991.9483093261719,-41.32233104733427,-1.748812036403018,0.37355592806811,False,50.0,37.499997799307,57.3270993375275,-0.47810024070638946,50.57928466796875,774065.261252467,-13.28163784546837,0
2024-07-18,996.7086791992188,996.7086791992188,977.865430537741,979.8489303968439,81990.095,-46.6122607249705,-39.67001135372425,-33.71951143738045,52.95092656163116,1025.4694702148438,1028.9406005859375,993.1384063720703,-66.37167977949304,-3.520004003340181,-2.419293268354459,False,33.33333333333333,20.212756871742283,42.53073231991042,-3.9663500151217193,0.0,856055.356252467,-163.4167231620456,0
2024-07-19,961.9974365234375,986.7911848874436,961.9974365234375,979.8489353455219,92507.621,4.948677997163031e-06,-9.917494311775158,-15.867994014303463,44.384320402408555,1011.5849487304688,1025.4694763183593,993.1384063720703,-100.0,-5.211729332577916,-5.74899116134014,False,16.666666666666664,0.0,19.23758489034978,-8.513169797895607,-34.71124267578125,763547.735252467,-199.64738695970894,0
2024-07-22,931.2532348632812,957.0387344441601,930.2614848794012,956.0469844602802,83062.356,-23.801950885241695,-29.752450443283465,-31.735951644036277,38.38408787257901,991.5515869140625,1015.948681640625,993.0888214111328,-99.29577456402718,-6.706405633239932,-8.270920584741392,False,16.666666666666664,0.7042254359728162,6.9723274359050516,-13.212558421830586,-95.20794677734375,686638.1463635785,-174.2161732367002,1
2024-07-23,970.9231567382812,970.9231567382812,948.1129089293124,955.0551582624768,47213.266,-0.9918261978034479,13.884422294121123,17.851424049911202,48.234713510150506,976.4769897460938,1009.8989929199219,994.7747955322266,-71.12681214253755,-1.7397149431787142,-4.160554697716705,True,33.33333333333333,28.873187857462458,9.859137764478444,-13.237445565566084,-60.49688720703125,733851.4123635786,-88.42069810716929,0
2024-07-26,916.376953125,922.3274528206169,907.4512035815748,907.4512035815748,82081.735,-47.60395468090201,-48.59570391766431,-40.661705347737666,38.90500365124905,955.4518920898438,997.8988098144531,992.9896453857422,-94.54545523242031,-5.182143847108396,-8.718204241491977,False,16.666666666666664,5.806453677839421,11.794622323758253,-16.31362332296695,-120.0018310546875,750267.7593635778,-132.6849885733166,1
2024-07-29,936.2119140625,940.1789136983581,928.2779147907839,934.228414244571,40809.258,26.777210662996254,17.851460877741147,20.82671120920918,43.25874619639098,943.3525390625,984.4110046386719,992.1962432861328,-82.42426788894593,-1.6837380259902037,-5.99950717685514,True,33.33333333333333,18.70965932180504,17.796433619035657,-16.357018401377108,-134.8780517578125,763870.8453635776,-83.34745765058719,0
2024-07-30,932.2449340820312,941.1706834509017,918.3604350637881,922.3274347832862,41761.392,-11.900979461284805,0.9917697525436324,-9.917479726995793,42.596456807946296,937.4020385742188,974.4934936523438,990.9069671630859,-84.84849789789773,-0.9831465727423105,-5.575090159094393,False,33.33333333333333,16.129026134032575,13.548379711225698,-15.978952519732417,-99.17510986328125,772949.4088418387,-76.12096297425848,0
2024-07-31,926.2944946289062,932.2449945944024,920.3439946634101,921.3357446576595,39894.991,-0.9916901256267465,-8.925688856499278,1.9835595996219126,41.55538947665221,936.4102905273437,963.9809387207031,989.22099609375,-87.74190379507448,-0.9893943553471594,-5.016945442996629,False,33.33333333333333,14.615417929860172,16.48470112856595,-15.446702396440584,-105.12554931640625,772949.4088418387,-72.3197527335342,1
2024-08-01,952.0799560546875,961.0057056427001,940.1789566040038,961.0057056427001,47382.27,39.66996098504069,28.760711048297708,19.834961940593757,47.60852498255321,932.641650390625,954.5593200683594,989.22099609375,-70.96772851689852,1.3906017086476838,-1.706483996451916,True,50.0,50.00001642920176,26.91482016436485,-12.78519679594525,-94.2161865234375,779718.3045561247,-8.78537370035555,0
2024-08-02,895.5501708984375,920.3439187084717,895.5501708984375,910.426419584458,76144.485,-50.57928605824213,-40.66178693422842,-44.628785705566315,38.15701306191749,928.4762939453125,941.9640930175781,985.4523468017578,-100.0,-3.336309717985563,-6.44910871970819,False,33.33333333333333,0.0,21.53847811968733,-14.152662318142493,-125.9522705078125,703573.8195561247,-123.16111508718598,0
2024-08-05,808.2762451171875,849.929744865558,806.2927451291698,844.9709948955139,144057.989,-65.45542468894416,-70.41417384291378,-89.25742576926768,28.595774378550615,902.88916015625,923.120849609375,976.0307250976563,-99.13793083520835,-11.026196756107508,-13.779419099914398,False,33.33333333333333,1.204819916703596,17.06827878196847,-19.90348653415579,-188.43243408203125,572612.0113743069,-254.74970325194658,1
2024-08-06,872.7399291992188,887.6161779923873,833.0699324174361,860.838930164684,102930.842,15.867935269170175,37.68643312682934,26.777187288266305,40.591063904628975,890.9881591796875,914.1950988769531,969.8322875976562,-65.10418920844891,-2.79823570860444,-5.655322456969817,True,33.33333333333333,40.36142740614483,13.855415774282825,-18.37134350487,-89.25750732421875,619398.7577379431,-108.51233678508645,1
2024-08-07,912.4099731445312,912.4099731445312,885.6327239326808,893.5667236991551,59158.704,32.72779353447106,24.793795152143957,52.562791515244726,46.61203209442582,888.2112548828125,912.3107727050781,964.1297271728515,-41.20878376706457,1.9955667969752744,-0.6121689061304559,True,50.0,68.58974688554358,36.718664736130684,-13.895095353167315,-18.84326171875,678557.4617379431,-17.46782656358872,0
2024-08-08,888.6079711914062,897.5337209020342,879.6822214807784,893.5667210306441,38236.391,-2.6685110015023383e-06,-14.876252242497003,-5.95050245190248,43.71230183845002,875.5168579101562,904.0792541503906,956.9891235351563,-49.99998769505554,0.037217758034275725,-2.555734924573401,False,50.0,53.20512631198574,54.05210020122473,-11.827159426256987,-82.315185546875,678557.4617379429,-37.16104855992663,1
2024-08-09,926.2944946289062,926.2944946289062,914.3934946979139,919.3522446691607,49494.621,25.785523638516565,28.760773726872003,34.7112732171355,49.173760968803734,881.66572265625,905.0710083007813,951.4849090576172,-27.108394902965205,4.786839856729815,1.622998512028118,True,50.0,77.56412203697812,66.45299841150249,-7.426101032732426,9.91754150390625,728052.0827379429,41.46255080584863,1
2024-08-12,932.2449340820312,940.1789335210273,923.3191847131607,934.2284339417802,38331.663,14.876189272619513,13.884438892121011,8.9256900152468,50.009241720955,906.4594604492188,904.6743103027344,944.5426574707031,-18.589762270209835,4.735372612811688,2.6387602428799317,True,66.66666666666666,81.41023772979017,70.72649535958469,-3.801794582824943,-3.96697998046875,730306.8864438254,65.40873704983235,1
2024-08-13,933.2366943359375,937.203694099321,929.2696945725542,937.203694099321,25764.381,2.975260157540788,-2.9752394217063056,5.950509859393492,50.158208127491235,918.5588134765625,904.773486328125,939.6334899902344,-17.94872983788202,2.4496448017215124,2.589260321524273,True,83.33333333333334,82.05127016211797,80.3418766429621,-1.1621195992144422,0.99176025390625,730306.8864438251,67.28967142359262,1
2024-08-14,940.178955078125,947.1212047464234,937.2037052202828,943.1542049359671,36780.856,5.950510836646117,9.917510647102404,7.934010647728655,51.267136089349734,924.1126098632812,906.1619323730469,935.071435546875,-13.461542262164752,1.9537544746555047,3.3148667222000263,True,83.33333333333334,95.07042135718437,86.17730974969753,1.1044270776524794,13.88446044921875,715594.5440438252,78.93569458854843,0
2024-08-15,935.22021484375,942.162464582781,933.2367149183126,937.2037147691874,19476.402,-5.950490166779673,-4.9587401636423465,-3.9669903019702133,50.39347500311442,933.43505859375,904.4759582519531,929.5176391601562,-16.6666649732264,0.9996434753064368,2.741965300539724,False,66.66666666666666,91.54930052134482,89.5569973468824,2.2562767463286537,-16.8597412109375,704774.3207104919,75.35895897473368,1
2024-08-16,961.0057373046875,961.0057373046875,950.0964874488036,955.0552373832962,44062.316,17.85152261410883,18.843272721906487,16.859772530491,54.76627327712857,940.3773071289063,911.0215148925781,926.4928039550781,-0.0,2.4493418533125944,5.2402964024447485,True,83.33333333333334,100.0,95.53990729284307,4.6059585724756875,65.45556640625,748836.6367104918,96.93398191734761,1
2024-08-19,964.9727172851562,966.956217217911,956.0469675877602,961.0057174196469,21348.863,5.950480036350655,5.950479913223489,5.95048013895655,55.42571684949704,946.9228637695312,926.691162109375,924.906005859375,-1.2345680738551257,2.1701094961494376,5.550534232544164,True,83.33333333333334,97.72727269331291,96.42552440488593,6.180337864782407,156.69647216796875,762422.2768014008,108.43601676355506,0
2024-08-20,964.9727172851562,968.9397171506656,960.0139674532695,968.9397171506656,24039.959,7.93399973101873,1.9834999327546257,3.966999865509365,55.42571684949704,953.270068359375,935.9144409179687,925.0547698974609,-2.4390247271157786,1.5834352033925458,4.886813193028154,False,66.66666666666666,95.55555549062115,97.76094272797803,6.918991350030267,92.2327880859375,765093.3833569564,110.39038077143823,0
2024-08-21,950.096435546875,956.046935143202,948.1129356814326,953.0716853450384,29758.188,-15.868031805627197,-12.892782007463666,-11.90103177183687,52.0399016926628,955.253564453125,939.6830871582031,925.9969299316406,-13.86863285371949,-0.27758789122975447,1.9600861159392746,False,50.0,65.4544700687334,86.24576608422251,6.129967326164,37.68646240234375,750214.2893569566,50.06682525208396,0
2024-08-22,943.1541748046875,956.0469237767811,940.1789250418967,950.0964242511994,24349.754,-2.9752610938389807,-1.1366420835656754e-05,-7.934010639535927,50.470322989398625,956.8403564453125,945.1377075195312,924.6084808349609,-28.888937732853474,-1.0577458399323594,0.5816990783863071,False,33.33333333333333,43.4782082359485,68.16274459843437,4.917145827897658,54.54620361328125,734995.6931069564,9.25382585012486,0
2024-08-23,941.170654296875,944.1459039943362,931.2531553053379,936.2119048011065,27592.153,-13.884519450092967,-11.901019782444905,-8.925769736558777,50.00027375805908,952.87333984375,946.6253234863282,925.8481658935547,-31.111183038892996,-1.3684439154103674,0.11428040903757308,False,33.33333333333333,29.99988139882577,46.31085323450258,3.8075224372889136,14.87615966796875,749853.0062608023,-50.79178460649603,1
2024-08-26,942.1624755859375,953.0717253032484,937.2037257144326,949.1047254060444,25057.581,12.892820604937924,8.925821308912191,5.9505704090946665,50.25300527510484,948.3112915039062,947.6170776367187,926.1456939697266,-49.09091841863608,-0.9384745026015828,-0.2537382740847613,True,33.33333333333333,28.947507404292654,34.141865679689,3.0019511617002,9.91754150390625,740456.4133858022,-26.315593242975694,0
2024-08-27,934.2284545898438,938.1954543970194,932.244954686256,937.2037044452254,18693.037,-11.901020960818983,-14.876270906229024,-4.958771028176557,48.1299763728696,942.1624389648438,947.7162536621094,926.2448699951171,-76.08692995499872,-1.240606993758388,-1.162892073856068,False,16.666666666666664,7.894854661236979,22.280747821451822,1.8527147825742147,0.99176025390625,734225.4010524683,-97.18090851274097,1
2024-08-28,956.0469360351562,956.0469360351562,935.2201874285812,937.203687295874,31059.233,-1.7149351378975553e-05,17.851481638136875,2.9752327423251472,53.96451270201773,943.3525390625,949.3030517578125,927.7324920654297,-32.500059938516785,1.2250610743703876,0.9335993314941988,True,33.33333333333333,65.78944726127148,34.210603108933725,2.4428331312520335,15.86798095703125,765284.6340524683,3.6744162068921957,0
2024-08-29,935.22021484375,939.1872146946248,929.2697150674377,934.2284648810313,43530.708,-2.975222414842733,-16.85972134053145,-5.950472361143511,48.30630757150352,941.7657470703125,949.3030517578125,926.8895050048828,-85.00000135158015,-0.7194222229632702,-1.2823856362088266,False,33.33333333333333,14.999998648419844,29.56143352364279,1.3651254313077088,0.0,773990.7756524688,-107.02407792471334,1
2024-08-30,936.2119140625,944.1459133342162,933.2366643356065,936.2119140625,63834.981,1.9834491814686999,4.9586986395913755,3.9669492681688325,48.586332465901435,940.7739990234375,946.8236694335938,928.9225921630859,-82.50012949205919,-0.4919214362423604,-1.1432100379560448,True,50.0,17.49987050794082,32.76310547254407,0.6878411154789705,-24.7938232421875,744974.8751979226,-68.24166553278482,1
2024-09-02,940.178955078125,947.1212047464234,935.2202053150546,942.1624549833531,18646.835,5.950540920853086,2.9752914122071843,1.9835409794480938,49.773647610677415,940.377294921875,944.3442932128906,935.5177276611328,-72.50002662515708,-0.052714279284551024,-0.7676197654455793,True,66.66666666666666,40.7407476072256,24.413538921195443,0.4853504158162959,-24.79376220703125,741867.0693645895,-33.20551399100821,0
2024-09-03,932.2449340820312,944.1459332405252,931.2531841521567,940.1789335210273,19547.575,-1.9835214623258253,-2.9752715058981494,-3.967021162897936,47.386091813756885,939.9805908203125,941.0715148925781,938.4929779052734,-92.50007850175673,-0.7217049310651978,-1.3554887158462963,False,50.0,11.111007442409187,23.11720851919189,-0.1695381327489056,-32.727783203125,725326.813595359,-72.10712484270317,0
2024-09-04,881.6657104492188,897.5337097373937,880.6739604937078,886.6244602267734,79709.021,-53.55447329425385,-46.61222350313153,-50.57922365844888,35.5325566482603,925.104345703125,934.2284423828125,936.9557647705078,-98.87640462952653,-5.223879152599037,-6.017089599760915,False,50.0,1.3157898416330662,17.722514963755973,-3.7947813423433057,-68.43072509765625,654995.3244777122,-330.6180215519342,1
2024-09-05,894.5584106445312,907.451159356703,892.5749108426587,899.5171601492127,30512.026,12.892699922439306,9.91744961930931,11.900950348950914,39.72524643118134,916.9719848632812,929.3688659667969,937.253286743164,-81.57900752745493,-2.7668017753851992,-4.042556514963249,True,50.0,18.420992472545066,10.28259658552913,-5.032465097653045,-48.59576416015625,632619.8387443786,-141.0819856378687,1
2024-09-06,910.4264526367188,910.4264526367188,895.5502034106286,901.5007031010647,24458.336,1.9835429518519732,2.9752932800157623,2.975292567969859,44.5658313133298,911.814892578125,926.2944458007812,936.4598846435547,-60.526313404398216,-0.5955587914411598,-1.9928813931645601,True,66.66666666666666,39.47368659560179,19.736822969926667,-4.507442045645098,-30.74420166015625,657078.1747443787,-78.86354211396112,0
2024-09-09,891.5831909179688,892.574940852249,883.6491914437265,884.6409413780068,35885.268,-16.859761723057886,-17.85151178446972,-11.901011966902047,40.3662840918416,902.0957397460937,921.2365173339844,934.4267974853516,-85.52633706458643,-1.8558954666708432,-3.5752595408241494,False,50.0,14.473662935413563,24.122780667853494,-5.11003203077551,-50.57928466796875,684988.9387443786,-101.08604779624395,1
2024-09-10,896.5419921875,903.484242127005,893.5667422134264,899.5172421615736,33498.628,14.876300783566762,10.90930127475599,9.917550769699915,41.93704039243504,894.9551513671875,917.46787109375,932.5920623779297,-78.94731954018958,-0.513568180710145,-2.6473974408309697,True,50.0,23.88064677812987,25.942665436381763,-4.857160408731836,-37.68646240234375,671589.4875443785,-59.48091290519816,0
2024-09-11,893.5667114257812,898.5254612117179,892.574961468594,898.5254612117179,18029.342,-0.991780949855638,-4.958780915287093,-0.9917807448324538,41.22626764432534,897.3353515625,911.2198486328125,930.2614501953125,-82.89473005482769,-0.12931737772086244,-2.5419132367092643,False,50.0,19.40298815559466,19.25243262304605,-4.576622101333129,-62.480224609375,659569.9262110448,-57.19918375139435,1
2024-09-12,936.4022216796875,940.3869119847075,924.4481507646276,932.4175313746675,39454.846,33.89207016294961,41.86145077298954,31.873189296033615,53.58234767980778,905.7041137695312,911.3380493164062,930.3205505371094,-26.063339299462708,3.601908644971061,2.109826898810016,True,66.66666666666666,83.86843098267721,42.38402197213393,-1.3594804254070585,1.1820068359375,679297.3492110447,72.21753838942682,1
2024-09-13,943.37548828125,951.3448693860546,935.4061071764453,951.3448693860546,25347.586,18.927338011387064,10.95795740134713,10.95795641181769,55.252985809492316,912.2939208984375,912.0544067382813,929.4390380859375,-11.276749131590169,3.4422596955802645,2.9888134510048388,True,66.66666666666666,88.72325086840982,63.99822333556059,1.2440733894558083,7.16357421875,679297.349211045,99.18011231259236,0
2024-09-16,943.37548828125,948.3563514717529,939.3907977288477,948.3563514717529,13626.239,-2.988517914301724,-2.988517914301724,3.9846905524024123,55.252985809492316,922.6523803710937,912.3740600585937,928.3591766357422,-11.276749131590169,2.823110083843709,2.9124596422337277,False,50.0,88.72325086840982,87.10497757316564,2.8787065484384495,3.196533203125,677783.3226554894,97.70031765647465,0
2024-09-18,937.3984375,944.3716458554729,929.4290565223167,941.3831279888417,28424.324,-6.97322348291118,-3.984705616279939,-9.961741206530974,53.296287046684554,930.8236694335938,912.8894104003906,926.9804626464844,-19.73433213841814,1.3283155721449331,2.2493964540403732,False,50.0,79.39834224285933,85.61494799322634,3.4323462682252215,5.15350341796875,679678.2775888226,75.7494930078518,1
2024-09-19,956.32568359375,956.32568359375,932.4175415039062,936.4022318522135,32739.63,-4.980896136628189,11.954037738277066,2.9884849815895222,58.387080209190394,943.3754638671875,920.3554077148438,927.2919250488281,-0.0,2.272726901857525,4.16106148761436,True,50.0,100.0,89.37386437042306,4.860928567836212,74.65997314453125,712417.9075888227,88.1447187264758,1
2024-09-20,969.2759399414062,978.2414933427142,967.2835947411156,977.2453207425689,60133.709,40.843088890355375,21.915809748964193,34.86605323720937,61.51799489592996,949.9502075195312,927.8271606445312,928.598013305664,-9.189074622992525,2.277504218863642,5.217927311879493,True,66.66666666666666,90.52189954011058,89.97341392765667,6.370502719531908,74.717529296875,674151.0018615497,126.61167676410737,1
2024-09-23,973.2606201171875,973.2606201171875,967.2835845791086,967.2835845791086,14497.067,-9.961736163460273,-4.980873225526693,-1.0162007015424024e-05,62.46591672074161,955.9272338867188,934.1105773925781,930.2025115966796,-5.265622175941569,2.036551206936032,4.782275880835523,True,66.66666666666666,94.18574195014025,94.90254716341697,7.265024833170056,62.83416748046875,688648.0688615497,108.4041420705743,1
2024-09-24,983.2223510742188,983.2223510742188,967.2835895573115,972.264452531345,26785.975,4.980867952236395,9.96173095703125,4.978202923666686e-06,64.82874721754916,963.8966064453125,943.2744934082032,932.2555053710937,-0.0,2.3681925463176956,5.019367635999829,True,66.66666666666666,100.00000000000001,94.90254716341697,8.092034873787904,91.63916015625,715434.0438615497,114.78023027939705,1
2024-09-25,1001.1534423828125,1001.1534423828125,994.1802343264148,996.1725794853857,39405.222,23.908126954040654,17.93109130859375,26.896644769103318,68.6980968364382,976.647607421875,953.7356384277343,935.6017547607422,-0.0,3.2004091047448826,6.077973259816178,True,83.33333333333334,100.0,98.06191398338011,9.323518997494336,104.6114501953125,754839.2658615496,140.01467500337571,1
2024-09-26,1011.1151733398438,1011.1151733398438,1001.153447494131,1006.1343104169874,38321.585,9.961730931601778,9.96173095703125,6.973213167716153,70.65471091422276,987.6055053710937,965.4904846191406,938.3551666259766,-0.0,2.923778461126685,6.014571562348083,True,100.0,100.0,100.00000000000001,10.214127062312823,117.5484619140625,793160.8508615496,133.93395111642383,0
2024-09-27,996.172607421875,1021.0769226074218,996.172607421875,1016.0960595703125,35783.779,9.961749153325059,9.961749267578057,-4.980840072256001,64.09838614339623,992.9848388671875,971.4675231933594,941.4027862548828,-19.380494246808645,0.7218413481958287,3.546468112575665,False,83.33333333333334,72.82608286545327,90.94202762181777,9.231779363604593,59.7703857421875,757377.0718615496,103.85012487398366,0
2024-09-30,953.337158203125,986.2108533135777,953.337158203125,974.2567823643221,61603.217,-41.839277205990356,-34.866069293844134,-42.83544921875,49.681261433808395,989.000146484375,972.4636901855469,942.2590484619141,-70.10309984535759,-3.34960542483079,-1.4164326153215456,False,66.66666666666666,26.086915824757973,66.30433289673711,5.325895825158494,9.961669921875,695773.8548615497,-27.759191468040868,1
2024-10-01,968.27978515625,973.2606482486176,963.2989220638825,963.2989220638825,26760.355,-10.95786030043962,-12.950205064960073,9.961763860757515,53.64866177942637,986.0116333007812,974.9541198730469,943.6640899658203,-57.608692604085164,-1.752019142887825,-0.14553393093657718,True,66.66666666666666,40.449463109236305,46.4541539331492,3.4674725771821926,24.904296875,695773.8548615493,-25.105566660729615,1
2024-10-04,973.2606201171875,982.2261734243059,963.2988942203893,982.2261734243059,40934.818,18.927251360423384,8.965525175688299,-2.784349317153101e-05,54.94055285657632,980.4330688476563,978.5403381347656,945.7148742675781,-52.17393981201006,-1.0799868382927142,0.11100580709869934,True,66.66666666666666,29.411767355953092,31.982715429982477,2.3461380271528345,35.8621826171875,697928.3189668123,-24.963306331486255,1
2024-10-07,1001.1534423828125,1006.1343052802395,985.2146811110464,989.1993714289879,39667.071,6.97319800468199,23.90813185593356,21.915786890657046,61.49659359283584,978.44072265625,983.0231140136718,951.6892608642578,-21.73916434247162,1.7549766736395416,2.472595987481252,True,66.66666666666666,70.58820561332578,46.816478692838416,3.2024207833121068,44.8277587890625,718706.3085382407,62.57409804124857,1
2024-10-08,1006.1343383789062,1006.1343383789062,993.1840944195737,996.1726122563427,30845.902,6.973240827354857,3.309866679046536e-05,7.969413308527351,62.55784955573015,980.4330688476563,986.7089538574219,957.2680572509765,-16.85392345686366,2.34757790665941,2.3821610739719468,True,66.66666666666666,77.9411925035161,59.31372182426501,3.7838634243259097,36.8583984375,749552.2105382407,65.52957967669808,1
2024-10-09,1016.0960693359375,1031.0386585908777,1016.0960693359375,1026.0577955058977,46975.717,29.885183249554984,24.90432021197148,22.91197491636376,64.68175879410457,992.9848510742188,990.9924987792969,962.5515380859375,-19.230760256072834,3.012962591216744,2.87443484042724,True,83.33333333333334,80.76923974392717,76.43287928692304,4.471802482601669,42.83544921875,702576.4935382408,119.4691079409319,1
2024-10-11,1041.0003662109375,1045.9812292071622,1016.0960512298146,1021.0769142260392,43058.754,-4.980881279858522,14.942570616284456,-1.8106122865901852e-05,69.41361329807087,1007.5289672851562,996.7703002929687,970.0223968505859,-5.3763429674929055,3.9973458011924685,4.7619051031448585,True,100.0,94.6236570325071,84.44469642665014,6.133836035754205,57.77801513671875,731282.3295382406,144.44015477278796,0
2024-10-14,1041.0003662109375,1050.9620922033866,1031.0386402184884,1041.0003662109375,36858.874,19.923451984898293,4.9808629962244595,14.94258898867372,69.41361329807087,1021.0769165039062,1000.7549926757813,977.2453155517578,-10.20407961804353,2.7531956389938994,4.170128184445154,False,83.33333333333334,89.79592038195646,88.39627238613026,6.715972303055654,39.846923828125,731282.3295382406,129.0531443269924,1
2024-10-15,1065.9046630859375,1070.885525997554,1045.9812114394713,1045.9812114394713,42850.176,4.980845228533781,19.923433794167295,14.942571220982927,73.61979142720939,1034.0271606445312,1006.2339416503906,985.8622131347656,-4.2372880245577536,3.6319596115149575,5.931852387200105,True,83.33333333333334,95.76271197544224,93.39409646330195,8.164760313809985,54.78948974609375,756992.4351382409,138.38071124156573,0
2024-10-16,1041.0003662109375,1065.9046811920605,1031.0386402184884,1036.019503214713,52652.149,-9.96170822475824,-4.9808448054934615,-14.942571220982927,64.0161180411267,1041.0003662109375,1010.7167175292968,991.0921203613282,-25.42371310410727,0.5613470205920594,3.1165202218847443,False,66.66666666666666,72.22223682165725,85.92695639301867,6.883523754509387,44.8277587890625,734427.2284239552,78.531701137013,0
2024-10-17,1031.0386962890625,1050.9621493574502,1026.0578330219657,1045.9812860903533,54173.771,9.96178287564021,-14.942531834610236,-4.980807196522619,60.56837309323499,1043.9888916015625,1018.4868713378906,995.4752807617188,-33.89824159717506,-0.7987175418597052,1.9620772244479088,False,50.0,62.96302890955549,76.98265923555168,4.896239822061855,77.7015380859375,701922.9658239546,45.73028732813704,1
2024-10-18,1080.8472900390625,1095.7898793022753,1070.8855638635873,1090.8090162145377,85011.961,44.82773012418443,44.82772994482502,44.82773084162159,69.52190376796054,1051.9582763671874,1029.7436218261719,1002.3488708496094,-10.489507780488372,2.9249021322538873,6.147074645741258,True,50.0,86.4864910869334,73.89058560604873,6.373834854449452,112.5675048828125,684920.5736239546,142.3611230699376,0
2024-10-21,1080.8472900390625,1090.8090162145377,1075.866426951325,1085.8281531268,36491.06,-4.980863087737589,-4.980863087737589,4.980863087737589,69.52190376796054,1059.9276611328125,1040.5022888183594,1009.5213134765625,-11.278193194787942,2.278083893978782,5.050832140002815,False,33.33333333333333,85.43689395262162,78.2954713163702,6.752495572831769,107.586669921875,672756.8869572879,126.4574581341364,0
2024-10-22,1070.885498046875,1070.885498046875,1055.942909702035,1060.9237724836482,41197.877,-24.904380643151853,-19.923518167662678,-19.923517249289944,65.95721007659492,1060.923828125,1047.4754943847656,1015.2493041992187,-18.797038334350173,0.8600420665314347,3.224769219617354,False,33.33333333333333,68.74992473349847,80.22443659101785,5.771386936847641,69.7320556640625,713954.7639572879,60.49846299735055,0
2024-10-23,1055.9429931640625,1065.9047195146668,1050.9621299887604,1055.9429931640625,31423.466,-4.980779319585736,-4.980778532208205,-4.9807797132746146,60.85160631992068,1063.912353515625,1052.4563598632812,1019.5826568603516,-36.036006979884874,-0.3915404689216012,1.1128805661032022,False,16.666666666666664,50.00003500649702,68.06228456420573,3.6584209294731345,49.80865478515625,703480.2752906212,18.770346973781656,0
2024-10-24,1055.9429931640625,1070.885582689969,1050.9621299887604,1065.9047195146668,38236.996,9.961726350604295,4.980863175302147,0.0,60.85160631992068,1068.893212890625,1056.4410522460937,1023.7167755126953,-38.83493136743269,-0.624998384491417,0.6727369777425222,False,16.666666666666664,42.857139201055595,53.86903298035039,1.8920512909340985,39.846923828125,684361.7772906212,12.820646780902528,1
2024-10-25,1060.923828125,1065.9046911678404,1055.9429650821596,1060.923828125,22009.575,-4.980891389666795,-4.980891522128559,4.980835093399264,62.01793060677394,1064.9085205078125,1058.4333984375,1027.6018493652343,-43.75000175116916,-0.6220842836483033,0.7092197211862674,True,33.33333333333333,49.99995979306216,47.619044666871616,0.7490704403870971,19.9234619140625,684361.7772906212,9.803918575679702,0
2024-10-28,1045.981201171875,1075.8663783482143,1045.981201171875,1070.8855154854912,40142.324,9.961687360491169,9.961687180373929,-9.961763910284617,56.5082017988536,1057.935302734375,1058.9314819335937,1029.8432373046876,-62.5000446522814,-1.4855387028702425,-0.943399579996485,False,16.666666666666664,28.571322960782084,40.476140651633294,-1.2164415275928846,4.9808349609375,644219.4532906212,-32.76865498971483,0
2024-10-29,1036.01953125,1036.01953125,1016.0960787259615,1031.0386681189902,45415.773,-39.846847366500924,-39.84684709821431,-29.885122445913453,53.07873004827287,1050.962109375,1055.94296875,1031.0884552001953,-74.99999701361962,-1.732281422371566,-1.8482090283500376,False,16.666666666666664,25.000002986380377,34.52376191340823,-3.2738191220754587,-29.8851318359375,689635.2262906212,-149.12273532352776,0
2024-10-30,1026.0577392578125,1050.9620533174682,1026.0577392578125,1036.0194648816748,38201.984,4.980796762684577,14.94252206746819,9.961660531850953,49.78272199498661,1044.98505859375,1054.4487060546876,1032.582711791992,-87.50008098520561,-1.9825579030348872,-2.6771695663586237,False,16.666666666666664,12.499919014794381,22.0237483206523,-5.2734712725963675,-14.942626953125,651433.2422906212,-105.05548866979316,0
2024-11-01,1021.076904296875,1026.0577672446648,992.1878991996952,992.1878991996952,54480.255,-43.83156568197967,-24.904286072803416,-33.86984005811735,48.151798834731245,1038.0118408203125,1053.4525268554687,1035.9696990966797,-72.11539290216675,-1.9138765518959882,-2.805216950513917,False,16.666666666666664,29.29292018952902,22.264280730234614,-6.802224814116407,-9.9617919921875,689889.892878856,-159.81380433277891,1
2024-11-04,1036.01953125,1041.0003943810095,1021.0769418569711,1026.0578049879807,26747.978,33.869905788285564,14.942627136344754,28.889042657275922,53.17255037146206,1033.0309814453126,1048.9697509765624,1039.3566864013671,-57.69228348058064,-0.15999713905000054,-1.3438717534684828,True,33.33333333333333,52.381009425982775,31.39128287676874,-6.66871600272929,-44.8277587890625,703263.8818788562,-63.00803239876704,1
2024-11-05,1045.981201171875,1050.9620640345981,1026.0577497209822,1026.0577497209822,32385.622,-5.526699851543526e-05,9.961669653588615,4.980807864011126,56.25341719040894,1033.0309814453126,1045.4831420898438,1042.9927154541015,-48.07695575034654,1.0425000757149605,-0.5132283396320866,True,33.33333333333333,64.28570705342679,48.65321222297954,-5.803005793016833,-34.8660888671875,722695.2550788564,-17.965967175672553,1
2024-11-06,1055.9429931640625,1075.866445865271,1036.0195404628537,1045.9812668134582,55349.259,19.923517092476004,24.904381830672946,9.961790741871482,59.183010101918704,1037.015673828125,1043.9888916015625,1045.732192993164,-35.3535065367672,1.8414765436588976,0.6329146137008629,True,50.0,76.1904890857709,64.2857351883935,-4.5105138773717,-14.9425048828125,722695.2550788567,57.120225441260956,1
2024-11-07,1060.923828125,1070.8855542106808,1045.9812389964789,1045.9812389964789,43975.446,-2.781697935461125e-05,-4.980891654590323,9.961698533625167,60.621400104267714,1043.9888916015625,1044.4869750976563,1048.4716674804688,-17.85716690323238,1.9138765518959882,1.2678294709431819,True,66.66666666666666,82.14283309676763,74.20634307865514,-3.3258706863443486,4.9808349609375,731490.3442788568,71.38362779081162,1
2024-11-08,1085.828125,1085.828125,1075.8663990825687,1080.8472620412845,37099.479,34.866023044805615,14.942570789319234,29.885160086089854,66.97033096640386,1056.9391357421875,1047.47548828125,1051.958270263672,-0.0,3.3175342789226043,3.5219613832490544,True,83.33333333333334,100.0,86.11110739417954,-0.9918768135697675,29.8851318359375,768589.8232788568,146.28872825221586,0
2024-11-11,1080.8472900390625,1085.8281531268,1065.9047007758497,1075.866426951325,34690.205,-4.980835089959555,2.812680008901225e-05,-9.961698306718972,64.69458042137396,1065.9046875,1049.4678344726562,1053.950616455078,-5.319147352606481,1.877935190622854,2.8436032994553737,False,83.33333333333334,94.68085264739352,92.2745619147204,0.035217375590132605,19.9234619140625,785934.9257788569,108.33337148583003,0
2024-11-12,1045.981201171875,1060.9237897600447,1045.981201171875,1055.9429268973215,51099.848,-19.923500054003398,-24.904363366755433,-19.923499603974733,51.36542241682579,1065.9046875,1049.4678344726562,1054.199658203125,-42.553229283150266,-1.5625026925143448,-0.39525953590571355,False,66.66666666666666,57.446770716849734,84.04254112141444,-1.7179571670914058,0.0,734835.0777788569,12.476255715217853,0
2024-11-13,1031.0386962890625,1045.9812860903533,1031.0386962890625,1041.0004228232565,42331.232,-14.942504074065027,-14.942503669691405,-14.9425048828125,46.85232510163379,1060.923828125,1048.9697509765624,1052.4563598632812,-58.510581229722966,-2.7407947975006586,-1.5847810127208701,False,50.0,41.48941877027703,64.53901404484012,-3.8464538249753737,-4.9808349609375,692503.8457788569,-48.591797233665595,0
2024-11-14,1031.0386962890625,1036.0195595561595,1021.0769697548687,1026.0578330219657,44627.94,-14.942589801290751,-9.961726534193758,-9.961726534193758,46.85232510163379,1054.9468017578124,1049.4678466796875,1051.9582763671874,-58.510581229722966,-2.358486885277715,-1.4676671720899193,False,33.33333333333333,15.384661131015983,38.1069502060476,-5.136253201960532,4.98095703125,707379.8257788564,-70.73777922021691,0
2024-11-15,1031.0386962890625,1041.0004228232565,1026.0578330219657,1036.0195595561595,34791.611,9.961726534193758,4.980863267096993,4.980863267096993,46.85232510163379,1043.988916015625,1050.4640258789063,1051.9582763671874,-58.510581229722966,-1.8957316245712748,-1.4285672605674187,False,16.666666666666664,15.38462467469284,24.086234858661967,-5.821053396906295,9.9617919921875,695782.6221121891,-73.83503486186748,0
2024-11-18,1021.076904296875,1031.0386301924543,1016.0960413490855,1026.0577672446648,31815.076,-9.961792311494719,-9.961792630802165,-9.961791672880281,43.54114059552469,1032.0348388671875,1048.9697631835938,1048.9697570800781,-69.14894622170851,-1.835597888591823,-2.342201635270907,False,0.0,7.142854017768838,12.637379941159239,-6.713224401743142,-14.942626953125,685177.5967788554,-105.72407562220658,1
2024-11-19,1036.01953125,1041.0003943810095,1021.0769418569711,1026.0578049879807,24349.599,3.7743315942861955e-05,9.961764188555208,4.980900507885622,49.393567545248025,1030.0425048828124,1047.9735961914062,1046.728369140625,-71.42852927726506,0.32154356039244075,-1.0309268733066896,True,16.666666666666664,28.57147072273495,17.032983138398894,-6.0839597022798735,-9.961669921875,697352.3962788556,-58.97438816755582,0
2024-11-20,1021.076904296875,1021.076904296875,1021.076904296875,1021.076904296875,40203.197,-4.980900691105717,-19.923490084134528,-3.756009607513988e-05,44.375508108076154,1028.050146484375,1044.4869873046875,1044.237939453125,-92.85714598223116,-0.7263960546256659,-2.342201635270907,False,16.666666666666664,7.142854017768838,14.285726252757561,-6.427416185899952,-34.8660888671875,697352.3962788556,-84.53253962164831,0
2024-11-21,1006.1343383789062,1021.0769275627514,1006.1343383789062,1016.0960645014696,41429.227,-4.980839795405359,2.3265876393452345e-05,-14.94256591796875,39.94811133160392,1023.0692749023438,1039.008038330078,1041.747506713867,-100.0,-1.7828209470297118,-3.464755523105932,False,16.666666666666664,0.0,11.904774913501283,-7.347897629188021,-54.78948974609375,655923.1692788557,-103.48986334550422,1
2024-11-22,1036.01953125,1045.9812575120193,1031.0386681189902,1031.0386681189902,25187.973,14.942603617520604,24.90432994926789,24.904329740083995,50.68348018376741,1024.0654418945312,1034.0271789550782,1040.7513336181642,-62.49998451494184,1.0526325816130035,-0.43877042924594223,True,33.33333333333333,54.54552312122969,20.562792379666195,-5.704243794961027,-49.80859375,647527.178278856,13.513553922249429,0
2024-11-25,1026.0577392578125,1045.9811905055371,1026.0577392578125,1041.0003276936059,49566.674,9.961659574615624,-6.700648214064131e-05,-4.980928861177745,47.589808486508495,1025.0616088867187,1028.5482238769532,1039.0080291748047,-75.0000662636961,0.1620706626659267,-1.1200049549018376,False,33.33333333333333,49.999816857196244,34.848446659475336,-5.069543053035884,-54.78955078125,597960.504278856,17.240912529453485,0
2024-11-26,1006.1343383789062,1016.0960645014696,1006.1343383789062,1011.1152014401879,27312.402,-29.88512625341798,-29.8851260040675,-19.92340087890625,41.99687861014546,1019.0845703125,1024.5635375976562,1037.0156860351562,-100.0,-1.5434598685024732,-2.415459118318354,False,33.33333333333333,0.0,34.848446659475336,-5.7246787173156894,-39.84686279296875,570648.102278856,-136.24320488741628,0
2024-11-27,996.172607421875,1016.0960595703125,996.172607421875,1006.1343334960937,31276.09,-4.980867944094143,-4.931157150167564e-06,-9.96173095703125,39.466891904964015,1014.1037109375,1021.0769287109375,1035.02333984375,-100.0,-1.8806208525249775,-2.715849779770467,False,16.666666666666664,0.0,16.666605619065432,-6.505137355722052,-34.8660888671875,539372.012278856,-138.9829298494332,1
2024-11-28,1001.1534423828125,1001.1534423828125,988.2031988495025,1001.1534423828125,33689.956,-4.9808911132812455,-14.942617187499991,-7.969408572372458,41.392682125685205,1013.1075317382813,1018.0884033203125,1033.778125,-77.58623701174764,-1.0664499466486559,-1.8714435929285778,True,33.33333333333333,22.413774074606234,7.471258024868764,-6.354806902715549,-29.88525390625,573061.968278856,-129.21777057675416,0
2024-11-29,992.1879272460938,1006.1343438941312,990.1955820106599,991.1917546283769,40094.983,-9.961687754435616,4.980901511318734,1.9923831611573632,38.9588860239975,1004.3412109375,1014.2033264160157,1032.333676147461,-93.10338822585557,-1.7266880279911196,-2.440616429683888,False,33.33333333333333,6.896611774144435,9.770128616250242,-6.504496041987792,-38.85076904296875,542990.7310288557,-102.96856699441827,1
2024-12-02,1031.0386962890625,1036.0195595561595,1011.1152432206749,1016.0961064877717,31168.404,24.904351859394865,29.88521566202826,20.919661210014965,52.235295792890156,1005.33740234375,1015.1995056152343,1032.084634399414,-25.861999466331504,2.205403205484175,1.3794835483363534,True,33.33333333333333,74.13800053366849,34.48279546080641,-3.7680360863316653,9.9617919921875,561691.7734288555,46.81576907631641,1
2024-12-03,1050.962158203125,1060.9238848211642,1050.962158203125,1055.9430215121445,43414.538,39.84691502437272,24.904325265004672,39.84691498245013,57.41674023818063,1014.3029663085938,1016.6937683105468,1032.3336822509766,-13.698614754433327,3.753487128310294,3.1700809734640867,True,50.0,86.30138524556668,55.778665851126554,-0.5653519515252721,14.942626953125,518277.23542885546,152.13691095062512,1
2024-12-04,1065.9046630859375,1065.9046630859375,1050.962074351088,1060.923800174321,33466.29,4.98077866217659,4.980778264773335,-8.385203705074673e-05,60.88810150963902,1028.2493774414063,1021.1765441894531,1032.8317657470702,-0.0,4.203859359988538,4.254625121745211,True,66.66666666666666,100.0,86.81312859307842,2.445077982124065,44.8277587890625,551743.5254288554,130.15858484759988,1
2024-12-05,1070.885498046875,1075.8663608284885,1065.9046352652617,1065.9046352652617,31425.359,4.980835090940673,9.961697742550996,14.942560914173782,62.01413230390391,1042.1957885742188,1027.65166015625,1033.329849243164,-5.681819671080854,3.4316815838210917,4.444979109159392,True,83.33333333333334,94.31818032891914,93.53985519149529,4.535891666002854,64.75115966796875,551743.5254288547,124.68032244519598,0
2024-12-06,1060.923828125,1075.8664172535211,1055.9429650821596,1070.8855542106808,30765.288,4.980918945419035,5.642503265335108e-05,-9.961670183102115,58.34897071510012,1055.94296875,1030.14208984375,1032.084634399414,-17.045448935783263,1.4930109916074945,3.1393755594700985,False,66.66666666666666,82.95455106421673,92.42424379771198,4.976769824409814,24.904296875,536360.8814288548,86.8953870803129,1
2024-12-09,1070.885498046875,1070.885498046875,1060.9237724836482,1065.9046352652617,22247.131,-4.980918945419035,-4.980919206646149,4.980807401488619,60.87176191981681,1063.9123291015626,1034.6248657226563,1031.5865447998046,-5.68188037962546,1.1764658845345464,3.5645424806219945,True,83.33333333333334,94.31811962037453,90.53028367117015,5.620506737580081,44.8277587890625,558608.0124288548,75.93656744009236,0
2024-12-10,1060.923828125,1070.8855542106808,1055.9429650821596,1065.9046911678404,28506.584,5.590257865151216e-05,5.616380576611846e-05,-4.980807401488619,57.098892164325854,1065.9046630859375,1040.1038146972655,1032.333676147461,-17.045448935783263,-0.23419072019773426,2.3956422225744,False,66.66666666666666,82.95455106421673,86.74240724960269,5.0733745594555515,54.78948974609375,549105.8177621881,53.5657761615855,0
2024-12-11,1041.0003662109375,1055.9429551996113,1041.0003662109375,1041.0003662109375,25264.194,-24.904324956902883,-14.942599011069433,-14.942598871222117,50.29714489210557,1060.9238037109376,1044.5865905761718,1032.8317596435547,-39.77272529727854,-1.954650678622577,0.35211226170633675,False,50.0,59.30230988907166,78.85832685788766,3.1612087395079067,44.8277587890625,523841.62376218813,4.153378278598819,1
2024-12-12,1060.0,1065.0,1055.0,1060.0,22791.26,18.9996337890625,9.057044800388667,13.9996337890625,55.777459429826685,1058.7467041015625,1050.4712463378905,1034.2798248291015,-18.099286727526547,-0.07257337071114135,1.7434075777847071,True,50.0,75.49632498482173,72.58439531270339,2.9704811721081974,58.8465576171875,523841.62376218813,36.06065836287456,1
2024-12-13,1065.0,1070.0,1055.0,1060.0,20423.659,0.0,5.0,0.0,57.13435627696159,1059.5619384765625,1057.7524536132812,1035.9778900146484,-12.39564032823944,0.4917092278100385,1.663641119124713,True,50.0,68.83381705530847,67.87748397640064,2.96852175567175,72.81207275390625,530649.5100955215,41.25822074783159,1
2024-12-16,1085.0,1085.0,1075.0,1085.0,39722.392,25.0,15.0,20.0,62.195978189532205,1062.3848388671875,1063.148583984375,1039.1740447998047,-0.0,1.9927009224319316,2.886573185113359,True,66.66666666666666,100.0,81.44338068004343,4.0354803707729765,53.9613037109375,570371.9020955215,193.14917567543512,0
2024-12-17,1075.0,1095.0,1075.0,1090.0,37880.707,5.0,10.0,0.0,58.4324675888583,1065.2000732421875,1065.5523681640625,1041.1230682373048,-23.842233998024,0.9875771771332356,1.2755654633385847,False,50.0,62.96271178777706,77.26550961436186,3.792756775400587,24.037841796875,532491.1950955214,137.55368580312302,1
2024-12-18,1085.0,1090.0,1070.0,1075.0,41863.19,-15.0,-5.0,-5.0,61.00648670889699,1074.0,1067.4619018554688,1044.3192230224608,-18.51864410611147,1.5442150699419437,1.786455170395133,True,66.66666666666666,81.48135589388853,81.48135589388855,4.009582531681847,19.0953369140625,553422.7900955214,103.72991753338643,0
2024-12-19,1070.0,1070.0,1055.0,1065.0,42702.851,-10.0,-20.0,-15.0,55.393474919602255,1076.0,1067.3733520507812,1047.5125061035155,-46.29661026527867,-0.31055900621117305,0.23009456203276782,False,66.66666666666666,53.70338973472133,66.049152472129,2.8984983091109626,-0.885498046875,596125.6410955214,-18.34343673062033,0
2024-12-20,1035.0,1060.0,1035.0,1060.0,52030.52,-5.0,-10.0,-20.0,44.88212102974095,1070.0,1064.7809692382812,1047.4615295410156,-100.0,-3.1956352299298585,-2.814004220568367,False,50.0,0.0,45.06158187620331,-0.26960883169207506,-25.923828125,544095.1210955214,-142.19632585762142,1
2024-12-23,1080.0,1080.0,1060.0,1065.0,30728.473,5.0,20.0,25.0,56.46826782758538,1069.0,1065.6924194335938,1050.158642578125,-25.0,0.7776049766718436,1.3391981247990377,True,50.0,75.0,42.9011299115738,0.5450869233596389,9.114501953125,574823.5940955214,45.3905223613878,0
2024-12-24,1080.0,1095.0,1080.0,1095.0,26461.906,30.0,15.0,20.0,56.46826782758538,1070.0,1067.6000366210938,1053.8519256591796,-25.0,0.8560311284046764,1.1882617814636927,False,33.33333333333333,75.0,50.00000000000002,0.9403814409652611,19.076171875,548361.6880955214,89.65173914031502,1
2024-12-25,1085.0,1090.0,1080.0,1090.0,15481.622,-5.0,-5.0,0.0,57.645549001030105,1070.0,1072.0,1058.293295288086,-16.666666666666664,1.1655011655011656,1.5448212192017337,True,50.0,83.33333333333333,77.77777777777779,1.3690263958504545,43.9996337890625,548361.6880955214,76.92307692307672,0
2024-12-26,1085.0,1090.0,1085.0,1085.0,14374.9,-5.0,0.0,5.0,57.645549001030105,1073.0,1074.5,1062.4856231689453,-16.666666666666664,1.1655011655011656,1.3545043502157825,False,33.33333333333333,83.33333333333333,80.55555555555557,1.4738958747099566,25.0,533986.7880955214,74.53416149068266,1
2024-12-27,1090.0,1095.0,1080.0,1080.0,24948.385,-5.0,5.0,-5.0,58.96621486438823,1084.0,1077.0,1067.3762268066407,-8.333333333333332,1.3168086754453983,1.4346645986816666,True,50.0,91.66666666666667,86.11111111111113,1.6860607386507933,25.0,542302.9164288547,74.69342251950773,0
2024-12-30,1090.0,1095.0,1085.0,1090.0,23954.634,10.0,0.0,5.0,58.96621486438823,1086.0,1077.5,1070.3242919921875,-8.333333333333332,0.4608294930875576,1.1992263056092916,False,50.0,91.66666666666667,88.88888888888891,1.6314230459832384,5.0,542302.9164288547,76.43312101910806,0
