Date,Close,High,Low,Open,Volume,EMA_5,EMA_20,MACD,MACD_signal,MACD_hist,RSI_14,BB_MID,BB_STD,BB_UPPER,BB_LOWER,OBV,OBV_change
2021-01-04,496.2536315917969,499.95701690218345,488.84686097102383,490.69855362621706,38770328,487.17486886873047,474.1922627630564,10.106314323361858,9.452746568457513,0.6535677549043442,77.4888614347019,476.0669799804688,7.76029161479492,491.5875632100586,460.54639675087896,549049098,38770328.0
2021-01-05,501.8086853027344,501.8086853027344,495.32776132280975,496.25360760565616,34411866,492.05280768006514,476.82239824302576,11.098300766256102,9.781857408017231,1.316443358238871,85.20732122154973,477.4793502807617,9.626393139549316,496.73213655986035,458.22656400166306,583460964,34411866.0
2021-01-06,508.2895202636719,513.844596987865,500.882751298081,513.844596987865,53030554,497.4650452079341,479.8192670068968,12.266011443285038,10.278688215070794,1.987323228214244,84.95569697054555,478.7550964355469,11.808466682441852,502.3720298004306,455.13816307066315,636491518,53030554.0
2021-01-07,523.1031494140625,527.7323808248065,511.9929940282771,512.9188403104258,51166782,506.0110799433103,483.94154152186496,14.222814880950978,11.067513548246831,3.1553013327041466,90.14080714574213,480.9557876586914,15.422360866967635,511.8005093926267,450.11106592475613,687658300,51166782.0
2021-01-08,536.9908447265625,536.9908447265625,528.6582281704607,536.9908447265625,59563555,516.3376682043944,488.99385611278854,16.701689965236824,12.194348831644831,4.507341133591993,91.66663069645523,484.2193969726562,19.68263358094826,523.5846641345528,444.85412981075973,747221855,59563555.0
2021-01-11,540.6942138671875,540.6942138671875,531.4357513009686,534.2132900708342,48810990,524.4565167586588,493.9176997084456,18.748921373371218,13.50526333999011,5.243658033381108,91.46337884874116,487.4839111328125,23.2370696041241,533.9580503410607,441.00977192456435,796032845,48810990.0
2021-01-12,547.1751098632812,552.7301871207765,538.8424939770383,539.7683401866209,50232426,532.0293811268664,498.98983400890614,20.656209235576625,14.935452519107415,5.720756716469211,100.0,491.44099884033204,26.28869169452713,544.0183822293864,438.8636154512778,846265271,50232426.0
2021-01-13,560.1370849609375,560.1370849609375,549.0269279038611,550.8786207467072,62662393,541.3986157382235,504.8133817186234,22.94912840337878,16.53818769596169,6.41094070741709,100.0,496.230451965332,29.608992733940152,555.4484374332123,437.0124664974517,908927664,62662393.0
2021-01-14,548.1009521484375,552.7301831632047,543.4717211336704,543.4717211336704,75288477,543.6327278749616,508.9360074738438,23.523899169139668,17.935329990597285,5.588569178542382,87.96285699025644,500.0495666503906,31.16607855030558,562.3817237510018,437.71740954977946,833639187,-75288477.0
2021-01-15,556.4335327148438,578.6538401776661,556.4335327148438,574.950455600529,92010500,547.899662821589,513.45958130632,24.3708468038036,19.22243335323855,5.148413450565052,88.79300619936572,504.35474853515626,32.7513483193445,569.8574451738452,438.8520518964673,925649687,92010500.0
2021-01-18,561.9886474609375,562.9144936676277,549.9526467739652,562.9144936676277,45726476,552.5959910347052,518.0813971305694,25.1998223741968,20.4179111574302,4.7819112167665985,88.9829509489914,508.84510040283203,34.231146012422364,577.3073924276767,440.3828083779873,971376163,45726476.0
2021-01-19,580.5055541992188,585.1347850939494,567.543707693973,572.1729385887037,50672866,561.8991787562097,524.0265549466312,27.039259357197466,21.742180797383654,5.297078559813812,90.57962083451565,513.983544921875,36.92315587756486,587.8298566770047,440.1372331667453,1022049029,50672866.0
2021-01-20,599.0225830078125,601.8001220325782,584.2090415423952,586.0607342255723,82066422,574.2736468400774,531.1690338096008,29.64941588009492,23.32362781392591,6.325788066169011,91.21613736321984,520.3718887329102,40.06101955843906,600.4939278497883,440.24984961603207,1104115451,82066422.0
2021-01-21,623.0944213867188,628.6494979518307,592.5415002786033,592.5415002786033,89019137,590.5472383556246,539.9238326264692,33.27678583703448,25.314259418547625,7.962526418486856,92.30761579193427,527.9638244628907,44.41407440303475,616.7919732689602,439.13567565682115,1193134588,89019137.0
2021-01-22,600.8741455078125,615.6876837637833,600.8741455078125,600.8741455078125,125179403,593.9895407396873,545.7286243294543,33.96696210541313,27.044799955920727,6.922162149492404,80.21385689605908,534.3984512329101,45.222119145143154,624.8426895231964,443.9542129426238,1067955185,-125179403.0
2021-01-25,586.0606689453125,598.0966700452952,579.579745276091,594.3932850914543,93050133,591.3465834748957,549.5697714357265,32.938908776730614,28.223621720082704,4.7152870566479095,73.09643438516096,540.0461151123047,44.20659019218954,628.4592954966838,451.63293472792566,974905052,-93050133.0
2021-01-26,571.2472534179688,592.5417215356564,564.7663283386726,585.1349500164607,100153482,584.6468067892534,551.6342935292734,30.576384744650227,28.69417432499621,1.8822104196540153,66.5049030706495,544.767935180664,42.089585256321186,628.9471056933064,460.58876466802167,874751570,-100153482.0
2021-01-27,569.3953857421875,578.6538472989711,565.6920011194741,572.1729242092226,59985191,579.5629997735648,553.3258261209794,28.229228212676958,28.601185102532362,-0.3719568898554044,63.020805078315185,549.3971618652344,39.215250748192894,627.8276633616201,470.9666603688486,814766379,-59985191.0
2021-01-28,556.4335327148438,562.9144557248336,553.655994281991,555.5076865705595,96447533,571.8531774206579,553.6217981775379,25.034593329745462,27.887866747974986,-2.8532734182295236,55.49735563507039,552.9153717041015,36.28137328555,625.4781182752015,480.35262513300154,718318846,-96447533.0
2021-01-29,547.1751098632812,573.0988037315924,547.1751098632812,573.0988037315924,90745237,563.6271549015323,553.0078278618944,21.507816104762924,26.611856619332574,-5.10404051456965,51.77664142271862,555.7392013549804,33.25575233329015,622.2507060215607,489.2276966884001,627573609,-90745237.0
2021-02-01,565.692138671875,566.6179850526801,543.4718255325542,550.8785965789945,67462398,564.3154828249799,554.215857462845,19.976710137103055,25.284827322886674,-5.308117185783619,54.76192643745564,559.2111267089844,30.203170659383897,619.6174680277521,498.8047853902166,695036007,67462398.0
2021-02-02,585.1348266601562,590.6899041284489,575.8763642130019,582.3572879260099,78429188,571.255264103372,557.1605211959222,20.100454530313755,24.24795276437209,-4.147498234058336,56.22117169706598,563.3774337768555,27.493764353128753,618.364962483113,508.38990507059793,773465195,78429188.0
2021-02-03,583.2830810546875,594.3932349795388,583.2830810546875,590.6898503379217,48738970,575.2645364204773,559.6483840396141,19.820622658685807,23.362486743234836,-3.5418640845490295,59.22329755320776,567.1271118164062,24.540610122074657,616.2083320605556,518.0458915722569,724726225,-48738970.0
2021-02-04,580.5055541992188,585.1347850939494,574.024630946596,579.5797080202726,46371900,577.0115423467245,561.6347811976717,19.153936028242583,22.520776600236385,-3.3668405719938015,56.50000725160293,569.9972320556641,22.382689515903174,614.7626110874704,525.2318530238578,678354325,-46371900.0
2021-02-05,585.1348266601562,593.4674428625951,584.2089804154408,590.6899041284489,53267273,579.7193037845351,563.8728807655274,18.78261141690757,21.773143563570624,-2.9905321466630532,56.28141519219066,572.4044311523437,21.203951996852016,614.8123351460478,529.9965271586397,731621598,53267273.0
2021-02-17,613.8360595703125,618.4652907887914,611.0585208392251,613.8360595703125,107614290,591.0915557131276,568.6312787469355,20.567197763630134,21.531954403582528,-0.9647566399523946,58.57144067985495,576.0615234375,21.747473536096482,619.556470509693,532.566576365307,839235888,107614290.0
2021-02-18,611.0584106445312,615.6876410282019,607.3550263375947,614.7617949514678,53109010,597.7471740235956,572.671957975278,21.50941509802408,21.527446542470837,-0.018031444446759082,53.36782768581675,579.2556884765625,21.97175569479886,623.1991998661601,535.3121770869648,786126878,-53109010.0
2021-02-19,603.6517944335938,608.2810259859986,599.0225628811888,607.3551796755177,50279585,599.7153808269284,575.6224185903557,21.411656843494143,21.5042886026755,-0.09263175918135858,44.000043697962695,581.4314239501953,22.13282321561676,625.6970703814288,537.1657775189617,735847293,-50279585.0
2021-02-22,601.8001098632812,612.9102657376803,601.8001098632812,611.0585730919471,36474610,600.4102905057127,578.1155320449201,20.943345403783496,21.392099962897102,-0.4487545591136062,50.32683906488395,584.1163818359375,21.110185175476364,626.3367521868903,541.8960114849848,699372683,-36474610.0
2021-02-23,593.4674072265625,595.3190996048045,586.0606377135945,593.4674072265625,50076333,598.0959960793293,579.5776153955527,19.6730471093,21.048289392177683,-1.3752422828776822,52.73971118253333,585.9680755615234,20.156864564085108,626.2818046896936,545.6543464333532,649296350,-50076333.0
2021-02-24,578.6537475585938,588.838053515625,578.6537475585938,580.5054395507813,66206750,591.6152465724175,579.489627982509,17.271888447980132,20.293009203338173,-3.021120755358041,52.73961592818859,586.8013305664062,19.445314326785844,625.6919592199779,547.9107019128346,583089600,-66206750.0
2021-02-25,587.912353515625,588.8381997416338,581.431429933563,588.8381997416338,43231417,590.3809488868201,580.2917923189963,15.93238639995161,19.42088464266086,-3.488498242709248,56.493504825683786,587.1716705322266,19.389551274910026,625.9507730820467,548.3925679824065,626321017,43231417.0
2021-02-26,561.06298828125,572.1731464650371,561.06298828125,565.6922208578279,111861175,580.6082953516301,578.4604776487347,12.559523621119297,18.04861243835255,-5.489088817233252,51.47935987829496,585.2736907958985,20.016193306253896,625.3060774084063,545.2413041833906,514459842,-111861175.0
2021-03-02,563.8403930664062,575.8763948888419,563.8403930664062,574.9505485948083,54041533,575.0189945898888,577.068088640894,9.995398194683503,16.43796958961874,-6.442571394935236,55.55556912008269,582.3109893798828,18.447276921457103,619.205543222797,545.4164355369686,568501375,54041533.0
2021-03-03,575.8764038085938,575.8764038085938,556.4336313327409,563.8404017997324,48252965,575.3047976627905,576.9545948473416,8.832697954605578,14.916915262616108,-6.08421730801053,53.54837200499318,581.0611022949219,17.963863231884012,616.9888287586899,545.1333758311538,616754340,48252965.0
2021-03-04,556.4335327148438,565.6919941576864,556.4335327148438,563.8403018691179,67711962,569.0143760134749,575.0002079775799,6.270094682625995,13.187551146618086,-6.917456463992091,39.99999149373428,579.5797454833985,18.734910305197054,617.0495660937926,542.1099248730044,549042378,-67711962.0
2021-03-05,556.4335327148438,560.1369172919808,540.6941482620113,544.3975328391483,79918467,564.820761580598,573.2319531906526,4.19090300591688,11.388221518477845,-7.197318512560965,40.522881730937854,578.8390594482422,19.363944851715136,617.5669491516725,540.111169744812,549042378,0.0
2021-03-08,553.6560668945312,564.7662220830503,553.6560668945312,562.9145295516304,43219772,561.0991966852424,571.3675830672124,2.292582874613686,9.569093789705013,-7.276510915091327,40.52289919116469,578.0520935058594,20.074727077111095,618.2015476600816,537.9026393516372,505822606,-43219772.0
2021-03-09,550.87841796875,550.87841796875,541.6199571625525,541.6199571625525,68768861,557.6922704464116,569.416234010216,0.5575898902013705,7.766793009804284,-7.209203119602914,37.748321240795256,577.7743377685547,20.424961745398168,618.624261259351,536.9244142777584,437053745,-68768861.0
2021-03-10,552.730224609375,556.4336096988851,549.026839519865,556.4336096988851,40146301,556.0382551673995,567.827090257755,-0.660366931270687,6.081361021589291,-6.741727952859978,22.950886995239458,578.0520935058594,20.020718313862314,618.093530133584,538.0106568781348,477200046,40146301.0
2021-03-11,563.8403930664062,566.6179319485068,550.8785449499371,551.8043912439707,54416046,558.6389678004018,567.4474048109599,-0.7207998127032624,4.72092885473078,-5.441728667434043,30.534433736758672,577.959506225586,20.08506458992885,618.1296354054437,537.7893770457283,531616092,54416046.0
2021-03-12,568.4695434570312,572.1729281049597,563.8403126471205,569.3953896190134,33168846,561.9158263526117,567.5447513486811,-0.39065631471373763,3.698611820841877,-4.089268135555614,35.15623873377406,577.1262420654297,20.117384677317787,617.3610114200652,536.8914727107941,564784938,33168846.0
2021-03-15,565.692138671875,568.4696778142901,563.840445910265,568.4696778142901,27416758,563.1745971256995,567.3683120461282,-0.34910431123341823,2.889068594426818,-3.238172905660236,34.88374707623781,576.246694946289,20.218326952268228,616.6833488508255,535.8100410417526,537368180,-27416758.0
2021-03-16,567.5437622070312,567.5437622070312,561.9886845997846,564.7662234034079,36949425,564.6309854861435,567.3850215852617,-0.1648630656879959,2.278282262403855,-2.443145328091851,38.5246065518406,575.5986053466797,20.28226721440345,616.1631397754867,535.0340709178728,574317605,36949425.0
2021-03-17,561.5011596679688,568.9382611205247,559.6418843048298,568.9382611205247,39517807,563.5877102134186,566.8246537836147,-0.5006667018875532,1.7224924695455734,-2.2231591714331267,41.76797975300541,574.4169219970703,20.385634584345166,615.1881911657606,533.64565282838,534799798,-39517807.0
2021-03-18,559.6419677734375,566.1494325149891,559.6419677734375,563.3605190543241,29415526,562.272462733425,566.1405884493121,-0.9063667195347307,1.1967206317295127,-2.1030873512642434,35.394920059936126,571.7072174072266,18.37258933235275,608.4523960719321,534.9620387425211,505384272,-29415526.0
2021-03-19,549.4158935546875,555.9233576069427,549.4158935546875,552.2048067199397,70866028,557.9869396738459,564.5477603641098,-2.0296491015855054,0.5514466850665091,-2.5810957866520146,42.73504338583085,568.6250915527344,16.498621076305653,601.6223337053457,535.6278494001231,434518244,-70866028.0
2021-03-22,551.2750244140625,555.9232118037257,544.767562068534,546.6268370243993,34089033,555.7496345872514,563.2836902736291,-2.7382770064149327,-0.10649805322977923,-2.6317789531851536,42.071437209184104,566.0062530517578,14.70566318427821,595.4175794203142,536.5949266832014,468607277,34089033.0
2021-03-23,552.2046508789062,560.5713880134351,551.2750134195142,554.9935632570825,29374037,554.5679733511364,562.2285436646079,-3.188106136861734,-0.7228196699561702,-2.465286466905564,32.62872653002722,563.526480102539,12.344128422259635,588.2147369470583,538.8382232580198,497981314,29374037.0
2021-03-24,535.4712524414062,541.0490779876709,530.8230644861857,530.8230644861857,107253959,548.2023997145598,559.6802302147792,-4.83906266841575,-1.546068269648086,-3.2929943987676635,33.97998746184446,560.6266723632813,11.737550195348556,584.1017727539784,537.1515719725842,390727355,-107253959.0
2021-03-25,534.5416870117188,540.1195133109715,529.8934984290081,531.7527738620923,67833354,543.6488288136128,557.2860832430591,-6.15155448475457,-2.467165512669383,-3.684388972085187,33.50396170565823,558.4210693359375,12.302735967827402,583.0265412715924,533.8155974002827,322894001,-67833354.0
2021-03-26,548.486328125,550.3456038135594,539.1899496822034,541.0492253707627,36829858,545.2613285840753,556.4480113270535,-5.997363830573022,-3.173205176250111,-2.824158654322911,46.66563264444884,556.4497680664062,10.328885403880673,577.1075388741676,535.7919972586449,359723859,36829858.0
2021-03-29,556.8529052734375,559.6418179876617,554.0639925592133,556.8529052734375,37884733,549.1251874805293,556.4865726552805,-5.1407939007199275,-3.5667229211440743,-1.5740709795758532,53.59428357408808,556.2392639160156,10.272667052231112,576.7845980204778,535.6939298115534,397608592,37884733.0
2021-03-30,554.99365234375,557.782565169598,550.34546430067,557.782565169598,33099123,551.0813424349362,556.3443897684681,-4.55942403097265,-3.7652631431097894,-0.7941608878628608,51.36156826346074,555.7969268798828,10.117434721965012,576.0317963238128,535.5620574359527,364509469,-33099123.0
2021-03-31,545.6973876953125,554.9937656799004,545.6973876953125,554.0641278814417,38790886,549.2866908550617,555.3303895710247,-4.793557933684497,-3.9709221012247307,-0.822635832459766,38.84255828984913,554.2879760742187,9.171362376679214,572.6307008275771,535.9452513208603,325718583,-38790886.0
2021-04-01,559.6419677734375,559.6419677734375,552.2048652116642,555.9234164925508,43091157,552.7384498278536,555.7410160664926,-3.80998058132991,-3.9387337972457668,0.12875321591585687,45.12934114716811,554.4483978271485,9.23868007228843,572.9257579717254,535.9710376825716,368809740,43091157.0
2021-04-07,567.0790405273438,570.797591612769,565.2197649846312,570.797591612769,24603109,557.5186467276837,556.8208279199071,-2.40268220146595,-3.631523478089804,1.2288412766238537,50.72780628047206,554.9806732177734,9.656296044692802,574.293265307159,535.6680811283878,393412849,24603109.0
2021-04-08,569.8677978515625,569.8677978515625,560.5714226826952,563.3603352333554,23976625,561.6350304356433,558.0633964848266,-1.05025203523644,-3.1152691895191316,2.0650171542826916,51.20770863002445,555.791259765625,10.20414750474041,576.1995547751059,535.3829647561441,417389474,23976625.0
2021-04-09,567.0790405273438,574.5161426981941,566.1494027559875,574.5161426981941,27303862,563.4497004662102,558.9220292507806,-0.2011520387238761,-2.5324457593600807,2.3312937206362045,53.000057776750644,556.6012908935547,10.434060800824431,577.4694124952036,535.7331692919058,390085612,-27303862.0
2021-04-12,562.4307250976562,569.8678255948154,560.5714499733665,568.9381880326705,22606128,563.1100420100256,559.2561907600069,0.09558378795577482,-2.0068398498969096,2.1024236378526844,51.45623951030119,557.0863159179687,10.470045077538323,578.0264060730453,536.1462257628921,367479484,-22606128.0
2021-04-13,562.4307250976562,569.8678255948154,561.5010875355114,561.5010875355114,25971622,562.8836030392358,559.5585273635926,0.3269798483122486,-1.540075910255078,1.8670557585673266,57.60870418488543,557.0158325195313,10.426839930405771,577.8695123803428,536.1621526587197,367479484,0.0
2021-04-14,568.938232421875,568.938232421875,557.7825808057598,565.21968188317,30077913,564.901812833449,560.4518326072385,1.023664185300504,-1.0273278911439618,2.050992076444466,59.793923986202934,557.0392669677734,10.454427340847394,577.9481216494682,536.1304122860786,397557397,30077913.0
2021-04-15,575.4456176757812,575.4456176757812,564.289967575443,568.9381551172506,33530942,568.4164144475598,561.879812137576,2.076941458918668,-0.4064740211314359,2.483415480050104,62.13601206525743,557.5269409179688,11.087619956036932,579.7021808300426,535.3517010058949,431088339,33530942.0
2021-04-16,567.0790405273438,568.0086782987,560.5715761278497,567.0790405273438,48507383,567.9706231408211,562.3749767461253,2.2110705878448016,0.11703490066381161,2.09403568718099,68.0853099768111,557.5037048339843,11.06598893099955,579.6356826959834,535.3717269719853,382580956,-48507383.0
2021-04-19,560.5715942382812,564.290145443842,558.7123186355009,562.4308698410616,24231637,565.5042801733078,562.2032260310925,1.7718476021169636,0.44799744095444205,1.3238501611625215,64.00012343182492,557.4572265625,11.050256498694676,579.5577395598893,535.3567135651106,358349319,-24231637.0
2021-04-20,559.6419677734375,559.6419677734375,553.1345030318859,555.9234164925508,34771635,563.5501760400177,561.9592966732206,1.3333767972758324,0.6250733122187202,0.7083034850571122,56.97679922435051,557.4572265625,11.050256498694676,579.5577395598893,535.3567135651106,323577684,-34771635.0
2021-04-21,550.345458984375,556.8529221818253,550.345458984375,556.8529221818253,38458220,559.1486036881369,560.8532168933306,0.23304852202181792,0.5466683541793398,-0.31361983215752187,45.97700108519621,557.5037048339843,11.016557399994902,579.5368196339741,535.4705900339945,285119464,-38458220.0
2021-04-22,549.4158935546875,555.9233576069427,549.4158935546875,554.0640821634412,33868521,555.9043669769871,559.763948003936,-0.7058412267364247,0.2961664379961869,-1.0020076647326115,46.51164921206162,557.4107482910156,11.079544012892109,579.5698363167998,535.2516602652314,251250943,-33868521.0
2021-04-23,559.6419677734375,559.6419677734375,548.4863139307777,550.3455895712209,27754511,557.1502339091373,559.7523308391266,-0.6176396252452605,0.11340522534789743,-0.7310448505931579,58.62073129133625,557.7826141357422,11.020265593139962,579.8231453220221,535.7420829494622,279005454,27754511.0
2021-04-26,567.0790405273438,567.0790405273438,560.5715761278497,562.4308516705622,30887664,560.4598361152061,560.4501127141949,0.05177358279013333,0.10107889683634462,-0.04930531404621129,55.00000410344287,559.363003540039,9.857278611148457,579.0775607623359,539.6484463177421,309893118,30887664.0
2021-04-27,567.0790405273438,568.0086782987,562.4308516705622,565.2197649846312,26317481,562.6662375859187,561.0814391725901,0.5756526080851927,0.19599363908611425,0.37965896899907847,50.0,560.9898712158204,8.067669051736797,577.125209319294,544.8545331123468,309893118,0.0
2021-04-28,559.6419677734375,565.2197946947674,558.7123299532159,563.3605190543241,24024054,561.658147648425,560.944346658385,0.3862682331974838,0.2340485579083882,0.15221967528909564,42.85725248508268,561.5476531982422,7.525095675931003,576.5978445501042,546.4974618463801,285869064,-24024054.0
2021-04-29,557.7825927734375,566.1493316650391,557.7825927734375,566.1493316650391,31828333,560.3662960234292,560.643227240771,0.08516203369060804,0.20427125306483218,-0.11910921937422414,43.4210083010027,561.5941375732422,7.497389158510921,576.588915890264,546.5993592562203,254040731,-31828333.0
2021-05-03,546.6268310546875,554.9935682647083,546.6268310546875,553.1342933291481,41762441,555.786474367182,559.3083323659059,-1.041636203130338,-0.04491023817420184,-0.9967259649561361,39.75900755345917,561.1757965087891,8.094701691198818,577.3651998911866,544.9863931263915,212278290,-41762441.0
2021-05-04,549.4158935546875,552.2048067199397,541.0491540589308,546.6269803894353,40273595,553.6629474296839,558.3661953362661,-1.6900955202619343,-0.37394729459174836,-1.316148225670186,41.86054500967642,561.3617218017578,7.756092775570618,576.873907352899,545.8495362506166,252551885,40273595.0
2021-05-05,543.837890625,552.2046274038461,543.837890625,552.2046274038461,29254785,550.3879284947893,556.9825472685264,-2.6238562386705553,-0.8239290834075098,-1.7999271552630454,34.11763433684314,560.5715179443359,8.68944062820167,577.9503992007393,543.1926366879326,223297100,-29254785.0
2021-05-06,545.6973876953125,548.4863010906888,539.1899231061009,548.4863010906888,30725590,548.8244148949638,555.9077701663156,-3.177197704878381,-1.294582807701684,-1.882614897176697,30.000287237229216,559.5024353027344,9.149789577088223,577.8020144569108,541.202856148558,254022690,30725590.0
2021-05-07,556.8529052734375,557.7825428448456,547.5565295593568,552.2047174163971,28075722,551.500578354455,555.9977830336605,-2.6846211242519757,-1.5725904710117424,-1.1120306532402333,43.37347205621899,558.8516906738281,8.831058331883138,576.5138073375944,541.1895740100618,282098412,28075722.0
2021-05-10,547.5564575195312,554.9935571123262,546.6268200704319,554.0639196632269,20434079,550.1858714094805,555.1938472704102,-3.009702300719482,-1.8600128369532904,-1.1496894637661916,41.86041007898349,557.8755615234375,8.951920340863778,575.779402205165,539.97172084171,261664333,-20434079.0
2021-05-11,530.8230590820312,539.1897973162489,529.8934215004515,538.2601597346692,59349193,543.7316006336641,552.8728198238979,-4.564954923442315,-2.4010012542510957,-2.163953669191219,34.95148910998883,556.2951782226562,10.720705062243953,577.7365883471441,534.8537680981683,202315140,-59349193.0
2021-05-12,520.5970458984375,530.8230593000139,481.55226745605466,527.104508972168,131741482,536.0200823885887,549.7989365929017,-6.54718575163497,-3.230238153727871,-3.3169475979070993,34.615467169007076,554.2034942626954,13.24455340650151,580.6926010756983,527.7143874496924,70573658,-131741482.0
2021-05-13,508.5117492675781,523.3859503430466,502.93392386427746,508.5117492675781,66765627,526.8506380149186,545.8668235142994,-8.989673046251824,-4.3821251322326615,-4.607547914019162,31.03455204313947,551.1821701049805,16.256174151080803,583.6945184071421,518.6698218028189,3808031,-66765627.0
2021-05-14,517.8080444335938,522.4562315470013,513.1598573201862,516.8784070109123,37533726,523.836440154477,543.1945588399465,-10.059271476981621,-5.517554401182453,-4.541717075799168,30.434763992112337,548.3002914428711,16.827317462077314,581.9549263670257,514.6456565187165,41341757,37533726.0
2021-05-17,510.37103271484375,518.7377709560707,502.9339320559754,505.72284480305103,56270958,519.3479710079326,540.0685087327938,-11.375906265208869,-6.6892247739877355,-4.686681491221133,23.47831374069206,545.4648910522461,18.21683863814778,581.8985683285417,509.03121377595056,-14929201,-56270958.0
2021-05-18,531.7527465820312,532.682384250881,515.9489062115863,523.386007562384,43689316,523.4828961992989,539.2765313851021,-10.572153995751364,-7.465810618340463,-3.1063433774109015,36.231909914358894,544.0239486694336,18.09840806492645,580.2207647992865,507.8271325395807,28760115,43689316.0
2021-05-19,527.1044921875,531.7526799492946,525.2452170827822,530.8230423969356,28908777,524.6900948620327,538.117289556759,-10.192754089663254,-8.01119931260502,-2.181554777058233,37.03703253398592,542.3970748901368,18.083004868257397,578.5630846266515,506.23106515362196,-148662,-28908777.0
2021-05-20,527.1044921875,530.8230423969356,520.5970293209876,527.1044921875,29709287,525.4948939705218,537.0684517120677,-9.779346709227639,-8.364828791929543,-1.4145179172980953,37.59400815992062,541.235026550293,18.29090280838183,577.8168321670566,504.6532209335294,-148662,0.0
2021-05-21,532.6823120117188,536.4008621828302,528.0341242978294,531.7526744689409,27376731,527.8906999842542,536.6507241215583,-8.899052203430415,-8.471673474229718,-0.4273787292006972,44.09452502783858,540.3983474731446,18.279708463700373,576.9577644005453,503.8389305457438,27228069,27376731.0
2021-05-24,528.0342407226562,531.7527917136608,526.174965227154,529.8935162181585,15629736,527.938546897055,535.8301066549961,-8.478735389144958,-8.473085857212766,-0.005649531932192531,41.08528295664141,538.8179611206054,17.89061630230459,574.5991937252146,503.0367285159963,11598333,-15629736.0
2021-05-25,541.9786987304688,542.9083362926136,532.6823231090199,535.4712357954545,33039911,532.6185975081929,536.4156868526602,-6.940425162068436,-8.1665537181839,1.226128556115464,49.275393691422046,537.5629440307617,16.6404851538236,570.8439143384089,504.28197372311456,44638244,33039911.0
2021-05-26,543.837890625,546.6268028846154,540.1193409455128,545.6971654647435,18703987,536.358361880462,537.1225634024069,-5.507791583318522,-7.634801291210826,2.127009707892304,49.275273027434764,536.4008865356445,15.22182751816693,566.8445415719784,505.9572314993107,63342231,18703987.0
2021-05-27,541.0490112304688,541.0490112304688,532.6822739433997,539.1897362777867,62169719,537.9219116637976,537.4965108146032,-4.54506572165883,-7.016854177300427,2.4717884556415974,43.41080793316015,535.4712387084961,14.26543288270846,564.002104473913,506.9403729430792,1172512,-62169719.0
2021-05-28,548.486328125,550.3456038135594,541.0492253707627,545.6974145921611,29086873,541.4433838175318,538.54316008226,-3.1457074655620545,-6.242624834952753,3.096917369390699,50.39380031390292,535.0064254760742,13.637841966917774,562.2821094099098,507.7307415422387,30259385,29086873.0
2021-05-31,554.99365234375,554.99365234375,548.486189083438,553.134377126518,30657474,545.9601399929379,540.1098736309733,-1.4943928546963434,-5.292978438901471,3.798585584205128,61.20693656144513,535.4247665405273,14.13241731455543,563.6896011696382,507.1599319114165,60916859,30657474.0
2021-06-01,555.92333984375,556.8529775357964,553.1344267676108,555.92333984375,17818326,549.2812066098753,541.6159180321902,-0.10943462276793525,-4.256269675674764,4.1468350529068285,67.92460952331402,535.7501388549805,14.540509100953216,564.8311570568869,506.66912065307406,78735185,17818326.0
2021-06-02,553.13427734375,557.7824645483194,551.2750024619223,557.7824645483194,21872755,550.565563521167,542.7129046332911,0.7544044150422451,-3.2541348575313624,4.008539272573607,74.99999145118817,536.214958190918,14.955331904999472,566.1256220009169,506.30429438091903,56862430,-21872755.0
2021-06-03,554.0640869140625,557.7826378329488,554.0640869140625,557.7826378329488,21077164,551.7317379854655,543.7939696124122,1.496777023892264,-2.3039524812466374,3.8007295051389014,72.41386596635009,536.6332931518555,15.346441280368099,567.3261757125916,505.94041059111925,77939594,21077164.0
2021-06-04,553.13427734375,553.13427734375,548.4860901391806,549.4157275800945,15756180,552.1992511048937,544.6835227296825,1.987177854004699,-1.4457264141963702,3.432904268201069,78.7497917523252,536.447361755371,15.109269191867282,566.6659001391056,506.2288233716365,62183414,-15756180.0
2021-06-07,550.345458984375,553.1343717832823,541.978720587653,552.2047341836465,17077625,551.5813203980542,545.222754753939,2.126279286490103,-0.7313252740590755,2.8576045605491784,66.66655724251129,536.5868118286132,15.229587661012655,567.0459871506386,506.1276365065879,45105789,-17077625.0
2021-06-08,547.5564575195312,553.1342822141276,546.6268200704319,548.4860949686306,13396324,550.2396994385466,545.4450121601858,1.9885463399713217,-0.1873509512529961,2.175897291224318,68.9653650104764,537.4234817504882,15.355400928564213,568.1342836076167,506.7126798933598,31709465,-13396324.0
2021-06-09,544.7676391601562,546.6269143791328,541.9787263316913,544.7676391601562,20023490,548.4156793457498,545.3805004458973,1.6355045744013523,0.1772201538778736,1.4582844205234786,65.57375108303152,538.6320114135742,14.905977680298736,568.4439667741717,508.8200560529767,11685975,-20023490.0
2021-06-10,556.8529052734375,556.8529052734375,545.6972544165407,549.415804702173,28527745,551.2280879883124,546.4731104294725,2.30433348420911,0.6026428199441209,1.701690664264989,69.1176115621648,541.0490692138671,13.629501003754406,568.3080712213759,513.7900672063583,40213720,28527745.0
2021-06-11,559.6419677734375,560.5716055936591,557.7826921329942,559.6419677734375,24227710,554.0327145833542,547.7272873193739,3.024573843925168,1.0870290247403305,1.9375448191848377,75.75743709370167,543.1407653808594,13.07377737370042,569.2883201282602,516.9932106334586,64441430,24227710.0
2021-06-15,566.1493530273438,566.1493530273438,563.3604399582435,564.2900776479436,26012250,558.0715940646841,549.481769767752,4.07350430163342,1.6843240801189485,2.3891802215144717,72.41367600315141,545.9296813964844,11.57931030844107,569.0883020133665,522.7710607796023,90453680,26012250.0
2021-06-16,562.4307250976562,565.2196377840909,562.4307250976562,565.2196377840909,25856919,559.5246377423415,550.7150036086953,4.552251528505167,2.257909569796192,2.2943419587089746,66.6665572432297,547.4635803222657,11.634273689516013,570.7321277012977,524.1950329432336,64596761,-25856919.0
2021-06-17,565.697998046875,565.697998046875,558.2300376766193,561.0305228154651,22872361,561.5824245105193,552.1419554599505,5.136098035211262,2.833547262879206,2.3025507723320557,71.90738175083729,549.3932556152344,11.274794307189637,571.9428442296137,526.843667000855,87469122,22872361.0
2021-06-18,562.8975830078125,567.5650588204809,561.0305926827451,567.5650588204809,32652017,562.0208106762838,553.1663009406992,5.311601670851019,3.3291581444735687,1.98244352637745,63.95888609845959,551.18291015625,10.353792497092664,571.8904951504354,530.4753251620647,54817105,-32652017.0
2021-06-21,544.2275390625,554.4959831957547,544.2275390625,550.7620035109348,44279632,556.0897201383559,552.3149902856327,3.8992252111609105,3.4431715578110373,0.45605365334987313,41.56036906400056,551.7601715087891,9.559398253325158,570.8789680154395,532.6413750021387,10537473,-44279632.0
2021-06-22,539.5601806640625,548.8951318866241,539.5601806640625,546.0946465198556,27823974,550.5798736469249,551.1002465121499,2.3759019564154187,3.229717637531914,-0.8538156811164952,37.882866595556195,552.3364685058593,8.32098622923187,568.9784409643231,535.6944960473955,-17286501,-27823974.0
2021-06-23,555.429443359375,558.2299279477415,542.3605152803309,544.2275050059086,34392376,552.1963968844083,551.5125509737903,2.421263359800264,3.0680267819855844,-0.6467634221853205,51.42378343831357,553.0090057373047,7.976196154760684,568.961398046826,537.0566134277834,17105875,34392376.0
2021-06-24,550.7621459960938,558.2301072977357,548.8951556706833,558.2301072977357,16524230,551.7183132549701,551.4410838330573,2.056890158432111,2.86579945727489,-0.8089092988427788,48.04244605409897,553.3552185058594,7.70275465954089,568.7607278249412,537.9497091867776,581645,-16524230.0
2021-06-25,551.6956787109375,558.2301452946542,549.8286882584471,558.2301452946542,18841696,551.7107684069592,551.465330964284,1.8224420815250824,2.6571279821249285,-0.8346859005998462,49.14716520173505,553.8875518798828,7.1560056336970845,568.199563147277,539.5755406124887,19423341,18841696.0
2021-06-28,550.7621459960938,550.7621459960938,547.0281653452728,550.7621459960938,15028407,551.3945609366708,551.3983609673135,1.54351927385801,2.434406240471545,-0.8908869666135351,50.25257775821054,554.0013427734375,7.083323233221376,568.1679892398803,539.8346963069947,4394934,-15028407.0
2021-06-29,555.429443359375,558.2299279477415,551.6954639082195,558.2299279477415,28659610,552.7395217442389,551.7822735760813,1.6797200629406461,2.283469004965365,-0.6037489420247191,54.66601651378669,554.0231323242188,7.087205632276777,568.1975435887723,539.8487210596652,33054544,28659610.0
2021-06-30,555.429443359375,559.1634228105304,555.429443359375,559.1634228105304,24883853,553.6361622826176,552.129623079252,1.7672879738977372,2.1802327987518395,-0.41294482485410233,56.534861849227894,553.9984375,7.081093861502622,568.1606252230052,539.8362497769948,33054544,0.0
2021-07-01,553.5624389648438,557.2964183170518,551.6954492887397,556.3629234789997,18250994,553.6115878433598,552.2660817350227,1.666820454156209,2.0775503298327136,-0.41072987567650454,47.694398660201465,554.0198455810547,7.078990676870287,568.1778269347952,539.8618642273142,14803550,-18250994.0
2021-07-02,548.8949584960938,553.5624326329653,547.9614636687195,550.7619481508424,18322419,552.0393780609378,551.9450223789343,1.1967768562345782,1.9013956351130865,-0.7046187788785083,42.662806367493474,553.7613891601562,7.171055075308637,568.1034993107735,539.419279009539,-3518869,-18322419.0
2021-07-05,551.6956787109375,557.296650068409,548.8951930322019,548.8951930322019,28836816,551.9248116109377,551.9212753629346,1.0382898737906316,1.7287744828485958,-0.6904846090579642,39.606136710976436,553.6894592285156,7.1848781226065785,568.0592154737287,539.3197029833025,25317947,28836816.0
2021-07-06,552.6290283203125,556.3630082413957,549.8285433795,555.4295132611248,12997112,552.1595505140626,551.9886804064944,0.9767420373099185,1.5783679937408606,-0.6016259564309421,42.65730748585103,553.8036376953125,7.146984792020829,568.0976072793542,539.5096681112709,38315059,12997112.0
2021-07-07,554.4959716796875,554.4959716796875,548.8950022687816,550.7619920724169,16966158,552.9383575692709,552.2274700515603,1.0663197891077516,1.4759583528142388,-0.4096385637064872,41.428451335699606,554.1506134033203,6.9945567712120855,568.1397269457445,540.1614998608961,55281217,16966158.0
2021-07-08,548.8949584960938,555.4294222877139,548.8949584960938,555.4294222877139,21140426,551.5905578782119,551.9100879986588,0.6775455254251028,1.3162757873364117,-0.6387302619113089,39.72583599421398,554.3569793701172,6.7601098897149186,567.877199149547,540.8367595906874,34140791,-21140426.0
2021-07-09,545.1610717773438,546.0945667632639,541.4270918336633,543.2940818055035,29029415,549.4473958445892,551.2673245490097,0.06736907887398047,1.0664944456439254,-0.9991253667699449,50.87723725611427,553.7723876953125,7.032940354294946,567.8382684039025,539.7065069867226,5111376,-29029415.0
2021-07-12,553.5624389648438,557.2964183170518,550.7619544506877,555.4294286409478,31304547,550.8190768846741,551.4859068743273,0.25873740403903867,0.9049430373229481,-0.6462056332839095,62.29504506677214,553.4684112548828,6.895943983941446,567.2602992227656,539.6765232869999,36415923,31304547.0
2021-07-13,566.6314086914062,567.5649035986409,559.1634494335294,560.096944340764,52540315,556.0898541535848,552.9283356188109,1.4482601736915512,1.013606464596669,0.4346537090948823,60.34491116249131,553.4925140380859,6.943279308487426,567.3790726550608,539.605955421111,88956238,52540315.0
2021-07-14,572.232421875,574.0994118321778,567.5649469820555,572.232421875,38418875,561.4707100607233,554.7668200241623,2.810522538649593,1.3729896794072538,1.4375328592423393,69.49145968325526,553.9825988769531,7.8889072332531285,569.7604133434594,538.2047844104469,127375113,38418875.0
2021-07-15,573.1659545898438,573.1659545898438,567.5649843495521,572.2324595497952,22012834,565.3691249037635,556.5191185542271,3.920263211653946,1.8824443858565925,2.0378188257973537,69.49145968325526,554.3559967041016,8.615849316087282,571.5876953362762,537.124298071927,149387947,22012834.0
2021-07-16,549.8284912109375,555.4294605611339,548.8949963192381,551.6954809943363,57970545,560.1889136728215,555.8819159501043,2.883364800315462,2.0826284687483665,0.8007363315670957,49.39748690950999,553.7025421142578,8.427473495094926,570.5574891044477,536.8475951240679,91417402,-57970545.0
2021-07-19,543.2940063476562,545.1609960601912,539.5600269225865,544.2275012039237,40644341,554.5572778977664,554.6830674165378,1.5168516992007426,1.9694731148388418,-0.4526214156380992,42.352954750870175,553.6558654785156,8.485102240203245,570.626069958922,536.6856609981091,50773061,-40644341.0
2021-07-20,542.360595703125,545.1610807067556,540.4936057007046,540.4936057007046,15354333,550.4917171662194,553.5094986819271,0.3544756090292367,1.646473613676921,-1.2919980046476842,41.860523462767176,553.7958862304688,8.26038393780262,570.316654106074,537.2751183548636,35418728,-15354333.0
2021-07-21,546.094482421875,547.0279772636218,541.427008213141,547.0279772636218,25828732,549.0259722514379,552.8033066571602,-0.26239760780345023,1.2646993693808466,-1.5270969771842968,45.45454545454545,553.3291381835937,8.42530945907569,570.179757101745,536.4785192654424,61247460,25828732.0
2021-07-22,551.6956787109375,554.4961643896733,547.9616978059565,549.8286882584471,26058172,549.9158744046044,552.6978182813294,-0.29589347134765376,0.9525808012351467,-1.2484742725828004,51.68553110741013,553.3758148193359,8.41291650078446,570.2016478209048,536.549981817767,87305632,26058172.0
2021-07-23,546.094482421875,552.6289463141026,544.2274927383814,552.6289463141026,15271451,548.642077077028,552.0689291518576,-0.7655837410999311,0.6089478927681311,-1.3745316338680622,46.73900529178742,553.0957550048828,8.563669869618389,570.2230947441195,535.9684152656461,72034181,-15271451.0
2021-07-26,541.4271240234375,551.6955694790544,541.4271240234375,551.6955694790544,21619179,546.2370927258312,551.0554239015319,-1.4971749786319606,0.18772331848811274,-1.6848982971200734,43.75003405382138,552.62900390625,8.943525965730197,570.5160558377104,534.7419519747896,50415002,-21619179.0
2021-07-27,541.4271240234375,545.1611041891164,541.4271240234375,542.3606190648572,17785992,544.6337698250334,550.1384429607609,-2.053297173522992,-0.26048077991410823,-1.792816393608884,42.55325956613313,551.9288879394531,9.255390695876844,570.4396693312068,533.4181065476995,50415002,0.0
2021-07-28,540.49365234375,540.49365234375,534.8926818531412,537.6931670984455,36158305,543.2537306646057,549.2198914734265,-2.5400710251816463,-0.716398828967616,-1.8236721962140303,44.94392092876668,551.1820983886719,9.555763523850516,570.2936254363728,532.0705713409709,14256697,-36158305.0
2021-07-29,544.2275390625,546.0945289049099,538.6265695352702,546.0945289049099,23224896,543.5783334639038,548.7444293390525,-2.5946399624477863,-1.0920470556636501,-1.5025929067841362,49.43818078567267,550.7153533935547,9.660779554206751,570.0369125019681,531.3937942851412,37481593,23224896.0
2021-07-30,541.4271240234375,543.294114106277,539.5601339405981,542.3606190648572,18999281,542.8612636504151,548.0475431185178,-2.83121978863619,-1.4398816022581582,-1.3913381863780319,42.16877245582096,550.3419616699218,9.876744376160238,570.0954504222423,530.5884729176014,18482312,-18999281.0
2021-08-02,550.7621459960938,550.7621459960938,541.4271943690413,544.2276798571571,23482491,545.4948910989747,548.3060767259059,-2.239635622860874,-1.5998324063787013,-0.6398032164821725,39.24064357009253,550.2952850341796,9.872214972608687,570.039714979397,530.5508550889623,41964803,23482491.0
2021-08-03,554.4959716796875,554.4959716796875,550.7619920724169,554.4959716796875,22747702,548.4952512925456,548.8955905310279,-1.4527658017206022,-1.5704190854470816,0.11765328372647943,37.662312298542545,550.3886322021484,9.904217808418819,570.197067818986,530.5801965853108,64712505,22747702.0
2021-08-04,556.363037109375,558.230027166789,554.496047051961,558.230027166789,20313271,551.1178465648221,549.6067759194419,-0.6707769240804282,-1.390490653173751,0.7197137290933229,38.46154490960741,550.4819854736328,9.953645344615204,570.3892761628632,530.5746947844024,85025776,20313271.0
2021-08-05,556.363037109375,558.230027166789,553.562552023254,558.230027166789,15116242,552.8662434130065,550.2502293661022,-0.050463394030884956,-1.122485201345178,1.072021807314293,56.60385738007061,550.8553894042968,10.030756809059445,570.9169030224157,530.793875786178,85025776,0.0
2021-08-06,551.6956787109375,556.3631548421638,548.8951930322019,556.3631548421638,13687213,552.4760551789835,550.3878912084674,0.06378742985373265,-0.8852306751053959,0.9490181049591285,58.82378581840513,551.1821197509765,9.941543191605952,571.0652061341884,531.2990333677647,71338563,-13687213.0
2021-08-09,555.429443359375,555.429443359375,544.2275050059086,550.7619690454306,17390951,553.4605179057808,550.8680390323634,0.45042343271734353,-0.6180998535408481,1.0685232862581917,62.96295399398469,551.2754699707032,9.973783773855558,571.2230375184142,531.3279024229921,88729514,17390951.0
2021-08-10,551.6956787109375,556.3631548421638,549.8286882584471,556.3631548421638,17190865,552.8722381741663,550.9468618588943,0.4503601760231959,-0.4044078476280393,0.8547680236512352,55.55582462555546,550.5286834716796,9.299883452789066,569.1284503772578,531.9289165661015,71538649,-17190865.0
2021-08-11,550.7621459960938,550.7621459960938,546.0946701825676,550.7621459960938,19969687,552.1688741148089,550.9292698719609,0.370708460038486,-0.24938458609473424,0.6200930461332202,48.97953737248387,549.4551696777344,7.777235401201767,565.0096404801379,533.9006988753308,51568962,-19969687.0
2021-08-12,547.028076171875,548.8950661929393,545.1610861508105,547.028076171875,15444622,550.4552748004976,550.5577276148099,0.006204155724958582,-0.1982668377307957,0.20447099345575429,51.06396002359409,548.1482757568359,5.422916512632166,558.9941087821003,537.3024427315715,36124340,-15444622.0
2021-08-13,542.360595703125,546.0945757079658,540.4936057007046,546.0945757079658,22524428,547.7570484347068,549.7770483851257,-0.651781466594457,-0.288969763503528,-0.362811703090929,51.06381794759789,547.7748809814453,5.556589685952855,558.8880603533511,536.6617016095396,13599912,-22524428.0
2021-08-16,545.1610717773438,547.028061749184,539.5601018618231,543.2940818055035,19315705,546.8917228822525,549.3374315653369,-0.9364697577435663,-0.41846976235153566,-0.5179999953920307,54.00001830761767,547.8682342529297,5.492662829574969,558.8535599120796,536.8829085937798,32915617,19315705.0
2021-08-17,545.1610717773438,545.1610717773438,545.1610717773438,545.1610717773438,0,546.3148391806162,548.9396830140995,-1.1488441196667054,-0.5645446338145697,-0.5842994858521358,55.10204626275161,548.0082580566407,5.379395716358343,558.7670494893573,537.249466623924,32915617,0.0
2021-08-18,535.826171875,536.759666947953,528.3582112913763,530.2252014372822,43716164,542.8186167454108,547.6907771913282,-2.046806428258833,-0.8609969927034223,-1.1858094355554107,41.81817965672114,547.4948425292969,6.023152014792285,559.5411465588815,535.4485384997123,-10800547,-43716164.0
2021-08-19,521.8235473632812,534.8924734153134,521.8235473632812,534.8924734153134,38868947,535.820260284701,545.2272314934189,-3.8440312017002043,-1.4576038345027786,-2.3864273671974257,34.32814264203162,546.0012359619141,8.227169376317406,562.4555747145489,529.5468972092792,-49669494,-38868947.0
2021-08-20,515.2892456054688,525.5576907171719,514.3557505953139,522.7572056867075,45614061,528.976588724957,542.3759947421855,-5.729561506852065,-2.311995368972636,-3.4175661378794286,20.312167971623325,544.4609741210937,10.715973146299309,565.8929204136923,523.0290278284951,-95283555,-45614061.0
2021-08-23,528.3582153320312,533.9591858125829,521.8237497713878,522.7572448514798,33685159,528.7704642606484,541.0409681316946,-6.098995796155805,-3.06939545440927,-3.029600341746535,31.08106794701085,543.8075286865235,11.293603929137518,566.3947365447985,521.2203208282484,-61598396,33685159.0
2021-08-24,533.9591064453125,536.7595912693264,533.0256115039746,535.8260963279885,24844800,530.5000116555365,540.366505113944,-5.872139657130219,-3.62994429495346,-2.2421953621767594,34.61524920491486,543.4341278076172,11.498056665115962,566.4302411378491,520.4380144773853,-36753596,24844800.0
2021-08-25,546.094482421875,546.094482421875,535.8260391626602,540.4935133713942,27504657,535.6981685776493,540.9120267623183,-4.659420214952775,-3.835839478953323,-0.8235807359994518,43.955941312563766,543.7141693115234,11.490873862266676,566.6959170360567,520.7324215869901,-9248939,27504657.0
2021-08-26,554.4959716796875,562.8974257960464,551.6954869742345,561.0304359924111,43822008,541.9641029449954,542.2057358020677,-2.985980822709621,-3.6658677477045827,0.6798869249949617,51.57884594207687,544.2275909423828,11.741682697118033,567.7109563366189,520.7442255481467,34573069,43822008.0
2021-08-27,559.1635131835938,560.0970081972558,553.5625431016211,556.3630281426075,27105651,547.6972396911949,543.8207622193559,-1.2685138190996668,-3.1863969619835997,1.917883142883933,52.08338583315341,545.1144104003906,12.180625949358735,569.4756622991081,520.7531585016732,61678720,27105651.0
2021-08-30,564.7644653320312,564.7644653320312,559.1634954279119,561.9639803799716,36575609,553.386314904807,545.8154006110392,0.5383355866706552,-2.4414504522527487,2.979786038923404,57.14277136286395,545.8145263671875,12.903303975020707,571.6211343172289,520.007918417146,98254329,36575609.0
2021-08-31,573.1659545898438,573.1659545898438,558.2300339490661,563.8310041893577,52721470,559.9795281331526,548.4202152756873,2.618027733277245,-1.42955481514675,4.0475825484239945,61.32070816416914,546.7480255126953,14.176916998334931,575.1018595093652,518.3941915160254,150975799,52721470.0
2021-09-01,572.232421875,573.1659168535889,567.5649469820555,573.1659168535889,30092045,564.0638260471018,550.6880444756218,4.1431112471464075,-0.31502160268811863,4.458132849834526,63.10678070895982,547.5414947509765,15.153822997376832,577.8491407457302,517.2338487562229,120883754,-30092045.0
2021-09-02,566.6314086914062,574.0993679492831,566.6314086914062,572.2323781348139,24112463,564.9196869285366,552.2064601152204,4.8439578345675045,0.7167742847630061,4.127183549804498,62.49996070707152,548.0549133300781,15.634748595432844,579.3244105209437,516.7854161392124,96771291,-24112463.0
2021-09-03,578.7667846679688,578.7667846679688,569.4318365281628,569.4318365281628,51562454,569.5353861750141,554.7360148345297,6.30591654552552,1.834602736915509,4.471313808610011,65.7894193489183,549.4084686279297,17.07226673636654,583.5530021006628,515.2639351551966,148333745,51562454.0
2021-09-06,589.0352783203125,595.5697425806012,579.7003293770429,581.5673191656969,55589014,576.0353502234469,558.0026113569852,8.19860258996141,3.1074027075246895,5.091199882436721,68.79996275759115,551.0887603759766,19.215328093866695,589.5194165637099,512.6581041882432,203922759,55589014.0
2021-09-07,581.5673828125,591.8358277738764,581.5673828125,591.8358277738764,26526056,577.8793610864647,560.2468753051295,8.992315346774149,4.2843852353745815,4.707930111399567,69.91866936705631,552.5823455810547,20.390025918016427,593.3623974170875,511.80229374502187,177396703,-26526056.0
2021-09-08,577.8333740234375,585.3013336230943,571.2989093737378,580.6338588733088,37817737,577.8640320654556,561.9217799449684,9.2138238956137,5.270272967422406,3.9435509281912946,76.78580289544061,553.9359069824219,21.14731378155307,596.230534545528,511.64127941931577,139578966,-37817737.0
2021-09-09,577.8333740234375,578.7668689733946,569.4319194738237,571.2989093737378,18735512,577.8538127181163,563.4371698572036,9.282369637347074,6.07269230140734,3.209677335939734,81.90472572888535,555.476171875,21.731484810144167,598.9391414952884,512.0132022547116,139578966,0.0
2021-09-10,580.6339721679688,581.5674673000716,573.166011111146,574.0995062432488,16304725,578.7805325347338,565.0749605534669,9.453701114481419,6.748894064022156,2.7048070504592623,79.78721184357511,557.3898406982422,22.195951763395662,601.7817442250335,512.9979371714509,155883691,16304725.0
2021-09-13,574.0995483398438,578.7670243426068,572.2325579387386,577.8335291420541,15198774,577.2202044697705,565.9344451045504,8.958936113246523,7.19090247386703,1.7680336393794924,72.63162531340998,558.8367645263672,22.299805271554757,603.4363750694768,514.2371539832577,140684917,-15198774.0
2021-09-14,572.232421875,576.8998967679446,571.2989268964111,576.8998967679446,14441901,575.5576102715137,566.5342524160218,8.320259016926798,7.416773782478985,0.903485234447813,66.66664072095858,560.19033203125,22.24755592923792,604.6854438897259,515.6952201727742,126243016,-14441901.0
2021-09-15,566.6314086914062,572.2323781348139,566.6314086914062,569.4318934131101,23433501,572.5822097448113,566.5435053946297,7.278248741438915,7.389068774270971,-0.11082003283205566,58.02465348940268,561.7305938720704,21.52666423583325,604.7839223437369,518.6772654004038,102809515,-23433501.0
2021-09-16,562.6460571289062,569.2102611287435,561.7083137003581,565.4592874145508,22467022,569.270158872843,566.1723198455132,6.0609961360972875,7.123454246636235,-1.0624581105389472,52.323825380353426,563.7717193603515,19.371017466505492,602.5137542933626,525.0296844273405,80342493,-22467022.0
2021-09-17,562.6460571289062,572.023491414388,561.7083137003581,562.6460571289062,40717715,567.0621249581975,565.8364853010745,5.038237016401126,6.706410800589214,-1.6681737841880873,48.47223542751702,566.1395599365235,15.674440324514785,597.488440585553,534.790679287494,80342493,0.0
2021-09-22,549.5177001953125,552.3309307423875,546.7044696482376,549.5177001953125,40642293,561.2139833705692,564.282315291002,3.1322378707524194,5.991576214621856,-2.859338343869436,34.03378901276051,567.1975341796875,13.561834104725651,594.3212023891389,540.0738659702362,39700200,-40642293.0
2021-09-23,551.39306640625,556.0817829573235,551.39306640625,551.39306640625,21696296,557.9403443824629,563.0547677781684,1.7528405413219161,5.143829079961868,-3.3909885386399514,36.10691545462832,568.0692321777344,11.752568625736581,591.5743694292075,544.5640949262613,61396496,21696296.0
2021-09-24,560.7705688476562,560.7705688476562,553.2686214383231,554.2063648644897,16736973,558.8837525375274,562.8372250228815,1.4002036199563008,4.395103987960755,-2.994900368004454,46.280037004380716,568.8030364990234,10.721218510590337,590.2454735202041,547.3605994778427,78133469,16736973.0
2021-09-27,564.5216674804688,564.5216674804688,556.0819747772724,562.6461802130918,19464241,560.7630575185078,562.9976481140803,1.407197334666762,3.7975226573019563,-2.3903253226351944,39.88146953498253,569.3043212890625,10.240678145715489,589.7856775804935,548.8229649976315,97597710,19464241.0
2021-09-28,557.0194702148438,558.8949566465435,555.1439837831439,557.9572134306936,16707080,559.5151950839531,562.4282978379625,0.798174425177308,3.1976530108770267,-2.3994785856997187,26.32840147766133,569.197119140625,10.362914697866158,589.9229485363572,548.4712897448927,80890630,-16707080.0
2021-09-29,543.8912353515625,546.704465879243,541.078004823882,543.8912353515625,49310524,554.3072085064896,560.6628633154482,-0.735342879615132,2.411053832778595,-3.146396712393727,24.29487318294403,568.1534576416016,11.786175594487002,591.7258088305756,544.5811064526275,31580106,-49310524.0
2021-09-30,543.8912353515625,548.5799528976967,539.2025178054283,543.8912353515625,30465107,550.8352174548472,559.0655654141258,-1.9284365756251418,1.5431557510978475,-3.4715923267229893,25.599195456364384,566.6897216796875,12.896438947914854,592.4825995755173,540.8968437838578,31580106,0.0
2021-10-01,538.2647705078125,542.9534880209468,535.4515399999319,542.9534880209468,36704493,546.6450684725023,557.0845373278103,-3.29005491102464,0.5765136186733502,-3.8665685296979904,23.683296095191082,564.9913391113281,14.289508241523452,593.570355594375,536.4123226282812,-5124387,-36704493.0
2021-10-04,536.3892211914062,539.20245137248,533.5759910103325,538.2647079787888,20957803,543.226452712137,555.1135548386289,-4.468972869572099,-0.43258367897573957,-4.036389190596359,20.206632493695324,563.4792297363281,15.64284382535597,594.76491738704,532.1935420856162,-26082190,-20957803.0
2021-10-05,536.3892211914062,536.3892211914062,525.136300467111,527.0117872544936,33824024,540.9473755385601,553.3302849674649,-5.341698075048612,-1.414406558190314,-3.927291516858298,22.1564566253506,561.3603515625,16.318602605309867,593.9975567731198,528.7231463518802,-26082190,0.0
2021-10-06,535.4514770507812,538.2647072279307,529.8250166964823,537.3269638355475,32508846,539.1154093759671,551.6275413563521,-6.039388887422888,-2.339403024036829,-3.699985863386059,22.464768717746736,558.6811614990235,15.929856193059322,590.5408738851421,526.8214491129048,-58591036,-32508846.0
2021-10-07,543.8912353515625,545.7667223700162,536.3892872777478,539.2025178054283,27933054,540.7073513678323,550.8907503082769,-5.843930726258577,-3.0403085644811787,-2.8036221617773984,33.670149958931574,556.7973541259765,15.296085211862112,587.3895245497008,526.2051837022523,-30657982,27933054.0
2021-10-08,539.2025146484375,546.7044626783288,537.3270276409646,545.7667191745924,18279079,540.2057391280341,549.7775850073398,-5.998225491108428,-3.631891949806629,-2.3663335413017994,33.33342011606322,554.8658111572265,14.934737521126202,584.7352861994789,524.9963361149742,-48937061,-18279079.0
2021-10-12,539.2025146484375,539.2025146484375,528.887336107337,534.5137971297554,26522907,539.8713309681686,548.7704354493491,-6.0507558568327795,-4.11566473121186,-1.9350911256209198,33.33342011606322,552.9342681884766,14.29223944807301,581.5187470846226,524.3497892923306,-48937061,0.0
2021-10-13,535.4514770507812,539.2024506203138,534.5137336583981,536.3892204431644,18914374,538.3980463290395,547.501963220914,-6.322185714044281,-4.556968927778344,-1.7652167862659365,38.46154616412911,550.6751434326172,13.213620469926598,577.1023843724704,524.2479024927641,-67851435,-18914374.0
2021-10-14,537.3269653320312,542.9534257020002,537.3269653320312,542.9534257020002,13916927,538.0410193300368,546.5329158029252,-6.313185132853391,-4.908212168793353,-1.404972964060038,38.46166940531729,548.8365142822265,12.310148835809542,573.4568119538455,524.2162166106075,-53934508,13916927.0
2021-10-15,562.6460571289062,562.6460571289062,549.5176491292317,555.1441097005209,53150216,546.2426985963266,548.0675006911139,-4.214431655157114,-4.769456066066105,0.5550244109089917,51.219506387248046,548.3571960449219,11.511997368714022,571.38119078235,525.3332013074938,-784292,53150216.0
2021-10-18,553.2686767578125,566.3970860368115,553.2686767578125,566.3970860368115,19158568,548.5846913168219,548.5628507927042,-3.2701345537426505,-4.469591763601414,1.199457209858764,43.18179632923704,547.6890594482422,10.758700884292827,569.2064612168278,526.1716576796566,-19942860,-19158568.0
2021-10-19,562.6460571289062,562.6460571289062,556.081853129069,560.7705702718099,17386359,553.2718132541834,549.9041085390093,-1.7449810167211126,-3.9246696142253543,2.1796885975042417,53.333410473850094,547.6890594482422,10.758700884292827,569.2064612168278,526.1716576796566,-2556501,17386359.0
2021-10-20,560.7705688476562,566.3970294046562,559.8328254214896,565.4592859784896,16372520,555.7713984520077,550.9390095207851,-0.6797859316133099,-3.2756928777029457,2.595906946089636,61.53841018764295,547.5952850341797,10.628862110134717,568.8530092544491,526.3375608139103,-18929021,-16372520.0
2021-10-21,558.8951416015625,565.4593462848023,557.9573980753854,564.5216027586252,16169014,556.812646168526,551.6967363856211,0.012908738587384505,-2.6179725544448798,2.6308812930322643,60.0,548.0641571044922,10.920949793363588,569.9060566912194,526.222257517765,-35098035,-16169014.0
2021-10-22,562.6460571289062,564.5215439860026,557.0195965576172,562.6460571289062,13995403,558.7571164886529,552.7395288373625,0.8546894625659434,-1.9234401510427155,2.778129613608659,66.66663885159352,548.626806640625,11.381643634348213,571.3900939093214,525.8635193719285,-21102632,13995403.0
2021-10-25,556.0819091796875,559.8328832719619,553.2686786104816,559.8328832719619,16785568,557.8653807189978,553.0578507747268,0.9808284901035904,-1.3425864228134545,2.3234149129170447,62.65067138014239,548.3923736572266,11.164565283496357,570.7215042242193,526.0632430902339,-37888200,-16785568.0
2021-10-26,561.708251953125,562.6459952785893,556.0817920003391,557.9572786512678,19998808,559.1463377970402,553.8816985060029,1.5173028954275196,-0.7706085591652597,2.2879114545927792,65.1685582251163,548.2517028808594,10.966613380303084,570.1849296414656,526.3184761202532,-17889392,19998808.0
2021-10-27,561.708251953125,561.708251953125,557.0195353258034,560.7705086276607,14961858,560.0003091824019,554.6270845485859,1.9203263993658766,-0.23242156745903247,2.152747966824909,65.90911276180137,548.4861419677734,11.211299062787095,570.9087400933475,526.0635438421992,-17889392,0.0
2021-10-28,557.9572143554688,560.7704440076811,554.2062414858522,560.7704440076811,16570044,559.3192775734242,554.944239768289,1.914973422873686,0.19705743060751124,1.7179159922661749,59.036062380460585,549.1894409179688,11.348236041745217,571.8859130014592,526.4929688344783,-34459436,-16570044.0
2021-10-29,553.2686767578125,558.8951378773835,552.330933237884,557.957394357455,25763960,557.302410634887,554.7846623387197,1.5149420412177506,0.4606343527295591,1.0543076884881915,59.03620126662087,549.6583129882813,11.311473277329247,572.2812595429398,527.0353664336228,-60223396,-25763960.0
2021-11-01,553.2686767578125,556.081907317598,553.2686767578125,554.206420277741,16089351,555.9578326758622,554.6402827595857,1.1842628442939258,0.6053600510424325,0.5789027932514933,59.03620126662087,550.4085083007812,11.009577606810126,572.4276635144015,528.389353087161,-60223396,0.0
2021-11-02,555.1442260742188,559.8329441998455,553.268738823968,557.0197133244694,15192404,555.6866304753144,554.6882773609793,1.0613042982201932,0.6965489004779847,0.36475539774220855,62.96312664928853,551.3462585449219,10.541407785475553,572.4290741158729,530.2634429739708,-45030992,15192404.0
2021-11-03,555.1442260742188,559.8329441998455,555.1442260742188,559.8329441998455,10224009,555.5058290082825,554.7317010479545,0.9528746191230084,0.7478140442069895,0.20506057491601892,62.02547810583416,552.2840087890625,9.958937706099556,572.2018842012616,532.3661333768633,-45030992,0.0
2021-11-04,550.4555053710938,557.0197107162346,548.5800181296249,555.1442234747658,17932145,553.8223877958862,554.324444316825,0.48303461936302483,0.6948581592381966,-0.21182353987517177,38.59650124466166,553.0342102050781,9.157055436808584,571.3483210786953,534.7200993314609,-62963137,-17932145.0
2021-11-05,562.6460571289062,562.6460571289062,557.9573399861654,560.7705702718099,33270827,556.763610906893,555.1169788703565,1.0818873567058063,0.7722639987317186,0.3096233579740877,58.3333604532718,553.9719512939453,9.131749317348643,572.2354499286425,535.708452659248,-29692310,33270827.0
2021-11-08,564.5216674804688,564.5216674804688,560.7706929457148,562.6461802130918,19752355,559.3496297647516,556.012663499891,1.6883661122220701,0.9554844214297891,0.732881690792281,51.92321653427994,555.2379089355469,8.72231060673548,572.6825301490179,537.7932877220759,-9939955,19752355.0
2021-11-09,572.9612426757812,578.5877033239886,572.0234992344134,572.9612426757812,39538660,563.8868340684282,557.6268138975948,2.817529356629052,1.3278934084696417,1.4896359481594104,61.01704638222199,556.9258453369141,8.72231091756427,574.3704671720426,539.4812235017856,29598705,39538660.0
2021-11-10,573.89892578125,573.89892578125,570.1479524101308,572.9611824384702,16027674,567.2241979727022,559.1765388388953,3.744893749046355,1.8112934765849844,1.9336002724613706,63.79311505727727,558.8482177734375,7.942298811785022,574.7328153970075,542.9636201498674,45626379,16027674.0
2021-11-11,568.2725219726562,568.2725219726562,562.6460613590656,562.6460613590656,18463848,567.5736393060203,560.0428229468725,3.9799545076730283,2.245025682802593,1.734928824870435,55.00004339185448,560.3954956054688,6.3919930468178086,573.1794816991044,547.6115095118332,27162531,-18463848.0
2021-11-12,566.3971557617188,572.9613612092884,564.5216684909846,572.0236175739212,15821327,567.1814781245864,560.6479975006674,3.9691614497966157,2.589852836201398,1.3793086135952177,60.00016567831661,560.5830505371093,6.515347417781585,573.6137453726725,547.5523557015462,11341204,-15821327.0
2021-11-15,570.1480102539062,572.961240567659,569.2102668159886,571.0857536918238,15551452,568.170322167693,561.5527606200235,4.214686204970576,2.9148195099552336,1.2998666950153424,58.49072128486042,561.4270172119141,6.610550113069113,574.6481174380523,548.2059169857758,26892656,15551452.0
2021-11-16,572.0234985351562,573.8989854155994,570.1480116547132,573.8989854155994,20917108,569.4547142901808,562.5499737547981,4.508629893654188,3.2335815866950246,1.2750483069591634,60.00016567831661,561.8958892822266,7.0213607201948145,575.9386107226162,547.8531678418369,47809764,20917108.0
2021-11-17,572.0234985351562,576.712215736264,570.1480116547132,576.712215736264,19717852,570.3109757051727,563.4522142100703,4.687547257794904,3.5243747209150005,1.1631725368799035,64.70619765836177,562.4585357666016,7.368715244267102,577.1959662551358,547.7211052780674,47809764,0.0
2021-11-18,574.8367309570312,575.7744744006806,569.2102702951353,574.8367309570312,20030651,571.8195607891256,564.5364539002571,4.998722739048503,3.8192443245417014,1.1794784145068018,73.46953956343339,563.255615234375,7.811855185377388,578.8793256051298,547.6319048636202,67840415,20030651.0
2021-11-19,579.5254516601562,584.2141689065976,578.587708210868,583.2764254573093,35554348,574.3881910794692,565.963977496438,5.559584693681131,4.167312398369588,1.3922722953115434,75.9260844043686,564.0995849609375,8.613229926473062,581.3260448138836,546.8731251079913,103394763,35554348.0
2021-11-22,576.7123413085938,579.5255722418063,576.7123413085938,579.5255722418063,20312168,575.1629078225108,566.9876311928338,5.711241699109905,4.476098258517652,1.2351434405922532,70.90933835102544,565.1311065673829,8.83499211217114,582.8010907917252,547.4611223430405,83082595,-20312168.0
2021-11-23,573.89892578125,576.7121558095895,572.9611824384702,576.7121558095895,19431694,574.7415804754239,567.6458497250638,5.540543906890093,4.688987388192141,0.8515565186979526,67.2413464182111,565.7406402587891,9.005298792371741,583.7512378435325,547.7300426740456,63650901,-19431694.0
2021-11-24,565.4594116210938,573.8991043318564,564.5216679865646,573.8991043318564,20391940,571.6475241906472,567.4376175246857,4.670428622068471,4.6852756349674065,-0.014847012898935752,62.90336126514081,565.9281982421875,8.955821672063456,583.8398415863144,548.0165548980606,43258961,-20391940.0
2021-11-25,565.4594116210938,569.2103861592105,563.5839243520354,567.3348988901521,11888265,569.5848200007961,567.2492169624388,3.93549010977722,4.53531852992937,-0.59982842015215,53.06138985266224,566.3033081054688,8.759347257576392,583.8220026206216,548.784613590316,43258961,0.0
2021-11-26,558.8951416015625,563.5838592324482,555.144167496854,560.7706286539168,26588102,566.0215938677183,566.4535907375935,2.7911892212698604,4.186492668197468,-1.395303446927608,44.44432391125382,566.5846313476562,8.401734108115068,583.3880995638864,549.7811631314261,16670859,-26588102.0
2021-11-29,556.0819091796875,560.7706267950306,554.2064221335503,557.0196527027562,23379558,562.7083656383747,565.4658115416024,1.638431360765253,3.6768804067110255,-2.0384490459457725,31.249889825279837,566.72529296875,8.187893492068222,583.1010799528864,550.3495059846135,-6708699,-23379558.0
2021-11-30,558.8951416015625,562.646115706271,554.206423970677,559.8328851277396,62021697,561.4372909594374,564.8400334520749,0.9410193115649008,3.1297081876818007,-2.1886888761169,34.000005207018006,566.9128387451171,7.948111621353558,582.8090619878243,551.01661550241,55312998,62021697.0
2021-12-01,562.6460571289062,565.4592874145508,557.0195965576172,558.8950834147136,21403404,561.840213015927,564.6310833260588,0.683108325779358,2.6403882153013125,-1.9572798895219545,43.749949150198105,567.2879302978515,7.529480293341631,582.3468908845348,552.2289697111682,76716402,21403404.0
2021-12-02,576.7123413085938,576.7123413085938,564.5216739313389,567.3349048645515,45125742,566.7975891134827,565.7816793243954,1.5953533475375252,2.431381241748555,-0.8360278942110297,59.01641268371173,568.6007720947266,6.681420895921414,581.9636138865694,555.2379303028838,121842144,45125742.0
2021-12-03,570.1480102539062,575.7744708814118,568.272523378071,575.7744708814118,23045832,567.9143961602906,566.1975203653012,1.7682442252072406,2.298753838440292,-0.5305096132330513,50.0,568.9758697509766,6.538580520117893,582.0530307912123,555.8987087107408,98796312,-23045832.0
2021-12-06,562.6460571289062,571.0857479858398,562.6460571289062,565.4592874145508,23589363,566.1582831498292,565.8592857713588,1.2851027065701146,2.0960236120662565,-0.8109209054961419,42.85715614022364,568.8820892333985,6.618786593348925,582.1196624200963,555.6445160467006,75206949,-23589363.0
2021-12-07,569.210205078125,569.210205078125,559.8327717160471,564.521488397086,18606530,567.1755904592612,566.1784209434318,1.4155637154779015,1.9599316327485856,-0.5443679172706841,48.05190743422182,568.6945373535157,6.549901712584025,581.7943407786837,555.5947339283476,93813479,18606530.0
2021-12-08,564.5216674804688,575.7745910847306,564.5216674804688,575.7745910847306,20801543,566.2909494663304,566.02063489934,1.1276305811570637,1.7934714224302815,-0.6658408412732177,43.03804560067361,568.2256744384765,6.49312823746184,581.2119309134002,555.2394179635528,73011936,-20801543.0
2021-12-09,570.1480102539062,570.1480102539062,564.5215496264005,568.272523378071,11039070,567.5766363955224,566.4137182664416,1.338016516750713,1.702380441294368,-0.36436392454365496,43.74997966017854,568.319448852539,6.50736780538044,581.3341844633,555.3047132417781,84051006,11039070.0
2021-12-10,567.3348388671875,570.1480694731405,564.5216082612345,567.3348388671875,10497451,567.4960372194108,566.5014440379412,1.2631882187255314,1.6145419967806007,-0.3513537780550693,43.749944065536475,568.3663330078125,6.496157418656943,581.3586478451264,555.3740181704986,73553555,-10497451.0
2021-12-13,563.583740234375,572.023430187968,563.583740234375,571.0856868597909,17711657,566.1919382243989,566.2235674852207,0.890933812598405,1.4698203599441615,-0.5788865473457565,43.20985471843662,568.038119506836,6.566844554812217,581.1718086164605,554.9044303972115,55841898,-17711657.0
2021-12-14,561.708251953125,562.6459952785893,559.8327653021963,560.7705086276607,22579034,564.6973761339743,565.7935374345449,0.43951680744066834,1.2637596494434629,-0.8242428420027945,47.29716298645041,567.5223571777344,6.642008504012019,580.8063741857585,554.2383401697103,33262864,-22579034.0
2021-12-15,562.6460571289062,563.5838005574544,558.8950834147136,559.8328268432617,21827730,564.013603132285,565.4937774054365,0.15564444639721842,1.042136608834214,-0.8864921624369957,47.999913217044174,567.0534851074219,6.638525798066512,580.3305367035549,553.7764335112889,55090594,21827730.0
2021-12-16,569.9470825195312,569.9470825195312,566.1788373458484,569.9470825195312,21809022,565.9914295947004,565.9179017020169,0.5138815799157328,0.936485603050518,-0.4226040231347852,57.77565741503353,566.8090026855468,6.423349788471479,579.6557022624897,553.9623031086039,76899616,21809022.0
2021-12-17,571.8311157226562,571.8311157226562,564.2946265533296,566.1787488456613,24105733,567.9379916373524,566.4810649420778,0.9389887454011614,0.9369862315206468,0.0020025138805146447,61.22724072725247,566.4242858886719,5.824098900953942,578.0724836905797,554.776088086764,101005349,24105733.0
2021-12-20,563.3526000976562,571.8311509352465,563.3526000976562,571.8311509352465,21381070,566.409527790787,566.1831159092757,0.5850003637114014,0.8665890579587977,-0.2815886942473963,52.94013448022371,565.756298828125,5.326939810592965,576.4101784493109,555.102419206939,79624279,-21381070.0
2021-12-21,562.4105224609375,565.236705990892,560.5264001076346,562.4105224609375,17001461,565.0765260141706,565.8238212951482,0.22584087582629309,0.7384394215322968,-0.5125985457060037,49.83866341903111,565.1818786621094,5.01283690258724,575.2075524672839,555.1562048569349,62622818,-17001461.0
2021-12-22,565.2367553710938,566.1788166300456,563.3526328531901,563.3526328531901,9831802,565.1299357998116,565.767910254762,0.16732890663161015,0.6242173185521596,-0.4568884119205494,40.70874390930925,565.1707458496094,5.012435328609978,575.1956165068293,555.1458751923894,72454620,9831802.0
2021-12-23,570.8890991210938,572.7732215604373,567.1208542424066,571.8311603407655,16654439,567.0496569069057,566.255642527746,0.5704785301215907,0.6134695608660459,-0.042991030744455205,50.60901962987336,565.4422302246094,5.173351817062367,575.7889338587341,555.0955265904846,89109059,16654439.0
2021-12-24,569.0050659179688,573.7153727550381,569.0050659179688,570.8891886527965,11059689,567.7014599105935,566.5174923744338,0.7295420704399476,0.6366840627808262,0.09285800765912133,55.75737949876437,565.9477264404297,4.990658176689715,575.9290427938091,555.9664100870503,78049370,-11059689.0
2021-12-27,570.8890991210938,574.6573439997808,569.0049766817501,569.0049766817501,16259872,568.7640063140936,566.9338358741156,0.9961438795376125,0.7085760261321835,0.287567853405429,51.6608,566.6880859375,4.526802529865135,575.7416909972302,557.6344808777698,94309242,16259872.0
2021-12-28,579.3677368164062,579.3677368164062,574.6574300130209,574.6574300130209,33892718,572.2985831481978,568.1180169162385,1.8700264363820907,0.940866108182165,0.9291603281999257,63.66164844274798,567.7117156982422,4.965322319478381,577.642360337199,557.7810710592854,128201960,33892718.0
2021-12-29,580.3098754882812,583.1360599468281,578.4257525159168,579.367814002099,24518766,574.9690139282256,569.2791463040521,2.6085377759810626,1.2744004417419448,1.3341373342391178,60.23336890086493,568.5949066162109,5.553028089972936,579.7009627961568,557.488850436265,152720726,24518766.0
2021-12-30,579.3677368164062,584.0780436197916,579.3677368164062,583.1359822591146,19681276,576.4352548909526,570.2399644480859,3.082260238867889,1.6359724011671337,1.446287837700755,62.592086824446454,568.7276763916016,5.784256612676474,580.2961896169545,557.1591631662486,133039450,-19681276.0
2022-01-03,594.4404907226562,595.3825517222167,582.1936977283701,583.1357587279306,69089158,582.4370001681872,572.5447764742354,4.620669770814857,2.2329118750966783,2.3877578957181784,76.1049864971626,569.9423004150391,8.160624682104283,586.2635497792477,553.6210510508305,202128608,69089158.0
2022-01-04,617.9920654296875,617.9920654296875,606.6873325254859,607.629393600836,79434666,594.2886885886874,576.873089708088,7.652077275085617,3.316744955094466,4.335332319991151,84.8388612843948,572.7096008300781,13.313439646051927,599.3364801221819,546.0827215379743,281563274,79434666.0
2022-01-05,612.3397216796875,630.23888277494,608.5714772385818,630.23888277494,69593809,600.3056996190207,580.2508641815737,9.4890092681743,4.551197817710433,4.937811450463867,79.06338192573851,574.8660766601563,15.948929640350162,606.7639359408566,542.968217379456,211969465,-69593809.0
2022-01-06,606.6874389648438,608.571561446101,599.1509490398147,601.0350715210719,53210211,602.4329460676284,582.7686332085518,10.369169795271318,5.71479221322261,4.654377582048708,71.9101745231443,576.974365234375,17.24390580403432,611.4621768424437,542.4865536263063,158759254,-53210211.0
2022-01-07,597.2667236328125,608.5714565722349,595.3826014762421,605.7452733373792,38249908,600.7108719226899,584.1494037251481,10.189077021692242,6.609649174916537,3.5794278467757046,63.91751888733856,578.3303009033203,17.738009911033746,613.8063207253879,542.8542810812528,120509346,-38249908.0
2022-01-10,605.7452392578125,607.6293613083811,590.6722628532635,591.6143238785478,38289770,602.3889943677308,586.2061499663542,10.608212681746181,7.409361876282466,3.1988508054637155,73.1958425479589,580.2508209228515,18.545837429346015,617.3424957815436,543.1591460641595,158799116,38289770.0
2022-01-11,613.2819213867188,613.2819213867188,601.9771855086226,608.5716147708454,33196585,606.0199700407268,588.7847948635318,11.416920816781044,8.210873664382182,3.2060471523988614,75.9615702090626,582.7357299804687,19.500040744686572,621.7358114698418,543.7356484910956,191995701,33196585.0
2022-01-12,621.7603149414062,621.7603149414062,612.3397041089607,618.9341316916726,38860063,611.2667516742866,591.9253205852341,12.596755783729009,9.08805008825155,3.5087056954774596,77.27271120932868,585.7383331298828,20.679548856895632,627.097430843674,544.3792354160915,230855764,38860063.0
2022-01-13,622.702392578125,623.6444536864126,617.0500259283992,619.8762092532621,38137411,615.0786319755662,594.8564702988427,13.452726628754363,9.960985396352111,3.4917412324022514,76.19046737564365,588.7411499023438,21.494162470893837,631.7294748441315,545.752824960556,268993175,38137411.0
2022-01-14,633.0651245117188,634.0071857089088,622.7024513426281,634.0071857089088,95200777,621.074129487617,598.495389747688,14.796708309687574,10.928129979019204,3.8685783306683703,79.82450157994043,591.8970520019532,23.158702787635786,638.2144575772247,545.5796464266816,364193952,95200777.0
2022-01-17,643.4278564453125,648.1381628614567,638.7175500291681,645.3119790117702,59614236,628.5253718068489,602.7746722903189,16.50771863207649,12.04404770963066,4.463670922445829,81.30078088992481,595.4768890380859,25.325940648634084,646.128770335354,544.8250077408178,423808188,59614236.0
2022-01-18,623.64453125,641.5436945336103,623.64453125,638.7175108572508,43593330,626.8984249545659,604.7622779055266,16.081974639654504,12.85163309563543,3.2303415440190744,67.40735550520687,598.4914855957031,24.885371315579302,648.2622282268617,548.7207429645446,380214858,-43593330.0
2022-01-19,616.1080932617188,621.7604610898079,613.2819093476742,614.2239706523557,40381333,623.301647723617,605.8428317489735,14.963946832969214,13.274095843102188,1.6898509898670255,63.380239919844215,601.1763641357422,23.653963631584023,648.4842913989103,553.8684368725742,339833525,-40381333.0
2022-01-20,613.2819213867188,618.9342893257668,608.5716147708454,612.339860063544,46474584,619.961738944651,606.5513164763778,13.692020204278833,13.35768071533752,0.33433948894131404,62.50000000000001,603.5786224365235,22.207350672017256,647.993323780558,559.163921092489,293358941,-46474584.0
2022-01-21,603.8612060546875,608.5715118741468,600.0929613991201,606.6873895463632,49577684,614.5948946479965,606.2951154838358,11.787952019082582,13.043734976086533,-1.2557829570039516,53.62322106556958,605.2272277832031,20.834282199573963,646.8957921823511,563.5586633840552,243781257,-49577684.0
2022-01-24,615.166015625,617.0501381843414,600.093035150268,601.9771577096095,47134502,614.7852683069978,607.1399631163277,11.063633241200819,12.647714629109391,-1.5840813879085722,48.80005970935229,607.5352752685546,19.094600794242854,645.7244768570404,569.3460736800689,290915759,47134502.0
2022-01-25,603.8612060546875,607.629450710255,601.0350225630119,605.7453283824713,52318736,611.1439142228944,606.8277005390287,9.468257557864376,12.011823214860389,-2.5435656569960123,46.5649104134808,609.1838806152343,17.0813385043661,643.3465576239665,575.0212036065021,238597023,-52318736.0
2022-01-26,599.1508178710938,603.8611230430363,598.2087568367052,598.2087568367052,29957189,607.1462154389609,606.0965688563682,7.7346615114554425,11.1563908741794,-3.4217293627239567,46.92303705313269,610.1730346679688,15.787673037946115,641.7483807438609,578.5976885920766,208639834,-29957189.0
2022-02-07,598.2089233398438,606.6874750092273,594.440678153451,606.6874750092273,56836469,604.1671180725886,605.3453645214611,6.213149814351937,10.167742662213907,-3.9545928478619707,50.41328288017769,611.0679870605469,14.456968210756262,639.9819234820594,582.1540506390344,151803365,-56836469.0
2022-02-08,591.614501953125,607.6295442034484,591.614501953125,607.6295442034484,39718217,599.9829126994341,604.0376633244767,4.424226410394795,9.019039411850086,-4.594813001455291,43.69757689991714,611.6803253173828,13.252820398051888,638.1859661134865,585.174684521279,112085148,-39718217.0
2022-02-09,596.3248291015625,600.0930744671332,593.4986450773845,598.2089517843478,30048791,598.7635515001436,603.3031076841992,3.347982303347635,7.884827990149596,-4.536845686801961,42.2413932734632,611.7745422363281,13.129936770164054,638.0344157766563,585.514668696,142133939,30048791.0
2022-02-10,611.3976440429688,611.3976440429688,600.0929110252251,601.977033194849,34587133,602.9749156810853,604.074015908844,3.669007259780642,7.0416638440758055,-3.3726565842951635,45.52846127995433,611.4448211669921,13.04812890417329,637.5410789753387,585.3485633586456,176721072,34587133.0
2022-02-11,612.3397216796875,612.3397216796875,604.803232797476,608.5714772385818,26723278,606.0965176806194,604.8612259822577,3.953861982880767,6.424103471836799,-2.470241488956032,45.52846127995433,611.4448211669921,13.04812890417329,637.5410789753387,585.3485633586456,203444350,26723278.0
2022-02-14,600.093017578125,603.8612625864648,598.2088950739551,602.9192013343799,27826382,604.095350979788,604.4071108961498,3.1550354474883306,5.770289866967106,-2.6152544194787755,36.000012439480635,611.1151000976563,13.25633141624695,637.6277629301502,584.6024372651624,175617968,-27826382.0
2022-02-15,596.3248291015625,601.9771971499185,596.3248291015625,596.3248291015625,21970460,601.5051770203795,603.6373697728558,2.1926231501473694,5.054756523603159,-2.86213337345579,28.813548154720593,611.0680053710937,13.309684556526564,637.6873744841469,584.4486362580406,153647508,-21970460.0
2022-02-16,608.5714721679688,608.5714721679688,602.9191055534055,607.6294110655416,25191741,603.8606087362426,604.1072842866761,2.390549450688809,4.52191510902029,-2.1313656583314806,42.72721115080265,611.2093170166015,13.265126055712841,637.7395691280271,584.6790649051759,178839249,25191741.0
2022-02-17,607.6295166015625,608.5715778676115,603.8612715373667,606.6874553355136,18135080,605.116911358016,604.442734983332,2.443235430708114,4.106179173357854,-1.6629437426497402,45.63103742614503,610.9266967773438,13.278850644517792,637.4843980663793,584.3689954883082,160704169,-18135080.0
2022-02-18,600.093017578125,601.9771400822949,599.15095632604,601.03507883021,20804191,603.4422800980524,604.0284761828361,1.8554682800705677,3.656036994700397,-1.8005687146298293,43.51847241510668,609.8433319091797,13.232251962662296,636.3078358345043,583.3788279838551,139899978,-20804191.0
2022-02-21,595.3826904296875,599.1509353058248,595.3826904296875,596.3247516487218,23797502,600.7557502085974,603.2050680158696,0.9980694205210057,3.124443479864519,-2.1263740593435134,45.6310661290627,608.4773468017578,13.245046248754038,634.9674392992658,581.9872543042497,116102476,-23797502.0
2022-02-22,590.6724243164062,593.4986081648101,588.7883017508037,591.6144855992076,34086593,597.3946415778671,602.0114829016351,-0.06080355734252407,2.4873940724231107,-2.548197629765635,36.45824967520963,606.3577117919922,12.47269259961106,631.3030969912143,581.4123265927701,82015883,-34086593.0
2022-02-23,588.7882080078125,592.5564525390625,586.9040857421875,587.846146875,31953054,594.5258303878489,600.7521233879377,-1.0400198289199807,1.7819112921544926,-2.8219311210744733,40.69760083412562,603.6257293701171,9.572467186068948,622.770663742255,584.4807949979793,50062829,-31953054.0
2022-02-24,569.0050659179688,583.1359864291766,569.0050659179688,582.1939250617628,73663161,586.0189088978889,597.7285941050834,-3.3735023755973543,0.7508285586041232,-4.124330934201478,34.31370805358469,600.8937561035157,11.21459289711252,623.3229418977407,578.4645703092906,-23600332,-73663161.0
2022-02-25,569.0050659179688,573.7153727550381,565.2368204483133,565.2368204483133,89012516,580.3476279045822,594.9930199920249,-5.163284970565655,-0.43199414722983254,-4.731290823335823,34.65338976636059,598.5386047363281,12.699052037663357,623.9367088116549,573.1405006610014,-23600332,0.0
2022-03-01,569.0050659179688,574.657434122452,564.2947590808996,564.2947590808996,66720867,576.5667739090444,592.5179767468767,-6.5066954370443,-1.6469344051927262,-4.859761031851574,37.23397582804622,596.3247619628906,13.804833370240782,623.9344287033722,568.7150952224091,-23600332,0.0
2022-03-02,566.1787719726562,569.947016711243,565.2367107880095,566.1787719726562,40693457,573.104106596915,590.0094810540937,-7.710533975512249,-2.859654319256631,-4.850879656255618,32.60853796548842,594.440640258789,15.220968041431554,624.8825763416521,563.9987041759259,-64293789,-40693457.0
2022-03-03,567.1209716796875,571.831278753439,566.1789102649371,568.0630330944379,33792420,571.1097282911726,587.829623018436,-8.490681754371849,-3.9858598062796746,-4.504821948092174,19.48057630350256,592.0383880615234,15.565289131274998,623.1689663240734,560.9078097989734,-30501369,33792420.0
2022-03-04,560.5263061523438,562.4104281898306,557.7001230961134,560.5263061523438,55917115,567.581920911563,585.2293071264272,-9.531218925125586,-5.0949316300488565,-4.436287295076729,16.86744730825403,589.8716430664062,16.800098515590854,623.4718400975879,556.2714460352246,-86418484,-55917115.0
2022-03-07,542.6272583007812,547.3375643624199,541.6851970884535,546.3955031500922,86496560,559.2637000413024,581.1719691430324,-11.665680993787987,-6.409081502796683,-5.256599490991304,15.730320719870761,587.0454650878906,19.66670451086933,626.3788741096294,547.712056066152,-172915044,-86496560.0
2022-03-08,530.3804931640625,536.9749220311112,528.49637063062,528.49637063062,79029914,549.6359644155558,576.3346857164638,-14.18198802722145,-7.9636628076816365,-6.218325219539814,14.285695396812386,583.6540435791015,23.17560821437586,630.0052600078533,537.3028271503498,-251944958,-79029914.0
2022-03-09,535.0907592773438,539.8010652568978,534.1486980814329,534.1486980814329,52155415,544.7875627028185,572.4066927222619,-15.616087830393667,-9.494147812224043,-6.121940018169624,6.666772248489707,580.8278564453125,25.48512932379808,631.7981150929087,529.8575977977163,-199789543,52155415.0
2022-03-10,552.989990234375,554.8741128586829,548.2796836736052,551.1058676100671,45630467,547.5217052133373,570.5574829615109,-15.133850302627025,-10.62208831030464,-4.511761992322384,23.14824146528163,578.6611145019531,25.936399678171014,630.5339138582951,526.788315145611,-154159076,45630467.0
2022-03-11,541.6852416992188,548.2796707286005,540.7431804093071,547.3376094386889,38943098,545.5762173752978,567.8077456984355,-15.485366649174011,-11.594743978078515,-3.890622671095496,22.32151999051308,575.1754943847657,25.98965744509888,627.1548092749634,523.1961794945679,-193102174,-38943098.0
2022-03-14,538.8590698242188,543.5693763786263,538.8590698242188,540.7431924459818,33919577,543.3371681916049,565.0507289485101,-15.80974938764632,-12.437745059992078,-3.372004327654242,22.72737178448898,571.5014617919921,25.651014323574337,622.8034904391408,520.1994331448435,-227021751,-33919577.0
2022-03-15,525.6701049804688,530.3804105806521,525.6701049804688,529.4383494606154,74092231,537.4481471212262,561.3001933325062,-16.935838479254016,-13.337363743844467,-3.5984747354095497,21.00847153108225,567.7803161621093,26.663215237944115,621.1067466379975,514.4538856862212,-301113982,-74092231.0
2022-03-16,528.2736206054688,534.9007090360033,525.4334398495254,533.9539821173555,43438327,534.3899716159738,558.1548054537407,-17.417413148128958,-14.153373624701366,-3.2640395234275914,23.18210465100553,564.3777557373047,27.16620899848625,618.7101737342772,510.04533774033223,-257675655,43438327.0
2022-03-17,550.9951171875,551.9418441929768,544.3680281491623,547.2082091655927,60959900,539.9250201398158,557.4729303807654,-15.78368516251976,-14.479435932265044,-1.3042492302547153,42.22122280822094,561.4989379882812,25.217280964489575,611.9334999172604,511.06437605930205,-196715755,60959900.0
2022-03-18,550.0484008789062,550.9951279027943,545.3147657594665,550.9951279027943,46242430,543.2994803861793,556.7658323329692,-14.399349321915906,-14.463418610195218,0.06406928827931146,41.8787372305298,558.6198822021485,22.849184251362896,604.3182507048742,512.9215136994227,-242958185,-46242430.0
2022-03-21,554.7820434570312,557.6222245668795,551.9418623471829,551.9418623471829,21400273,547.1270014097967,556.5769000590703,-12.773048052282775,-14.12534449861273,1.3522964463299552,44.144192138245614,556.3543334960938,20.662288337669878,597.6789101714335,515.0297568207541,-221557912,21400273.0
2022-03-22,551.9418334960938,554.7820144574802,546.2614715733209,546.2614715733209,20246949,548.7319454385624,556.1354651483107,-11.579888045297025,-13.61625320794959,2.036365162652565,44.13913431512762,554.1822906494141,18.51539208389788,591.2130748172099,517.1515064816183,-241804861,-20246949.0
2022-03-23,558.5689086914062,558.5689086914062,554.7820008358714,558.5689086914062,25902069,552.0109331895104,556.3672216762245,-9.984455966747078,-12.88989375970909,2.9054377929620117,46.636820166837644,552.577114868164,16.463285969610048,585.5036868073842,519.6505429289439,-215902792,25902069.0
2022-03-24,559.5157470703125,560.4624742227157,553.835384155893,555.7288384606995,20060758,554.5125378164445,556.6670812375662,-8.545159328349314,-12.020946873437135,3.4757875450878206,49.584113889043785,551.113491821289,14.223430290651681,579.5603524025923,522.6666312399857,-195842034,20060758.0
2022-03-25,566.1426391601562,566.1426391601562,563.3024586961421,565.1959123388182,26122381,558.3892382643485,557.5695153254319,-6.791483569408001,-10.975054212631308,4.183570643223307,60.66722927139365,550.9703704833985,14.047233455207158,579.0648373938128,522.8759035729842,-169719653,26122381.0
2022-03-28,552.8886108398438,554.7820649865555,549.1017025464201,550.048429619776,26391576,556.5556957895136,557.1237148982331,-6.397426660525639,-10.059528702210175,3.662102041684536,60.11784531184066,550.1645477294921,13.405837274525025,576.9762222785422,523.3528731804421,-196111229,-26391576.0
2022-03-29,557.6222534179688,557.6222534179688,552.8886179899724,554.782072161171,14892032,556.9112149989987,557.1711947572555,-5.638174954621718,-9.175257952692483,3.5370829980707654,60.126225331528026,549.5954071044922,12.791417383902688,575.1782418722976,524.0125723366868,-181219197,14892032.0
2022-03-30,568.0361328125,568.0361328125,565.1959521484375,567.0894059244791,41230239,560.6195209368325,558.2059507625169,-4.148330105650416,-8.169872383284071,4.021542277633655,57.249907654229204,549.6882751464843,12.924205564341587,575.5366862751675,523.8398640178011,-139988958,41230239.0
2022-03-31,565.1959838867188,569.9296185926377,562.3558030631674,569.9296185926377,22700114,562.1450085867946,558.871668202917,-3.160362914858979,-7.167970489599053,4.007607574740074,62.334704709987136,549.5920257568359,12.794060182203049,575.180146121242,524.0039053924298,-162689072,-22700114.0
2022-04-01,557.6222534179688,557.6222534179688,552.8886179899724,553.8353450755717,29732696,560.6374235305193,558.7526763186363,-2.9544712453372313,-6.325270640746689,3.370799395409458,59.376830125326975,549.4468231201172,12.679398822247615,574.8056207646124,524.088025475622,-192421768,-29732696.0
2022-04-06,547.208251953125,549.1017061121324,544.368070714614,547.208251953125,37645873,556.1610330047213,557.6532073314447,-3.5902374758666156,-5.778264007770675,2.1880265319040593,61.07065838356548,549.6758728027344,12.590789024188938,574.8574508511123,524.4942947543565,-230067641,-37645873.0
2022-04-07,535.847412109375,542.4745002450034,535.847412109375,540.5810464919667,42904743,549.3898260396059,555.5764649293428,-4.953708356542279,-5.613352877524996,0.6596445209827166,53.57142651563076,549.94921875,12.203217190972051,574.3556531319441,525.5427843680559,-272972384,-42904743.0
2022-04-08,536.794189453125,539.6343703497024,535.8474624875992,536.794189453125,28024587,545.1912805107789,553.7876767887507,-5.889975858350226,-5.6686774736900425,-0.2212983846601837,41.5729921984223,550.034390258789,12.099559758353898,574.2335097754968,525.8352707420812,-244947797,28024587.0
2022-04-11,528.2736206054688,535.8474359546511,528.2736206054688,533.0072551987078,36820094,539.5520605423422,551.3577666760572,-7.2361000386868,-5.982161986689394,-1.2539380519974062,38.14426617394887,548.7985717773438,13.009790157458738,574.8181520922612,522.7789914624263,-281767891,-36820094.0
2022-04-12,527.3269653320312,533.9540546629544,522.5933300956575,524.486784190207,30671407,535.477028805572,549.069118929007,-8.283809717017448,-6.442491532755005,-1.8413181842624429,34.408547736136555,548.0806579589844,13.79542367372007,575.6715053064245,520.4898106115443,-312439298,-30671407.0
2022-04-13,542.474609375,545.3147905759162,533.0073387052793,533.9540657722513,35865970,537.8095556620481,548.441070400054,-7.8019034192104755,-6.7143739100461,-1.0875295091643755,45.283025753278686,548.2614349365234,13.691520731917233,575.6444764003579,520.8783934726889,-276573328,35865970.0
2022-04-14,542.474609375,547.2082447098603,542.474609375,546.2615176428883,19056590,539.3645735663654,547.8728360167155,-7.335430924698244,-6.838585312976529,-0.4968456117217146,41.41414338750756,549.10166015625,12.712812955515965,574.5272860672819,523.676034245218,-276573328,0.0
2022-04-15,532.0606079101562,535.8475161515097,531.1138808498179,532.0606079101562,28253360,536.929918347629,546.3669095303766,-7.717112922777915,-7.014290834936807,-0.702822087841108,36.69716468397023,549.2910095214844,12.410881935835382,574.1127733931552,524.4692456498136,-304826688,-28253360.0
2022-04-18,531.1138916015625,535.8475269990809,528.2737103630515,529.2204374425552,15800959,534.9912427656069,544.9142411562038,-8.00372874734046,-7.212178417417538,-0.7915503299229227,32.03886715901574,548.2969482421875,13.04710150202167,574.3911512462308,522.2027452381441,-320627647,-15800959.0
2022-04-19,534.9007568359375,538.6876648489352,533.0073028294386,535.8474838391869,16614705,534.9610807890505,543.9605759828452,-7.834988605468197,-7.3367404550276705,-0.49824815044052695,39.784906730295305,547.5395660400391,13.375602487814675,574.2907710156684,520.7883610644097,-304012942,16614705.0
2022-04-20,539.6343994140625,539.6343994140625,532.0605832819352,539.6343994140625,27606307,536.5188536640545,543.5485591667707,-7.235884657820748,-7.3165692955862855,0.08068463776553791,39.784906730295305,546.7821838378907,13.372780131719306,573.5277441013293,520.036623574452,-276406635,27606307.0
2022-04-21,534.9007568359375,540.5811188554342,534.9007568359375,540.5811188554342,18383650,535.9794880546822,542.7249589447865,-7.061653512388148,-7.2655861389466585,0.20393262655851085,29.88509580043157,545.9301300048828,13.568190603674722,573.0665112122323,518.7937487975333,-294790285,-18383650.0
2022-04-22,528.2736206054688,529.2203475241165,527.326893686821,528.2736206054688,29283846,533.4108655716111,541.3486410077087,-7.373333385350065,-7.287135588227341,-0.08619779712272457,28.57143869224481,544.4153656005859,13.772481147811142,571.9603278962082,516.8704033049636,-324074131,-29283846.0
2022-04-25,517.8597412109375,522.5933768710009,516.9130140789248,520.6999226069755,43389591,528.2271574513866,539.1116029318257,-8.364237244523906,-7.502555919486655,-0.8616813250372513,27.659594897572177,542.3325653076172,14.499295858319307,571.3311570242558,513.3339735909785,-367463722,-43389591.0
2022-04-26,516.9129028320312,521.6465374733502,515.0194489755037,520.6998105450864,35825421,524.4557392449349,536.9974410175596,-9.120798745675188,-7.826204484724362,-1.2945942609508263,30.952360851335555,539.8710784912109,14.422977471850986,568.7170334349129,511.02512354750894,-403289143,-35825421.0
2022-04-27,497.9783935546875,503.65875545835314,497.9783935546875,501.7653014904646,55941533,515.6299573481858,533.2813412591909,-11.120050818608206,-8.48497375150113,-2.6350770671070762,28.260903079687296,537.1255676269532,16.83856414766385,570.8026959222809,503.4484393316255,-459230676,-55941533.0
2022-04-28,502.71209716796875,503.6588242812794,495.1382802614833,501.7653700546581,45380836,511.32400395478015,530.3699846790745,-12.18207479470584,-9.224393960142073,-2.9576808345637673,31.250046169663946,534.3800598144531,17.771390619091843,569.9228410526368,498.83727857626945,-413849840,45380836.0
2022-04-29,509.3391418457031,517.85968511078,506.4989607573442,517.85968511078,36664644,510.6623832517545,528.3670472663725,-12.346664661576142,-9.848848100428889,-2.4978165611472534,39.3617294886079,531.4452102661132,16.737404772466828,564.9200198110469,497.9704007211796,-377185196,36664644.0
2022-05-03,502.71209716796875,511.23264118776484,501.7653700546581,509.33918696114347,26317509,508.0122878904926,525.9237186855722,-12.863567241973783,-10.451791928737867,-2.411775313235916,37.00001353863055,528.3210159301758,15.917449734866096,560.155915399908,496.4861164604436,-403502705,-26317509.0
2022-05-04,505.5520935058594,508.3922738064541,501.7651864383998,504.60536673899446,16569622,507.1922230956149,523.9835639065519,-12.895402122829978,-10.94051396755629,-1.9548881552736876,27.58604591363192,525.7175079345703,15.110531614115693,555.9385711628017,495.49644470633893,-386933083,16569622.0
2022-05-05,513.1260986328125,515.01955287131,510.2859172750663,514.0728257520612,20374772,509.1701816080141,522.9495195947673,-12.169193690321322,-11.186249912109297,-0.9829437782120252,33.6842180269429,524.0134002685547,14.46747167841391,552.9483436253826,495.0784569117269,-366558311,20374772.0
2022-05-06,499.871826171875,502.712007002397,497.9783722848603,499.871826171875,32467268,506.07072979596774,520.7516440306823,-12.51886757979446,-11.45277344564633,-1.0660941341481305,32.65303638717555,522.2146209716797,15.139538029154194,552.4936970299881,491.9355449133713,-399025579,-32467268.0
2022-05-09,492.2980651855469,496.08497337928185,492.2980651855469,495.1382463308481,23709774,501.47984159249415,518.0417793787647,-13.254338112281971,-11.813086378973457,-1.4412517333085137,30.47618199718974,519.9898147583008,16.1218189228559,552.2334526040125,487.74617691258896,-422735353,-23709774.0
2022-05-10,490.404541015625,491.35126792878253,478.0970911445765,479.04381805773403,41679907,497.78807473353777,515.409661439418,-13.830565236905272,-12.216582150559821,-1.613983086345451,27.184469969386342,518.0963607788086,17.279911497568346,552.6561837739453,483.5365377836719,-464415260,-41679907.0
2022-05-11,493.2447509765625,497.9783858227867,490.404570068828,490.404570068828,27157254,496.2736334812127,513.2987175858127,-13.897842500203012,-12.55283422048846,-1.345008279714552,25.74259669315876,516.3922500610352,17.987759095809373,552.367768252654,480.4167318694164,-437258006,27157254.0
2022-05-12,478.0971374511719,490.4045885142713,478.0971374511719,488.51113450456376,32532963,490.2148014711991,509.9461861444184,-15.000529269767128,-13.042373230344193,-1.958156039422935,23.214315009294836,513.1733764648437,18.815773486964964,550.8049234387737,475.5418294909138,-469790969,-32532963.0
2022-05-13,483.7774658203125,486.6176466372615,479.0438311253975,479.9905580643805,29074177,488.0690229209036,507.45392706593213,-15.240379840180651,-13.481974552311485,-1.7584052878691665,28.82884243332765,510.2385192871094,18.58114902944536,547.4008173460002,473.0762212282187,-440716792,29074177.0
2022-05-16,492.2980651855469,496.08497337928185,490.4046110886794,493.2447922339806,21163106,489.4787036757847,506.01051164875264,-14.574911479144816,-13.700561937678152,-0.874349541466664,37.6146810695907,508.2503921508789,18.24760436639418,544.7456008836673,471.75518341809055,-419553686,21163106.0
2022-05-17,501.7652282714844,504.60540880887015,492.29795981353186,493.2446866593271,24496974,493.57421187435125,505.60619894615564,-13.132221987385037,-13.58689394761953,0.4546719602344922,43.22031930508268,506.782958984375,17.475963611086797,541.7348862065486,471.8310317622014,-395056712,24496974.0
2022-05-18,509.3391418457031,512.179322934062,505.55223372789123,512.179322934062,30568176,498.82918853146856,505.9617173175411,-11.248067918263644,-13.119128741748352,1.871060823484708,55.660382809371086,505.50487823486327,16.1994647171772,537.9038076692177,473.1059488005089,-364488536,30568176.0
2022-05-19,494.1914367675781,498.92507121937484,492.29798298685944,495.13816365793747,29019751,497.2832712768385,504.84073821754464,-10.852059660446116,-12.665714925487904,1.8136552650417883,46.153797409590375,503.23273010253905,14.22737739738731,531.6874848973137,474.77797530776445,-393508287,-29019751.0
2022-05-20,501.7652282714844,503.6586819630749,495.13814035091764,496.0848671967129,22651205,498.77725694172045,504.547832508396,-9.813949484802379,-12.0953618373508,2.281412352548422,46.610130135642876,501.5759536743164,12.1185776617222,525.8131089977608,477.33879835087197,-370857082,22651205.0
2022-05-23,499.871826171875,505.552187832919,499.871826171875,504.6054608894117,17054170,499.14211335177197,504.1024985715845,-9.03981604476769,-11.48425267883418,2.4444366340664896,48.672525980379575,500.1558639526367,10.36223939662418,520.8803427458851,479.43138515938836,-387911252,-17054170.0
2022-05-24,492.2980651855469,502.71206271831807,492.2980651855469,501.76533566988434,17802308,496.8607639630303,502.97826682053324,-8.934458060233737,-10.974293755114092,2.039835694880354,44.06787763689797,498.8777801513672,9.613017129671451,518.1038144107101,479.6517458920243,-405713560,-17802308.0
2022-05-25,496.0849609375,500.8185960609494,492.29805283874043,494.1915068881202,22176476,496.6021629545202,502.3217614983396,-8.44800689487056,-10.469036383065387,2.021029488194827,42.105243811058806,497.8363830566406,8.634800760351602,515.1059845773439,480.5667815359374,-383537084,22176476.0
2022-05-26,486.61767578125,497.031672733767,485.6709487855666,495.1382187424003,28327403,493.27400056343015,500.8261342871882,-8.72583563082685,-10.12039623261768,1.394560601790829,43.636375890926715,497.2683471679687,8.991287683030652,515.25092253403,479.2857718019074,-411864487,-28327403.0
2022-05-27,501.7652282714844,501.7652282714844,494.19141350512234,496.0848671967129,27866643,496.10440979944826,500.9155718095021,-7.6357162295108765,-9.623460231996319,1.9877440024854423,54.23724183447903,497.2210037231445,8.963565219213114,515.1481341615707,479.2938732847183,-383997844,27866643.0
2022-05-30,517.8597412109375,517.8597412109375,508.3924698908107,509.3391970228233,34476433,503.3561869366114,502.52930222868645,-5.410724598215609,-8.780913105240177,3.3701885070245687,60.90229846334466,497.64703369140625,9.73880655770117,517.1246468068086,478.1694205760039,-349521411,34476433.0
2022-05-31,530.1671142578125,530.1671142578125,511.2325744628906,513.1260284423828,72405873,512.2931627103451,505.16147480288896,-2.6240521129975036,-7.549540906791643,4.925488793794139,63.636373882657075,499.01978454589846,12.131417637583423,523.2826198210653,474.75694927073164,-277115538,72405873.0
2022-06-01,519.7531127929688,525.4334746814164,518.8063858115607,520.6998397743768,29155176,514.7798127378863,506.551154611468,-1.2416045321675142,-6.287953631866817,5.046349099699303,65.94202915477229,499.7298355102539,12.923603409153674,525.5770423285612,473.88262869194654,-306270714,-29155176.0
2022-06-02,511.23260498046875,515.9662402117693,511.23260498046875,515.0195131655092,21420890,513.5974101520806,506.9970070275633,-0.8240396201820204,-5.195170829529859,4.371131209347839,60.283712264097026,499.6351608276367,12.826874645775215,525.2889101191871,473.9814115360863,-327691604,-21420890.0
2022-06-06,511.23260498046875,515.0195131655092,509.33915088794845,512.1793320267288,17615003,512.8091417615433,507.40039730879244,-0.4874968587098465,-4.253636035365857,3.7661391766560106,57.57576349584012,500.2031997680664,13.086829228829155,526.3768582257247,474.0295413104081,-327691604,0.0
2022-06-07,506.4988708496094,509.3390514338128,503.658690265406,506.4988708496094,19497532,510.705718124232,507.3145376460131,-0.5958880519416425,-3.5220864386810145,2.926198386739372,51.96850533600079,500.91324005126955,13.020425378187483,526.9540908076445,474.87238929489456,-347189136,-19497532.0
2022-06-08,515.0194702148438,515.9661971821504,509.33910841100356,510.28583537831025,18835521,512.1436354877693,508.0483407478065,0.005686752319263633,-2.816531800480959,2.822218552800223,52.34373485058538,502.1439865112305,13.137644386670921,528.4192752845723,475.8686977378886,-328353615,18835521.0
2022-06-09,512.1792602539062,513.1259871674995,508.3923525995336,509.33907951312676,16338602,512.155510409815,508.44176165314934,0.2503717815393429,-2.203151084076899,2.4535228656162418,58.2608727338573,503.09071197509763,13.144822563900567,529.3803571028988,476.8010668472965,-344692217,-16338602.0
2022-06-10,501.7652282714844,504.60540880887015,500.81850142568913,501.7652282714844,21357130,508.69208303037146,507.80590133108603,-0.39152565321410293,-1.8408259979043398,1.4493003446902368,50.0,504.2741165161133,11.769742781931543,527.8136020799764,480.7346309522502,-366049347,-21357130.0
2022-06-13,488.5111389160156,491.351319956225,487.5644119026125,490.40459294282186,32854092,501.9651016589196,505.96830491060314,-1.9472811913835244,-1.8621170366001767,-0.08516415478334771,45.38463197886785,504.51080017089845,11.376912095926714,527.2646243627519,481.756975979045,-398903439,-32854092.0
2022-06-14,485.6709899902344,486.6177170662387,479.9906275342082,479.9906275342082,36304444,496.53373110269126,504.0352272991395,-3.3705513285714233,-2.1638038949944263,-1.206747433576997,47.2000074268992,504.1794464111328,11.838474504920118,527.8563954209731,480.50249740129254,-435207883,-36304444.0
2022-06-15,481.884033203125,487.5643950876412,480.9373062223723,480.9373062223723,35680283,491.6504984695025,501.92558976618574,-4.749331591965813,-2.6809094343887034,-2.0684221575771096,43.999996905460264,503.18538665771484,12.843868081269273,528.8731228202533,477.4976504951763,-470888166,-35680283.0
2022-06-16,483.5497741699219,491.16473124346396,482.5979045357291,490.2128616092712,26909199,488.950257036309,500.1755120903511,-5.642569480841246,-3.273241443679212,-2.3693280371620338,48.612304767573576,501.89591827392576,13.472717068781181,528.8413524114882,474.9504841363634,-443978967,26909199.0
2022-06-17,476.88677978515625,478.7905194250172,474.9830401452954,475.45897505526057,43566737,484.9290979525914,497.9575375850944,-6.809617869134172,-3.9805167287702043,-2.8291011403639676,37.81124266813391,501.0306854248047,14.509331687061096,530.0493487989269,472.0120220506825,-487545704,-43566737.0
2022-06-20,474.0311584472656,477.838637631581,471.17554905902904,475.9348980394233,34209693,481.2964514508162,495.6788348100631,-7.87416838983205,-4.759247060982574,-3.1149213288494764,25.32619231611062,499.64398193359375,15.71099076654778,531.0659634666893,468.2220004004982,-521755397,-34209693.0
2022-06-21,480.6942138671875,480.6942138671875,474.98299548460705,476.8867349454672,33223685,481.09570558960667,494.25172805359875,-8.086958041896935,-5.424789257165447,-2.662168784731488,20.258570395946236,498.6851013183594,16.271580233408333,531.2282617851761,466.1419408515427,-488531712,33223685.0
2022-06-22,470.6996154785156,478.7905087678329,470.6996154785156,476.8867691703465,31034893,477.630342219243,492.00866971311467,-8.958804415210523,-6.131592288774462,-2.827212126436061,20.361244374687217,497.6051788330078,17.395690147116923,532.3965591272416,462.813798538774,-519566605,-31034893.0
2022-06-23,462.13275146484375,469.7477092644704,461.6568166023671,468.3199046770404,43548940,472.4644786344433,489.1633441656603,-10.223176857897727,-6.949909202599115,-3.2732676552986115,20.349844792724014,495.907568359375,19.122782076734897,534.1531325128448,457.6620042059052,-563115545,-43548940.0
2022-06-24,463.0845947265625,468.79581274991165,462.1327250560043,465.9402037382371,27911980,469.33785066514974,486.67965374288906,-11.021348091456844,-7.764196980370661,-3.2571511110861824,21.255086840678402,494.7309143066406,20.405482095599016,535.5418784978386,453.9199501154426,-535203565,27911980.0
2022-06-27,474.5070495605469,481.6460723723906,471.6514404358094,472.12737528993233,37909718,471.06091696361545,485.52035810647556,-10.609903537358264,-8.333338291768182,-2.2765652455900813,32.313079886297075,493.3680053710938,20.817076755828218,535.0021588827502,451.7338518594373,-497293847,37909718.0
2022-06-28,473.55517578125,475.934850031407,472.12737123115573,472.12737123115573,15274062,471.89233656949364,484.3808169326445,-10.24256906241169,-8.715184445896885,-1.527384616514805,24.982470999815874,491.15277709960935,20.427305480287394,532.0073880601841,450.29816613903455,-512567909,-15274062.0
2022-06-29,467.36798095703125,474.5070030694095,467.36798095703125,472.12732903195007,30533789,470.3842180320062,482.76054683972893,-10.33161236217859,-9.038470029153226,-1.2931423330253633,24.012644884881425,488.0128204345703,18.882786426013183,525.7783932865966,450.24724758254393,-543101698,-30533789.0
2022-06-30,453.0899963378906,463.08462861005,453.0899963378906,461.1808891296387,46311432,464.619477467301,479.93478012526816,-11.422620987030768,-9.515300220728735,-1.9073207663020337,22.98264645021932,484.6796646118164,18.868787607990857,522.4172398277981,446.94208939583467,-589413130,-46311432.0
2022-07-01,431.6728820800781,451.186209715451,430.72101243932826,448.8065356135763,61744377,453.6372790048934,475.3384088828691,-13.855715252287098,-10.383383227040408,-3.47233202524669,21.07304317681563,480.70167846679686,21.216632808471005,523.1349440837389,438.2684128498548,-651157507,-61744377.0
2022-07-04,418.8226623535156,429.7691637559371,418.8226623535156,421.67827141501687,52445919,442.0324067877675,469.9559568324545,-16.62917455223038,-11.632541492078403,-4.996633060151979,19.124462546556742,476.08118133544923,24.086095501247215,524.2533723379437,427.9089903329548,-703603426,-52445919.0
2022-07-05,424.5339050292969,429.76918861149676,412.15959838046086,427.8654491270604,50084244,436.1995728682773,465.6300471369157,-18.15700878115814,-12.937434949894351,-5.219573831263789,23.974064485357204,471.9829330444336,25.56584173783392,523.1146165201014,420.85124956876575,-653519182,50084244.0
2022-07-06,414.53924560546875,425.96168176451727,414.0633107655084,420.72639852495337,40549763,428.9794637806745,460.7642565148731,-19.944407190553193,-14.338829398026121,-5.605577792527072,20.883530620269923,466.9589218139648,26.518566415173314,519.9960546443115,413.92178898361817,-694068945,-40549763.0
2022-07-07,435.4803771972656,436.9081817126665,417.39485333552125,420.7263972047899,48151202,431.14643491953825,458.3562680084343,-19.446986248248663,-15.36046076807063,-4.086525480178032,34.40857966223463,463.1239776611328,25.145196003525918,513.4143696681847,412.833585654081,-645917743,48151202.0
2022-07-08,444.5231628417969,447.85470688879104,439.2878793393774,447.37877202493473,37897895,435.60534422695787,457.03882942113546,-18.11428909105888,-15.91122643266828,-2.203062658390598,39.383552619443506,460.2618743896484,23.7335517775079,507.7289779446642,412.79477083463263,-608019848,37897895.0
2022-07-11,439.7637939453125,447.8546862581592,438.8119242614482,445.4750120484984,21941710,436.9914941330761,455.39358794724757,-17.243387252056436,-16.177658596545914,-1.0657286555105223,35.0694469182596,457.82450714111326,23.176307427010144,504.1771219951336,411.47189228709294,-629961558,-21941710.0
2022-07-12,427.8654479980469,435.9563407855516,427.8654479980469,435.9563407855516,23036423,433.94947875473304,452.771860333038,-17.313706715844262,-16.404868220405582,-0.9088384954386797,34.58904184792274,454.9342300415039,23.125205975179625,501.18464199186315,408.68381809114464,-652997981,-23036423.0
2022-07-13,447.8547058105469,450.2343801240992,443.5712920461527,447.8547058105469,44035695,438.58455444000435,452.30355990232454,-15.57690844498461,-16.23927626532139,0.6623678203367795,45.25316654758907,453.232763671875,22.27419547042835,497.78115461273165,408.6843727310183,-608962286,44035695.0
2022-07-14,452.1380920410156,454.51776620965256,440.7156560315584,443.5712650339227,31936258,443.1024003070081,452.28780105839036,-13.696959804758194,-15.730812973208753,2.033853168450559,46.439629589264314,451.6621795654297,21.10050932906657,493.86319822356285,409.4611609072966,-577026028,31936258.0
2022-07-15,468.79583740234375,470.2236419832646,454.04185673282836,457.84933561528396,51846909,451.66687933878666,453.85999499590974,-10.739151869150021,-14.732480752397008,3.9933288832469866,48.203595515885674,451.25763244628905,20.664496621996754,492.5866256902826,409.9286392022955,-525179119,51846909.0
2022-07-18,471.6513977050781,474.5070065711028,464.9883103510205,471.6513977050781,39179575,458.32838546088385,455.55441430154485,-8.071603498080492,-13.400305301533706,5.328701803453214,49.40827206869253,451.1386444091797,20.5328953069327,492.2044350230451,410.07285379531424,-485999544,39179575.0
2022-07-19,467.36798095703125,469.2717201869988,463.0845676896043,464.03643730458805,19874865,461.3415839595997,456.67951588778163,-6.231356925171326,-11.96651562626123,5.7351587010899046,50.0,450.4723327636719,19.723584945095052,489.91950265386197,411.0251628734818,-505874409,-19874865.0
2022-07-20,471.17547607421875,478.7904332632971,467.843932303997,477.8385636146623,35436652,464.6195479978061,458.06008352458514,-4.414823880920721,-10.45617727719313,6.041353396272408,56.08972626571255,450.49612579345705,19.749539785959467,489.99520536537597,410.99704622153814,-470437757,35436652.0
2022-07-21,476.88677978515625,476.88677978515625,470.2236910456431,472.127430685504,22285593,468.7086252602562,459.8531022160681,-2.4857002723769597,-8.862081876229896,6.376381603852936,67.02511003465997,451.2338272094727,20.469506983619528,492.17284117671176,410.2948132422336,-448152164,22285593.0
2022-07-22,478.7904357910156,480.69417509833573,475.93482683003543,480.69417509833573,25216400,472.0692287705094,461.65665779463455,-0.7940929743624565,-7.248484095856408,6.454391121493951,74.60936091084332,452.0191192626953,21.235033020796095,494.4891853042875,409.5490532211031,-422935764,25216400.0
2022-07-25,475.4588928222656,478.790436615815,474.03108833931583,475.9348276499155,15245346,473.1991167877615,462.97115636869466,0.2745257599009392,-5.743882124704938,6.018407884605877,71.31472230865403,452.06671142578125,21.289083681122474,494.6448787880262,409.4885440635363,-438181110,-15245346.0
2022-07-26,471.17547607421875,475.45888949307533,467.3679974796796,475.45888949307533,18024265,472.5245698832473,463.75252015017315,0.7669370987542266,-4.441718280013106,5.208655378767332,74.89539367285988,451.9477264404297,21.168974608030307,494.2856756564903,409.60977722436905,-456205375,-18024265.0
2022-07-27,477.8385925292969,477.8385925292969,467.3680257607266,470.2236348794276,17166365,474.29591076526384,465.09405085294685,1.6755200917224329,-3.218270605665998,4.893790697388431,71.29186984536636,452.471257019043,21.693383960254163,495.8580249395513,409.0844890985347,-439039010,17166365.0
2022-07-28,476.88677978515625,484.50173834459986,474.9830401452954,484.50173834459986,33844011,475.15953377189464,466.21716789410965,2.292350535777757,-2.1161463773772473,4.4084969131550045,67.70837194809775,453.6610961914063,22.371123085199034,498.40334236180433,408.9188500210082,-472883021,-33844011.0
2022-07-29,484.5016784667969,485.45354816908923,479.7423299553352,483.5498087645046,29045617,478.27358200352876,467.95854985341316,3.3569549034645547,-1.0215261212088869,4.378481024673442,73.73741495409003,456.3025360107422,22.753821752637876,501.8101795160179,410.79489250546646,-443837404,29045617.0
2022-08-01,479.7423095703125,483.5497882176959,475.93483092292905,481.6460488940042,24117969,478.76315785912334,469.08081268359405,3.7731259929187786,-0.06259569838335377,3.8357216913021324,79.78143359352143,459.34851837158203,21.516350657822166,502.38121968722635,416.3158170559377,-467955373,-24117969.0
2022-08-02,468.31988525390625,472.1273639958079,464.98834135474226,470.22362462485705,39838155,475.2820669907177,469.0083434045761,3.1449968327161173,0.5789228078365405,2.566074024879577,63.03030844735612,461.5378173828125,19.958748359303414,501.4553141014193,421.6203206642057,-507793528,-39838155.0
2022-08-03,476.88677978515625,476.88677978515625,469.27182122571264,470.2236910456431,27603474,475.8169712555306,469.7586706789171,3.300431421002145,1.1232245304696615,2.1772068905324833,64.94257638823632,464.6551940917969,16.86017611216956,498.375546316136,430.93484186745775,-480190054,27603474.0
2022-08-04,475.9348449707031,478.7904540405274,471.17549652099615,474.98297528076176,26027618,475.85626249392146,470.3468777543253,3.3086610827969025,1.5603118409351098,1.7483492418617927,55.31913539009631,466.67791748046875,15.551743204225197,497.78140388891916,435.57443107201834,-506217672,-26027618.0
2022-08-05,491.164794921875,491.164794921875,482.5979671034702,484.5017066186713,32784279,480.95910663657264,472.32953653218715,4.492328066543905,2.146715086056869,2.345612980487036,62.27547485237715,469.00999908447267,15.551746455808376,500.1134919960894,437.9065061728559,-473433393,32784279.0
2022-08-08,487.3572692871094,490.21287828683853,484.5016602873802,485.4535299539566,19333128,483.0918275200849,473.76074917551307,5.064773623497786,2.7303267935450526,2.334446829952733,62.65059310187122,471.3896728515625,14.442817196357312,500.27530724427714,442.5040384588479,-492766521,-19333128.0
2022-08-09,485.4535217285156,486.40539137896366,479.7423038258272,482.5979127771714,21164373,483.8790589228952,474.8743465615133,5.303686734687744,3.244998781773591,2.0586879529141533,59.25924166770567,474.2690765380859,10.515449253649962,495.29997504538585,453.238178030786,-513930894,-21164373.0
2022-08-10,475.9348449707031,478.7904540405274,475.4589101257325,475.9348449707031,20861380,481.23098760549783,474.97534641000755,4.6711038555416735,3.530219796527208,1.1408840590144655,49.41172476873898,475.67308349609374,8.480782858266412,492.6346492126266,458.7115177795609,-534792274,-20861380.0
2022-08-11,489.2610168457031,489.2610168457031,485.4535381153863,488.3091471631239,23740033,483.90766401889965,476.33588645150235,5.185314981788622,3.861238833579491,1.324076148209131,55.67010343352774,477.52922973632815,6.990144989507475,491.5095197153431,463.5489397573132,-511052241,23740033.0
2022-08-12,492.1166076660156,493.0684773133387,489.2609987240465,490.21286837136955,19535923,486.64397856793835,477.838812281456,5.75689145688699,4.240369358240991,1.516522098645999,59.06734460228538,478.69526824951174,7.390274367929047,493.4758169853698,463.91471951365367,-491516318,19535923.0
2022-08-15,497.827880859375,498.77975061245223,494.02040184706624,494.9722716001434,21273166,490.3719459984173,479.74253309840066,6.594702323663455,4.7112359513254845,1.8834663723379705,64.28571895927321,480.00409240722655,8.334731672339702,496.67355575190595,463.33462906254715,-470243152,21273166.0
2022-08-16,499.7315673828125,500.68343703497027,497.827828078497,500.68343703497027,20720414,493.49181979321577,481.64625064929703,7.327814579290589,5.234551676918506,2.093262902372083,62.36556507913635,481.6222717285156,8.87640028675048,499.3750723020166,463.86947115501465,-449522738,20720414.0
2022-08-17,501.6353759765625,501.6353759765625,495.9241572747421,498.7797666256523,27143102,496.20633852099803,483.54997687094135,7.970553190701764,5.781751979675158,2.1888012110266066,63.82974732157596,483.1452667236328,9.575235838951858,502.29573840153654,463.99479504572906,-422379636,27143102.0
2022-08-18,494.9723205566406,495.92419040386494,494.0204507094163,494.9723205566406,17831084,495.7949991995456,484.6378191267222,7.8517650243696835,6.195754588614063,1.6560104357556202,55.914005925347794,484.049543762207,9.80433279734116,503.6582093568893,464.4408781675247,-440210720,-17831084.0
2022-08-19,494.0203857421875,497.8278646303739,492.1166462980943,494.0203857421875,14022812,495.2034613804263,485.53139689962364,7.59328074903209,6.475259820697669,1.1180209283344205,58.42695738754667,484.8110412597656,9.964504885845466,504.7400510314565,464.8820314880747,-454233532,-14022812.0
2022-08-22,487.3572692871094,489.26100862026215,485.4535299539566,486.405399620533,11494000,492.58806401598736,485.7052895079556,6.772700807561591,6.534748018070454,0.2379527894911373,61.90470919752081,485.4059600830078,9.729168903289525,504.86429788958685,465.9476222764288,-465727532,-11494000.0
2022-08-23,479.7423095703125,481.6460488940042,477.83857024662075,478.7904399084666,19191108,488.3061458674291,485.1373866567515,5.445153345439223,6.316829083544208,-0.8716757381049849,51.80717306912336,485.8343017578125,9.246275362840795,504.3268524834941,467.3417510321309,-484918640,-19191108.0
2022-08-24,478.7904357910156,483.549784059316,478.7904357910156,479.7423054446757,14363212,485.13424250862465,484.532915145729,4.267066076818992,5.9068764821991655,-1.6398104053801736,51.807213092464295,485.88189392089845,9.20531292539815,504.29251977169474,467.47126807010216,-499281852,-14363212.0
2022-08-25,483.5497741699219,485.4535134383074,479.74229563315083,480.6941652673436,9357138,484.60608639572376,484.43928267184265,3.675098018219387,5.46052078940321,-1.785422771183823,44.44440981107845,486.21504364013674,8.980460850162855,504.1759653404624,468.25412193981106,-489924714,9357138.0
2022-08-26,487.3572692871094,490.21287828683853,486.405399620533,488.30913895368576,12914846,485.523147359519,484.7171861590109,3.4731557250383958,5.063047776530247,-1.5898920514918515,50.0,486.35782318115236,8.974484895963275,504.3067929730789,468.4088533892258,-477009868,12914846.0
2022-08-29,474.5070495605469,477.8385935394073,472.12737528993233,473.0792449981781,26590824,481.8511147598616,483.7447921972524,2.2502699533326904,4.500492211890736,-2.250222258558045,43.11379797576447,486.09606018066404,9.249727226455237,504.5955146335745,467.59660572775357,-503600692,-26590824.0
2022-08-30,472.12738037109375,475.9348592450542,472.12738037109375,473.5551849488289,24214535,478.6098699636057,482.6383720233325,1.0766933027997538,3.8157324300725395,-2.7390391272727856,47.3684343742209,486.28643493652345,8.897067497821249,504.08056993216593,468.49229994088097,-527815227,-24214535.0
2022-08-31,480.6942138671875,480.6942138671875,468.31990737159657,468.31990737159657,39357089,479.30465126479965,482.4532141036997,0.8283485329503719,3.218255650648106,-2.3899071176977342,43.66199981486122,486.476806640625,8.724415175586913,503.9256369917988,469.0279762894512,-488458138,39357089.0
2022-09-01,466.8921203613281,471.65146919273815,466.4161854781871,471.17553430959714,39168672,475.1671409636425,480.9712051758547,-0.47668515367200825,2.4792674897840836,-2.955952643456092,33.93945399786263,486.02467041015626,9.499394496921004,505.0234594039983,467.02588141631423,-527626810,-39168672.0
2022-09-02,461.65679931640625,465.94021291831103,461.65679931640625,464.5124083843428,29982959,470.6636937478971,479.13173795114534,-1.9113475823451722,1.6011444753582327,-3.5124920577034047,26.829274014389753,484.5492706298828,10.853977179787272,506.25722498945737,462.84131627030825,-557609769,-29982959.0
2022-09-05,462.6086730957031,464.51241249115867,460.7049337002475,461.65680339797535,15903415,467.97868686383254,477.5581127268175,-2.9376561627880164,0.6933843477289828,-3.6310405105169994,25.925987496363504,483.3118408203125,11.879322824916542,507.0704864701456,459.5531951704794,-541706354,15903415.0
2022-09-06,465.46429443359375,467.84396874051396,463.08462012667354,464.9883595722097,16700285,467.140556053753,476.40632050841526,-3.480467665664662,-0.1413860549497461,-3.339081610714916,26.829274014389753,482.31237945556643,12.513608506687437,507.3395964689413,457.28516244219156,-525006069,16700285.0
2022-09-07,449.7584228515625,454.9937060805225,449.2824880125661,454.0418364025297,34678562,461.34651165302284,473.8684254934769,-5.118973924711042,-1.1369036289020054,-3.982070295809037,24.04370895409164,481.00355834960936,14.436876120101353,509.87731058981205,452.1298061094067,-559684631,-34678562.0
2022-09-08,452.1380920410156,452.1380920410156,449.2824830386513,450.2343527061061,27931552,458.27703844902044,471.79886992657583,-6.154536854153264,-2.140430273952257,-4.014106580201007,26.34409065508163,479.147412109375,15.65444009173885,510.4562922928527,447.8385319258973,-531753079,27931552.0
2022-09-12,463.0845947265625,467.36800824407436,461.6567902207252,461.6567902207252,21597212,459.87955720820116,470.968938955146,-6.022512874052609,-2.9168467939723275,-3.1056660800802813,36.9230850172848,477.69581146240233,15.734373329303915,509.16455812101015,446.2270648037945,-510155867,21597212.0
2022-09-13,469.2717590332031,471.1754984207618,467.3680196456445,471.1754984207618,16507036,463.0102911498685,470.8073027721038,-5.356879692827988,-3.4048533737434594,-1.9520263190845286,44.270845683083834,476.26800537109375,15.093971284641514,506.4559479403768,446.0800628018107,-493648831,16507036.0
2022-09-14,456.8974914550781,459.27716588974,453.09001235961915,455.469686794281,22645714,460.9726912516051,469.482558837149,-5.761446212997328,-3.876171941594233,-1.8852742714030946,39.35188181251992,474.12630157470704,14.620950321467586,503.3682022176422,444.8844009317719,-516294545,-22645714.0
2022-09-15,456.179443359375,459.5301842864638,455.7007660840766,455.7007660840766,23104850,459.3749419541951,468.2155954583134,-6.070036967624901,-4.314944946800367,-1.7550920208245344,36.143099182402516,471.85350494384767,13.618292714316022,499.0900903724797,444.6169195152156,-539399395,-23104850.0
2022-09-16,451.87127685546875,451.87127685546875,448.9992136551162,450.43524525529244,39087513,456.8737202546197,466.6589936866139,-6.586307542443876,-4.769217465929069,-1.8170900765148073,32.12496483576959,469.6984527587891,13.170191299082541,496.03883535695417,443.358070160624,-578486908,-39087513.0
2022-09-19,447.08453369140625,452.82866046260204,446.60585646047326,451.87130600073607,17182380,453.6106580668819,464.79475940135603,-7.29758385725637,-5.274890744194529,-2.022693113061841,34.965370765544165,467.35166015625,12.784260552036258,492.92018126032247,441.7831390521775,-595669288,-17182380.0
2022-09-20,456.179443359375,457.61547518527016,449.9566387804958,450.4353160557942,19842582,454.4669198310463,463.9742531116436,-7.046168416918192,-5.629146278739261,-1.4170221381789307,41.8560747733461,465.79276885986326,12.09893477121731,489.99063840229786,441.59489931742866,-575826706,19842582.0
2022-09-21,450.91400146484375,455.22209702024037,448.520615045179,453.30738788450856,24154633,453.28261370897883,462.7304196214722,-7.188927543089619,-5.941102531609333,-1.2478250114802858,34.26187554753896,464.35135345458986,12.066776256178148,488.48490596694614,440.21780094223357,-599981339,-24154633.0
2022-09-22,444.69122314453125,448.0419643307656,439.4257727090201,442.2978365829353,29702508,450.418816854163,461.0124009093826,-7.7152547296809075,-6.295932971223649,-1.4193217584572588,37.24561052247345,462.6463928222656,12.325477475648102,487.29734777356185,437.9954378709694,-629683847,-29702508.0
2022-09-23,435.5963134765625,440.86176341968576,435.5963134765625,438.9470543494591,29757787,445.47798239496285,458.5918211538759,-8.765216063290609,-6.789789589637041,-1.9754264736535676,35.664032544215786,460.2487197875977,12.70352049479364,485.655760777185,434.8416787980104,-659441634,-29757787.0
2022-09-26,427.4587707519531,434.6389292752222,424.1080301077609,424.1080301077609,32342267,439.4715785139596,455.6267687346452,-10.137095546990281,-7.45925078110769,-2.6778447658825915,32.08057233039435,457.25379486083983,13.032600866825186,483.3189965944902,431.18859312718945,-691783901,-32342267.0
2022-09-27,428.8948059082031,432.24554657936096,426.9800969532558,429.85216038567677,24961404,435.94598764537415,453.0808675130793,-10.981851932900327,-8.163771011466217,-2.8180809214341096,31.083061202775497,454.97318267822266,13.821529049120914,482.6162407764645,427.3301245799808,-666822497,24961404.0
2022-09-28,419.3212585449219,429.8521577321231,419.3212585449219,427.9374487889956,34402652,430.4044112785567,449.8656666589691,-12.282250578386254,-8.987466924850224,-3.2947836535360295,33.18866605963497,452.33287658691404,15.333189853631392,482.9992562941768,421.6664968796513,-701225149,-34402652.0
2022-09-29,416.44921875,424.5867322198276,413.57715517241377,424.1080549568965,41094780,425.7526804357045,446.6831478104958,-13.390221346058297,-9.868017809091839,-3.522203536966458,30.394627828308046,449.12062683105466,15.80127907583068,480.723184982716,417.5180686793933,-742319929,-41094780.0
2022-09-30,404.00360107421875,409.2690508512524,404.00360107421875,406.3969873365068,48266800,418.5029873152093,442.6184290737075,-15.098507302318865,-10.914115707737245,-4.184391594581619,18.07026907208197,445.97620086669923,18.159961346691837,482.2961235600829,409.65627817331557,-790586729,-48266800.0
2022-10-03,399.21685791015625,406.3970172250871,398.7381806224942,400.6528897731424,36044395,412.074277513525,438.4849461057502,-16.6466936765529,-12.060631301500377,-4.5860623750525225,11.55763359865226,442.85420379638674,20.534332480531543,483.9228687574498,401.7855388353237,-826631124,-36044395.0
2022-10-04,410.70513916015625,413.57720307036715,408.7904298866823,411.18381647852476,40375000,411.6178980624021,435.8392502061698,-16.753510209909393,-12.999207083182181,-3.754303126727212,24.40322482998684,440.2590270996094,21.176130872599934,482.6112888448093,397.9067653544095,-786256124,40375000.0
2022-10-05,426.02276611328125,431.7668932968311,423.1507025215063,425.5440888479854,46496536,416.4195207460285,434.90434695922806,-15.42435622457009,-13.484236911459764,-1.9401193131103263,35.61644234402556,438.2869506835938,20.53203629455453,479.35102327270283,397.2228780944847,-739759588,46496536.0
2022-10-06,431.76690673828125,431.76690673828125,427.93748849670004,431.2882294580836,30331834,421.53531607677945,434.60554312866174,-13.748998081075513,-13.537189145382914,-0.2118089356925985,40.54057624400655,437.3873748779297,20.39666812362765,478.180711125185,396.5940386306744,-709427754,30331834.0
2022-10-07,419.3212585449219,429.37348049634124,418.3639040733581,429.37348049634124,31941781,420.79729689949363,433.14989697782937,-13.272527048678796,-13.48425672604209,0.2117296773632944,37.8151366303046,435.746533203125,20.46744657262202,476.68142634836903,394.811640057881,-741369535,-31941781.0
2022-10-11,384.37786865234375,394.90876916336686,383.89919135638814,390.6006734997665,95793819,408.657487483777,428.5049418992117,-15.535476549785301,-13.894500690790734,-1.640975858994567,24.315070437234425,431.8111968994141,22.408931100491348,476.6290591003968,386.9933346984314,-837163354,-95793819.0
2022-10-12,380.54840087890625,382.941787047956,378.63369194366646,380.0697236450963,53570085,399.2877919488201,423.9376522782302,-17.436884824034223,-14.602977517439433,-2.8339073065947904,24.567465804495512,427.3750289916992,23.364426958200443,474.1038829081001,380.6461750752983,-890733439,-53570085.0
2022-10-13,378.1550598144531,385.8138964689231,378.1550598144531,383.4205100144012,38046284,392.2435479040311,419.5774053769181,-18.918803017558503,-15.466142617463246,-3.4526604000952563,25.266898827902637,423.43790740966796,24.722718662768862,472.8833447352057,373.9924700841302,-928779723,-38046284.0
2022-10-14,394.4300842285156,398.25950252199635,391.5580205084051,396.8234706619411,54504366,392.97239334552603,417.18242241040355,-18.565958594638857,-16.08610581289837,-2.4798527817404867,35.47297595634747,420.350439453125,24.270233019070183,468.89090549126536,371.8099734149846,-874275357,54504366.0
2022-10-17,380.0697021484375,386.2925058360064,379.1123477349654,382.9417653888539,41512192,388.67149627982985,413.6478776235497,-19.22349320307393,-16.713583290933485,-2.5099099121404436,33.980577115791036,416.76036071777344,24.669436989226572,466.0992346962266,367.4214867393203,-915787549,-41512192.0
2022-10-18,389.6433410644531,389.6433410644531,382.46318121682805,389.1646637412781,40093216,388.99544454137094,411.3617312845881,-18.755875410649196,-17.12204171487663,-1.6338336957725659,37.42334371779301,413.88830108642577,24.294079919716964,462.47646092585967,365.30014124699187,-875694333,40093216.0
2022-10-19,378.6336975097656,387.7285650858536,378.6336975097656,386.7712106041601,46385177,385.5415288641692,408.244775686986,-19.054028188346763,-17.508439009570658,-1.5455891787761047,37.08208247779077,410.0110137939453,23.35934760195943,456.7297089978642,363.29231859002647,-922079510,-46385177.0
2022-10-20,380.54840087890625,380.54840087890625,369.53882450127753,374.325596839377,52938069,383.87715286908156,405.60702570526405,-18.917743877171574,-17.790299983090843,-1.1274438940807308,38.53211617325307,406.49273376464845,22.141825816740724,450.7763853981299,362.209082131167,-869141441,52938069.0
2022-10-21,372.88958740234375,381.5057781253761,372.88958740234375,378.63371455103197,35923505,380.2146310468356,402.491079200224,-19.20634107449888,-18.07350820137245,-1.1328328731264286,39.74764713879688,402.90265197753905,21.4319260981534,445.7665041738459,360.0387997812322,-905064946,-35923505.0
2022-10-24,370.4962158203125,380.54843873016597,370.4962158203125,378.155052323058,46714078,376.97515930466125,399.44394935451817,-19.404498536789106,-18.339706268455785,-1.0647922683333206,40.38462402974528,399.64764709472655,21.146882482337872,441.9414120594023,357.3538821300508,-951779024,-46714078.0
2022-10-25,355.17852783203125,366.1881048403017,355.17852783203125,363.794718534156,76416687,369.70961548045125,395.2281949238051,-20.56054005147439,-18.783873025059506,-1.7766670264148843,31.875002490387104,396.0336349487305,22.289299331161658,440.6122336110538,351.45503628640716,-1028195711,-76416687.0
2022-10-26,359.9653015136719,362.83736508957884,354.22117436185795,354.6998516245091,58850484,366.4615108248581,391.86982412284004,-20.850111542205582,-19.197120728488724,-1.6529908137168583,26.845669602982312,392.58715972900393,22.269815209640658,437.12679014828524,348.0475293097226,-969345227,58850484.0
2022-10-27,369.0601501464844,372.41089080929294,366.1880867212199,368.1027956713962,45684455,367.3277239320669,389.69747422033,-20.11386069338363,-19.380468721467704,-0.7333919719159248,28.524603048356184,390.07410430908203,21.92744964348511,433.92900359605227,346.2192050221118,-923660772,45684455.0
2022-10-28,363.3160705566406,365.70945705569625,359.00797485834056,363.3160705566406,40184472,365.99050614025816,387.1849595856929,-19.766025372346746,-19.457580051643514,-0.30844532070323183,29.896937707802778,387.4174468994141,21.781978362328775,430.9814036240716,343.85349017475653,-963845244,-40184472.0
2022-10-31,373.3682556152344,373.3682556152344,364.75206510103664,369.53883760892427,38409054,368.44975596525023,385.86908301707786,-18.466367262901883,-19.25933749389519,0.7929702309933049,45.18827279956273,385.8856796264648,21.630862566471116,429.14740475940704,342.6239544935226,-925436190,38409054.0
2022-11-01,374.8042907714844,376.24032253689234,369.5388409649884,371.9322272406684,41426496,370.56793423399495,384.81529327940234,-17.123118164542973,-18.832093628024747,1.7089754634817744,47.435906168357825,384.66505126953126,21.527544515940658,427.7201403014126,341.60996223764994,-884009694,41426496.0
2022-11-02,378.1550598144531,378.1550598144531,371.93225503269633,374.32564148721815,22535650,373.0969760941477,384.1809853303596,-15.608281959671274,-18.187331294354053,2.5790493346827787,50.0,383.0375473022461,20.668545530974555,424.3746383641952,341.70045624029694,-861474044,22535650.0
2022-11-03,367.6241149902344,370.4961783885956,367.14543775717414,368.58146945635474,39731333,371.27268905950996,382.60414053606195,-15.08364768873031,-17.566594573229306,2.482946884498997,37.5,380.11761474609375,18.26113423829001,416.63988322267375,343.59534626951375,-901205377,-39731333.0
2022-11-04,365.70941162109375,368.1027978228025,362.35867093870155,364.7520571404103,28397417,369.41826324670456,380.99511873463643,-14.653455891215344,-16.983966836826514,2.33051094561117,42.42426486593004,376.8147399902344,13.874775997522535,404.56429198527945,349.0651879951893,-929602794,-28397417.0
2022-11-07,373.3682556152344,376.24031911996695,370.4961921105018,373.3682556152344,35387706,370.73492736954785,380.26875081850295,-13.538458171222715,-16.294865103705757,2.756406932483042,41.237083249533015,374.51708984375,9.616786260551095,393.7506623648522,355.2835173226478,-894215088,35387706.0
2022-11-08,381.9844665527344,382.46314382911623,377.1976937889156,378.1550483416794,31838223,374.4847737639434,380.43215231700117,-11.823266969134806,-15.400545476791567,3.577278507656761,51.851868093316966,374.39741973876954,9.501826193346389,393.4010721254623,355.3937673520768,-862376865,31838223.0
2022-11-09,399.21685791015625,399.21685791015625,386.29257114328067,386.29257114328067,52260831,382.728801812681,382.22117189730164,-8.970054415121922,-14.114447264457638,5.144392849335716,58.823551471967,375.33084259033205,10.94520730712603,397.2212572045841,353.44042797608,-810116034,52260831.0
2022-11-10,390.12200927734375,393.9514277733177,388.6859773413535,391.558041213334,32044942,385.1932043009019,382.97363260016283,-7.357923622257829,-12.763142536017677,5.405218913759848,58.03573410718525,375.92919006347654,11.424340847010859,398.77787175749825,353.08050836945483,-842160976,-32044942.0
2022-11-11,422.6719970703125,423.1506743036877,416.44919303643474,422.6719970703125,80016195,397.6861352240388,386.75442921636756,-3.4144269820020554,-10.893399425214554,7.478972443212498,68.98954123329123,377.3412857055664,15.013191308258746,407.3676683220839,347.3149030890489,-762144781,80016195.0
2022-11-14,426.02276611328125,430.8095387662394,422.6720252562105,430.8095387662394,61933190,407.1316788537863,390.4942708255974,-0.01858419795229338,-8.718436379762101,8.699852181809808,78.24428781184102,379.6389389038086,18.552032696009608,416.7430042958278,342.5348735117894,-700211591,61933190.0
2022-11-15,459.5301513671875,466.23163274129234,442.29777069091796,445.1698341369629,113379796,424.5978363582534,397.06911659146317,5.315141983001752,-5.911720707209332,11.226862690211084,82.298145807788,383.13327941894534,25.729043469737135,434.5913663584196,331.6751924794711,-586831795,113379796.0
2022-11-16,466.2315979003906,472.93307877370216,460.96614864278865,470.5396927475195,85726375,438.47575687229914,403.6560195732658,9.968004190295403,-2.7357757277083854,12.70377991800379,82.01893474082887,387.51317443847654,31.688537333942776,450.8902491063621,324.136099770591,-501105420,85726375.0
2022-11-17,464.3169250488281,464.3169250488281,454.7433802024605,461.9235388372362,45144984,447.08947959780886,409.43324866617644,13.347076128759227,0.4807946435851371,12.86628148517409,84.1423971590058,391.7016006469727,35.96676413457425,463.6351289161212,319.7680723778242,-546250404,-45144984.0
2022-11-18,466.2315979003906,472.93307877370216,465.2742434899175,470.5396927475195,35859717,453.4701856986695,414.84261525991116,15.995131166953684,3.5836619482588468,12.411469218694837,83.21918017582134,396.368701171875,39.298952996644864,474.9666071651647,317.7707951785853,-510390687,35859717.0
2022-11-21,461.44488525390625,468.62504425681976,460.0088534533236,466.71033518937617,29710180,456.12841888374845,419.2809266879107,17.505691442549505,6.368067847116979,11.137623595432526,80.2675921165893,400.9161346435547,41.355765612702065,483.62766586895884,318.20460341815055,-540100867,-29710180.0
2022-11-22,470.0610656738281,470.0610656738281,455.7007479852183,455.7007479852183,37343127,460.77263448044175,424.1171304008552,19.17701441057352,8.929857159808288,10.247157250765232,80.96777006422295,406.6602615356445,42.627443948538264,491.915149432721,321.405373638568,-502757740,37343127.0
2022-11-23,471.0184326171875,474.8478507685467,467.66769173474813,473.411818961787,33475337,464.18790052602367,428.58392108812495,20.344285159799767,11.212742759806584,9.131542399993183,87.24144700640552,412.2129180908203,43.44978685141994,499.1124917936602,325.31334438798046,-469282403,33475337.0
2022-11-24,474.84783935546875,474.84783935546875,471.01842129615045,472.9331303258096,27396552,467.74121346917207,432.99000854215774,21.332449558859196,13.236684119617106,8.09576543924209,88.77557481670704,417.5023025512695,44.34981504287372,506.20193263701697,328.80267246552205,-441885851,27396552.0
2022-11-25,476.7626037597656,476.7626037597656,472.9331852556711,472.9331852556711,39949969,470.7483435660366,437.15882713431085,22.016292336141873,14.99260576292206,7.023686573219813,88.29794304999403,423.1746292114258,44.3095246735726,511.79367855857095,334.5555798642806,-401935882,39949969.0
2022-11-28,460.0088195800781,469.10368698072483,460.0088195800781,465.27426912782096,38926919,467.16850223738385,439.3350168910506,20.964684465420873,16.187021503421825,4.777662961999049,77.2575321435425,427.506657409668,43.40997879596982,514.3266150016076,340.68669981772837,-440862801,-38926919.0
2022-11-29,466.2315979003906,467.18895231086367,452.8286361537675,453.307313359004,38182197,466.8562007917195,441.89659603479726,20.398265350488657,17.02927027283519,3.368995077653466,75.36231817103501,432.0780227661133,42.36944831794109,516.8169194019955,347.3391261302311,-402680604,38182197.0
2022-11-30,469.10369873046875,469.10369873046875,461.9235400764309,462.40221732003346,57111603,467.60536677130267,444.4877486724802,19.95114428277884,17.61364507482392,2.33749920795492,81.36882064757602,436.6254547119141,41.140238252300335,518.9059312165148,354.3449782073134,-345569001,57111603.0
2022-12-01,477.2412109375,486.3360785481444,477.2412109375,484.42136957748244,41746878,470.8173148267018,447.60712603105355,20.022618559262014,18.09543977171154,1.9271787875504742,76.88680238247463,442.10630950927737,38.69280107792315,519.4919116651237,364.72070735343107,-303822123,41746878.0
2022-12-02,471.4970703125,475.8051653711929,469.10368416878174,469.10368416878174,28319679,471.0438999886346,449.8823588197627,19.39221689058911,18.354795195487057,1.0374216951020543,71.88939239206184,447.3956924438477,34.72698300725951,516.8496584583667,377.94172642932864,-332141802,-28319679.0
2022-12-05,468.1463928222656,476.28390680792876,468.1463928222656,470.53977928863713,28360444,470.07806426651166,451.6217906295249,18.410028012600606,18.365841758909767,0.04418625369083884,55.84419670524062,452.13459930419924,30.274784561884893,512.684168427969,391.58503018042944,-360502246,-28360444.0
2022-12-06,457.61541748046875,468.14631620909876,457.61541748046875,467.1889617792233,40561068,465.923848671164,452.1926122343767,16.59062811782121,18.010799030692056,-1.4201709128708444,44.444453189842335,455.91614685058596,25.37890258403,506.673952018646,405.15834168252593,-401063314,-40561068.0
2022-12-07,454.7433776855469,464.79559971859584,454.7433776855469,456.65808664422286,36563503,462.1970250092917,452.4355422773453,14.74699678507642,17.35803858156893,-2.6110417964925112,43.9024409207002,458.69247283935545,21.60664070953762,501.9057542584307,415.4791914202802,-437626817,-36563503.0
2022-12-08,451.3926086425781,454.74334910970225,447.08451375627567,454.74334910970225,27238567,458.5955528870539,452.3362152645103,12.867201523400524,16.459871169935248,-3.5926696465347234,40.718578876160166,461.75600280761716,14.570638751890023,490.8972803113972,432.61472530383713,-464865384,-27238567.0
2022-12-09,460.9661865234375,463.83824999087324,455.70073683313865,457.61544581142914,25915337,459.3857640991818,453.15811728917004,12.01149690120559,15.570196316189318,-3.558699414983728,49.71750211792369,463.67071228027345,11.317217477247672,486.3051472347688,441.0362773257781,-438950047,25915337.0
2022-12-12,454.7433776855469,457.61544112356086,453.3073459665399,456.1794094045539,20973334,457.8383019613035,453.30909446977734,10.707783493315674,14.597713751614588,-3.8899302582989144,40.69768907267118,465.1067428588867,7.450166345858728,480.00707555060416,450.2064101671693,-459923381,-20973334.0
2022-12-13,451.3926086425781,455.7007035288806,450.913931432989,452.8286402713456,33272826,455.68973752172843,453.1265720100441,9.29703177153192,13.537577355598057,-4.240545584066137,38.41807726456567,464.6998657226562,7.97450779737081,480.64888131739787,448.7508501279146,-493196207,-33272826.0
2022-12-14,460.0088195800781,460.0088195800781,451.8713066426574,451.8713066426574,30636639,457.12943154117835,453.7820241595711,8.773125947239407,12.584687073926329,-3.8115611266869216,41.711240338488295,464.38872680664065,8.032782435752424,480.4542916781455,448.3231619351358,-462559568,30636639.0
2022-12-15,462.65667724609375,463.6195423392178,456.8794866873496,458.32378432703564,24222008,458.9718467761502,454.6272292154304,8.473904890769347,11.762530637294933,-3.288625746525586,42.18473607127869,464.3057144165039,8.042136723768584,480.3899878640411,448.22144096896676,-438337560,24222008.0
2022-12-16,453.509521484375,453.509521484375,448.2137627409269,449.17662796700836,47601400,457.15107167889187,454.5207808600918,7.413216083303723,10.892667726496693,-3.47945164319297,46.06767464558683,463.66961059570315,8.377914235496705,480.4254390666966,446.9137821247097,-485938960,-47601400.0
2022-12-19,449.17657470703125,452.0651700427678,447.732277039163,449.17657470703125,21075559,454.49290602160505,454.01180884551457,6.152062817913702,9.944546744780096,-3.792483926866394,39.439554255648424,463.0561950683594,8.977083707827724,481.0103624840148,445.10202765270395,-507014519,-21075559.0
2022-12-20,440.51080322265625,449.658022087389,438.10364036351604,447.73229180007684,31139235,449.8322050886221,452.72599878619474,4.402584183109127,8.836154232445903,-4.433570049336776,33.48056736468244,461.5786819458008,10.12224799969639,481.82317794519355,441.334185946408,-538153754,-31139235.0
2022-12-21,441.95513916015625,445.80660006787,440.02940870629936,442.9180043870847,36182644,447.20651644580016,451.7002026313339,3.096955821132781,7.688314550183279,-4.591358729050498,27.90478672866236,460.1255172729492,10.761723042860192,481.64896335866956,438.60207118722883,-501971110,36182644.0
2022-12-22,450.6209411621094,451.5838064210028,446.7694801265358,449.1766432737693,14047382,448.34465801790327,451.5974158247411,2.730023722063436,6.696656384559311,-3.9666326624958748,37.389331344342345,458.91417236328124,10.373858957964377,479.66189027921,438.16645444735246,-487923728,14047382.0
2022-12-23,438.1036376953125,441.47366567758417,438.1036376953125,440.5108005397922,24927413,444.93098457703974,450.31229409812886,1.412898596129935,5.639904826873436,-4.227006230743501,33.66146247388083,456.9812240600586,10.474299652276795,477.92982336461216,436.032624755505,-512851141,-24927413.0
2022-12-26,439.5479431152344,440.0293756925785,436.6593476511693,437.14078022851345,8793306,443.1366374231046,449.28711781404365,0.48007679482395815,4.607939220463541,-4.127862425639583,39.0964914510128,455.9581802368164,11.141030585162117,478.2402414071407,433.67611906649216,-504057835,8793306.0
2022-12-27,440.02935791015625,445.3251160469306,440.02935791015625,440.9922230259334,10264001,442.1008775854552,448.4054263946258,-0.21783399799841163,3.6427845767711506,-3.8606185747695623,40.85643077859033,454.6480682373047,11.40679642440732,477.46166108611936,431.83447538849003,-493793834,10264001.0
2022-12-28,434.2521667480469,435.21503186278755,429.4378411743435,434.2521667480469,32578949,439.4846406396524,447.05749690447544,-1.2230063187198539,2.6696263976729497,-3.8926327163928036,39.66041200917801,452.9054916381836,11.73945477353593,476.38440118525546,429.42658209111175,-526372783,-32578949.0
2022-12-29,429.4378662109375,432.8078943090054,426.0678381128696,427.5121358691844,23020759,436.1357158300808,445.3794368384242,-2.3806438627727857,1.659572345583803,-4.040216208356589,29.822694703027693,450.5153244018555,11.384951725954554,473.2852278537646,427.7454209499464,-549393542,-23020759.0
2022-12-30,431.84503173828125,439.54795315167314,431.84503173828125,438.1036553866621,21683478,434.70548779948103,444.09044587650584,-3.0684703995187306,0.7139637965632962,-3.782434196082027,34.593213427277135,448.53272247314453,10.984336572386809,470.50139561791815,426.5640493283709,-527710064,21683478.0
2023-01-03,436.17791748046875,436.65935006046925,426.5492658804584,429.4378613604615,14885824,435.19629769314366,443.3368717435499,-3.2267542035808674,-0.07417980346553654,-3.1525744001153306,39.896565211135446,446.9342987060547,10.283618347012034,467.50153540007875,426.3670620120306,-512824240,14885824.0
2023-01-04,432.8078918457031,438.10365025538357,431.84502668030666,432.8078918457031,19188422,434.4001624106635,442.33411175327876,-3.5828275570742676,-0.7759093541872828,-2.806918202886985,30.58420771055195,445.6939224243164,10.422651763645083,466.53922595160657,424.8486188970262,-532012662,-19188422.0
2023-01-05,441.47369384765625,442.4365590468878,438.10366565034593,441.95512644727205,23549581,436.7580062229944,442.2521671908385,-3.1296834144181958,-1.2466641662334657,-1.88301924818473,36.07599304164741,445.0304382324219,10.23696909604546,465.5043764245128,424.55650004033095,-508463081,23549581.0
2023-01-06,441.47369384765625,442.4365590468878,438.10366565034593,438.10366565034593,20886011,438.32990209788176,442.1780268724402,-2.738990044366574,-1.5451293418600873,-1.1938607025064865,41.007200806271406,444.5344924926758,10.1524411478475,464.8393747883708,424.2296101969808,-508463081,0.0
2023-01-09,463.1381530761719,463.1381530761719,450.13947310417956,450.6209056957348,46666263,446.59931909064517,444.1742293680337,-0.6734587186113004,-1.3707952172103302,0.6973364985990298,58.28572815368694,444.6430908203125,10.347206361850537,465.3375035440136,423.94867809661145,-461796818,46666263.0
2023-01-10,467.9524230957031,468.9152881638013,465.06382789140866,467.9524230957031,32646014,453.7170204256645,446.43881924685934,1.3365541304029307,-0.8293253476876781,2.1658794780906088,67.0658407613067,445.3035430908203,11.39439876876694,468.0923406283542,422.51474555328645,-429150804,32646014.0
2023-01-11,466.5081481933594,469.878176095685,464.1009854059839,468.9153109807348,21051115,457.9807296815628,448.3501839084307,2.7809063232567155,-0.10727901349879942,2.888185336755515,65.26943607585591,446.0593200683594,12.28595416296993,470.6312283942992,421.48741174241957,-450201919,-21051115.0
2023-01-12,468.43389892578125,469.8781966614209,466.02673603304856,469.3967640828743,20963689,461.4651194296357,450.2629186719879,4.034451190064658,0.7210670272138922,3.313384162850766,62.09147673059578,446.4805740356445,12.917619278207942,472.3158125920604,420.6453354792286,-429238230,20963689.0
2023-01-13,481.43255615234375,490.09834216308593,480.4696910400391,488.17261193847656,77606949,468.1209316705384,453.2314555748789,6.007526506177669,1.7783589230066477,4.229167583171021,79.22081503690569,447.419367980957,14.712652853731296,476.8446736884196,417.9940622734944,-351631281,77606949.0
2023-01-16,486.2468566894531,489.1354518777073,484.3211265639503,487.2097217522045,34373918,474.16290667684336,456.37577949055265,7.868968161292855,2.996480770663889,4.872487390628966,80.12425074728411,449.0562347412109,17.05976827724179,483.1757712956945,414.9366981867273,-317257363,34373918.0
2023-01-17,484.3211669921875,485.28403213531317,480.95113899124783,485.28403213531317,27770329,477.54899344862474,459.0372449668988,9.084071497441187,4.2139989160193485,4.870072581421838,78.04884836444174,450.81346435546874,18.79462692871876,488.4027182129063,413.2242104980312,-345027692,-27770329.0
2023-01-30,522.8357543945312,522.8357543945312,514.1699684100915,521.8728892851491,124428936,492.6445804305936,465.11329348381616,13.00494209207551,5.972187551230581,7.032754540844929,89.65523648136343,454.9297119140625,24.552540422943842,504.0347927599502,405.8246310681748,-220598756,124428936.0
2023-01-31,502.6156005859375,518.0214427494911,501.6527354507154,517.058577614269,72530854,495.96825381570824,468.6849417792563,14.315641062205259,7.640878253425517,6.674762808779742,78.7879122578365,457.9627349853516,26.532341183074415,511.0274173515004,404.89805261920276,-293129610,-72530854.0
2023-02-01,510.3184814453125,513.2070766233048,502.61556097066625,512.2442115639741,33710990,500.75166302557636,472.65004079507116,15.79387558243127,9.271477719226667,6.522397863204603,79.63639029126303,460.9476119995117,28.91400123368559,518.7756144668829,403.11960953214054,-259418620,33710990.0
2023-02-02,519.9471435546875,521.8728737160012,517.058548312717,518.0214133933739,43077053,507.1501565352801,477.1545267721775,17.54014774708918,10.92521172479917,6.61493602229001,80.41960986832336,465.03978729248047,31.21112273789722,527.4620327682749,402.617541816686,-216341567,43077053.0
2023-02-03,521.8729248046875,521.8729248046875,516.0957337551891,519.9471944548546,31635865,512.0577459584159,481.4134218228927,18.862045551341566,12.512578490107648,6.349467061233918,82.68555051702492,469.1560363769531,33.04689708983581,535.2498305566247,403.06224219728153,-184705702,31635865.0
2023-02-06,506.4671325683594,513.2071894656569,506.4671325683594,512.2443241946144,30870136,510.19420816173044,483.79948951293716,18.45381629591941,13.70082605127,4.752990244649409,72.72732123446298,472.4779251098633,33.30315801642888,539.0842411427211,405.87160907700553,-215575838,-30870136.0
2023-02-07,503.5785217285156,508.3928479400693,502.6156564862049,504.54138697082635,23481767,507.98897935065884,485.68320686680175,17.69324816503513,14.499310474023027,3.1939376910121027,71.28716661837512,475.9442428588867,32.7178027157868,541.3798482904604,410.5086374273131,-239057605,-23481767.0
2023-02-08,519.9471435546875,519.9471435546875,514.1699530707466,518.0214133933739,35096191,511.9750340853351,488.9464389323147,18.20148800115902,15.239745979450227,2.961742021708794,70.20550049159213,480.4697067260742,32.20203770349843,544.873782133071,416.06563131907734,-203961414,35096191.0
2023-02-09,519.9471435546875,519.9471435546875,516.0956832320602,519.9471435546875,18861972,514.6324039084526,491.89888699158837,18.39225724027426,15.870248231615035,2.522009008659227,69.14896845308085,484.8748123168945,31.211050091490005,547.2969124998746,422.45271213391453,-203961414,0.0
2023-02-10,524.7615356445312,525.7244008475487,520.9100748324613,523.7986704415138,28495684,518.0087811538122,495.0286630537734,18.716176016089662,16.439433788509962,2.2767422275796996,70.93429263727208,489.30399322509766,30.206023771157017,549.7160407674116,428.8919456827836,-175465730,28495684.0
2023-02-13,520.9099731445312,523.7985681896951,518.0213780993676,523.7985681896951,22768977,518.9758451507186,497.49354972908367,18.449421626587934,16.841431356125558,1.607990270462377,68.60066236226388,493.70909729003904,27.866885864907726,549.4428690198545,437.9753255602236,-198234707,-22768977.0
2023-02-14,524.7615356445312,525.7244008475487,522.8358052384963,523.7986704415138,21883297,520.9044086486562,500.0905007686501,18.337423354168152,17.140629755734075,1.196793598434077,66.42336678301876,497.8734893798828,25.79634465513143,549.4661786901456,446.28080006961994,-176351410,21883297.0
2023-02-15,505.5043029785156,512.2443603515625,502.61570696149556,506.46716831752235,61796793,515.7710400919427,500.6061009791135,16.504512433995615,17.013406291386385,-0.5088938573907704,56.57899510778022,501.0750198364258,22.142924483047608,545.360868802521,456.78917087033057,-238148203,-61796793.0
2023-02-16,508.39276123046875,511.28135646473277,504.54130091811675,508.39276123046875,29975138,513.3116138047848,501.3476876697187,15.11080382508186,16.632885798125482,-1.5220819730436226,58.169926787625286,503.33775024414064,20.29754650734912,543.9328432588388,462.7426572294424,-208173065,29975138.0
2023-02-17,498.76416015625,504.5413512005309,496.8384298081564,504.5413512005309,28121975,508.4624625886065,501.10163743034076,13.078570455196598,15.922022729539705,-2.8434522743431074,39.83740423985838,504.87833709716796,18.565879402815323,542.0100959027986,467.74657829153733,-236295040,-28121975.0
2023-02-20,497.8013000488281,499.72703041652187,492.02410894574695,494.91270449728756,20065156,504.9087417420137,500.7873195844824,11.26051193227056,14.989720570085877,-3.729208637815317,47.57282599029407,506.44299468994143,16.34817818791886,539.1393510657791,473.74663831410373,-256360196,-20065156.0
2023-02-21,496.8384094238281,497.80127455837044,493.94981402020125,495.8755442892858,13504100,502.2186309692852,500.41123290251534,9.630970396561793,13.91797053538106,-4.287000138819268,42.708352936088254,507.86322021484375,13.926898543368456,535.7170173015807,480.00942312810685,-269864296,-13504100.0
2023-02-22,488.1726379394531,490.0983682666304,486.2469076122758,487.20977277586445,24575245,497.53663329267454,499.2456524298427,7.553222802634082,12.645020988831666,-5.091798186197584,32.63159334600894,508.2002243041992,13.322081294133742,534.8443868924667,481.5560617159317,-294439541,-24575245.0
2023-02-23,498.76416015625,501.65275567839046,491.0612387638755,492.98696911196913,25376835,497.94580891386636,499.1997960228339,6.684189020667304,11.452854595198795,-4.768665574531491,38.46152674016965,508.8260894775391,12.505438738520123,533.8369669545793,483.81521200049883,-269062706,25376835.0
2023-02-24,492.0240783691406,505.5041901052815,492.0240783691406,504.54132498127143,41692491,495.97189873229115,498.51639434152975,5.389478661229589,10.240179408404954,-4.850700747175365,42.105219259615126,509.2112350463867,11.810306765266574,532.8318485769198,485.59062151585357,-310755197,-41692491.0
2023-03-01,502.6156005859375,502.6156005859375,485.28402815193965,485.28402815193965,39560848,498.18646601684,498.90679493623526,5.158593642939081,9.22386225531178,-4.065268612372698,49.51453472539125,508.20022735595705,11.442339904633112,531.0849071652233,485.3155475466908,-271194349,39560848.0
2023-03-02,499.72705078125,500.68991600433526,495.87558988890896,499.72705078125,16558784,498.69999427164333,498.98491454052237,4.688487804953638,8.316787365240152,-3.6282995602865142,38.20229240605772,508.05579986572263,11.534399777865975,531.1245994214546,484.98700030999066,-287753133,-16558784.0
2023-03-03,496.8384094238281,505.5041956347089,496.8384094238281,504.54133050016657,23253895,498.07946598903834,498.7804854817896,4.036308275968963,7.460691547385915,-3.4243832714169518,36.95654645367483,507.3817962646484,11.786320549436025,530.9544373635205,483.80915516577636,-311007028,-23253895.0
2023-03-06,501.6528015136719,504.5413972997391,497.80134046558226,500.6899362516495,21922085,499.27057783058285,499.0540393895879,3.863397663265175,6.741232770561767,-2.877835107296592,36.95654645367483,506.46707916259766,11.465345888667255,529.3977709399321,483.53638738526314,-289084943,21922085.0
2023-03-07,504.54132080078125,506.4670510328453,499.7269952206211,501.65272545268516,24861078,501.02749215398234,499.5766376192254,3.914322252702334,6.175850666989882,-2.2615284142875476,40.65935903080018,505.60049896240236,10.879672525648251,527.3598440136989,483.84115391110583,-264223865,24861078.0
2023-03-08,501.6528015136719,503.5785320377167,498.7642057276047,501.6528015136719,24512408,501.23592860721226,499.7743675139345,3.6791895833158605,5.676518450255077,-1.9973288669392169,36.66663731975863,505.35978240966796,10.912698019439471,527.1851784485469,483.53438637078904,-288736273,-24512408.0
2023-03-09,502.6156005859375,506.4670611268259,502.6156005859375,505.5041959916038,21557577,501.69581926678734,500.0449611398396,3.5298452289252964,5.247183805989122,-1.7173385770638259,47.88723654906449,505.31163635253904,10.923089659830477,527.1578156722,483.4654570328781,-267178696,21557577.0
2023-03-10,493.9497985839844,496.838393897341,492.02406837508,495.8755287928888,24045605,499.1138123725197,499.4644694678534,2.6813223388176084,4.73401151255482,-2.0526891737372113,40.259731172062644,504.0117691040039,10.632779642901935,525.2773283898077,482.74620981820004,-291224301,-24045605.0
2023-03-13,496.8384094238281,498.76413969291275,490.09835348203205,493.94981402020125,21466947,498.3553447229559,499.2143685112796,2.2163993171103584,4.230489073465928,-2.0140897563555695,48.57141175389243,502.85633239746096,10.049572670456058,522.955477738373,482.75718705654884,-269757354,21466947.0
2023-03-14,491.061279296875,494.91274031096816,491.061279296875,492.0241445503983,20474770,495.92398958092895,498.4378838241935,1.3660315912053989,3.6575975770138225,-2.2915659858084236,45.33334911020554,501.17131958007815,8.948343836099061,519.0680072522763,483.27463190788,-290232124,-20474770.0
2023-03-15,492.0240783691406,496.83840398919097,491.0612132451306,495.8755388651809,23208597,494.6240191769995,497.82704520942656,0.7610262437261213,3.0782833103562823,-2.317257066630161,46.66665258015578,499.7270248413086,7.859697738117285,515.4464203175431,484.007629365074,-267023527,23208597.0
2023-03-16,488.877685546875,493.7180586711015,487.9096109220297,488.877685546875,21965994,492.7085746336247,496.9747252415645,0.027352242144445427,2.468097096713915,-2.4407448545694694,50.52855883239813,497.9328323364258,5.621017978764069,509.1748682939539,486.6907963788977,-288989521,-21965994.0
2023-03-17,501.462646484375,501.462646484375,496.6222734488115,499.5264972701496,33118483,495.62659858387485,497.4021463123084,0.4561532303109743,2.0657083234333267,-1.6095550931223523,51.96428634898293,497.7307495117187,5.402907064030109,508.53656363977893,486.9249353836585,-255871038,33118483.0
2023-03-20,495.6542053222656,501.4626530408859,493.7180560827255,500.4945784211159,11837312,495.6358008300051,497.2356757418281,0.32355866132377287,1.717278391011416,-1.3937197296876431,52.67878054141309,497.0938217163086,4.796691248070591,506.6872042124498,487.5004392201674,-267708350,-11837312.0
2023-03-21,500.49456787109375,500.49456787109375,495.65419487427465,498.5584186723661,18284799,497.2553898437013,497.5460464208058,0.6021125366810907,1.494245220145351,-0.8921326834642604,48.28965306795419,497.18034210205076,4.8437807113831814,506.8679035248171,487.4927806792844,-249423551,18284799.0
2023-03-22,515.9837646484375,515.9837646484375,507.2710932003401,507.2710932003401,42385987,503.49818144528007,499.3020195853421,2.0490965120148985,1.6052154785192607,0.4438810334956378,60.89496168867612,498.08946533203124,6.417226117256275,510.92391756654376,485.2550130975187,-207037564,42385987.0
2023-03-23,520.8240966796875,521.7921712088319,511.14335138824345,511.14335138824345,26728246,509.2734865234159,501.351741213375,3.5455452414842057,1.9932814311122498,1.552263810371956,65.66499020792367,499.2887496948242,8.172378677535075,515.6335070498943,482.94399233975406,-180309318,26728246.0
2023-03-24,521.792236328125,521.792236328125,517.9199377282873,518.8880123782468,21926240,513.4464031249856,503.2984550338274,4.754802021525165,2.545585549194833,2.2092164723303322,63.84876860708789,500.9697296142578,9.163120567160611,519.2959707485791,482.6434884799366,-158383078,21926240.0
2023-03-27,514.0476684570312,518.888041982992,514.0476684570312,515.9838178674155,16111177,513.6468249023342,504.3221896455611,5.030239360654946,3.042516311486856,1.98772304916809,56.12774663125799,501.73390502929686,9.59654943053237,520.9270038903616,482.5408061682321,-174494255,-16111177.0
2023-03-28,508.2391052246094,513.0794776553199,507.2710307384673,508.2391052246094,17234120,511.844251676426,504.6952292245181,4.725352011111511,3.3790834514117867,1.3462685596997241,54.09147679145714,502.54465637207034,9.416312831562276,521.3772820351949,483.7120307089458,-191728375,-17234120.0
2023-03-29,513.0794677734375,515.9836911759286,508.2390954359522,515.9836911759286,17280749,512.2559903754299,505.49372813393893,4.818755778058232,3.667017916741076,1.1517378613171565,56.20149654873549,503.06784973144534,9.706684055872556,522.4812178431904,483.6544816197002,-174447626,17280749.0
2023-03-30,517.919921875,519.8560711156542,514.0476233936915,518.8879964953271,19201564,514.1439675419533,506.67717515689714,5.2231538625079565,3.978245105894452,1.2449087566135044,64.88082314537473,503.9774932861328,10.216211763791888,524.4099168137166,483.54506975854906,-155246062,19201564.0
2023-03-31,515.9837646484375,520.8241376751583,515.0156900430934,520.8241376751583,23558838,514.7572332441148,507.5635170132343,5.32601555888948,4.2477991964934585,1.078216362396022,62.02781127597122,504.9347610473633,10.407248171469757,525.7492573903028,484.1202647044238,-178804900,-23558838.0
2023-04-06,513.0794677734375,514.0475422409345,509.20716990344926,513.0794677734375,25423363,514.1979780872224,508.08884565706313,5.114228071052878,4.421084971405342,0.6931430996475356,64.35063596995462,505.50609436035154,10.5305121326229,526.5671186255973,484.44507009510573,-204228263,-25423363.0
2023-04-07,514.0476684570312,517.9199672777999,512.1115190466469,517.9199672777999,8557482,514.1478748771588,508.6563525903934,4.967251283877204,4.530318233899715,0.4369330499774886,64.35314591433885,505.9814117431641,10.69788763573842,527.3771870146409,484.5856364716872,-195670781,8557482.0
2023-04-10,512.111328125,515.9836255021266,511.14325378071834,515.9836255021266,7435151,513.4690259597726,508.9853978794036,4.641025782721385,4.552459743664049,0.08856603905733618,65.38440398266354,506.5043380737305,10.730726092213892,527.9657902581582,485.0428858893027,-203105932,-7435151.0
2023-04-11,507.2711181640625,510.17534212301706,505.3349688580928,505.3349688580928,22675697,511.40305669453596,508.8221331446092,3.946433204786956,4.431254435888631,-0.48482123110167485,54.28570656559834,506.7371139526367,10.69235621494514,528.121826382527,485.35240152274645,-225781629,-22675697.0
2023-04-12,503.3988037109375,507.2711022010216,500.49457984337437,506.3030275785006,23816473,508.7349723666698,508.30562557949764,3.048360565360724,4.15467566178305,-1.1063150964223256,55.88231612706128,507.2095642089844,10.299125775766925,527.8078157605182,486.6113126574505,-249598102,-23816473.0
2023-04-13,493.718017578125,500.4945393880208,493.718017578125,498.55839029947913,25536889,503.72932077048824,506.9163295793669,1.5377468051828487,3.6312898904630098,-2.093543085280161,45.20549187463726,507.05354461669924,10.486437305314913,528.026419227329,486.0806700060694,-275134991,-25536889.0
2023-04-14,499.5264892578125,503.39878762415213,496.6222654830578,499.5264892578125,18072504,502.3283769329297,506.2125352630284,0.8000471919680763,3.065041350764023,-2.264994158795947,36.508040554537565,507.47680511474607,9.96484083148473,527.4064867777155,487.5471234517766,-257062487,18072504.0
2023-04-17,503.3988037109375,503.3988037109375,497.5903559758113,502.43072908841646,14634287,502.6851858589323,505.94456082949597,0.521862640075085,2.556405608626236,-2.034542968551151,35.484046463904846,508.04554138183596,9.341579703795047,526.7287007894261,489.36238197424586,-242428200,14634287.0
2023-04-18,498.5583801269531,503.39875274954494,497.5903056024348,501.4626037005082,15168888,501.30958394827263,505.2411150483014,-0.08816602853579525,2.02749128119383,-2.115657309729625,31.818283857797425,508.52957611083986,8.509903997459118,525.5493841057581,491.50976811592164,-257597088,-15168888.0
2023-04-19,493.718017578125,501.4626139322916,492.74994303385415,500.4945393880208,21123233,498.77906182489016,504.1436771939989,-0.9512297639233793,1.4317470721703882,-2.3829768360937678,33.3334167293805,508.14234466552733,9.009914605738444,526.1621738770042,490.1225154540505,-278720321,-21123233.0
2023-04-20,496.62225341796875,499.52647712216736,493.7180297137701,495.6541788499025,17221961,498.06012568924973,503.42735112009126,-1.3849021418727716,0.8684172293617562,-2.253319371234528,40.00011558707464,508.1907470703125,8.94163733119817,526.0740217327088,490.3074724079162,-261498360,17221961.0
2023-04-21,494.68609619140625,503.3987671615093,493.71802163917255,503.3987671615093,25016683,496.9354491899686,502.5948506506927,-1.8633428760959987,0.3220652082702053,-2.185408084366204,33.33351768259702,507.90032348632815,9.292221390476112,526.4847662672804,489.31588070537595,-286515043,-25016683.0
2023-04-24,490.8138732910156,493.7180973933293,487.9096491887019,488.87772388947315,16886512,494.8949238903176,501.472852806914,-2.525850202642914,-0.24751787391241858,-2.2783323287304955,25.000182950684945,506.641828918457,9.82877295101947,526.2993748204959,486.9842830164181,-303401555,-16886512.0
2023-04-25,482.10113525390625,488.8776572353869,482.10113525390625,487.9095826666039,36898412,490.63032767818055,499.6279273256751,-3.7111572654032443,-0.9402457522105837,-2.7709115131926607,22.222377895310956,504.70568084716797,10.666292988806083,526.0382668247802,483.3730948695558,-340299967,-36898412.0
2023-04-26,475.80865478515625,482.5851768268574,475.3246174964633,482.10113953816443,31269245,485.6897700471725,497.35942517895904,-5.099488508487184,-1.772094303465904,-3.32739420502128,21.05281121623274,502.40650177001953,11.695679734947433,525.7978612399144,479.0151423001247,-371569212,-31269245.0
2023-04-27,477.7448425292969,479.1969545126686,473.3885065791817,475.324655890344,29537148,483.0414608745473,495.491369688515,-5.974644864550498,-2.6126044156828234,-3.362040448867675,22.222289680758706,500.5913604736328,12.577706846765839,525.7467741671645,475.4359467801011,-342032064,29537148.0
2023-04-28,485.97344970703125,485.97344970703125,482.1011513029912,482.5851886034962,24824100,484.0187904853753,494.5849011188499,-5.935808447122156,-3.2772452219706905,-2.6585632251514655,31.75684944053424,499.4780776977539,12.84765558290744,525.1733888635688,473.78276653193905,-317207964,24824100.0
2023-05-02,485.00537109375,485.9734456867515,480.64903542524326,484.0372965007485,15325791,484.3476506881669,493.67256492598324,-5.914962158206436,-3.8047886092178396,-2.110173548988596,33.571444011716096,498.07437286376955,12.817004545358017,523.7083819544856,472.4403637730535,-332533755,-15325791.0
2023-05-03,480.1650390625,482.1011884135585,479.19696438697076,480.1650390625,11369311,482.9534468129446,492.3861338913658,-6.217345972423971,-4.287300081859065,-1.9300458905649052,33.09863532387082,496.1866287231445,12.51706911977993,521.2207669627044,471.15249048358464,-343903066,-11369311.0
2023-05-04,482.10113525390625,483.55324710708067,480.16498611634034,481.1330606851233,13140291,482.66934295993184,491.4066102116077,-6.228957002796449,-4.675631466046543,-1.553325536749906,40.4762023900188,494.492497253418,11.977910094333119,518.4483174420842,470.53667706475176,-330762775,13140291.0
2023-05-05,484.03729248046875,485.9734416503906,482.5851806030273,484.03729248046875,7488897,483.12532613344416,490.7047704276897,-6.0126174101967536,-4.943028654876585,-1.0695887553201686,36.440673438092745,493.0403884887695,11.349935568505742,515.7402596257809,470.340517351758,-323273878,7488897.0
2023-05-08,487.9095764160156,492.74994919792056,485.9734273032537,492.74994919792056,11243634,484.72007622763465,490.43856147419694,-5.465700578854808,-5.047563039672229,-0.41813753918257834,36.44063947800505,491.7334838867188,10.255830533894013,512.2451449545068,471.2218228189307,-312030244,11243634.0
2023-05-09,493.718017578125,493.718017578125,488.8776448567708,490.81379394531245,16197743,487.7193900111315,490.750890626952,-4.5115658681040145,-4.940363605358586,0.4287977372545715,45.83333552250318,490.813818359375,9.09084352344665,508.99550540626825,472.6321313124817,-295832501,16197743.0
2023-05-10,486.9415283203125,491.781901365246,484.03730449335234,491.781901365246,18859212,487.46010278085856,490.3880942167959,-4.253185213659265,-4.802927927018722,0.549742713359457,44.35485511137143,489.7973388671875,8.251674743929582,506.30068835504665,473.2939893793283,-314691713,-18859212.0
2023-05-11,483.0691833496094,489.8457049597242,482.58514609174404,489.8457049597242,13382927,485.99646297044217,489.69105508658765,-4.311185892726826,-4.704579520160343,0.39339362743351725,38.888852750222036,488.7808578491211,7.723225884112976,504.22730961734703,473.3344060808952,-328074640,-13382927.0
2023-05-12,480.1650390625,484.03733776461695,479.19696438697076,480.1650390625,18465362,484.05265500112813,488.78381546524594,-4.539167326378561,-4.671497081403987,0.13232975502542654,38.2812677015103,488.1032089233398,7.860590472415432,503.82438986817067,472.382027978509,-346540002,-18465362.0
2023-05-15,479.68096923828125,483.55326767814626,478.712894628315,481.13308115323065,13315766,482.59542641351254,487.91687772934455,-4.704672112779804,-4.678132087679151,-0.026540025100652898,40.49581824652415,487.1109329223633,7.5906428664571575,502.2922186552776,471.929647189449,-359855768,-13315766.0
2023-05-16,488.877685546875,491.7819094214109,484.03731242264854,486.9415362971844,21140315,484.68951279130005,488.008383235776,-4.047085420952442,-4.551922754333809,0.5048373333813672,55.73774050014729,486.38487701416017,6.577564978054327,499.54000697026885,473.2297470580515,-338715453,21140315.0
2023-05-17,502.4306640625,504.3668130569605,489.8456955985068,491.7818445929673,41406763,490.60322988170003,489.3819337907021,-2.4046122574941933,-4.122460654965886,1.717848397471693,70.07301621488287,486.5784912109375,6.99829390708769,500.57507902511287,472.58190339676213,-297308690,41406763.0
2023-05-18,513.0794677734375,518.8879145784198,509.20716990344926,515.9836911759286,43096277,498.0953091789459,491.63884178905784,-0.24089410112026144,-3.3461473441967615,3.1052532430765,73.5483968065889,487.54656372070315,9.070286564627562,505.6871368499583,469.405990591448,-254212413,43096277.0
2023-05-19,515.0156860351562,517.9199098285876,512.1114622417249,517.9199098285876,32099068,503.73543479768273,493.8652079077339,1.6115280662171472,-2.35461226211398,3.966140328331127,71.12680308740423,488.4662353515625,10.805457899642594,510.07715115084767,466.8553195522773,-222113345,32099068.0
2023-05-22,514.0476684570312,515.9838178674155,512.1115190466469,515.0157431622234,17208135,507.17284601746564,495.787347007667,2.9672702074291237,-1.290235768205359,4.257505975634483,71.1268662481807,489.43431396484374,12.172834325554938,513.7799826159536,465.0886453137339,-239321480,-17208135.0
2023-05-23,513.0794677734375,514.0475422409345,508.2390954359522,513.0794677734375,19588873,509.14171993612297,497.43421565202607,3.9184109164404504,-0.24850643127619698,4.166917347716647,75.37306550783772,490.54759368896487,13.273999703904057,517.095593096773,463.99959428115676,-258910353,-19588873.0
2023-05-24,508.2391052246094,511.14332868303575,507.2710307384673,510.1752541968936,19086681,508.8408483656185,498.4632527541769,4.232826585799842,0.6477601721390108,3.585066413660831,69.28567986666252,491.8544921875,13.679161141672303,519.2128144708446,464.4961699041554,-277997034,-19086681.0
2023-05-25,525.66455078125,527.6007001395603,519.8561027063191,524.6964761020948,63827245,514.448749170829,501.0538525662791,5.820990341687548,1.6824062060487182,4.13858413563883,75.0,494.3472869873047,15.072875929871532,524.4930388470477,464.2015351275616,-214169789,63827245.0
2023-05-26,547.93017578125,549.8663248122792,545.0259522347063,549.8663248122792,95808471,525.609224707636,505.51826430103824,8.775117326024713,3.100948430043917,5.674168895980795,79.52378965154585,497.85655364990237,18.73053508450778,535.3176238189179,460.3954834808868,-118361318,95808471.0
2023-05-29,549.8663330078125,555.6747801874725,545.9940348880392,555.6747801874725,54657853,533.6949274743615,509.74188989215963,11.14405423124515,4.709569590284164,6.434484640960986,78.71285398154131,501.0511978149414,21.79512247367185,544.6414427622851,457.4609528675977,-63703465,54657853.0
2023-05-30,547.93017578125,549.8663248122792,545.0259522347063,547.93017578125,40136130,538.4400102433244,513.3788695006444,12.718609871321803,6.311377646491692,6.407232224830111,82.81244356060581,504.1974380493164,23.805918522121704,551.8092750935598,456.585601005073,-103839595,-40136130.0
2023-05-31,540.1856689453125,544.0579676474295,533.4091462166078,542.121818296371,81176782,539.0218964773205,515.9318980191842,13.18949924491028,7.68700196617541,5.50249727873487,79.50006068372431,507.198469543457,24.392822648369872,555.9841148401968,458.41282424671726,-185016377,-81176782.0
2023-06-01,533.4090576171875,536.3132811613827,532.4409831024558,532.4409831024558,24477529,537.1509501906096,517.5963894094702,12.867537602658672,8.723109093472063,4.144428509186609,76.44223628541064,509.7638656616211,24.312309782461742,558.3884852265446,461.1392460966976,-209493906,-24477529.0
2023-06-02,544.0579223632812,545.9940715531861,539.2175493885189,541.1536985784239,30206141,539.4532742481668,520.1165354050713,13.318131935595375,9.642113661896726,3.6760182736986486,79.03926536235483,512.7648971557617,24.67129344959491,562.1074840549514,463.42231025657185,-179287765,30206141.0
2023-06-05,537.2814331054688,542.1218063766892,537.2814331054688,542.1218063766892,16827391,538.7293272006009,521.751287567014,12.97881345866233,10.309453621249848,2.6693598374124825,72.32141952437084,515.2334899902344,24.52300342567106,564.2794968415765,466.1874831388923,-196115156,-16827391.0
2023-06-06,542.121826171875,544.0579755510603,535.3453033447265,536.3133780343192,20228086,539.8601601910257,523.691338862715,12.951187164839212,10.837800329967722,2.1133868348714895,69.90293074710516,517.6536804199219,24.67589584410772,567.0054721081374,468.30188873170647,-175887070,20228086.0
2023-06-07,549.8663330078125,549.8663330078125,542.1217367682658,543.0898112982092,27604813,543.1955511299547,526.1841954479625,13.399746173231051,11.350189498620388,2.0495566746106633,68.99999684760371,520.7999206542969,24.56520755950166,569.9303357733002,471.6695055352936,-148282257,27604813.0
2023-06-08,541.1536865234375,549.8663576839222,537.2813882298888,544.057910243599,23080195,542.514929594449,527.6098612646744,12.903451703294763,11.660841939555263,1.2426097637395,62.61681554633732,523.7041458129883,23.269039514296136,570.2422248415805,477.166066784396,-171362452,-23080195.0
2023-06-09,546.9620971679688,547.9301716762307,543.0897991349211,543.0897991349211,19091713,543.9973187856223,529.4529313507024,12.830918119252715,11.894857175494755,0.9360609437579601,65.1785186540383,527.0439987182617,21.410403194982635,569.864805108227,484.2231923282965,-152270739,19091713.0
2023-06-12,555.6748046875,555.6748046875,552.770580969621,555.6748046875,26392389,547.8898140862482,531.9502526208737,13.322899322837543,12.180465604963313,1.1424337178742299,68.33336748434701,530.8436904907227,19.190753354669525,569.2251972000618,492.4621837813836,-125878350,26392389.0
2023-06-13,574.0681762695312,575.03625076577,570.1958782845766,574.0681762695312,56174363,556.6159348140093,535.9614834445554,15.023804274379813,12.749133338846613,2.2746709355331998,75.37315381580609,535.1032150268554,18.83691069555318,572.7770364179618,497.4293936357491,-69703987,56174363.0
2023-06-14,571.1639404296875,572.132014904992,568.2597170037739,571.1639404296875,23583314,561.4652700192354,539.3140983955203,15.953533736092027,13.390013418295696,2.56352031779633,69.74788179594881,538.5398788452148,18.83225404032089,576.2043869258566,500.87537076457306,-93287301,-23583314.0
2023-06-15,574.8111572265625,576.756372648649,570.9207263823895,573.8385495155193,27392154,565.9138990883445,542.6947706651434,16.791093671530803,14.070229468942717,2.7208642025880856,63.91610486323341,541.6264633178711,19.487182132556416,580.6008275829839,502.6520990527582,-65895147,27392154.0
2023-06-16,572.8659057617188,573.8385134115689,568.0028675124681,573.8385134115689,38128802,568.2312346461359,545.5682121029125,17.10077334829407,14.676338244812989,2.4244351034810805,61.90560442525464,544.5189743041992,19.622344919119318,583.7636641424378,505.2742844659606,-104023949,-38128802.0
2023-06-19,567.0302124023438,568.97542753923,566.0576048339007,567.0302124023438,14346885,567.8308938982052,547.6122121314298,16.682993871525355,15.077669370155462,1.6053245013698927,59.50336574056921,547.1681015014649,18.853437275477386,584.8749760524197,509.46122695051014,-118370834,-14346885.0
2023-06-20,567.0302124023438,568.97542753923,563.1397821285713,563.1397821285713,16221413,567.5640000662514,549.4615454905645,16.16555418036444,15.295246332197257,0.8703078481671813,64.47201388299352,549.8656387329102,17.532712587139432,584.931063907189,514.8002135586313,-118370834,0.0
2023-06-21,565.0850219726562,568.97545241653,562.167199139751,566.0576295836247,21703937,566.737674035053,550.9494956317161,15.420757987139496,15.320348663185706,0.1004093239537891,68.01511247925053,552.7079345703125,14.828515602212155,582.3649657747369,523.0509033658882,-140074771,-21703937.0
2023-06-26,558.2767944335938,562.1672250568243,558.2767944335938,560.2220097452091,27142262,563.9173808345666,551.6473336128473,14.11838660201363,15.079956250951293,-0.9615696489376635,58.45613056943361,554.3385467529297,13.42484400761741,581.1882347681645,527.4888587376948,-167217033,-27142262.0
2023-06-27,556.33154296875,559.2493657465582,553.4137201909418,554.3863277835446,21501718,561.3887682126278,552.0934487896,12.781940111035624,14.62035302296816,-1.8384129119325365,62.02004284001081,554.7586151123047,13.344973354517832,581.4485618213404,528.068668403269,-188718751,-21501718.0
2023-06-28,558.2767944335938,563.139832712632,555.3589714661708,563.139832712632,18175426,560.3514436196165,552.6823388509328,11.744380269304997,14.04515847223553,-2.300778202930532,60.579829480727646,555.1791381835938,13.315176009865251,581.8094902033242,528.5487861638633,-170543325,18175426.0
2023-06-29,557.3042602539062,564.1125147421739,554.3864369017915,562.1672991740974,16937929,559.3357158310464,553.1225218416921,10.720057093850869,13.380138196558597,-2.6600811027077285,55.34518256774741,555.6478424072266,13.211158254768591,582.0701589167637,529.2255258976894,-187481254,-16937929.0
2023-06-30,560.2219848632812,560.2219848632812,552.4411239624023,554.3863391876221,22654976,559.6311388417914,553.7986611770815,10.028111758914065,12.709732909029691,-2.6816211501156264,64.94824347433322,556.649658203125,12.727778611909933,582.1052154269448,531.1941009793052,-164826278,22654976.0
2023-07-03,563.1398315429688,564.1124391967562,560.2220085816062,562.1672238891813,14785585,560.8007030755173,554.6882964500231,9.604471567711812,12.088680640766116,-2.484209073054304,63.28428375249341,558.136196899414,11.552469565004994,581.241136029424,535.0312577694041,-150040693,14785585.0
2023-07-04,568.9755859375,568.9755859375,564.112546741453,568.9755859375,17219541,563.5256640295115,556.0489906869257,9.628637334650307,11.596671979542954,-1.9680346448926471,61.46351265762856,559.382080078125,11.295042114181138,581.9721643064872,536.7919958497628,-132821152,17219541.0
2023-07-05,566.0576782226562,572.8659320844407,563.1398551390342,572.8659320844407,14913592,564.3696687605598,557.0021990236619,9.305075000045917,11.138352583643547,-1.8332775835976296,40.58432241327854,560.8208923339844,10.101336416759612,581.0235651675036,540.6182195004651,-147734744,-14913592.0
2023-07-06,549.5232543945312,558.2767221636477,549.5232543945312,557.3041146337458,28564891,559.4208639718836,556.2899185827923,7.626545629094608,10.43599119273376,-2.8094455636391515,30.735845591631062,561.1909637451172,9.497771044263667,580.1865058336446,542.1954216565898,-176299635,-28564891.0
2023-07-07,549.5232543945312,556.331507103844,547.5780393347276,549.5232543945312,18796190,556.1216607794329,555.6454743743865,6.224546314200097,9.593702217027028,-3.3691559028269307,25.925938838240327,561.1738098144531,9.519585728443488,580.21298127134,542.1346383575661,-176299635,0.0
2023-07-10,549.5232543945312,557.3041146337458,549.5232543945312,551.4684694543349,18454982,553.9221919844657,555.0624058048764,5.055178801798888,8.6859975339814,-3.6308187321825116,26.923104772432694,561.5922882080079,8.745691745594684,579.0836716991972,544.1009047168185,-176299635,0.0
2023-07-11,561.1946411132812,561.1946411132812,554.3863872349573,558.276818022571,17850636,556.3463416940709,555.6464282152007,5.012449590994038,7.951287945383927,-2.9388383543898895,44.82767574866432,562.3039154052734,8.04344363950662,578.3908026842867,546.2170281262602,-158448999,17850636.0
2023-07-12,562.1671752929688,562.1671752929688,556.3315298747026,558.2767450141247,15588228,558.2866195603702,556.2674517464167,4.999431430583627,7.360916642423868,-2.3614852118402414,45.76272628645579,562.6285339355469,7.891396951918964,578.4113278393849,546.8457400317089,-142860771,15588228.0
2023-07-13,568.9755859375,573.838625133547,568.9755859375,570.9208016159188,25442137,561.8496083527468,557.4777502408056,5.475379516656858,6.983809217270467,-1.5084297006136094,53.12508886032285,562.3739044189454,7.578819862908338,577.531544144762,547.2162646931287,-117418634,25442137.0
2023-07-14,574.8111572265625,574.8111572265625,570.9207263823895,572.8659418044759,23121873,566.1701246440188,559.1285509061157,6.251391487304204,6.837325671277215,-0.585934183973011,63.49202080239222,562.556265258789,7.840807942345244,578.2378811434795,546.8746493740986,-94296761,23121873.0
2023-07-17,574.8111572265625,574.8111572265625,570.9207263823895,571.8933340934327,13807834,569.0504688382,560.622132460444,6.788137145363407,6.827487966094454,-0.039350820731046454,65.57375531350175,562.556265258789,7.840807942345244,578.2378811434795,546.8746493740986,-94296761,0.0
2023-07-18,565.0850219726562,571.8932752494353,564.1124143616878,570.9206676384669,20932006,567.7286532163521,561.0471695568452,6.355432644723805,6.733076901820325,-0.3776442570965193,55.072421589509744,562.1672210693359,7.4874137555087685,577.1420485803535,547.1923935583184,-115228767,-20932006.0
2023-07-19,565.0850219726562,570.9206676384669,563.1398067507195,568.0028448055615,22499123,566.8474428017869,561.4317269297796,5.943992564225823,6.575260034301425,-0.6312674700756018,55.88224437061646,562.0699615478516,7.433358733983091,576.9366790158177,547.2032440798854,-115228767,0.0
2023-07-20,563.1398315429688,568.0028698119063,562.1672238891813,564.1124391967562,15108109,565.6115723821808,561.5944035596071,5.398729531675713,6.339953933776283,-0.9412244021005707,52.23880876603733,561.8754425048828,7.347127614169589,576.569697733222,547.1811872765436,-130336876,-15108109.0
2023-07-21,544.6603393554688,547.5781626020159,541.7425161089216,544.6603393554688,46711021,558.6278280399436,559.9816355401654,3.435857641852408,5.7591346753915085,-2.3232770335391004,38.55430249473019,560.8542083740234,8.242461922978595,577.3391322199806,544.3692845280663,-177047897,-46711021.0
2023-07-24,542.715087890625,547.578126312584,541.7424802062333,541.7424802062333,25268835,553.3235813235041,558.3372024306854,1.703663222238447,4.948040384760896,-3.244377162522449,32.91139944363508,560.076123046875,9.179788113159821,578.4356992731946,541.7165468205553,-202316732,-25268835.0
2023-07-25,553.4136962890625,553.4136962890625,545.6328358842953,545.6328358842953,19590349,553.353619645357,557.8682970838641,1.1805661193138803,4.194545531671493,-3.013979412357613,42.52869915209919,559.9302307128906,9.265220891300137,578.4606724954909,541.3997889302904,-182726383,19590349.0
2023-07-26,550.4959106445312,555.35894872443,547.5780877965921,553.4137334924704,13314305,552.4010499784151,557.166165042023,0.5245206326234211,3.4605405518618793,-2.936019919238458,50.68496565715612,559.5411865234375,9.498718697866277,578.53862391917,540.543749127705,-196040688,-13314305.0
2023-07-27,553.4136962890625,554.3863038396584,550.4958736372748,554.3863038396584,12200358,552.7385987486309,556.8087870655505,0.23730526702934185,2.8158934948953718,-2.57858822786603,52.63158763908098,559.3466583251953,9.586374525065025,578.5194073753254,540.1739092750653,-183840330,12200358.0
2023-07-28,551.4685668945312,557.3042131050554,549.5233514910232,553.4137822980392,18540078,552.3152547972644,556.3001946683106,-0.14559236731076908,2.2235963224541435,-2.3691886897649126,51.282117295710826,558.9089874267578,9.74285153842581,578.3946905036094,539.4232843499062,-202380408,-18540078.0
2023-07-31,549.5232543945312,559.2493296935495,544.6602167450221,559.2493296935495,24208467,551.3845879963534,555.6547717850935,-0.5991058430208795,1.659055889359139,-2.2581617323800183,41.17638373114604,558.228158569336,9.906035772648556,578.0402301146331,538.4160870240388,-226588875,-24208467.0
2023-08-01,551.4685668945312,552.4411745962852,548.5507437892692,549.5233514910232,16259643,551.4125809624127,555.25608560504,-0.7924136277736125,1.1687619859325886,-1.961175613706201,42.02904877538584,557.3528076171875,9.677215368935322,576.7072383550582,537.9983768793169,-210329232,16259643.0
2023-08-02,545.6328735351562,553.4137344768341,542.715050682027,551.4685192414146,25583234,549.4860118199939,554.339589217432,-1.4003606373416915,0.6549374612777327,-2.0552980986194243,32.35282989092768,556.3315673828125,9.787330421845924,575.9062282265044,536.7569065391207,-235912466,-25583234.0
2023-08-04,538.8246459960938,544.6602919816111,536.879430667588,540.7698613245996,26279173,545.9322232120272,552.8619755773045,-2.4038203415457247,0.04318590071304118,-2.447006242258766,23.188383389615012,555.7966369628906,10.449026795661501,576.6946905542136,534.8985833715676,-262191639,-26279173.0
2023-08-07,542.715087890625,545.6329109438004,540.7698725218414,542.715087890625,14369551,544.8598447715599,551.8956053214303,-2.852264114318018,-0.5359041022931708,-2.3163600120248473,27.397250853198315,555.4562286376953,10.77012216926365,576.9964729762225,533.915984299168,-247822088,14369551.0
2023-08-08,536.87939453125,542.715040123981,535.9067869324615,542.715040123981,19010690,542.1996946914567,550.4654900080798,-3.6366299123739054,-1.1560492643093176,-2.4805806480645876,28.98550197402706,554.8240356445312,11.484131664611718,577.7922989737547,531.8557723153078,-266832778,-19010690.0
2023-08-09,538.8246459960938,541.7424689888524,534.9342153390822,534.9342153390822,14389090,541.074678459669,549.3568381974144,-4.054541689582493,-1.7357477493639528,-2.31879394021854,30.9859466148135,553.7055358886719,11.912389266552122,577.5303144217761,529.8807573555677,-252443688,14389090.0
2023-08-10,535.9067993164062,538.8246221801979,534.9341916951423,536.8794069376702,17892615,539.3520520785814,548.0758821135089,-4.568522541449397,-2.302302707781042,-2.266219833668355,30.555565239825114,552.3925170898438,12.369126798858215,577.1307706875601,527.6542634921274,-270336303,-17892615.0
2023-08-11,531.0437622070312,542.7150536841089,531.0437622070312,540.7698384379293,17608427,536.5826221213981,546.4537754557491,-5.307085741335641,-2.9032593144919616,-2.403826426843679,37.931000904523046,550.4959259033203,12.598539300508405,575.6930045043371,525.2988473023036,-287944730,-17608427.0
2023-08-14,526.1807250976562,528.1259403475552,522.2902945978584,525.2081174727068,20939030,533.1153231134842,544.5230087549784,-6.213187097648756,-3.565244871123321,-2.6479422265254353,36.06556871104234,548.064404296875,12.349074602208432,572.7625535012918,523.3662550924581,-308883760,-20939030.0
2023-08-15,527.1533203125,530.0711431186577,525.2081051083949,528.1259279145526,14066307,531.1279888464895,542.8687527128376,-6.774704073659791,-4.207136711630615,-2.567567362029176,23.52952757358821,545.6815124511719,11.484118088726765,568.6497486286254,522.7132762737184,-294817453,14066307.0
2023-08-16,527.1533203125,528.1259279145526,521.3176747001845,526.1807127104474,28269840,529.8030993351597,541.3720448651864,-7.137434421547027,-4.793196253613898,-2.3442381679331294,25.000098052930284,543.7849273681641,11.240601734866864,566.2661308378978,521.3037238984303,-294817453,0.0
2023-08-17,529.0985107421875,531.0437258552103,522.2902578466079,525.208080516142,22843138,529.5682364708357,540.2031368534722,-7.185114694913295,-5.271579941873778,-1.9135347530395173,23.40438315633186,541.9856018066406,10.507933778316596,563.0014693632738,520.9697342500074,-271974315,22843138.0
2023-08-18,524.2355346679688,529.0985730229592,524.2355346679688,525.2081423389668,17592345,527.7906692032134,538.6824128358052,-7.528519100822564,-5.722967773663536,-1.8055513271590282,22.000115467064276,540.0403869628906,9.973129703102591,559.9866463690958,520.0941275566854,-289566660,-17592345.0
2023-08-21,522.2902221679688,529.0984745984637,519.3723996977567,529.0984745984637,16633821,525.9571868581319,537.1212518198207,-7.86695467125503,-6.1517651531818345,-1.7151895180731955,22.000115467064276,538.9218811035156,10.658592502150903,560.2390661078174,517.6046960992138,-306200481,-16633821.0
2023-08-22,526.1807250976562,529.0985479725047,523.262902222808,529.0985479725047,14594304,526.03169960464,536.0792968939003,-7.732105329809656,-6.4678331885074,-1.2642721413022562,25.00006034027085,538.0951629638672,10.985123120308973,560.0654092044851,516.1249167232493,-291606177,14594304.0
2023-08-23,536.87939453125,536.87939453125,529.098533740942,531.043748938519,20636332,529.64759791351,536.155496668886,-6.684883864404014,-6.511243323686723,-0.17364054071729118,42.105274746809734,537.2684478759766,10.376940889639181,558.0223296552549,516.5145660966982,-270969845,20636332.0
2023-08-24,548.5506591796875,548.5506591796875,542.7150138692654,547.5780516279505,23280827,535.9486183355692,537.3359883365814,-4.857189139046795,-6.180432486758738,1.3232433477119425,58.0644442982434,537.1711853027343,10.254833167980765,557.6808516386959,516.6615189667727,-247689018,23280827.0
2023-08-25,531.0437622070312,535.9068003224803,531.0437622070312,533.9615850763007,24144537,534.3136662927233,536.7367287051957,-4.766443581226099,-5.8976347056522105,1.1311911244261115,42.10525012034743,536.0526885986328,9.588304048135189,555.2292966949032,516.8760805023625,-271833555,-24144537.0
2023-08-28,533.9616088867188,537.8520395525601,532.0163935537981,532.0163935537981,8991985,534.1963138240551,536.4724315796265,-4.40826549075075,-5.599760862671919,1.1914953719211683,47.945233741750634,535.1773406982422,8.879824997278163,552.9369906927985,517.4176907036859,-262841570,8991985.0
2023-08-29,536.87939453125,537.8520021300385,531.043748938519,535.9067869324615,10516678,535.0906740597868,536.5111899559715,-3.8446471577291277,-5.248738121683361,1.404090963954233,48.64862343697661,534.5451477050781,8.231112144336933,551.0073719937519,518.0829234164042,-252324892,10516678.0
2023-08-30,539.7973022460938,544.6603410050676,538.824694494299,542.715125501478,15117416,536.6595501218892,536.8241530312213,-3.12648463286439,-4.824287423919566,1.6978027910551763,52.70275083403578,533.9615844726562,7.3328569317773935,548.627298336211,519.2958706091015,-237207476,15117416.0
2023-08-31,533.9616088867188,540.7698625519411,532.9890012202584,537.8520395525601,40431378,535.7602363768324,536.5515297793639,-2.993717627716933,-4.45817346467904,1.4644558369621068,52.00001338753052,533.3780212402344,6.800213292134115,546.9784478245026,519.7775946559661,-277638854,-40431378.0
2023-09-01,532.9890747070312,537.8521137098326,528.1260357042298,528.1260357042298,13669766,534.8365158202321,536.2122483439036,-2.9331625283006133,-4.153171277403355,1.2200087491027416,54.929644687997175,533.0862426757812,6.678315179558381,546.442873034898,519.7296123166645,-291308620,-13669766.0
2023-09-04,541.7424926757812,541.7424926757812,533.9616310215509,533.9616310215509,9531157,537.1385081054152,536.7389382802729,-2.1540143642615703,-3.7533398947749985,1.5993255305134282,59.49370909561746,533.0376129150391,6.607677695128833,546.2529683052967,519.8222575247814,-281777463,9531157.0
2023-09-05,536.87939453125,539.7972173276155,534.934179333673,537.8520021300385,12220686,537.0521369140268,536.7523150660803,-1.906962926880169,-3.3840645011960326,1.4771015743158635,55.952375616148124,533.0376129150391,6.607677695128833,546.2529683052967,519.8222575247814,-293998149,-12220686.0
2023-09-06,534.9342041015625,540.7698499644887,534.9342041015625,540.7698499644887,14067008,536.3461593098721,536.5791616408882,-1.8468442233012183,-3.07662044561707,1.2297762223158517,53.57145525259271,532.8430908203125,6.484464086415303,545.812018993143,519.8741626474819,-308065157,-14067008.0
2023-09-07,527.1533203125,532.9889659248155,527.1533203125,531.0437507207104,20717005,533.2818796440814,535.681462466756,-2.399393299416147,-2.941175016376886,0.5417817169607391,51.72411305824946,532.4054168701172,6.561744088679567,545.5289050474763,519.281928692758,-328782162,-20717005.0
2023-09-08,524.2355346679688,525.2081423389668,520.3451039839764,520.3451039839764,15283568,530.2664313187106,534.5913741049668,-3.037716435543757,-2.9604833002102606,-0.07723313533349652,51.136420361435306,532.0650054931641,6.8080776245086705,545.6811607421814,518.4488502441468,-344065730,-15283568.0
2023-09-11,521.3177490234375,525.208179986299,521.3177490234375,524.2355722455836,14631968,527.2835372202862,533.3272193352974,-3.7359671328082413,-3.115580066729857,-0.6203870660783841,47.12646994541826,531.8218566894532,7.109463067014278,546.0407828234818,517.6029305554246,-358697698,-14631968.0
2023-09-12,529.0985107421875,530.0711182986989,521.3176502900965,521.3176502900965,16028336,527.8885283942534,532.9244851835726,-3.6197669763737395,-3.2164174486586337,-0.4033495277151058,45.23807033560095,531.9191162109375,7.055334039906985,546.0297842907515,517.8084481311236,-342669362,16028336.0
2023-09-13,526.1807250976562,532.9889784723025,526.1807250976562,530.0711555974541,16191392,527.319260628721,532.2822223182472,-3.7202338912509276,-3.3171807371770927,-0.4030531540738349,34.66665327908014,531.8704864501954,7.093162218234341,546.056810886664,517.6841620137267,-358860754,-16191392.0
2023-09-14,537.9171142578125,537.9171142578125,531.0708964399859,532.0489275568182,17144287,530.8518785050849,532.8188786934439,-2.820315285957122,-3.2178076469330987,0.39749236097597684,55.116014730240884,532.3114166259766,7.185275605267378,546.6819678365114,517.9408654154417,-341716467,17144287.0
2023-09-15,545.7413330078125,545.7413330078125,534.9829913176943,536.9390534431703,42517441,535.8150300059941,534.0495886281457,-1.4589563041918154,-2.8660373783848425,1.407081074193027,58.171144448800526,533.3867065429688,7.5147340936293885,548.4161747302276,518.35723835571,-299199026,42517441.0
2023-09-18,528.1367797851562,536.9390594482421,528.1367797851562,535.9610283745659,36684692,533.2556132657148,533.4864639764324,-1.7800900507221513,-2.6488479128523044,0.868757862130153,44.96207460993087,533.6790344238282,7.1659795493795935,548.0109935225873,519.347075325069,-335883718,-36684692.0
2023-09-19,526.1807250976562,531.0708805353668,526.1807250976562,527.1587561851984,18901683,530.8973172096953,532.7906793213109,-2.1674431884513297,-2.5525669679721097,0.38512377952078003,42.06550068001662,533.6790344238282,7.1659795493795935,548.0109935225873,519.347075325069,-354785401,-18901683.0
2023-09-20,523.2466430664062,526.1807363920122,523.2466430664062,524.2246741749416,24635567,528.3470924952657,531.8817234875105,-2.680282610094423,-2.578110096396572,-0.10217251369785085,43.537769047962605,532.9973968505859,7.486738746584131,547.9708743437542,518.0239193574176,-379420968,-24635567.0
2023-09-21,515.4224243164062,519.3345489791494,514.4443931507205,518.3565178134636,32012694,524.0388697689792,530.3141711855005,-3.6756895488734926,-2.7976259868919566,-0.878063561981536,40.21424403936987,531.3409851074218,7.529155881161828,546.3992968697455,516.2826733450981,-411433662,-32012694.0
2023-09-22,510.5322570800781,513.4663505115728,510.5322570800781,511.5102882239097,29049309,519.5366655393456,528.4301793659365,-4.803777390998675,-3.1988562677133006,-1.6049211232853748,31.831904385119984,530.3154098510743,8.852458195351753,548.0203262417778,512.6104934603708,-440482971,-29049309.0
2023-09-25,513.4662475585938,517.3783713495164,510.5321547154018,510.5321547154018,17116402,517.513192879095,527.0050430033324,-5.398812472542886,-3.638847508679218,-1.759964963863668,36.05760563626002,529.290641784668,9.565703035380794,548.4220478554296,510.15923571390636,-423366569,17116402.0
2023-09-26,507.59808349609375,512.4882384430696,507.59808349609375,509.5541454748841,26392692,514.2081564180946,525.1567611455001,-6.271598772498692,-4.1653977614431135,-2.106201011055578,34.44811512717909,527.8265762329102,10.534801910855231,548.8961800546206,506.7569724111997,-449759261,-26392692.0
2023-09-27,510.5322570800781,511.5102882239097,504.66407021708875,505.6421013609203,16846401,512.9828566387558,523.7639512345075,-6.649869362374147,-4.662292081629321,-1.9875772807448264,39.99215011508387,526.3633239746093,10.813325173786794,547.9899743221829,504.73667362703577,-432912860,16846401.0
2023-09-28,511.51025390625,513.4663160626793,508.57616067160615,511.51025390625,19733331,512.4919890612539,522.5969324413402,-6.792436381272864,-5.08832094155803,-1.7041154397148341,42.15460719414065,525.240756225586,11.14334499244881,547.5274462104836,502.95406624068835,-413179529,19733331.0
2023-10-02,521.2905883789062,522.2686195015683,516.4004327655957,518.3564950109198,25427911,515.4248555004714,522.4725187211084,-6.046529883944345,-5.279962730035293,-0.766567153909052,49.9845613051491,524.6558319091797,11.021589512842683,546.6990109348651,502.6126528834943,-387751618,25427911.0
2023-10-03,517.37841796875,521.290542112181,516.4003869328923,516.4003869328923,14490129,516.0760429898976,521.9873662685028,-5.705305853127356,-5.3650313546537065,-0.3402744984736499,43.03157712906291,523.4376281738281,10.360247007554591,544.1581221889373,502.7171341587189,-402241747,-14490129.0
2023-10-04,508.5762023925781,511.5102958679199,507.59817123413086,509.5542335510254,28358964,513.5760961241244,520.7101125660338,-6.075118400835663,-5.507048763890098,-0.5680696369455651,40.21739757151535,522.0224685668945,10.360570504194675,542.7436095752839,501.3013275585052,-430600711,-28358964.0
2023-10-05,516.4004516601562,517.3784828186035,511.5102958679199,511.5102958679199,24945684,514.5175479694684,520.299668670236,-5.671468821132748,-5.539932775338628,-0.13153604579412015,37.49999113547477,521.0957809448242,9.966275139266836,541.0283312233579,501.1632306662906,-405655027,24945684.0
2023-10-06,520.3125,521.2905310150376,517.3784069548872,518.3564379699247,15336587,516.4491986463123,520.3008907016421,-4.978514794869284,-5.42764917924476,0.44913438437547626,34.523758226115845,520.7537399291992,9.864305848547174,540.4823516262936,501.0251282321049,-390318440,15336587.0
2023-10-11,532.0489501953125,532.0489501953125,528.1368255615234,530.092887878418,46639969,521.6491158293124,521.419753510563,-3.4426258436707258,-5.030644512129953,1.5880186684592275,52.56413641364137,521.1444107055664,10.159756718084571,541.4639241417356,500.8248972693973,-343678471,46639969.0
2023-10-12,537.9171142578125,537.9171142578125,532.0489275568182,533.0269586736506,34161176,527.0717819721458,522.9909307245869,-1.7319461892426489,-4.3709048475524925,2.6389586583098437,57.3170945173067,521.9743789672851,10.830534483609814,543.6354479345048,500.3133100000655,-309517295,34161176.0
2023-10-13,540.8511352539062,541.8291662398989,535.9609803239432,537.9170422959285,31123496,531.6648997327327,524.691902584522,-0.13787987125022028,-3.524299852292038,3.3864199810418176,60.975593050069634,522.5620101928711,11.533433167661222,545.6288765281935,499.4951438575486,-278393799,31123496.0
2023-10-16,533.0269775390625,534.9830398419581,530.092884084719,534.0050086905103,19875676,532.118925668176,525.4857192468593,0.48845443335744676,-2.7217489951621414,3.210203428519588,60.975639455725364,522.9043228149415,11.746126836212511,546.3965764873665,499.41206914251643,-298269475,-19875676.0
2023-10-17,538.8951416015625,539.8731727115471,535.9610482716084,537.9171104915778,18364998,534.3776643126382,526.7628070901643,1.4417214127980742,-1.8890549135700985,3.3307763263681727,67.4699293417068,522.9532241821289,11.813758635993256,546.5807414541155,499.3257069101424,-279904477,18364998.0
2023-10-18,528.1367797851562,536.9390594482421,528.1367797851562,536.9390594482421,26418940,532.2973694701443,526.8936616325445,1.3139362356915854,-1.2484566837177618,2.562392919409347,58.24180986389263,522.0729965209961,10.622241559479031,543.3174796399542,500.828513402038,-306323417,-26418940.0
2023-10-19,534.0049438476562,535.9610059130323,528.1367576515281,528.1367576515281,22881262,532.866560929315,527.5709266054123,1.6669616633352007,-0.6653730143071693,2.33233467764237,64.83520289235881,522.3664047241211,10.876552354464723,544.1195094330506,500.61330001519167,-283442155,22881262.0
2023-10-20,543.7853393554688,543.7853393554688,534.0050274965574,536.9391210542308,45984177,536.5061537380329,529.115156391132,2.7047543133849103,0.008652451231246583,2.6961018621536637,67.34697971255554,523.2466354370117,11.868609704285534,546.9838548455828,499.5094160284406,-237457978,45984177.0
2023-10-23,532.0489501953125,540.8512306213379,531.0709190368652,539.8731994628906,22747367,535.0204192237928,529.3945653248635,2.5507801396690866,0.5170779889188146,2.0337021507502717,59.63305720015962,523.686750793457,12.030707955948541,547.748166705354,499.6253348815599,-260205345,-22747367.0
2023-10-24,532.0489501953125,534.005012512207,528.1368255615234,531.0709190368652,15007814,534.0299295476327,529.6473638839539,2.4010763837416107,0.8938776678833739,1.507198715858237,55.55557306572196,524.5180770874024,12.00400363712527,548.5260843616529,500.51006981315186,-260205345,0.0
2023-10-25,532.0489501953125,538.8951683044434,532.0489501953125,532.0489501953125,16526355,533.3696030968594,529.8760863897976,2.2564244224453205,1.1663870187957632,1.0900374036495573,57.894786974563864,525.5939117431641,11.643359181234937,548.8806301056339,502.30719338069423,-260205345,0.0
2023-10-26,519.33447265625,523.246596744056,518.3564416342984,518.3564416342984,28188348,528.691226283323,528.8721231770787,1.103118558798542,1.153733326796319,-0.05061476799777709,55.555520535255866,525.8873229980469,11.392904031759997,548.6731310615669,503.1015149345269,-288393693,-28188348.0
2023-10-27,521.2905883789062,524.2246817468925,520.3125572562441,522.2686195015683,15679643,526.2243469818508,528.1500722439195,0.34300361149462333,0.9915873837359799,-0.6485837722413565,52.688161219885686,526.5719482421875,10.621295481401926,547.8145392049914,505.3293572793837,-272714050,15679643.0
2023-10-30,520.3125,522.2685620300751,516.4003759398496,519.3344689849624,21404842,524.2537313212339,527.4036367921176,-0.3344610596277562,0.7263776950632327,-1.0608387546909888,50.0,527.0609603881836,10.053940778839719,547.168841945863,506.9530788305042,-294118892,-21404842.0
2023-10-31,517.37841796875,523.2466041838965,515.4223558970344,523.2466041838965,25667058,521.9619602037393,526.448854047035,-1.0954845274201261,0.36200525056656085,-1.4574897779866869,40.74070649870951,527.3543685913086,9.653900675095533,546.6621699414997,508.0465672411175,-319785950,-25667058.0
2023-11-01,516.4004516601562,521.2906074523926,515.422420501709,521.2906074523926,13603347,520.108124022545,525.4918633435227,-1.75725823731716,-0.0618474470101833,-1.6954107903069766,35.52633415693009,527.1098617553711,9.874958655373629,546.8597790661183,507.3599444446238,-333389297,-13603347.0
2023-11-02,534.9829711914062,534.9829711914062,523.2465988800774,524.2246299060215,29401438,525.0664064121654,526.3957783766544,-0.7733499478511021,-0.20414794717836707,-0.5692020006727351,46.739143706408974,527.9900894165039,9.745633839592095,547.481357095688,508.4988217373197,-303987859,29401438.0
2023-11-03,536.9390869140625,536.9390869140625,533.0269624192424,534.9830246666525,15426176,529.0239665794645,527.3999029992648,0.16237489439663477,-0.1308433788633667,0.2932182732600015,52.325567894856,529.4082336425781,8.78854842719941,546.985330496977,511.8311367881793,-288561683,15426176.0
2023-11-06,537.9171142578125,543.7853009588068,537.9171142578125,540.8512076083097,29215201,531.9883491389139,528.4015421667455,0.9716614974323647,0.0896575963957796,0.8820039010365851,49.38271985404699,530.4840667724609,8.421724427875606,547.3275156282122,513.6406179167096,-259346482,29215201.0
2023-11-07,542.8073120117188,542.8073120117188,537.9171560476492,539.8732184332771,14777790,535.5946700965155,529.7735202472192,1.984746132630221,0.46867530364266785,1.516070828987553,60.000016641593334,531.6088073730468,8.49360186038096,548.5960110938088,514.6216036522849,-244568692,14777790.0
2023-11-08,543.7853393554688,544.7633705413599,537.9171522401219,537.9171522401219,15314834,538.3248931828333,531.1079792099096,2.8338744966583818,0.9417151422458107,1.8921593544125712,57.14289535057877,532.1956268310547,8.920323461741244,550.0362737545372,514.3549799075722,-229253858,15314834.0
2023-11-09,544.7633666992188,544.7633666992188,538.8951796252594,538.8951796252594,13165684,540.4710510216285,532.4084923041295,3.5448704161630076,1.4623461970292502,2.0825242191337576,50.81966709975754,532.537939453125,9.275719154909881,551.0893777629448,513.9865011433052,-216088174,13165684.0
2023-11-10,544.7633666992188,544.7633666992188,541.8292731622391,542.8073043412323,12994933,541.9018229141586,533.5851470084237,4.061521117585016,1.9821811811404035,2.0793399364446126,63.2652853291152,532.7335510253906,9.498827961379492,551.7312069481496,513.7358951026316,-216088174,0.0
2023-11-13,558.4557495117188,567.2580292763517,558.4557495117188,566.2799981913926,43866014,547.4197984466787,535.9537758182613,5.512289143712337,2.6882027736547904,2.8240863700575467,71.42851482441603,534.0049896240234,11.106046702507257,556.2170830290379,511.7928962190089,-172222160,43866014.0
2023-11-14,559.433837890625,563.3459626311189,558.4558067055016,563.3459626311189,21568576,551.4244782613275,538.1899722061055,6.664136793910529,3.483389577705938,3.1807472162045913,71.87496952830796,535.0319244384766,12.450242080392073,559.9324085992607,510.1314402776925,-150653584,21568576.0
2023-11-15,568.2360229492188,570.1920849903521,562.3678368258189,570.1920849903521,50305088,557.0283264906246,541.0515008483068,8.192805563909019,4.425272774946555,3.7675327889624644,91.6666926692482,537.0368865966797,14.36320903586554,565.7633046684108,508.3104685249486,-100348496,50305088.0
2023-11-16,570.1920776367188,570.1920776367188,565.3019225969527,568.2360156208124,28291435,561.4162435393227,543.8267938757746,9.453153771156735,5.430848974188591,4.022304796968144,91.66668400173906,538.8462432861328,16.131584393465197,571.1094120730631,506.5830744992024,-72057061,28291435.0
2023-11-17,567.2579956054688,570.1920886861867,566.2799645785628,566.2799645785628,22031704,563.3634942280381,546.0583368976502,10.098819996323414,6.364443178615556,3.734376817707858,88.70978943903756,540.0198760986328,17.319926166926653,574.6597284324862,505.38002376477954,-94088765,-22031704.0
2023-11-20,564.3239135742188,566.2799756663304,562.3678514821071,563.3458825281629,22010114,563.6836340100983,547.797915628752,10.255539754330584,7.1426624937585625,3.112877260572022,88.70978943903756,541.6336242675782,18.02729497899039,577.6882142255589,505.5790343095974,-116098879,-22010114.0
2023-11-21,572.1482543945312,572.1482543945312,568.2361295781584,569.2141607822516,35921706,566.5051741382426,550.1169955112072,10.88561758169078,7.891253511345006,2.9943640703457746,91.30437928477109,543.6385894775391,19.102993545765177,581.8445765690694,505.43260238600874,-80177173,35921706.0
2023-11-22,564.3239135742188,566.2799756663304,561.3898204360512,563.3458825281629,21969125,565.7780872835681,551.470035326732,10.631051739036934,8.439213156883392,2.191838582153542,75.86200960191435,545.2523376464844,19.432802053037936,584.1179417525603,506.38673354040856,-102146298,-21969125.0
2023-11-23,565.302001953125,565.302001953125,561.3898773721345,561.3898773721345,14486134,565.6193921734205,552.7873654816266,10.388478123434197,8.829066150193555,1.5594119732406426,75.4385388679774,547.5507141113281,18.917611875950165,585.3859378632285,509.7154903594278,-87660164,14486134.0
2023-11-24,562.3677978515625,565.3018907099184,561.3897668987771,564.3238597571332,10058969,564.5355273994678,553.6997876120967,9.845972791159966,9.032447478386837,0.8135253127731286,71.18626140229146,549.6045745849609,18.129983384426964,585.8645413538148,513.344607816107,-97719133,-10058969.0
2023-11-27,555.5216674804688,564.3239474229409,555.5216674804688,560.4118230040644,18528520,561.5309074264682,553.873299980513,8.76259812469084,8.978477607647639,-0.21587948295679915,60.65567229684799,551.3650329589843,16.79635257081954,584.9577381006234,517.7723278173453,-116247653,-18528520.0
2023-11-28,562.3677978515625,563.3458288043478,552.5874883237092,552.5874883237092,26343906,561.8098709014996,554.6822997777558,8.360071699086461,8.854796425935405,-0.4947247268489434,64.17899187137265,553.614501953125,14.912023329227926,583.4385486115808,523.7904552946692,-89903747,26343906.0
2023-11-29,561.3898315429688,566.2799868699981,557.4777072813453,565.3019558045922,24868842,561.6698577819893,555.3211123268237,7.871416113678606,8.658120363484045,-0.7867042498054388,62.68651989731858,555.8639709472657,12.138170224475584,580.1403113962168,531.5876304983145,-114772589,-24868842.0
2023-11-30,564.3239135742188,564.3239135742188,557.4776962518279,563.3458825281629,47192647,562.5545430460659,556.1785219694327,7.632921374171815,8.4530805656216,-0.8201591914497843,64.28566334190378,557.3310180664063,11.219996915798983,579.7710118980042,534.8910242348084,-67579942,47192647.0
2023-12-01,566.280029296875,566.280029296875,560.411842464783,560.411842464783,28051165,563.7963717963356,557.140570286332,7.515125081788028,8.265489468854886,-0.7503643870668579,56.8965684201692,558.7980651855469,10.293297987949787,579.3846611614465,538.2114692096472,-39528777,28051165.0
2023-12-04,561.3898315429688,569.2140800662157,558.4557383467511,569.2140800662157,26847171,562.99419171188,557.5452618345831,6.947090842921739,8.001809743668257,-1.0547189007465185,51.6128447809899,559.9717010498047,9.050275960531001,578.0722529708667,541.8711491287427,-66375948,-26847171.0
2023-12-05,557.4777221679688,559.4337843510142,554.5436288934004,558.4557532594914,22229723,561.1553685305763,557.5388294853817,6.110803545030308,7.623608503940668,-1.51280495891036,40.35094057855819,560.7052215576172,8.134025471917468,576.9732725014521,544.4371706137822,-88605671,-22229723.0
2023-12-06,557.4777221679688,562.3678776255824,555.5216599849232,555.5216599849232,21518089,559.9294864097071,557.5330097408662,5.385953912266018,7.176077585605738,-1.7901236733397203,38.18189863909609,561.3898406982422,7.151905555421422,575.693651809085,547.0860295873994,-88605671,0.0
2023-12-07,553.5655517578125,560.4117688290222,553.5655517578125,557.4776757985037,20840397,557.8081748590756,557.155156599623,4.444591416130379,6.629780351710667,-2.185188935580288,37.500041789667584,561.8299499511719,6.294321773139581,574.4185934974511,549.2413064048927,-109446068,-20840397.0
2023-12-08,557.4777221679688,564.323939808628,557.4777221679688,561.3898465340598,33507214,557.69802396204,557.1858771299416,3.9684880525478547,6.097521891878105,-2.1290338393302504,43.85970290438986,562.4656677246094,4.98599156650731,572.437650857624,552.4936845915947,-75938854,33507214.0
2023-12-11,561.3898315429688,562.3678626083746,557.4777072813453,559.4337694121571,27378610,558.9286264890163,557.5862537407061,3.8623247628174795,5.650482466065981,-1.7881577032485012,39.62259707657563,562.6123718261719,4.904292768755693,572.4209573636832,552.8037862886605,-48560244,27378610.0
2023-12-12,565.302001953125,568.2360953888679,562.3679085173821,567.2580642436203,29403010,561.0530849770525,558.3210869037936,4.0472152692483405,5.329829026702454,-1.2826137574541132,51.02046534493321,562.9057800292969,4.879597311032673,572.6649746513623,553.1465854072316,-19157234,29403010.0
2023-12-13,564.3239135742188,566.2799756663304,563.3458825281629,563.3458825281629,22977731,562.143361176108,558.8927846819294,4.067926248114759,5.0774484709849155,-1.0095222228701566,48.97953465506679,562.7101745605469,4.730824517079738,572.1718235947063,553.2485255263874,-42134965,-22977731.0
2023-12-14,572.1890869140625,572.1890869140625,569.2396586310003,571.2059441530417,39409958,565.4919364220929,560.1590991802277,4.665215899714326,4.995001956730798,-0.3297860570164719,59.29085303186022,562.810025024414,4.914558474992923,572.6391419743999,552.9809080744282,-2725007,39409958.0
2023-12-15,575.1385498046875,576.1216926248665,570.2228357037927,575.1385498046875,54323262,568.7074742162911,561.5857135254143,5.315297812901008,5.05906112796484,0.2562366849361677,70.0344209832109,563.204052734375,5.5630725102039245,574.3301977547828,552.0779077139671,51598255,54323262.0
2023-12-18,575.1385498046875,575.1385498046875,567.2734072432559,569.2396928836138,26122277,570.8511660790899,562.8764598377261,5.764048054709406,5.200058513313754,0.5639895413956522,65.16290799466637,563.7447845458985,6.170123488923722,576.0850315237459,551.4045375680511,51598255,0.0
2023-12-19,575.1385498046875,578.0879782652244,570.2228357037927,578.0879782652244,28254292,572.2802939876225,564.0442779298177,6.049945844676586,5.37003597958632,0.6799098650902655,66.71217042542553,563.8942993164062,6.415813282517021,576.7259258814403,551.0626727513721,51598255,0.0
2023-12-20,575.1385498046875,577.1048354450454,573.1722641643296,577.1048354450454,38121456,573.2330459266442,565.1008752512339,6.204994587873784,5.537027701243813,0.6679668866299711,64.15536896934643,564.4350311279297,6.891991249342208,578.2190136266141,550.6510486292453,51598255,0.0
2023-12-21,567.2733764648438,569.2396619985174,565.3070909311701,567.2733764648438,24923414,571.2464894393775,565.3077801287205,5.628338099304301,5.555289780855912,0.07304831844838944,51.12601860577102,564.5335998535156,6.919087155359509,578.3717741642347,550.6954255427966,26674841,-24923414.0
2023-12-22,572.1890869140625,572.1890869140625,569.2396586310003,572.1890869140625,18690214,571.5606885976058,565.9631426797055,5.504537546097254,5.545139333904181,-0.040601787806926914,62.234527317911706,565.0246643066406,7.103351588791947,579.2313674842245,550.8179611290567,45365055,18690214.0
2023-12-25,571.2059326171875,575.1385035818497,570.2227898760219,572.1890753583531,9548143,571.442436604133,566.4624560070847,5.2663847750749255,5.48938842213833,-0.22300364706340403,66.65827296036639,565.8088775634766,6.860626765485856,579.5301310944483,552.0876240325049,35816912,-9548143.0
2023-12-26,576.1216430664062,576.1216430664062,572.1890721239735,573.1722148595816,16094308,573.0021720915574,567.382378584163,5.411918511390354,5.473894439988735,-0.06197592859838075,70.21192407046667,566.4965698242188,7.179464437274669,580.8554986987681,552.1376409496695,51911220,16094308.0
2023-12-27,582.0205078125,582.0205078125,576.1216513144003,577.1047940640835,33401336,576.0082839985383,568.7764861297189,5.934831093532125,5.566081770697413,0.36874932283471207,79.5741679121236,567.5281036376953,7.857219667419935,583.2425429725351,551.8136643028554,85312556,33401336.0
2023-12-28,583.0036010742188,583.0036010742188,579.0710304093,582.020458407989,25514849,578.3400563570985,570.1314494577665,6.3553104298370044,5.723927502525331,0.6313829273116731,78.24989732615697,568.4620880126953,8.537100974199445,585.5362899610942,551.3878860642964,110827405,25514849.0
2023-12-29,583.0036010742188,583.0036010742188,579.0710304093,579.0710304093,18416318,579.8945712628054,571.3573686593334,6.612320617200226,5.90160612546031,0.7107144917399157,76.18796885723074,569.2982666015625,9.111791368907639,587.5218493393778,551.0746838637473,110827405,0.0
