Date,Close,High,Low,Open,Volume,Open_diff,High_diff,Low_diff,RSI_12,MA_5,MA_10,MA_20,W%R_12,BIAS_6,BIAS_12,up,PSY_6,K,D,MACD,MTM_10,AD,CCI_10,UpDown
2021-01-04,496.35308837890625,500.05721590412196,488.94483332847483,490.79689709108266,38770.328,3.7040888750596537,9.26027986896571,3.7040890220184792,75.49611603307741,485.4259033203125,479.3140930175781,476.16241455078125,-11.764714299746036,2.681995723587445,3.842430024040702,True,83.33333333333334,88.23528570025397,96.07842856675131,0.6408033369237316,24.076812744140625,119549.2531853876,177.05243359132618,1
2021-01-05,501.9092712402344,501.9092712402344,495.42704817993615,496.35308004569305,34411.866,5.556182954610392,1.8520553361124144,6.482214851461322,78.06184014116423,490.4264770507813,481.72178039550784,477.57506408691404,-0.0,2.8137845064297244,4.43159891934415,True,83.33333333333334,100.0,96.07842856675131,1.3063909450411693,24.076873779296875,153961.1191853876,146.464624298346,1
2021-01-06,508.39141845703125,513.9476088226819,500.98316463616374,513.9476088226819,53030.554,17.594528776988852,12.038337582447525,5.556116456227585,80.64157969772964,496.7234802246094,485.4258972167969,478.85106964111327,-12.244925025008644,3.034081567547507,5.1220537929324506,True,83.33333333333334,87.23401492794387,91.82310020939929,1.9794694652469698,37.041168212890625,161536.91261395896,144.21569089674279,1
2021-01-07,523.2080078125,527.8381671736726,512.0956253456858,513.0216572179203,51166.782,-0.9259516047616216,13.89055835099066,11.112460709522054,85.03083745816267,504.1317443847656,490.61167297363284,481.05220489501954,-7.812503574456765,4.4040680761152755,7.346423158941656,True,100.0,91.80328035398742,93.01243176064376,3.149332270984784,51.857757568359375,182605.58755513557,159.51505378780868,1
2021-01-08,537.098388671875,537.098388671875,528.7641033304149,537.098388671875,59563.555,24.07673145395472,9.26022149820244,16.668477984729066,87.84858718430146,513.3920349121094,497.09388427734376,484.31646118164065,-0.0,5.390657775412202,8.971331997148237,True,100.0,100.0,93.01243176064376,4.502957273480863,64.82211303710938,242169.14255513556,160.28083335728766,1
2021-01-11,540.8025512695312,540.8025512695312,531.5422336108064,534.3203289084239,48810.99,-2.778059763451097,3.70416259765625,2.778130280391565,88.47946052810244,522.2819274902344,503.8539154052734,487.5816253662109,-0.0,4.410007902083407,8.449389247606781,True,100.0,100.0,97.2677601179958,5.240477798369035,67.60031127929688,290980.1325551356,128.0946622690341,1
2021-01-12,547.2848510742188,552.8410424556829,538.9505640020226,539.8765958989333,50232.426,5.556266990509357,12.038491186151646,7.408330391216168,89.51835727547925,531.3570434570313,510.8917602539062,491.5395111083984,-6.818179806988227,3.9577939042241423,8.390654656482754,True,100.0,92.77108975785809,97.59036325261935,5.718524045385703,70.37844848632812,301026.6177551354,120.48691570512887,1
2021-01-13,560.2492065429688,560.2492065429688,549.1368255867445,550.9888890794487,62662.393,11.112293180515394,7.408164087285854,10.186261584721933,91.24156111069708,541.7286010742188,519.226040649414,496.3299163818359,-0.0,4.490496413705947,9.386762034501563,True,100.0,100.0,97.59036325261935,6.409512843860725,83.34280395507812,363689.0107551354,118.84859106809289,0
2021-01-14,548.2108154296875,552.8409743437896,543.5806565155855,543.5806565155855,75288.477,-7.40823256386318,-7.4082321991791105,-5.556169071159047,78.21567755716943,546.7291625976562,525.430453491211,500.14979400634763,-14.130418233770975,0.9951650752742377,5.808753826061752,False,83.33333333333334,83.1168965232076,91.96266209368856,5.587521681413534,62.04412841796875,363689.01075513446,78.00588289941575,1
2021-01-15,556.5452270507812,578.769994853142,556.5452270507812,575.0658668860818,92010.5,31.48521037049636,25.929020509352313,12.964570535195776,80.33590964475734,550.6185302734375,532.0052825927735,504.4558471679687,-21.6215992430674,1.4917164890535444,6.058841972643917,True,83.33333333333334,73.333354903438,85.48341714221522,5.147723709539012,65.748291015625,271678.51075513446,108.8960744675683,1
2021-01-18,562.101318359375,563.0273501853377,550.0629046218595,563.0273501853377,45726.476,-12.03851670074414,-15.742644667804257,-6.482322428921748,81.63576541820976,554.8782836914063,538.5801055908203,508.94709930419924,-17.821886090540946,1.731842569514062,5.841324298560444,True,83.33333333333334,78.571338557862,78.34052999483588,4.781493346327878,65.74822998046875,310872.633040849,80.6642547776019,1
2021-01-19,580.6218872070312,585.252045797199,567.6574431545616,572.2876017447294,50672.866,9.26025155939169,22.224695611861307,17.59453853270213,85.19464728860183,561.5456909179687,546.4513671875,514.086573791504,-4.807696611166479,3.8365873947748077,7.809130511885548,True,83.33333333333334,93.67087869855997,81.85852405328666,5.297036814418568,78.71261596679688,334875.56956716464,135.9307070237276,1
2021-01-20,599.142578125,601.9206735413447,584.3260692378285,586.1781328487249,82066.422,13.8905311039955,16.668627744145738,16.668626083266872,87.77844559756852,569.324365234375,555.5264831542969,520.4761901855469,-2.608696442549202,5.517803116995502,9.506346623769039,True,83.33333333333334,96.20253463450412,89.48158396364204,6.326168168540793,90.75115966796875,391026.2793566377,167.1678670115443,1
2021-01-21,623.2195434570312,628.7757355235129,592.6604870913819,592.6604870913819,89019.137,6.482354242657038,26.855061982168195,8.334417853553418,90.20315283450917,584.3261108398438,565.52763671875,528.0696548461914,-4.347820869320753,7.766230856314377,11.840488031825918,True,83.33333333333334,94.28572255736519,94.71971196347643,7.963427529361525,100.01153564453125,452654.91266433004,174.50382186521983,0
2021-01-22,600.9945678710938,615.8110749372532,600.9945678710938,600.9945678710938,125179.403,8.334080779711826,-12.964660586259697,8.334080779711826,75.18281929125176,593.2159790039062,571.9172546386719,534.5055694580078,-23.80968582398414,2.3659141199580214,6.37889541698151,False,83.33333333333334,69.07195702290127,86.52007140492351,6.9229899404632285,63.89617919921875,327475.50966433005,105.650433490388,0
2021-01-25,586.1783447265625,598.216762548751,579.6961197453841,594.5126339880776,93050.133,-6.481933883016154,-17.594312388502203,-21.298448125709683,67.06167820982604,598.0313842773437,576.454833984375,540.1543746948242,-42.59243636250758,-0.9905859600239448,2.801494743993369,False,66.66666666666666,50.00017454882962,71.1192847096987,4.715795614905872,45.37579345703125,299560.46976433,40.00055065945817,0
2021-01-26,571.3616333007812,592.6603651742302,564.8794105566882,585.2521106095523,100153.482,-9.26052337852525,-5.556397374520884,-14.816709188695881,59.99207259171083,596.1793334960937,578.8625122070313,544.8771362304688,-59.04765445378738,-3.7441544339929176,-0.29625965506568636,False,50.0,32.60866367951925,50.560265083750046,1.8822261313238968,24.0767822265625,246145.2793643296,-8.24182299668456,0
2021-01-27,569.5097045898438,578.7700249896786,565.8055764299098,572.2878007097943,59985.191,-12.964309899758064,-13.890340184551519,0.9261658732216347,59.141957998694956,590.2527587890625,579.7885620117188,549.5073013305664,-65.97931284716779,-3.755855824850051,-1.0325689962937008,False,33.33333333333333,24.706010119597604,35.77161611598216,-0.37231060114730496,9.260498046875,220437.34036432943,-34.31331150241526,0
2021-01-28,556.5452270507812,563.0274509931364,553.7671310754862,555.6191950590162,96447.533,-16.66860565077809,-15.742573996542205,-12.03844535442363,53.36667745043518,576.9178955078125,580.6220031738281,553.0262283325195,-84.78248898156498,-4.804641805828623,-3.4150145381612123,False,16.666666666666664,8.235407562740296,21.85002712061905,-2.854062616089223,8.33441162109375,181858.32716432918,-96.43015785390548,0
2021-01-29,547.2848510742188,573.2137441877181,547.2848510742188,573.2137441877181,90745.237,17.594549128701942,10.186293194581708,-6.482280001267441,49.59303914440619,566.1759521484375,579.6959655761718,555.8506240844727,-95.65210267803307,-4.3173265679526835,-4.843686700057863,False,0.0,0.0,10.9804725607793,-5.10523913238659,-9.2603759765625,91113.09016432919,-96.91352030740478,1
2021-02-01,565.8054809570312,566.731512840758,543.5807157475898,550.9889708174036,67462.398,-22.22477337031455,-6.482231346960134,-3.7041353266289434,56.33033556829226,562.1013793945312,580.0663818359375,559.3232437133789,-73.91306995655823,-0.05453422455194485,-1.8736634934601828,True,16.666666666666664,26.086930043441765,11.440779202060687,-5.309330235129522,3.70416259765625,153178.49632432905,-86.05341851056416,1
2021-02-02,585.2521362304688,590.8083273972137,575.9918176192272,582.4740406470962,78429.188,31.485069829692634,24.0768145564557,32.41110187163736,62.12844031452848,564.8794799804688,580.5294067382813,563.4903869628906,-51.08702293575187,3.4087749763121495,1.0795649876754991,True,33.33333333333333,48.91297706424814,24.999969035896637,-4.148451251802523,4.6302490234375,172785.79332432905,12.74497264094366,0
2021-02-03,583.4000244140625,594.5124058314732,583.4000244140625,590.8082786923363,48738.97,8.334238045240113,3.704078434259486,7.408206794835337,61.28304970495452,567.6575439453125,578.9551513671875,567.2408172607422,-53.26099017148655,2.717377550296856,0.4517561559799463,False,33.33333333333333,55.12821632509763,43.37604114426251,-3.5426730552814902,-15.7425537109375,124046.82332432905,29.600710967214813,0
2021-02-04,580.6218872070312,585.252045797199,574.1396651807964,579.6958554889977,46371.9,-11.112423203338608,-9.260360034274186,-9.260359233266058,59.94824270790343,572.4728759765625,574.6953857421875,570.1115112304688,-56.52190520424105,1.8959763129488554,-0.026592746334277755,False,33.33333333333333,67.79621445571749,57.279135948354416,-3.3675994804672733,-42.59765625,131775.4733243289,18.600317549847787,1
2021-02-05,585.2521362304688,593.5864229805861,584.3261043693445,590.8083273972137,53267.273,11.11247190821598,8.334377183387119,10.186439188548093,61.47395197966273,580.0663330078125,573.121142578125,572.5191986083985,-51.08702293575187,1.8533471159247619,0.9719045555959421,True,50.0,81.81825581331982,68.24756219804497,-2.991199522192119,-15.742431640625,89161.65492432954,78.93756410307566,1
2021-02-17,613.9591064453125,618.5892656191082,611.1810109410351,613.9591064453125,107614.29,23.150779048098798,25.00284263852211,26.85490657169055,69.36651686455077,589.6970581054687,575.89921875,576.1770263671875,-6.172841871662226,4.822135622998596,6.0658531891240255,True,66.66666666666666,93.82715812833779,81.1472094657917,-0.9650059472945962,27.78076171875,62258.082424329135,186.11149663383344,0
2021-02-18,611.1810913085938,615.8112510912347,607.4769634824811,614.8852191347065,53109.01,0.9261126893940173,-2.7780145278735517,-3.704047458553987,67.89807429383157,594.8828491210937,579.8811645507812,579.3718383789062,-9.876439850128936,3.0177031916182444,5.431316480462257,False,50.0,90.12356014987107,88.58965803050955,-0.018068877349854517,39.8194580078125,56357.08131321738,126.6925237045457,0
2021-02-19,603.7728271484375,608.4029868658334,599.1426674310414,607.4769549223543,50279.585,-7.408264212352265,-7.40826422540124,-8.334296051439651,63.95912828726902,598.9574096679687,583.3074768066406,581.5480194091797,-19.752999486124846,1.2422461216514509,3.8905924379377477,False,33.33333333333333,80.24700051387516,88.065906264028,-0.09267937492560918,34.26312255859375,56357.081313218,77.92066004364548,0
2021-02-22,601.920654296875,613.0330356069711,601.920654296875,611.1809720552884,36474.61,3.7040171329341547,4.630048741137671,2.7779868658335545,62.96289539395787,603.2171630859375,587.84501953125,584.233511352539,-22.222281794255146,0.41193848289838403,3.1200309036598277,False,33.33333333333333,77.77771820574486,82.71609295649704,-0.44887688927244795,45.37542724609375,19882.471313217997,69.80910996528038,0
2021-02-23,593.5863037109375,595.4383670610497,586.178050310489,593.5863037109375,50076.333,-17.594668344350907,-17.594668545921422,-15.74260398638603,58.49066937074844,604.8839965820313,592.4751647949219,586.0855651855469,-33.33348258431621,-1.3340352055705433,1.3438545945426248,False,33.33333333333333,43.749861277447394,67.2581933323558,-1.3755495864233893,46.30145263671875,49928.2711132175,-3.7669741364330354,0
2021-02-24,578.7698364257812,588.956185546875,578.7698364257812,580.6218999023437,66206.75,-12.96440380859383,-6.4821815141747265,-7.40821388470772,51.40894231465786,597.846142578125,593.7716003417969,586.9189910888672,-53.08652048537584,-3.6237558199283053,-1.4972514251182785,False,16.666666666666664,10.41667686397017,43.98141878238747,-3.0217457507615038,12.96435546875,-16278.478886782497,-75.09164733477586,1
2021-02-25,588.0302734375,588.9563053641732,581.5480499507873,588.9563053641732,43231.417,8.334405461829533,0.00011981729824128706,2.7782135250060946,55.11434598014166,593.2159790039062,594.0494140625,587.2894104003906,-40.74067854124962,-1.371981129995848,-0.49620277429032594,True,16.666666666666664,31.25024324117665,28.47226046086473,-3.489210007711513,2.77813720703125,16145.083863217835,-53.384878317620874,0
2021-02-26,561.17529296875,572.2876750077352,561.17529296875,565.8054521516605,111861.175,-23.150853212512743,-16.66863035643803,-20.372756982037345,44.402416593390576,584.6964721679688,591.8269409179687,585.3910461425781,-100.0,-4.541872408929696,-4.978438814696378,False,16.666666666666664,0.0,13.888973368382269,-5.490211648145902,-22.2247314453125,-95716.09113678217,-145.03172389123998,1
2021-03-02,563.9534301757812,575.9918449414383,563.9534301757812,575.0658130363878,54041.533,9.260360884727334,3.704169933703156,2.77813720703125,45.595727099797024,577.10302734375,590.1600952148438,582.4277404785156,-95.16121759427857,-2.973967584668646,-4.22017573552001,True,33.33333333333333,4.8387824057214335,12.029675215632691,-6.443879353898254,-16.66845703125,-149757.62413678216,-113.98796013956445,1
2021-03-03,575.9917602539062,575.9917602539062,556.5450931070702,563.9533472582458,48252.965,-11.112465778141996,-8.468753208035196e-05,-7.408337068711035,50.60716780004388,573.5841186523437,589.2340576171875,581.1776000976563,-68.65673864364469,-0.16051782112808086,-2.0729530747137814,True,50.0,32.812430918893135,12.550404441538186,-6.085454822580653,-9.2603759765625,-101504.65913678217,-86.3907049619646,0
2021-03-04,556.5452270507812,565.8055469684315,556.5452270507812,563.9534829849015,67711.962,0.0001357266556851755,-10.186213285474764,0.0001339437110345898,43.53948042984414,569.1391967773437,583.4926696777344,579.6959442138672,-99.99978411556539,-2.487817443014743,-5.055277816621777,False,50.0,0.00023711911800438615,12.550483481244186,-6.918845940444836,-57.41387939453125,-169216.62113678217,-106.32030770175962,0
2021-03-05,556.5452270507812,560.2493550178414,540.8026831907758,544.506811157836,79918.467,-19.44667182706553,-5.556191950590119,-15.742543860005412,43.53948042984414,562.8421875,578.0290832519531,578.9551239013672,-79.76187747480796,-1.850834339152006,-4.6662126034991935,False,50.0,21.79491492620167,18.202527654737597,-7.198754510585239,-54.6358642578125,-119743.28442249658,-111.28801917418649,0
2021-03-08,553.76708984375,564.8794729175376,553.76708984375,563.0274090719063,43219.772,18.520597914070322,4.630117899696188,12.964406652974162,42.52965618616538,561.360546875,573.0285095214844,578.1679931640625,-82.71609895261732,-1.3472620044685053,-4.319994386892247,False,33.33333333333333,23.72882653717057,15.174659527496743,-7.277964481406997,-50.0057373046875,-162963.05642249656,-76.92307533607087,0
2021-03-09,550.989013671875,550.989013671875,541.7286941143645,541.7286941143645,68768.861,-21.298714957541733,-13.890459245662555,-12.038395729385456,41.48015734044811,558.7676635742188,567.9353454589843,577.8901824951172,-85.89743765556484,-1.544397923003683,-3.967711106555945,False,33.33333333333333,21.153819840216787,22.225853767863004,-7.210636292440245,-50.931640625,-94194.19542249656,-116.29170560782401,1
2021-03-10,552.8410034179688,556.5451307440522,549.1368760918851,556.5451307440522,40146.301,14.8164366296877,5.556117072177244,7.408181977520599,42.5118525089773,554.1375122070312,563.8608154296875,578.1679901123047,-83.3334327959146,-0.8854538465261655,-2.9268320477793024,True,33.33333333333333,24.999822825049126,23.294156400812156,-6.743075789875312,-40.74530029296875,-94194.19542249595,-74.87224671954331,1
2021-03-11,563.9534301757812,566.7315258909329,550.9889835050736,551.9150154101242,54416.046,-4.6301153339280745,10.186395146880614,1.8521074131884916,48.45962951545055,555.6191528320312,562.3791748046875,578.0753875732422,-57.627057364241665,1.4718103080094178,-0.4223970188190121,True,33.33333333333333,65.78942445132147,37.314355705529124,-5.442819431359288,-14.81640625,-58983.81271661345,-11.363657438886444,1
2021-03-12,568.5836181640625,572.2877459696915,563.9534584070261,569.5096501154698,33168.846,17.594634705345584,5.556220078758656,12.964474901952485,50.77459201989293,558.0268310546875,560.4345092773438,577.2419616699219,-42.307694168364485,1.9369147520530599,0.765870672982133,True,50.0,78.94741900967175,56.57888876201411,-4.090083077344348,-19.4466552734375,-55298.38538327972,89.00228944938401,0
2021-03-15,565.8054809570312,568.5835766082114,563.9534171895777,568.5835766082114,27416.758,-0.9260735072583657,-3.704169361480126,-4.121744836993457e-05,49.3244767046252,560.4345092773438,560.8975280761719,576.3622344970703,-48.0770155228981,1.1589376963706437,0.46587868878353,False,50.0,71.05272389326817,71.92985578475378,-3.238825833919931,4.63018798828125,-60781.73698327918,62.68656306051735,1
2021-03-16,567.65771484375,567.65771484375,562.1015218762744,564.8796183600123,36949.425,-3.7039582481991147,-0.9258617644613878,-1.8518953133033165,50.35570806807362,563.7682495117188,561.2679565429687,575.7140258789062,-23.6837983147792,1.0717462018055468,1.0995309806663875,True,66.66666666666666,85.29451518501635,78.43155269598542,-2.443628888050272,3.70428466796875,-23832.311983279178,63.91907144834421,0
2021-03-17,561.6137084960938,569.0523006616049,559.754060454716,569.0523006616049,39517.807,4.172682301592658,1.3945858178549315,-2.347461421558478,46.95435731993875,565.5227905273438,559.8301513671875,574.5321044921875,-40.85955939281188,-0.3186761905769496,0.016588853163860013,False,66.66666666666666,66.09809054995516,74.14844320941322,-2.2236050686924402,-14.3780517578125,-47542.996183279174,49.367584236631124,0
2021-03-18,559.7540893554688,566.2628578363463,559.7540893554688,563.4733856302558,29415.526,-5.578915031349084,-2.789442825258675,2.8900752795379958e-05,45.91340726680043,564.6829223632812,560.1510375976562,571.8218536376953,-46.144065868242464,-0.8515019773998779,-0.252423098600584,False,50.0,58.98545323474121,70.1260196565709,-2.10351677245798,3.2088623046875,-76958.52218327917,26.584224685983322,0
2021-03-19,549.5260009765625,556.0347691776385,549.5260009765625,552.315473062738,70866.028,-11.157912567517883,-10.228088658707748,-10.22808837890625,40.52307638793515,560.8713989257812,559.4491149902344,568.7390991210938,-72.29378944853707,-2.2468408321853075,-1.688680048522154,False,33.33333333333333,25.515539222591265,50.19969433576254,-2.5816231692646516,-7.01922607421875,-147824.55018327918,-92.47417653120281,1
2021-03-22,551.3856201171875,556.0347400169951,544.8768522574568,546.7365002173798,34089.033,-5.57897284535818,-2.9160643407522002e-05,-4.64914871910571,41.87653656738937,557.9874267578125,559.2109680175781,566.1197387695313,-66.38743584307336,-1.4133650725938458,-1.2800530271230848,True,33.33333333333333,23.74518659647187,36.08205968460144,-2.632309987139279,-2.3814697265625,-142143.044683279,-83.69605162392898,1
2021-03-23,552.3154907226562,560.6839072487571,551.3856666642006,555.1049628980232,29374.037,8.36846268064346,4.649167231762021,6.508814406743795,42.589188948624404,554.9189819335937,559.3436157226563,563.6394805908203,-65.35626609617391,-0.8485199463318438,-1.0511249801377116,True,50.0,27.13752620871044,25.466084009257855,-2.4657762192128976,1.32647705078125,-165642.27428327894,-56.68352255014896,0
2021-03-24,535.57861328125,541.1575571695963,530.9294933742947,530.9294933742947,107253.959,-24.175469523728566,-19.526350079160807,-20.456173289905905,34.325352105100905,549.711962890625,557.6173767089844,560.7390960693359,-88.75890634829972,-2.9213526901623474,-3.7883275665803247,False,33.33333333333333,11.24109365170028,20.707935485627527,-3.2936533564953603,-17.26239013671875,-175392.6341923692,-190.46943981480834,0
2021-03-25,534.6488037109375,540.2277477496604,529.9996836786685,531.8593316915761,67833.354,0.929838317281451,-0.9298094199359639,-0.9298096956262043,33.926393173452084,544.6909057617188,554.6869140625,558.5330444335938,-89.00606984478468,-2.293969243433381,-3.7198446008967565,False,33.33333333333333,11.904759249041872,16.76112636981753,-3.685132251105987,-29.30462646484375,-181559.3027378239,-139.57799860218995,1
2021-03-26,548.59619140625,550.4558395127119,539.2979508739406,541.1575989804026,36829.858,9.298267288826423,10.228091763051566,9.29826719527216,44.48508864011002,544.5049438476562,552.6881713867188,556.5613403320312,-56.02421411602675,0.5967642280732712,-1.1452120380961839,True,50.0,47.619107666221275,23.588320188987804,-2.8247360756327025,-19.9874267578125,-157006.06407115748,-50.615417848720526,1
2021-03-29,556.9645385742188,559.7540103867774,554.17506676166,556.9645385742188,37884.733,15.806939593816196,9.298170874065477,14.877115887719356,49.74191424102638,545.6207275390625,551.8040771484375,556.3508026123047,-36.235302743407075,1.899624262662375,0.46816866755367437,True,66.66666666666666,69.04749791117001,42.85712160881104,-1.5743954362340462,-8.8409423828125,-157006.0640711567,37.714127008736895,0
2021-03-30,555.1049194335938,557.8943913905465,550.4557995053392,557.8943913905465,33099.123,0.9298528163277524,-1.8596189962308927,-3.7192672563207907,48.6256871728498,546.17861328125,550.5487976074219,555.9083770751953,-35.71433185669814,1.4443480713307189,0.33601484256472197,False,50.0,69.23066261591967,61.96575606443698,-0.7943266334874726,-12.55279541015625,-148731.28332115684,30.686779616369055,0
2021-03-31,545.806640625,555.1048798179302,545.806640625,554.1750558986371,38790.886,-3.719335491909419,-2.789511572616334,-4.6491588803392006,43.32278581536781,548.22421875,548.9680908203125,554.39912109375,-59.52394956466509,-0.056760260247798025,-1.046580192349268,False,33.33333333333333,51.51493212864065,63.264364218576766,-0.8228150537884291,-15.80706787109375,-187522.16932115683,-7.576248676767778,1
2021-04-01,559.7540893554688,559.7540893554688,552.3154968058944,556.0347930806815,43091.157,1.859737182044455,4.649209537538582,6.5088561808944405,51.905488779610145,553.2452758789062,548.9680908203125,554.5595642089844,-23.80944485794362,1.7464869111805348,1.6033820188597034,True,50.0,96.96971998928214,72.57177157794747,0.12876532015879105,0.0,-144431.01232115683,87.34974976721634,1
2021-04-07,567.1926879882812,570.9119843029584,565.3330398309427,570.9119843029584,24603.109,14.877191222276906,11.157894947489694,13.017543025048212,55.79975120284789,556.9645751953125,550.7347595214844,555.0919372558594,-9.090899944328767,2.092058008224806,2.8667862138720563,True,66.66666666666666,90.90910005567123,79.797917391198,1.2290773220555935,17.66668701171875,-152632.04865449015,151.86737994498498,1
2021-04-08,569.982177734375,569.982177734375,560.6839366620361,563.4734089837378,23976.625,-7.438575319220604,-0.9298065685834445,-4.649103168906549,57.21692747939561,559.5681030273438,552.5944152832031,555.9026916503906,-2.2726821870081064,1.9401429189846597,3.213143097583627,True,66.66666666666666,97.7273178129919,95.20204595264842,2.065434669803954,18.5965576171875,-128655.42365449015,110.24574118010419,0
2021-04-09,567.1926879882812,574.6312806176358,566.262863909612,574.6312806176358,27303.862,11.157871633897912,4.649102883260753,5.578927247575848,55.28326183966574,561.9856567382812,554.0821350097656,556.7128753662109,-16.666651295329213,1.132913778362839,2.434934878661656,False,50.0,83.33334870467078,90.65658885777798,2.33176213871448,14.877197265625,-149891.76076560136,104.16673959547175,0
2021-04-12,562.5435180664062,569.982110040838,560.6838700727983,569.0522860440341,22606.128,-5.578994573601676,-4.649170576797701,-5.578993836813652,52.082954616133655,565.3330322265625,556.7786254882812,557.1980010986329,-27.08341932680395,0.08270807895772232,1.424976152641144,False,50.0,65.7893477945241,82.28333810406225,2.102849595030351,26.96490478515625,-163455.43756560134,60.42861158241226,0
2021-04-13,562.5435180664062,569.982110040838,561.6136940696023,561.6136940696023,25971.622,-7.438591974431802,0.0,0.9298239968039752,52.082954616133655,565.89091796875,559.5680969238281,557.1275054931641,-27.08341932680395,-0.41152882932178936,1.2693518371958203,False,50.0,58.064480408713735,69.06239230263621,1.8674365231607581,27.89471435546875,-183655.5880100458,48.21401174717065,1
2021-04-14,569.0523681640625,569.0523681640625,557.8944785922181,565.3330716401143,30077.913,3.7193775705120515,-0.9297418767755516,-3.719215477384182,56.29802692580002,566.2628540039062,561.6137145996094,557.1509429931641,-12.499916732090703,0.4651233960053111,1.9292268172358806,True,50.0,80.64533518892664,68.16638779738815,2.051413130181637,20.4561767578125,-153577.6750100458,43.01127121923712,1
2021-04-15,575.56103515625,575.56103515625,564.4031475603292,569.0522673919629,33530.942,3.719195751848588,6.5086669921875,6.508668968111124,60.1244905258031,567.3786254882813,563.4733642578125,557.638720703125,-0.0,1.3646201165944867,2.4692994121149408,True,50.0,100.0,79.56993853254679,2.4839234344108783,18.59649658203125,-120046.73301004578,101.73085779559223,0
2021-04-16,567.1926879882812,568.1225120669505,560.683919437596,567.1926879882812,48507.383,-1.8595794036816642,-7.438523089299451,-3.7192281227331705,53.54824551831255,567.3786254882813,564.6821411132812,557.6154693603515,-28.124743587639696,-0.027310930170613843,0.7016149193244705,False,33.33333333333333,64.00020063273455,81.54851194055372,2.094459288078766,12.0877685546875,-83666.1957600456,17.22561172767428,0
2021-04-19,560.6837768554688,564.4030722243276,558.8241291710393,562.5434245398982,24231.637,-4.649263448383067,-3.7194398426229327,-1.859790266556729,49.00061357883452,567.0066772460938,566.1698547363281,557.5689727783204,-50.00020512988824,-0.985238718856607,-0.5087500921943023,False,33.33333333333333,15.788579133352496,59.929593255362335,1.3241050019347644,14.87713623046875,-91743.40809337892,-96.80001491963287,0
2021-04-20,559.7540893554688,559.7540893554688,553.2453208745911,556.0347930806815,34771.635,-6.5086314592166445,-4.648982868858866,-5.578808296448187,48.36065851702854,566.4487915039062,566.1698547363281,557.5689727783204,-53.12474358763969,-1.0681946871170793,-0.7419577560183686,False,33.33333333333333,29.16674948749963,36.318509751195556,0.7084345148788171,0.0,-56971.77309337892,-186.48922615941603,0
2021-04-21,550.4557495117188,556.9645168201343,550.4557495117188,556.9645168201343,38458.22,0.9297237394528111,-2.7895725353344005,-2.7895713628723797,42.32892454323609,562.7294677734375,564.4961608886719,557.6154602050781,-100.0,-2.3639464595312063,-2.457791549990105,False,33.33333333333333,0.0,14.985109540284038,-0.3136912067944765,-16.7369384765625,-95429.99309337893,-185.75045408266487,0
2021-04-22,549.5260009765625,556.0347691776385,549.5260009765625,554.1751211201882,33868.521,-2.7893956999461125,-0.9297476424958404,-0.92974853515625,41.76076917977238,557.5224609375,562.4505432128906,557.5224792480469,-100.0,-1.9629477078169966,-2.475246961705534,False,16.666666666666664,0.0,9.722249829166538,-1.0022147633940133,-20.4561767578125,-129298.51409337894,-135.04999530273315,1
2021-04-23,559.7540893554688,559.7540893554688,548.5962005311072,550.4558486685008,27754.511,-3.7192724516874023,3.719320177830241,-0.9298004454552711,49.84055949326526,556.0347412109375,561.7066833496094,557.8944091796875,-58.620592414249074,0.3333409246654548,-0.5506558487154443,True,16.666666666666664,41.37940758575093,13.793135861916973,-0.7311980680181406,-7.4385986328125,-101544.00309337894,-63.77111177870449,1
2021-04-26,567.1926879882812,567.1926879882812,560.683919437596,562.5435675949346,30887.664,12.087718926433809,7.4385986328125,12.087718906488817,54.81417171970627,557.3365234375,562.1716003417969,559.4751129150391,-31.034298130520956,1.6666754492726847,0.8125666106285564,True,33.33333333333333,68.96570186947905,36.78170315174332,-0.0493194456291655,4.649169921875,-70656.33909337893,48.450090263046036,0
2021-04-27,567.1926879882812,568.1225120669505,562.5435675949346,565.3330398309427,26317.481,2.7894722360080095,0.9298240786692986,1.8596481573385972,54.81417171970627,558.8242431640625,562.6365173339843,561.1023071289062,-31.034298130520956,1.4693695581900406,0.8125666106285564,False,33.33333333333333,68.96570186947905,59.77027044156967,0.37973269092618744,4.649169921875,-53111.35176004542,57.458510293519225,0
2021-04-28,559.7540893554688,565.3330337676495,558.824265286772,563.4733856302558,24024.054,-1.8596542006868049,-2.789478299301095,-3.719302308162696,49.02860511425774,560.6839111328125,561.706689453125,561.6602020263672,-58.620592414249074,0.1386226539149039,-0.4684440388133532,False,33.33333333333333,57.14283931135499,65.0247476834377,0.1522469878128599,-9.29827880859375,-70271.39033147387,5.663827870715235,0
2021-04-29,557.8944091796875,566.2628253173827,557.8944091796875,566.2628253173827,31828.333,2.789439687126901,0.9297915497332951,-0.9298561070844471,47.65673491378485,562.3575927734375,559.9400268554688,561.7066955566406,-65.51727916065036,-0.4149421896170103,-0.7307334195401816,False,33.33333333333333,47.618868681430634,57.909136620754886,-0.11913219661838564,-17.6666259765625,-102099.72333147387,14.705796905429212,0
2021-05-03,546.7365112304688,555.1049272186902,546.7365112304688,553.2452792213077,41762.441,-13.01754609607508,-11.157898098692499,-11.15789794921875,40.27969199176926,559.7540771484375,557.8944091796875,561.2882751464844,-100.0,-2.3255869741003714,-2.3931406112636133,False,33.33333333333333,0.0,34.92056933092854,-0.9969158290954777,-20.4561767578125,-143862.16433147388,-123.1789187767628,1
2021-05-04,549.5260009765625,552.315473062738,541.1575847180361,546.736528890387,40273.595,-6.508750330920634,-2.789454155952285,-5.578926512432645,42.69878625931721,556.2207397460937,556.7786315917969,561.4742431640625,-68.96555236273132,-1.5273552563096593,-1.513677918998173,True,33.33333333333333,31.03444763726868,26.2177721062331,-1.3164052812144686,-11.15777587890625,-123725.36683147388,-115.00941598058697,0
2021-05-05,543.9470825195312,552.3154991736778,543.9470825195312,552.3154991736778,29254.785,5.578970283290801,2.6110939870704897e-05,2.789497801495145,39.23157501375365,551.5716186523438,555.1979309082031,560.6838928222656,-89.65508875510675,-1.8456345532786806,-2.173907614705241,False,16.666666666666664,10.344911244893247,13.793119627387304,-1.800270499507801,-15.8070068359375,-152980.15183147386,-98.63893493326249,1
2021-05-06,545.806640625,548.596112382879,539.2978731899489,548.596112382879,30725.59,-3.719386790798808,-3.719386790798808,-4.649209329582391,40.97439885293909,548.78212890625,554.7330200195313,559.6145904541015,-77.41943112340502,-0.8725125719039418,-1.6201232126226779,True,33.33333333333333,22.58056887659498,21.31997591958563,-1.8829888720523265,-4.64910888671875,-140689.9158314737,-100.30073618046647,1
2021-05-07,556.9645385742188,557.8943625117383,547.6662991990231,552.3154188866209,28075.722,3.7193065037419046,9.298250128859308,8.368426009074255,50.30391066413826,548.5961547851563,555.4768737792969,558.9637084960938,-38.70984660152814,1.2394303349984108,0.43313381410968493,True,50.0,61.29015339847186,31.405211173320023,-1.1122499006731943,7.43853759765625,-117718.87055874655,-9.969352281444321,0
2021-05-10,547.6663818359375,555.1049744584969,546.7365577581176,554.175150380677,20434.079,1.8597314940560636,-2.789388053241396,-0.9297414409055591,43.98393228505967,548.78212890625,554.2681030273437,557.9873931884765,-70.96751608338234,-0.14127509046218695,-1.2021197527224918,False,50.0,29.032483916617675,37.63440206389483,-1.1499063893784318,-12.08770751953125,-133612.04311430204,-45.15707223531404,0
2021-05-11,530.929443359375,539.2978584035683,529.9996194655757,538.368034509769,59349.193,-15.807115870907978,-15.807116054928656,-16.736938292541822,35.28008625405731,545.0628173828125,550.6417785644531,556.406689453125,-97.56098283642376,-2.7257339393286446,-3.95291469639439,False,50.0,2.564097332152813,30.96224488241411,-2.164380278802766,-36.26324462890625,-181091.3975143019,-163.84224531307734,0
2021-05-12,520.701416015625,530.9294795445034,481.64880981445316,527.2101837158203,131741.482,-11.157850793948683,-8.368378859064933,-48.350809651122574,31.16826526629268,540.4136840820313,545.9926513671875,554.314584350586,-54.83874844731308,-3.7525084746514907,-5.2453524074879425,False,33.33333333333333,46.15382684422975,25.916802697666743,-3.3176074303204235,-46.49127197265625,-104035.05898600008,-238.58036264716475,0
2021-05-13,508.61376953125,523.490954746058,503.034825075697,508.61376953125,66765.627,-18.596414184570335,-7.4385247984453144,21.386015261243813,27.096716353131015,532.9751098632812,540.8786193847657,551.2926544189453,-68.8171559509954,-4.952205274381521,-6.6154437263918675,False,33.33333333333333,35.36594432445758,28.02795616694671,-4.608463416249277,-51.14031982421875,-134383.0712587273,-146.2692819799736,1
2021-05-14,517.9119262695312,522.561045894931,513.2628066441315,516.9821023444513,37533.726,8.368332813201278,-0.9299088511270384,10.22798156843453,34.29888727091573,525.1645874023437,536.88037109375,548.4101989746093,-57.142896198062424,-2.366350833867236,-4.185787322101526,True,33.33333333333333,47.56095952120928,43.02691022996553,-4.5426180645966365,-39.98248291015625,-134383.0712587273,-86.18242867710988,0
2021-05-17,510.4734191894531,518.8418358974769,503.0348265600986,505.8242987961065,56270.958,-11.15780354834476,-3.7192099974540724,-10.227980084032879,31.576454424019545,517.7259948730468,533.2540618896485,545.574235534668,-65.93400135465505,-2.3421205371493032,-4.838934416011451,False,16.666666666666664,37.80497137904058,40.24395840823581,-4.68761155990146,-36.263092041015625,-137693.1276116684,-92.08803998863617,1
2021-05-18,531.8593139648438,532.7891379403068,516.0523063819725,523.4908981856767,43689.316,17.666599389570138,13.947302042829847,13.017479821873849,45.215024079417105,517.9119689941406,531.4873931884765,544.1330123901367,-34.14631755672433,2.2645998409051162,-0.44960322970874994,True,33.33333333333333,65.85368244327567,50.40653778117517,-3.1069639589287164,-17.66668701171875,-98858.18005611288,-16.907262636793522,0
2021-05-19,527.2103271484375,531.8594481991291,525.3506787281608,530.9296239889908,28908.777,7.438725803314128,-0.9296897411776399,9.29837234618833,43.17419358161497,519.2137512207031,529.8137176513671,542.5058242797852,-40.24370507893686,1.4916656732464209,-1.0183088702347713,False,33.33333333333333,59.75629492106314,54.47164958112646,-2.181982030793426,-16.73675537109375,-111247.65591325544,-3.5686328427108935,0
2021-05-20,527.2103271484375,530.9296239889908,520.7015576774692,527.2103271484375,29709.287,-3.719296840553284,-0.9298242101383494,-4.649121050691633,43.17419358161497,522.9330627441407,527.9540863037109,541.3435531616211,-40.24370507893686,1.28015712246379,-0.6715133021666669,False,33.33333333333333,62.025450899550485,62.54514275462976,-1.4147870690109166,-18.5963134765625,-103145.12309507345,-4.314416747056882,1
2021-05-21,532.7890625,536.5083578752182,528.1399432809773,531.8592386561954,27376.731,4.64891150775793,5.578733886227383,7.438385603508095,46.61528093481245,525.9084899902343,525.5365386962891,540.506706237793,-32.926904092902255,1.5657097097772612,0.5557002978817464,True,50.0,88.70962129842117,70.16378903967825,-0.42746110541693483,-24.17547607421875,-100103.26409507336,53.03934397549742,0
2021-05-24,528.1400756835938,531.8593719912247,526.2804275297783,529.9997238374092,15629.736,-1.8595148187862378,-4.648985883993419,-1.8595157511989555,44.18298582052613,529.4418212890625,523.5839080810547,538.9260055541993,-39.024291615114784,0.3533581471922706,-0.04398874242825372,False,33.33333333333333,84.74598773151519,78.49368664316228,-0.005653617634216346,-19.52630615234375,-105313.17609507358,50.758972848541596,1
2021-05-25,542.0873413085938,543.0171652216445,532.7891021780862,535.5785739172385,33039.911,5.578850079829294,11.15779323041977,6.508674648307874,52.324457611977195,531.4874267578125,524.6996978759765,537.6707382202148,-17.721634682377513,1.982493666971125,2.836971921996654,True,50.0,97.67441347940958,90.37667416978196,1.2263682722222669,11.15789794921875,-78280.5216405282,127.15985425942719,1
2021-05-26,543.9470825195312,546.7365547375801,540.2277862287995,545.8067306648971,18703.987,10.228156747658659,3.7193895159356316,7.438684050713277,53.31498352499155,534.8347778320312,527.0242645263672,536.5084579467773,-4.285710345846909,1.9459794451172745,3.2504839814482813,True,50.0,93.6170208035703,92.01247400483169,2.127439518745775,23.24566650390625,-75608.52349767124,143.2296204579196,0
2021-05-27,541.1575927734375,541.1575927734375,532.7891763903431,539.2979446883054,62169.719,-6.508785976591753,-5.57896196414265,-7.438609838456387,51.562066617773695,537.6242309570313,530.2786468505859,535.5786331176757,-8.571447621563443,0.9832290973626021,2.5550673073128105,False,50.0,87.23400149878431,92.84181192725471,2.4722897466886264,32.5438232421875,-13438.80449767124,82.63107689168669,1
2021-05-28,548.59619140625,550.4558395127119,541.1575989804026,545.8067192465572,29086.873,6.508774558251844,9.298246739274418,8.368422590059481,55.79052735632931,540.7856567382812,533.3470733642578,535.1137222290039,-3.9215696427834144,1.694921007255905,3.508773470351962,True,66.66666666666666,94.59460137598388,91.81520789277948,3.0975316544270033,30.68426513671875,4013.319302328473,122.1795655093958,1
2021-05-31,555.1049194335938,555.1049194335938,548.5961515340374,553.245271462292,30657.474,7.438552215734717,4.649079920881832,7.43855255363485,59.19105004331368,546.1786254882812,537.8102233886718,535.5321426391602,-0.0,2.1968574425050496,3.9767727745043446,True,66.66666666666666,100.0,93.94286762492271,3.799339350104562,44.631500244140625,34670.79330232847,140.97495930337533,1
2021-06-01,556.0347900390625,556.964614102673,553.2453178482311,556.0347900390625,17818.326,2.789518576770547,1.8596946690792038,4.649166314193735,59.6744708873595,548.968115234375,540.2277709960938,535.8575820922852,-1.7241381914890976,1.4992973375479897,3.534845734498677,True,83.33333333333334,97.43589163387728,97.3434976699537,4.147657968904697,24.17547607421875,43579.95630232847,128.65962565306938,0
2021-06-02,553.2452392578125,557.8943589154412,551.385591394761,557.8943589154412,21872.755,1.8595688763787166,0.9297448127682628,-1.8597264534701026,57.4473674055516,550.8277465820313,542.8312622070313,536.3224899291993,-11.111117586571465,0.6484252173529723,2.3362367402068265,False,66.66666666666666,85.29407936990361,94.24332366792696,4.009338909822783,26.034912109375,34205.9184451855,93.99252307725581,1
2021-06-03,554.175048828125,557.894344457844,554.175048828125,557.894344457844,21077.164,-1.4457597217187867e-05,-1.4457597217187867e-05,2.789457433363964,58.01710192763242,553.4312377929688,545.527734375,536.7409103393554,-10.000080562684214,0.5058924979502744,2.1568218361704474,True,66.66666666666666,88.23521806907273,90.3217296909512,3.8014784897729634,26.9647216796875,13128.754445185503,86.79206293757758,0
2021-06-04,553.2452392578125,553.2452392578125,548.5961196001838,549.5259435317096,15756.18,-8.368400926134427,-4.649105200031499,-5.578929227941217,57.18189667064714,554.3610473632813,547.5733520507813,536.5549453735351,-12.500052437250117,-0.02800844102392331,1.5791643011775485,False,66.66666666666666,81.48148929020462,85.00359557639364,3.4335863910168674,20.4561767578125,28884.934445185503,46.12310040586886,0
2021-06-07,550.4557495117188,553.2452212153254,542.0873344008987,552.3153973141232,17077.625,2.7894537824136023,-1.804248711323453e-05,-6.508785199285057,54.609009136235414,553.4312133789062,549.8049194335938,536.6944137573242,-23.529529791716815,-0.587746999352813,0.7088095014827572,False,50.0,70.3702237723787,80.02897704388535,2.8581687659115973,22.315673828125,37423.74694518559,-0.39044961627887087,0
2021-06-08,547.6663818359375,553.245326302857,546.7365577581176,548.5962059137574,13396.324,-3.7191914003657303,0.00010508753166504903,4.64922335721883,52.05403671937539,551.7575317382813,550.3628234863281,537.5312606811524,-32.35275282511102,-0.8695535933118463,-0.028279748182393205,False,33.33333333333333,59.259499231767755,70.37040409811702,2.1763359495453964,5.57904052734375,27854.944088042794,-6.234295947887217,0
2021-06-09,544.8768310546875,546.7364789422462,542.0873592233495,544.8768310546875,20023.49,-3.7193748590699443,-6.508847360610844,-4.649198534768061,49.52606167479527,550.0838500976563,550.4557983398438,538.7400314331055,-51.851801385422434,-1.0413740113365104,-0.7900721415151912,False,16.666666666666664,22.22193595845679,50.61721965420107,1.4585749605911298,0.92974853515625,31859.642088042598,-81.37314476186766,1
2021-06-10,556.9645385742188,556.9645385742188,545.8066513239839,549.5259470740622,28527.745,4.649116019374674,10.228059631972542,3.7192921006344477,58.94995282220121,550.641748046875,552.0364929199219,541.1575698852539,-3.7036987892555926,1.0402010947923468,1.182427035094071,True,33.33333333333333,94.11767635099807,58.533037180407526,1.702028587581021,15.80694580078125,60387.3870880426,43.47794435616584,1
2021-06-11,559.7540893554688,560.6839134241656,557.8944412180751,559.7540893554688,24227.71,10.228142281406576,3.719374849946803,12.087789894091202,60.792874833305255,551.9435180664062,553.1522827148438,543.2496780395508,-3.333331544116682,1.375255591038722,1.4464349786209882,True,33.33333333333333,95.00002625464894,70.44654618803459,1.9379247643245394,11.15789794921875,68463.29042137593,147.05976115183267,1
2021-06-15,566.2628784179688,566.2628784179688,563.473406110491,564.4032302129837,26012.25,4.649140857514908,5.578964993803197,5.578964892415911,64.81375146857835,555.1049438476563,554.2680786132812,546.0391510009765,-0.0,2.1526525014357842,2.23840047636644,True,50.0,100.0,96.37256753521565,2.389654186031854,11.157958984375,94475.54042137593,182.48212736079492,0
2021-06-16,562.5435180664062,565.3329900568182,562.5435180664062,565.3329900568182,25856.919,0.9297598438345176,-0.9298883611505744,-0.9298880440848052,60.91912317736229,558.08037109375,554.9189514160156,547.5733612060546,-15.384805193778927,1.1142034389261466,1.3541822053485157,False,50.0,84.61519480622107,93.20507368695667,2.294800195513465,6.50872802734375,68618.62142137592,116.62601378163853,1
2021-06-17,565.8113403320312,565.8113403320312,558.3418836939846,561.1429299332522,22872.361,-4.190060123566013,0.4783502752130744,-4.2016343724216085,63.047374383163195,562.2672729492188,556.1755615234375,549.5034118652344,-1.867747363280326,1.1517398906532614,1.7793405069036352,True,66.66666666666666,98.13225263671967,94.2491491476469,2.303006071674421,12.56610107421875,91490.98242137593,88.11852613646927,0
2021-06-18,563.0103759765625,567.6787870543118,561.1430115454627,567.6787870543118,32652.017,6.535857121059621,1.8674467222805333,2.8011278514780997,59.992500615675944,563.4764404296875,557.0590942382812,551.2934143066407,-18.242071448518068,0.11011065021501779,1.1697087434295395,False,66.66666666666666,81.75792855148192,88.16845866480753,1.9828329090270045,8.8353271484375,77497.26084994768,74.88640661386366,0
2021-06-21,544.336669921875,554.607173127948,544.336669921875,550.872444689376,44279.632,-16.806342364935745,-13.071613926363739,-16.80634162358774,44.35997753158438,560.3929565429687,556.1682373046875,551.8707946777344,-91.21059850943519,-2.846723839228299,-2.055188366931371,False,50.0,8.78931302068317,62.89316473629492,0.4561415619498641,-8.9085693359375,33217.62884994768,-75.13939711896776,0
2021-06-22,539.668212890625,549.0050331828504,539.668212890625,546.2039870951828,27823.974,-4.668457594193228,-5.602139945097633,-4.66845703125,41.41665064737818,555.0740234375,555.0894836425781,552.4472015380859,-100.0,-3.100990395952906,-2.6835179055006133,False,33.33333333333333,0.0,30.182413857388354,-0.8539976908619562,-10.78753662109375,5393.654849947681,-107.14951160536246,1
2021-06-23,555.5409545898438,558.3420014197085,542.4694027171415,544.3367672703847,34392.376,-1.8672198247980987,9.33696823685807,2.80118982651652,52.98669676940124,553.6735107421875,555.8769409179688,553.1198822021485,-43.333036993592415,0.07009060618579563,0.14421016915082896,True,33.33333333333333,56.666963006407585,21.81875867569691,-0.6468888732883533,7.87457275390625,27647.54520288897,-30.924937424670077,0
2021-06-24,550.8724365234375,558.341893289857,549.0050723318326,558.341893289857,16524.23,14.0051260194723,-0.00010812985146912979,6.5356696146910735,49.82908001914771,550.6857299804688,556.4765014648438,553.4661499023438,-60.000021537088735,-0.4219451180076035,-0.7035724899150032,False,33.33333333333333,39.999978462911265,32.222313823106276,-0.8090761651447504,5.99560546875,17733.00720288905,-36.6478618470147,1
2021-06-25,551.80615234375,558.3419274138114,549.9387880380182,558.3419274138114,18841.696,3.4123954378628696e-05,3.4123954378628696e-05,0.9337157061855805,50.47303941183096,548.4448852539062,555.9606628417969,553.9985778808593,-56.66658104830725,0.16949209818919062,-0.5970799431825741,True,33.33333333333333,43.33341895169274,46.66678680700386,-0.8348634510461626,-5.15838623046875,7265.39831400016,-30.612445874463074,0
2021-06-28,550.8724365234375,550.8724365234375,547.1377081402278,550.8724365234375,15028.407,-7.469490890373891,-7.469490890373891,-2.8010798977903733,49.77606704936564,549.7520385742188,555.0724975585938,554.1123901367188,-60.000021537088735,0.3685818198910082,-0.8545158927828564,False,33.33333333333333,39.999978462911265,41.11112529250508,-0.8910783455473976,-8.88165283203125,22293.805314000158,-56.5642712215694,1
2021-06-29,555.5409545898438,558.3420014197085,551.8062254833574,558.3420014197085,28659.61,7.469564896270981,7.469564896270981,4.668517343129565,53.293955582179926,552.9265869140625,554.0003051757812,554.1341918945312,-43.333036993592415,0.8759667713811844,0.0070722191876599885,True,50.0,56.666963006407585,46.66678680700386,-0.6038653713710223,-10.721923828125,26388.03531400044,9.377722453514044,0
2021-06-30,555.5409545898438,559.27568369633,555.5409545898438,559.27568369633,24883.853,0.9336822766215391,0.9336822766215391,3.734729106486384,53.29395558217993,552.9265869140625,553.300048828125,554.1095001220704,-43.333036993592415,0.3937094506279918,0.07031981553252144,False,50.0,56.666963006407585,51.1113014919088,-0.41301222627204837,-7.0025634765625,1504.1823140004417,41.56029380034705,0
2021-07-01,553.6735229492188,557.4082516031764,551.80615862224,556.474569439687,18250.994,-2.801114256643018,-1.8674320931536386,-3.734795967603759,51.574276950737804,553.4868041992188,552.0862670898438,554.1309143066406,-49.99991797115538,0.11254777771709291,-0.07723095061372559,False,33.33333333333333,71.42843764693376,61.587454553249636,-0.4107941787112539,-12.1378173828125,-4579.482352666471,24.730937420050566,0
2021-07-02,549.0050048828125,553.6734147882786,548.0713229017193,550.872368844999,18322.419,-5.602200594688043,-3.7348368148977897,-3.734835720520664,47.40274369209908,552.9265747070312,550.6857299804688,553.872412109375,-66.66690251465171,-0.6756945147240428,-0.7176199663048668,False,33.33333333333333,47.61854338434538,58.57131467922889,-0.7047477383526464,-14.00537109375,-16794.42835266672,-26.668380662950362,1
2021-07-05,551.80615234375,557.4082452609455,549.0051058851523,549.0051058851523,28836.816,-1.8672629598466983,3.7348304726668857,0.9337829834329341,50.047382123953824,553.1133178710937,551.4326782226562,553.8004577636718,-56.66658104830725,-0.16891948782087457,0.0,True,33.33333333333333,55.5551203634542,58.20070046491111,-0.6906235261533387,7.469482421875,-26406.700352666718,18.69133850552708,1
2021-07-06,552.7396240234375,556.4743512127851,549.9385786314268,555.5406694154482,12997.112,6.535563530295917,-0.9338940481603686,0.9334727462745604,50.944084529737296,552.5530517578125,552.7398193359375,553.9146514892578,-33.33453731824901,-0.05630792091301396,0.3247784450892673,True,50.0,46.15197861717067,49.775214121656745,-0.6017591839785443,13.0714111328125,-28263.43063838107,1.3520005463093634,1
2021-07-07,554.6070556640625,554.6070556640625,549.0049641927084,550.872328016493,16966.158,-4.6683413989551354,-1.867295548722609,-0.9336144387184504,52.79345707413937,552.3662719726562,552.6464294433594,554.261685180664,-23.810455099130525,0.30958296379654426,0.5075938318011205,True,50.0,61.537012406319896,54.41470379564825,-0.40973291824032043,-0.93389892578125,-11297.27263838107,-15.540889713090413,0
2021-07-08,549.0050048828125,555.540778750465,549.0050048828125,555.540778750465,21140.426,4.6684507339720085,0.9337230864025514,4.0690104128771054e-05,46.99543833168765,551.432568359375,552.4596862792969,554.4680938720703,-61.11214507383207,-0.5076160099053285,-0.647717220572823,False,50.0,15.383922417325502,41.024304480272015,-0.6388641454394568,-1.867431640625,-32437.69863838107,-71.79582539688549,0
2021-07-09,545.2703247070312,546.2040067698858,541.5355964556132,543.4029605813223,29029.415,-12.137818169142747,-9.336771980579215,-7.469408427199255,43.51945343004221,550.6856323242188,551.806103515625,553.8833831787109,-78.94752037720471,-0.9329853689162335,-1.1704995505014013,False,50.0,21.052479622795282,32.65780481548021,-0.999329962344917,-6.53582763671875,-15020.049638381915,-201.79599714253814,1
2021-07-12,553.6735229492188,557.4082516031764,550.8724764587505,555.5408872761976,31304.547,12.137926694875318,11.204244833290545,9.336880003137253,52.19801690790187,551.0591064453125,552.0862121582031,553.5793548583985,-31.579104832434403,0.45173854782577805,0.3101296699060153,True,66.66666666666666,68.42089516756559,34.95243240256212,-0.6463288224752894,2.80108642578125,-19492.1277812389,43.790110866862996,1
2021-07-13,566.7449951171875,567.678677151977,559.2755388388721,560.2092208736615,52540.315,4.668333597463857,10.270425548800631,8.403062380121582,62.08436218290745,553.8601806640625,553.2066162109375,553.6034606933594,-3.5714307951448823,2.3608815941232866,2.447252972327491,True,66.66666666666666,96.42856920485512,61.96731466507199,0.43474613081991187,11.20404052734375,21372.561663204593,231.90825019978348,1
2021-07-14,572.3472290039062,574.2145935357298,567.6788176743474,572.3472290039062,38418.875,12.13800813024477,6.535916383752806,8.403278835475362,65.42744145743893,557.4082153320312,554.8872436523437,554.0936462402344,-5.714265120332473,2.766157238551847,3.1263337785203453,True,66.66666666666666,94.28573487966753,86.37839975069608,1.4378316978141767,16.8062744140625,37837.79380606135,210.1112823610604,1
2021-07-15,573.2809448242188,573.2809448242188,567.6788509008551,572.3472625036582,22012.834,3.349975190758414e-05,-0.9336487115110685,3.3226507639483316e-05,65.97294146293537,562.2634033203125,556.8479858398438,554.4671264648438,-2.857029881370331,2.3617869642707485,3.020159231723976,True,66.66666666666666,97.14297011862966,95.95242473438408,2.038240599666893,19.607421875,59850.627806061355,131.29692647048566,0
2021-07-16,549.9388427734375,555.5409362482094,549.0051605276423,551.8062072650281,57970.545,-20.541055238630065,-17.74000857600936,-18.67369037321282,46.125065361438864,563.1971069335938,556.9413696289063,553.8135498046875,-74.28548282181774,-1.833326747873145,-1.0915033604685611,False,66.66666666666666,25.71451717818226,72.38107405882647,0.8009135957719087,0.933837890625,18443.095663203057,-46.42652568637766,0
2021-07-19,543.4029541015625,545.2703182050043,539.6682258946789,544.3366361532834,40644.341,-7.469571111744699,-10.270618043205104,-9.336934632963334,42.243054473815896,561.1429931640625,556.1010498046875,553.7668640136719,-89.1892304114611,-2.946094638682494,-2.116331138091691,False,66.66666666666666,10.810769588538902,44.55608562845026,-0.45270011348477013,-8.4031982421875,31991.209329869722,-106.82067110860466,0
2021-07-20,542.4693603515625,545.2704069626722,540.6019959441561,540.6019959441561,15354.333,-3.734640209127292,8.875766786786699e-05,0.9337700494771752,41.69621701140548,556.2878662109375,555.0740234375,553.9069213867188,-91.89166720510717,-2.788620785679745,-2.188541353269277,False,50.0,8.10833279489283,14.877873187204655,-1.292248342936378,-10.270263671875,28920.34272986957,-91.34318630557848,1
2021-07-21,546.2040405273438,547.1377226479034,541.535629924546,547.1377226479034,25828.732,6.535726703747287,1.8673156852312331,0.9336339803899136,44.813796298198056,551.059228515625,554.2337219238282,553.4400756835937,-81.08103665029483,-1.5151602136378775,-1.4321795448508678,True,50.0,18.918963349705166,12.61268857771229,-1.5273942145793193,-8.40301513671875,46139.497396535546,-64.99087554837935,1
2021-07-22,551.80615234375,554.6071988023477,548.0714237322863,549.9387880380182,26058.172,2.801065390114786,7.469476154444351,6.535793807740333,49.25406215179178,546.7642700195313,554.5138366699218,553.4867614746094,-64.8648258040079,0.1129272338010102,-0.407243427428653,True,50.0,35.135174195992086,20.72082344686335,-1.248729297396678,2.8011474609375,49862.09339653554,-17.711184283152786,0
2021-07-23,546.2040405273438,552.7398153712608,544.3366762862247,552.7398153712608,15271.451,2.801027333242587,-1.867383431086978,-3.7347474460616468,45.27967377525564,546.0173095703125,554.6072082519531,553.206655883789,-81.08103665029483,-0.08540017613716548,-1.293590838705273,False,33.33333333333333,18.918963349705166,24.32436696513413,-1.3748070778539492,0.9337158203125,41377.95395209082,-48.6160909862254,0
2021-07-26,541.5357055664062,551.8062103271485,541.5357055664062,551.8062103271485,21619.179,-0.9336050441122552,-0.9336050441122552,-2.8009707198184515,42.18519765230204,545.6438598632812,553.3934265136719,552.7398193359375,-94.59428067479885,-0.6849207605224319,-2.0270181919486565,False,33.33333333333333,5.405719325201147,19.819952290299454,-1.6852356135693565,-12.1378173828125,19758.774952090822,-59.2101543101414,0
2021-07-27,541.5357055664062,545.2704345703125,541.5357055664062,542.4693878173829,17785.992,-9.336822509765625,-6.53577575683596,0.0,42.18519765230204,545.45712890625,550.8724975585938,552.0395568847656,-94.59428067479885,-0.6282052157944836,-1.971823765477905,False,33.33333333333333,5.5558720960419805,9.960184923649422,-1.7931752304349935,-25.20928955078125,1972.7829520908235,-68.18138330096477,0
2021-07-28,540.6021118164062,540.6021118164062,535.0000173934383,537.8010646049223,36158.305,-4.668323212460564,-4.6683227539062955,-6.53568817296798,41.51003257796035,544.3367431640625,547.6979858398438,551.2926147460937,-85.71425481524886,-0.7428371859488067,-1.9474809088474871,False,33.33333333333333,27.272852118135695,12.744814513126265,-1.8240331057575045,-31.7451171875,38131.08795209082,-99.82942939178636,1
2021-07-29,544.336669921875,546.204034141161,538.7345772640169,546.204034141161,23224.896,8.40296953623863,5.601922324754696,3.7345598705786642,45.32843118358618,542.8428466796875,544.8035583496094,550.8257720947265,-76.19086205456273,-1.1212757247281551e-05,-0.9345899416430946,True,33.33333333333333,47.61853493227829,26.815753048818646,-1.5028921318136756,-28.94427490234375,49743.53595209117,-42.83912104190321,0
2021-07-30,541.5357055664062,543.4030700683594,539.6683410644531,542.4693878173829,18999.281,-3.7346463237780654,-2.8009640728015484,0.9337638004361679,43.03001684944831,541.9091796875,543.9632446289063,550.4523071289062,-82.92703805364746,-0.20074347504969886,-0.9816428100757283,False,16.666666666666664,33.33313461361751,36.07484055467716,-1.3916162191275887,-8.40313720703125,49743.53595209117,-66.34250715289822,1
2021-08-02,550.8724365234375,550.8724365234375,541.5356155654131,544.3366618528205,23482.491,1.8672740354376174,7.469366455078102,1.8672745009599794,51.89923677303407,543.7765258789062,544.7101928710938,550.4056213378906,-22.727803745193803,1.3745562555310764,1.0706538521442392,True,33.33333333333333,80.95206954522709,53.96791303037429,-0.6399417944611434,7.469482421875,73226.02695209117,75.55491347927598,1
2021-08-03,554.6070556640625,554.6070556640625,550.872328016493,554.6070556640625,22747.702,10.270393811242002,3.734619140625,9.336712451079961,54.95899717146159,546.3907958984375,545.9239624023437,550.4989929199219,-0.000730029891873076,1.6542788930404764,1.6832825859633997,True,50.0,99.99926997010813,71.42815804298424,0.11766286373795731,12.1376953125,95973.72895209117,144.52116096413005,1
2021-08-04,556.4745483398438,558.3419125960177,554.6071840836697,558.3419125960177,20313.271,3.7348569319551643,3.7348569319551643,3.734856067176679,56.46952929166535,549.565283203125,546.9510131835938,550.5923675537109,-8.000054151419382,1.5332175165221291,1.8223193475313988,True,66.66666666666666,91.99994584858062,90.98376178797194,0.7198457628566264,10.2705078125,95973.72895209178,141.04429505888635,0
2021-08-05,556.4745483398438,558.3419125960177,553.6735019555828,558.3419125960177,15116.242,0.0,0.0,-0.9336821280869572,56.46952929166535,551.9928588867188,547.4178527832031,550.9658447265625,-8.000054151419382,1.0454957358986305,1.6053382496860498,False,66.66666666666666,91.99994584858062,94.66638722242311,1.0722261979033798,4.66839599609375,98996.97735209207,117.69639439826986,0
2021-08-06,551.80615234375,556.4745631080796,549.0051058851523,556.4745631080796,13687.213,-1.8673494879380996,-1.8673494879380996,-4.668396070430504,51.34658771476958,554.0469482421875,547.9780639648437,551.2926361083985,-28.000126791527325,-0.028188327960711634,0.6671388118411713,False,50.0,71.99987320847268,85.33325496854464,0.9491929766211373,5.60211181640625,95575.17410209207,56.874232856117075,1
2021-08-09,555.5409545898438,555.5409545898438,544.3367672703847,550.8725432067358,17390.951,-5.602019901343738,-0.9336085182358147,-4.668338614767549,54.91614810795668,554.9806518554688,549.3785888671875,551.3860076904297,-11.999702602830617,0.22461020891195085,1.2909745403662058,True,66.66666666666666,88.00029739716939,84.00003881807423,1.068738368224515,14.0052490234375,112966.12510209208,40.148289126391354,0
2021-08-10,551.80615234375,556.4745631080796,549.9387880380182,556.4745631080796,17190.865,5.602019901343738,0.9336085182358147,5.602020767633462,50.84655036032389,554.4204711914062,550.4056335449219,550.6390655517578,-28.000126791527325,-0.47712305448581804,0.5244483312304635,False,50.0,66.66675944690564,75.55564335084922,0.8549319886307442,10.27044677734375,105598.6115306635,41.86242784122181,0
2021-08-11,550.8724365234375,550.8724365234375,546.2040260444253,550.8724365234375,19969.687,-5.602126584642065,-5.602126584642065,-3.7347619935928833,49.839250926540444,553.300048828125,551.432666015625,549.5653259277344,-32.00029820952478,-0.5338642164842128,0.21230707434070484,False,33.33333333333333,59.9997458442577,71.5556008961109,0.6202054895718263,10.27032470703125,125568.29853066351,-19.033271878940262,0
2021-08-12,547.1376342773438,549.0049982168568,545.2702703378307,547.1376342773438,15444.622,-3.73480224609375,-1.8674383065806524,-0.9337557065946385,45.87371017482974,551.432666015625,551.7127624511719,548.2581604003906,-48.00072239822149,-0.9298563658566357,-0.551566625979444,False,16.666666666666664,33.33285554652097,53.3331202792281,0.20449905025996837,2.80096435546875,125568.29853066351,-70.17692592254218,0
2021-08-13,542.4693603515625,546.2040891663753,540.6019959441561,546.2040891663753,22524.428,-0.9335451109684527,-2.8009090504815504,-4.668274393674551,41.3837915487563,549.5653076171875,551.8061279296875,547.8846862792968,-80.95211295004425,-1.3582277945754129,-1.427956964680835,False,16.666666666666664,10.526342620727275,34.6196480038353,-0.36288816750631026,0.93365478515625,118060.15586399684,-157.40589504864943,1
2021-08-16,545.2703247070312,547.1376888327403,539.6682323299043,543.4029605813223,19315.705,-2.801128585052993,0.9335996663650121,-0.9337636142518022,44.9128948089876,547.511181640625,551.2459167480469,547.9780548095703,-70.0000626695268,-0.6521191281500294,-0.933000016467348,True,33.33333333333333,29.9999373304732,24.619711832573802,-0.5181061499994124,-5.60211181640625,127718.00836399655,-116.01317282009717,0
2021-08-17,545.2703247070312,545.2703247070312,545.2703247070312,545.2703247070312,0.0,1.8673641257089457,-1.8673641257090594,5.602092377126951,44.9128948089876,546.2040161132812,550.3122436523438,548.1181030273438,-70.0000626695268,-0.34129996146753594,-0.9889842500970719,False,16.666666666666664,29.9999373304732,23.50873909389122,-0.5844177906250373,-9.33673095703125,127718.00836399655,-74.80926051508746,0
2021-08-18,535.9336547851562,536.8673371105659,528.4641961818788,530.3315608326982,43716.164,-14.938763874333063,-8.402987596465323,-16.806128525152417,36.25397336868122,543.216259765625,548.258154296875,547.6045837402344,-74.99990126506893,-1.5718559490129638,-2.463870020799766,False,16.666666666666664,26.666764569551315,28.88887974349923,-1.1860409486840677,-20.5408935546875,161719.46925288544,-187.3399395590917,0
2021-08-19,521.9282836914062,534.9998328357349,521.9282836914062,534.9998328357349,38868.947,4.668272003036691,-1.8675042748310489,-6.535912490472583,27.55931767938847,538.1743896484375,544.8035278320312,546.1106903076172,-100.0,-3.2872009071780424,-4.539638470075225,False,16.666666666666664,0.0,18.888900633341496,-2.3868912897007144,-34.5462646484375,122850.52225288544,-195.60955659692718,0
2021-08-20,515.392578125,525.66308239923,514.4588959182518,522.8620357789855,45614.061,-12.137797056749378,-9.336750436504872,-7.469387773154494,24.560682527127867,532.759033203125,541.1621704101562,544.5701171875,-97.87233814483562,-3.552703049933635,-5.141050378900601,False,16.666666666666664,2.2222239207337715,9.62966283009502,-3.4182382493263055,-36.41357421875,84838.80475288589,-167.9337849652799,1
2021-08-23,528.4641723632812,534.0662660632454,521.9283963799897,522.8620786633171,33685.159,4.288433160581917e-05,8.403183664015387,7.469500461737994,39.0339843854912,529.397802734375,538.4544921875,543.9165405273437,-66.66653802793773,-0.6726992365890802,-2.315533896468802,True,33.33333333333333,38.46172663318262,13.561316851305454,-3.030195937762037,-27.0767822265625,87429.97082980897,-73.19649009170368,1
2021-08-24,534.0662231445312,536.8672697694152,533.1325409362366,535.9335875611206,24844.8,13.071508897803483,2.8010037061698085,11.204144556246888,44.052312503010846,527.156982421875,536.6804992675782,543.54306640625,-53.33329555926576,0.7337848705243477,-1.0095132284418056,True,33.33333333333333,56.7569882610786,32.48031293833165,-2.2426321320619245,-17.73992919921875,75007.5708298086,-17.79341881327782,1
2021-08-25,546.2040405273438,546.2040405273438,535.9335372011886,540.6019478039864,27504.657,4.668360242865788,9.336770757928548,2.800996264952005,53.16460315624445,529.2110595703125,536.2136596679687,543.8231628417968,-24.444506698735363,2.9929484968333515,1.3864789357264227,True,50.0,97.14295351165613,64.12055613530578,-0.8237326219013394,-4.66839599609375,102512.2278298086,52.82062247357063,1
2021-08-26,554.6070556640625,563.0101928710938,551.8060099283855,561.1428290473091,43822.008,20.5408812433227,16.80615234375,15.87247272719685,58.29463917218855,535.7468139648438,536.9606018066406,544.3366821289062,-17.307750223836944,3.967303215513329,2.9016654130816297,True,66.66666666666666,82.69224977616305,78.86406384963259,0.6800259189697981,7.46942138671875,80601.22382980815,141.60884450667322,1
2021-08-27,559.275634765625,560.2093169605592,553.6735415960194,556.4745881808221,27105.651,-4.66824086648694,-2.8008759105345007,1.867531667633898,60.89097762914267,544.5234252929688,538.6412292480469,545.2236785888672,-7.691984230814959,3.6332227119995113,3.6332246654433282,True,83.33333333333334,92.30801576918505,90.71440635233473,1.9182700486775346,16.8062744140625,99962.40311552257,120.47546901150324,1
2021-08-30,564.8776245117188,564.8776245117188,559.2755323678009,562.0765784397598,36575.609,5.60199025893769,4.668307551159501,5.601990771781516,63.83790325747343,551.8061157226563,540.6019592285156,545.9239379882813,-0.0,3.095700641454053,4.385321423761801,True,100.0,100.0,91.66675518178268,2.9803800472055686,19.6072998046875,136538.01211552258,120.26807616469348,1
2021-08-31,573.2809448242188,573.2809448242188,558.3420276952488,563.9441216186126,52721.47,1.8675431788527703,8.4033203125,-0.9335046725520897,67.8074812774055,559.6490600585937,543.4030212402344,546.857632446289,-0.0,3.222212111701038,5.43791283118111,True,100.0,100.0,97.43600525639499,4.048396506751656,28.0106201171875,189259.48211552258,114.68081406367578,0
2021-09-01,572.3472290039062,573.280911269818,567.6788176743474,573.280911269818,30092.045,9.336789651205436,-3.355440071572957e-05,9.336789979098626,66.91709152050265,564.8776977539062,547.0443786621094,547.6512664794922,-1.5873568460784822,1.8836701314296003,4.8311355132781495,False,83.33333333333334,98.41264315392152,99.47088105130717,4.459032886491194,36.41357421875,209320.84544885572,97.87796942797704,0
2021-09-02,566.7449951171875,574.214451395503,566.7449951171875,572.3470873259241,24112.463,-0.9338239438939127,0.9335401256849991,-0.9338225571599423,61.620877791067464,567.3052856445313,551.5260498046875,548.1647888183594,-12.500019820180782,0.27532053399754536,3.4658947415454957,False,66.66666666666666,85.71424775478022,94.70896363623392,4.128012975799555,44.81671142578125,185208.38244885573,76.12346349906274,1
2021-09-03,578.8829345703125,578.8829345703125,569.5461130449848,569.5461130449848,51562.454,-2.800974280939272,4.668483174809467,2.8011179277973497,67.66899199166016,571.2267456054688,557.8750854492188,549.5186279296875,-0.0,1.694913800364119,4.995766562209671,True,66.66666666666666,100.0,94.70896363623392,4.4722177229247375,63.4903564453125,236770.83644885573,97.98263356125966,1
2021-09-06,589.1534423828125,595.6892174964095,579.8166207919597,581.6839851101303,55589.014,12.137872065145416,16.80628292609697,10.270507746974886,71.77479048614005,576.0819091796875,563.9440124511718,551.199252319336,-8.045979612808027,2.6016259154399544,5.783738786760837,True,66.66666666666666,89.06250404763664,91.5922506008056,5.092228209207427,60.68927001953125,246580.66244885558,143.38224252953,0
2021-09-07,581.6840209960938,591.9545253796524,581.6840209960938,591.9545253796524,26526.056,10.270540269522144,-3.73469211675706,1.8674002041340145,65.20511860329226,577.7625244140625,568.7057922363281,552.6931457519531,-18.987310998356087,0.8090641844540466,3.4168000064746495,False,50.0,68.08529440650831,85.7159328180483,4.708879359413748,47.6177978515625,220054.60644885557,113.07338356762642,0
2021-09-08,577.9492797851562,585.4187373591162,571.4135044079412,580.7503263753912,37817.737,-11.204199004261227,-6.535788020536188,-10.270516588152532,62.10444164662338,578.8829345703125,571.8803161621094,554.046987915039,-28.358184428466714,0.02693513087729516,2.004948668767052,False,33.33333333333333,57.77781189737205,71.64187011717233,3.944346171583997,31.7452392578125,217533.42398218907,54.98040583003962,0
2021-09-09,577.9492797851562,578.8829619819012,569.5461400144512,571.4135044079412,18735.512,-9.336821967449964,-6.535775377215032,-1.8673643934899928,62.10444164662338,581.1237915039062,574.2145385742188,555.5875701904297,-29.68745000242602,-0.13444080140955342,1.350803205198256,False,33.33333333333333,52.49993960535711,59.454348636412476,3.210324614739587,23.34222412109375,232521.83358218928,20.339083096238944,1
2021-09-10,580.7503051757812,581.6839873384433,573.2808478744851,574.214530037147,16304.725,2.80102562920581,2.801025356542141,3.7347078600338364,63.64736510039761,581.497265625,576.3620056152344,557.5016174316406,-34.04243479119251,-0.05356379373255246,1.3304380804910287,True,50.0,59.99990253573522,56.75921801282144,2.7053436975560965,21.47467041015625,245203.28635996688,36.84199644744757,0
2021-09-13,574.2144775390625,578.882887925559,572.3471133844639,577.9492058482597,15198.774,3.734675811112652,-2.801099412884355,-0.9337344900211519,57.670394765218,578.50947265625,577.2956909179687,558.9488250732422,-51.11125668490697,-1.0458664446539805,-0.09477067682888814,False,33.33333333333333,25.806471232880924,46.10210445799108,1.76837077704218,9.33685302734375,238689.5260742526,-18.950031272803177,0
2021-09-14,572.3472290039062,577.0156403334651,571.4135467379945,577.0156403334651,14441.901,-0.9335655147946227,-1.8672475920939178,-0.9335666464694441,56.030502614177685,576.6421142578125,577.2023193359375,560.3026702880859,-62.49998625539909,-0.8892396995372378,-0.6080160564698311,False,16.666666666666664,19.355275167939542,35.05388297885188,0.903658643588301,-0.9337158203125,229061.5920742527,-52.407000980832315,0
2021-09-15,566.7449951171875,572.3470873259241,566.7449951171875,569.5460412215558,23433.501,-7.469599111909247,-4.668553007540936,-4.668551620806966,51.25975382483958,574.4012573242187,576.6420959472656,561.8432373046875,-77.50040239526257,-1.434383566704105,-1.6074710950654454,False,16.666666666666664,0.0,15.053915466940145,-0.11084984992567204,-5.60223388671875,205628.0910742527,-118.79010591473234,0
2021-09-16,562.7589111328125,569.3244317626953,561.8209796142578,565.5727056884765,22467.022,-3.9733355330793074,-3.0226555632287955,-4.924015502929706,48.08201321895291,571.36318359375,576.2434875488282,563.8847686767579,-97.23064565148519,-1.694780504795432,-2.1505409436706486,False,16.666666666666664,2.7693543485148044,7.374876505484774,-1.0626740278842597,-3.986083984375,188777.8245742528,-157.24242594819302,0
2021-09-17,562.7589111328125,572.1382263183593,561.8209796142578,562.7589111328125,40717.715,-2.8137945556640034,2.8137945556640034,0.0,48.082013218952916,567.7649047851562,574.6310852050781,566.2530853271485,-97.23064565148519,-1.2580909748944042,-2.014409189361882,False,16.666666666666664,3.1125826540858887,1.960645667533555,-1.668508078296182,-16.1240234375,155463.33048334386,-111.90034906565784,0
2021-09-22,549.6277465820312,552.4415405065126,546.8139526575499,549.6277465820312,40642.293,-13.13116455078125,-19.69668581184669,-15.007026956707932,38.68101954211572,562.84755859375,570.678515625,567.3112640380859,-94.24290807679839,-2.6763189732648676,-4.062484718619649,False,0.0,7.288718085681282,4.390218362760649,-2.859920775109888,-39.52569580078125,155463.33048334386,-194.6382123707515,1
2021-09-23,551.5036010742188,556.1932575459383,551.5036010742188,551.5036010742188,21696.296,1.8758544921875,3.751717039425671,4.689648416668888,40.49417508528393,558.6788330078125,567.6604736328125,568.1831329345703,-90.40486341684178,-1.6852093181622605,-3.3501412662705143,True,16.666666666666664,13.448935338279181,7.950078692682108,-3.3916757665231474,-30.180419921875,133767.03448334386,-126.19758035958897,1
2021-09-24,560.883056640625,560.883056640625,553.3796043778742,554.317535910718,16736.973,2.813934836499243,4.689799094686691,1.876003303655466,48.75885447002571,557.5064453125,565.9538513183594,568.9170837402344,-68.83268612986302,0.32856909061748824,-1.2989133679833813,True,33.33333333333333,40.34726122823187,20.361638217397438,-2.995502006637637,-17.06622314453125,150504.00748334386,-65.62533807840462,1
2021-09-27,564.6347045898438,564.6347045898438,556.1933219630853,562.7588417838974,19464.241,8.44130587317943,3.75164794921875,2.813717585211066,51.686814934480736,557.8816040039062,564.6223937988282,569.4184661865235,-53.83797094050151,1.0632315489869315,-0.38967311291413387,True,50.0,55.57013908744039,36.4554452179838,-2.390814745087881,-13.3145751953125,169968.24848334386,-27.779051535408872,0
2021-09-28,557.1311645507812,559.0070270576863,555.2553020438763,558.0690958042338,16707.08,-4.6897459796635985,-5.627677532157463,-0.9380199192089549,45.95711564993453,556.7560546875,562.2604797363281,569.3112426757813,-70.4123841927678,-0.11212171914570823,-1.4116813273323787,False,50.0,34.161044256672476,43.359481524114905,-2.3999646185463015,-23.619140625,169968.24848334337,-55.556260507455136,0
2021-09-29,544.0003051757812,546.814099857725,541.1865104938375,544.0003051757812,49310.524,-14.068790628452575,-12.192927199961332,-14.068791550038782,37.930139000513655,555.63056640625,559.2390625,568.2673767089843,-93.05192594407644,-1.916555074829212,-3.2509291767062494,False,50.0,9.02998265117574,32.92038866509619,-3.1470284334870673,-30.21417236328125,169968.24848334337,-144.79962576607653,0
2021-09-30,544.0003051757812,548.6899629790207,539.3106473725418,544.0003051757812,30465.107,0.0,1.8758631212957653,-1.8758631212957653,37.930139000513655,554.1299072265625,556.4043701171875,566.8033447265625,-88.14912237037358,-1.7504101632482956,-2.7210919806958214,False,50.0,14.28572545961987,19.158917455822685,-3.472286607927505,-28.346923828125,169968.24848334337,-117.3052014152272,0
2021-10-01,538.3727416992188,543.0623997279577,535.5589468819754,543.0623997279577,36704.493,-0.9379054478235958,-5.627563251063066,-3.75170049056635,34.82753500725214,549.6278442382812,553.5671447753906,565.1046203613281,-93.21268875305778,-2.3809397768194236,-3.210462302767632,False,33.33333333333333,7.692318877239977,10.336008996011854,-3.8673385181769313,-28.37225341796875,160792.12523334322,-126.10376747244369,0
2021-10-04,536.496826171875,539.3106207147345,533.6830316290155,538.372689200448,20957.803,-4.6897105275096465,-3.7517790132231994,-1.875915252959885,33.82149297863785,544.0002685546875,550.9409362792969,563.5922119140625,-92.7224537308836,-1.9988543444481526,-3.0268712187806197,False,16.666666666666664,9.090928772801828,10.356324369887217,-4.037190661623693,-26.2620849609375,160792.12523334322,-115.975011882203,0
2021-10-05,536.496826171875,536.496826171875,525.2416480004371,527.1175110290101,33824.024,-11.255178171437933,-2.813794542859455,-8.441383628578478,33.82149297863785,539.8734008789063,548.3147277832031,561.4729064941406,-76.00000133242858,-1.1520722557695544,-2.583020677392682,False,0.0,28.571477173631152,15.118241607890978,-3.928069903424372,-26.2620849609375,194616.14923334323,-118.40847979393817,0
2021-10-06,535.5587768554688,538.372570779403,529.9311890076004,537.4346394714249,32508.846,10.317128442414855,1.8757446075279631,4.6895410071633705,33.24991764862996,538.1850952148437,546.9078308105469,558.7931732177734,-78.00025241694695,-0.6668814549696247,-2.3514467426082892,False,0.0,26.19022169964363,21.28420921535886,-3.7007258755769152,-14.0689697265625,205452.43123334294,-83.56136191040798,1
2021-10-07,544.0003051757812,545.876168297077,536.4968526905981,539.3106473725418,27933.054,1.87600790111685,7.503597517674052,6.565663682997638,42.748363995760975,538.1850952148437,546.1575012207031,556.9089874267578,-52.380803117500065,0.8988165964491553,-0.5287863855397181,True,16.666666666666664,47.619196882499935,34.126965251924894,-2.8041821070650887,-7.5032958984375,222212.26363334307,-22.94568317258594,0
2021-10-08,539.310546875,546.8139979619566,537.4346841032609,545.8760665760869,18279.079,6.5654192035451615,0.9378296648795867,0.9378314126628311,39.35436566408675,538.37265625,544.0002502441406,554.97705078125,-64.28584097648759,0.1742057936572484,-1.2310410093885045,False,16.666666666666664,41.66663981680498,38.49201946631617,-2.366811948300597,-21.572509765625,211244.8162333429,-21.027082989658656,0
2021-10-12,539.310546875,539.310546875,528.9933016304348,534.6208899456522,26522.907,-11.25517663043479,-7.503451086956602,-8.441382472826149,39.35436566408675,538.935400390625,541.4678344726562,553.0451141357422,-64.28584097648759,0.1451315643925429,-1.0469035231935457,False,16.666666666666664,59.99961569696014,49.76181746542168,-1.9354867170847134,-25.32415771484375,237767.7232333429,-64.99013020176878,0
2021-10-13,535.5587768554688,539.310502087381,534.6208455474907,536.4967081634468,18914.374,1.875818217794631,-4.478761900372774e-05,5.627543917055959,36.588686401689635,538.7477905273438,539.310595703125,550.7855377197266,-73.80977830035637,-0.5226589893697486,-1.3533114120843113,False,16.666666666666664,43.99944671698055,48.55523407691521,-1.7655789427887711,-21.5723876953125,226419.09883334272,-42.20319874779606,1
2021-10-14,537.4346313476562,543.062219110459,537.4346313476562,543.062219110459,13916.927,6.5655109470121715,3.7517170230779584,2.813785800165533,38.929629988069806,539.1229614257812,538.6540283203125,548.9465454101562,-63.88909679779998,-0.20320158381405143,-0.5927577445706397,True,33.33333333333333,56.521349639556476,53.50680401783239,-1.4052634515489153,-6.565673828125,212502.17183334273,25.529768309686695,1
2021-10-15,562.7589111328125,562.7589111328125,549.6278698730468,555.255458984375,53150.216,12.193239873916013,19.696692022353545,12.193238525390598,60.43868829913047,542.8746826171875,540.5298889160156,548.4671295166015,-0.0,3.626955001288278,4.001162030206187,True,50.0,100.0,66.840265452179,0.5551341764789557,18.75860595703125,265652.3878333427,273.9722610069387,0
2021-10-18,553.3795166015625,566.5105559785487,553.3795166015625,566.5105559785487,19158.568,11.255096994173755,3.751644845736223,3.7516467285156523,52.909460440634035,545.6884765625,542.03056640625,547.7988555908203,-31.818238040005102,1.60734826200272,2.120287567788695,False,33.33333333333333,68.1817619599949,74.90103719985045,1.1996923221961628,15.00677490234375,246493.8198333427,160.493046536636,1
2021-10-19,562.7589111328125,562.7589111328125,556.1933905029297,560.8830480957031,17386.359,-5.627507882845634,-3.751644845736223,2.813873901367174,58.54346245626473,550.3781494140625,544.6567749023437,547.7988555908203,-9.090729630466678,2.593344047615125,3.5524318557667045,True,50.0,90.00021480536509,86.06065892178667,2.180126721909635,26.2620849609375,263880.17883334274,123.46554114827572,0
2021-10-20,560.883056640625,566.5106458376881,559.9451251077812,565.5727143048443,16372.52,4.689666209141251,3.7517347048756164,3.751734604851549,57.054157842210614,555.4430053710937,547.0953979492188,547.7050628662109,-13.636360202533023,1.5855153187330513,2.8522393263589843,False,50.0,85.00003314207109,81.06066996914369,2.596433211144226,24.38623046875,252185.52169048527,100.48438012276306,0
2021-10-21,559.0071411132812,565.5726612270279,558.0692096684603,564.6347297822069,16169.014,-0.9379845226374073,-0.9379846106602372,-1.87591543932092,55.51349919750568,559.7575073242188,549.440234375,548.1740325927734,-18.18194072460345,0.5341574335796648,2.156836268958962,False,50.0,79.99990435635317,85.00005076792978,2.631410089371351,23.4483642578125,240058.76119048527,72.22207512518978,1
2021-10-22,562.7589111328125,564.6347741699219,557.1313220214844,562.7589111328125,13995.403,-1.8758186493944322,-0.9378870571059679,-0.9378876469759234,57.98862626754274,559.7575073242188,551.3160949707031,548.7367980957031,-10.000000757383782,0.44643200015861156,2.432788000754531,True,50.0,89.99999924261621,84.99997891368015,2.778691637676554,18.75860595703125,247056.46269048518,63.43586844507637,0
2021-10-25,556.193359375,559.9450852392496,553.3795649768128,559.9450852392496,16785.568,-2.813825893562921,-4.689688930672332,-3.7517570446715354,52.420674787095365,560.3202758789063,553.0043762207031,548.5023132324219,-27.50004479446453,-0.5311726146447333,0.9218573900566409,False,33.33333333333333,67.64706467647731,79.21565609181556,2.323882262351386,16.8828125,244658.5244047708,24.928319912469057,1
2021-10-26,561.8209838867188,562.758915412406,556.1933947325947,558.0692577839694,19998.808,-1.8758274552801595,2.813830173156475,2.8138297557818532,56.34055898118598,560.1326904296875,555.255419921875,548.3616271972656,-12.499983807656347,0.2230924109020329,1.669033146948013,True,50.0,83.8710289796522,80.50603096624856,2.28837924581521,22.51043701171875,258943.38726191386,46.13114052721703,0
2021-10-27,561.8209838867188,561.8209838867188,557.131326258282,560.8830523610314,14961.858,2.8137945770620263,-0.9379315256873042,0.9379315256873042,56.34055898118598,560.3202758789063,557.881640625,548.5961181640625,-12.499983807656347,0.25104851623075936,1.325071249802108,False,33.33333333333333,72.22221060807038,74.58010142139996,2.153192930073035,26.26220703125,273905.24526191386,41.601027982671155,0
2021-10-28,558.0692749023438,560.8830695657169,554.3175486845129,560.8830695657169,16570.044,1.720468549137877e-05,-0.9379143210018128,-2.81377757376913,52.88387721281032,560.1327026367187,559.9451049804687,549.2995666503906,-26.47044151586976,-0.3350032202834407,0.3654858571515664,False,33.33333333333333,35.714813375524884,63.93601765441582,1.7182808786906225,20.6346435546875,276272.3944047709,-76.92131510297872,0
2021-10-29,553.3795166015625,559.0071049059852,552.441585217492,558.0691735219148,25763.96,-2.813896043802174,-1.8759646597317214,-1.8759634670208243,48.800908665006844,558.2568237304688,559.0071655273438,549.7685272216797,-45.161379461505504,-1.0067232255497967,-0.7430347985584481,False,33.33333333333333,6.6666240866434014,38.201216023412876,1.0545249256390903,-9.37939453125,257869.56583334235,-142.12748334341657,0
2021-11-01,553.3795166015625,556.1933107537739,553.3795166015625,554.317447985633,16089.351,-3.7517255362818105,-2.813794152211358,0.9379313840704526,48.80090866500684,557.6940551757813,559.0071655273438,550.5188659667969,-77.77825911821031,-0.7291177321237559,-0.9790311215483818,False,16.666666666666664,6.6666240866434014,16.349353849603887,0.5790151753394104,0.0,241780.21483334235,-125.8510398029989,1
2021-11-02,555.2552490234375,559.9449048428922,553.3793866956556,557.1311113512194,15192.404,2.8136633655864216,3.7515940891183845,-0.0001299059068742281,50.61575037386776,556.380908203125,558.2567993164063,551.456787109375,-80.00105421461863,-0.36468396316934876,-0.5320942638415629,True,33.33333333333333,21.42751899312867,11.586922388805148,0.364806673246724,-7.503662109375,235269.18454762799,-60.16618806624009,0
2021-11-03,555.2552490234375,559.9449048428922,555.2552490234375,559.9449048428922,10224.009,2.813793491672868,0.0,1.8758623277818742,50.61575037386776,555.0677612304687,557.6940185546875,552.3947082519531,-80.00105421461863,-0.16865527132494962,-0.5599388856156375,False,16.666666666666664,23.075700843500375,17.056614641090803,0.20506956561406897,-5.6278076171875,225045.175547628,-33.711648472756124,0
2021-11-04,550.5657348632812,557.1312546998109,548.6898720528442,555.2553918893739,17932.145,-4.689512953518374,-2.813650143081304,-6.56537697059332,45.786818744988096,553.5670532226562,556.8498779296875,553.1450561523437,-89.47372974324809,-0.676812324537234,-1.220027109239497,False,16.666666666666664,13.333264831842031,19.27882822282368,-0.21189347728458074,-8.44140625,215082.87276985028,-143.1124025811462,1
2021-11-05,562.7589111328125,562.7589111328125,558.0692535400391,560.8830480957031,33270.827,5.62765620632922,5.627656433001562,9.379381487194905,57.33293043423558,555.4429321289062,556.8498779296875,554.0829864501953,-16.66638175235892,1.3799126253437082,0.9393066438042271,True,33.33333333333333,99.99996958148863,45.46964508561033,0.3096739488699959,0.0,248353.69976985027,122.46655229656238,1
2021-11-08,564.6347045898438,564.6347045898438,560.8829789779511,562.7588417838974,19752.355,1.8757936881943351,1.87579345703125,2.8137254379120122,58.80533960553433,557.6939697265625,557.6940124511718,555.3491943359375,-0.00043637820822277915,1.3752523612465244,1.1906412970120728,True,50.0,100.0,71.11107813777689,0.7330155869657544,8.44134521484375,268106.0547698503,132.59788430830355,1
2021-11-09,573.0761108398438,578.7036994896622,572.1381793982074,573.0761108398438,39538.66,10.317269055946326,14.068994899818449,11.255200420256301,64.77330084929483,561.2581420898438,558.8195251464844,557.0374725341796,-18.74998669085128,2.2879563895200064,2.545457802061475,True,66.66666666666666,81.25001330914871,93.74999429687911,1.489930315030067,11.255126953125,239864.15476984967,226.0259764813231,1
2021-11-10,574.0140380859375,574.0140380859375,570.2623123468137,573.0761066511566,16027.674,-4.188687171335914e-06,-4.689661403724699,-1.8758670513936977,65.38121162604088,565.0098999023437,560.0388305664062,558.9602355957031,-15.625002887741942,1.8867967454149623,2.4410684800477367,True,66.66666666666666,84.37499711225806,88.54167014046891,1.9339931196107627,12.19305419921875,255891.82876984967,135.73847183633072,0
2021-11-11,568.3864135742188,568.3864135742188,562.7588253210087,562.7588253210087,18463.848,-10.317281330147921,-5.62762451171875,-7.503487025805043,58.745506674019246,568.5740356445312,561.0705444335938,560.5078247070312,-34.3751090631887,0.4975066213648346,1.3377903492824492,False,66.66666666666666,65.6248909368113,77.08330045273935,1.7352817571218573,10.317138671875,274355.67676984967,54.1503132881631,0
2021-11-12,566.5105590820312,573.0760788064919,564.634696303614,572.1381474172832,15821.327,9.379322096274564,4.689665232273114,1.8758709826053064,56.65461287246483,569.324365234375,562.3836486816406,560.6954071044922,-40.625076669407385,-0.3026175017536092,0.9330180989710698,False,66.66666666666666,59.374923330592615,69.79160379322066,1.3795829169871836,13.13104248046875,265566.0506587385,56.36062378973512,1
2021-11-15,570.2623291015625,573.0761234885767,569.3243976392243,571.2002605639005,15551.452,-0.937886853382679,4.468208487651282e-05,4.68970133561038,59.77813873895821,570.4498901367188,564.0719299316406,561.5395477294921,-28.124938100179296,0.13725426800612217,1.4178573384687687,True,66.66666666666666,71.87506189982071,65.62495872240821,1.3001311888333769,16.8828125,257790.32465873894,69.9672494320413,1
2021-11-16,572.1381225585938,574.0139852555072,570.2622598616804,574.0139852555072,20917.108,2.8137246916066943,0.9378617669304958,0.9378622224560331,61.29924322492014,570.2622924804688,565.7602172851563,562.0085083007813,-21.87517385075135,0.2465013649545213,1.4693622634052608,True,66.66666666666666,78.12482614924865,69.79160379322065,1.2753070859866291,16.88287353515625,257790.3246587383,70.08324701094858,0
2021-11-17,572.1381225585938,576.8277793008773,570.2622598616804,576.8277793008773,19717.852,2.8137940453700594,2.8137940453700594,0.0,61.29924322492014,569.887109375,567.4485046386719,562.5712615966797,-21.87517385075135,0.2739678256641319,1.1888279917251499,False,50.0,68.18147215051167,72.72712006652701,1.16340840181123,16.88287353515625,249339.8166587381,69.86688269235357,1
2021-11-18,574.9520263671875,575.8899578947033,569.3244372020927,574.9520263671875,20030.651,-1.875752933689796,-0.9378214061739527,-0.9378226595877095,63.74686233895112,571.2002319335937,569.8871337890625,563.368505859375,-12.499815727841876,0.7395361774707163,1.3921569139244026,True,50.0,78.94769114408567,75.08466314794866,1.1797240950932903,24.38629150390625,263647.42451588076,65.47724742502582,1
2021-11-19,579.6416015625,584.3312585330704,578.7036701683859,583.3933271389564,35554.348,8.441300771768852,8.44130063836701,9.379232966293216,67.48550694487729,573.8264404296875,571.5754028320313,564.2126403808594,-13.157897135040395,1.2284993253901397,1.8541380246474979,True,66.66666666666666,78.26088079879534,75.13001469779756,1.3925589167818302,16.8826904296875,239944.52584921458,178.01638601796782,0
2021-11-22,576.8277587890625,579.6415527343751,576.8277587890625,579.6415527343751,20312.168,-3.7517744045812833,-4.689705798695286,-1.8759113793233837,63.218092207516456,575.1395263671875,572.7947082519531,565.2443603515625,-28.571694149014665,0.4354836378537707,0.971394568961952,False,66.66666666666666,65.21718403182977,74.14191865823692,1.2353864390314069,12.19305419921875,219632.35784921458,107.80014596565,0
2021-11-23,574.0140380859375,576.8278323902804,573.0761066511566,576.8278323902804,19431.694,-2.8137203440946905,-2.8137203440946905,-3.7516521379059213,59.13869675277529,575.5147094726562,572.8885009765625,565.8540130615235,-43.999903800534426,-0.16312787689810657,0.31416778248083865,False,50.0,52.17405312737631,65.21737265266714,0.8517318898787876,0.93792724609375,209916.51084921428,36.879867817210645,0
2021-11-24,565.5726928710938,574.0140763467817,564.6347613737951,574.0140763467817,20391.94,-2.8137560434986426,-2.8137560434986426,-8.441345277361506,48.826930074716465,574.2016235351563,572.0443664550781,566.0415985107422,-86.95618837975223,-1.443740101042833,-1.174533700367826,False,33.33333333333333,4.762234934972578,40.71782403139289,-0.014848546961836462,-8.44134521484375,193602.95884921434,-87.4608131733936,0
2021-11-25,565.5726928710938,569.3244188602885,563.6968298764965,567.4485558656911,11888.265,-6.56552048109063,-4.6896574864932745,-0.937931497298564,48.82693007471647,572.3257568359375,571.7629943847656,566.4167694091797,-86.95618837975223,-1.2554528963177944,-1.066439605028478,False,33.33333333333333,9.090937412505568,22.00907515828482,-0.5999492219888394,-2.813720703125,189640.203849214,-122.42373142275497,0
2021-11-26,559.0071411132812,563.696798337386,555.2554153339975,560.8830040029231,26588.102,-6.565551862767961,-5.627620522902475,-8.441414542499047,42.04151558827672,568.1988647460937,571.0126525878907,566.6981506347656,-87.09676017442749,-1.9468040466065595,-2.0005454357473877,False,16.666666666666664,12.903239825572506,8.91880405768355,-1.3955826604857204,-7.50341796875,186685.97029365847,-186.0253817123832,0
2021-11-29,556.193359375,560.883016705312,554.3174964428753,557.1312908410624,23379.558,-3.751713161860721,-2.813781632073983,-0.9379188911221945,39.4766478884073,564.0719848632813,569.6057556152343,566.8388427734375,-93.74999066599004,-1.7669770544027055,-2.31983119041588,False,0.0,6.25000933400995,9.414728857362674,-2.0388555238518093,-14.0689697265625,176666.15972222955,-144.3302075884127,1
2021-11-30,559.0071411132812,562.758866892565,554.3174838891765,559.9450725581022,62021.697,2.813781717039774,1.875850187253036,-1.2553698752526543e-05,43.25337171026569,561.07060546875,568.2926574707031,567.0264373779297,-84.37498355423007,-0.7493775686300007,-1.7177394219338198,True,16.666666666666664,15.625016445769921,11.592755201784124,-2.1891253857684334,-13.1309814453125,183557.4593888962,-96.88911982192305,1
2021-12-01,562.7589111328125,565.5727056884765,557.1313220214844,559.0071850585938,21403.404,-0.9378874995084061,2.8138387959114652,2.8138381323078647,47.97546760372273,560.5078491210937,567.354736328125,567.4016204833985,-71.87482299780193,0.2506308719694959,-0.9492277671274401,True,33.33333333333333,28.12517700219807,16.666734260659315,-1.95766344259465,-9.37921142578125,190691.9273888964,-55.60381008101218,1
2021-12-02,576.8277587890625,576.8277587890625,564.6346516927084,567.4484456380209,45125.742,8.44126057942708,11.255053100585997,7.503329671224037,61.18767264503062,562.7588623046875,567.5423095703125,568.7147216796875,-25.000186857651396,2.4146400267781334,1.4572322145085326,True,50.0,88.88885525263424,44.213016233534084,-0.8361993137169059,1.875732421875,235817.6693888964,47.282903238217116,0
2021-12-03,570.2623291015625,575.8899178755911,568.3864661768863,575.8899178755911,23045.832,8.441472237570224,-0.9378409134714047,3.751814484177885,54.18249279175078,565.0098999023437,566.6043823242187,569.089892578125,-46.87490859924249,1.1086497056221307,0.3300351060736685,False,50.0,70.83340007643187,62.615810777088065,-0.5306135670770704,-9.3792724609375,224294.7533888964,51.10015879944608,0
2021-12-06,562.7589111328125,571.2002947998046,562.7589111328125,565.5727056884765,23589.363,-10.317212187114592,-4.689623075786471,-5.627555044073802,47.4146201659402,566.3230102539062,565.1974975585938,568.9961029052735,-71.87482299780193,-0.33221901841594975,-0.8127760118660091,False,50.0,37.50032943257722,65.74086158721444,-0.8110747391746842,-14.06884765625,200705.3903888964,0.00046674478040069676,1
2021-12-07,569.3243408203125,569.3243408203125,559.9450271329927,564.6346839766526,18606.53,-0.9380217118239216,-1.8759539794921238,-2.8138839998198364,53.01646944464416,568.3864501953125,564.7285278320312,568.8085144042968,-40.74073553159966,0.441250228302645,0.49668113400877284,True,66.66666666666666,66.66669775415313,58.333475754387415,-0.5444669348173752,-4.689697265625,219311.9203888964,22.31645238613266,0
2021-12-08,564.6347045898438,575.8898814255217,564.6347045898438,575.8898814255217,20801.543,11.255197448869126,6.565540605209208,4.689677456851086,48.952885263286724,568.7616088867187,564.6347290039063,568.3395477294922,-54.16676600914775,-0.5506637113558503,-0.1520434163675202,False,50.0,45.833383850498834,50.00013701240973,-0.6659739788780001,-0.93798828125,198510.3773888964,54.768424879881564,1
2021-12-09,570.2623291015625,570.2623291015625,564.6347403275339,568.3864661768863,11039.07,-7.503415248635406,-5.627552323959208,3.5737690154746815e-05,53.6078605168178,567.4485229492187,565.1036926269531,568.4333435058594,-29.166368321575913,0.2197846046872563,0.8989088526720432,True,50.0,70.83363167842408,61.11123776102536,-0.36443292388793225,4.68963623046875,209549.4473888964,49.50079557899263,0
2021-12-10,567.4484252929688,570.2622191373966,564.6346314485407,567.4484252929688,10497.451,-0.9380408839175516,-0.00010996416585840052,-0.00010887899316003313,51.06767766138308,566.8857421875,565.9478210449219,568.4802368164062,-41.66689895084869,-1.4341426123110763e-05,0.37327303092296926,False,33.33333333333333,58.33310104915131,58.33337219269141,-0.351428796694063,8.4412841796875,209549.4473888966,27.689471481238854,0
2021-12-13,563.6968383789062,572.1382219819182,563.6968383789062,571.2002904704724,17711.657,3.751865177503646,1.8760028445215085,-0.9377930696344947,47.77512547034962,567.0733276367188,566.6981689453125,568.1519622802734,-58.33300778669192,-0.46921512497312085,-0.2627491992320653,False,33.33333333333333,33.33352339256218,54.16675204004585,-0.5789954916675564,7.50347900390625,191837.7903888966,-4.911198679870594,0
2021-12-14,561.8209838867188,562.758915412406,559.945120835344,560.8830523610314,22579.034,-10.31723810944095,-9.379306569512096,-3.751717543562222,46.15200834482875,565.57265625,566.9795532226562,567.6361053466796,-66.66633334815366,-0.7730429305519368,-0.6358769535927891,False,33.33333333333333,11.111689695379509,34.259438045697664,-0.8243933862021442,2.8138427734375,199364.13505556388,-136.4343728779128,1
2021-12-15,562.7589111328125,563.6968426513672,559.0071850585938,559.9451165771484,21827.73,-0.9379357838830629,0.9379272389611515,-0.937935776750237,47.131727742393174,565.1974975585938,566.9795532226562,567.1671447753906,-62.49967056742278,-0.4149304991143966,-0.566212209086398,True,33.33333333333333,22.22226765587099,22.222493581270893,-0.8866554317268405,0.0,212460.77305556368,-128.68244978674826,1
2021-12-16,570.0613403320312,570.0613403320312,566.2923397347946,570.0613403320312,21809.022,10.116223754882867,6.364497680664044,7.285154676200818,54.20805699581014,565.1572998046875,566.3029113769531,566.9226104736329,-34.35351549560124,0.7161031863200331,0.560377088830416,True,50.0,65.47624285355162,32.93673340160071,-0.42267908262140597,-6.76641845703125,234269.79505556368,63.67653061818084,1
2021-12-17,571.9458618164062,571.9458618164062,564.4078603427139,566.292360711137,24105.733,-3.7689796208942425,1.884521484375,-1.8844793920807206,55.870933339811316,566.056787109375,566.4712646484375,566.5378234863281,-27.394723910091802,0.9989842181155152,0.7567395802838698,True,50.0,76.63868659723377,54.779065702218794,0.002016048389175129,1.68353271484375,258375.5280555637,95.81294058543297,0
2021-12-20,563.4655151367188,571.9457653645288,563.4655151367188,571.9457653645288,21381.07,5.653404653391817,-9.6451877425352e-05,-0.9423452059951387,47.41787203674545,566.0105224609375,566.5419250488281,565.8697113037109,-73.59236726392795,-0.3817712548188107,-0.5420994584320218,False,50.0,26.407689750664073,56.17420640048315,-0.28163901463208674,0.70660400390625,236994.45805556368,-6.163904323595499,0
2021-12-21,562.5233154296875,565.3500657584799,560.6388152104926,562.5233154296875,17001.461,-9.422449934841325,-6.595699606048925,-2.8266999262261834,46.56399324147735,566.1509887695313,565.8618225097656,565.2951751708985,-79.17317059624685,-0.513946792279874,-0.5952506089560418,False,50.0,26.777248374407414,43.274541574101754,-0.5126957475342202,-6.801025390625,233594.16585556368,-89.85779505396745,1
2021-12-22,565.35009765625,566.2923478190104,563.4655973307291,563.4655973307291,9831.802,0.9422819010416106,0.9422820605304878,2.826782120236544,49.53809457493751,566.6692260742187,565.9333618164062,565.2840454101563,-62.42950498072361,-0.11791318341063954,-0.13383041404894963,True,66.66666666666666,48.30473506924224,33.82989106477124,-0.4569763310856132,0.71539306640625,236871.43318889727,-21.389245878014698,1
2021-12-23,571.0036010742188,572.8881014077971,567.2346004070622,571.9458512410079,16654.439,8.480253910278748,6.5957535887866925,3.7690030763330924,55.00228801013906,566.8576782226562,566.0074890136718,565.5555908203125,-28.9425352746073,0.6365936730830238,0.8399047075141975,True,66.66666666666666,86.42380455173269,53.83526266512744,-0.04299579968859468,0.74127197265625,242422.9128555637,113.55135969176996,0
2021-12-24,569.1190185546875,573.8302687082859,569.1190185546875,571.0035186161268,11059.689,-0.9423326248810326,0.9421673004887907,1.884418147625297,52.91848859405744,566.2923095703125,566.1745483398438,566.0611846923828,-31.78319886021987,0.3322171077149868,0.4407997318475254,False,50.0,68.21680113978013,67.64844692025169,0.09286927629726949,1.67059326171875,231363.2238555637,102.60744457459755,1
2021-12-27,571.0036010742188,574.7726017413753,569.1191007406405,569.1191007406405,16259.872,-1.8844178754862924,0.942333033089426,8.218595303333132e-05,54.7871292770098,567.7999267578125,566.905224609375,566.8016967773438,-23.906762142690027,0.6923350126589444,0.7624146659055856,True,50.0,76.09323785730997,76.91128118294093,0.2876223405035414,7.3067626953125,225943.26652223014,95.47063294714269,1
2021-12-28,579.4838256835938,579.4838256835938,574.7725750682799,574.7725750682799,33892.718,5.653474327639401,4.711223942218453,5.653474327639401,62.15958328256877,571.1920288085937,568.6715087890625,567.8255310058594,-0.0,1.7089301534288528,2.0782172294169,True,66.66666666666666,100.0,81.4366796656967,0.9293388974938657,17.662841796875,259835.98452223014,175.14084705870482,1
2021-12-29,580.4261474609375,583.2528981790914,578.5416469821682,579.4838972215529,24518.766,4.711322153272931,3.769072495497653,3.769071913888297,62.89305872789772,574.2072387695313,570.438232421875,568.7088928222656,-11.658765011799693,1.343579834894306,1.9937370558209857,True,83.33333333333334,87.50004268544059,87.86442684758352,1.3343941701775535,17.667236328125,254932.23132223013,177.42017901465994,0
2021-12-30,579.4838256835938,584.1950762989075,579.4838256835938,583.2528261758447,19681.276,3.768928954291823,0.9421781198160488,0.9421787014255187,61.59069193839359,575.9032836914063,571.3804809570313,568.8416961669922,-18.704426545137938,0.7646074916527102,1.565455187227155,False,66.66666666666666,80.00000680230733,89.16668316258263,1.446566165009409,9.4224853515625,235250.95532223012,126.36394526857862,1
2022-01-03,594.559814453125,595.5020645552694,582.3105631252477,583.252813227392,69089.158,-1.2948452649652609e-05,11.306988256361933,2.826737441653904,71.7872078979575,580.9914428710938,573.6418762207031,570.0565704345703,-2.702703046483394,2.6851067033279574,3.7260240992656617,True,66.66666666666666,97.29729695351661,88.26578214708816,2.3882384945583404,22.61395263671875,294470.2336079447,159.8936174387949,1
2022-01-04,618.1160278320312,618.1160278320312,606.8090273229087,607.7512773653356,79434.666,24.49846413794353,22.613963276761865,24.498464197661065,80.57646024916897,590.4139282226563,579.1069274902344,572.8244262695313,-0.0,5.268778479593379,7.087461970999676,True,83.33333333333334,100.00000000000001,92.43243458527463,4.336206388860606,54.6505126953125,373904.89960794465,226.19013872900575,0
2022-01-05,612.4625854492188,630.3653379469652,608.6935849233774,630.3653379469652,69593.809,22.614060581629587,12.249310114933905,1.8845576004687246,74.49990260789835,597.0096801757812,584.1008544921875,574.9813385009766,-25.675670885537826,3.0927841053390255,5.490940060466616,False,66.66666666666666,71.6417814912575,89.64635948159138,4.938810068966224,49.93927001953125,328517.632868814,157.22164536484826,0
2022-01-06,606.8091430664062,608.6936435107118,599.2711412891838,601.1556417334895,53210.211,-29.209696213475695,-21.671694436253347,-9.422443634193655,68.83674890581823,602.286279296875,588.2467590332031,577.0900604248047,-33.78369371664811,1.364121874368836,3.8709773639627154,False,50.0,61.538595111841076,77.72679220103286,4.655319495817131,41.45904541015625,360443.75946881453,75.00027471102153,0
2022-01-07,597.3865356445312,608.6935363191911,595.5020355320879,605.8667861505262,38249.908,4.711144417036735,-0.00010719152066940296,-3.769105757095872,60.47790745422821,605.8668212890625,590.8850524902343,578.4462707519531,-49.29585974273599,-0.6788571416587577,1.7520315974306127,False,33.33333333333333,46.153749508992966,59.77804203736385,3.580153533375408,26.3829345703125,333122.3966116718,43.56531203328814,1
2022-01-10,605.8668823242188,607.7513827358026,590.7908790315477,591.7331292373397,38289.77,-14.133656913186542,-0.9421535833885173,-4.711156500540255,64.68789156434076,608.1282348632812,594.5598388671875,580.3671936035156,-38.80590751416725,8.395018113721184e-06,2.6063907875217285,True,50.0,55.93229342422314,54.54154601501906,3.1995075627081615,36.74786376953125,362903.32883389405,36.25213921065895,1
2022-01-11,613.40478515625,613.40478515625,602.0977845082085,608.6935348862327,33196.585,16.960405648893015,5.653402420447378,11.306905476660859,67.99386422745727,607.185986328125,598.7999572753906,582.8525909423828,-27.69236251093589,0.7220147682173995,3.265028617787871,True,50.0,67.27258812531085,56.45287701950898,3.2066904690009306,42.40118408203125,396099.91383389407,64.43276777266063,1
2022-01-12,621.8850708007812,621.8850708007812,612.4625697280421,619.0583204789596,38860.063,10.36478559272689,8.48028564453125,10.364785219833607,71.29239866251723,609.0704833984375,603.0400817871093,585.8557952880859,-13.846184733954866,2.0092711718396576,3.923367073581684,True,50.0,83.33330365204439,68.84606173385946,3.509412435351349,42.4012451171875,434959.9768338941,101.61445283583184,1
2022-01-13,622.8273315429688,623.7695816663318,617.1738308027905,620.0005811728796,38137.411,0.9422606939200477,1.88451086555051,4.711261074748336,71.64659347880988,612.27412109375,607.2802001953125,588.8592163085938,-13.55933041220829,1.8751600368036667,3.335069946770718,True,66.66666666666666,84.31372026617065,78.30653734784197,3.4924455734141677,42.40118408203125,462200.98469103733,99.38668905484195,1
2022-01-14,633.19189453125,634.1341443743025,622.827146257673,634.1341443743025,95200.777,14.13356320142293,10.364562707970777,5.653315454882545,75.30302552106285,619.4351928710937,612.6510070800781,592.0157440185546,-1.694922673479055,2.830886395547517,4.2803281796641475,True,83.33333333333334,97.82607554922014,88.49103315581173,3.869342705466039,53.70806884765625,541534.9655243694,135.55476723375065,1
2022-01-17,643.556884765625,648.2681357521961,638.8456337790539,645.4413851602535,59614.236,11.307240785950967,14.133991377893608,16.018487521380848,78.34906409447531,626.973193359375,617.5507141113281,595.5962951660156,-6.849310521356329,3.224193342248268,5.076933911245645,True,100.0,91.80327793048855,91.31435791529312,4.464556839215788,48.9970703125,541534.9655243694,182.80988823743397,0
2022-01-18,623.7695922851562,641.6723449338239,623.7695922851562,638.8455945156132,43593.33,-6.59579064464026,-6.595790818372279,-15.076041493897606,62.337109693625486,629.0461547851562,618.1160705566406,598.6114990234375,-37.142882145772674,-0.4261654294306214,1.2361452539395168,False,83.33333333333334,57.37697853934131,82.33544400634999,3.2309818619361046,5.653564453125,497941.63552436937,73.1616552268637,0
2022-01-19,616.2315673828125,621.8850680010034,613.404817073717,614.3470671767489,40381.333,-24.498527338864392,-19.78727693282042,-10.364775211439223,57.457169342450406,627.9154541015625,618.49296875,601.2969116210937,-55.737817351109996,-1.7034049844940977,-0.27954243116841526,False,66.66666666666666,44.26218264889001,64.48081303957328,1.6901789171804715,3.76898193359375,484481.191191036,-3.24738491273398,0
2022-01-20,613.40478515625,619.0582854802707,608.6935348862327,612.4625351022465,46474.584,-1.8845320745023173,-2.8267825207327633,-4.711282187484358,55.67419480415027,626.0309448242188,619.1525329589844,603.6996459960938,-60.65590563131664,-1.9332185352995173,-0.6738767212070378,False,50.0,39.344094368683365,46.994418518971564,0.3343911124319874,6.59564208984375,480256.2290092183,-32.19122980685832,0
2022-01-21,603.982177734375,608.6934271706806,600.2131781853305,606.8089273961583,49577.684,-5.6536077060882235,-10.36485830959009,-8.48035670090212,50.028870227938526,620.1890014648437,619.8120971679688,605.3485748291016,-77.04953323200546,-2.952324415166436,-2.087596692718757,False,33.33333333333333,7.843102439119033,30.48312648556413,-1.2560524497409133,6.59564208984375,474747.5974536626,-100.30147166732452,1
2022-01-24,615.289306640625,617.1738068141032,600.2133052527996,602.0978054262778,47134.502,-4.711121969880537,8.480379643422566,0.00012706746906587796,55.88476633132,614.5354858398438,620.7543395996094,607.6570892333984,-57.37718011117887,-0.659228456855729,-0.36872059730273593,True,33.33333333333333,31.372680819282635,26.186625875695004,-1.5844138733942899,9.42242431640625,511407.7656758849,-66.80614036635538,0
2022-01-25,603.982177734375,607.7511772834195,601.1554280725917,605.8666775088973,52318.736,3.7688720826195095,-9.422629530683707,0.9421228197920755,49.55031278414928,610.5780029296875,619.8120788574219,609.3060180664063,-77.04953323200546,-1.435176115510794,-2.2866030649860027,False,16.666666666666664,7.843102439119033,15.686295232506895,-2.544091317650789,-9.422607421875,503933.6605330275,-106.66718191696685,0
2022-01-26,599.2711181640625,603.9823690930253,598.32886797827,598.32886797827,29957.189,-7.537809530627328,-3.768808190394111,-2.826560094321735,47.12258687388203,607.1859130859375,617.55068359375,610.2953826904297,-98.1132078466627,-1.5479717836159126,-2.9624787057767223,False,16.666666666666664,1.8867921533373062,13.700858470579654,-3.4224133014494384,-22.61395263671875,483962.20119969395,-104.31035611552602,0
2022-02-07,598.328857421875,606.8091089443898,594.5598567452017,606.8091089443898,56836.469,8.480240966119823,2.8267398513644366,-3.769011233068227,46.62415558773112,604.1707275390625,615.1008361816406,611.1905181884765,-92.98245867051067,-1.2185506138433875,-2.9175584365394793,False,16.666666666666664,7.017541329489325,5.58247864064855,-3.9553838601944573,-24.49847412109375,462102.0208150788,-87.8686142281148,0
2022-02-08,591.7330322265625,607.7512830989376,591.7330322265625,607.7512830989376,39718.217,0.9421741545478426,0.9421741545478426,-2.826824518639228,43.139663184812335,601.7208984375,610.9549499511719,611.802978515625,-100.0,-1.721439019865643,-3.5947304102593196,False,16.666666666666664,0.0,2.9681111609422057,-4.595737794635227,-41.4588623046875,422383.8038150788,-90.00365268823546,1
2022-02-09,596.4442749023438,600.2132750597045,593.6175247843231,598.3287749810241,30048.791,-9.42250811791348,-7.538008039233091,1.884492557760609,46.26870079504098,597.9518920898438,606.2436889648437,611.8972015380859,-91.6666948816232,-0.7318380244015085,-2.477854878187345,True,33.33333333333333,15.624957170470198,7.547499499986503,-4.537763865004991,-47.11260986328125,418091.11938650766,-85.21295063334266,1
2022-02-10,611.5203857421875,611.5203857421875,600.2133832323166,602.0978836506284,34587.133,3.769108669604293,11.307110682482971,6.595858447993464,54.92746222719005,599.4595336914062,605.0187683105469,611.5674194335937,-64.99988099136814,1.8838432768135598,0.28329933220870385,True,33.33333333333333,72.41416330858617,29.346373493018785,-3.373326494470531,-12.24920654296875,452678.2523865077,29.304974195948095,1
2022-02-11,612.4625854492188,612.4625854492188,604.924584397536,608.6935849233774,26723.278,6.595701272749011,0.94219970703125,4.71120116521945,55.4172829656548,602.0978271484375,604.6418701171875,611.5674194335937,-58.49051158519028,1.8010963115544079,0.8664222726180525,True,50.0,81.4816119349146,56.50691080465699,-2.4707257017090907,-3.76898193359375,479401.5303865077,74.697901100901,0
2022-02-14,600.21337890625,603.9823797157084,598.3288785015208,603.0401295133438,27826.382,-5.653455410033644,-8.480205733510388,-6.595705896015261,48.016624865664426,602.4747314453125,603.3227294921875,611.2376312255859,-71.87471272876354,-0.26095312955614436,-0.8302937176442742,False,50.0,33.33368113658244,62.40981879336107,-2.615768274005978,-13.19140625,470126.0697198414,-37.810015704215495,0
2022-02-15,596.4442749023438,602.0977751383849,596.4442749023438,596.4442749023438,21970.46,-6.59585461100005,-1.8846045773234437,-1.8846035991770123,45.956512538626555,603.4169799804688,602.5689392089844,611.1905181884765,-82.75864954648898,-0.8355168723365494,-1.1838209615639959,False,50.0,22.7271790432614,45.84749070491947,-2.8627078419962384,-7.53790283203125,448155.6097198414,-64.13931168664536,1
2022-02-16,608.693603515625,608.693603515625,603.0401025541796,607.7513533553841,25191.741,11.30707845304039,6.595828377240082,6.595827651835862,53.09178987317271,605.866845703125,601.9093688964844,611.3318542480469,-33.33311754835973,0.7276538721521535,0.9112288102096765,True,66.66666666666666,81.8183156524837,45.95972527744251,-2.131785854724261,-6.595703125,473347.3507198414,76.76197327795722,0
2022-02-17,607.7512817382812,608.6935317874879,603.9822815414547,606.8090316890746,18135.08,-0.9423216663095673,-7.172813707256864e-05,0.9421789872750423,52.50997501722975,605.1130249023438,602.286279296875,611.0491790771484,-37.0370998076312,0.25905852774750165,0.7025705623106255,False,50.0,77.27252652127443,60.60600707233984,-1.6632768659544848,3.76910400390625,484228.3987198412,67.44782094673127,0
2022-02-18,600.21337890625,602.0978793109792,599.2711287038854,601.1556291086146,20804.191,-5.6534025804600105,-6.59565247650869,-4.711152837569216,47.92671044003526,602.66318359375,602.3805053710937,609.9655944824219,-59.090547738293985,-0.6756681346467972,-0.33897336301011965,False,33.33333333333333,40.909452261706015,66.66676481182138,-1.8009269062335296,0.9422607421875,477293.6683865073,-30.302225258162043,0
2022-02-21,595.5020141601562,599.2710142497775,595.5020141601562,596.4442641825616,23797.502,-4.7113649260529655,-2.8268650612017154,-3.769114543729188,45.23462484893791,601.7209106445313,602.0978210449218,608.5993286132813,-81.8183156524837,-0.9921766030143412,-1.0051012019741175,False,16.666666666666664,9.999911432195843,42.72729673839209,-2.126802106055529,-2.82684326171875,453496.16638650734,-79.40963435318326,0
2022-02-22,590.7908325195312,593.6175829143616,588.9063322563111,591.7330826511413,34086.593,-4.711181531420266,-5.653431335415917,-6.595681903845161,42.6229085097237,600.5902221679687,602.0036010742188,606.4792755126953,-91.99999996694063,-1.5183214059083205,-1.6727638351445375,False,16.666666666666664,8.000000033059369,19.636454575653737,-2.5487111753232345,-0.94219970703125,446678.8477865067,-139.0973730691804,0
2022-02-23,588.9063110351562,592.6753114257813,587.0218108398437,587.9640609375,31953.054,-3.7690217136413366,-0.9422714885803316,-1.8845214164673507,41.575414834390884,596.632763671875,601.2498046875,603.7467468261718,-92.59259899021288,-1.6264441708704267,-1.8581537842507088,False,16.666666666666664,7.407401009787129,8.469104158347442,-2.8224953669932122,-7.5379638671875,436027.8297865067,-134.8312658567919,0
2022-02-24,569.1190185546875,583.2527690154827,569.1190185546875,582.310518984763,73663.161,-5.653541952736987,-9.422542410298547,-17.902792285156238,32.44271210769503,588.9063110351562,597.00966796875,601.0142181396484,-100.0,-3.872685028240779,-4.8569258626543625,False,0.0,0.0,5.135800347615494,-4.125165518266422,-42.4013671875,362364.66878650675,-204.1258715307561,0
2022-02-25,569.1190185546875,573.8302687082859,565.3500184318087,565.3500184318087,89012.516,-16.960500552954272,-9.422500307196856,-3.769000122878765,32.44271210769503,582.6874389648438,592.6753112792969,598.6585906982422,-92.00001111914372,-2.8157740881245963,-4.493353656943991,False,0.0,8.695635387775164,5.367678799187426,-4.732252468263807,-43.34356689453125,352474.389230952,-160.7670404116969,0
2022-03-01,569.1190185546875,574.7725187390056,564.4077684010891,564.4077684010891,66720.867,-0.942250030719606,0.9422500307197197,-0.942250030719606,32.44271210769503,577.41083984375,589.5658752441407,596.444302368164,-90.19609179059034,-1.948054759034545,-3.92365448804168,False,0.0,10.638277773048035,6.444637720274394,-4.86075108169333,-31.0943603515625,346408.8558673154,-118.05556639505771,0
2022-03-02,566.292236328125,570.0612362371309,565.3499863508736,566.292236328125,40693.457,1.884467927035871,-4.711282501874734,0.9422179497844354,31.172697329854927,572.5111206054687,586.5506713867187,594.5598052978515,-95.74476145213904,-1.609830308534372,-3.775861306185374,False,0.0,4.255245439925363,7.863052866916182,-4.851863690785711,-30.15203857421875,321992.781667315,-96.6759055681535,1
2022-03-03,567.234619140625,571.9458701301651,566.292368942717,568.176869338533,33792.42,1.884633010408038,1.88463389303422,0.9423825918433977,32.138829478385716,568.1767822265625,582.4047729492188,592.1570709228515,-93.61680606852096,-0.769216354799175,-3.163526909467519,True,16.666666666666664,7.500245213643265,7.464589475538883,-4.505733619567268,-41.458984375,299464.5016673152,-72.50340756649764,0
2022-03-04,560.6388549804688,562.5233553333443,557.8121044511555,560.6388549804688,55917.115,-7.538014358064288,-9.422514796820792,-8.480264491561456,29.0277216970791,566.4807495117187,577.6935302734375,589.9899047851562,-94.4444433020112,-1.1080224599976642,-3.7995064057727435,False,16.666666666666664,6.818197929090741,6.191229527553118,-4.437168531066312,-47.1124267578125,310647.9246673147,-96.65637475456687,0
2022-03-07,542.7360229492188,547.4472731484307,541.7937729093763,546.5050231085883,86496.56,-14.133831871880489,-15.076082184913616,-16.018331541779162,22.560949591732665,561.204150390625,571.9457946777344,587.1631500244141,-98.59154942313148,-3.5175915927960815,-5.984770318286455,False,16.666666666666664,1.8181797898528982,5.3788743108622965,-5.257647543174999,-57.47735595703125,252983.55133398192,-163.48208224405175,0
2022-03-08,530.4867553710938,537.0825054378746,528.6022553520135,528.6022553520135,79029.914,-17.902767756574804,-10.364767710556066,-13.191517557362886,19.34429481333413,553.4776977539062,565.4442687988281,583.771044921875,-97.43590173459518,-4.603225821027111,-7.0701582484793395,False,16.666666666666664,2.941173926385925,3.8591838817765165,-6.219570790402543,-65.0152587890625,209078.04355620485,-181.72811240199118,1
2022-03-09,535.1981811523438,539.9094327469946,534.2559308334136,534.2559308334136,52155.415,5.653675481400114,2.8269273091200375,5.653675481400114,23.89710010660572,547.25888671875,559.8850036621094,580.944302368164,-90.66641907512121,-2.7674544877265794,-5.34645645216216,True,33.33333333333333,12.06928418083523,5.609545965691346,-6.123155451005868,-55.5926513671875,174307.76688953818,-114.82088834144542,1
2022-03-10,553.100830078125,554.9853303509636,548.3895793960286,551.2163298052864,45630.467,16.96039897187279,15.075897603968997,14.133648562615008,38.32778742109416,544.43212890625,556.3044555664062,578.7771301269531,-62.31877059664431,0.8879965603242488,-1.5651161350801481,True,50.0,53.06137095378515,22.690609687002098,-4.51265928650724,-35.80548095703125,193863.68131810892,-26.698931710291628,0
2022-03-11,541.7938232421875,548.3895741338315,540.8515731148098,547.4473240064539,38943.098,-3.769005798832495,-6.595756217132134,-7.538006281218827,33.89893882048743,540.6631225585937,553.5719360351562,575.2908020019531,-79.41167676630488,-0.40415785362689516,-2.8716185026297865,False,33.33333333333333,28.571567330262607,31.23407415496099,-3.8913981919164566,-27.3251953125,164656.35781810922,-56.0793904966426,0
2022-03-14,538.9671020507812,543.6783529428336,538.9671020507812,540.8516024076022,33919.577,-6.595721598851696,-4.71122119099789,-1.884471064028503,32.863291178114395,539.9093383789062,550.5567443847656,571.6160278320312,-81.03431056001932,-0.2615472888973963,-2.652098362191593,False,33.33333333333333,23.913203252241065,35.182047178762936,-3.3726767056709086,-30.15191650390625,130736.78081810923,-60.086437060429425,0
2022-03-15,525.7755126953125,530.4867628090698,525.7755126953125,529.5445127863184,74092.231,-11.307089621283808,-13.191590133763839,-13.19158935546875,28.439888145225623,538.96708984375,546.2223937988281,567.8941345214844,-100.0,-2.1910718971705276,-4.411143096534519,False,33.33333333333333,0.0,17.494923527501218,-3.5991919564433665,-43.343505859375,56644.549818109226,-111.7587622392885,1
2022-03-16,528.3795166015625,535.0079334764926,525.5387665123068,534.0610167800739,43438.327,4.5165039937555775,4.52117066742278,-0.23674618300572092,30.45565520989794,537.6033569335938,542.4311218261719,564.4908966064453,-94.23007599303955,-1.642393286588148,-3.341121134667739,True,50.0,7.680902180639766,10.53136847762694,-3.2646917055124174,-37.9127197265625,39269.21901810912,-89.83170307484173,1
2022-03-17,551.1055908203125,552.0525076430278,544.4771730613053,547.3179235294513,60959.9,13.256906749377322,17.0445741665352,18.9384065489985,45.16246856633498,537.2043090820313,540.8182189941406,561.6114959716797,-44.907519938031335,2.0842426314139115,1.0938738475964673,True,50.0,86.8244744890815,31.501792223240415,-1.304508451384855,-16.1290283203125,84989.14401811003,61.3751606392227,0
2022-03-18,550.1586303710938,551.1055471187204,545.4240466329604,551.1055471187204,46242.43,3.787623589269174,-0.9469605243073147,0.9468735716551464,44.7324615526666,538.8772705078125,539.7701965332031,558.7318634033203,-46.94807057660715,2.0014833206768436,1.1696765397657733,False,33.33333333333333,83.60861387319667,59.37133018097264,0.06408083985364321,-10.480224609375,115817.4306847764,78.4948504038849,1
2022-03-21,554.8932495117188,557.7339999358402,552.0524990875973,552.0524990875973,21400.273,0.9469519688768742,6.628452817119751,6.628452454636886,47.46094840601708,542.0625,540.9859191894532,556.4658569335937,-20.63050060809488,2.4645430626834592,2.2336818047187452,True,50.0,91.17648756649497,87.2031919762577,1.3525658671213812,12.1572265625,115817.4306847764,107.9356234322546,0
2022-03-22,552.0524291992188,554.8931792637087,546.3709290702388,546.3709290702388,20246.949,-5.681570017358467,-2.8408206721314855,-5.681570017358467,45.97527498095012,547.3178833007812,543.1424865722656,554.2933776855468,-17.64724194379793,1.531087020615889,1.8445504339890986,False,50.0,82.35275805620206,85.71261983196457,2.0367689598620125,21.565673828125,122566.4136847764,64.94300312622966,1
2022-03-23,558.680908203125,558.680908203125,554.8932410288666,558.680908203125,25902.069,12.309979132886156,3.787728939416297,8.52231195862771,49.962248998728924,553.3781616210938,545.4907592773437,552.6878814697266,-0.0,1.7241415396404458,2.815363301966977,True,66.66666666666666,100.0,91.17641520756565,2.906019138121801,23.48272705078125,148468.4826847764,97.58112251344916,1
2022-03-24,559.6278686523438,560.5747855197758,553.9463674477514,555.8402011826155,20060.758,-2.8407070205095124,1.8938773166507872,-0.9468735811151419,50.53121795954659,555.0826171875,546.1434631347656,551.2239593505859,-2.702695381088167,0.9393765131872513,2.5314125779432075,True,66.66666666666666,97.29730461891184,93.21668755837129,3.476481067375161,6.52703857421875,162797.59554191935,92.57334085817584,1
2022-03-25,566.2561645507812,566.2561645507812,563.415414561396,565.3092478876529,26122.381,9.469046705037385,5.681379031005463,9.469047113644592,54.48325158440481,558.3021240234375,548.589697265625,551.0808166503906,-0.0,1.6718511806110878,3.2561789038718323,True,66.66666666666666,100.0,99.09910153963727,4.184409705827591,24.46234130859375,188919.97654191934,120.54581125794553,0
2022-03-28,552.9993896484375,554.8932231746307,549.2117225960509,550.1586393591475,26391.576,-15.150608528505359,-11.362941376150502,-14.203691965345115,46.396102210057556,557.9233520507812,549.9929260253906,550.2748352050781,-32.558010926477245,-0.7927520562827681,0.8403752292705702,False,66.66666666666666,67.44198907352275,88.24643123081152,3.662833145915876,14.03228759765625,197717.1685419197,23.036796974889874,1
2022-03-29,557.7340698242188,557.7340698242188,552.9994851907364,554.8933190441294,14892.032,4.73467968498187,2.840846649588002,3.787762594685546,49.32667922463626,559.0596801757813,553.1887817382812,549.7055877685547,-20.929860789507835,-0.02827343714045769,1.4579929367163276,True,66.66666666666666,60.870113151563785,76.10403407502884,3.537792746390169,31.95855712890625,212609.2005419197,42.27387637147674,1
2022-03-30,568.1500854492188,568.1500854492188,565.3093350219726,567.2031686401367,41230.239,12.309849596007325,10.416015625,12.309849831236193,55.20419315884868,560.953515625,557.1658386230469,549.7984802246094,-0.0,1.3513519398897553,2.89757042378172,True,83.33333333333334,100.0,76.10403407502884,4.022354564817636,39.77056884765625,253839.4395419197,155.84962114007547,0
2022-03-31,565.309326171875,570.0439101431638,562.4685757891018,570.0439101431638,22700.114,2.8407415030270613,1.893824693945021,-2.8407592328708233,53.362686231645846,562.0898071289063,558.5862121582031,549.7022155761719,-10.638284892549175,0.6462479448646042,1.7758217387915827,False,66.66666666666666,80.00005171843874,80.2900549566675,4.008417548562184,14.2037353515625,248164.41104191946,106.99597706737723,0
2022-04-01,557.7340698242188,557.7340698242188,552.9994851907364,553.9464021174329,29732.696,-16.097508025730917,-12.309840318945021,-9.46909059836537,48.642405829568126,560.3853881835937,559.3437561035156,549.5569763183594,-48.14787385473515,-0.646600432383761,-0.028275260011775067,False,50.0,48.00046398455523,76.00017190099798,3.371481184885118,7.575439453125,277897.1070419195,-33.2868171558238,0
2022-04-06,547.31787109375,549.2117045577422,544.4771208977617,547.31787109375,37645.873,-6.628531023682854,-8.522365266476527,-8.522364292974771,42.94423495022666,559.2490844726562,558.5862182617187,549.7860687255859,-88.88890517803596,-1.95081545591687,-1.8398025774225075,False,33.33333333333333,11.111094821964048,46.370536841652665,2.1884635629061044,-7.57537841796875,285426.2816419195,-137.7349603562108,0
2022-04-07,535.954833984375,542.5832506590934,535.954833984375,540.6894173234596,42904.743,-6.6284537702904345,-6.628453898648786,-8.522286913386665,37.689885330777585,554.8932373046875,556.9764587402344,550.05947265625,-100.0,-3.4953257151797756,-3.673249976796591,False,33.33333333333333,0.0,19.703852935506422,0.6597755616681615,-16.09759521484375,242521.5386419195,-189.49188583849488,1
2022-04-08,536.90185546875,539.7426060267857,535.9549386160714,536.90185546875,28024.587,-3.7875618547095655,-2.8406446323077716,0.0001046316964448124,38.37540846892211,548.6435913085937,554.7985534667969,550.1446563720704,-97.22192094627698,-2.7166086052327723,-3.2423144841101674,True,33.33333333333333,2.7780790537230238,4.629724625229019,-0.22134016653129152,-21.779052734375,228509.2451419195,-132.24311902389948,0
2022-04-11,528.3795166015625,535.954850172911,528.3795166015625,533.1141000836553,36820.094,-3.7877553850946697,-3.7877558538746143,-7.575422014508945,34.63463265809527,541.2576293945312,551.6737182617187,548.9085906982422,-100.0,-3.0969694275307913,-4.438428340250888,False,16.666666666666664,0.0,0.9260263512410032,-1.2541885735753793,-31.24835205078125,191689.1511419195,-130.40036519270583,0
2022-04-12,527.4326782226562,534.0610960818278,522.6980940375337,524.5919277115827,30671.407,-8.522172372072646,-1.893754091083224,-5.681422564028821,34.230220703806395,535.1973510742188,547.7913696289063,548.1905334472656,-89.9999945622237,-2.1376228683934,-4.15829802893476,False,16.666666666666664,10.00000543777629,4.2593614971664335,-1.8416871711031844,-38.823486328125,186577.24997525287,-114.1300736534658,1
2022-04-13,542.5833740234375,545.4241246727748,533.114205192313,534.0611220754254,35865.97,9.46919436384269,11.36302859094701,10.416111154779287,45.366022757552855,534.2504516601563,546.7497680664062,548.3713470458985,-57.999921383678135,1.1474074903268046,-1.1500771910062852,True,33.33333333333333,42.00007861632187,17.333361351366047,-1.08774688643759,-10.416015625,205889.69535986835,-36.200445643827784,0
2022-04-14,542.5833740234375,547.3179584389998,542.5833740234375,546.3710415558874,19056.59,12.309919480461986,1.8938337662249296,9.469168831124534,45.366022757552855,535.5761596679688,545.2346984863282,549.2117401123047,-57.999921383678135,1.296413898624757,-0.7935291437671389,False,33.33333333333333,42.00007861632187,31.333387556806674,-0.4969443099872626,-15.15069580078125,186833.10535986835,-8.556715320033778,0
2022-04-15,532.1672973632812,535.9549649601729,531.2203804640583,532.1672973632812,28253.36,-14.20374419260611,-11.362993478826866,-11.36299355937922,39.84613741001943,534.629248046875,541.6364196777344,549.4011291503906,-79.99991529426494,-0.5309674813362684,-2.388181788336266,False,33.33333333333333,27.027086054061634,37.009081095568455,-0.7029611778490956,-35.9827880859375,169881.0893598689,-67.32539903262492,0
2022-04-18,531.2202758789062,535.9548594428894,528.3795257405164,529.326442453313,15800.959,-2.840854909968243,-0.0001055172834867335,-2.840854723541838,39.370999139978125,535.1973999023437,538.2275146484375,548.4068634033204,-82.00013740948239,-0.5319260688230648,-2.1653928087521455,False,16.666666666666664,32.14266813973527,33.723277603372914,-0.7917141212103651,-34.08905029296875,165930.84960986866,-70.00674459439294,1
2022-04-19,535.0079956054688,538.7956628309943,533.114161992706,535.9549124118502,16614.705,6.628469958537153,2.8408033881048596,4.734636252189603,42.36942491293767,536.7124633789062,535.9549072265625,547.6493316650391,-74.00002242970895,-0.029493085034859666,-0.9640667881263929,True,33.33333333333333,49.999875576902156,36.389876590233015,-0.4983511330332506,-22.72607421875,160392.61460986844,-14.569451707168396,1
2022-04-20,539.7425537109375,539.7425537109375,532.1672196237664,539.7425537109375,27606.307,3.7876412990873405,0.9468908799432256,-0.9469423689396308,46.010364416841114,536.1442993164062,535.1973754882813,546.891796875,-51.35154854205223,0.4700285039221438,0.3079583335621701,True,50.0,69.23051807055786,50.45768726239843,0.08069700200974506,-7.5753173828125,187998.92160986844,26.66623616771387,0
2022-04-21,535.0079956054688,540.689496443757,535.0079956054688,540.689496443757,18383.65,0.9469427328194797,0.9469427328194797,2.840775981702336,43.0437623470349,534.6292236328125,535.1026916503906,546.0395751953125,-53.57138719921784,-0.17667899518571986,-0.2207493457215461,False,33.33333333333333,49.999875576902156,56.41008974145405,0.2039715926056509,-0.94683837890625,169615.27160986845,24.05482235921351,0
2022-04-22,528.3795166015625,529.3264332979811,527.4325999051439,528.3795166015625,29283.846,-12.30997984219448,-11.363063145775868,-7.5753957003248615,39.18501264771126,533.8716674804688,534.2504577636719,544.5245056152344,-76.92342057054344,-0.9760513805330766,-1.1660616566497497,False,33.33333333333333,23.076579429456558,47.43565769230552,-0.08621660211008741,-8.5223388671875,169615.27160986845,-99.74987786982506,0
2022-04-25,517.9635620117188,522.6981466736174,517.016645079339,520.804312808858,43389.591,-7.575203792704542,-6.628286624363682,-10.415954825804874,33.965310446761336,531.2203247070313,533.2088623046875,542.4412902832031,-96.8749970631955,-2.495528530029302,-2.84190614448324,False,33.33333333333333,3.1250029368045102,25.400485981054402,-0.8618544544585358,-10.41595458984375,140688.87760986845,-177.25402712900515,0
2022-04-26,517.0165405273438,521.7511242318066,515.1227070455586,520.804207490914,35825.421,-0.00010531794396229088,-0.9470224418108728,-1.8939380337803868,33.522405808381734,527.6220336914063,532.1672485351562,539.9793090820312,-94.11766207804504,-2.238142963056659,-2.717155783789034,False,33.33333333333333,5.882337921954966,10.694640096072007,-1.2948529993139895,-10.4161376953125,125335.1257527256,-148.86728471292446,0
2022-04-27,498.0782470703125,503.7597479874643,498.0782470703125,501.86591434841375,55941.533,-18.938293142500243,-17.991376244342234,-17.044459975246127,26.098136602103637,519.2891723632813,527.7167358398438,537.233251953125,-100.0,-4.71014217048021,-5.833208556410454,False,16.666666666666664,0.0,3.0024469529198208,-2.635603079537658,-44.505126953125,69393.59275272558,-196.7712474135042,1
2022-04-28,502.8127746582031,503.75969137130704,495.2374409533714,501.86585794509915,45380.836,-5.640331460199377e-05,-5.6616157280586776e-05,-2.84080611694111,30.307614492656043,512.8501281738281,523.7396759033203,534.4871871948242,-85.45457289873866,-2.6581191887586284,-4.567928987320224,True,16.666666666666664,16.666647136418582,7.516328352791178,-2.9582786937641785,-39.770599365234375,104689.79853050383,-133.62098262960268,1
2022-04-29,509.441162109375,517.9634120331378,506.6004121347874,517.9634120331378,36664.644,16.09755408803869,14.2037206618308,11.362971181416015,35.88525546567112,509.0624572753906,521.4670623779297,531.551741027832,-72.7273809060689,-0.5545393427457035,-2.800374495327334,True,33.33333333333333,31.249898388001625,15.972181841473398,-2.498325539575733,-22.72613525390625,86357.47653050374,-58.31191477028303,0
2022-05-03,502.8127746582031,511.3350250761387,501.86585794509915,509.44119164993083,26317.509,-8.522220383207014,-6.6283869569991225,-4.734554189688254,33.00376447804925,506.0322998046875,518.6263122558594,528.4269134521485,-83.33335286358142,-1.0251683398884364,-3.454551468731004,False,33.33333333333333,16.666647136418582,21.52773088694626,-2.4122695545229487,-28.407501220703125,65303.46933050384,-75.92989623080926,1
2022-05-04,505.65350341796875,508.4942534371708,501.8658367256993,504.70658674490136,16569.622,-4.734604905029471,-2.840771638967908,-2.121939985499921e-05,35.42789828385878,503.7596923828125,515.6908630371094,525.822885131836,-77.08340722500294,-0.062387923245339184,-2.495443428113265,True,50.0,22.916592774997063,23.61104609980575,-1.9552813431631062,-29.3544921875,67670.55818764678,-61.99474471144281,1
2022-05-05,513.2288818359375,515.1227153482472,510.3881315674729,514.1757985920924,20374.772,9.469211847191048,6.628461911076386,8.5222948417736,41.57753152263908,506.7898193359375,513.0394958496094,524.1184356689453,-60.41666171429405,1.5615277138981112,-0.7477491981909545,True,66.66666666666666,52.77786066742153,30.78703352627905,-0.9831453138065154,-26.513671875,71745.51258764697,-6.230498836198167,0
2022-05-06,499.9720153808594,502.81276546825063,498.0781819892652,499.9720153808594,32467.268,-14.20378321123303,-12.309949879996566,-12.309949578207693,35.181086757239314,506.22166748046874,509.53589782714846,522.3192947387695,-89.58336564450978,-1.1235961159266399,-2.7624362623626157,False,66.66666666666666,17.241270037708137,30.97857449337557,-1.066310002074168,-35.035980224609375,65252.05898764697,-83.8710686732356,0
2022-05-09,492.39678955078125,496.1844571627103,492.39678955078125,495.23754025972806,23709.774,-4.734475121131311,-6.628308305540315,-5.681392438483954,32.1024309543737,502.81279296875,505.9376251220703,520.0940414428711,-100.0,-2.286233584730061,-3.495191013192926,False,50.0,0.0,23.339710235043217,-1.441537737668222,-35.98272705078125,41542.28498764697,-124.62109527429367,0
2022-05-10,490.5029602050781,491.4498771166709,478.19304035437153,479.1399572659643,41679.907,-16.09758299376375,-4.734580046039412,-14.203749196409717,31.354122999175544,500.350830078125,503.1915649414062,518.2002136230469,-75.92586929585899,-2.048520314366408,-3.162471592070431,False,33.33333333333333,30.95248882795568,16.0645862885546,-1.6142958682386457,-27.460601806640625,77267.91955907574,-155.35959992484135,1
2022-05-11,493.3435974121094,498.07818088055575,490.50284733104155,490.50284733104155,27157.254,11.362890065077238,6.628303763884844,12.309806976670018,33.876230172361986,497.88884887695315,500.8242706298828,516.4957595825196,-65.95771067468252,-1.169783635802246,-2.0369866176794225,True,50.0,38.09508540707663,23.0158580783441,-1.3452718045540344,-23.672943115234375,70478.60605907574,-76.00606493338287,0
2022-05-12,478.1929931640625,490.50291179996907,478.1929931640625,488.60907816367575,32532.963,-1.8937691673658037,-7.575269080586679,-12.30985416697905,27.909868076840908,490.8816711425781,498.8357452392578,513.2762405395508,-100.0,-3.318440586956433,-4.416397622943619,False,33.33333333333333,0.0,23.0158580783441,-1.9585427584927757,-19.88525390625,37945.64305907574,-140.06288750713531,1
2022-05-13,483.8744812011719,486.71523158004373,479.1398972363854,480.08681402934275,29074.177,-8.522264134333,-3.7876802199253348,0.9469040723229227,32.754892051558315,487.66216430664065,496.94191589355466,510.3407958984375,-85.71428665156157,-1.1923954109138053,-2.7438508434712365,True,33.33333333333333,15.38459457878753,17.826559995288047,-1.758751082603549,-18.93829345703125,45214.187309075794,-99.77947512598526,1
2022-05-16,492.39678955078125,496.1844571627103,490.5029557448167,493.3437064537635,21163.106,13.256892424420755,9.469225582666581,11.363058508431266,39.41759329965152,487.66216430664065,495.2374786376953,508.3522705078125,-64.28552479299299,0.807761447480161,-0.9366425158765533,True,50.0,38.46169303922244,17.94876253933665,-0.8745178466234247,-17.04437255859375,38159.81864240927,-21.471979528457087,1
2022-05-17,501.8658752441406,504.70662548137165,492.39670778670404,493.3436245324477,24496.974,-8.192131582518414e-05,8.522168318661329,1.8937520418873532,45.91320768698902,489.93474731445315,495.1427886962891,506.8845504760742,-40.47615601432433,2.41545192727164,0.9844368115952717,True,66.66666666666666,64.10251873006543,39.31626878269179,0.45477145333173574,-0.9468994140625,51350.49695010144,40.13374031068334,1
2022-05-18,509.441162109375,512.2819120839627,505.65349547659156,512.2819120839627,30568.176,18.938287551514975,7.575286602591007,13.256787689887517,50.54124147932183,493.1542602539063,495.5215545654297,505.60620880126953,-15.384771135119305,3.2959880678530675,2.508720719920038,True,83.33333333333334,91.66664692047684,64.74361956325488,1.8714353972831024,3.78765869140625,55717.37923581535,113.56453415759853,0
2022-05-19,494.29058837890625,499.0251725587808,492.3967547069564,495.23750521488114,29019.751,-17.044406869081513,-13.256739525181843,-13.256740769635144,42.59005324236965,496.373779296875,493.6277252197266,503.33361053466797,-56.41019140474983,0.19194330513389754,-0.39751372499610427,False,66.66666666666666,47.22236939419756,67.66384501491326,1.8140234992085382,-18.93829345703125,43280.34309295828,17.021622712454885,1
2022-05-20,501.8658752441406,503.75970873562795,495.237458023935,496.18437476967864,22651.205,0.9468695547975017,4.7345361768471435,2.8407033169785905,47.127143981020225,499.97205810546876,493.8171112060547,501.67650451660154,-35.897481269934566,0.9203391667557648,1.1933129628199386,True,83.33333333333334,69.4445081573372,69.44450815733718,2.2818758524822513,1.89385986328125,55864.345870736026,73.75896628511954,0
2022-05-23,499.9720153808594,505.6535155556419,499.9720153808594,504.7065988598448,17054.17,8.522224090166162,1.8938068200139355,4.73455735692437,46.13279819877705,501.4871032714844,494.5746337890625,500.2561294555664,-36.11113843776696,-7.12116628454798e-06,1.0365080546214136,False,66.66666666666666,63.88886156223304,60.18524637125592,2.4449283897891814,7.575225830078125,38810.17587073603,72.95578498025317,0
2022-05-24,492.39678955078125,502.8128754835862,492.39678955078125,501.86595858060394,17802.308,-2.8406402792408585,-2.8406400720556917,-7.575225830078125,42.24357158128532,499.5932861328125,494.76401672363284,498.97779083251953,-58.3330981539958,-1.5151369799571177,-0.3672252895628046,False,50.0,41.666901846004194,58.33342385519146,2.040246834311972,1.893829345703125,21007.867870736027,4.6353293203688635,1
2022-05-25,496.1844177246094,500.919001863203,492.39675041373454,494.2905840691719,22176.476,-7.575374511432017,-1.8938736203832036,-3.913704671276719e-05,44.78272385095882,496.9419372558594,495.0480987548828,497.9361846923828,-47.22207353415368,-0.56925462022691,0.33509217982912665,True,50.0,51.42873952176131,52.32816764333284,2.021435285753025,2.8408203125,18543.814981846976,9.05821593641417,0
2022-05-26,486.7152099609375,497.1312942208019,485.7682932100407,495.23746071900837,28327.403,0.9468766498364403,-3.787707642401074,-6.628457203693813,39.9881048045817,495.42686157226564,495.9003204345703,497.36803283691404,-75.00003793930829,-1.7208456636177898,-1.5168480189215265,False,33.33333333333333,3.5714353268770007,32.222358898214154,1.3948381553903992,8.522216796875,-5062.354184819644,-87.63173683230768,1
2022-05-27,501.8658752441406,501.8658752441406,494.29054127819137,496.18437476967864,27866.643,0.9469140506702729,4.734581023338706,8.522248068150645,49.43703705604604,495.42686157226564,497.6994598388672,497.32068786621096,-30.555491842662803,1.0807340174720346,1.4030570678501453,True,50.0,60.714390255994225,38.571521701544164,1.9881437171290113,17.99139404296875,22804.288815180356,21.163889481425514,1
2022-05-30,517.9635620117188,517.9635620117188,508.49439268792133,509.44130962030107,34476.433,13.256934850622429,16.097686767578125,14.203851409729964,57.240666670393466,499.0251708984375,500.2561370849609,497.74680786132814,-0.0,3.762264443199708,3.9594702967910655,True,50.0,100.0,54.76194186095706,3.370863911923486,25.5667724609375,57280.72181518035,193.5363358368465,1
2022-05-31,530.2734985351562,530.2734985351562,511.3351593017578,513.2289932250977,72405.873,3.787683604796655,12.3099365234375,2.840766613836479,62.117955198277805,506.6005126953125,503.0968994140625,499.1198440551758,-0.0,5.164331050287678,5.610578026240573,True,66.66666666666666,100.00000000000001,86.90479675199806,4.926481175349812,28.407623291015625,129686.59481518036,178.02468535125732,0
2022-06-01,519.8573608398438,525.5388620512082,518.910443971283,520.8042777084045,29155.176,7.575284483306746,-4.734636483948066,7.575284669525217,56.200596358848344,511.33510131835936,504.1385192871094,499.83003692626954,-23.404313313962813,2.171217886372519,3.0663396187026772,False,66.66666666666666,76.59568668603718,92.19856222867907,5.047365532826511,10.41619873046875,108861.46910089451,120.52094557128598,0
2022-06-02,511.3350524902344,516.0696363095884,511.3350524902344,515.1227195457176,21420.89,-5.681558162686883,-9.469225741619766,-7.575391481048655,51.79656122217487,516.2590698242187,505.8429656982422,499.7353454589844,-42.55332810302615,-7.957620106325035e-06,1.2183644981984272,False,50.0,57.446671896973854,78.01411952767035,4.372005939964123,17.044464111328125,87440.57910089451,47.827572013406716,0
2022-06-06,511.3350524902344,515.1227195457176,509.44121896249277,512.2819692541052,17615.003,-2.8407502916123804,-0.9469167638708313,-1.8938335277416058,51.796561222174866,518.1529052734375,506.7898834228516,500.3034973144531,-42.55332810302615,-0.7960888781632061,1.1867525689738823,False,50.0,57.446671896973854,63.829676826661625,3.7668886539773982,9.46917724609375,81568.91143422785,33.54010000490718,0
2022-06-07,506.60052490234375,509.44127550927277,503.7597742954147,506.60052490234375,19497.532,-5.681444351761456,-5.681444036444816,-5.681444667078097,49.24520929340565,515.8802978515625,507.452734375,501.01368408203126,-53.19147155906544,-1.8648722672128561,0.04675598558580103,False,33.33333333333333,46.808528440934566,53.90062407829408,2.9267871420159355,6.628509521484375,81568.91143422804,-4.9944570913556525,1
2022-06-08,515.1227416992188,516.0696585038129,509.4412408716538,510.38815767624794,18835.521,3.7876327739041926,6.628382994540118,5.681466576239131,53.72145224509833,512.850146484375,509.72532958984374,502.24467315673826,-34.04266248242092,-0.12240268548639191,1.5083169043942224,True,33.33333333333333,65.95733751757908,56.73751261849583,2.8227852956123085,22.7259521484375,95022.8550056567,33.667468724998976,0
2022-06-09,512.2820434570312,513.2289603580609,508.49437585291275,509.4412927539424,16338.602,-0.946864922305565,-2.840698145751958,-0.9468650187410503,52.052144825217,511.3350830078125,511.33509216308596,503.19159545898435,-40.42550741356072,-0.09232845360821061,0.7448852530300498,False,16.666666666666664,50.00006544864357,54.2553104690524,2.4540200169723243,16.097625732421875,104826.01620565639,7.030182549206779,0
2022-06-10,501.8658752441406,504.70662548137165,500.918958498397,501.8658752441406,21357.13,-7.575417509801753,-8.522334876689285,-7.575417354515764,46.297511330437786,509.4412475585938,512.8501586914062,504.37523956298827,-63.82988929832981,-1.547994103227405,-1.4564697774592708,False,16.666666666666664,3.225793163707753,39.72773204331012,1.449595429721696,15.150665283203125,94147.45120565606,-112.89132594659404,0
2022-06-13,488.60906982421875,491.4498202301735,487.6621530222338,490.5029034281886,32854.092,-11.36297181595205,-13.25680525119816,-13.256805476163208,40.136672317659986,504.89605102539065,511.52447814941405,504.6119689941406,-93.61697897262616,-3.43106803666627,-3.9404307079071206,False,16.666666666666664,2.222217558696436,18.48269205701591,-0.0851812523157951,-13.256805419921875,77720.4052056568,-210.72073562777547,0
2022-06-14,485.768310546875,486.7152273315667,480.0868098387244,480.0868098387244,36304.444,-10.416093589464197,-4.734592898606763,-7.575343183509403,38.925785066167734,500.7296081542969,508.30495300292966,504.2805450439453,-88.67926763904119,-3.177103162946613,-4.484100736547825,False,16.666666666666664,12.499987198796159,5.98266597373344,-1.2069949466268923,-32.19525146484375,103652.15091994297,-161.8985328677002,0
2022-06-15,481.98065185546875,487.66215266319534,481.033735054181,481.033735054181,35680.283,0.9469252154566448,0.9469253316286199,0.9469252154566448,37.289446212713464,494.1011901855469,503.4756683349609,503.2862838745117,-96.22640571447182,-3.139867382894749,-4.91905686950763,False,16.666666666666664,5.263179784267127,6.661794847253231,-2.0688420359310955,-48.2928466796875,78166.23449137119,-121.2983092557517,1
2022-06-16,483.6467590332031,491.2632434274268,482.69469848392515,490.3111828781488,26909.199,9.277447823967805,3.601090764231458,1.660963429744129,38.52945170226857,488.37413330078124,499.8546081542969,501.99656372070314,-92.9065868122679,-1.7694466364404644,-4.04908106205391,True,16.666666666666664,9.893461264318136,9.218876082460463,-2.3698057387902827,-36.210601806640625,57236.857491371265,-82.44652502307757,0
2022-06-17,476.9823303222656,478.88645140139647,475.07820924313484,475.55423951291755,43566.737,-14.75694336523128,-12.37679202603033,-7.616489240790315,35.46903283697627,483.3974243164063,496.4193359375,501.1311508178711,-96.22652309637552,-1.9514177299957434,-4.5301139765581375,False,16.666666666666664,4.645166524905863,6.600602524497032,-2.8296756586428886,-34.35272216796875,57236.85749137062,-103.59732254585762,0
2022-06-20,474.1260986328125,477.9343403888994,471.26991731574736,476.03021951085594,34209.693,0.4759799979383956,-0.9521110124970846,-3.8082919273874722,34.19898430455021,480.500830078125,492.6984405517578,499.74416198730466,-93.62455844315008,-1.603417953120629,-4.372377025342946,False,16.666666666666664,6.375441556849912,6.971356448691295,-3.1155581352050863,-37.208953857421875,52349.75849137045,-97.7698640364936,1
2022-06-21,480.79058837890625,480.79058837890625,475.07822495262224,476.9823460947169,33223.685,0.9521265838609452,2.856247990006864,3.808307636874872,39.695444914865185,479.5052856445312,490.11744689941406,498.785090637207,-78.74837931944313,0.05024777676820674,-2.5277953048225568,True,33.33333333333333,22.690391326508024,11.23699980275459,-2.6627110341119824,-25.8099365234375,85573.44349137045,-65.06811321074265,0
2022-06-22,470.79388427734375,478.88639796057413,470.79388427734375,476.98227709393166,31034.893,-6.900078523131015e-05,-1.9041904183321208,-4.284340675278486,34.922036651644575,477.26793212890624,485.68456115722654,497.70494537353517,-100.0,-1.5185544880088286,-3.896224941687765,False,33.33333333333333,0.0,9.688610961119302,-2.8277911493612145,-44.328857421875,54538.55049137045,-93.17805461869541,0
2022-06-23,462.2253723144531,469.84185630727626,461.74934206490167,468.4137655586219,43548.94,-8.568511535309767,-9.04454165329787,-9.044542212442082,31.392257120233452,472.98365478515626,480.67889404296875,496.00699310302736,-99.12366075759739,-2.6403750029233923,-4.927660467490342,False,33.33333333333333,1.602769648699021,8.097720325069005,-3.2739333063453806,-50.056671142578125,16113.015197252906,-145.30505141525435,1
2022-06-24,463.17742919921875,468.88979214926053,462.2253687075451,466.03361067423964,27911.98,-2.38015488438225,-0.9520641580157303,0.47602664264343275,32.22264062332273,470.22267456054686,476.81004943847654,494.8301040649414,-97.22591739863998,-1.7337153009181765,-3.8759881396327267,True,33.33333333333333,4.838693186561827,2.147154278420273,-3.2578097786019917,-38.688446044921875,-3824.1133741755293,-126.88449260001664,1
2022-06-27,474.6021423339844,481.7425958294806,471.7459609357859,472.22199116881893,37909.718,6.188380494579292,12.852803680220063,9.520592228240787,41.49277533767778,470.31788330078126,475.40935668945315,493.46691741943357,-70.08004406499575,0.7749307653190244,-0.8589470880593246,True,50.0,43.54829309486807,16.66325197670963,-2.2770266339000003,-14.006927490234375,-20071.13537417553,-2.9900905230002506,0
2022-06-28,473.6501159667969,476.03026730331345,472.22202516488693,472.22202516488693,15274.062,3.399606799803223e-05,-5.712328526167141,0.4760642291010413,40.98321031578829,468.88978881835936,474.1975372314453,491.2512451171875,-59.93069931173517,0.5897256901083937,-0.5694428334341595,False,50.0,40.322605119925115,29.56986380045166,-1.5276925993639061,-12.118194580078125,-23889.65087417553,-17.212644983741527,0
2022-06-29,467.46173095703125,474.6021850958861,467.46173095703125,472.22203371626784,30533.789,8.551380915378104e-06,-1.4280822074273374,-4.760294207855679,37.70009262460642,468.2233581542969,472.7456451416016,488.11065673828125,-80.6450905220453,-0.2539301610822554,-1.5041536891037368,False,33.33333333333333,28.571581991571293,37.48082673545482,-1.2933979664980289,-14.5189208984375,-54423.43987417553,-59.02738969709461,0
2022-06-30,453.1807861328125,463.17742112103633,453.1807861328125,461.27330017089844,46311.432,-10.948733545369407,-11.424763974849782,-14.28094482421875,31.37299381179038,466.41444091796876,469.6990478515625,484.7768280029297,-100.0,-2.691655345839992,-3.963687117764509,False,33.33333333333333,0.0,22.96472903716546,-1.9077025105060628,-30.465972900390625,-100734.87187417553,-171.3749604266568,0
2022-07-01,431.75946044921875,451.2767017705175,430.80739989696025,448.8965503898713,61744.377,-12.376749781027115,-11.900719350518841,-22.37338623585225,24.61350777909064,460.13084716796874,465.1767608642578,480.7980484008789,-98.42519681033197,-6.2693724996200535,-7.684474134931725,False,33.33333333333333,1.8691604789737228,10.146914156848329,-3.4730241044972043,-45.222869873046875,-156735.58589743119,-218.6455342127802,0
2022-07-04,418.9066162109375,429.8553118619052,418.9066162109375,421.762797685103,52445.919,-27.133752704768312,-21.421389908612298,-11.900783686022748,21.571382149503677,448.9917419433594,459.6548126220703,476.17662658691404,-100.0,-7.579207305831138,-9.387335994306705,False,16.666666666666664,0.0,0.6230534929912315,-4.997631823868055,-55.219482421875,-209181.50489743118,-191.0823415401187,1
2022-07-05,424.6189880371094,429.8553208492262,412.2422013902878,427.95119982663823,50084.244,6.188402141535221,8.987320995856862e-06,-6.664414820649711,26.005515671214454,439.1855163574219,454.03765258789065,472.07754974365236,-82.19177495798205,-4.564908136361119,-7.276506292827567,True,16.666666666666664,17.808225042017952,6.559128506997215,-5.220619088094274,-56.171600341796875,-188877.0816541879,-131.85460945604797,0
2022-07-06,414.622314453125,426.04703953564507,414.1462842413533,420.81070720615674,40549.763,-7.140492620481496,-3.8082813135811193,1.9040828510655388,23.472061548169066,428.6176330566406,448.4204956054688,467.05252838134766,-96.57539632394516,-4.704603030126576,-8.468349653908499,False,16.666666666666664,3.4246036760548404,7.077609572690921,-5.606702238712153,-56.17156982421875,-226182.8636141879,-106.22149121545749,1
2022-07-07,435.56768798828125,436.9957787685707,417.4785381046149,420.8107499252903,48151.202,4.2719133546142984e-05,10.948739232925618,3.332253863261599,37.40934755322355,425.0950134277344,445.7547271728516,463.21681060791013,-66.43833925518024,1.347611958924892,-3.0377933673691837,True,33.33333333333333,33.56166074481975,18.26482982096417,-4.087343645099411,-26.657684326171875,-185078.17898004153,-54.58204658167229,1
2022-07-08,444.6122741699219,447.94448607483565,439.375941176486,447.4684558027051,37897.895,26.6577058774148,10.948707306264964,21.897403071871054,42.354846883578745,427.665576171875,443.89821166992186,460.35413055419923,-53.42462004592612,3.7970033991627017,-0.5413039633908681,True,50.0,50.74628351919359,29.24418264668938,-2.2035029323825377,-18.565155029296875,-176656.4245355972,-4.029972495816215,0
2022-07-11,439.8519592285156,447.94447362990604,438.899898710705,445.5643223353794,21941.71,-1.9041334673256642,-1.2444929609500832e-05,-0.4760424657810063,40.51674021111655,431.8546447753906,440.423193359375,457.91627502441406,-60.27395518973042,2.363369472361011,-1.1940819356818233,False,50.0,44.2747996352494,42.86091463308757,-1.0659402416639203,-34.75018310546875,-193978.8271671761,2.0408250695548453,0
2022-07-12,427.9512023925781,436.0437167870985,427.9512023925781,436.0437167870985,23036.423,-9.520605548280912,-11.900756842807539,-10.94869631812685,36.22879753276977,432.5210876464844,435.8533020019531,455.0254196166992,-77.39724913930606,-0.7543687248733961,-3.2292780020603464,False,50.0,30.84113720394365,41.954073452795534,-0.9090199002131811,-45.69891357421875,-217015.2501671761,-35.627831448809516,1
2022-07-13,447.9444580078125,450.3246092193312,443.6601858270789,447.9444580078125,44035.695,11.900741220713996,14.28089243223269,15.708983434500794,46.588489299176814,439.1855163574219,433.9015747070313,453.32360992431643,-44.029880657920636,2.9540462688610534,1.8030985123901393,True,50.0,91.46333697051054,55.52642460323452,0.6624999959520324,-19.51727294921875,-204433.62302431927,77.62547615505918,1
2022-07-14,452.228759765625,454.60891113281247,440.80403320312496,443.66021484375,31936.258,-4.284243164062502,4.284301913481272,-2.8561526239539603,48.54262600113034,442.5177307128906,433.8063720703125,451.7527099609375,-35.87785628021669,2.46270267422264,3.195441460237479,True,66.66666666666666,94.38202451487885,72.22883289644433,2.0342631101935247,-0.9520263671875,-183509.8677829398,101.58213458164192,1
2022-07-15,468.88983154296875,470.31792240046,454.1328926822256,457.94113496886894,51846.909,14.28092012511894,15.709011267647554,13.328859479100629,55.45642285723887,447.3732421875,437.5194091796875,451.3480850219727,-2.4590152866825936,4.917455235338504,6.968332300229465,True,66.66666666666666,97.5409847133174,94.46211539956892,3.994132505415239,37.13037109375,-140812.41331235156,147.72926199290524,1
2022-07-18,471.7459716796875,474.6021531429348,465.08154826544364,471.7459716796875,39179.575,13.804836710818563,4.28423074247479,10.948655583218056,56.548219391620535,453.7520446777344,442.8033447265625,451.2290786743164,-4.580153420542171,4.499117601368357,7.241407367437855,True,66.66666666666666,95.27559273377246,95.73286732065623,5.3297740094382,52.83935546875,-125140.58331235124,143.63129706484185,0
2022-07-19,467.46173095703125,469.3658520607259,463.17745847371833,464.1295190255657,19874.865,-7.616452654121815,-5.236301082208911,-1.904089791725312,54.36760083864373,461.654150390625,447.0876190185547,450.56263580322263,-11.450333082723189,2.50522189136064,5.5535691215503356,False,66.66666666666666,87.50005198180543,93.4388764762984,5.736314971594211,42.842742919921875,-117496.40446619748,101.98890523411738,1
2022-07-20,471.2699890136719,478.8864736845999,467.9377769701409,477.9344131007339,35436.652,13.804894075168193,9.520621623873978,4.760318496422542,56.012470188656295,466.3192565917969,452.75238647460935,450.58644104003906,-11.42856603984263,1.7297531353511002,5.375206328923228,True,83.33333333333334,85.046737795385,89.27412750365427,6.042572309147921,56.647674560546875,-131362.92046619748,103.79296375475862,1
2022-07-21,476.9823303222656,476.9823303222656,470.31790654530784,472.2220276244386,22285.593,-5.712385476295253,-1.9041433623342527,2.3801295751669613,58.462518275549144,471.269970703125,456.8938507080078,451.3242889404297,-2.941207584824091,1.8983043024049677,5.62192710157015,True,83.33333333333334,96.26164087471443,89.60281021730161,6.3776611981913724,41.414642333984375,-109077.32746619749,90.99412379023464,1
2022-07-22,478.8863830566406,480.79050386402287,476.0302018455672,480.79050386402287,25216.4,8.568476239584243,3.8081735417572418,5.71229530025937,59.287093956344194,473.2692810058594,460.3212615966797,452.10973663330077,-3.007521223741653,1.3431706775029992,4.800750900179052,True,83.33333333333334,96.3963929227731,92.56825719762416,6.455683171987889,34.27410888671875,-104034.04746619724,90.61089671865246,0
2022-07-25,475.5542297363281,478.8864415563024,474.1261389563391,476.03025999632445,15245.346,-4.760243867698421,-1.9040623077204941,-1.9040628892281006,57.122232558719716,474.0309326171875,463.89148864746096,452.15734100341797,-9.909809520333106,0.4020106654181481,3.318107140309845,False,66.66666666666666,86.90488547463829,93.18763975737527,6.019614297252273,35.7022705078125,-110132.18586619699,70.24264818266293,0
2022-07-26,471.2699890136719,475.5542616410689,467.4617466782079,475.5542616410689,18024.265,-0.47599835525556955,-3.332179915233496,-6.664392278131231,54.33918575971777,474.79258422851564,468.22336730957034,452.03833465576173,-18.017866597831617,-0.4858379055512633,1.8955375717363796,False,50.0,76.1906597581743,86.49731271852856,5.209702776840753,43.31878662109375,-111192.43674854992,34.518536418227846,1
2022-07-27,477.934326171875,477.934326171875,467.46166165416463,470.31784288626744,17166.365,-5.236418754801434,2.3800645308061235,-8.502404324417512e-05,57.826022065364825,476.1254516601563,471.22235412597655,452.5619644165039,-5.405403956165836,0.5508161183432994,2.63224006314404,True,66.66666666666666,89.28569528353627,84.12708017211628,4.894769524909642,29.9898681640625,-94026.07174854992,51.73915843107502,0
2022-07-28,476.9823303222656,484.59881463878884,475.07820924313484,484.59881463878884,33844.011,14.280971752521396,6.664488466913838,7.616547588970207,57.14597308272774,476.1254516601563,473.6977111816406,453.7520416259766,-17.391305691779976,0.14992927401994513,1.5369048049433065,False,50.0,64.44443452678037,76.64026318949698,4.409375634535042,24.753570556640625,-114332.47834855001,108.26282351458978,1
2022-07-29,484.59881591796875,485.5508764600473,479.8385132075761,483.6467553758902,29045.617,-0.9520592628986151,0.9520618212584395,4.7603039644412775,61.135139229550816,477.2679382324219,475.26860961914065,456.3940093994141,-2.127659680063004,1.478655442594163,2.4918218250815456,True,50.0,95.74467994715748,83.15826991915803,4.379356077472963,15.708984375,-94968.73368188334,158.88439665655704,0
2022-08-01,479.8385314941406,483.6467738075862,476.0302891806951,481.7426526508634,24117.969,-1.904102725026803,-1.904102652461063,-3.808224026881021,57.48656106946414,478.1247985839844,476.07786560058594,459.4406051635742,-18.18176814369311,0.4484356976476603,0.9935765783432869,False,33.33333333333333,68.42126633352274,76.20346026915352,3.836492018642241,8.092559814453125,-94968.73368188352,75.28792788058664,0
2022-08-02,468.41375732421875,472.2219992536839,465.0815456359367,470.31787828895136,39838.155,-11.424774361912057,-11.424774553902296,-10.948743544758372,49.717859259404825,477.5535522460938,476.1730682373047,461.6303436279297,-76.59589226062819,-1.698305882623682,-1.4028093573055413,False,33.33333333333333,16.27904554826512,60.14833060964844,2.5665884850706515,0.9520263671875,-97624.61068188348,-139.39431038748296,1
2022-08-03,476.9823303222656,476.9823303222656,469.3658460057424,470.31790654530784,27603.474,2.8256356472411426e-05,4.760331068581706,4.284300369805692,54.7239642591446,477.3631530761719,476.7443023681641,464.7483444213867,-38.29788610313086,-0.09969838652112444,0.3086694853577216,True,50.0,58.139588385132384,47.6133000889734,2.1776400693030027,5.71234130859375,-70021.13668188348,-32.21663641050828,0
2022-08-04,476.0302429199219,478.88642437744136,471.26994049072266,475.078182434082,26027.618,4.760275888774174,1.904094055175733,1.9040944849802486,54.07141870016536,477.1727355957031,476.6490936279297,466.77147216796874,-46.511698999515765,-0.2327945953755928,-0.04165262496845777,False,33.33333333333333,53.488301000484235,42.63564497796057,1.7486969861359454,-0.95208740234375,-63514.232181883286,-14.63436147281054,1
2022-08-05,491.26324462890625,491.26324462890625,482.6946996644486,484.5988207676614,32784.279,9.52063833357937,12.376820251464892,11.424759173725931,61.983679608690636,478.5056213378906,477.88677978515625,469.104020690918,-0.0,2.4487117552036075,2.7973809084732495,True,50.0,100.00000000000001,70.54262979520554,2.346080867092091,12.376861572265625,-30729.953181883284,170.73730566092215,0
2022-08-08,487.4549865722656,490.3111681342125,484.59880501031876,485.5508655309677,19333.128,0.9520447633063327,-0.9520764946937561,1.904105345870164,59.20214510303649,480.02891235351564,479.07685546875,471.48417205810546,-14.545496293663913,1.5537183630198743,1.8145670305061767,False,33.33333333333333,85.4545037063361,79.6476015689401,2.334914848486545,11.9007568359375,-30729.953181883284,114.79263314266137,0
2022-08-09,485.5508728027344,486.5029333376417,479.83850959329044,482.69469119801244,21164.373,-2.856174332955277,-3.808234796570787,-4.760295417028317,57.78766345386556,483.4563354492187,480.50494384765625,474.3641555786133,-21.818186160133443,0.9567815756067491,1.2993473233257147,False,33.33333333333333,78.18181383986655,87.87877251540088,2.059103180283259,14.2808837890625,-15612.54389616905,58.41068462350922,0
2022-08-10,476.0302429199219,478.88642437744136,475.55421267700194,476.0302429199219,20861.38,-6.6644482780905605,-7.616508960200349,-4.284296916288497,51.12490949396951,483.26591796875,480.3145355224609,475.76844482421876,-58.181868613930796,-1.283320418641692,-0.6951377726007154,False,33.33333333333333,41.8181313860692,68.48481631075727,1.1411138719140013,-1.904083251953125,-30513.529610454563,-39.39413707746495,1
2022-08-11,489.35906982421875,489.35906982421875,485.5508280357034,488.4070093770899,23740.033,12.376766457168003,10.472645446777392,9.996615358701433,58.44271144824138,485.9316833496094,481.5522094726563,477.6249603271484,-7.2729229879192365,1.048486704725789,1.7653785277310472,True,33.33333333333333,92.72707701208077,70.90900741267217,1.3243406985053752,12.376739501953125,-6773.496610454564,88.51179800478293,1
2022-08-12,492.2153015136719,493.16736205818574,489.35911988013027,490.31118042464414,19535.923,1.9041710475542573,3.808292233966995,3.80829184442689,59.84807759150303,486.1220947265625,482.31385803222656,478.7912338256836,-3.3898268442702864,1.075272029175978,2.1066516160149114,True,50.0,96.61017315572973,77.05179385129323,1.5168284103126277,7.616485595703125,2994.4648895454357,104.76202928238288,1
2022-08-15,497.92767333984375,498.879733900723,494.1194310963268,495.071491657206,21273.166,4.7603112325618895,5.712371842537266,4.7603112161965555,62.60702781751215,488.2166320800781,484.1227722167969,480.1003189086914,-2.816898211881952,2.0156094988014983,2.9189939217472656,True,50.0,96.77419469685938,95.3704816215566,1.8838451739274893,18.089141845703125,15758.364489545233,122.88145382673815,1
2022-08-16,499.8318176269531,500.78387823195686,497.9276964169457,500.78387823195686,20720.414,5.7123865747508376,1.9041443312338515,3.8082653206188866,63.51857931960247,491.07282104492185,487.2645782470703,481.7188232421875,-2.666662192010016,1.9747571136289759,3.042206512905986,True,66.66666666666666,96.77419999543604,96.71952261600836,2.0936878917674955,31.418060302734375,22665.169156211625,128.26447728605757,1
2022-08-17,501.7358703613281,501.7358703613281,496.02350751091456,498.87968893612134,27143.102,-1.904189295835522,0.9519921293712628,-1.9041889060311519,64.46358096796202,496.2139465332031,489.73993225097655,483.2421173095703,-0.0,1.8029571885362843,3.047086568703364,True,83.33333333333334,100.0,97.8494648974318,2.1892388797687943,24.7535400390625,49808.271156211624,112.45911984177087,0
2022-08-18,495.071533203125,496.0235938439002,494.11947256234976,495.071533203125,17831.084,-3.8081557329963402,-5.712276517427938,-1.9040349485647994,58.66153949468724,497.3564392089844,491.64406127929686,484.1465774536133,-20.587989323069937,-0.19192861292901348,1.2165564685349939,False,83.33333333333334,74.54577842795351,90.4399928077965,1.6563407411566677,19.041290283203125,49808.271156212155,49.228468166433075,0
2022-08-19,494.1194152832031,497.9276574048463,492.2152942223815,494.1194152832031,14022.812,-0.952117919921875,1.9040635609460992,-1.9041783399682686,57.850032350602426,497.7372619628906,491.92967834472654,484.9082290649414,-24.999910097848705,-0.5429605448029252,0.7278018416439561,False,66.66666666666666,70.90919463558399,81.81832435451248,1.1182436174736257,2.856170654296875,45134.00048954567,38.10027113753182,0
2022-08-22,487.4549865722656,489.35910761356354,485.5508655309677,486.50292605161667,11494.0,-7.616489231586456,-8.568549791282749,-6.664428691413775,52.32299689364896,495.642724609375,491.92967834472654,485.5032669067383,-54.54537661918879,-1.7274508107374655,-0.8232460524542123,False,50.0,45.454623380811206,63.636532148116224,0.23800077797126384,0.0,45134.00048954567,-44.96204509859409,0
2022-08-23,479.8385314941406,481.7426526508634,477.93441033741783,478.8864709157792,19191.108,-7.616455135837441,-7.616454962700118,-7.616455193549882,46.75389732701577,491.6440673828125,491.3584442138672,485.9316940307617,-83.63618198360481,-2.6713851361567094,-2.1834018846348897,False,33.33333333333333,8.000018296398485,41.45461210426455,-0.871847134125928,-5.71234130859375,45134.00048954567,-117.04917550318804,0
2022-08-24,478.8863830566406,483.6466850750963,478.8863830566406,479.83844346033175,14363.212,0.9519725445525182,1.9040324242328666,0.9519727192227947,46.08495014524546,487.074169921875,491.64405822753906,485.979296875,-87.2728823368831,-2.171811504060559,-2.2351925200124163,False,16.666666666666664,3.999640014799382,19.151427230669682,-1.6401393993027904,2.85614013671875,30770.788489545674,-122.67560656271637,1
2022-08-25,483.6467590332031,485.5508801317591,479.8385168360913,480.79057738536926,9357.138,0.9521339250375149,1.904195056662786,0.9521337794506621,49.9877439948297,484.7892150878906,491.0728271484375,486.31251831054686,-69.0907793013968,-0.5870829416246124,-1.2313653495342314,True,16.666666666666664,23.99999281576351,11.999883708987115,-1.7857778798752593,-5.712310791015625,33889.83448954561,-80.09060914422915,1
2022-08-26,487.4549865722656,490.3111681342125,486.50292605161667,488.4070470929146,12914.846,7.6164697075453205,4.7602880024534215,6.664409215525382,52.95946509330917,483.4563293457031,490.5967956542969,486.45532684326173,-60.00003266487146,0.45781591536087257,-0.646831681079045,True,33.33333333333333,39.99996733512854,22.666533388563796,-1.5902081611331296,-4.76031494140625,27432.41148954561,-23.89941952484629,0
2022-08-29,474.6021423339844,477.93435396521596,472.22199116881893,473.17405163488513,26590.824,-15.23299545802945,-12.376814168996532,-14.280934882797737,43.45304982537258,480.88576049804686,488.2642425537109,486.1935073852539,-91.93548516736647,-1.5308683988627965,-3.023432328567675,False,33.33333333333333,8.064514832633526,24.02149166117518,-2.2506741126452043,-23.325531005859375,23000.607489545742,-123.89776109007562,0
2022-08-30,472.2220458984375,476.0302882040701,472.2220458984375,473.6501367630497,24214.535,0.47608512816458415,-1.9040657611458869,5.472961856867187e-05,41.932475801531794,479.3624633789062,485.5032653808594,486.38392181396483,-99.99981456311382,-1.5058682920213011,-3.1801504203475064,False,33.33333333333333,0.00021290877297693405,16.02156502551167,-2.7395878814699848,-27.609771728515625,-1213.9275104542576,-110.72682803439041,1
2022-08-31,480.79058837890625,480.79058837890625,468.4138009552908,468.4138009552908,39357.089,-5.2363358077589055,4.760300174836175,-3.80824494314669,48.94858086604981,479.74330444335936,483.4087371826172,486.5743347167969,-62.85708647682906,0.24814490515402063,-1.133857272052025,True,50.0,41.93551406868706,16.666747270031177,-2.390385765504128,-20.945281982421875,38143.161489545746,-70.21886077850728,0
2022-09-01,466.9856262207031,471.74592822091415,466.509596020682,471.26989802089304,39168.672,2.8560970656022278,-9.044660157992098,-1.9042049346087992,40.374513299363436,476.41107788085935,480.600146484375,486.1221038818359,-98.64865016544812,-2.2259253686940643,-3.4290523481320374,False,50.0,1.9999947808090588,14.64524058608969,-2.956551226671235,-28.085906982421875,6096.066216818628,-134.5490480894225,0
2022-09-02,461.7493591308594,466.0336315351663,461.7493591308594,464.60554073373066,29982.959,-6.664357287162375,-5.7122966857478445,-4.760236889822636,37.64591394046353,471.26995239257815,477.36314086914064,484.6464096069336,-100.0,-2.577834986307029,-3.849329961232051,False,33.33333333333333,0.0,14.645169616498698,-3.513199343026995,-32.37005615234375,-23886.89278318137,-154.08148748355325,1
2022-09-05,462.7014465332031,464.6055677123521,460.7973253540541,461.7493859436286,15903.415,-2.856154790102039,-1.428063822814181,-0.9520337768052514,38.47073134144709,468.8898132324219,474.8877868652344,483.40873260498046,-94.87179059819807,-1.5197499487684272,-3.1068213066819275,True,33.33333333333333,6.451620662657687,2.8172051478222393,-3.631768139442873,-24.7535400390625,-23886.89278318137,-126.21318651670032,1
2022-09-06,465.5575866699219,467.93773793101553,463.1774354088282,465.08155641770315,16700.285,3.3321704740745304,3.332170218663407,2.380110054774093,41.023791226976975,467.5569213867187,473.4596923828125,482.40906829833983,-83.87108940260403,-0.5929214721149603,-2.020372068341459,True,50.0,16.12891059739598,7.526843753351213,-3.339752001379046,-14.28094482421875,-23886.89278318137,-77.27281126781949,0
2022-09-07,449.8486022949219,455.0849352316881,449.3725720279431,454.13287469773064,34678.562,-10.948681719972512,-12.852802699327412,-13.804863380885138,32.8462581876292,461.3685241699219,470.5559143066406,481.09998626708983,-98.83720910765209,-3.176228320349519,-4.697872270729062,False,50.0,1.1627908923479082,7.9144407174671825,-3.982868053674877,-29.03778076171875,-52785.69444984752,-151.65094693596342,1
2022-09-08,452.228759765625,452.228759765625,449.37257812499996,450.324638671875,27931.552,-3.808236025855649,-2.856175466063121,6.097056882481411e-06,34.98828203102066,458.4171508789062,467.4141143798828,479.2434707641602,-93.02323965807777,-1.6563116975717451,-3.7243444991442303,True,50.0,9.090923200803415,8.794208230182425,-4.014909105202081,-31.417999267578125,-24854.14244984752,-124.25896177429661,1
2022-09-12,463.17742919921875,467.4617014117501,461.7493384617083,461.7493384617083,21597.212,11.424699789833312,15.232941646125084,12.376760336708344,43.95858996190445,458.7027648925781,464.9863586425781,477.7915771484375,-66.27911437060352,0.863851836125431,-1.1178895070309507,True,66.66666666666666,43.93930226868846,18.06433878727992,-3.1062873340223534,-24.277557373046875,-35652.748449847524,-10.526474698139399,1
2022-09-13,469.3658447265625,471.26996580050394,467.46172365262106,471.26996580050394,16507.036,9.520627338795634,3.808264388753855,5.712385190912755,48.352691492516236,460.03564453125,464.4627288818359,476.3634857177734,-51.16277889275833,1.9297039883594682,0.4584834294021655,True,83.33333333333334,63.636330426718665,38.888851965403504,-1.952416210213015,-5.236297607421875,-35652.748449847524,52.045346467500316,0
2022-09-14,456.9891052246094,459.36925681432086,453.18086268107095,455.5610142707825,22645.714,-15.708951529721446,-11.900708986183076,-14.280860971550112,41.2892913912033,458.3219482421875,462.93943481445314,474.2213500976562,-75.75743448732149,-0.5524763179647493,-1.6561272317286748,False,66.66666666666666,34.04287283040327,47.20616850860345,-1.8856502453427302,-15.232940673828125,-30426.814449847396,-71.78358818094372,0
2022-09-15,456.2708740234375,459.6222865293809,455.79210080830273,455.79210080830273,23104.85,0.2310865375202411,0.2530297150600518,2.611238127231786,40.910953936103425,459.6064025878906,460.4874633789062,471.9481002807617,-78.043483336328,-0.3732102128780179,-1.4868379979557529,False,50.0,31.502844891699077,43.060682716273654,-1.755444173881096,-24.51971435546875,-47755.451949847484,-45.52876490097041,0
2022-09-16,451.9619140625,451.9619140625,449.08927477820447,450.52559442035226,39087.513,-5.266506387950471,-7.660372466880915,-6.702826030098265,38.596308723493614,459.55303344726565,458.98509216308594,469.7926193237305,-90.9384219200559,-1.3899100740423556,-2.0601633998443507,False,50.0,12.951081106569259,26.16559960955719,-1.8174515985575175,-15.023712158203125,-8667.938949847485,-95.51708870322457,0
2022-09-19,447.1741943359375,452.9194730640223,446.6954211085971,451.96192660934156,17182.38,1.4363321889892973,0.957559001522327,-2.393853669607381,36.11929233601063,456.3523864746094,457.52757568359374,467.4453582763672,-98.0887683223586,-2.254847463048821,-2.5058165148390503,False,33.33333333333333,1.9482486180022143,15.467391538756841,-2.0230951771014185,-14.575164794921875,-23206.87587292436,-97.1061369389405,1
2022-09-20,456.2708740234375,457.7071936688418,450.0468222266855,450.52559544182026,19842.582,-1.4363311675213026,4.787720604819469,3.351401118088404,43.61921783575573,453.7333923339844,456.8845184326172,465.88615264892576,-61.03507497335687,-0.014885221787969735,-0.32850044384767363,True,33.33333333333333,38.96492502664312,17.95475158373819,-1.4173059607419818,-6.430572509765625,-10805.262122924305,-27.58487292774717,0
2022-09-21,451.0043640136719,455.3133229055223,448.61049796264393,453.3982300646999,24154.633,2.872634622879616,-2.393870763319512,-1.4363242640415592,40.60809534214303,452.53644409179685,455.4291961669922,464.44444427490237,-82.46582811972158,-0.5017202436449801,-1.2858727036904987,False,16.666666666666664,17.53417188027843,19.482448508307915,-1.2480777448169054,-14.55322265625,-17706.585837210314,-53.55261842602008,0
2022-09-22,444.7803039550781,448.1317163637816,439.5137987414012,442.3864379488613,29702.508,-11.011792115838546,-7.181606541740678,-9.096699221242716,37.28934399823036,450.238330078125,454.9223663330078,462.73914031982423,-83.41580328672791,-1.4323633414644072,-2.3289080555115365,False,16.666666666666664,16.58419671327209,24.36109787339787,-1.4196127145513469,-5.06829833984375,-11106.028503876958,-129.46936921553475,0
2022-09-23,435.6836242675781,440.9501296158676,435.6836242675781,439.0350367619441,29757.787,-3.351401186917201,-7.181586747914025,-3.8301744738230923,32.9905263111163,446.9826721191406,453.2678527832031,460.34098358154296,-100.0,-2.7084818465193505,-3.8005828203945935,False,16.666666666666664,0.0,11.372789531183495,-1.9758275900344744,-16.545135498046875,-40863.81550387696,-155.8004302670992,0
2022-09-26,427.54449462890625,434.72609308291925,424.19308201703353,424.19308201703353,32342.267,-14.841954744910595,-6.2240365329483325,-11.490542250544593,29.65374698715293,443.0567321777344,449.7045593261719,457.345458984375,-92.88098033997429,-3.6504197525775597,-5.208690220676895,False,16.666666666666664,9.459463338231942,8.681220017168,-2.678382757227272,-35.6329345703125,-52624.63986751339,-173.80310485510554,1
2022-09-27,428.98077392578125,432.3321862220764,427.06568118504117,429.9383202961513,24961.404,5.745238279117757,-2.393906860842833,2.872599168007639,30.997297009425836,437.5987121582031,445.6660522460937,455.0643905639648,-89.83005771841516,-2.6616018554401553,-4.4799662139186,True,33.33333333333333,13.513405041536188,7.657622793256034,-2.818647276949198,-40.38507080078125,-59432.295503877125,-124.9688982072022,0
2022-09-28,419.4053039550781,429.93831387175817,419.4053039550781,428.02322115963455,34402.652,-1.9150991365167442,-2.3938723503182473,-7.660377229963046,27.216717506136845,431.2789001464844,441.9076721191406,452.4235534667969,-100.0,-3.4888041966100727,-5.847386009422694,False,16.666666666666664,0.0,7.657622793256034,-3.295445859821294,-37.58380126953125,-93834.94750387713,-126.66677934643734,0
2022-09-29,416.53271484375,424.67185984644397,413.6600754310345,424.1930866109914,41094.78,-3.830134548643173,-5.266454025314204,-5.745228524043625,26.172058840883466,425.62938232421874,437.93385620117186,449.2106597900391,-93.74999734767144,-2.865643694361588,-5.558818807835316,False,16.666666666666664,6.521742006381262,6.678382349305807,-3.5229097191331515,-39.7381591796875,-113488.97272126852,-120.11236751005251,0
2022-09-30,404.0845947265625,409.35110010806983,404.0845947265625,406.47846080906584,48266.8,-17.714625801925536,-15.320759738374136,-9.575480704472,22.15248557433874,419.3095764160156,433.1461242675781,446.065608215332,-100.0,-4.254110957795329,-7.456139456795231,False,16.666666666666664,0.0,2.173914002127078,-4.185229967508654,-47.8773193359375,-161755.77272126853,-143.8510877718018,0
2022-10-03,399.296875,406.478473471223,398.8181017685851,400.7331946942446,36044.395,-5.74526611482122,-2.872626636846803,-5.266492957977391,20.81139890895321,413.66005249023436,428.3583923339844,442.94298400878904,-99.18699165504911,-4.00920396976708,-7.547340572959474,False,16.666666666666664,0.8474579296794081,2.4563999786868806,-4.586982011610342,-47.8773193359375,-193294.6183462683,-133.07486631272656,1
2022-10-04,410.78741455078125,413.66005381337413,408.8723217090527,411.2661877612134,40375.0,10.5329930669688,7.181580342151108,10.05421994046759,31.645691069951766,410.02138061523436,423.81004638671874,440.34728240966797,-79.6748219475533,-0.5793740104680531,-4.12515179118405,True,33.33333333333333,24.271822052488602,8.373093327389327,-3.7550593093487645,-45.48345947265625,-201369.6183462687,-70.86361669404313,1
2022-10-05,426.1081848144531,431.8534637108278,423.2355453662658,425.6294115730886,46496.536,14.363223811875173,18.19340989745365,14.363223657213098,42.99086291285395,411.36195678710936,421.3204284667969,438.3748123168945,-53.65850930068585,3.248264716156456,-0.14024672688949338,True,33.33333333333333,64.77277368368641,29.96401788861813,-1.9405090233420967,-24.89617919921875,-216868.46367960202,27.25135104438711,1
2022-10-06,431.85345458984375,431.85345458984375,428.023268739823,431.37468135859115,30331.834,5.745269785502558,-9.120984032051638e-06,4.787723373557185,46.61561112100507,414.4261047363281,420.0277435302734,437.4750549316406,-41.525403111202664,4.116968797850732,1.6910969697821556,True,50.0,92.00000226153344,60.34819933256947,-0.21185178735655086,-12.926849365234375,-186536.62967960202,63.790189079007796,0
2022-10-07,419.4053039550781,429.45954069372726,418.4477575990163,429.45954069372726,31941.781,-1.915140664863884,-2.393913896116487,-9.575511140806668,40.52526213749165,417.49024658203126,418.39991149902346,435.8338821411133,-58.25249810729072,0.9992228816297842,-0.6239436536969232,False,50.0,61.428508408345785,72.73376145118853,0.2117715457674656,-16.2783203125,-212923.31833177598,20.67646071884666,0
2022-10-11,384.4548645019531,394.987874488308,383.9760913207552,390.6789158575265,95793.819,-38.780624836200786,-34.47166620541924,-34.471666278261125,28.943051083474842,414.5218444824219,414.0909484863281,431.89775390625,-99.15966430408531,-6.682167683202761,-7.807124037572399,False,50.0,0.9999988664733216,51.47616984545084,-1.6413082969686528,-43.089630126953125,-300387.2400274284,-164.50230865613744,0
2022-10-12,380.62469482421875,383.01856082940253,378.7096020200717,380.145921623182,53570.085,-10.532994234344471,-11.969313658905492,-5.2664893006834745,27.986798127155794,408.4893005371094,409.2553405761719,427.4606964111328,-96.5811982010826,-6.908666438215088,-7.710169135237828,False,50.0,3.60360113702492,22.010702803947996,-2.8344762877860425,-48.3560791015625,-306339.4716940949,-148.66573666734243,0
2022-10-13,378.2308349609375,385.89120630191854,378.2308349609375,383.49734025786194,38046.284,3.3514186346799306,2.8726454725160124,-0.47876705913421347,27.370236766666025,398.91383056640626,405.1378936767578,423.52278289794924,-100.0,-6.249999763617988,-7.367598120276166,False,33.33333333333333,0.0,1.5345333344994045,-3.453354195050391,-41.174468994140625,-344385.75569409487,-112.78298471515903,1
2022-10-14,394.5091247558594,398.3393104331007,391.63648549792833,396.9029908041352,54504.366,13.40565054627325,12.448104131182163,13.405650536990834,37.57252263737943,391.44496459960936,402.93553466796874,420.4346954345703,-69.64287246929277,-0.9218420869395008,-2.696319801371332,True,33.33333333333333,30.357127530707235,11.320242889244042,-2.480351738852864,-22.023590087890625,-352172.09369409445,-41.631500446645624,0
2022-10-17,380.14593505859375,386.3699868920468,379.1883886226779,383.01857436634134,41512.192,-13.884416437793845,-11.969323541053882,-12.448096875250428,33.09737749980279,383.5930908203125,400.5416687011719,416.843896484375,-96.42855984068075,-2.41703835432809,-5.476189684243428,False,16.666666666666664,3.5714401593192475,11.309522563342151,-2.5104103210209487,-23.93865966796875,-382614.3678274279,-79.61334475231443,1
2022-10-18,389.721435546875,389.721435546875,382.539836611736,389.2426622845324,40093.216,6.22408791819106,3.3514486548281752,3.3514479890581015,38.430725853657954,384.6464050292969,399.58412475585936,413.97125854492185,-78.57135904408452,1.327811141548777,-2.5538612801030744,True,33.33333333333333,21.428640955915483,18.452402881980646,-1.6341593935465255,-9.575439453125,-342521.1518274279,-49.00545016563569,0
2022-10-19,378.7096252441406,387.80631662168634,378.7096252441406,386.84877016089206,46385.177,-2.3938921236403417,-1.915118925188665,-3.830211367595382,34.93671188454367,384.2633911132813,396.3763458251953,410.093196105957,-99.1071115042936,-1.2895156973567932,-4.803928759114736,False,33.33333333333333,0.8928886475830143,8.63098992093924,-1.5458952442717617,-32.077789306640625,-388906.32882742793,-60.12519126534657,1
2022-10-20,380.62469482421875,380.62469482421875,369.61291120037345,374.40064321074095,52938.069,-12.448126950151106,-7.181621797467585,-9.096714043767179,36.03994995991333,384.7421630859375,391.8279968261719,406.5742126464844,-82.30770264773004,-0.7903537190973137,-3.946841227357422,True,50.0,18.400006344665076,13.573845316054516,-1.1276662117496343,-45.483489990234375,-335968.2598274279,-73.77985249659048,0
2022-10-21,372.96429443359375,381.58221137814405,372.96429443359375,378.70957239662727,35923.505,4.3089291858863135,0.9575165539253021,3.3513832332203037,33.55697940871208,380.4331970214844,385.9390808105469,402.98341217041013,-94.61543463538924,-2.564112921710746,-5.125351921378572,False,50.0,11.666562196219001,10.319819062822354,-1.1330597839520742,-58.88916015625,-371891.7648274279,-84.41581873973988,0
2022-10-24,370.5704650878906,380.6247025127559,370.5704650878906,378.23083645921656,46714.078,-0.4787359374107041,-0.9575088653881494,-2.393829345703125,32.78693029634388,378.5181030273437,381.05559692382815,399.7277542114258,-98.46152710858374,-2.1697922635830027,-4.611276064819901,False,33.33333333333333,3.3333585590019297,11.133309033295326,-1.0650063250362862,-48.8348388671875,-418605.8428274279,-117.78067890114909,0
2022-10-25,355.249755859375,366.26154074450386,355.249755859375,363.867674465128,76416.687,-14.363161994088557,-14.363161768252041,-15.320709228515625,28.25929775184619,371.62376708984374,378.1350860595703,396.1130172729492,-100.0,-5.175711875127533,-7.0272438214648725,False,33.33333333333333,0.0,4.999973585073634,-1.7770210744196042,-29.205108642578125,-495022.52982742793,-215.20003755034537,1
2022-10-26,360.0374755859375,362.910115018804,354.29219672020446,354.77096995901553,58850.484,-9.096704506112474,-3.351425725699869,-0.9575591391705416,31.48478869356444,367.88933715820315,376.0763641357422,392.66585235595704,-86.95651455579728,-2.6116941006964534,-4.538237065334487,True,33.33333333333333,13.043485444202718,5.458948001068205,-1.6533193251814566,-20.58721923828125,-475405.70182742766,-146.97835311726294,1
2022-10-27,369.1341247558594,372.4855370428775,366.2614856527009,368.1765783881399,45684.455,13.405608429124356,9.575422024073532,11.969288932496454,37.32545851832856,365.5912231445312,375.16669311523435,390.1522933959961,-66.30442545589666,0.2818071205979607,-1.7938712104400025,True,50.0,41.891749659837906,18.311745034680197,-0.7335372554243591,-9.096710205078125,-478919.8906735811,-52.017547141927814,0
2022-10-28,363.3888854980469,365.7827516739233,359.07992638146925,363.3888854980469,40184.472,-4.7876928900930125,-6.70278536895421,-7.181559271231663,35.25479702214798,363.6761413574219,372.05466918945314,387.49510192871094,-79.34782097838328,-0.5025081959384644,-2.9515149136369314,False,33.33333333333333,25.67565400528611,26.87029636977557,-0.3085067256851559,-31.1202392578125,-467438.6129592952,-81.38927632863872,1
2022-10-31,373.443115234375,373.443115234375,364.8251971905048,369.61292943709935,38409.054,6.224043939052478,7.660363560451685,5.74527080903556,41.455220823321994,364.25067138671875,371.38438720703124,385.96302795410156,-56.521740246141306,2.228047204073455,-0.15999890344743367,True,50.0,57.14283582700841,41.5700798307108,0.7931306710003412,-6.70281982421875,-429029.5589592952,-9.48334713060088,1
2022-11-01,374.8794250488281,376.31574468503055,369.61291971608597,372.0067857764233,41426.496,2.3938563393239747,2.872629450655552,4.7877225255811595,42.31612748963222,368.1766052246094,369.9001861572266,384.74215545654295,-41.89198241220485,2.4198795604050303,0.6642366752302084,True,66.66666666666666,75.43868549236613,52.75239177488688,1.7093192695159125,-14.842010498046875,-405357.275530724,35.83678015616424,1
2022-11-02,378.2308349609375,378.2308349609375,372.00678324639046,374.400649290447,22535.65,2.3938635140236784,1.9150902759069481,2.393863530304486,44.39740939073727,371.8152770996094,369.85230712890626,383.1143264770508,-32.43253585591449,2.2653704058738278,1.607714906571699,True,83.33333333333334,87.71940411460527,73.4336418113266,2.5795653636493263,-0.478790283203125,-382821.62553072395,74.6490071974948,0
2022-11-03,367.6978454589844,370.5704848766327,367.21907222270966,368.6553919315338,39731.333,-5.745257358913193,-7.66035008430481,-4.787711023680799,39.50982501368574,371.52802124023435,368.5596221923828,380.19380950927734,-59.999997678031924,-0.9245283117129072,-0.732438812638526,False,66.66666666666666,50.909126705943464,71.35573877097161,2.483446562449153,-12.926849365234375,-411201.1491021525,-4.668924031830101,0
2022-11-04,365.7827453613281,368.1766114958918,362.431332772939,364.8251989075027,28397.417,-3.830193024031132,-2.3938733807408994,-4.7877394497706405,38.66553995103393,372.0067932128906,367.8414672851562,376.89027404785156,-57.894677649868264,-1.291989032780878,-0.9614323683378244,False,50.0,48.00000954762666,62.20951345605845,2.330980964596524,-7.181549072265625,-406468.24626881926,-31.382549440050738,1
2022-11-07,373.443115234375,376.31575458233175,370.5704758864183,373.443115234375,35387.706,8.617916326872319,8.139143086439958,8.139143113479292,43.89693381653114,372.0067932128906,368.1287322998047,374.59216461181643,-29.824447680907024,0.32154393557714317,1.2767812861031482,True,66.66666666666666,80.00003309120606,59.63638978159205,2.756962131157131,2.872650146484375,-406468.2462688196,75.85483683585186,1
2022-11-08,382.0610046386719,382.53977782744215,377.2732727509692,378.2308191285098,31838.223,4.787703894134779,6.224023245110402,6.702796864550919,49.21316389474169,373.4431091308594,370.8098571777344,374.4724716186523,-1.6949174761289678,2.2421466434644897,3.4013537457410115,True,66.66666666666666,97.95918064582433,75.31974109488567,3.577994871795404,26.811248779296875,-380418.79108700156,144.33639775050358,1
2022-11-09,399.296875,399.296875,386.36999775179856,386.36999775179856,52260.831,8.139178623288785,16.75709717255785,9.096725000829338,57.91424400728614,377.65631713867185,374.7357971191406,375.4060806274414,-0.0,5.70342470518585,7.370455916346275,True,66.66666666666666,100.0,92.6530712456768,5.14542283012425,39.2593994140625,-328157.96008700156,229.03913778819287,0
2022-11-10,390.2001953125,394.03038127875766,388.76387557515335,391.63651504984665,32044.942,5.266517298048086,-5.266493721242341,2.393877823354785,52.71440865111394,382.156787109375,376.8424041748047,376.00454864501955,-20.212742397458435,2.7526834487766894,4.109011044271742,False,50.0,75.32470936824409,91.09463000468946,5.406300401276001,21.066070556640625,-342723.842814274,127.63142624904387,1
2022-11-11,422.7567138671875,423.2354870425751,416.5326625871497,422.7567138671875,80016.195,31.12019881734085,29.205105763817414,27.768787011996324,64.98785513594387,393.55158081054685,382.77918701171876,377.41692810058595,-0.7462691783127515,8.699211382498708,11.244085101277697,True,66.66666666666666,99.2125979200953,91.51243576277977,7.480469618626708,59.367828369140625,-274138.53281427507,210.4901552172384,1
2022-11-14,426.1081848144531,430.89591722809865,422.75677212490126,430.89591722809865,61933.19,8.139203360911154,7.66043018552358,6.224109537751588,65.97951840755546,404.0845947265625,388.0456939697266,379.7150405883789,-6.666666235755536,6.8000052624732525,10.742435306584715,True,83.33333333333334,93.00699412441301,89.18143380425079,8.701596119348762,52.665069580078125,-285067.91928486334,154.891697957953,1
2022-11-15,459.6223449707031,466.32517083485925,442.38650703430176,445.25914669036865,113379.796,14.363229462269999,35.4292536067606,19.629734909400497,74.00988194799503,419.59686279296875,396.5199859619141,383.2100860595703,-6.451610595193598,11.196922456927783,17.013725017254796,True,83.33333333333334,93.5483894048064,95.25599381643822,11.229118164555699,84.742919921875,-235180.8090448636,172.42015248918526,1
2022-11-16,466.3250732421875,473.0278977035742,461.0585683082408,470.6340318245075,85726.375,25.37488513413882,6.702726868714933,18.67206127393905,75.28281507792995,433.00250244140625,405.32940979003905,387.59085845947266,-6.060608180363118,9.111266113663783,16.42592803696962,True,83.33333333333334,93.93939181963688,93.49825844961875,12.706330367610143,88.09423828125,-245467.97404486348,136.23361996673765,0
2022-11-17,464.4100341796875,464.4100341796875,454.8345695574259,462.0161680241221,45144.984,-8.61786380038535,-8.617863523886683,-6.223998750814928,74.15086276653727,447.84447021484374,415.00062866210936,391.7801254272461,-7.792162016326369,5.972324946677101,13.827500726064345,False,66.66666666666666,91.58883429717174,93.025538507205,12.868864729111618,96.71218872070312,-200322.9900448635,97.14474466040976,1
2022-11-18,466.3250732421875,473.0278977035742,465.36752689056084,470.6340318245075,35859.717,8.61786380038535,8.617863523886683,10.53295733313496,74.56802116789937,456.5581420898437,425.0548614501953,396.44816436767576,-6.060608180363118,3.415316778639189,12.276647033500304,True,83.33333333333334,92.99999925360855,92.84274179013904,12.413960061620068,100.54232788085938,-227217.77779486356,92.75789485322768,0
2022-11-21,461.5374450683594,468.71904431734833,460.10112521856155,466.8039511842846,29710.18,-3.8300806402228886,-4.308853386225849,-5.26640167199929,71.4243814434194,463.643994140625,433.8642944335937,400.9965133666992,-10.389520363875208,0.9071989019433627,9.07035123556864,False,66.66666666666666,86.74044415845624,90.4430925697455,11.13986093646559,88.09432983398438,-247024.56446153004,67.3013694807896,1
2022-11-22,470.1553039550781,470.1553039550781,455.7921072965727,455.7921072965727,37343.127,-11.011843887711905,1.4362596377297905,-4.309017921988868,73.6091296350503,465.7505859375,442.67372436523436,406.7417907714844,-2.8036951326205046,1.1675813283868781,8.8691794089435,True,66.66666666666666,96.59096055951596,92.1104679905269,10.249213847277128,88.09429931640625,-209681.43746153003,60.175129860039526,1
2022-11-23,471.1128234863281,474.9430090431275,467.76141112412864,473.50668945932773,33475.337,17.71458216275505,4.7877050880493925,11.969303827555962,73.85145014877246,466.7081359863281,449.8553192138672,412.2955581665039,-3.9215684430049094,0.9575883312886888,7.07289961860824,True,66.66666666666666,93.44262482728794,92.25800984842003,9.133371264394322,71.81594848632812,-211913.1265948633,67.93735460025174,1
2022-11-24,474.94305419921875,474.94305419921875,471.1128682782573,473.02796123873804,27396.552,-0.4787282205896872,4.5156091232456674e-05,3.3514571541286386,74.85881783647093,468.8147399902344,458.32960510253906,417.58600463867185,-0.0,1.4660790291952785,6.077351606112573,True,66.66666666666666,100.0,96.6778617956013,8.097387736695321,84.74285888671875,-184516.5745948633,79.33562911514144,1
2022-11-25,476.85809326171875,476.85809326171875,473.0279077736728,473.0279077736728,39949.969,-5.3465065263935685e-05,1.9150390625,1.915039495415499,75.37622951345753,470.9213439941406,463.7397430419922,423.2594650268555,-0.0,1.4256553970635715,4.989451375027356,True,83.33333333333334,100.0,97.81420827576262,7.025087644586012,54.10137939453125,-144566.6055948633,95.35733718989486,0
2022-11-28,460.1011047363281,469.1977967134252,460.1011047363281,465.3676106178054,38926.919,-7.660297155867397,-7.660296548293559,-12.926803037344655,62.99977082248299,470.6340759277344,467.1390350341797,427.5923645019531,-27.777652538922926,-1.9220892418804962,0.017354411513298713,False,66.66666666666666,23.913226827892583,74.63774227596419,4.778620001024105,33.992919921875,-183493.5245948633,-48.27564446601598,1
2022-11-29,466.3250732421875,467.28261959381416,452.91942431941413,453.39819749522746,38182.197,-11.969413122577919,-1.9151771196110303,-7.181680416913991,65.30786233233647,469.86802978515624,467.80930786132814,432.1646469116211,-19.469062489054874,-0.7641442870823024,0.5765328444164365,True,83.33333333333334,55.99997625215824,59.97106769335026,3.369669978035219,6.702728271484375,-150402.28719486325,-80.33470401693832,1
2022-11-30,469.1977233886719,469.1977233886719,462.01612558170245,462.4948987688337,57111.603,9.096701273606243,1.915103794857714,9.09670126228832,66.36432149511779,469.485009765625,468.09657287597656,436.71299133300784,-22.222272634945345,-0.11891030506784943,0.4184037290478192,True,83.33333333333334,68.00001749675646,49.30440685893575,2.3379657946949344,2.872650146484375,-93290.68419486325,-4.695305205156447,1
2022-12-01,477.3368835449219,486.4335744048552,477.3368835449219,484.51848159223766,41746.878,22.023582823403956,17.235851016183346,15.320757963219421,69.25793247003539,469.9637756347656,469.3892578125,442.1949432373047,-27.14283619528531,1.3898292966410475,1.8386091093268935,True,83.33333333333334,72.85716380471469,65.61905251787645,1.927563301608604,12.926849365234375,-135037.56219486325,152.33208704217333,0
2022-12-02,471.5916442871094,475.900603473489,469.19777807245396,469.19777807245396,28319.679,-15.320703519783706,-10.532970931366208,-8.139105472467918,64.9549526746116,468.9104858398438,469.91591491699216,447.4853881835937,-44.28556320213337,0.28848489778152536,0.5187570764640914,False,66.66666666666666,55.71443679786663,65.52387269977925,1.037631407417905,5.266571044921875,-143128.89905200576,36.08596411035803,0
2022-12-05,468.2402038574219,476.3793485052503,468.2402038574219,470.6340699303126,28360.444,1.4362918578586346,0.4787450317612638,-0.9575742150320821,62.4844590114488,470.5383056640625,470.58619079589846,452.2252426147461,-54.28563905410433,-0.11914884420282733,-0.26344881036889173,False,50.0,45.71436094589567,58.095320516158985,0.044193152071102304,6.7027587890625,-171489.34305200574,11.494275940460843,0
2022-12-06,457.7071838378906,468.24019434462036,457.7071838378906,467.28264793491763,40561.068,-3.3514219953949578,-8.139154160629914,-10.53302001953125,55.27635805100589,468.8147277832031,469.3413787841797,456.007551574707,-85.71421472342112,-2.282793856021658,-2.3576501163381245,False,50.0,14.285785276578881,38.57152767344705,-1.4204555673500643,-12.4481201171875,-212050.41105200574,-110.83438767074374,0
2022-12-07,454.8345642089844,464.88880194413036,454.8345642089844,456.7496571109169,36563.503,-10.532990824000706,-3.351392400489999,-2.87261962890625,53.44215837815997,465.9420959472656,467.7135528564453,458.78443603515626,-94.28557822684515,-2.4974315982585247,-2.8547056302477927,False,33.33333333333333,5.714421773154854,21.904855998543127,-2.6115642082958317,-16.27825927734375,-248613.91405200574,-111.4581597648712,0
2022-12-08,451.4831237792969,454.8345361509353,447.1741650157617,454.8345361509353,27238.567,-1.915120959981607,-10.054265793195043,-7.660399193222702,51.276607382854145,460.77134399414064,465.3675598144531,461.8485824584961,-89.02439229069948,-2.5994184924220325,-3.2489770494137273,False,16.666666666666664,10.975607709300515,10.32527158634474,-3.5933882860304607,-23.459930419921875,-245209.09317700556,-142.90071642509702,1
2022-12-09,461.05865478515625,463.93129437883323,455.79214886341515,457.70724192586647,25915.337,2.8727057749311484,9.096758227897908,8.617983847653477,56.74031780214668,458.66474609375,463.78761596679686,463.76367950439453,-64.6339820556451,0.05195652525911293,-1.019261874641118,True,16.666666666666664,35.3660179443549,17.352015808936745,-3.5594088374919934,-15.7994384765625,-237586.93523582915,-46.063201595222715,0
2022-12-12,454.8345642089844,457.7072035618832,453.39824453253493,456.2708838854338,20973.334,-1.4363580404326513,-6.224090816950024,-2.3939043308802184,52.56091109339831,455.9836181640625,463.2609619140625,465.1999984741211,-80.48773704845699,-0.6968634034261071,-2.002920698054491,False,16.666666666666664,19.51226295154302,21.951296201732802,-3.8907070027442234,-5.26654052734375,-244578.0465691623,-81.73215141618434,0
2022-12-13,451.4831237792969,455.7920825428321,451.0043505833485,452.9194433671419,33272.826,-3.351440518291895,-1.9151210190511279,-2.393893949186406,50.38102388905606,454.7388061523437,461.7767669677734,464.7930374145508,-89.02439229069948,-0.8238435204447515,-2.2797969511495433,False,16.666666666666664,10.975607709300515,21.951296201732802,-4.241393372867858,-14.841949462890625,-271196.3073691624,-87.66879530673963,1
2022-12-14,460.1011047363281,460.1011047363281,451.9619592831361,451.9619592831361,30636.639,-0.9574840840058414,4.309022193496048,0.9576086997875564,55.55214310096521,455.7921142578125,460.8671051025391,464.4818389892578,-67.0730153058349,0.9807425791266293,-0.41449832837334016,True,33.33333333333333,44.26248417586233,24.91678494556861,-3.8123208315973187,-9.09661865234375,-240559.6683691624,-40.74671526605711,1
2022-12-15,462.74951171875,463.71257001577135,456.971161936622,458.415749382154,24222.008,6.453790099017908,3.611465279443223,5.009202653485943,57.05265961951734,458.04539184570314,459.4083679199219,464.39881286621096,-60.327098788920566,1.2688061921749327,0.22336594677821975,True,50.0,53.33076133075532,36.189617738639384,-3.2892784174453844,-14.587371826171875,-223258.23408344822,14.153459270173823,0
2022-12-16,453.60040283203125,453.60040283203125,448.30358284142363,449.26664102153416,47601.4,-9.149108360619834,-10.112167183740098,-8.667579095198391,50.613371524145904,456.5537414550781,457.60924377441404,463.7625793457031,-83.63134362878415,-0.8099979384879776,-1.4808293416722804,False,50.0,30.50521631746791,42.69948727469518,-3.4801492258611884,-17.991241455078125,-175656.83408344822,-95.25929768547446,0
2022-12-19,449.2666931152344,452.1558679905735,447.8221056775648,449.2666931152344,21075.559,5.2093700219302264e-05,-1.4445348414577666,-0.4814771638588127,47.82417551467723,455.44016723632814,455.71189270019534,463.1490417480469,-92.83507977196639,-1.333629926391483,-1.9238021603141209,False,33.33333333333333,11.812424425824227,31.882800691349146,-3.7932417587873424,-18.9735107421875,-182682.02041678157,-109.75547848972359,0
2022-12-20,440.59912109375,449.7481738814891,438.1914756232923,447.8220575051229,31139.235,-1.4446356101114475,-2.407694109084389,-9.630630054272501,42.6911035759748,453.26336669921875,454.00108642578124,461.67123260498045,-93.69526163999781,-2.730341889742385,-3.27058478290145,False,33.33333333333333,9.353777869703904,17.223806204332007,-4.434459075201799,-17.108062744140625,-200846.57416678147,-170.20858475784797,1
2022-12-21,442.043701171875,445.89593386182594,440.1175848268995,443.0067593443627,36182.644,-4.815298160760221,-3.8522400196631565,1.9261092036071545,43.788064411562374,449.6518859863281,452.7220001220703,460.2177764892578,-87.18006719584872,-2.0713020633198678,-2.4860893075562918,True,50.0,14.966016603179954,12.04407296623602,-4.592284025388288,-12.790863037109375,-212907.45550011433,-134.8606308115767,1
2022-12-22,450.71124267578125,451.67430088662695,446.8590098323985,449.2666553595127,14047.382,6.259896015149991,5.778367024801014,6.741425005499025,50.04665472678921,447.2442321777344,452.6448120117187,459.0061859130859,-53.10479071188156,0.19625198232141247,-0.4460139982463853,True,50.0,49.05654459778363,24.458779690222485,-3.9674352923514276,-0.771881103515625,-204479.0263001144,-34.99474148112476,0
2022-12-23,438.1914367675781,441.56214012732875,438.1914367675781,440.59908202454284,24927.413,-8.667573334969859,-10.112160759298206,-8.667573064820374,42.57681356971089,444.1624389648438,450.35809020996095,457.0728530883789,-100.0,-1.692482943374134,-2.9139930677082453,False,33.33333333333333,0.0,21.340853733654523,-4.227861887451686,-22.867218017578125,-229406.4393001144,-135.10757928735228,1
2022-12-26,439.6360778808594,440.11760699135317,436.74690321789643,437.2284323283902,8793.306,-3.3706496961526113,-1.4445331359755755,-1.4445335496816938,43.63580048068992,442.23631591796874,448.83824157714844,456.04960174560546,-89.37193536592937,-0.8506763936030423,-2.380387472610689,True,50.0,10.714271167923172,19.923605255235593,-4.128695377278693,-15.198486328125,-223125.5064429714,-105.8855322379712,1
2022-12-27,440.1175842285156,445.4144041699967,440.1175842285156,441.080642399694,10264.001,3.852210071303773,5.296797178643544,3.370681010619194,44.01123551371809,442.1400085449219,447.7016876220703,454.7392272949219,-87.50010138490316,-0.39956480927670207,-1.8933163497664445,True,66.66666666666666,12.499898615096836,7.738056594339995,-3.8613962262944406,-11.36553955078125,-233389.5074429714,-58.678619728916864,0
2022-12-28,434.3392639160156,435.30232215086266,429.5239727417804,434.3392639160156,32578.949,-6.741378483678375,-10.11208201913405,-10.593611486735199,40.4812455141237,440.59912109375,445.12550354003906,452.9963043212891,-85.91550529071151,-1.4745989992136892,-2.8113484201973837,False,66.66666666666666,20.0000214159035,14.404730399641162,-3.8934136667805737,-25.7618408203125,-211670.20810963807,-125.41709595600184,0
2022-12-29,429.5239562988281,432.89465999175616,426.1532526059001,427.5978399028693,23020.759,-6.741424013146343,-2.4076621591065077,-3.370720135880333,37.73012778707705,436.3616638183594,441.8029479980469,450.60565795898435,-91.02565242029092,-2.103529439204925,-3.4936680374857985,False,50.0,12.962941008291079,15.154287013097132,-4.041027443192967,-33.225555419921875,-211670.20810963807,-152.6625660748419,1
2022-12-30,431.9316101074219,439.6360758395498,431.9316101074219,438.1914885147758,21683.478,10.59364861190653,6.741415847793633,5.778357501521782,39.95591728447814,435.1096984863281,439.6360687255859,448.62265625,-84.61538201436237,-0.8474549555308573,-2.438139214161782,True,50.0,22.64153665617849,18.534833026791016,-3.7831937624137204,-21.668792724609375,-233353.68610963807,-73.70587164183745,1
2023-01-03,436.26531982421875,436.74684887479737,426.6347388126466,429.52391311611825,14885.824,-8.667575398657561,-2.8892269647524245,-5.296871294775258,43.89387227721839,434.435546875,438.3359313964844,447.02391204833987,-63.15804323943465,0.22122965512853238,-0.9655767283401889,True,66.66666666666666,39.62246028097188,25.075645981813807,-3.1532104855959604,-13.001373291015625,-219885.5596334476,-74.39732019204818,0
2023-01-04,432.8946838378906,438.1915042185545,431.93162558686083,432.8946838378906,19188.422,3.3707707217723737,1.4446553437571197,5.296886774214215,41.58006948553182,432.990966796875,437.56548767089845,445.78328704833984,-74.07402627674098,-0.29574284122328687,-1.3443017133209898,False,50.0,26.415181531087683,29.559726156079346,-2.8074823555773696,-7.704437255859375,-233169.85178729377,-46.97952395689131,1
2023-01-05,441.56219482421875,442.5252530462999,438.19149104693463,442.0437239352593,23549.581,9.149040097368697,4.33374882774541,6.259865460073797,49.105999016874286,434.4355529785156,437.5173370361328,445.1196685791016,-39.622612485102046,1.6441918338936627,0.778462840162966,True,50.0,80.00010885663451,48.67925022289802,-1.88339824782717,-0.48150634765625,-220086.75123173793,47.08647488565722,0
2023-01-06,441.56219482421875,442.5252530462999,438.19149104693463,438.19149104693463,20886.011,-3.852232888324693,0.0,0.0,49.105999016874286,436.84320068359375,436.60243225097656,444.62362213134764,-39.622612485102046,1.3633035335457264,0.7600066385917537,False,50.0,80.00010885663451,62.13846641478557,-1.1941014904391833,-9.1490478515625,-208483.41178729324,74.78289785835658,1
2023-01-09,463.23101806640625,463.23101806640625,450.2297316965591,450.7112608213682,46666.263,12.519769774433598,20.705765020106355,12.03824064962447,63.20776092758057,443.10308227539065,439.10639038085935,444.7322402954102,-0.0,4.983634642860078,5.280443145782266,True,66.66666666666666,100.0,86.66673923775635,0.6974763051304058,25.039581298828125,-161817.14878729323,239.77279061261297,1
2023-01-10,468.04632568359375,469.0093839668933,465.157150833695,468.04632568359375,32646.014,17.335064862225522,5.778365900487074,14.927419137135928,65.52358794923248,449.45928344726565,441.9474151611328,445.3928283691406,-2.247189031570241,4.647413745644783,6.026733270200432,True,66.66666666666666,97.75281096842977,92.58430660835477,2.166319245763678,28.410247802734375,-145494.14178729322,197.26907961368974,0
2023-01-11,466.6017150878906,469.972418912055,464.1940694992018,469.00936067657943,21051.115,0.9630349929856834,0.9630349451616667,-0.9630813344932108,64.20105236560755,456.2006896972656,444.5958282470703,446.1487579345703,-7.692304779634551,3.158267334438225,5.1356257965276555,False,50.0,92.30769522036545,96.68683539626507,2.8887701591633492,26.484130859375,-149002.66095396,124.76034629108763,1
2023-01-12,468.52777099609375,469.9723581625771,466.1201257186215,469.4908291070827,20963.689,0.4814684305032415,-6.0749477881927305e-05,1.9260562194197064,65.22203993383896,461.59380493164065,448.0146789550781,446.5700912475586,-3.2968402590496653,2.2416696365332784,4.999989399272266,True,66.66666666666666,96.66653149719252,95.57567922866258,3.314048909492424,34.188507080078125,-143761.73870396015,96.59320640242164,1
2023-01-13,481.529052734375,490.1965756835938,480.56599462890625,488.2704594726563,77606.949,18.77963036557361,20.22421752101667,14.44586891028473,71.25830625359727,469.58717651367186,453.21518859863284,447.50906829833986,-13.533843237184673,3.573267887205068,7.085479174658817,True,66.66666666666666,86.363636773404,91.77928783032064,4.230013741259003,52.005096435546875,-205847.29790396022,128.37775017893503,1
2023-01-16,486.3443908691406,489.2335654683632,484.41827446965885,487.30744906888145,34373.918,-0.963010403774831,-0.963010215230554,3.852279840752601,73.14182508299272,474.20985107421876,458.6564666748047,449.1462677001953,-6.01496710247203,2.956167481479359,7.123917325297471,True,83.33333333333334,93.388504052509,92.13955744103517,4.873465858780607,54.41278076171875,-212722.0815039599,114.01822022205913,0
2023-01-17,484.4182434082031,485.3813015461916,481.0475399252435,485.3813015461916,27770.329,-1.9261475226898597,-3.8522639221716304,-3.3707345444153702,71.10839251847217,477.48423461914064,463.4717590332031,450.9038452148437,-9.090883083071837,1.787516814383005,5.635275625177383,False,66.66666666666666,88.88890900618318,89.54701661069873,4.871047987336125,48.152923583984375,-197294.12094840434,87.48792214509923,1
2023-01-30,522.9406127929688,522.9406127929688,514.2730888240245,521.9775545741971,124428.936,36.59625302800555,37.559311246777156,33.22554889878103,82.01651269047993,488.75201416015625,472.4763519287109,455.0209197998047,-0.0,7.809403352227583,12.180428062183783,True,66.66666666666666,100.0,94.09247101956407,7.034165814512572,90.04592895507812,-72865.18494840433,184.0980376199997,0
2023-01-31,502.7163391113281,518.125269045775,501.7532809904252,517.162210924872,72530.854,-4.8153436493250865,-4.815343747193765,-12.519807833599316,67.43473794093683,495.5897277832031,478.5917663574219,458.05455169677737,-22.22228188941246,2.3696651539776616,6.575916917196614,False,66.66666666666666,72.18535468601374,87.02475456406565,6.6760994489181105,61.154144287109375,-136862.99730134552,107.976154135983,1
2023-02-01,510.4207763671875,513.3099505730395,502.7163118182488,512.3468925044222,33710.99,-4.815318420449898,-4.815318472735498,0.9630308278236157,69.67532484433298,501.3680725097656,485.4776245117188,461.04002838134767,-14.772821437960356,2.4814617142269975,6.747218299580031,True,66.66666666666666,78.68838620312556,83.62458029637976,6.5237030097003075,68.85858154296875,-121539.82002861815,95.70295264268215,1
2023-02-02,520.0513916015625,521.9775078667535,517.1622172037761,518.1252753363715,43077.053,5.77838283194933,8.667557293714026,14.445905385527283,72.27643071395906,508.10947265625,491.1596618652344,465.1330261230469,-3.409145878896913,3.086221875324547,7.293645714308017,True,66.66666666666666,95.08188732576407,81.98520940496779,6.616260708931232,56.82037353515625,-112924.40942861896,104.2255234185169,1
2023-02-03,521.9774780273438,521.9774780273438,516.1991295620965,520.0513618722613,31635.865,1.9260865358897945,-2.983940976264421e-05,-0.9630876416796355,72.78572515704133,515.6213195800781,496.5527770996094,469.2500961303711,-1.3246088495997583,2.2641457767193254,6.222430866240873,True,66.66666666666666,98.30495158486626,90.6917417045853,6.350734063185515,53.93115234375,-81288.54442861896,83.86348947197891,0
2023-02-06,506.568603515625,513.3100107867455,506.568603515625,512.3469526051568,30870.136,-7.704409267104438,-8.667467240598285,-9.63052604647146,62.72869493033525,512.3469177246094,500.5494659423828,472.57264709472656,-27.868889571041088,-1.4673694106104735,2.3346331728298026,False,66.66666666666666,61.36364175847915,84.91682688970316,4.753935115833862,39.966888427734375,-112158.68042861896,33.3866425771676,0
2023-02-07,503.679443359375,508.4947344048757,502.71638515027485,504.64250156847515,23481.767,-7.704451036681689,-4.815276381869751,-3.8522183653501543,61.004545134674196,512.5395385742188,504.06463317871095,476.0396560668945,-32.786898349536386,-1.413752640720622,1.1442447729869143,False,50.0,54.023020716552175,71.23053801996586,3.194571062350569,35.15167236328125,-127813.19176195221,2.9966485755512373,1
2023-02-08,520.0513916015625,520.0513916015625,514.2730428059896,518.1252753363715,35096.191,13.482773767896333,11.556657196686785,11.55665765571473,66.6680666482589,514.4656616210938,507.9168670654297,480.56602783203124,-5.084822992850844,1.2183691928058418,3.50610878678962,True,66.66666666666666,93.1033438379448,69.49666877099203,2.9623327824007397,38.5223388671875,-92717.00076195222,70.61026843752778,0
2023-02-09,520.0513916015625,520.0513916015625,516.1991590711806,520.0513916015625,18861.972,1.9261162651910126,0.0,1.9261162651910126,66.6680666482589,514.4656616210938,511.2875671386719,484.9720169067383,-6.8182825393729924,0.9031442647547424,2.6290771285796195,False,50.0,86.36344954460289,77.82993803303329,2.5225142964039744,33.707000732421875,-73855.02876195221,62.02447265196971,1
2023-02-10,524.86669921875,525.8297573824541,521.0144665639335,523.9036410550459,28495.684,3.8522494534834095,5.7783657808915905,4.815307492752936,68.28056331366952,515.043505859375,515.3324127197266,489.40208587646487,-2.1505370175657164,1.6791060254617511,2.846361195386097,True,50.0,96.0000037047658,91.82226569577115,2.277196932914002,40.448455810546875,-56757.61836195194,97.51785829943861,0
2023-02-13,521.0145263671875,523.9037011899261,518.1253515444489,523.9037011899261,22768.977,6.013488018652424e-05,-1.9260561925279944,-2.8891150194846205,65.51459823222046,517.9326904296875,515.1398040771485,493.8080780029297,-10.752551545415415,0.9642398244811007,1.5168226477572564,False,33.33333333333333,79.16697014345748,87.17680779760872,1.6083204993197597,-1.92608642578125,-56757.61836195194,63.726207365234515,1
2023-02-14,524.86669921875,525.8297573824541,522.9405828913417,523.9036410550459,21883.297,-6.013488018652424e-05,1.9260561925279944,4.815231346892801,66.97406200673558,522.1701416015625,517.3548400878906,497.9733032226562,-3.999996295234191,1.1131709201817679,1.6001250514674703,True,50.0,95.83332906150628,90.33343430324318,1.1970367104711492,22.150360107421875,-49463.18602861804,91.2562663114344,0
2023-02-15,505.6056213378906,512.3470296223958,502.71644635881694,506.5686796642485,61796.793,-17.33496139079739,-13.48272776005831,-20.224136532524767,54.41305350213469,519.2809875488281,516.873324584961,501.1754745483398,-83.99956752500195,-2.6575890230987986,-1.8538548784581037,False,50.0,12.50027974539035,62.50019298345136,-0.5089947769978522,-4.815155029296875,-74181.9032286176,-111.11058921186871,1
2023-02-16,508.4947204589844,511.3838950070468,504.6424877282345,508.4947204589844,29975.138,1.9260407947358544,-0.963134615348963,1.9260413694175895,55.770432053934236,516.9696533203125,515.7176574707031,503.43865966796875,-74.99979557489985,-1.7369751485118854,-1.3852127154021987,True,50.0,24.999966472502567,44.44452509313306,-1.5223833974062124,-11.556671142578125,-69899.74065718931,-73.68102142435399,0
2023-02-17,498.8641357421875,504.6424848048383,496.93801938797054,504.6424848048383,28121.975,-3.8522356541460567,-6.741410202208499,-7.704468340263986,50.321710113847466,511.769140625,513.4063232421875,504.97955017089845,-93.33333164455277,-2.9356689625731645,-3.0718854254380883,False,50.0,6.666668355447228,14.722304857780044,-2.844020535996844,-23.11334228515625,-83960.72815718921,-115.35294014548973,0
2023-02-20,497.9010925292969,499.82720894140243,492.1227432929801,495.0119179111385,20065.156,-9.630566893699836,-4.815275863435886,-4.815276094990452,49.79104134912677,507.1464538574219,512.5395721435547,506.5445190429688,-82.8571310974672,-2.268432589087682,-2.9107960127321095,False,33.33333333333333,17.142868902532793,16.269834576827524,-3.729955123401542,-8.667510986328125,-73928.15015718905,-116.84600456052847,0
2023-02-21,496.93798828125,497.90104639807413,494.0488139307776,495.97493016442587,13504.1,0.9630122532873884,-1.926162543328303,1.9260706377975225,49.22471414825481,501.5607116699219,511.8654266357422,507.96502990722655,-85.71441250925393,-1.6830820216433875,-2.702709969773672,False,33.33333333333333,14.285587490746062,12.698374916242024,-4.287860210577245,-6.741455078125,-67176.10015718905,-102.8325712912744,0
2023-02-22,488.2705383300781,490.19665485209026,486.344421808066,487.3074800690721,24575.245,-8.667450095353786,-7.704391545983867,-7.704392122711624,44.28011021229946,498.09369506835935,508.6873413085938,508.3021041870117,-95.1219446561789,-2.217931351326094,-4.113468617547584,False,16.666666666666664,4.878055343821111,12.102170579033318,-5.0928168986849265,-31.780853271484375,-67176.10015718905,-123.77006233318073,1
2023-02-23,498.8641357421875,501.7533102735129,491.1596703253197,493.0857866795367,25376.835,5.778306610464597,11.556655421422647,4.815248517253735,50.86141008937582,496.167578125,506.56861572265626,508.92809143066404,-68.29275032870092,0.12886499665032705,-1.955837528754044,True,33.33333333333333,31.707249671299085,16.956964168622083,-4.76962097906439,-21.187255859375,-55641.17515718903,-56.96973870960128,0
2023-02-24,492.1227111816406,505.60552518661706,492.1227111816406,504.64246704340445,41692.491,11.55668036386777,3.8522149131041488,0.9630408563209016,47.00697684955777,494.8192932128906,503.2942169189453,509.3133148193359,-85.36598641111034,-0.6802759076089622,-2.836322627624889,False,16.666666666666664,14.634013588889658,17.073106201336614,-4.851672998546581,-32.743988037109375,-97333.66615718903,-50.161957306771015,1
2023-03-01,502.7163391113281,502.7163391113281,485.3812929350754,485.3812929350754,39560.848,-19.261174108329044,-2.889186075288933,-6.7414182465652175,53.09992231542791,495.7823425292969,501.4643981933594,508.3021011352539,-57.14288190394793,1.3264263518194552,-0.460836927943815,True,33.33333333333333,64.28545371209485,36.87557232409453,-4.066084776615803,-18.298187255859375,-57772.81815718903,-39.146162499670766,0
2023-03-02,499.82720947265625,500.79026767973266,495.97497664435065,499.82720947265625,16558.784,14.445916537580842,-1.9260714315954601,10.59368370927524,51.34359387246361,496.3601867675781,498.96044921875,508.1576446533203,-64.28562434953689,0.6789562712803628,-0.6223062377723315,False,33.33333333333333,55.555657459190634,44.82504158672504,-3.629028953211076,-25.03948974609375,-47837.54775718911,4.357416626488644,0
2023-03-03,496.93798828125,505.60551133266716,496.93798828125,504.64245321584303,23253.895,4.815243743186784,4.815243652934498,0.9630116368993527,49.55543753299103,498.0936767578125,498.09368591308595,507.48350524902344,-71.42859313927914,0.09698760595991357,-0.8010321519155513,False,33.33333333333333,57.14281364274607,58.99464160467718,-3.4250722250914585,-8.667633056640625,-71091.44275718911,41.666060098020345,1
2023-03-06,501.7532653808594,504.64243965368587,497.9010330170908,500.79020728991725,21922.085,-3.8522459259257857,-0.9630716789812936,0.9630447358408105,52.55942567256688,498.6715026855469,497.41954040527344,506.56859893798827,-39.286018269687126,0.611516968347259,0.5467906080523302,True,50.0,80.95225688745721,64.5502426631313,-2.8784197284854063,-6.741455078125,-67959.71632861796,123.00383746556278,1
2023-03-07,504.6424865722656,506.5686029332285,499.82719566985855,501.7533120308214,24861.078,0.9631047409041571,1.9261632795426067,1.9261626527677436,54.33924141949412,501.1754577636719,497.99737548828125,505.70184936523435,-25.92589932392903,0.9958278663640305,1.142031556032486,True,50.0,90.909103793116,76.33472477443975,-2.2619844781229705,5.778350830078125,-57304.96861433236,150.79419474275664,0
2023-03-08,501.7532653808594,503.6793815627437,498.86409110803294,501.7532653808594,24512.408,-4.664996203018745e-05,-2.8892213704847904,-0.9631045618256167,52.202722132125075,500.98284301757815,498.3825927734375,505.4610824584961,-22.72746069599615,0.0960569469512756,0.6763215794116679,False,50.0,77.27253930400386,83.04463332819235,-1.9977364772556276,3.8521728515625,-52402.48701433248,75.2682984330144,1
2023-03-09,502.7163391113281,506.56857159493984,502.7163391113281,505.6055134740369,21557.577,3.8522480931775362,2.8891900321961543,3.8522480032951876,52.87647147523821,501.5606689453125,498.96042785644534,505.4129272460938,-18.181939199625432,0.2881830169150451,0.8046313929181618,True,50.0,81.81806080037457,83.33323463249813,-1.7176872304425723,5.778350830078125,-73960.06401433249,106.06061604880763,0
2023-03-10,494.0488586425781,496.938033254523,492.12274223461486,495.9749750505414,24045.605,-9.630538423495523,-9.63053834041682,-10.593596876713264,46.44830705824066,500.98284301757815,499.5382598876953,504.11280059814453,-59.090768444610084,-1.2511958940389312,-0.8695598927622407,False,50.0,40.909231555389916,66.6666105532561,-2.053099226682134,5.7783203125,-78769.18501433248,-128.4551569260296,1
2023-03-13,496.93798828125,498.86410451489826,490.1965814634811,494.0488139307776,21466.947,-1.9261611197637762,1.9260712603752381,-1.926160771133766,48.71542437912522,500.01978759765626,499.34564514160155,502.9571304321289,-45.454636066673835,-0.6737264965590855,-0.28985874054157396,True,66.66666666666666,54.545363933326165,59.090885429696876,-2.0144922683723383,-1.9261474609375,-66843.10334766582,-92.42483842718302,0
2023-03-14,491.15966796875,495.01190065870094,491.15966796875,492.1227261412377,20474.77,-1.9260877895399062,-3.8522038561973204,0.9630865052689046,44.59614495554158,497.32322387695314,499.2493408203125,501.2717788696289,-72.7271888966636,-1.4810019453452676,-1.496858612096365,False,50.0,5.882514306791737,33.7790365985026,-2.2920262876225834,-0.963043212890625,-87317.87334766582,-131.09341430836153,1
2023-03-15,492.1227111816406,496.93800189770366,491.159653038428,495.97494375449105,23208.597,3.8522176132533446,1.926101239002719,-1.4930321981410088e-05,45.43502801063832,495.39711303710936,498.1899780273437,499.8271881103516,-68.18181143735153,-0.8729386816237934,-1.192394354296471,True,50.0,11.764764184549104,24.064214141555663,-2.3177204923718646,-10.5936279296875,-102790.27134766582,-92.07475447885581,0
2023-03-16,488.9757080078125,493.8170516514542,488.00743927908417,488.9757080078125,21965.994,-6.999235746678551,-3.1209502462494356,-3.1522137593438515,43.10821519683594,492.64898681640625,497.1048278808594,498.0326385498047,-83.0350569607448,-1.0825166679238403,-1.772523706981257,False,50.0,5.216638066289229,7.6213055192100185,-2.441230452423147,-10.85150146484375,-117434.2673476659,-110.02138744471317,1
2023-03-17,501.56317138671875,501.56317138671875,496.7218280335651,499.6266340454573,33118.483,10.650926037644808,7.746119735264529,8.714388754480922,53.49927747384401,494.1518493652344,497.5673461914063,497.8305160522461,-26.96722920921028,1.5033324676004796,0.7755524939159703,True,50.0,73.03277079078973,30.004724347209347,-1.6098738818714011,4.62518310546875,-84315.7843476659,34.59178230122167,0
2023-03-20,495.75360107421875,501.56321358680725,493.8170635700226,500.59494483470917,11837.312,0.9683107892518592,4.220008850097656e-05,-2.904764463542506,48.99375207394917,493.91497192382815,496.9673797607422,497.19346008300784,-58.266831005473996,0.2699721509917018,-0.32373754307800423,False,50.0,41.73323945607293,39.99421610438395,-1.393993037095919,-5.999664306640625,-90234.4403476659,-2.431096784840728,1
2023-03-21,500.59490966796875,500.59490966796875,495.7535662475822,498.6583722998142,18284.799,-1.9365725348949923,-0.968303918838501,1.9365026775596448,52.62110465411363,495.80202026367186,496.5626220703125,497.2799987792969,-32.183829508587564,1.12450436557772,0.588024349544638,True,50.0,67.81628499103934,60.860765079300656,-0.8923058825909675,-4.047576904296875,-71949.6413476659,42.30562087781554,1
2023-03-22,516.087158203125,516.087158203125,507.37274089763133,507.37274089763133,42385.987,8.714368597817156,15.49224853515625,11.619174650049104,62.04404717711162,500.59490966796875,497.9960113525391,498.1893020629883,-0.0,3.386390521203643,3.452685366583414,True,66.66666666666666,100.00000000000001,69.84984148237076,0.4439717103503371,14.333892822265625,-29563.654347665906,207.7656839962129,1
2023-03-23,520.9285888671875,521.8968576197287,511.2459013417751,511.2459013417751,26728.246,3.873160444143764,5.809699416603735,3.873160444143764,64.4541643732386,506.98548583984376,499.817236328125,499.38883209228516,-2.857141845305624,3.36215782658957,4.139862080179819,True,66.66666666666666,97.14285815469438,88.31971438191124,1.5525823262690528,18.212249755859375,-7695.089438574974,187.6768161976461,1
2023-03-24,521.8968505859375,521.8968505859375,518.0237756279713,518.9920443674629,21926.24,7.746143025687786,-7.033791234789533e-06,6.777874286196209,64.9398769020244,511.0522216796875,502.60203552246094,501.0701477050781,-2.0755125284501273e-05,2.4390287732112865,3.9844794728588013,True,83.33333333333334,99.99997924487472,99.04761246652303,2.2096652484161203,27.847991943359375,14231.150561425027,135.25761739434338,0
2023-03-27,514.150634765625,518.9919778425141,514.150634765625,516.0871719963807,16111.177,-2.904872371082206,-2.904872743423425,-3.873140862346304,58.02063595202024,514.7316284179688,504.32330017089845,501.83447265625,-22.857349678420018,0.5047242509640568,2.2469809180951197,False,66.66666666666666,77.14265032157999,91.4284959070497,1.9881201150902181,17.212646484375,-1880.0264385749724,76.0510333225483,0
2023-03-28,508.34112548828125,513.1824695405506,507.3728566778274,508.34112548828125,17234.12,-7.746046508099425,-5.809508301963433,-6.777778087797628,53.36832254800772,516.2808715820313,506.04144592285155,502.64539337158203,-39.999896118576046,-1.036746341395012,0.8527946939026483,False,66.66666666666666,60.000103881423954,79.04757781595954,1.3465464595977603,17.18145751953125,-13369.439771908304,26.96758820367563,1
2023-03-29,513.182373046875,516.087178932046,508.34102990492335,516.087178932046,17280.749,7.746053443764708,2.9047093914953166,0.9681732270959742,56.536554926999855,515.6999145507813,508.147412109375,503.1686950683594,-25.714470768600357,-0.5006320398391378,1.5405725904180727,True,66.66666666666666,68.9652831590304,68.70267912067811,1.1519767822870328,21.059661865234375,-9049.252521908209,37.280448362960854,1
2023-03-30,518.0237426757812,519.9602800315786,514.1506679641866,518.9920113536799,19201.564,2.904832421633955,3.8731010995326187,5.80963805926325,59.53576467396569,515.1189453125,511.0522155761719,504.0785217285156,-11.42868521677265,0.3752318145677413,2.0464888714642635,True,66.66666666666666,86.20675444737454,71.72404716260962,1.2451624047244962,29.04803466796875,-2648.731188574877,66.12326338479951,0
2023-03-31,516.087158203125,520.9285011506215,515.1188896136257,520.9285011506215,23558.838,1.9364897969416006,0.9682211190429371,0.9682216494391014,57.79542928909494,513.9570068359375,512.5046142578125,505.0359802246094,-17.143107498059337,0.15658352422931185,1.2666143334862514,False,50.0,77.7774751698117,77.64983759207219,1.0784313567716595,14.52398681640625,-18354.62318857488,58.200703084341995,0
2023-04-06,513.182373046875,514.1506416752653,509.3092985333137,513.182373046875,25423.363,-7.746128103746514,-6.777859475356195,-5.809591080311975,55.157137267637744,513.7633544921875,514.2474914550781,505.60743560791013,-31.0347168409696,-0.12563119987042062,0.2996321453331766,False,33.33333333333333,39.99989989342849,67.99470983687156,0.693283623344632,17.42877197265625,-3100.605388574879,-21.212468804576435,1
2023-04-07,514.150634765625,518.0237092271362,512.2140975348693,518.0237092271362,8557.482,4.841336180261237,3.8730675518709177,2.9047990015556024,55.88935473872114,514.9252563476563,515.6030639648437,506.0828430175781,-27.586466055953128,0.06280966067459205,0.2832801160469439,True,50.0,46.666053761012336,54.81447627475083,0.4370152933137703,13.55572509765625,-5953.099388574767,-8.835975647842071,0
2023-04-10,512.214111328125,516.0871858939331,511.245842686673,516.0871858939331,7435.151,-1.9365233332031266,-1.9365233332031266,-0.9682548481963522,53.96674328812765,514.7316040039062,515.2157592773438,506.6058853149414,-37.03721216189287,-0.4391456431665401,-0.3610131877654274,False,50.0,33.33280556937093,39.999586407937244,0.08858743702948502,-3.873046875,-10414.189988574766,-48.99630779904391,0
2023-04-11,507.3727722167969,510.27757816460297,505.4362349182595,505.4362349182595,22675.697,-10.650950975673595,-5.809607729330139,-5.809607768413457,49.33788130337379,512.6014099121094,513.8601776123047,506.83870697021484,-88.23533390164813,-1.1942158782788572,-1.411101906238775,False,33.33333333333333,12.500025945152565,30.83296175851193,-0.4849195197205205,-13.555816650390625,-14949.329388574979,-139.64952709668043,0
2023-04-12,503.499755859375,507.37283090444714,500.5949495755709,506.4045621431791,23816.473,0.9683272249195625,-2.9047472601558297,-4.841285342688593,45.9018979384869,510.08392944335935,512.0204681396484,507.3112518310547,-86.36363335254966,-1.4840426958530806,-1.9638562227313066,False,16.666666666666664,14.285779211184607,20.03953690856936,-1.1065361881371816,-18.3970947265625,-18351.68267428938,-175.19693301935672,0
2023-04-13,493.8170166015625,500.59489722158395,493.8170166015625,498.65835990157785,25536.889,-7.746202241601225,-6.777933682863193,-6.777932974008422,38.575087671986495,506.2108581542969,509.9871063232422,507.1552032470703,-100.0,-2.671755621882795,-3.4243340699775664,False,16.666666666666664,0.0,8.928601718779047,-2.0939618419841377,-20.3336181640625,-43888.57167428938,-194.5908179549366,1
2023-04-14,499.6265869140625,503.4996612312258,496.72178117619,499.6265869140625,18072.504,0.9682270124846468,2.9047640096418377,2.9047645746275066,44.385496642765844,503.30604858398436,509.1156524658203,507.57854919433595,-78.57155220700875,-1.0862693081137949,-1.9322217510433355,True,33.33333333333333,21.42844779299125,11.904742334725276,-2.265451430062693,-8.71453857421875,-46470.35796000358,-104.52027339117475,1
2023-04-17,503.499755859375,503.499755859375,497.69014329176684,502.531487098107,14634.287,2.904900184044493,9.462814921334939e-05,0.9683621155768378,47.96535421801746,501.56317749023435,508.1473907470703,508.1474014282227,-64.28547009186715,0.032070422391320935,-0.9995143637670593,True,33.33333333333333,35.71452990813286,19.04765923370803,-2.0349515212502496,-9.6826171875,-31836.07096000358,-69.2806371763682,0
2023-04-18,498.6582946777344,503.49963734450847,497.69002614437954,501.5631002777988,15168.888,-0.9683868203081829,-0.00011851486652858512,-0.00011714738730006502,44.094877989871414,499.8202819824219,506.2108459472656,508.63153076171875,-82.14307273579415,-0.483104566433198,-1.795657153627143,False,33.33333333333333,19.999750280041113,25.714242660388397,-2.1160848393121228,-19.365447998046875,-41948.66296000353,-70.03435303625945,0
2023-04-19,493.8170166015625,501.56316588158705,492.84874794155945,500.59489722158395,21123.233,-0.9682030562148611,-1.9364714629214177,-4.841278202820092,40.527427750482,497.88373413085935,503.98383178710935,508.2442230224609,-96.55171947989001,-1.0029116276069558,-2.4390230177416194,False,33.33333333333333,3.846157493627557,19.85347922726717,-2.383456013288651,-22.2701416015625,-58377.84418222585,-94.72165922228967,1
2023-04-20,496.72186279296875,499.6266690081323,493.8170565778052,495.7535940545809,17221.961,-4.841303167003048,-1.9364968734547574,0.9683086362457516,43.51850504513289,498.46470336914064,502.33778076171876,508.2926361083984,-86.20673471532028,-0.19454398158370634,-1.5197479747560942,True,50.0,16.666846796446073,13.504251523371572,-2.2537694957999066,-16.46051025390625,-58377.84418222585,-75.72156665767346,0
2023-04-21,494.7852478027344,503.49966508301736,493.81697921603626,503.49966508301736,25016.683,7.746071028436461,3.872996074885066,-7.736176894468372e-05,41.982857272499494,497.496435546875,500.4012420654297,508.00215301513674,-92.30783380674201,-0.615889118259019,-1.5572388606808711,False,50.0,11.110899793002634,10.541301361025413,-2.1858472366346,-19.365386962890625,-78391.19058222583,-60.60635458847624,0
2023-04-24,490.9122619628906,493.8170682466947,488.00745567908655,488.97572444035455,16886.512,-14.523940642662808,-9.68259683632266,-5.809523536949712,38.98182289046447,494.97893676757815,498.27105712890625,506.743408203125,-90.32255548096934,-1.1053226356166639,-1.9658294760661148,False,33.33333333333333,14.999999999999941,14.259248863149539,-2.27879089097862,-21.301849365234375,-78391.19058222583,-150.75014017607793,0
2023-04-25,482.19775390625,488.9756339812375,482.19775390625,488.0073653990964,36898.412,-0.968359041258168,-4.841434265457224,-5.809701772836547,33.162963772163366,491.68682861328125,495.75355529785156,504.80686645507814,-100.0,-2.1611064128719675,-3.1913247833582257,False,16.666666666666664,0.0,8.703633264334181,-2.7714707352815084,-25.175018310546875,-115289.60258222582,-211.96945678718987,0
2023-04-26,475.904052734375,482.6819334447323,475.41991839792087,482.1977991082782,31269.245,-5.809566290818168,-6.293700536505185,-6.777835508329133,29.67322979375571,488.10423583984374,492.9939849853516,502.5072265625,-98.6111106147267,-2.6893246152560697,-3.8709141189429004,False,16.666666666666664,1.7241351098228965,5.574711703274271,-3.328063405364478,-27.595703125,-142389.61491555884,-185.43299698485862,1
2023-04-27,477.8406066894531,479.2930097492995,473.483397509914,475.4199349230425,29537.148,-6.777864185235728,-3.3889236954328226,-1.9365208880068394,32.07259338016388,484.32798461914064,491.39634399414064,500.6917251586914,-87.14286801784658,-1.7584572961479554,-2.997539039972109,True,33.33333333333333,14.516115275580535,5.413416795134467,-3.362716904433344,-15.976409912109375,-127621.0409155587,-132.57888298595134,1
2023-04-28,486.0708312988281,486.0708312988281,482.1977569458494,482.6818912399718,24824.1,7.261956316929286,6.777821549528653,8.714359435935364,41.34976875693577,482.58510131835936,490.0407684326172,499.5782104492188,-58.0647537507156,0.2996939563286159,-1.0349991758647978,True,33.33333333333333,41.93537307147846,19.391874485627287,-2.659100779041321,-13.555755615234375,-102796.94091555869,-50.90680387150289,0
2023-05-02,485.10260009765625,486.07086876052585,480.7453911147432,484.1343314347867,15325.791,1.4524401948149261,3.746169772966823e-05,-1.4523658311061922,40.63748425708772,481.4231689453125,488.2010528564453,498.1742218017578,-61.29043219544693,0.4343468535529019,-1.085882479254691,False,33.33333333333333,38.70968487152559,31.720391072861517,-2.1105996076631266,-18.39715576171875,-93044.16482464978,-45.132659207546716,0
2023-05-03,480.2612609863281,482.1977983290149,479.2929923149847,480.2612609863281,11369.311,-3.873070448458577,-3.873070431510939,-1.4523987997584982,37.14704803428747,481.03587036132814,486.36134948730466,496.28609771728514,-77.41943443803598,-0.20120474680731457,-1.7497512949431149,False,33.33333333333333,22.580633850983975,34.40856393132933,-1.9304370372472084,-18.39703369140625,-96833.93515798297,-64.20220114148893,1
2023-05-04,482.19775390625,483.6501567794616,480.26121674196787,481.22948532410896,13140.291,0.968224337780839,1.4523584504466953,0.9682244269831699,39.417634727983504,482.29461059570315,485.1994232177734,494.5916275024414,-70.96788807898074,0.2012005190840814,-0.994042250542154,True,50.0,29.03211192101926,30.107476881176265,-1.553641123177572,-11.6192626953125,-94956.75072941161,-41.643237401093394,1
2023-05-05,484.13433837890625,486.0708757324219,482.6819353637695,484.13433837890625,7488.897,2.904853054797286,2.4207189529602715,2.4207186218016545,41.71473664721277,483.55335693359376,483.9406707763672,493.139225769043,-64.51610499855683,0.3176756263114641,-0.34877729658605433,True,66.66666666666666,52.38080721807995,34.664517663361046,-1.0698045980973472,-12.5875244140625,-96026.59315798304,-0.5322530437017722,1
2023-05-08,488.0074157714844,492.84875918191574,486.0708784073118,492.84875918191574,11243.634,8.714420803009489,6.7778834494938565,3.3889430435422696,46.16804230270803,483.940673828125,483.2628875732422,491.8320648193359,-51.612843848097626,0.7664151669487976,0.5486307841145127,True,66.66666666666666,74.99998454750813,52.137634562202436,-0.4182198466764122,-6.77783203125,-100845.29344369724,111.11134136505233,1
2023-05-09,493.8170166015625,493.8170166015625,488.9756733015472,490.91221062155336,16197.743,-1.9365485603623824,0.9682574196467613,2.9047948942354083,52.15050230284543,485.6835571289063,483.55336303710936,490.91221008300784,-32.2580029574736,1.6949156803173715,1.7964079515931228,True,66.66666666666666,100.0,75.79359725519602,0.42888670316662747,2.904754638671875,-84647.55044369724,168.56811206415037,0
2023-05-10,487.03912353515625,491.88046671145,484.13431762937995,491.88046671145,18859.212,0.9682560898966699,-1.9365498901124738,-4.8413556721672535,45.68828619929562,487.03912963867185,484.0375,489.8955276489258,-33.33360119419132,0.2324792388427739,0.5329757704398601,False,66.66666666666666,66.666568131051,80.5555175595197,0.5498538299098312,4.84136962890625,-89362.35344369714,68.31552754034419,0
2023-05-11,483.16607666015625,489.9439574950683,482.6819423148054,489.9439574950683,13382.927,-1.9365092163817508,-1.9365092163817508,-1.4523753145745673,42.412164544485655,487.2327941894531,484.7637023925781,488.8788436889648,-52.3809356976735,-0.6635662991211287,-0.13341817244258578,False,66.66666666666666,26.666743794630065,64.44443730856034,0.39347680682260133,7.26202392578125,-100960.89017703044,12.781042032589712,0
2023-05-12,480.2612609863281,484.1343356717017,479.2929923149847,480.2612609863281,18465.362,-9.68269650874015,-5.8096218233665695,-3.3889499998206816,40.061775610252376,486.4581787109375,485.0057678222656,488.2010559082031,-66.66671365355744,-1.195218915059051,-0.7006993595691298,False,50.0,6.666669321382487,33.33332708235451,0.1323568256810148,2.420654296875,-112040.10737703026,-94.1172089412806,0
2023-05-15,479.7771301269531,483.6502048403897,478.80886144859403,481.2295331444919,13315.766,0.9682721581637566,-0.4841308313120294,-0.4841308663906716,39.662145459432146,484.81212158203124,484.37639770507815,487.20858306884764,-69.04765163214802,-1.1471312705699956,-0.8669536418175691,False,33.33333333333333,6.451616927531435,13.261676681181319,-0.026544889750505618,-6.293701171875,-120029.56697703045,-85.96465951494955,1
2023-05-16,488.9757080078125,491.8805141939975,484.1343643641708,487.03917055035583,21140.315,5.809637405863953,8.230309353607822,5.325502915576749,50.000278613004404,483.84385986328124,484.7637084960937,486.48238067626954,-32.25785277674475,0.7146471884043745,0.8403432213314022,True,33.33333333333333,67.74214722325524,26.953477824056378,0.5049400663656156,3.87310791015625,-114744.48822703034,63.46203887600951,1
2023-05-17,502.5314636230469,504.4680010551203,489.94397031456975,491.88050774664316,41406.763,4.841337196287327,12.587486861122784,5.809605950398975,60.79838922733507,486.94232788085935,486.9907287597656,486.67603912353513,-7.54716433118771,3.1980146966685092,3.3435706726156567,True,33.33333333333333,92.45283566881228,55.548866606532975,1.7181987368545686,22.27020263671875,-84379.52869369702,187.87886724901517,1
2023-05-18,513.182373046875,518.991984817217,509.3092985333137,516.087178932046,43096.277,24.206671185402797,14.523983762096748,19.36532821874397,66.92156424887395,492.9455871582031,490.0891906738281,487.6443069458008,-14.457840215771945,4.4506425697776395,5.028482157599283,True,50.0,85.54215978422806,81.91238089209851,3.105882318876372,30.984619140625,-92998.78409369742,228.39778856033445,1
2023-05-19,515.118896484375,518.0237022916177,512.2140906771323,518.0237022916177,32099.068,1.9365233595717655,-0.9682825255993066,2.904792143818554,67.9155762582262,499.9171142578125,493.187646484375,488.5641586303711,-9.63859453460587,3.7205451444698023,4.80176646757057,True,66.66666666666666,90.36140546539413,89.45213363947816,3.966936700553984,30.98455810546875,-92998.78409369742,151.2716112761538,0
2023-05-22,514.150634765625,516.0871719963807,512.2140975348693,515.1189033810028,17208.135,-2.904798910614886,-1.9365302952370484,6.857737048449053e-06,66.82032486217713,506.79181518554685,495.8019683837891,489.5324279785156,-12.048217375188909,2.361441004560539,4.041140898189703,False,66.66666666666666,87.95178262481109,87.95178262481109,4.258354154712899,26.143218994140625,-92998.78409369742,103.82507852234447,0
2023-05-23,513.182373046875,514.1506416752653,508.34102990492335,513.182373046875,19588.873,-1.9365303341278377,-1.936530321115356,-3.8730676299459788,65.66509720485163,511.6331481933594,497.73850402832034,490.6459335327148,-14.457840215771945,1.0486152297719276,3.3390167742762293,False,66.66666666666666,85.54215978422806,87.95178262481107,4.167751983417709,19.3653564453125,-79939.5354270307,72.26335413986273,0
2023-05-24,508.34112548828125,511.2459319196428,507.3728566778274,510.277663109189,19086.681,-2.9047099376859933,-2.9047097556224912,-0.9681732270959742,60.00648094061726,512.7950805664062,499.8687042236328,491.9531021118164,-26.505802526173227,-0.5367708028131245,2.0160457046567632,False,50.0,73.49419747382677,82.3293799609553,3.5857927692527087,21.302001953125,-89482.87592703056,47.04944490839018,1
2023-05-25,525.7698974609375,527.7064348364843,519.9602853342973,524.8016287731641,63827.245,14.523965663975105,16.46050291684145,12.58742865646991,70.1191649997026,515.3125854492188,504.12908630371095,494.4463943481445,-3.960395662551163,2.0996580030886336,4.952888651460417,True,50.0,96.03960433744882,85.02532053183455,4.139415616038891,42.60382080078125,-57569.25342703103,104.87177329316202,1
2023-05-26,548.0401000976562,549.9766375538317,545.1352939133931,549.9766375538317,95808.471,25.175008780667554,22.270202717347388,25.17500857909579,77.90647911311382,521.896826171875,510.90697021484374,497.9563690185547,-2.721087495149219,5.23706761499546,8.299455035946357,True,50.0,97.05882351510381,88.86420844212644,5.675311703310991,67.77883911132812,-38407.55922703013,192.29534058102232,1
2023-05-29,549.9766235351562,555.786235755598,546.1035487215285,555.786235755598,54657.853,5.809598201766335,5.809598201766335,0.9682548081353843,78.43949606426676,529.0620239257812,517.9269195556641,501.1516586303711,-7.547168596932967,4.443764228472339,7.499410792702914,True,50.0,91.17646973182426,94.75829919479229,6.435780330400595,70.19949340820312,-49339.12982703038,156.8358167703684,0
2023-05-30,548.0401000976562,549.9766375538317,545.1352939133931,548.0401000976562,40136.13,-7.74613565794175,-5.809598201766335,-0.9682548081353843,76.4280092167804,536.0335693359375,523.8333587646484,504.2985336303711,-10.06287331527876,2.971499344894911,5.951178218758754,False,50.0,84.00001031636636,90.7451011877648,6.408523777311045,59.06439208984375,-41311.90382703001,105.29988317348844,0
2023-05-31,540.2938232421875,544.1668972439236,533.5159437391493,542.2303602430555,81176.782,-5.809739854600707,-5.809740309908079,-11.619350174243777,68.73622810193774,542.4241088867187,527.6095947265625,507.30016174316404,-21.6217835104082,0.6614352758859732,3.445061148794979,False,50.0,67.99972898292498,81.05873634370518,5.5035939631190764,37.762359619140625,-19172.78146339333,52.481866906198626,0
2023-06-01,533.5159912109375,536.4207969707066,532.5477226243478,532.5477226243478,24477.529,-9.682637618707759,-7.746100273216939,-0.9682211148015085,62.71187393059935,543.9733276367188,529.6429565429687,509.86607360839844,-33.823630453005734,-1.3723221281788167,1.4265913604194773,False,50.0,53.99981375213272,68.66651768380801,4.145253550723716,20.3336181640625,-31411.545963393328,21.82610406667381,1
2023-06-02,544.1670532226562,546.1035907786088,539.325709332775,541.2622468887274,30206.141,8.714524264379634,9.682793807902158,6.777986708427193,67.58259947421166,543.1987182617188,532.5477722167968,512.867709350586,-23.999941244086358,0.02967579446982314,2.77355644889259,True,50.0,76.00005875591364,65.9998671636571,3.676754037773554,29.04815673828125,-18466.056963393617,52.71346468826746,0
2023-06-05,537.3890991210938,542.230442356419,537.3890991210938,542.230442356419,16827.391,0.9681954676915439,-3.8731484221898427,-1.9366102116812272,61.96365905290486,540.6812133789062,534.8716186523437,515.3367935180664,-38.00010861656924,-0.8928582483878733,1.108241297604586,False,33.33333333333333,61.99989138343075,63.99992129715903,2.6698899229672897,23.23846435546875,-35293.44796339361,24.120316511992318,1
2023-06-06,542.23046875,544.1670061383928,535.452587890625,536.4208565848214,20228.086,-5.80958577159754,1.9365637819738595,-1.9365112304687955,64.27793063784718,539.519287109375,537.7764282226562,517.7574661254882,-28.000043095158034,0.23866741609532885,1.5873035233835924,True,33.33333333333333,62.16215663175186,66.72070225703207,2.113803662657304,29.048095703125,-24055.62240783788,22.41301027742972,1
2023-06-07,549.9766235351562,549.9766235351562,542.2304739079005,543.1987426113075,27604.813,6.777886026486044,5.809617396763429,6.777886017275591,67.70738691883474,541.4558471679687,541.9399780273437,520.9043411254883,-12.000013903407286,1.6100232751556869,2.465426100257081,True,50.0,75.00006911961498,66.38737237826585,2.0499660056202273,41.635498046875,3549.1905921621183,67.39510304472756,0
2023-06-08,541.2621459960938,549.9765633734905,537.3890716061396,544.1669517885593,23080.195,0.9682091772518788,-6.016166571498616e-05,-4.8414023017609225,60.57072419753197,543.005078125,543.4892028808594,523.8091445922852,-30.00015705611653,-0.0298135607811594,0.4041225515917601,False,50.0,37.49991801337393,58.22071458824691,1.2428553250575245,15.49224853515625,-5327.807484760959,-6.329717644046519,1
2023-06-09,547.0718383789062,548.0401071193999,543.1987634169317,543.1987634169317,19091.713,-0.9681883716276616,-1.9364562540906718,5.80969181079206,63.378098697737556,543.58603515625,543.3923767089843,527.1496734619141,-24.324260136056314,0.6233352301317052,0.8778523824802357,True,66.66666666666666,83.3334479703526,65.27781170111382,0.9362514631178378,-0.96826171875,6127.220315239221,51.23990287967989,1
2023-06-12,555.7861938476562,555.7861938476562,552.8813879564664,555.7861938476562,26392.389,12.587430430724567,7.746086728256387,9.682624539534686,67.19957929701138,547.2654541015625,543.9733337402344,530.9501266479492,-0.00018033830956846087,1.8633499842243895,2.014213818321896,True,66.66666666666666,100.0,73.6111219945755,1.142663165597682,5.8095703125,32519.60931523922,171.56766289737897,1
2023-06-13,574.1832885742188,575.1515571890151,570.3102141150334,574.1832885742188,56174.363,18.3970947265625,19.36536334135883,17.428826158567063,73.55491236574909,553.6560180664062,546.5876525878906,535.2105056762696,-2.2727264451433795,4.065511043124452,4.9712297408733725,True,83.33333333333334,97.72727355485661,93.68690717506972,2.275128080867205,26.1431884765625,66224.22711523922,242.92265227214304,0
2023-06-14,571.278564453125,572.2468332064353,568.3737581931938,571.278564453125,23583.314,-2.90472412109375,-2.9047239825797533,-1.936455921839638,71.17939927655357,557.91640625,549.6861267089844,538.6478607177735,-9.090713959118775,2.6384543899937074,4.102347389799774,False,66.66666666666666,90.24409750595933,95.99045702027195,2.56404173608148,30.9847412109375,78015.88411523991,139.90763263859412,1
2023-06-15,574.9263305664062,576.871935745988,571.0351202072428,573.9535279766154,27392.154,2.674963523490419,4.6251025395526995,2.6613620140490184,72.40051649318261,564.6492431640625,553.8271606445312,541.73505859375,-4.389486112798877,2.5278469373788406,4.341061877901622,True,66.66666666666666,95.30266583052959,94.42467896378183,2.7214091217602245,41.41033935546875,87146.60211523956,116.84926538468241,0
2023-06-16,572.9808349609375,573.9536377367625,568.1168210818124,573.9536377367625,38128.802,0.00010976014709740411,-2.9182980092255093,-2.9182991254303943,70.65866320441035,569.8310424804688,556.7085388183593,544.6281555175781,-8.778725015088398,1.226595229397052,3.476442998075661,False,66.66666666666666,90.605596209196,92.0507865152283,2.4249248578898293,28.81378173828125,112565.80344857289,79.42531075298375,0
2023-06-19,567.1439208984375,569.0895261159278,566.1711182896923,567.1439208984375,14346.885,-6.809716838325016,-4.864111620834706,-1.9457027921200734,65.50092882024768,572.102587890625,559.6840209960938,547.2778198242188,-23.48664416813342,-0.39327961006666073,1.906605741391211,False,50.0,75.36142562228041,87.08989588733532,1.6056492385510364,29.75482177734375,107783.50844857289,45.48017816096294,0
2023-06-20,567.1439208984375,569.0895261159278,563.2527104634568,563.2527104634568,16221.413,-3.891210434980735,0.0,-2.9184078262355797,65.50092882024768,570.6947143554687,562.1753662109375,549.9758972167969,-23.48664416813342,-0.723331884463918,1.5572005500891253,False,33.33333333333333,75.36142562228041,80.44281581791893,0.8704845274800697,24.9134521484375,113190.64611523977,30.410007634676468,0
2023-06-21,565.1983642578125,569.0895750272294,562.2799561807498,566.1711669501667,21703.937,2.9184564867099425,4.891130163287016e-05,-0.972754282707001,63.65768783841862,569.4786743164062,563.6975402832031,552.8187591552735,-28.183861148513966,-0.8038721176666492,0.790554811303814,False,16.666666666666664,65.33272430022139,72.01852518159406,0.10043256321991478,15.22174072265625,110090.08368666844,15.993056904690626,0
2023-06-26,558.388671875,562.2798821319686,558.388671875,560.3342770034843,27142.262,-5.8368899466823905,-6.80969289526081,-3.891284305749764,57.48131467066743,566.171142578125,565.4101928710937,554.4496978759765,-46.81338163695587,-1.6281139397501445,-0.6623332718216899,False,16.666666666666664,22.95605738914826,54.55006910388334,-0.9617653447291428,17.12652587890625,82947.82168666844,-51.45514738324853,0
2023-06-27,556.443115234375,559.3615231814084,553.5247072873416,554.4975099363527,21501.718,-5.836767067131632,-2.9183589505602185,-4.863964587658415,55.79407908336807,562.8635986328125,566.3473205566406,554.8698486328125,-51.74097917327906,-1.4359564711234583,-1.1032573210899443,False,0.0,12.500018801814605,33.59626683039473,-1.8387826635171685,9.37127685546875,82947.82168666844,-115.59859266634876,1
2023-06-28,558.388671875,563.2526846962108,555.4702641822735,563.2526846962108,18175.426,8.755174759858164,3.891161514802434,1.945556894931883,57.16568521949313,561.112548828125,566.607568359375,555.2904510498047,-54.890176934826385,-0.6634028989533584,-1.008573228612854,True,16.666666666666664,20.833156262096235,18.763077484353015,-2.3012449626131843,2.60247802734375,78403.9651866685,-98.40830050777946,0
2023-06-29,557.4159545898438,564.2255735813427,554.4975464506299,562.2799681552001,16937.929,-0.9727165410107546,0.9728888851318516,-0.97271773164357,56.21436311709372,559.1669555664063,564.9308349609375,555.759243774414,-81.09852816550548,-0.5496011972476612,-1.3317993330577635,False,16.666666666666664,16.666848955517356,16.666674673142712,-2.6606215902898054,-16.767333984375,71628.79358666854,-80.22723868178011,1
2023-06-30,560.3342895507812,560.3342895507812,552.5518688625759,554.4974740346273,22654.976,-7.782494120572778,-3.891284030561451,-1.945677588053968,58.47602737603106,558.194140625,563.8364074707031,556.7612670898437,-68.0000029378478,0.17390869782452636,-0.8817215206018126,True,33.33333333333333,36.36344609623351,24.621150437949016,-2.6821650406266713,-10.94427490234375,94283.76958666854,-73.89577439458971,1
2023-07-03,563.252685546875,564.2254881125864,560.3342778497409,562.2798829811636,14785.585,7.782408946536293,3.8911985618051403,7.782408987165013,60.691085654373246,559.166943359375,562.66904296875,558.2481018066406,-56.00005240282567,0.7540560564569256,-0.2046849608609729,True,50.0,64.70556785662461,39.24528763612514,-2.4847147652627886,-11.67364501953125,101676.56208666832,1.0250224878116305,1
2023-07-04,569.0895385742188,569.0895385742188,564.2255254240117,569.0895385742188,17219.541,6.80965559305514,4.86405046163236,3.8912475742707784,64.78920996951067,561.6962280273438,562.2799133300781,559.4942260742188,-31.99990036654623,1.4744158355132808,0.8620690587716435,True,66.66666666666666,99.9997795763794,67.02293117641248,-1.9684418577061678,-3.89129638671875,118896.10308666831,94.01717276169393,0
2023-07-05,566.1710815429688,572.9806993622141,563.2526739061493,572.9806993622141,14913.592,3.891160787995318,3.891160787995318,-0.9728515178624093,61.303111093445864,563.2527099609375,562.1826293945312,560.9333251953125,-36.36407924758302,0.6630095816803392,0.47474358324237187,False,66.66666666666666,66.66662920637606,77.12399221312667,-1.8336579365967172,-0.97283935546875,112930.66628666835,94.01646326824813,0
2023-07-06,549.633544921875,558.38876953125,549.633544921875,557.415966796875,28564.891,-15.564732565339114,-14.59192983096409,-13.619128984274312,46.002083594189784,561.6962280273438,560.431591796875,561.3034790039062,-100.0,-2.0231107273600246,-2.1221194449352687,False,50.0,0.0,55.555469594251804,-2.81000808280921,-17.5103759765625,84365.77528666834,-135.047444072799,0
2023-07-07,549.633544921875,556.4431640624999,547.687939453125,549.633544921875,18796.19,-7.7824218749999545,-1.9456054687500455,-1.9456054687500455,46.00208359418979,559.5560791015625,558.8751098632813,561.2863250732422,-92.30765849301056,-1.7960499025152146,-1.8671194932247261,False,50.0,7.692341506989436,24.786323571121812,-3.3698221188843647,-15.5648193359375,73923.44750889078,-133.7646339238329,0
2023-07-10,549.633544921875,557.415966796875,549.633544921875,551.5791503906249,18454.982,1.9456054687499318,0.9728027343750227,1.9456054687500455,46.00208359418979,556.8322509765625,557.9995971679688,561.7048950195312,-92.30765849301056,-1.4821193847352143,-1.610787374813703,False,33.33333333333333,7.692341506989436,5.128227671326272,-3.631532507697097,-8.755126953125,55468.465508890775,-93.52492959200967,1
2023-07-11,561.3070678710938,561.3070678710938,554.4974500632989,558.3886602391817,17850.636,6.809509848556786,3.8911010742187955,4.8639051414238565,56.05410113073142,555.2757568359375,558.4859924316406,562.4166564941406,-46.1540438175959,0.6687878142644684,0.5372352128674949,True,33.33333333333333,53.8459561824041,23.07687973212764,-2.939424054286061,4.86395263671875,73319.10150889077,3.507997050969578,1
2023-07-12,562.2799682617188,562.2799682617188,556.4431519821853,558.3887574086965,15588.228,9.716951478822011e-05,0.972900390625,1.9457019188864706,56.7855106660409,554.4975341796875,558.8751220703125,562.7413452148437,-42.307486960527164,1.0489558749691685,0.6530330313968864,True,33.33333333333333,57.69251303947284,39.74360357628877,-2.3619510889735444,3.89129638671875,88907.32950889078,20.925260995042482,1
2023-07-13,569.0895385742188,573.9535517244258,569.0895385742188,571.0351438343015,25442.137,12.646386425604987,11.673583462707029,12.646386592033423,61.65805995894318,558.3887329101562,560.04248046875,562.4866577148438,-18.518559932911607,2.1834007535672137,1.6801842893404584,True,50.0,81.48144006708839,64.33996976298842,-1.5087355106191156,11.673583984375,63465.192508890774,126.35683261941941,1
2023-07-14,574.9263305664062,574.9263305664062,571.0351202072428,572.9807253868245,23121.873,1.945581552522981,0.972778841980471,1.9455816330240623,65.31495265061899,563.4472900390625,561.5016845703125,562.6690460205078,-0.0,2.455930534923199,2.4707356534590157,True,66.66666666666666,100.0,79.72465103552038,-0.5860585013215527,14.592041015625,86587.06550889078,119.34980336629636,0
2023-07-17,574.9263305664062,574.9263305664062,571.0351202072428,572.0079227970336,13807.834,-0.972802589790831,0.0,0.0,65.31495265061899,568.5058471679688,562.6690490722656,562.6690460205078,-0.0,1.6919943512802258,2.204924193563868,False,66.66666666666666,100.0,93.82714668902945,-0.039367349538332874,11.67364501953125,100394.89950889078,92.88708382290527,0
2023-07-18,565.1983642578125,572.0079831042922,564.2255615654582,571.0351804119379,20932.006,-0.9727423850957848,-2.9183474621140704,-6.809558641784633,54.92460581723844,569.2841064453125,562.279931640625,562.2799224853516,-35.714173675443135,-0.4852915635130903,0.4032310855810771,False,66.66666666666666,64.28582632455687,88.09527544151894,-0.3777216600881683,-3.89117431640625,84695.89500889117,37.535342900271644,0
2023-07-19,565.1983642578125,571.0351804119379,563.252758873104,568.1167723348752,22499.123,-2.9184080770626224,-0.9728026923543212,-0.9728026923542075,54.924605817238444,569.8677856445313,562.1826599121093,562.1826446533203,-35.714173675443135,-0.5987981529399868,0.37432034003433323,False,50.0,64.28582632455687,76.19055088303789,-0.6313912406052955,-0.97271728515625,73446.33350889149,33.19169651760225,0
2023-07-20,563.252685546875,568.1166983754318,562.2798829811636,564.2254881125864,15108.109,-3.8912842222888457,-2.9184820365060204,-0.9728758919403617,52.920736040080385,568.7004150390625,563.5445739746094,561.9880828857422,-42.85732211929082,-0.969219415379914,0.1152654683125081,False,33.33333333333333,53.845949656971456,60.80586743536171,-0.941413895891082,13.619140625,63374.26084222492,6.600188714695153,0
2023-07-21,544.7694702148438,547.6878780909947,541.8510623386928,544.7694702148438,46711.021,-19.45601789774264,-20.428820284437165,-20.428820642470782,38.40145326488697,562.66904296875,563.0581665039062,560.9666381835938,-91.1764649766147,-3.531438449293742,-2.862101650723382,False,16.666666666666664,8.823535023385295,42.318437001637854,-2.323746946583305,-4.86407470703125,63374.26084222492,-168.141829713931,0
2023-07-24,542.8237915039062,547.6878039725792,541.8509890101717,541.8509890101717,25268.835,-2.918481204672048,-7.411841545490461e-05,-7.332852112540422e-05,37.22850973461713,556.24853515625,562.3771911621094,560.1883941650391,-97.05882857753534,-2.9565333907961246,-3.1109964314114125,False,0.0,2.941171422464659,21.870218700940452,-3.245035954503197,-6.80975341796875,46528.37084222459,-147.1358009286322,1
2023-07-25,553.5247192382812,553.5247192382812,545.7422978781648,545.7422978781648,19590.349,3.891308867993075,5.836915265702032,3.891308867993075,46.95039447524496,553.9138061523438,561.5989562988282,560.0424743652344,-64.70563967340466,-0.40839668788244704,-1.2581302720604775,True,16.666666666666664,35.29436032659534,15.686355590815078,-3.01458302426287,-7.7823486328125,66118.71984222459,-76.92289932158054,0
2023-07-26,550.6063232421875,555.4703366983905,547.6879151684657,553.5247313159093,13314.305,7.782433437744544,1.945617460109247,1.945617290300902,44.882281295350836,550.9953979492187,560.431591796875,559.6533569335937,-73.5291192167131,-0.49808858832826475,-1.7929372052219277,False,16.666666666666664,26.4708807832869,21.568804177448943,-2.9366038622966992,-11.67364501953125,62790.14359222463,-60.90921593941723,1
2023-07-27,553.5247192382812,554.4975219082958,550.6063112282376,554.4975219082958,12200.358,0.9727905923864455,-0.9728147900947306,2.918396059771908,47.40943387434265,549.0498046875,558.8751098632813,559.4587951660156,-64.70563967340466,0.3822457280578058,-1.158074076022421,True,33.33333333333333,35.29436032659534,32.35320047882584,-2.579096557554754,-15.5648193359375,68890.32259222481,-39.82945476456061,0
2023-07-28,551.5791015625,557.4159174520503,549.6334962659832,553.5247068590168,18540.078,-0.9728150492790064,2.9183955437545137,-0.9728149622543469,45.879540606929964,550.4117309570313,556.5403869628906,559.0210357666016,-70.58802088018167,0.38359550135784615,-1.3484104966150556,False,33.33333333333333,32.258230120570694,31.341157076817627,-2.3696592585122787,-23.34722900390625,59620.283592224805,-29.97069822211689,0
2023-07-31,549.633544921875,559.361572265625,544.76953125,559.361572265625,24208.467,5.83686540660824,1.9456548135747198,-4.86396501598324,44.31939502986046,551.773681640625,554.0111083984375,558.3400787353515,-76.47021755324451,-0.11784654475443625,-1.4104890497135958,False,33.33333333333333,26.667026009267182,31.406538818811054,-2.2586035918401137,-25.29278564453125,51550.7945922248,-32.765750741559856,1
2023-08-01,551.5791015625,552.5519042107584,548.6606936177249,549.6334962659832,16259.643,-9.72807599964176,-6.80966805486662,3.89116236772486,46.311074013731094,551.3845581054687,552.6491821289062,557.4645568847657,-70.58802088018167,-0.029388787701806897,-0.7150148392076985,True,50.0,37.03731133641115,31.987522488749658,-1.961563774212732,-13.6192626953125,59680.6160922248,-27.6338393303199,0
2023-08-02,545.7423095703125,553.5247310971619,542.8239014977439,551.5791257154495,25583.234,1.9456294494663098,0.9728268864034817,-5.836792119980942,41.457742636880766,550.4117553710937,550.7035766601563,556.4431182861329,-87.09645746523701,-0.8541962875662772,-1.3337202350240247,False,33.33333333333333,22.222678156245475,28.642338500641248,-2.055704520089294,-19.4560546875,48051.87336495232,-71.65037345728773,0
2023-08-04,538.9326171875,544.769432536101,536.9870120712997,540.8782223037003,26279.173,-10.70090341174921,-8.75529856106084,-5.836889426444259,36.57879333556429,547.4933349609375,548.2715698242188,555.908071899414,-94.28572751187275,-1.744024339348344,-2.1777599519692923,False,33.33333333333333,8.695612782117554,22.651867424924706,-2.447497514913437,-24.320068359375,34912.28686495232,-154.7617988716477,1
2023-08-07,542.8237915039062,545.74219898511,540.878186516437,542.8237915039062,14369.551,1.9455692002059095,0.9727664490089865,3.8911744451373806,40.9134159355582,545.7422729492188,548.077001953125,555.5675842285157,-81.25011805264542,-0.7117576179596785,-1.1368802544263508,True,33.33333333333333,26.086677824786566,19.001656254383178,-2.316832081217172,-1.9456787109375,32038.376664952455,-93.22089434535387,0
2023-08-08,536.987060546875,542.8238764223845,536.0142579009567,542.8238764223845,19010.69,8.491847825098375e-05,-2.918322562725507,-4.86392861548029,36.79795892238536,543.2129760742188,547.4933288574218,554.9352600097657,-95.83334241050694,-1.3404808500586451,-1.8084776163712506,False,33.33333333333333,4.166657589493048,12.982982732132369,-2.4810811836049655,-5.83673095703125,18459.31237923817,-138.72765582319238,1
2023-08-09,538.9326171875,541.8510248618005,535.0414069550992,535.0414069550992,14389.09,-7.782469467285296,-0.9728515605839902,-0.9728509458575445,39.02816184967582,540.6836791992188,546.0341186523438,553.816537475586,-84.00006668245517,-0.6575057108230009,-1.3649920180445478,True,50.0,15.999933317544821,15.41775624394146,-2.3192644948821184,-14.59210205078125,20514.896664952663,-102.88058052617436,0
2023-08-10,536.0142211914062,538.9326289292906,535.0414186121116,536.9870237707011,17892.615,1.945616815601852,-2.918395932509952,1.1657012350951845e-05,36.897571463159025,538.7380615234375,544.5749084472657,552.5032501220703,-95.99996865199756,-0.7207215830077234,-1.7971240751699937,False,33.33333333333333,4.000031348002431,8.05554075168008,-2.2666788047199007,-14.59210205078125,11568.58916495214,-98.69620909157585,0
2023-08-11,531.1502685546875,542.8239008306147,531.1502685546875,540.8782954512935,17608.427,3.8912716805924674,3.891271901324103,-3.8911500574240563,33.56595812888122,537.181591796875,542.3374633789062,550.6062866210938,-100.0,-1.1764601674910125,-2.354688930751304,False,33.33333333333333,0.0,6.666654888515731,-2.4043082772030617,-22.37445068359375,-6039.83783504786,-98.48399986119325,0
2023-08-14,526.2862548828125,528.2318602613072,522.3950441258231,525.3134521935651,20939.03,-15.564843257728398,-14.592040569307414,-8.75522442886438,30.55608285899612,533.8740844726562,539.8081787109375,548.174282836914,-89.47369159940203,-1.6959337120755018,-2.887055062491775,False,33.33333333333333,12.499999632415314,5.500010326805896,-2.6484701543986184,-25.2928466796875,939.8388316185346,-169.57733584490336,1
2023-08-15,527.259033203125,530.1774411359836,525.3134279145526,528.2318358474112,14066.307,2.9183836538460355,1.9455808746763523,2.918383788729443,31.888612368680725,531.9284790039062,537.5707275390625,545.79091796875,-86.84218042087424,-1.034691596489581,-2.313005645345862,True,33.33333333333333,15.624921258540697,9.374973630318651,-2.56807828158788,-22.37451171875,-1873.4225683813343,-125.85048048100224,0
2023-08-16,527.259033203125,528.2318358474112,521.4222173374077,526.2862305588387,28269.84,-1.9456052885724375,-1.9456052885724375,-3.891210577144875,31.888612368680725,529.5937622070312,535.138720703125,543.8939514160156,-84.6154056209949,-0.7325996592535673,-1.94482004040204,False,33.33333333333333,24.00008334820745,17.375001413054466,-2.344703950680474,-24.320068359375,18319.320288761926,-115.38486841442354,1
2023-08-17,529.2046508789062,531.1502562130198,522.3950322095086,525.313440210679,22843.138,-0.9727903481597195,2.918420365608654,0.972814872100912,34.863612804486735,528.2318481445312,533.4849548339844,542.0942657470703,-75.75755718153407,-0.061235455474712666,-1.2704132001566115,True,33.33333333333333,32.000162065228466,23.87505555732552,-1.9139118072642347,-16.53765869140625,31009.952510984345,-72.17254488412236,0
2023-08-18,524.3406372070312,529.2046505391929,524.3406372070312,525.3134398734636,17592.345,-3.372153969394276e-07,-1.9456056738268899,1.9456049975226506,31.152638206294938,526.869921875,532.0257568359375,540.1486633300781,-90.90906122970878,-0.614628192632398,-1.7618429034004721,False,33.33333333333333,13.636403278975166,23.212216230803676,-1.8059096052399974,-14.59197998046875,13417.607510984344,-72.46376147054944,0
2023-08-21,522.3949584960938,529.2045762046089,519.47655090673,529.2045762046089,16633.821,3.891136331145276,-7.433458404193516e-05,-4.86408630030121,29.769845519953464,526.0916625976563,529.9828735351563,539.0299377441406,-88.88888033276461,-0.7087940254101898,-1.7683011280540784,False,33.33333333333333,12.499952238168769,19.378839194124115,-1.7155301861624093,-20.4288330078125,6764.079110984539,-84.33811737241172,1
2023-08-22,526.2862548828125,529.2046629505545,523.3678468150705,529.2046629505545,14594.304,8.674594562307902e-05,8.674594562307902e-05,3.891295908340453,35.9707156404268,525.8971069335937,528.91279296875,538.2030609130859,-74.07372566722339,0.0308216710241349,-0.8400728124117401,True,50.0,29.166924718578233,18.434426745240703,-1.2645220697141992,-10.7008056640625,6764.079110984539,-44.18793735477056,1
2023-08-23,536.987060546875,536.987060546875,529.204639379529,531.1502446713655,20636.332,1.945581720810992,7.782397596320493,5.836792564458506,49.37893279853208,527.8427124023438,528.7182373046875,537.3761779785157,-25.000012004653698,1.751152628012694,1.2689200194634016,True,50.0,74.9999879953463,38.88895498403108,-0.17367238760435466,-1.945556640625,27400.411110984536,94.52742648557799,1
2023-08-24,548.6607055664062,548.6607055664062,542.8238895497424,547.6879028969623,23280.827,16.53765822559683,11.67364501953125,13.619250170213377,59.4776382122514,531.7339233398437,529.9828857421875,537.2788970947265,-0.0,3.265184166105496,3.280943220227619,True,66.66666666666666,100.0,68.05563757130817,1.3235136186287617,12.646484375,50681.23811098454,211.38203117586653,0
2023-08-25,531.1502685546875,536.0142820029905,531.1502685546875,534.0686766236693,24144.537,-13.619226273293066,-12.646423563415738,-11.673620995054875,44.83979506820315,533.095849609375,529.9828857421875,536.1601745605469,-59.99980885488161,-0.09148710681980045,0.10695590708148416,False,50.0,40.00019114511839,71.66672638015488,1.1314219051967225,0.0,26536.701110984537,41.93710044019547,1
2023-08-28,534.0686645507812,537.9598752214608,532.1230592154415,532.1230592154415,8991.985,-1.945617408227804,1.9455932184703215,0.972790660753958,47.20230755566749,535.4305908203125,530.7611267089844,535.2846527099609,-49.99987556873403,0.15202381211044178,0.6877589222060634,True,66.66666666666666,50.00012443126597,63.333438525461425,1.1917350665557187,7.78240966796875,23539.372777651202,52.69611691190626,1
2023-08-29,536.987060546875,537.9598631927933,531.1502446713655,536.0142579009567,10516.678,3.891198685515292,-1.2028667583763308e-05,-0.972814544075959,49.55909114680379,537.570751953125,531.7339294433593,534.6523284912109,-39.99994228258646,0.24212848840885773,1.145212145942131,True,83.33333333333334,60.00005771741354,50.00012443126595,1.4043727926776537,9.72802734375,31051.28563479406,49.30956622371667,1
2023-08-30,539.9054565429688,544.7694696649775,538.932653918567,542.8238644161739,15117.416,6.809606515217183,6.809606472184214,7.782409247201485,51.90130537486509,538.1544311523437,532.9985717773437,534.0686462402343,-30.000008996438883,0.36166027782484655,1.4779800831155916,True,83.33333333333334,69.99999100356112,60.00005771741352,1.698136934335496,12.64642333984375,20973.008301460824,99.03643188769287,0
2023-08-31,534.0686645507812,540.8782832244706,533.0958618831113,537.9598752214608,40431.378,-4.863989194713099,-3.8911864405068854,-5.836792035455687,47.12678170265566,535.2360229492188,533.4849731445313,533.4849639892578,-49.99987556873403,-0.633483453792088,0.273974345233803,False,66.66666666666666,50.00012443126597,60.00005771741353,1.4647438985755015,4.864013671875,-9350.52519853873,29.363221835816212,0
2023-09-01,533.0958251953125,537.9598381989193,528.2318121917057,528.2318121917057,13669.766,-9.728063029755162,-2.91844502555125,-4.864049691405626,46.35147980042568,535.6251342773437,534.3604919433594,533.1931243896485,-53.33332608944733,-0.33343934799594865,-4.770495781645611e-06,False,50.0,38.46136364371329,52.82049302618011,1.2202414519031404,8.75518798828125,-9350.52519853873,-20.247238290822406,1
2023-09-04,541.8511352539062,541.8511352539062,534.0687132035808,534.0687132035808,9531.157,5.83690101187517,3.8912970549869215,5.83690101187517,53.811734880339166,537.1816284179688,536.3061096191407,533.1444915771484,-23.33310795501229,0.9667773015821797,1.4418075267380719,True,66.66666666666666,66.66696434505324,51.70948414001082,1.5996396557479033,19.4561767578125,180.6318014612698,56.67866950343889,0
2023-09-05,536.987060546875,539.9054684846298,535.0414552550385,537.9598631927933,12220.686,3.8911499892124084,-1.9456667692764995,0.9727420514576579,49.62910318571552,537.1816284179688,537.3761901855469,533.1444915771484,-39.99994228258646,-0.03018526183143807,0.3332316214270501,False,50.0,42.85718366914553,49.32850388597067,1.4773947988759888,10.7008056640625,-2263.5053985387303,4.685223497000899,0
2023-09-06,535.0414428710938,540.8782586115057,535.0414428710938,540.8782586115057,14067.008,2.9183954187124073,0.9727901268759069,-1.2383944749672082e-05,48.001047800392804,536.2088256835938,537.1816284179688,532.9499328613281,-53.84627664752703,-0.33222897323009637,-0.22676118071667936,False,33.33333333333333,41.17651300006559,50.23355367142144,1.2300198954788795,-1.94561767578125,-16330.51339853873,-7.851948191802469,0
2023-09-07,527.259033203125,533.0958490688422,527.259033203125,531.1502437802698,20717.005,-9.728014831235896,-7.7824095426634585,-7.78240966796875,41.99031979204278,534.8468994140625,535.0414611816407,532.512173461914,-100.0,-1.3947859709034778,-1.6928670527776197,False,16.666666666666664,0.0,28.011232223070362,0.5418898110149519,-21.40167236328125,-37047.51839853873,-166.24465252442008,0
2023-09-08,524.3406372070312,525.3134398734636,520.4494265413019,520.4494265413019,15283.568,-10.70081723896783,-7.782409195378591,-6.809606661823068,39.94412056738085,533.0958618164062,534.360498046875,532.1716918945312,-86.2068973821901,-1.6423347531282766,-2.0445244249148744,False,16.666666666666664,16.00001548492827,19.058842828331272,-0.07724925316213227,-6.80963134765625,-27877.37759853887,-205.67332178680707,0
2023-09-11,521.4223022460938,525.3135134568855,521.4223022460938,524.3407106541875,14631.968,3.8912841128856144,7.358342190855183e-05,0.972875704791818,37.92790454839091,529.0100952148438,533.0958618164062,531.9284942626953,-95.99969580709862,-1.8314904245581027,-2.1748915379748155,False,16.666666666666664,4.000304192901388,6.6667732259432055,-0.6205098277837537,-12.6463623046875,-42509.34559853887,-140.73046644200397,1
2023-09-12,529.2046508789062,530.1774535459631,521.4222295424518,521.4222295424518,16028.336,-2.9184811117357867,4.863940089077573,-7.270364199030155e-05,45.87560287785914,527.45361328125,532.3176208496094,532.0257751464844,-63.9999637620662,0.0306458769508697,-0.6846189425329698,True,16.666666666666664,40.908996824389156,20.30310550073959,-0.4034257225265869,-7.78240966796875,-30042.86204298341,-67.04995467247896,0
2023-09-13,526.2862548828125,533.0958737075439,526.2862548828125,530.1774656398019,16191.392,8.75523609735012,2.918420161580798,4.86402534036074,43.59223342206331,525.7025756835938,530.9557006835937,531.9771362304688,-75.99992602057345,-0.18450108325655026,-1.1119553214346534,False,16.666666666666664,27.2727211639556,24.06067406041537,-0.40312924425764596,-13.61920166015625,-46234.25404298341,-35.83330781824178,1
2023-09-14,538.02490234375,538.02490234375,531.1773126775569,532.1555397727273,17144.287,1.9780741329253715,4.929028636206112,4.89105779474437,53.70348857198129,527.8557495117187,531.3513244628906,532.4181488037109,-27.732546718478616,1.9457097172534177,1.0772852995625322,True,33.33333333333333,82.12183446874582,50.101184152363516,0.3975704924026413,3.95623779296875,-29089.96704298341,57.15520795189363,1
2023-09-15,545.8507690429688,545.8507690429688,535.0902700116558,537.0467243809853,42517.441,4.891184608258072,7.82586669921875,3.9129573340989054,59.04295355630874,532.1577758789062,532.6268188476563,533.4936553955079,-0.0,2.824848948442471,2.452149857258713,True,50.0,100.0,69.79818521090046,1.4073628109293783,12.75494384765625,13427.473957016588,110.01063825731485,0
2023-09-18,528.24267578125,537.0467203776042,528.24267578125,536.0684932002315,36684.692,-0.9782311807538235,-8.804048665364576,-6.847594230405775,46.01637590795062,533.5218505859375,531.2659729003906,533.7860412597656,-69.3195379754567,-0.6138384067260196,-0.7623290294082655,False,50.0,30.68046202454331,70.93409883109636,0.8689317561682346,-13.60845947265625,-23257.218042983415,-3.121974724509176,0
2023-09-19,526.2861938476562,531.1773294782107,526.2861938476562,527.2644209737672,18901.683,-8.804072226464314,-5.869390899393466,-1.95648193359375,44.817801823875435,532.9381591796875,530.1958862304688,533.7860382080078,-77.02181565414776,-1.1327322479485213,-1.0243662561021842,False,50.0,22.978184345852245,51.219548790131846,0.3851985294109319,-10.70086669921875,-42158.901042983416,-35.37221307659159,0
2023-09-20,523.3515625,526.2862441588785,523.3515625,524.3297897196262,24635.567,-2.9346312541409816,-4.8910853193322055,-2.93463134765625,42.98572776211072,532.351220703125,529.0268981933593,533.1042633056641,-88.57487174739826,-1.5035240442199576,-1.2900801249947764,False,33.33333333333333,11.425128252601734,21.694591540999085,-0.10219421918488658,-11.68988037109375,-66794.46804298341,-75.76713774101547,0
2023-09-21,515.5257568359375,519.4386658062293,514.5475295933646,518.4604385636563,32012.694,-5.869351155969866,-6.84757835264918,-8.80403290663537,38.41714376161689,527.8513916015625,527.8535705566406,531.4475158691406,-96.87499677422286,-2.647776402394111,-2.437014538505121,False,33.33333333333333,3.1250032257771387,12.509438608077028,-0.8782411488134292,-11.7332763671875,-86002.0844429843,-147.12747641710874,0
2023-09-22,510.63458251953125,513.5692640282642,510.63458251953125,511.61280968910893,29049.309,-6.847628874547411,-5.869401777965095,-3.9129470738333794,35.82134031305546,520.808154296875,526.4829650878906,530.4217315673828,-100.0,-2.73292093719978,-2.9892574024109257,False,16.666666666666664,0.0,4.8500438261262815,-1.6052462585431146,-13.7060546875,-115051.39344298429,-158.25902492648564,1
2023-09-25,513.5692138671875,517.4821221633184,510.6345326450893,510.6345326450893,17116.402,-0.9782770440196487,3.9128581350541936,-4.9874441970132466e-05,38.53948097902473,517.8734619140625,525.69765625,529.3967590332031,-91.66668127467781,-1.1609759501189088,-2.219811488377709,True,16.666666666666664,8.333318725322194,3.8194406503664347,-1.7603187805843472,-7.85308837890625,-117496.5937286985,-107.41859011540102,0
2023-09-26,507.699951171875,512.5910875030106,507.699951171875,509.65640570432925,26392.692,-0.9781269407600348,-4.89103466030781,-2.93458147321428,35.279450546234315,514.1562133789063,523.5471862792969,527.9324035644531,-100.0,-1.6424426539172972,-3.081392888145086,False,16.666666666666664,0.0,2.777772908440722,-2.10661770673111,-21.50469970703125,-143889.2857286985,-109.18971621654374,1
2023-09-27,510.63458251953125,511.61280968910893,504.7652195020654,505.743446671643,16846.401,-3.912959032686217,-0.9782778139016841,-2.9347316698095938,38.13392978127177,511.6128173828125,521.9820190429688,526.4688598632813,-85.71428864150275,-0.5714306766834013,-2.3536061191718463,True,33.33333333333333,14.28571135849725,7.539676694606473,-1.987974718160543,-15.65167236328125,-131856.1421572701,-86.88178412877429,1
2023-09-28,511.61279296875,513.569247243965,508.67811155592733,511.61279296875,19733.331,5.869346297106972,1.9564375548561088,3.912892053861924,39.11047992798369,510.830224609375,519.3408081054688,525.3460662841796,-83.33337744486687,-3.976650219647004e-06,-1.8915153932147326,True,50.0,21.21206660460241,11.832592654366543,-1.7044578210496972,-26.412109375,-127909.47595726974,-60.20470115248565,1
2023-10-02,521.3950805664062,522.3733077344483,516.5039447261961,518.4603990622802,25427.911,6.847606093530203,8.804060490483266,7.825833170268766,48.05544659111501,512.98232421875,516.8952392578125,524.7610290527343,-59.523819809724756,1.7175576722956092,0.06257812932008992,True,66.66666666666666,62.963016129194074,32.820264697431234,-0.7667231366059326,-24.4556884765625,-110957.53529060323,25.66598373476708,0
2023-10-03,517.482177734375,521.3950864507029,516.503950555293,516.503950555293,14490.129,-1.956448506987158,-0.9782212837453699,5.829096949128143e-06,45.1604902370567,513.7649169921875,515.819189453125,523.5425811767578,-69.04761315252938,0.7299283948299807,-0.36101053334145194,False,66.66666666666666,59.090858521384,47.75531375172682,-0.34034256069843405,-10.760498046875,-119651.61269060338,28.33332588412531,0
2023-10-04,508.6781005859375,511.61278193547173,507.69987346942605,509.6563277024489,28358.964,-6.847622852844154,-9.782304515231203,-8.804077085866993,39.342946906346974,513.960546875,514.0583801269531,522.1271331787109,-87.87887496632145,-0.8264519849388967,-1.4685037819335474,False,50.0,22.222066542555964,48.091980397711346,-0.5681880164536688,-17.60809326171875,-133831.09469060297,-77.11467834728872,1
2023-10-05,516.50390625,517.4821333451705,511.61277077414775,511.61277077414775,24945.684,1.9564430716988568,5.869351409698766,3.912897304721696,46.07854770956252,515.1344116210937,513.3736145019532,521.2002563476562,-55.555664585159406,0.41203931934725,0.23729720807548452,True,66.66666666666666,66.6664466523178,49.326457238752575,-0.1315703530258654,-6.84765625,-117200.63869060329,34.30356364107526,1
2023-10-06,520.4168701171875,521.3950973166559,517.4821885187823,518.4604157182507,15336.587,6.847644944102967,3.9129639714853965,5.869417744634575,49.15806364034907,516.8952270507813,513.8627258300781,520.8581481933594,-27.272744375732522,0.8530857185562427,1.0926396398617297,True,66.66666666666666,88.8889833385618,59.25916551114518,0.4492231544066039,4.89111328125,-109532.34519060329,107.96522416650215,1
2023-10-11,532.1555786132812,532.1555786132812,528.2426699470071,530.1991242801441,46639.969,11.738708561893418,10.760481296625358,10.760481428224807,57.16432138551757,519.0473266601563,516.0148254394531,521.2488952636719,-0.0,2.448212198862047,3.2258065789182817,True,66.66666666666666,100.0,85.1851433302932,1.588334001748553,21.52099609375,-62892.37619060329,191.89386453249665,1
2023-10-12,538.02490234375,538.02490234375,532.1555397727273,533.1337668678977,34161.176,2.934642587753615,5.86932373046875,3.912869825720122,60.55262199136954,523.1558715820313,518.4603942871094,522.0790252685547,-0.0,3.028405938620425,3.9861290486146137,True,66.66666666666666,100.0,96.2963277795206,2.639482710166263,24.4556884765625,-28731.20019060329,170.0302246183049,1
2023-10-13,540.9595947265625,541.9378218418004,536.068459150373,538.0249133808487,31123.496,4.891146512950968,3.912919498050428,3.9129193776457214,62.18421733308903,529.6121704101563,521.7863586425781,522.6667724609375,-2.631580932369292,2.819954930017312,4.045151711103624,True,83.33333333333334,97.14285708770088,99.04761902923362,3.387098269997489,33.2596435546875,-7982.2028572701565,142.64374220191934,0
2023-10-16,533.1337890625,535.090243334289,530.1991076548165,534.1120161983945,19875.676,-3.9128971824542305,-6.847578507511457,-5.86935149555643,55.505605609395595,532.9381469726562,524.036279296875,523.0091491699219,-23.684198106005365,0.5535056872708959,2.21944175983933,False,83.33333333333334,74.28574667048639,90.47620125272908,3.2108441607236005,22.49920654296875,-4007.0676572701564,68.55794172197928,1
2023-10-17,539.0032348632812,539.9814621497845,536.0685530037715,538.025007576778,18364.998,3.912991378383481,4.891218815495563,5.869445348954969,59.09969723364175,536.655419921875,526.7753234863281,523.0580657958984,-7.8944889348849845,0.9465772867098498,2.8304958780896134,True,83.33333333333334,91.42884688474204,87.61915021430976,3.331446763391174,27.39044189453125,5175.4313427295765,86.36932801959311,0
2023-10-18,528.24267578125,537.0467203776042,528.24267578125,537.0467203776042,26418.94,-0.978287199173792,-2.9347417721803595,-7.8258772225215125,50.8799767525082,535.8728393554687,527.4600830078125,522.1776611328125,-39.99990277338186,-1.3097761696955046,0.4962800838261766,False,66.66666666666666,60.00009722661814,75.23823026061552,2.5629101123614904,6.84759521484375,-21243.508657270424,29.119386471891378,1
2023-10-19,534.112060546875,536.0685149811126,528.2426972441621,528.2426972441621,22881.262,-8.804023133442115,-0.9782053964916031,2.1462912059178052e-05,54.634412191844284,535.0902709960938,529.1230712890625,522.4711303710938,-22.856980826689405,-0.2739679194113459,1.2517441366198505,True,66.66666666666666,74.19374075424703,75.20756162186906,2.3328089390047557,16.6298828125,-9802.877657270092,33.778691946769015,1
2023-10-20,543.894287109375,543.894287109375,534.112015758487,537.0466971637534,45984.177,8.80399991959132,7.825772128262429,5.869318514324959,60.16962329111286,535.6772094726563,532.6446899414062,523.3515350341797,-0.0,1.3673611180758556,2.740989057035084,True,66.66666666666666,100.0,78.06461266028838,2.6966424544702186,35.2161865234375,36181.29934272991,99.12835365107738,0
2023-10-23,532.1555786132812,540.959623112398,531.1773514467127,539.9813959458295,22747.367,2.9346987820761115,-2.9346639969769512,-2.934664311774327,51.88256741948239,535.4815673828125,534.2098571777344,523.7917358398438,-32.43237647905244,-0.5484480921974983,0.29190428341610947,False,50.0,25.000027956741512,66.39792290366285,2.0341079801358632,15.65167236328125,17983.405742730014,17.054260752313677,0
2023-10-24,532.1555786132812,534.1120329464183,528.2426699470071,531.1773514467127,15007.814,-8.804044499116799,-6.8475901659797955,-2.9346814997055617,51.88256741948239,534.1120361328125,535.3837280273438,524.6232269287109,-36.363559797480356,-0.5181372571485431,-0.07653416445906058,False,50.0,25.000027956741512,50.00001863782766,1.5074978946907938,11.73870849609375,22986.010409396877,-73.36190511053019,0
2023-10-25,532.1555786132812,539.0031687792609,532.1555786132812,532.1555786132812,16526.355,0.9782271665685585,4.891135832842679,3.91290866627412,51.88256741948239,534.8946166992188,535.3837280273438,525.6992767333984,-44.444436915265726,-0.30543727052016895,-0.32065987836412274,False,33.33333333333333,25.000027956741512,25.000027956741512,1.090252461132144,0.0,6459.655409396877,-18.867943894154305,0
2023-10-26,519.4385375976562,523.3514456021584,518.4603105965307,518.4603105965307,28188.348,-13.69526801675056,-15.651723177102554,-13.69526801675056,43.46325445568682,531.959912109375,533.5250915527344,525.9927429199219,-96.15385741733485,-2.419615965495875,-2.687858703896119,False,33.33333333333333,3.8461425826651605,17.948732832049384,-0.05062938646191917,-18.58636474609375,-10453.35339060286,-225.55644009366955,1
2023-10-27,521.3950805664062,524.3297620705324,520.4168533983642,522.3733077344483,15679.643,3.912997137917614,0.9783164683740324,1.956542801833507,44.96227487347388,527.4600708007813,531.5686401367187,526.6774993896485,-88.46122245810251,-1.6605132245651384,-2.1569512150238697,True,33.33333333333333,11.538777541897485,13.461649360434711,-0.6487163632095289,-19.56451416015625,-18293.17489060286,-146.31731174433764,0
2023-10-30,520.4168701171875,522.3733245161243,516.5039613193139,519.4386429177191,21404.842,-2.934664816729196,-1.9564375544081258,-3.912892079050266,44.32132953824013,525.1123291015625,530.2969482421875,527.1666137695313,-85.71426704499653,-1.1152361316257635,-2.0708659703578225,False,16.666666666666664,14.285732955003473,9.890217693188697,-1.0610478741838496,-12.7169189453125,-11158.227557269525,-122.14815170519255,0
2023-10-31,517.482177734375,523.351540808867,515.525723376211,523.351540808867,25667.058,3.91289789114785,0.9782162927426725,-0.978237943102954,42.34572012980547,522.1776489257812,528.1448425292969,527.4600830078125,-93.1034423294513,-1.2138156189175664,-2.2632782317255504,False,16.666666666666664,6.896557670548712,10.907022722483214,-1.4577761223123336,-21.52105712890625,-23991.75655726934,-97.92453086106174,0
2023-11-01,516.50390625,521.3950417258523,515.5256791548296,521.3950417258523,13603.347,-1.9564990830147053,-1.9564990830147053,-4.422138135851128e-05,41.67025974347611,519.047314453125,526.9709655761719,527.2155242919922,-96.55172683574118,-0.9071044502984269,-2.1920414298411446,False,16.666666666666664,3.448273164258823,8.210187929936993,-1.695750619402311,-11.73876953125,-33060.654557269605,-83.98281433655461,1
2023-11-02,535.0902099609375,535.0902099609375,523.3514850623429,524.3297121372258,29401.438,2.9346704113735314,13.695168235085248,7.825805907513313,56.16307207374047,522.1776489257812,527.0687805175781,528.0959259033203,-31.034575833062195,2.562495327788332,1.3901687451232003,True,33.33333333333333,76.92291387740525,29.089248237404252,-0.5693158833143172,0.9781494140625,-3659.2165572696067,36.57785603096377,1
2023-11-03,537.0467529296875,537.0467529296875,533.1338439830231,535.0902984563553,15426.176,10.760586319129516,1.95654296875,9.782358920680167,57.379172457151284,525.3079833984375,526.3840270996094,529.5143585205078,-24.13771655859606,2.361723481494718,1.6196294656797112,True,50.0,91.66684393915126,57.34601032693843,0.2932796625651236,-6.8475341796875,11766.959442730393,88.15202488513025,1
2023-11-06,538.02490234375,543.8942649147727,538.02490234375,540.9595836292614,29215.201,5.869285172906075,6.847511985085248,4.891058360726902,58.014406811570524,528.82958984375,526.9709594726562,530.5904083251953,-20.689717222041462,2.0092682045269505,1.7419407143421188,True,50.0,79.31034482758609,82.63336754804753,0.8821799969199311,5.86932373046875,-17448.241557269608,115.4182057576299,1
2023-11-07,542.9160766601562,542.9160766601562,538.0249408343891,539.981395164696,14777.79,-0.9781884645653918,-0.9781882546164979,3.84906390991091e-05,61.17131051749232,533.9163696289063,528.0470092773437,531.7153686523437,-3.4481389481096887,2.209947258985733,2.6827035198711466,True,66.66666666666666,96.55186105189031,89.17634993954255,1.516371787478227,10.760498046875,-2670.4515572696073,104.53961258040198,1
2023-11-08,543.894287109375,544.8725142444638,538.0249242988422,538.0249242988422,15314.834,-1.9564708658538166,1.9564375843075368,-1.6535546933482692e-05,61.79800348285961,539.3944458007812,529.2208801269531,532.3023040771484,-3.3333309438683365,1.552511526537354,2.6777464387396743,True,83.33333333333334,96.66666905613167,90.84295831186934,1.892533673089229,11.73870849609375,8268.71558558761,97.03436388773089,1
2023-11-09,544.8726196289062,544.8726196289062,539.0032556831729,539.0032556831729,13165.684,0.9783313843307724,0.00010538444246321887,0.9783313843307724,62.45907703967296,541.350927734375,531.7642883300781,532.6446899414062,-0.0,0.8449161023907982,2.6570598024242105,True,100.0,100.0,97.7395100360073,2.082942708708455,25.43408203125,21434.39958558761,84.50754887773802,0
2023-11-10,544.8726196289062,544.8726196289062,541.9379376560396,542.9161649803285,12994.933,3.9129092971555792,0.0,2.934681972866656,62.45907703967296,542.9161010742188,534.1120422363281,532.8403411865235,-0.0,0.5415276129115185,2.4524995640143734,False,83.33333333333334,100.0,98.88888968537721,2.0797615566979832,23.4775390625,34429.33258558761,76.46820521085613,1
2023-11-13,558.5677490234375,567.3717941043674,558.5677490234375,566.393566873153,43866.014,23.477401892824446,22.499174475461132,16.629811367397906,70.8597453826045,547.0246704101562,537.9271301269531,534.1120391845703,-16.981108593187606,2.390916440800503,4.387573331064197,True,83.33333333333334,83.0188914068124,94.33963046893746,2.824659553150702,38.15087890625,-9436.681414412393,171.32853526934204,1
2023-11-14,559.5459594726562,563.4588682801573,558.567732270781,563.4588682801573,21568.576,-2.9346985929956872,-3.912925824210106,-1.6752656506469066e-05,71.35914656570934,550.3506469726562,542.1335083007813,535.1391754150391,-15.094351118358778,1.9002345726634198,3.9527500883224915,True,83.33333333333334,82.22221787620774,88.41370309434002,3.1813882547590815,42.06378173828125,-22377.827014412393,147.3813972961304,1
2023-11-15,568.3499145507812,570.3063686456204,562.4805522662638,570.3063686456204,50305.088,6.847500365463134,6.847500365463134,3.912819995482778,75.48425526185889,555.2417724609375,547.3181091308594,537.1445373535156,-3.5714302120422565,2.7106488515728104,4.810569497967643,True,83.33333333333334,94.73682750204016,86.65931226168675,3.768289366932626,51.84600830078125,2774.716985587609,138.37270165289925,1
2023-11-16,570.306396484375,570.306396484375,565.4152610085227,568.3499422940341,28291.435,-1.9564263515862876,2.7838754590447934e-05,2.9347087422589766,76.31138879251877,560.3285278320312,550.8397277832031,538.9542541503906,-0.0,2.2507926691612763,4.324477681893641,True,83.33333333333334,100.0,92.3196817927493,4.023113327907565,35.2161865234375,31066.15198558761,108.46855247373219,0
2023-11-17,567.3717651367188,570.3064466805293,566.3935379554486,566.3935379554486,22031.704,-1.9564043385855712,5.019615434775915e-05,0.9782769469258028,72.3188571940849,564.8283569335938,553.8722290039062,540.1281280517578,-6.249992423961323,1.0452964071190136,2.9890506082604564,False,66.66666666666666,90.90909806200652,95.21530852134889,3.7351305586603054,30.32501220703125,20050.29998558761,83.23929560846825,0
2023-11-20,564.4370727539062,566.3935270788764,562.480618428936,563.4588455914211,22010.114,-2.9346923640274554,-3.912919601652902,-3.9129195265124963,68.4140304035221,566.0022216796875,556.5134460449219,541.7422027587891,-15.78951566664674,-0.05773573467687356,2.003533550098845,False,66.66666666666666,81.81816254752377,90.90908686984342,3.113506566253161,26.41217041015625,20050.29998558761,51.85636194268232,1
2023-11-21,572.2628173828125,572.2628173828125,568.3499092297676,569.3281362680289,35921.706,5.869290676607761,5.869290303936054,5.86929080083155,72.70183787134121,568.5455932617188,559.4481201171875,543.7475646972656,-0.0,0.9200605006675654,2.872202285382951,True,66.66666666666666,100.0,90.90908686984342,2.9949589162237515,29.34674072265625,55972.00598558761,82.8801436945444,0
2023-11-22,564.4370727539062,566.3935270788764,561.5023912664509,563.4588455914211,21969.125,-5.869290676607761,-5.869290303936054,-6.8475179633167045,63.32408944518742,567.7630249023438,561.5023986816407,545.3616394042969,-22.856969059729163,-0.6029236125501836,1.0655369668260104,False,50.0,74.1936499026008,85.33727081670817,2.192276638204781,20.54278564453125,60365.83098558782,26.654750959472963,1
2023-11-23,565.4153442382812,565.4153442382812,561.502435281615,561.502435281615,14486.134,-1.956410309806074,-0.9781828405951956,4.4015164121447015e-05,63.95808086387707,566.784814453125,563.5566711425781,547.6604797363282,-19.999691942893335,-0.3448181146390626,0.9019557347880575,True,50.0,50.00050683499909,74.73138557919997,1.5597250592878193,20.542724609375,74851.96498558782,10.840745640500899,0
2023-11-24,562.4805297851562,565.4152108101223,561.5023027768342,564.4369838018002,10058.969,2.934548520185217,-0.00013342815896066895,-0.00013250478082227346,60.53349514944114,565.8065673828125,565.3174621582032,549.7147521972656,-29.411955833928687,-0.6336531085504105,0.10153608115369929,False,33.33333333333333,28.5708156055033,50.92165744770105,0.8136885738382755,17.60791015625,69822.48048558796,-51.58950147921575,0
2023-11-27,555.6329956054688,564.4370395499216,555.6329956054688,560.5241311301647,18528.52,-3.9128526716355054,-0.9781712602007246,-5.869307171365449,53.273063971359164,564.045751953125,565.0239868164062,551.4755584716797,-54.83887133989781,-1.502891611868599,-1.2746278552175017,False,33.33333333333333,0.0,26.19044081350079,-0.2159247800983195,-2.93475341796875,51293.96048558796,-143.27584891747728,1
2023-11-28,562.4805297851562,563.4587567934782,552.6982597019361,552.6982597019361,26343.906,-7.825871428228652,-0.9782827564433774,-2.934735903532669,58.67960703630758,562.0892944335938,565.3174438476562,553.7254760742187,-50.000044760623695,-0.23135629372641262,-0.3178389264146568,True,50.0,49.999955239376305,26.190256948293193,-0.4948251832674604,2.9345703125,72848.06539467923,-116.09832530597805,0
2023-11-29,561.5023803710938,566.393516088612,557.5894717970792,565.4152889451084,24868.842,12.717029243172306,2.9347592951338584,4.891212095143146,57.64031344969625,561.5023559570312,564.6326904296875,555.9753997802734,-54.99964367830636,-0.08702890941808056,-0.5342932326202815,False,33.33333333333333,45.00035632169364,31.666770520356636,-0.786861870670938,-6.8475341796875,70084.86072801221,-56.78424129855367,1
2023-11-30,564.4370727539062,564.4370727539062,557.5894826165105,563.4588455914211,47192.647,-1.9564433536872912,-1.9564433347057957,1.0819431281561265e-05,59.96132193038777,561.3067016601562,564.0457580566406,557.4427429199219,-39.99959905332082,0.4351662681160074,-0.08657501037057357,True,50.0,60.00040094667918,51.6669041692497,-0.8203212410852014,-5.86932373046875,117277.5077280122,-38.68222891039367,1
2023-12-01,566.3935546875,566.3935546875,560.5241914264897,560.5241914264897,28051.165,-2.9346541649314304,1.95648193359375,2.9347088099791563,61.49570902860174,562.089306640625,563.9479370117188,558.9100830078125,-29.999465314002332,0.7540710090002654,0.28869219020057235,True,50.0,70.00053468599766,58.33376398479015,-0.7505127907484663,-0.97821044921875,145328.6727280122,32.38209080552899,0
2023-12-04,561.5023803710938,569.3281975191229,558.5676989405829,569.3281975191229,26847.171,8.804006092633244,2.9346428316229094,-1.9564924859067787,55.67663299922429,563.26318359375,563.6544677734375,560.0839569091797,-54.99964367830636,-0.08703071792821386,-0.44804029668172995,False,50.0,52.9413926013525,60.980776078009775,-1.0549283993529972,-2.9346923828125,133125.4131825574,-2.007635942736741,0
2023-12-05,557.5894775390625,559.5459318462171,554.6547960783306,558.5677046926398,22229.723,-10.760492826483073,-9.78226567290585,-3.912902862252281,51.42949871171374,562.2849731445312,562.1871337890625,560.817626953125,-74.99959918895897,-0.8408217465495265,-0.9986947726271875,False,50.0,29.41212343001913,50.78468357245642,-1.5131070330266052,-14.67333984375,137571.3577825576,-150.5361166269508,0
2023-12-06,557.5894775390625,562.480613306949,555.6330232319078,555.6330232319078,21518.089,-2.9346814607320084,2.9346814607318947,0.9782271535772225,51.42949871171374,561.502392578125,561.5023742675781,561.5023864746094,-74.99959918895897,-0.6968648879248686,-0.8982876912941135,False,33.33333333333333,29.41212343001913,37.25521315379691,-1.7904818763632804,-6.84759521484375,128349.31963970087,-80.89587158714926,0
2023-12-07,553.6765747070312,560.5241648535846,553.6765747070312,557.5894833622046,20840.397,1.9564601302968185,-1.9564484533643736,-1.9564485248765777,47.14919637907587,559.35029296875,560.3284973144531,561.9425842285157,-94.11714574131425,-1.1641444363438032,-1.3220953100221196,False,33.33333333333333,5.88285425868576,21.569033706241328,-2.1856234061524393,-11.73876953125,107508.92263970088,-121.05180566537426,1
2023-12-08,557.5894775390625,564.4370676141036,557.5894775390625,561.5023861533717,33507.214,3.9129027911670846,3.912902760519046,3.91290283203125,51.54825861256872,557.5894775390625,559.8393920898437,562.5784271240234,-70.58787656998086,-0.26246816586817723,-0.5235585371256455,True,33.33333333333333,29.41212343001913,21.569033706241328,-2.129458728737969,-4.89105224609375,74001.70863970087,-7.8892665032683436,1
2023-12-11,561.5023803710938,562.4806075145974,557.5894717970792,559.5459260840864,27378.61,-1.9564600692852991,-1.9564600995062165,-5.7419832728555775e-06,55.581557425226485,557.5894775390625,560.4263305664062,562.7251586914062,-47.0586073986475,0.5841112873727424,0.2328303484287465,True,33.33333333333333,49.99996331381481,28.431647000839888,-1.788514841912181,5.869384765625,90428.8746397006,6.249968002804144,1
2023-12-12,565.4153442382812,568.350025955781,562.4806625207816,567.3717987166144,29403.01,7.8258726325279895,5.869418441183598,4.89119072370238,59.279494398713915,559.1546508789063,560.7198120117188,563.0186279296875,-23.52897120756384,1.1668685025771437,0.8872820844134611,True,50.0,75.00033493128403,51.47080722503932,-1.2828694234228513,2.934814453125,90428.87463970004,121.05338938345389,0
2023-12-13,564.4370727539062,566.3935270788764,563.4588455914211,563.4588455914211,22977.731,-3.912953125193326,-1.9564988769045613,0.9781830706394885,57.96338486667535,560.524169921875,561.01328125,562.8229858398438,-29.411563765209902,0.7860254806553666,0.5810584789771194,False,50.0,68.75004704663581,64.5834484305782,-1.0097223384675766,2.9346923828125,82769.63097303396,85.48984446291327,1
2023-12-14,572.3038330078125,572.3038330078125,569.3538132500403,571.320493088555,39409.958,7.8616474971339585,5.910305928936054,5.89496765861918,64.81601975728186,564.2496215820313,561.7999572753906,562.9228576660156,-0.0,1.7451742177550695,1.834342952095739,True,66.66666666666666,100.0,81.25012732597327,-0.3298489028923717,7.86676025390625,122179.58897303395,166.2030886307949,1
2023-12-15,575.2537841796875,576.237123981704,570.3370851696047,575.2537841796875,54323.262,3.933291091132446,3.9332909738915305,0.9832719195644586,67.01562899461817,567.7824829101562,562.6859802246094,563.3169586181641,-4.358669596402337,1.6199258748072514,2.1509564840405355,True,83.33333333333334,95.64133040359766,88.13045915007781,0.25628516404062296,8.8602294921875,158395.09697303432,156.16937744514198,0
2023-12-18,575.2537841796875,575.2537841796875,567.387065763555,569.3537453675881,26122.277,-5.90003881209941,-0.9833398020165305,-2.950019406049705,67.01562899461817,570.532763671875,564.0611206054688,563.8577941894531,-4.358669596402337,1.0941619175289927,1.9877096416986335,False,66.66666666666666,95.64133040359766,97.0942202690651,0.564095976517561,13.75140380859375,184517.37397303432,102.65494393821898,0
2023-12-19,575.2537841796875,578.2038035857372,570.3370851696047,578.2038035857372,28254.292,8.850058218149115,2.950019406049705,2.950019406049705,67.01562899461817,572.5004516601563,565.8275512695312,564.0073425292969,-12.027528346713689,0.6886134754691287,1.8543784434036532,False,50.0,87.9724716532863,93.08504415349387,0.6800375248602659,17.664306640625,191580.94697303412,100.02528289886361,0
2023-12-20,575.2537841796875,577.2204637837206,573.2871045756543,577.2204637837206,38121.456,-0.9833398020166442,-0.9833398020166442,2.9500194060495915,67.01562899461817,574.6637939453125,567.5939819335938,564.5481781005859,-12.027528346713689,0.40045490219611,1.6481325015824666,False,33.33333333333333,85.6894735357233,89.76775853086907,0.6680913449438766,17.664306640625,191580.94697303523,85.22964464924102,0
2023-12-21,567.3870849609375,569.3537646315126,565.4204052903623,567.3870849609375,24923.414,-9.833378822783061,-7.866699152207957,-7.866699285292043,54.21450689176079,573.6804443359375,568.9650329589844,564.6467651367187,-44.100859001607645,-1.0574441508104864,0.11364112218691423,False,33.33333333333333,47.52816275737314,73.73003598212757,0.07305677163016178,13.71051025390625,191580.94697303596,-15.851636948217626,1
2023-12-22,572.3038330078125,572.3038330078125,569.3538132500403,572.3038330078125,18690.214,4.916748046875,2.950068376299896,3.933407959677993,59.49048467979433,573.0904541015625,570.4364685058594,565.1379302978515,-24.054778495775935,-0.20004779633087189,0.76317601105297,True,33.33333333333333,62.47587836583869,65.23117155297837,-0.040610385916433955,14.71435546875,210271.16097303596,25.75131654082781,0
2023-12-25,571.3204345703125,575.2537938444627,570.337094751775,572.30377438885,9548.143,-5.861896249825804e-05,2.9499608366502343,0.983281501734723,58.031407426217505,572.3037841796875,571.4182739257812,565.9223022460938,-33.39118185345178,-0.2575118698764396,0.33030456122947444,False,16.666666666666664,53.317133774961526,54.44039163272445,-0.2230481582027748,9.81805419921875,204542.2751730358,31.096758235786417,1
2023-12-26,576.2371826171875,576.2371826171875,572.303823008879,573.2871629109561,16094.308,0.9833885221061109,0.9833887727247657,1.9667282571040232,62.98324232887965,572.5004638671875,572.5004577636719,566.6101348876953,-9.540066535805645,0.572088059632489,0.9183392102903728,True,33.33333333333333,84.61582027635613,66.80294413905212,-0.06198439332718131,10.82183837890625,220636.5831730358,81.59652468102355,1
2023-12-27,582.13720703125,582.13720703125,576.2371677707981,577.2205076475401,33401.336,3.93334473658399,5.9000244140625,3.933344761919102,67.9357707048818,573.8771484375,574.2704711914063,567.6418762207031,-0.0,1.398802848643154,1.6455207770204077,True,50.0,100.0,79.31098468377255,0.36882792722253566,17.70013427734375,254037.9191730358,189.04207200675987,1
2023-12-28,583.1205444335938,583.1205444335938,579.1871849433165,582.1372045610245,25514.849,4.916696913484429,0.98333740234375,2.9500171725184146,68.6972333976002,577.0238403320312,575.3521423339844,568.5760498046875,-0.0,1.3386501325012865,1.5555895985100765,True,66.66666666666666,100.0,94.87194009211869,0.6315174105810533,10.81671142578125,279552.7681730358,168.5394545749634,0
2023-12-29,583.1205444335938,583.1205444335938,579.1871849433165,579.1871849433165,18416.318,-2.9500196177079943,0.0,0.0,68.6972333976002,579.1871826171875,576.138818359375,569.4123992919922,-0.0,0.8789334861335947,1.2809585568302984,False,66.66666666666666,100.0,100.0,0.7108664881939024,7.86676025390625,297969.0861730358,120.93877920212087,0
