Date,Close,High,Low,Open,Volume,Open_diff,High_diff,Low_diff,RSI_12,MA_5,MA_10,MA_20,W%R_12,BIAS_6,BIAS_12,up,PSY_6,K,D,MACD,MTM_10,AD,CCI_10,UpDown
2021-01-04,176.44822692871094,177.5026984043805,175.7452459449312,176.09673643682106,1531.749,-1.4059509069971625,-0.3514794094254796,-0.3514795189359745,49.70327361616279,176.37792053222657,175.78038330078124,177.80145111083985,-58.82318319188602,0.23295093260333768,0.16628605178264183,True,66.66666666666666,63.63673433758657,61.61645135702674,-0.2711656644877521,-1.40594482421875,-10479.015616153067,71.18716928379246,1
2021-01-05,177.8541717529297,177.8541717529297,176.096719462881,176.44820992089072,1951.835,0.3514734840696576,0.35147334854917744,0.35147351794978476,54.695815611570055,176.79971008300782,175.88583068847657,177.76630249023438,-26.666650227473493,0.6965132781833757,0.9812048755589569,True,83.33333333333334,99.99984324256455,72.72738001362158,-0.12948342725238599,1.054473876953125,-8527.180616153066,114.42678182259829,1
2021-01-06,178.55714416503906,179.26012504757858,175.74522063488095,178.55714416503906,2984.653,2.108934244148344,1.4059532946488957,-0.3514988280000466,57.02272487755159,177.2917938232422,176.23731994628906,177.62570571899414,-13.333346069054192,0.8269844540835101,1.3466264807133432,True,83.33333333333334,86.66665393094581,83.43441050369897,0.008600309650633853,3.514892578125,-6736.388816153056,127.19162036940122,1
2021-01-07,183.8295135498047,186.6414372752319,177.50268516759346,179.26013749598545,7274.739,0.7029933309463843,7.381312227653325,1.757464532712504,69.7394247429441,178.55715637207032,177.1160461425781,177.537833404541,-22.22220984769929,3.0541857790889586,3.9933717892895904,True,83.33333333333334,77.77779015230071,88.14809577527035,0.42877863660394433,8.787261962890625,-3938.4122776915247,273.03249275964146,1
2021-01-08,196.48318481445312,196.83467530607112,185.9384700659136,186.28996055753157,11062.445,7.029823061546125,10.193238030839211,8.43578489832015,82.94892843974594,182.6344482421875,179.2952880859375,178.32868728637695,-1.5384601993586167,8.228467435873679,10.03937722110506,True,83.33333333333334,98.41269996668156,87.6190480166427,1.4738221139709653,21.79241943359375,6410.326593276197,261.9966440503649,1
2021-01-11,199.2950897216797,202.1070133861831,196.13167559911332,198.5921088055538,6315.052,12.302148248022235,5.272338080111979,10.193205533199716,84.58065672224909,187.20382080078124,181.7908706665039,179.33043518066407,-9.999998834756212,7.488148647711309,10.364960345708168,True,100.0,89.47367662415108,88.55472224771113,2.224298380540413,24.955825805664062,6781.800240335048,191.18736069432592,0
2021-01-12,197.53762817382812,201.75551347291344,196.83464729064724,200.34955170655167,5002.981,1.7574429009978587,-0.351499913269663,0.7029716915339179,79.39993714163079,191.14051208496093,183.97011108398436,180.22673492431642,-16.250031028908314,4.5581341805425355,8.250393985319002,False,83.33333333333334,82.89468985902758,90.26035548328673,2.4541285018718173,21.792404174804688,3208.2423831921915,125.2652933974913,1
2021-01-13,202.80999755859375,207.37937358677698,198.94360245782332,200.34956431264894,6375.09,1.260609727182782e-05,5.623860113863543,2.1089551671760773,82.83985811772965,195.99108276367187,186.64143829345704,181.47452621459962,-13.978491285159661,5.0364087092615,9.713198387347504,True,83.33333333333334,85.5555606779433,85.97464238704066,2.788613563101441,26.713272094726562,2676.9848831921986,114.04343593617878,0
2021-01-14,202.45851135253906,204.9189446502262,199.99807805485196,203.51298276583356,4895.819,3.163418453184619,-2.460428936550784,1.0544755970286417,81.84590049457685,199.71688232421874,189.13701934814452,182.6344451904297,-15.384609979091465,2.7348411800598673,8.219822435724614,False,66.66666666666666,84.444463419897,84.29823798562262,2.8059029136932323,24.955810546875,2676.9848831921704,86.66668870909382,0
2021-01-15,201.75552368164062,204.91893781602175,199.29509046601086,203.16148551914333,4334.12,-0.3514972466902293,-6.834204441474867e-06,-0.702987588841097,79.75790178411398,200.77135009765624,191.70289916992186,183.8119384765625,-17.582434389137624,0.8491933399298737,6.625384630106749,False,50.0,82.22222066862933,84.07408158882322,2.5946465790011084,25.658798217773438,2135.219883192168,70.2968595377127,0
2021-01-18,198.94361877441406,201.05256172961987,196.13169483413967,201.05256172961987,3271.007,-2.108923789523459,-3.8663760864018855,-3.1633956318711967,71.76859296223535,200.70105590820313,193.9524383544922,184.8664108276367,-26.666605630916095,-0.7597816603442551,4.155811862319084,False,33.33333333333333,73.3333943690839,80.00002615253675,2.1107167469839627,22.495391845703125,2602.5065974778768,40.30809384475777,1
2021-01-19,200.3495635986328,200.3495635986328,198.24062082391035,198.94360174881785,2671.114,-2.1089599808020125,-0.702998130987055,2.1089259897706825,73.23117745919535,201.26344299316406,196.2019775390625,186.04390411376954,-22.222216598730917,-0.145986167507376,3.7936255195813984,True,33.33333333333333,76.47058506112614,77.34206669961314,1.7456114166317498,22.495391845703125,5273.620597477877,38.81914369247027,0
2021-01-20,194.02273559570312,200.34956393034562,193.31975466963175,199.64658300427425,4781.17,0.7029812554563932,3.317128118851542e-07,-4.920866154278599,58.38278162229788,199.50599060058593,197.7485366821289,186.992928314209,-42.222208419439625,-3.016106976225234,-0.24096420516008799,False,33.33333333333333,37.70487340667809,62.50295094562938,0.9766563084543032,15.465591430664062,1448.6845974778612,-26.070810767427126,1
2021-01-21,198.24061584472656,198.24061584472656,195.07720176209796,195.42869221572334,3610.802,-4.217890788550903,-2.108948085619062,1.757447092466208,63.73107241288131,198.66241149902345,199.18964691162108,188.1528465270996,-28.88889661735885,-0.5291043235320662,1.045085148224392,True,33.33333333333333,34.99996126562143,49.72513991114189,0.6655985298093192,14.411102294921875,5059.486597477861,-52.92119569243574,1
2021-01-22,199.99806213378906,202.80998567872808,196.83464814573264,198.24060991820215,4410.983,2.8119177024788087,4.56936983400152,1.7574463836346865,65.73276509300236,198.31091918945313,199.5411346435547,189.4182113647461,-24.705922388133384,0.5596410408306077,1.020855130828458,True,50.0,47.49991805263899,40.06825090831284,0.4993119081365336,3.5148773193359375,5318.95618571317,8.08586937167799,1
2021-01-25,203.86447143554688,204.91894283952385,198.24062394766972,199.99807628763133,5231.348,1.7574663694291814,2.108957160795768,1.4059758019370747,69.7408241227538,199.2950897216797,199.9980728149414,190.89447174072265,-16.39344231837002,2.3228474422163954,2.112677213537701,True,66.66666666666666,75.00001833660087,52.49996588495376,0.5659331221632442,4.5693817138671875,8898.299554134212,79.38393708147348,0
2021-01-26,199.64657592773438,205.62191358754333,199.64657592773438,204.56744223581234,3685.064,4.569365948181002,0.7029707480194816,1.405951980064657,61.21925384783867,199.1544921875,200.20896759033204,192.08953933715821,-55.0000515989286,0.14692740324341427,-0.131870988165073,False,66.66666666666666,51.42854437436147,57.976160254533774,0.25783273870761114,2.10894775390625,5213.235554134211,44.96101171517799,1
2021-01-27,205.97341918945312,206.67640014231816,201.75553347226295,201.75553347226295,6288.355,-2.8119087635493827,1.054486554774826,2.108957544528579,67.6812529106649,201.54462890625,200.52530975341796,193.5833740234375,-9.9999466956344,2.837091898843365,2.746935780643789,True,66.66666666666666,94.7368450087068,73.72180257322306,0.40336818959954535,3.163421630859375,9704.917696991342,132.26399639912174,0
2021-01-28,202.80999755859375,204.91894034083217,200.70105477635533,202.45850709488735,3658.6,0.7029736226243983,-1.757459801485993,-1.0544786959076191,62.04231527544431,202.45850524902343,200.56045837402343,194.84873886108397,-32.4999991472815,0.5226493221652895,0.9476599212707524,False,66.66666666666666,71.05259257175774,72.40599398494201,0.2190386921001144,0.3514862060546875,9704.917696991342,69.47368478487715,0
2021-01-29,201.40403747558594,204.56745167677317,199.64658514159305,203.51298027637742,3775.896,1.0544731814900672,-0.3514886640589907,-1.0544696347622846,59.633392433916406,202.7397003173828,200.52530975341796,196.1141044616699,-39.47370376427155,-0.4344033776469334,0.30634645473681604,False,50.0,60.52629623572845,75.438577938731,-0.05072305090903839,-0.3514862060546875,8626.090268419892,41.97534426306503,0
2021-02-01,199.2950897216797,200.34956109586847,197.1861469733021,200.34956109586847,2111.191,-3.163419180508953,-4.217890580904708,-2.460438168290949,56.07090107355088,201.82582397460936,200.56045684814453,197.25644760131837,-55.26320538890425,-1.419879964900318,-0.6134983797033704,False,33.33333333333333,44.73679461109575,58.77189447286066,-0.4046381367335332,0.351470947265625,9329.820601753237,-47.41531789235707,1
2021-02-02,200.70106506347656,202.10702699036608,199.29510313658707,200.3495745817542,3387.713,1.3485885745012638e-05,1.7574658944976136,2.1089561632849723,57.90003894485178,202.0367218017578,200.5956069946289,198.3987922668457,-44.73679481169745,-0.46484164684312157,0.13152601292079796,True,33.33333333333333,48.4849307428764,51.249340529900216,-0.5675096612675663,0.35150146484375,9329.820601753203,2.969903382754615,1
2021-02-03,202.80999755859375,204.56744987712574,200.34956431264894,202.80999755859375,3497.993,2.4604229768395385,2.460422886759659,1.0544611760618636,60.585528048597084,201.40403747558594,201.47433319091797,199.61143493652344,-28.947407428242254,0.31874683949250066,1.021301729229956,True,50.0,60.71428557572053,51.3120036432309,-0.5559462356628062,8.787261962890625,9912.819435086556,51.67595393993634,0
2021-02-04,201.75552368164062,203.8644664378947,201.75552368164062,202.80999505976766,2036.209,-2.498826091823503e-06,-0.7029834392310477,1.405959368991688,58.54839949806178,201.19314270019532,201.82582397460936,200.50773544311522,-36.842158240558604,0.14538934015583355,0.43744445317221964,False,33.33333333333333,48.14810128834818,52.44910586898172,-0.6362706269995133,3.5149078369140625,7876.610435086556,36.175523961966796,1
2021-02-05,202.80999755859375,203.86446894971294,201.75552616747453,203.51297848600655,1343.523,0.7029834262388874,2.5118182520600385e-06,2.4858339031652577e-06,60.015076129465946,201.47433471679688,202.10701751708984,200.82407608032227,-33.33336026322026,0.6687985387219482,0.5956708476865482,True,50.0,59.25922612531027,56.04053766312634,-0.633939476277563,2.8119354248046875,7876.610435086574,45.590359043642174,1
2021-02-17,203.5129852294922,207.3793804583772,203.161494754139,206.67639950767082,5191.787,3.163421021664277,3.5149115086642553,1.4059685866644713,61.01820188352149,202.3179138183594,202.07186889648438,201.03497085571288,-36.66660389518548,0.8418021063595555,0.7248509580288482,True,66.66666666666666,62.06900161223447,56.49210967529765,-0.6009097881054704,-0.3514862060546875,3550.121268419919,127.37664199359806,0
2021-02-18,203.16151428222656,204.21598580964294,201.75555224567134,203.51300479136535,3506.596,-3.1633947163054756,-3.163394648734254,-1.4059425084676604,60.19454463475337,202.81000366210938,202.4233627319336,201.3161651611328,-41.37907938954232,0.34723182198120056,0.41987515451699164,False,66.66666666666666,58.62092061045768,59.983049449334146,-0.6162938128670259,3.5149383544921875,4051.0635541342626,32.40855683082387,1
2021-02-19,203.86447143554688,205.6219237755085,202.8100000315699,203.51298096755454,2980.292,-2.382381080678897e-05,1.4059379658655473,1.0544477858985601,61.33335546586505,203.0208984375,202.21246795654298,201.36888885498047,-34.48276769071211,0.43289893597428647,0.7673369748563375,True,66.66666666666666,65.51723230928789,62.06905151066002,-0.5925203626610127,-2.10894775390625,3305.99055413427,99.65619278941959,0
2021-02-22,203.86447143554688,207.3793761154701,203.86447143554688,204.91894283952385,4613.852,1.4059618719693106,1.7574523399616169,1.0544714039769758,61.33335546586505,203.44268798828125,202.3179153442383,201.43918685913087,-34.48276769071211,0.3460190633318505,0.5925702645581582,False,50.0,65.51723230928789,63.218461743011154,-0.5889606188229841,1.054473876953125,-1307.8614458657298,122.61865344706618,1
2021-02-23,204.21595764160156,204.91893856291517,202.80999579897437,203.86446718094479,3589.534,-1.0544756585790651,-2.460437552554936,-1.054475636572505,61.980603535680046,203.7238800048828,202.59910736083984,201.5622085571289,-31.03453699365869,0.3165429188336581,0.8388749980049138,True,66.66666666666666,60.86944211761466,63.96796891206349,-0.5744836532666939,2.811920166015625,-111.35011253242874,57.3095135280381,1
2021-02-24,211.2457733154297,217.5726018007504,204.5674543587023,204.5674543587023,9921.364,0.7029871777575067,12.653663237835218,1.7574585597279224,72.15151827075911,205.27043762207032,203.79417572021484,202.17731628417968,-31.03447136282995,3.0580154124212964,3.9492651829898655,True,66.66666666666666,63.26531548403355,63.21732997031204,-0.12641814180580901,11.95068359375,156.79486044053368,269.8839104187992,1
2021-02-25,214.76065063476562,218.62704532704453,211.5972367956283,216.8695931941905,5578.897,12.302138835488194,1.0544435262941363,7.029782436926013,75.6976713514247,207.59026489257812,205.20013427734375,202.89787063598632,-18.032801744074487,3.8232676016351608,5.1031989299819305,True,66.66666666666666,77.08330775646324,67.07268845270382,0.34589691398827416,14.059585571289062,-401.0948395594348,209.17028959748538,0
2021-02-26,213.7062225341797,216.16665601730347,210.19131755828857,211.2457890510559,6592.137,-5.623804143134578,-2.4603893097410605,-1.405919237339731,72.6693457530904,209.5586151123047,206.28975677490234,203.88204498291014,-25.454363272893676,2.44314335669319,3.976066205392238,False,66.66666666666666,70.83355241265508,70.39405855105063,0.5162608124867836,10.896224975585938,762.2234545582123,114.39875581290974,1
2021-03-02,216.16664123535156,221.43899833865282,215.81515076179815,217.92409360311865,7414.5,6.678304552062741,5.272342321349356,5.623833203509577,75.19534833082673,212.01904907226563,207.73086853027343,204.7783462524414,-24.999993346432582,2.614017691874286,4.5177748326507965,True,66.66666666666666,73.21425791807248,73.71037269573027,0.711569467030829,14.411117553710938,-5725.464045441801,129.97812000887362,1
2021-03-03,222.49346923828125,223.19645018374186,215.11216931094492,218.62707403824794,5360.155,0.702980435129291,1.7574518450890366,-0.7029814508532297,80.30232896699482,215.67455139160157,209.6992156982422,205.90311660766602,-3.278687352394574,4.083312150959268,6.730364608516257,True,83.33333333333334,96.7213082796668,80.25637287013144,1.1573980072505385,19.6834716796875,-1297.5099150070273,122.5895864007521,0
2021-03-04,220.38450622558594,222.49344886889298,217.22109226062537,221.43897754723946,4942.528,2.81190350899152,-0.7030013148488763,2.108922949680448,74.70893847317382,217.5022979736328,211.38636779785156,206.72911834716797,-13.114845031970109,1.8132544731411375,4.937230082099591,False,66.66666666666666,86.20680229585695,85.38078949786541,1.195886070412703,16.87152099609375,-309.00431500702723,97.55762381167636,0
2021-03-05,218.6270751953125,218.97856566990302,215.81515139858823,217.22111329695036,3721.495,-4.217864250289097,-3.5148831989899634,-1.4059408620371414,70.26003243988829,218.27558288574218,212.93292388916015,207.6781433105469,-21.31149078563526,0.430573467381325,3.451144910201647,False,50.0,77.58622023139276,86.83811026897217,0.9967516898001954,15.465560913085938,2585.4917961041133,60.82838000665656,1
2021-03-08,221.79051208496094,224.60243616844696,219.33007851191064,219.33007851191064,3875.339,2.1089652149602784,5.623870498543937,3.5149271133224147,73.37362741369508,219.89244079589844,214.72552795410155,208.46899795532227,-12.307691906653696,1.3383390615591209,4.197066361440065,True,50.0,87.09679120001157,83.6299379090871,0.9708856141085818,17.926040649414062,2327.1358627708023,96.91049991334009,0
2021-03-09,220.0330352783203,223.899430466917,217.22111150479546,223.899430466917,3400.83,4.569351955006368,-0.7030057015299462,-2.108967007115183,68.99575607723884,220.66571960449218,216.3423843383789,209.33014984130858,-20.967825597575473,0.05327585816109792,2.6930969429405516,False,50.0,77.19288725331326,80.62529956157253,0.7387226369559006,16.168563842773438,1790.1627048760547,66.29831274360002,0
2021-03-10,219.68153381347656,222.49345744628906,219.330043359375,222.1419669921875,3114.473,-1.7574634747295192,-1.405973020627954,2.108931854579538,68.10910191902352,220.10333251953125,217.8889419555664,210.24402465820313,-22.580776964583194,-0.3719494534973295,1.9021697201037187,False,33.33333333333333,65.85343242195192,76.71437029175893,0.4774694888768991,15.465576171875,-632.2051840128279,63.87702983813371,1
2021-03-11,223.19644165039062,224.60240348755843,221.08749889463888,221.43898935393085,4899.739,-0.7029776382566411,2.108946041269377,1.7574555352638868,72.03011207242417,220.66571960449218,219.0840087890625,211.43909225463867,-6.451753425586448,1.1683457393195702,2.764663725281429,True,33.33333333333333,90.24368228386346,77.76333398637621,0.4573354664079776,11.950668334960938,347.74261598720375,109.5977681654267,1
2021-03-12,227.41433715820312,229.52328000665634,222.49347051181232,224.25092288552332,6153.285,2.811933531592473,4.920876519097902,1.405971617173435,75.90784043790921,222.4231719970703,220.34937744140626,212.774755859375,-8.45070356799078,2.535657855209554,3.7829184267055145,True,50.0,85.36585490887383,80.48765653822973,0.6332063701574224,12.6536865234375,2809.0566159871937,181.81815816281568,1
2021-03-15,229.17181396484375,230.57777601370782,224.25094679381948,226.71138037933162,3263.518,2.460457493808292,1.0544960070514833,1.7574762820071612,77.33608919986567,223.89943237304686,221.89593658447265,214.0928466796875,-6.896548765145267,2.515732493052061,3.87680408435822,True,66.66666666666666,90.90910511378195,88.8395474355064,0.7642485421025054,15.465591430664062,4622.122171542756,165.1516658421517,1
2021-03-16,232.6866912841797,237.60755786722882,231.28072940330853,231.6322198735263,4816.497,4.920839494194695,7.029781853521001,7.029782609489047,79.93174375248057,226.43016357421874,223.54794158935547,215.63940505981446,-17.94872866446415,3.2492840713436015,4.760647090264166,True,66.66666666666666,77.41935205673458,84.56477069313011,0.970734804332344,16.520050048828125,1946.2905048760654,189.8784370321207,0
2021-03-17,228.82028198242188,233.74114826161374,226.35984884282593,232.68667691607263,4860.266,1.0544570425463178,-3.8664096056150754,-4.920880560482601,70.27366267252597,228.2579132080078,224.18062286376954,216.93991928100587,-39.062565480125,0.8780930059647813,2.4390175591389576,False,66.66666666666666,59.67734955085438,76.0019355737903,0.7404146405839738,6.326812744140625,326.20183820941133,85.61991248331242,1
2021-03-18,251.6671905517578,251.6671905517578,249.55824761417327,251.6671905517578,15912.474,18.980513635685185,17.926042290144068,23.198398771347343,83.28945063375832,233.95206298828126,227.30889129638672,219.34762954711914,-0.0,8.402729385880724,11.194517852512073,True,83.33333333333334,100.0,79.03223386919632,1.9514804195643665,31.282684326171875,16238.675838209412,236.2278487934348,1
2021-03-19,265.3752746582031,271.3506119683878,253.07310960782283,258.69695648799666,24595.161,7.029765936238846,19.683421416629983,3.5148619936495606,87.01179184786446,241.54425048828125,231.98371124267578,222.45831756591798,-10.759498973947622,10.94781980798368,15.428704118497258,True,83.33333333333334,88.9610337080356,82.87946108629666,3.4148266679541095,46.748199462890625,24752.38541513257,199.05130576007173,0
2021-03-22,259.0484619140625,268.5387040737364,258.6969714637042,268.5387040737364,10145.606,9.841747585739768,-2.8119078946513696,5.6238618558813585,78.23704359444517,247.519580078125,235.70950622558593,225.21751708984374,-22.15188264957914,5.9669255693191765,11.119481210717552,False,66.66666666666666,76.35137334466988,88.43746901756849,3.6732230061222193,37.25794982910156,15331.46555798975,127.17580710064163,0
2021-03-23,256.93951416015625,262.2118708118694,256.5880237167087,262.2118708118694,4882.067,-6.326833261867023,-6.326833261867023,-2.1089477469955114,75.46948182733124,252.37014465332032,239.40015411376953,227.87126922607422,-26.623371146616236,3.151454754601321,8.725823127254314,False,50.0,71.32868036429268,78.88036247233272,3.4236367930233698,36.90647888183594,11059.6569329898,82.69404713735338,1
2021-03-24,257.291015625,265.02380571209017,256.5880347079918,257.6425060835041,5020.497,-4.569364728365315,2.8119349002207628,1.0991283147632203e-05,75.62624972265122,258.0642913818359,243.16110229492188,230.52502212524413,-25.97399980227847,1.619622068731404,7.5284598882889995,True,50.0,71.22304759502958,72.96770043466405,3.017957640060917,37.60948181152344,6875.909432989776,69.81949166912412,0
2021-03-25,256.5880432128906,259.0484765039731,254.47910039196276,257.9940050935092,3602.197,0.35149901000511363,-5.975329208117046,-2.108934316029064,74.58630748844897,259.0484619140625,246.50026245117186,232.7921356201172,-28.378330245585758,-0.47716048315327936,5.886621293203673,False,50.0,68.65674373526484,70.4028238981957,2.461536232650328,33.3916015625,6598.817356066709,46.77875446218263,0
2021-03-26,256.5880432128906,258.69698603381846,255.53357180242668,257.64251462335454,3851.223,-0.3514904701546584,-0.3514904701546584,1.0544714104639183,74.58630748844897,257.291015625,249.41763305664062,234.88350524902344,-29.37058182973404,-0.7927473182745601,4.559562514798728,False,33.33333333333333,67.1875564450924,69.02244925846229,1.879052748210981,29.1737060546875,5315.076356066755,39.78606938779011,1
2021-03-29,262.9148864746094,263.617867454488,255.88507667582303,257.6425291255196,4463.345,1.4502165072372009e-05,4.920881420669559,0.35150487339635106,77.8488674575516,258.0643005371094,252.79194030761718,237.34393844604492,-17.266105306787434,1.8148895932233593,5.711937217078961,True,33.33333333333333,81.25009466890862,72.36479828308863,1.710250420555905,33.743072509765625,8966.90408333947,55.62759816193983,1
2021-03-30,265.0238342285156,266.7812867101371,262.9148912505699,265.0238342285156,4093.079,7.381305102996009,3.163419255649103,7.029814574746865,78.83682626149901,259.68116455078126,256.0256546020508,239.78679809570312,-13.432744620206648,2.2372953215697207,5.2337835188045485,True,50.0,70.96791501355104,73.13518870918402,1.5365100803935619,32.33714294433594,9339.002174248495,88.80805194054973,0
2021-03-31,261.8603820800781,265.37528653752884,261.50889163433305,265.02379609178377,3801.377,-3.8136731859594875e-05,-1.4060001726082874,-1.4059996162368407,73.47438130553721,260.59503784179685,259.3296646118164,241.75514373779296,-21.0937295324909,0.6983479878450375,2.865027559244492,False,50.0,48.07698721032296,66.76499896426087,1.0288081836232141,33.04010009765625,6228.78462879395,69.17266563120039,0
2021-04-01,261.15740966796875,263.2663524109133,260.4544287536539,262.9148619537559,2260.814,-2.1089341380278483,-2.108934126615509,-1.054462880679182,72.28250149944915,261.5089111328125,260.2786865234375,243.7937889099121,-22.656211169327097,0.17977114810331868,1.6415852986893524,False,33.33333333333333,47.499982411762396,55.514961545212124,0.49307743213390864,9.490219116210938,5098.377628793973,26.315695435463102,0
2021-04-07,261.15740966796875,262.21188103944104,258.69697646786676,260.10293829649646,3195.266,-2.811923657259456,-1.0544713714722889,-1.7574522857871102,72.28250149944915,262.42278442382815,259.8569000244141,245.92030563354493,-46.77419179827422,-0.1120357698950718,0.5866408813866492,False,33.33333333333333,54.28554813984517,49.954172587310175,0.01160086262403226,-4.217864990234375,6376.484028793962,6.573687150754524,1
2021-04-08,263.2663879394531,263.2663879394531,258.69701137975636,259.39999238894046,3306.437,-0.7029459075559998,1.0545069000120861,3.491188959969804e-05,73.79993556233009,262.4930847167969,260.2786926269531,247.99409942626954,-44.23046360194689,0.2677459881397221,1.0228281967603088,True,50.0,71.42866576901586,57.73806544020781,-0.27606681370745534,4.217926025390625,9682.921028793962,43.138020210347506,0
2021-04-09,261.15740966796875,263.2663524109133,260.4544287536539,262.56337149659845,2632.232,3.1633791076579882,-3.552853979726933e-05,1.7574173738975105,69.64075452144478,261.7197998046875,260.7004821777344,250.05031814575196,-52.500017588237604,-0.4243949123653484,0.3488998812792065,False,33.33333333333333,54.28554813984517,59.999920682902065,-0.6957297361010539,4.2178955078125,8366.80502879399,31.868637341676397,1
2021-04-12,263.2663879394531,265.7268214715976,261.8604259210849,265.7268214715976,3469.247,3.163449974999139,2.460469060684261,1.4059971674310532,71.39916062279538,262.0010009765625,261.2980194091797,252.22956085205078,-28.571334230984135,0.4919594729908366,1.0228262250530291,True,33.33333333333333,68.75010791503531,64.82144060796546,-0.9053594562446143,5.975372314453125,7420.646756066642,86.42042977862909,0
2021-04-13,260.4544372558594,265.02381334806745,259.0484753813338,263.2663610049105,4214.743,-2.4604604666870955,-0.7030081235301395,-2.8119505397511375,65.85140397835906,261.86040649414065,261.6846588134766,254.09246063232422,-51.42865902567999,-0.49239212398793136,-0.16840823811699437,False,33.33333333333333,41.93532031455543,54.990325456478644,-1.2843339903001194,3.86639404296875,5189.312226654906,-6.478418037037428,0
2021-04-14,260.4544372558594,261.50890866175354,256.5880421009141,260.4544372558594,3155.608,-2.811923749051118,-3.514904686313912,-2.460433280419693,65.85140397835906,261.7198120117188,262.07129821777346,255.74446563720704,-51.42865902567999,-0.4478303690400397,-0.26918060430779583,False,33.33333333333333,37.93095626731941,49.53879483230339,-1.5672047213051155,3.86639404296875,6992.516798083483,-137.8138685419054,1
2021-04-15,262.2119140625,262.2119140625,258.3455185468331,260.10297105395443,2375.267,-0.35146620190494104,0.7030054007464628,1.7574764459189964,67.71716082124811,261.5089172363281,262.0010009765625,257.39647064208987,-40.62489745810292,0.15663948714662185,0.22392101680903856,True,50.0,61.53854616106454,47.13494091431313,-1.6592808586708419,-0.702972412109375,9367.783798083483,-57.37581898451097,1
2021-04-16,272.7565612792969,274.8655037634152,261.50886803066606,261.8603584446858,8652.879,1.7573873907313668,12.653589700915177,3.163349483832974,76.22088103698503,263.82874755859376,262.77427368164064,259.3999641418457,-11.111143465770358,3.5587027387280785,3.7201878393743066,True,50.0,88.46151329401987,62.64367190746793,-1.0623853339208527,7.73272705078125,15288.1746928203,268.8165809151464,0
2021-04-19,270.9991455078125,279.78640703530317,270.9991455078125,278.02895472980504,5788.182,16.168596285119236,4.920903271887994,9.490277477146435,72.73730364024142,265.37529907226565,263.6881500244141,261.50890731811523,-37.8787968563444,2.2546395121218863,2.7885765712495623,False,50.0,62.1212031436556,70.70708753291333,-0.8476134976618219,9.138763427734375,9499.992692820299,207.257650150412,0
2021-04-20,269.24169921875,272.4051134393358,267.83573734293407,269.94468015665797,3133.837,-8.08427457314707,-7.38129359596735,-3.163408164878433,69.28289562836693,267.13275146484375,264.4965789794922,262.3876327514648,-45.454530292873265,1.2111885446871884,1.9860206804287732,False,33.33333333333333,54.54546970712674,68.3760620482674,-0.8816781458779346,8.08428955078125,8294.670769743387,89.56096000739545,0
2021-04-21,264.67230224609375,268.1872066583925,264.32081180486387,267.8357162171626,4334.762,-2.108963939495368,-4.217906780943338,-3.5149255380702016,61.058100091881364,267.9763244628906,264.8480682373047,262.35248413085935,-65.15159508851586,-0.7687289191654545,0.16627137389651417,False,33.33333333333333,34.84840491148413,50.505025920755486,-1.2473655572084628,3.514892578125,4748.047315197956,15.275849924356542,0
2021-04-22,262.5633850097656,265.7267992869917,260.10295168303423,265.3753088117444,5156.125,-2.4604074054182092,-2.460407371400777,-4.217860121829631,57.61444482599693,268.04661865234374,264.77776794433595,262.52823028564455,-74.24239628201673,-1.6889626253582364,-0.6758983339711353,False,33.33333333333333,25.75760371798328,38.38382611219805,-1.6418726864226727,-0.7030029296875,4103.5316901979495,-36.214477655824425,1
2021-04-23,265.726806640625,265.726806640625,260.102958881035,261.50892082093253,3760.784,-3.866387990811859,7.353633293405437e-06,7.198000787411729e-06,61.19575340288031,266.6406677246094,265.2347076416016,262.967594909668,-60.60599716593098,-0.7222509141915179,0.3761935039692164,True,33.33333333333333,39.39400283406901,33.333337154512144,-1.6935522315421068,4.56939697265625,7864.315690197949,-23.060662258274686,1
2021-04-26,267.1327209472656,267.8357017918637,265.37526883577044,265.7267592580695,3229.123,4.2178384371369475,2.1088951512386984,5.2723099547354195,62.72281753874313,265.8673828125,265.6213409423828,263.4596801757813,-54.545594587486725,0.15373434214448314,0.784605181652593,True,33.33333333333333,45.454405412513275,36.86867065485519,-1.635945024941277,3.8663330078125,9248.225547340806,23.615039649589214,0
2021-04-27,263.61785888671875,267.132763671875,261.8604064941406,266.07829223632814,4711.094,0.3515329782586605,-0.702938119988687,-3.5148623416298506,56.64335752382394,264.74261474609375,265.93768310546875,263.81117095947263,-69.69692990998814,-0.7060853088805685,-0.6183708995143957,False,33.33333333333333,24.590120613335966,36.47950961997275,-1.823162666853511,3.163421630859375,7677.860880674173,-29.279134714880342,0
2021-04-28,261.5089111328125,263.96934443648144,261.1574206608598,263.26636349257603,2241.592,-2.811928743752105,-3.163419235393576,-0.7029858332807635,53.26410843527184,264.1099365234375,266.0431304931641,264.0572143554688,-78.7878626540453,-1.0199529290404463,-1.3589633114046338,False,33.33333333333333,7.142848776377054,25.72912493407543,-2.060139999533366,1.054473876953125,5996.666880674127,-77.56978264974971,1
2021-04-29,264.3208312988281,265.7267931674389,261.5089075616066,261.5089075616066,2561.306,-1.7574559309694564,1.757448730957492,0.3514869007467496,56.99581641120609,264.46142578125,266.2540222167969,264.1275115966797,-66.66666284548785,0.06653375576707314,-0.4193322345737564,True,50.0,21.428552763261102,17.72050738432471,-1.9971492286283166,2.108917236328125,6850.43554734077,-53.830265845781824,1
2021-05-03,264.67230224609375,267.8357162171626,261.8603787162548,261.8603787162548,3493.882,0.351471154648209,2.1089230497236713,0.351471154648209,57.4589859222433,264.2505249023437,265.4455963134766,264.1099349975586,-70.49197050456696,0.06643957089306769,-0.4187843851167522,True,66.66666666666666,37.14266365193043,21.904688397189528,-1.901914556051099,-8.084259033203125,6644.913076752528,-25.55004141785452,1
2021-05-04,265.726806640625,267.1327685805225,260.45444936600944,265.726806640625,4093.769,3.866427924370214,-0.70294763664009,-1.4059293502453443,58.90755355511579,263.96934204101564,264.9183624267578,264.3032562255859,-71.42851772241048,0.4651231481964796,-0.1320930631586517,True,66.66666666666666,69.56553169998881,42.712249371726784,-1.7422615892970867,-5.2723388671875,9014.989866226186,-17.5432708022408,1
2021-05-05,267.4842529296875,271.3506481757145,262.56338625292585,265.7268005451298,5016.399,-6.095495223235048e-06,4.2178795951920165,2.1089368869164105,61.30322854618025,264.74262084960935,264.74261779785155,264.6195983886719,-62.499972110829546,1.1071764396664945,0.6946777155030475,True,66.66666666666666,65.6250037637202,57.44439970521315,-1.5017706799802575,-1.7574462890625,9616.957746226175,139.20999860028346,0
2021-05-06,267.4842529296875,276.9744958062993,266.4297814989529,267.132762452776,7335.876,1.4059619076462013,5.6238476305847485,3.8663952460270252,61.30322854618025,265.93768920898435,265.02381286621096,264.9359405517578,-56.24999589412323,0.8614996963484498,0.8058316305469241,False,66.66666666666666,43.74998010761766,59.64683852377556,-1.3319523225113166,2.81195068359375,3748.256946226151,192.62188896424883,1
2021-05-07,274.86553955078125,275.56852047034846,268.5387112746763,268.8902017344599,5512.04,1.7574392816839008,-1.4059753359508136,2.108929775723425,70.03507712705726,268.046630859375,266.2540283203125,265.5158981323242,-12.500078475981791,2.782034890051507,3.4049571241444467,True,83.33333333333334,87.23395685877368,65.53631357670385,-0.7412400533998644,12.302154541015625,8157.8889462261595,178.09885423981663,0
2021-05-10,272.0536193847656,276.6229954209439,270.9991479918014,275.56852402797966,4820.183,6.678322293519784,1.05447495059542,2.4604367171251056,64.03055806271732,269.52289428710935,266.88670959472654,266.0607086181641,-29.166722296319037,1.2426413808012289,2.1108171712828088,False,66.66666666666666,70.21269619719473,67.06554438786202,-0.5665029557380095,6.326812744140625,5145.274571226166,132.53599119168112,0
2021-05-11,258.3454895019531,267.48424151154603,253.77611349715667,267.1327510496386,7715.186,-8.435772978341049,-9.138753909397849,-17.223034494644736,43.97825070717273,268.046630859375,266.0079864501953,265.8146636962891,-80.30304034175849,-3.47997616909181,-2.9062098170823965,False,50.0,19.696959658241507,59.04787090473664,-1.3557305179268324,-8.7872314453125,2573.5459045594994,-116.26436025757488,0
2021-05-12,254.1276092529297,262.91487098366724,235.49861438376612,257.29102347599525,10110.249,-9.841727573643368,-4.569370527878789,-18.277499113390547,39.79503244727686,265.37530212402345,265.05896148681643,265.4983222961426,-55.08475231814425,-4.365079072648205,-4.143187323584321,False,33.33333333333333,44.91524768185575,44.94163451243066,-2.0990442961031617,-9.490249633789062,6202.86605840564,-197.8652838038916,1
2021-05-13,266.78125,271.3506258234519,257.993988801054,264.3208168642951,12948.41,7.029793388299879,8.435754839784636,22.495374417287877,54.087653489426735,265.2347015380859,265.58619537353513,265.8146629333496,-24.576321121319086,0.4411072159650784,0.6408786077384439,True,33.33333333333333,75.42367887868092,46.67862873959272,-1.6931292658733152,5.2723388671875,10291.837637353061,1.3815025155891338,1
2021-05-14,267.1327209472656,276.2714719270405,262.91483587967724,268.5386826364618,6519.809,4.217865772166647,4.920846103588644,4.92084707862324,54.41556646878351,263.6881378173828,265.8673843383789,266.0607032775879,-23.728910686119324,0.5956229176366649,0.6622402827773214,True,50.0,76.27108931388067,65.53667195813911,-1.3694153718537496,2.8118896484375,7889.802742616199,42.45398430446043,0
2021-05-17,258.69696044921875,266.07825959247094,254.8305656598962,254.8305656598962,6989.929,-13.708116976565577,-10.19321233456958,-8.084270219781047,45.84275625991939,261.0168060302734,265.2698501586914,265.357723236084,-44.067864817336094,-1.5823531223264007,-2.4304086822042565,False,33.33333333333333,55.9321351826639,69.20896779174183,-1.6718525823747443,-5.975341796875,5705.449930116181,-69.1205422581061,1
2021-05-18,269.9446716308594,270.29616208871204,259.7514483531316,260.10293881098426,6684.738,5.272373151088061,4.217902496241095,4.920882693235399,55.93943602836295,263.3366424560547,265.69163665771487,265.3049995422363,-16.949185729952234,2.8341913993324677,1.6321128080010492,True,50.0,83.05081427004777,71.75134625553078,-1.0909312476946904,4.217864990234375,11944.538730116205,14.838128863120643,1
2021-05-19,287.87066650390625,290.3310995509482,270.296144739321,274.16253952752976,15635.923,14.059600716545503,20.034937462236144,10.5446963861894,66.7250920252639,270.08525390625,267.7302780151367,266.23644790649416,-4.487181347954902,7.64512316234645,7.597978719392222,True,66.66666666666666,95.5128186520451,78.16525603491891,0.4418881698109147,20.38641357421875,23740.059589765333,160.40536640114675,0
2021-05-20,279.08343505859375,300.8758443452849,276.9744922243978,290.3311301743053,16532.476,16.168590646775556,10.544744794336737,6.678347485076813,59.00153776378976,272.5456909179687,268.8901962280273,266.95700454711914,-33.333332261887264,2.761008764476387,3.8813827602597177,False,66.66666666666666,66.66666773811274,81.74343355340186,0.7852030883775614,11.59918212890625,10125.079354471247,140.4832464485751,0
2021-05-21,275.9200134277344,286.8162177796576,272.756599261047,282.59833222407445,8733.152,-7.732797950230861,-14.059626565627298,-4.217892963350835,56.436003338697866,274.3031494140625,268.99564361572266,267.6248359680176,-38.17205307144339,1.0296053655265822,2.4358438503613193,False,50.0,61.82794692855661,74.66914443957147,0.722071263653155,1.054473876953125,5321.845754471256,71.45421745755372,0
2021-05-24,274.16253662109375,276.2714792104868,271.3506131685697,274.51402705265923,3342.901,-8.084305171415224,-10.544738569170818,-1.405986092477292,54.98691470077391,277.3962646484375,269.20653533935547,268.046622467041,-40.86026241845164,-0.042721835234198986,1.5735156167009545,False,33.33333333333333,59.13973758154836,62.544784082739234,0.4955743366566301,2.108917236328125,5799.4030401855425,35.6063547289819,1
2021-05-25,274.5140686035156,277.67748296642424,273.10810666444513,275.5685400578185,4620.312,1.054513005159265,1.4060037559374337,1.7574934958754511,55.2377073624914,278.3101440429688,270.8233932495117,268.4156898498535,-40.322564533991276,-0.8673499965955702,1.7147908129985667,True,50.0,42.74814596760271,54.571943492569225,0.31201917137675483,16.1685791015625,4022.3599632624655,34.30439196156024,1
2021-05-26,279.4349060058594,280.48937734927773,273.45956839315545,274.5140397365738,3359.441,-1.0545003212446886,2.8118943828534952,0.3514617287103192,58.747556531490716,276.62299194335935,273.3541229248047,269.20654220581054,-32.79572773585809,0.3365564446638953,3.3026515977623268,True,50.0,53.43509920762133,51.774327585590804,0.45589257785742987,25.307296752929688,6373.968663262452,43.760266698562916,0
2021-05-27,272.7565612792969,280.1378599737109,272.7565612792969,280.1378599737109,5194.837,5.623820237137068,-0.351517375566857,-0.7030071138585754,52.63693856649956,275.3576171875,273.9516540527344,269.76892471313477,-43.010820560215116,-1.1674911413829563,0.3880884860037456,False,33.33333333333333,38.93123493047514,45.03816003523306,0.056178010999897054,5.975311279296875,1179.1316632624512,9.18280582728625,1
2021-05-28,275.2170104980469,276.2714818026371,272.05359658427625,276.2714818026371,3624.485,-3.866378171073791,-3.866378171073791,-0.7029646950206256,54.53750361459783,275.2170166015625,274.7600830078125,270.3137336730957,-55.72522217219246,-0.04255637278495853,0.6426704199103951,True,50.0,37.60678247497219,43.32437220435622,-0.08020482975514653,8.08428955078125,2991.3741632624515,-6.548304083139005,1
2021-05-31,277.677490234375,278.3804712223101,274.5140757886669,275.92003776453714,2497.663,-0.35144403809994174,2.108989419673037,2.4604792043906514,56.44420576690876,275.9200073242188,276.65813598632815,270.96399307250977,-50.38161299753695,0.7439017161903674,1.2063755422693712,True,66.66666666666666,24.138057568147044,33.55869165786479,-0.04420228170675955,18.98052978515625,4580.796072353374,2.805326590518654,1
2021-06-01,283.30133056640625,283.30133056640625,277.67748281322696,280.48940668981663,3157.757,4.569368925279491,4.9208593440961295,3.1634070245600583,60.567855116199524,277.6774597167969,277.9938018798828,271.8427192687988,-38.167895342667315,2.219411020953008,2.7515225723456793,True,83.33333333333334,40.47628730257454,34.07370911523126,0.29993980429539935,13.356658935546875,7738.553072353374,69.00884568075797,0
2021-06-02,276.62298583984375,284.3557757870821,275.217024031255,284.0042853349349,4194.177,3.5148786451182445,1.0544452206758592,-2.4604587819719654,53.9508903929388,277.1150756835938,276.86903381347656,272.29965591430664,-58.97438228653545,-0.31665686597185194,-0.2113282487853608,False,66.66666666666666,34.09095734604572,32.901767405589105,0.0333969524384603,-11.2476806640625,4834.8920723533465,24.18862893605677,0
2021-06-03,275.5685119628906,277.6774546564842,273.81105971822933,276.27149286075513,3395.863,-7.732792474179746,-6.678321130597908,-1.4059643130256632,52.95439749180599,277.6774658203125,276.5175415039063,272.7038688659668,-82.75860361119646,-0.4655116662857352,-0.7594954794159976,False,50.0,32.432495602299525,35.66658008363993,-0.2431125899755493,-3.514923095703125,4526.17725417151,-38.50929862569721,0
2021-06-04,274.16253662109375,274.16253662109375,273.10806532639725,274.16253662109375,1614.915,-2.1089562396613815,-3.5149180353904512,-0.7029943918320782,51.56893679550197,277.46657104492186,276.3417938232422,272.6687187194824,-90.47620174184559,-1.0570898568780447,-0.8579666036258525,False,50.0,17.142816748568393,27.88875656563788,-0.5332518733658018,-1.757476806640625,6141.09225417151,-86.79714296710853,0
2021-06-07,272.7565612792969,274.16252293537576,267.4842050690012,273.4595421073363,3000.463,-0.70299451375746,-1.3685717988209944e-05,-5.623860257396075,50.13791256183548,276.4823852539063,276.2011962890625,272.703865814209,-72.72732907221088,-1.4186012267773214,-1.1779789929142062,False,33.33333333333333,31.249942867769963,26.94175173954596,-0.8155090447950695,-1.405975341796875,7878.202412066223,-144.86334582225584,1
2021-06-08,274.16253662109375,274.16253662109375,271.3506131685697,274.16253662109375,2362.684,0.70299451375746,1.3685717988209944e-05,3.8664080995685026,51.603007428694916,274.6546264648438,276.1660430908203,273.49471817016604,-60.416657917122464,-0.7001944931483862,-0.6158465575306931,True,33.33333333333333,39.583342082877536,29.32536723307196,-0.8967186403438907,-0.351531982421875,10240.886412066222,-77.98461029705688,0
2021-06-09,271.35064697265625,274.5140612508349,270.6476660219499,274.1625707754817,3673.849,3.415438794718284e-05,0.3515246297411636,-0.7029471466198061,48.49419731704636,273.60015869140625,275.3576171875,274.35587005615236,-77.08309458400645,-1.0044788156960816,-1.5515341694996907,False,16.666666666666664,22.91690541599356,31.250063455547018,-1.1147888558846941,-8.084259033203125,7902.982502975323,-91.34171858701706,0
2021-06-10,270.9991455078125,274.16255965770915,270.9991455078125,273.81106919660954,3754.226,-0.3515015788721598,-0.3515015931257608,0.351479485862626,48.09903730136139,272.6862854003906,275.18187561035154,274.56676483154297,-79.16648960819973,-0.7934756804312307,-1.5744647800020624,False,16.666666666666664,20.83351039180027,27.777919296890456,-1.2476520003002953,-1.757415771484375,4148.756502975322,-77.04063839702931,0
2021-06-11,269.24169921875,272.75660390828983,268.53871828084203,270.9991515635199,3725.568,-2.8119176330896494,-1.40595574941932,-2.4604272269704666,46.052228154698284,271.7021179199219,274.5843444824219,274.6722137451172,-89.58310296583501,-1.0548915537104782,-1.9101433279216509,False,16.666666666666664,10.416897034164997,18.055770947319612,-1.4070245605491238,-5.975311279296875,1665.0445029753223,-101.02594724812248,1
2021-06-15,269.59320068359375,270.64767213346437,267.83574826714266,269.94469116688396,2698.301,-1.0544603966359318,-2.1089317748254643,-0.7029700136993711,46.548516829237116,271.06944580078124,273.7759155273437,275.21702575683594,-87.49970794164172,-0.6476605634464146,-1.687666148072907,True,33.33333333333333,12.500292058358285,14.583566494774518,-1.4368631237575236,-8.08428955078125,2339.619752975363,-102.98041565727324,1
2021-06-16,272.7565612792969,274.51401334939544,270.2961283811589,270.2961283811589,3884.062,0.351437214274938,3.8663412159310724,2.460380114016232,50.976213181999476,270.7882507324219,272.7214385986328,275.3576202392578,-68.75005713223004,0.518122827483301,-0.459658860809929,True,50.0,51.72399797577779,24.880395689433694,-1.2012269178998438,-10.544769287109375,2986.963419642021,-13.590058702683809,0
2021-06-17,272.7565612792969,272.7565612792969,269.9446379671392,270.64761879517863,1918.768,0.3514904140197359,-1.7574520700985659,-0.35149041401967906,50.97621318199946,271.06943359375,272.3347961425781,274.60191497802737,-68.75005713223004,0.6050019028721382,-0.3104689961077305,False,33.33333333333333,74.99948895000587,46.407926328047324,-1.01068915307544,-3.866424560546875,4905.731419642021,-21.606303550767453,0
2021-06-18,270.6476745605469,273.459598452085,270.6476745605469,273.1081079656428,4289.186,2.460489170464143,0.7030371727881288,0.7030365934076599,47.83263647924541,270.9991394042969,271.84271240234375,274.180126953125,-81.24970375072743,-0.12969261100087054,-0.6985384033205578,False,33.33333333333333,45.00048663471387,57.24132452016585,-0.9906871804949964,-4.92083740234375,616.5454196420214,-16.66462485860249,0
2021-06-21,269.24169921875,272.4051134393358,269.24169921875,270.64766109456593,3666.987,-2.46044687107684,-1.0544850127491827,-1.405975341796875,45.77939715346491,270.9991394042969,271.3506286621094,273.8462112426758,-82.75825452261104,-0.5410047169259246,-0.9909467580311834,False,33.33333333333333,21.05248668399526,47.017487422905,-1.0315061366923561,-4.92083740234375,-3050.4415803579786,-85.4695222730829,0
2021-06-22,263.61785888671875,272.75661132812496,263.61785888671875,269.24170654296876,6994.544,-1.4059545515971763,0.35149788878914023,-5.62384033203125,38.55726664539015,269.8040710449219,270.43675842285154,273.31897735595703,-100.0,-2.28012439740024,-2.7026953966035125,False,33.33333333333333,0.0,22.01765777290305,-1.3751299544537565,-9.138702392578125,-10044.985580357978,-193.39686871225373,0
2021-06-23,262.9148864746094,264.67233892430596,260.45445304503414,263.617867454488,5798.938,-5.623839088480736,-8.084272403819,-3.1634058416846074,37.74527471390526,267.8357360839844,269.31199340820314,272.73901824951173,-82.49998582065682,-2.1369296954666295,-2.6252891847128548,False,16.666666666666664,17.500073802535645,12.850853495510307,-1.5733601708688996,-11.247650146484375,-9078.495913691298,-217.88133471222096,0
2021-06-24,262.5633850097656,265.023818336497,261.5089135840236,263.6178564355077,2744.945,-1.1018980330845807e-05,0.35147941219105405,1.0544605389894741,37.316602835713134,265.79710083007814,268.4332672119141,271.895442199707,-85.00006590609424,-1.6458177593045848,-2.4485761590082826,False,0.0,14.999985199233352,10.83335300058967,-1.6440528783562436,-8.787261962890625,-10176.473913691316,-135.94057854786877,0
2021-06-25,257.9939880371094,263.617835187782,257.9939880371094,263.617835187782,6370.441,-2.1247725669581996e-05,-1.405983148714995,-3.5149255469142417,32.140166913493175,263.2663635253906,267.13275146484375,271.15731353759764,-100.0,-2.4584794042337945,-3.6640097754180214,False,0.0,0.0,10.83335300058967,-1.8965308259872775,-13.005157470703125,-16546.914913691315,-139.47302824277097,1
2021-06-28,261.8603820800781,262.91485341731334,256.58802539390206,259.04845851411756,3777.733,-4.569376673664465,-0.702981770468682,-1.4059626432073173,39.84300328903351,261.79010009765625,266.3946197509766,270.4894821166992,-70.58819464084061,-0.4454405000777084,-1.930675596023083,True,16.666666666666664,29.411805359159377,14.803930186130914,-1.7070378767077785,-7.381317138671875,-14028.426247024649,-99.08954376765037,0
2021-06-29,260.10296630859375,262.91489026868663,260.10296630859375,262.2119092786634,2028.525,3.163450764545871,3.685137329512145e-05,3.5149409146916923,37.71992655344504,261.0871215820313,265.4455963134766,269.61075592041016,-80.39192638409341,-0.5376278835502906,-2.256458006003658,False,16.666666666666664,20.83351032277869,16.748438560646026,-1.6054673846613743,-9.490234375,-16056.951247024648,-72.1225071317848,1
2021-06-30,261.15740966796875,263.61784286807074,260.10293829649646,261.15740966796875,2792.667,-1.054499610694677,0.7029525993841048,-2.8012097288865334e-05,39.81891914148728,260.7356262207031,264.2856811523437,268.5035598754883,-74.5097213865615,0.022433422448858042,-1.6111249392071234,True,33.33333333333333,27.083332765171402,25.776216149036497,-1.381224012859815,-11.599151611328125,-17174.018047024638,-52.73082952892942,0
2021-07-01,257.9939880371094,262.5633638470309,257.9939880371094,260.4544211655287,2992.659,-0.7029885024400642,-1.0544790210398105,-2.108950259387086,35.86313631557084,259.8217468261719,262.809423828125,267.5721099853516,-92.15684710545361,-0.8777893099296832,-2.4476721775051233,False,33.33333333333333,8.69564381775289,18.870828968567665,-1.3578730657476945,-14.7625732421875,-20166.677047024637,-79.1529535369871,1
2021-07-02,260.8059387207031,261.50891968760527,257.9940148530944,259.0484863034477,1789.983,-1.4059348620809828,-1.0544441594256568,2.6815985052053293e-05,41.49882202231656,260.38413696289064,261.82525024414065,266.8339813232422,-74.99988108841266,0.31546337490759124,-1.0116681310002147,True,50.0,26.087088530564124,20.62202170449614,-1.077232524795634,-9.84173583984375,-19092.687247024613,-64.36524141763465,1
2021-07-05,264.3208312988281,265.0238122331335,261.5089075616066,262.211888495912,2250.178,3.1634021924642752,3.514892545528255,3.51489270851215,47.75844350087626,260.8762268066406,261.3331634521484,266.3418960571289,-54.166657262728975,1.2567328523210886,0.5907916773393278,True,66.66666666666666,91.66661578285914,42.14978271039205,-0.6027241515114277,-4.920867919921875,-17742.580447024626,68.49288895804163,0
2021-07-06,264.3208312988281,265.7267931674389,263.9693408316754,265.7267931674389,1698.955,3.514904671526949,0.7029809343054012,2.4604332700688474,47.75844350087626,261.7197998046875,261.40346069335936,265.9201095581055,-52.173888697597334,1.0979155277141484,0.7930298649419378,False,50.0,84.61541092353778,67.45637174565368,-0.2545161924269821,0.702972412109375,-18761.953447024625,136.41146917740065,1
2021-07-07,266.4297790527344,266.7812695264187,263.969345736944,264.32083621062833,1743.026,-1.4059569568105985,1.054476358979798,4.9052685540118546e-06,51.46657627380427,262.77427368164064,261.75494995117185,265.5334716796875,-39.13039953604741,1.4952041872529878,1.6880952731536603,True,66.66666666666666,96.55173103758902,90.944585914662,0.1314436899347653,3.514892578125,-17454.683947024634,136.47958576809958,1
2021-07-08,267.8357238769531,268.53870477951733,266.42976207182477,268.53870477951733,2226.513,4.217868568889003,1.7574352530986062,2.46041633488079,53.848959811091824,264.74262084960935,262.2821838378906,265.3577255249023,-5.882350951615075,1.5999960485730773,2.087748129672772,True,66.66666666666666,94.11764904838492,91.76159700317059,0.4756695002412439,5.2723388671875,-16712.512947024676,144.7279174700879,0
2021-07-09,262.2119140625,268.1872525867125,261.8604235610757,267.1327810824397,4282.736,-1.4059236970776396,-0.3514521928048566,-4.5693385107490485,44.34929323783736,265.02381591796876,262.7039764404297,264.9183639526367,-52.94084556090365,-0.797864576789785,-0.03349122060854764,False,66.66666666666666,40.000372968078736,76.88991768468422,0.325985651663784,4.217926025390625,-20519.3893914691,36.05509339720122,1
2021-07-12,267.8357238769531,268.53870477951733,265.0238002666964,266.42976207182477,2405.729,-0.7030190106149234,0.3514521928048566,3.163376705620692,53.330813177070326,265.72679443359374,263.3015106201172,264.8480651855469,-5.882350951615075,0.8826075770840315,1.9397951822761206,True,66.66666666666666,93.33333535895744,75.81711912514037,0.5916292931876106,5.975341796875,-19075.95199146913,102.5892831575047,0
2021-07-13,264.67230224609375,268.8901875408522,263.26634048117427,266.07826401101323,3676.347,-0.35149806081153656,0.35148276133486434,-1.757459785522144,48.525072193361325,265.7970886230469,263.75844421386716,264.6020202636719,-34.28572347182168,-0.330913209981479,0.5228544564291518,False,50.0,61.29030775079319,64.87467202594313,0.5415376555339111,4.5693359375,-20914.12549146913,49.64486351722317,1
2021-07-14,266.4297790527344,266.4297790527344,264.32083621062833,266.07828857905,2489.766,2.4568036792516068e-05,-2.460408488117821,1.054495729454061,51.190736704100274,265.7970886230469,264.2856811523437,264.2856811523437,-22.580428040737285,0.19828393915777312,1.0442142049396606,True,66.66666666666666,77.41951638778471,77.34771983251177,0.6089811164253403,5.272369384765625,-18424.35949146913,44.06161794793681,0
2021-07-15,266.0782775878906,267.48423942455054,265.7267871287256,266.4297680470556,1652.271,0.3514794680055502,1.0544603718161625,1.4059509180972896,50.61880036647326,265.4455993652344,265.0941101074219,263.95176696777344,-25.80633689751813,0.08814348956536387,0.7206992314637019,False,50.0,61.904846302159186,66.87155681357903,0.6105797449097621,8.08428955078125,-19415.722091469088,58.05809597227379,0
2021-07-16,264.3208312988281,266.0782836345916,262.9148694302174,265.0238122331335,2775.893,-1.4059558139220485,-1.4059557899589095,-2.811917698508239,47.71129201789031,265.8673828125,265.4455993652344,263.6354248046875,-41.93532103055296,-0.3533564432739755,-0.04430606479532854,False,33.33333333333333,34.99986265300813,58.10807511431735,0.47970855643664434,3.514892578125,-19724.154647024698,-68.3186401333783,0
2021-07-19,261.5089111328125,262.91487302062336,260.8059301889071,262.91487302062336,2317.415,-2.1089392125101654,-3.163410613968267,-2.1089392413102814,43.36373496816221,264.6020202636719,265.16440734863284,263.2487854003906,-67.74191837408027,-1.3698598602892336,-1.2170821194468087,False,33.33333333333333,8.695677454358409,35.20012880317525,0.20428092479649784,-2.811920166015625,-20496.626313691406,-188.27235947887146,0
2021-07-20,260.8059387207031,262.56339113795855,260.1029577538009,260.45444823725205,1974.304,-2.460424783371309,-0.35148188266481384,-0.7029724351061759,42.3122239658027,263.82874755859376,264.8129180908203,263.10818939208986,-91.99997059439478,-1.1983972402739234,-1.4826243748020285,False,16.666666666666664,8.00002940560522,17.231856504323925,-0.013190992105530874,-3.514892578125,-21342.756599405653,-150.46321863629203,0
2021-07-21,260.4544372558594,262.5633800676477,259.7514563185966,262.21188959901633,2578.108,1.757441361764279,-1.1070310847571818e-05,-0.35150143520434085,41.75986219258967,262.63367919921876,264.2153839111328,262.9851669311523,-92.3076746632966,-1.068091352609358,-1.4955131220737026,False,16.666666666666664,7.692325336703409,8.129344065555683,-0.1604770328656251,-5.975341796875,-22631.810599405628,-117.82992430036235,0
2021-07-22,256.93951416015625,261.5088899249743,256.5880237167087,258.69696637739395,5965.71,-3.5149232216223822,-1.0544901426733873,-3.163432601887905,36.554238688022096,260.80592651367186,263.1257629394531,262.7039733886719,-97.14285674884479,-1.8133037233395697,-2.5982739333815634,False,0.0,2.8571432511552066,6.183165997821283,-0.45756736708367196,-10.896209716796875,-27745.276313691273,-144.0134339935623,0
2021-07-23,249.20675659179688,254.4791139244865,248.5037756141049,253.0731519691026,9714.061,-5.623814408291338,-7.0297760004878,-8.084248102603766,28.136567743446918,257.7831115722656,261.8252471923828,262.2646118164063,-96.55171797657222,-3.7338714193229516,-5.0128331243672966,False,0.0,3.4482820234277862,4.665916870428805,-1.1011076178401504,-13.005157470703125,-35173.67590192653,-210.28934784357278,0
2021-07-26,249.20675659179688,251.3156995248727,246.74632316987504,249.20675659179688,3641.332,-3.866395377305736,-3.1634143996137993,-1.7574524442298696,28.136567743446918,255.3226806640625,259.9623504638672,261.6319305419922,-88.88887061128048,-2.7879300949866352,-4.447434159548848,False,0.0,11.864419702086096,6.056614992223035,-1.4320643512148143,-18.62896728515625,-34893.57344038805,-163.537833884439,1
2021-07-27,252.37013244628906,252.72162288145103,247.09777591885964,247.4492663540216,4363.346,-1.7574902377752721,1.4059233565783131,0.3514527489845989,35.38105401452279,253.6355194091797,258.73213348388674,261.24528884887695,-74.60330689260874,-0.9655264915240207,-2.929255450633626,True,16.666666666666664,27.118487736906054,14.14372982080665,-1.3446072716559643,-12.302169799804688,-31075.645690388053,-101.89253139245155,0
2021-07-28,248.50375366210938,252.01865824007416,248.1522632043129,252.01865824007416,4984.482,4.569391886052557,-0.702964641376866,1.0544872854532628,31.188860595591677,251.2453826904297,256.93953094482424,260.612606048584,-92.06357814159253,-1.6917745262295023,-3.8204304623916006,False,16.666666666666664,9.090803260444693,16.02457023314562,-1.4450390510926048,-17.926025390625,-35153.858235842614,-88.69247070524334,0
2021-07-29,247.80078125,250.61270500886525,247.09780031028367,248.85525265957446,5998.967,-3.163405580499699,-1.4059532312089118,-1.0544628940292284,30.472710467289303,249.41763610839843,255.11178131103514,260.1029457092285,-94.91531324953043,-1.1451256690827862,-3.567764034871751,False,16.666666666666664,6.521661434443093,14.24365081059795,-1.4527963868316403,-18.277496337890625,-38753.23843584258,-80.67338721874928,0
2021-07-30,246.74630737304688,250.96419296916733,246.74630737304688,248.8552501711071,7177.53,-2.4884673734959506e-06,0.3514879603020802,-0.35149293723679875,29.36918450057449,248.92554626464843,253.35432891845704,259.3999641418457,-100.0,-0.894118042180146,-3.3612482290644667,False,16.666666666666664,0.0,5.204154898295934,-1.4211813097841999,-17.57452392578125,-45930.768435842576,-71.95302404462497,0
2021-08-02,242.5706024169922,245.22787036209226,236.87645682034918,239.1541150590064,10034.373,-9.701135112100701,-5.736322607075067,-9.869850552697699,25.3961534849969,247.5983154296875,251.460498046875,258.3124526977539,-80.50072129779964,-2.136548872964997,-4.2621370200925,False,16.666666666666664,22.167487876314112,9.563049770252407,-1.5624961977757925,-18.938308715820312,-42281.90552675167,-138.65321900303383,1
2021-08-03,246.36668395996094,249.78317110270308,242.190977452165,244.46863554732641,5928.515,5.314520488320028,4.555300740610818,5.31452063181581,34.22107995611101,246.3976257324219,250.01657257080078,257.41474533081055,-63.5529785428661,-0.41487001554694747,-2.1862958715529714,True,33.33333333333333,38.52736389987321,20.231617258729113,-1.2924902419873368,-14.439254760742188,-41689.05402675167,-73.72350645572182,0
2021-08-04,245.98709106445312,246.74631048131872,242.19099398012514,245.2278716475875,4163.57,0.7592361002610915,-3.0368606213843634,1.6527960156054178e-05,33.78512015378867,245.89429321289063,248.56983795166016,256.39261093139646,-64.53202966358558,-0.13888415126631518,-1.8328705912259051,False,16.666666666666664,51.75715342408494,37.484001733424094,-1.0423664491138869,-14.46734619140625,-38913.34069341833,-86.92380650337735,0
2021-08-05,243.70941162109375,247.5055083753164,242.95019227024923,245.98706967362736,4531.817,0.7591980260398543,0.7591978939976798,0.7591982901240897,31.184623337819772,245.07601928710938,247.2468276977539,255.18629531860353,-73.39909207902822,-0.7415523867067295,-2.1856956591455283,False,16.666666666666664,43.123276678801936,44.46926466758671,-0.9365719985275645,-13.2301025390625,-41934.552026751684,-73.0330337658733,1
2021-08-06,245.60748291015625,246.74631204266083,241.43177609097276,243.32982464514708,3155.95,-2.6572450284802756,-0.7591963326555629,-1.5184161792764712,35.685026607060436,244.84825439453124,246.88690032958985,254.35607376098633,-64.55475570471484,0.1806485760006453,-0.9319440934584836,True,33.33333333333333,55.10214317816958,49.99419109368549,-0.6581650100177932,-3.599273681640625,-40131.15202675168,-61.0589406497562,0
2021-08-09,244.46864318847656,245.98708196604474,243.32981410530041,245.98708196604474,1903.35,2.6572573208976564,-0.7592300766160918,1.8980380143276534,34.22019705269449,245.2278625488281,246.4130889892578,253.1877197265625,-56.86908900621079,-0.12923287374043893,-0.9762110159234474,False,33.33333333333333,50.13925094297998,49.4548902666505,-0.4784708559183821,-4.7381134033203125,-40403.059169608816,-50.68348236340838,0
2021-08-10,242.5706024169922,243.32982182987794,240.67255388477787,242.19099271054932,3739.506,-3.796089255495417,-2.657260136166798,-2.657260220522545,31.843604246542455,244.46864624023436,245.43313598632812,252.08263473510743,-64.06383136228835,-0.9046238826352647,-1.5244390591016796,False,33.33333333333333,40.41916697254941,48.55352036456633,-0.41742776403146475,-9.799530029296875,-38800.413741037446,-106.53424740436287,1
2021-08-11,245.22787475585938,245.22787475585938,241.81138733666012,242.9502164763932,5028.024,0.7592237658438705,1.8980529259814318,1.138833451882249,38.37965598216375,244.31680297851562,245.1055480957031,251.02253952026368,-47.29359160197117,0.25866839178803963,-0.3114867888677833,True,33.33333333333333,59.281476081668494,49.946631332399306,-0.14229199606016252,-3.27587890625,-33772.38974103745,-36.09308860039997,0
2021-08-12,242.19100952148438,250.16281391012257,242.19100952148438,249.78320417733028,6362.831,6.832987700937082,4.934939154263191,0.3796221848242567,34.2810093262309,244.01312255859375,244.54457092285156,249.82817611694335,-64.9023774428717,-0.7261339418884323,-1.205341274414368,False,33.33333333333333,40.000074250795585,46.56690576833784,-0.11045240311987925,-5.609771728515625,-40135.22074103745,14.900444523059761,0
2021-08-13,240.29296875,243.3298467120853,240.29296875,242.95023696682463,3064.176,-6.832967210505643,-6.832967198037267,-1.898040771484375,31.95432418183377,242.9502197265625,243.89923706054688,248.62678298950195,-75.74832539763715,-1.2737124483026467,-1.7052381576510778,False,33.33333333333333,0.0,33.093850110821364,-0.1598463632441618,-6.453338623046875,-43199.396741037446,-130.15796956442782,0
2021-08-16,239.1541290283203,242.19100685725135,237.63569011385476,241.43178740001858,3556.542,-1.518449566806055,-1.1388398548339467,-2.657278636145236,30.59512867266818,241.88731689453124,243.55758972167968,247.50904388427733,-83.83223405158525,-1.30548079270231,-1.881889775075906,False,16.666666666666664,12.121209458454748,17.373761236416783,-0.20875186810265411,-3.416473388671875,-44384.91074103742,-169.31235960525342,0
2021-08-17,239.1541290283203,239.15412902832028,239.15412902832028,239.15412902832028,0.0,-2.277658371698294,-3.0368778289310683,1.51843891446552,30.59512867266818,241.2040222167969,242.83633422851562,246.42645339965821,-82.85706012128578,-0.9433954811174119,-1.6265406402091251,False,16.666666666666664,12.121209458454748,8.080806305636504,-0.18163363305235514,-7.212554931640625,,-132.0347668149837,1
2021-08-18,241.0521697998047,241.81138923224503,236.87646292138288,241.0521697998047,4039.675,1.8980407714844034,2.65726020392475,-2.277666106937403,35.995032532444185,240.36888122558594,242.34284210205078,245.45634002685546,-68.57145440489447,-0.05246884312490367,-0.7941662610696889,True,33.33333333333333,31.428545595105533,18.556988170671683,0.013255734313283973,-4.9349212646484375,-41588.21266411437,-83.84481326656643,0
2021-08-19,236.1172332763672,240.29293997418077,236.1172332763672,239.91333027437952,3573.658,-1.138839525425169,-1.5184492580642655,-0.7592296450156937,29.48771757685043,239.1541259765625,241.58362426757813,244.41522598266602,-100.0,-1.4783593083123083,-2.4823656233119653,False,16.666666666666664,0.0,14.51658501785343,-0.13301048591037468,-7.5921783447265625,-45161.87066411437,-125.18572506560363,1
2021-08-20,236.87646484375,238.01529400165262,233.08036765074118,236.87646484375,3294.229,-3.0368654306295184,-2.2776459725281484,-3.0368656256260067,31.564179549053037,238.4708251953125,240.7105224609375,243.79871139526367,-77.77778934370089,-0.7949135349509109,-1.8610733794429968,True,33.33333333333333,22.22221065629911,17.883585417134885,-0.12174723945149601,-8.73101806640625,-43388.05504872973,-132.6530497895911,1
2021-08-23,241.0521697998047,242.1909989484652,238.7745115024837,239.9133406511442,2116.456,3.0368758073942104,4.175704946812573,5.694143851742524,41.84022539264972,238.85043334960938,240.3688751220703,243.39098205566407,-53.33336907361538,0.9004232129084102,-0.039354950037778294,True,50.0,46.66663092638463,22.96294719422792,0.20597082362595476,-3.416473388671875,-42682.56971539641,4.4443512369832385,0
2021-08-24,239.1541290283203,242.57061658586773,239.15412902832028,242.57061658586773,1478.237,2.657275934723515,0.3796176374025322,0.37961752583657926,38.94080137133639,238.85043334960938,240.02722778320313,242.7301818847656,-64.444428594391,0.10593496052229212,-0.6047832025020534,False,50.0,35.555571405609,34.81480432943092,0.3267754004917327,-3.416473388671875,-44160.80671539638,-1.7682185384493712,1
2021-08-25,241.81137084960938,241.8113708496094,239.91332241279926,239.91332241279926,918.527,-2.6572941730684647,-0.7592457362583218,0.7591933844789764,44.78456106828924,239.0022735595703,239.68557739257812,242.39556274414062,-48.88903458968426,1.030921481703116,0.5921749232225656,True,66.66666666666666,85.18484838704777,55.80235023968047,0.6015205431034305,-3.41650390625,-43242.279715396406,46.71825879814638,1
2021-08-26,242.19100952148438,242.57061925427666,239.9133511247306,242.57061925427666,1332.154,2.657296841477404,0.759248404667261,2.8711931349789666e-05,45.59608131371548,240.21702880859374,239.68557739257812,242.11507415771484,-46.66664403677087,1.1093552349466886,0.763361977059565,True,66.66666666666666,96.00000349146833,72.24680776137504,0.8116277565376189,0.0,-42290.74114396783,92.94907854464043,0
2021-08-27,241.0521697998047,241.0521697998047,239.9133406511442,240.67256008358453,1171.22,-1.898059170692136,-1.5184494544719769,-1.047358639993945e-05,43.503677408891434,241.0521697998047,239.7614974975586,241.83036727905272,-53.33336907361538,0.28954974786194276,0.4349532621600662,False,66.66666666666666,83.99990308048001,88.39491831966536,0.8714513934273906,0.7592010498046875,-41119.52114396783,53.33327151303934,1
2021-08-30,242.19100952148438,242.57061925427666,239.53374139193832,241.4317900558998,2367.671,0.7592299723152678,1.5184494544719769,-0.37959925920588944,46.197145771669156,241.27993774414062,240.065185546875,241.81138763427734,-11.111171443786303,0.39339468009794387,0.9094535096168035,True,66.66666666666666,96.00000349146833,91.99997002113889,0.9773141091147508,3.0368804931640625,-39343.76789396782,77.49119807739895,1
2021-08-31,245.98709106445312,245.9870910644531,240.67255514639393,241.05216485482674,2816.456,-0.3796252010730541,3.416471810176432,1.1388137544556116,54.14640370479856,242.6465301513672,240.74848175048828,241.79240798950195,2.202085573493362e-13,1.620488903447887,2.288868795593102,True,66.66666666666666,100.00000000000021,93.33330219064952,1.2738351976693996,6.8329620361328125,-36527.311893967795,168.31663905288238,0
2021-09-01,243.70941162109375,245.2278503227828,242.95019227024923,244.4686309719383,1565.534,3.416466117111554,-0.7592407416702827,2.2776371238552997,49.37171444990161,243.02613830566406,241.0142059326172,241.67852401733398,-17.647232146770676,0.3647644944754337,1.1820229628183865,False,66.66666666666666,82.35276785322932,92.78425711489929,1.2837965704106873,2.6572418212890625,-37049.156560634474,124.5091028476096,0
2021-09-02,239.913330078125,244.84825617150415,239.913330078125,243.70942707303203,1815.115,-0.7592038989062644,-0.3795941512786669,-3.0368621921242323,42.54982381211786,242.5706024169922,241.39381561279296,241.48871994018555,-47.058891646158784,-1.0696611859558618,-0.42017109422057647,False,50.0,15.789338139797813,66.04736866434246,1.0137987664426658,3.7960968017578125,-38864.27156063447,19.323363088301022,1
2021-09-03,242.5706024169922,243.7094315363208,240.67255388477787,241.4317732976636,1559.295,-2.277653775368435,-1.1388246351833402,0.7592238066528694,48.03312658921597,242.8742889404297,241.96322937011718,241.33687591552734,-26.470611773018092,0.0,0.6299202604877555,True,50.0,49.9998883442574,49.38066477909485,0.9920090213263313,5.6941375732421875,-38474.44781063449,34.48277306159192,1
2021-09-06,245.22787475585938,246.36670389559248,242.19099704990447,242.19099704990447,1748.763,0.7592237522408709,2.6572723592716727,1.5184431651265982,52.93372639533956,243.48166198730468,242.38079986572265,241.37483749389648,-8.571430970478575,0.8062438040542632,1.4128733565628728,True,66.66666666666666,83.33330324695801,49.70750991033774,1.124672544131493,4.1757049560546875,-37679.555537907225,126.32332495955656,0
2021-09-07,242.19100952148438,246.36671658219962,242.19100952148438,244.84827765103046,1910.828,2.65728060112599,1.2686607135492523e-05,1.2471579907469277e-05,47.36497331935181,242.72244567871093,242.68448791503906,241.3558578491211,-54.999924486648474,-0.4421256055050714,-0.02611112341100776,False,50.0,38.88888888888882,57.40736016003475,0.9812400283246414,3.0368804931640625,-39590.383537907226,56.66749034257543,0
2021-09-08,240.67254638671875,243.70942394364897,239.15410760825364,242.19098516518386,2440.059,-2.6572924858465967,-2.6572926385506435,-3.0369019132307358,44.794475485182744,242.11507263183594,242.57060546875,241.12809143066406,-78.94744073954169,-0.704779190273073,-0.6399415130198872,False,33.33333333333333,21.052559260458313,47.758250465435054,0.7669392640983745,-1.138824462890625,-40403.73653790723,-70.00066162917264,0
2021-09-09,239.913330078125,241.81137857557852,238.01528158067148,239.53372037863429,1309.233,-2.6572647865495753,-1.8980453680704557,-1.1388260275821551,43.50662577575705,242.11507263183594,242.34283752441405,241.0142074584961,-77.27278608878338,-0.7589657761471172,-0.9792423989031422,False,33.33333333333333,22.727213911216626,27.556220686854587,0.5661590038734907,-2.277679443359375,-40403.73653790723,-115.94230061303004,0
2021-09-10,239.913330078125,242.57059797455992,239.913330078125,242.19098827506923,1846.692,2.657267896434945,0.7592193989814007,1.898048497453516,43.50662577575706,241.5836181640625,242.22895355224608,240.99522552490234,-77.27278608878338,-0.7589657761471172,-0.9145570370106427,False,33.33333333333333,22.727213911216626,22.16899569429719,0.43153938689027616,-1.1388397216796875,-42250.42853790723,-74.8176895107933,1
2021-09-13,242.9502410888672,244.4686800956726,241.0521923303604,241.43180208206175,1340.908,-0.7591861930074799,1.8980821211126795,1.1388622522354126,50.30764451484042,241.12809143066406,242.30487670898438,241.18503112792968,-40.90884372215418,0.4709672458721243,0.3134904140144653,True,33.33333333333333,59.09115627784582,34.848528033426355,0.5382699624904923,0.7592315673828125,-42101.43876012945,16.353522498664034,1
2021-09-14,244.84828186035156,245.98711107830667,243.32984290307806,244.84828186035156,2277.754,3.416479778289812,1.5184309826340723,2.277650572717647,54.07701317370825,241.6595458984375,242.1909957885742,241.46973876953126,-18.18172232161553,1.2823920412568037,0.9653083785819244,True,33.33333333333333,81.81827767838448,54.54554928914897,0.7167723057486712,-1.1388092041015625,-41776.045331558,104.24275100803314,0
2021-09-15,244.84828186035156,246.74633055694343,244.46867212103317,245.6075013389883,2276.976,0.7592194786367372,0.7592194786367656,1.1388292179551058,54.07701317370825,242.49469299316405,242.3048828125,241.6595443725586,-21.73906825800804,1.0971836061216227,0.873198602179007,False,33.33333333333333,78.26093174199195,73.05678856607408,0.8081402177901351,1.1388702392578125,-43294.02933155796,116.25319427300073,1
2021-09-16,247.5055389404297,247.5055389404297,245.22788060662205,246.36670977352588,2089.621,0.7592084345375838,0.7592083834862535,0.7592084855888857,59.22964047697424,244.013134765625,243.06410369873046,242.2289596557617,-0.0,1.7160678112009986,1.9148125508317417,True,50.0,100.0,86.69306980679214,1.007842323479141,7.5922088623046875,-41204.40833155796,131.4550106779535,0
2021-09-17,247.5055389404297,249.78319727423732,247.5055389404297,248.26475838503225,3505.385,1.8980486115063684,2.2776583338076364,2.2776583338076364,59.22964047697424,245.53157653808594,243.5575973510742,242.7604133605957,-19.35481518662609,1.1898585037711125,1.7822307613444979,False,50.0,80.6451848133739,86.30203885178862,1.0931004730577816,4.9349365234375,-44709.793331557965,139.2502666810774,1
2021-09-22,249.403564453125,249.40356445312497,243.32980945883276,243.709419145976,2745.619,-4.555339239056252,-0.3796328211123523,-4.175729481596932,62.77961368047568,246.8222412109375,243.97516632080078,243.17798309326173,-3.225998817444705,1.3107064443821796,2.2302823154429903,True,66.66666666666666,96.77400118255528,92.47306199864306,1.2207941520078809,4.175689697265625,-41964.17433155794,91.09882943662029,1
2021-09-23,251.68124389648438,252.820073054387,249.78319529997995,251.30163417718347,1896.822,7.592215031207473,3.4165086012620236,6.453385841147195,66.58816631458103,248.18883361816407,244.92418975830077,243.80433883666993,-7.69230123858551,1.6351552619972491,2.843847182259692,True,66.66666666666666,92.30769876141449,89.90896158578123,1.3898378751013163,9.490234375,-41489.96883155791,147.23405274290215,1
2021-09-24,255.85693359375,256.61615298126856,252.82005604367583,253.57927543119436,2961.085,2.277641254010888,3.7960799268815606,3.0368607436958825,72.26418909618594,250.39056396484375,246.4426284790039,244.50661697387696,-4.081633441614921,2.561495968621314,4.173100342164497,True,66.66666666666666,95.45454446879356,94.84541480425445,1.6938963121379023,15.18438720703125,-39713.31783155793,167.02505298768074,1
2021-09-27,258.51422119140625,258.89383091415425,255.85695313217005,256.61617257766613,2588.637,3.036897146471773,2.2776779328856946,3.0368970884942144,75.19014000836751,252.59230041503906,248.30271759033204,245.32277755737306,-1.818180548297114,2.689120982441372,4.675293281556859,True,83.33333333333334,97.87233823303195,95.21152715441333,1.9658785034338795,18.60089111328125,-37771.840081557886,158.80907454380625,0
2021-09-28,256.99578857421875,258.51422750227914,254.3385204501131,257.3753983062339,2064.997,0.759225728567742,-0.3796034118751095,-1.5184326820569538,70.55062525944486,254.49035034179687,250.0109634399414,246.11995849609374,-9.090872692441447,1.4485565437494134,3.490449394001907,False,66.66666666666666,87.80493624103467,93.71060631428672,1.9325328257896173,17.08245849609375,-37208.6590815579,104.02574841319492,0
2021-09-29,249.403564453125,253.95888069884415,248.64434507883846,252.82005163741437,2814.067,-4.55534666881951,-4.555346803434986,-5.694175371274639,52.78488517796952,254.49035034179687,250.6562957763672,246.48058624267577,-50.00008452366333,-1.6712449056918224,0.1142775871483936,False,66.66666666666666,39.024329359399374,74.90053461115532,1.3175417730846184,6.4533233642578125,-39218.706938700736,4.530418300865635,0
2021-09-30,247.1259307861328,250.16280858381185,246.74632106142292,249.78319885910196,2092.363,-3.036852778312408,-3.7960721150323025,-1.898024017415537,48.76602233385568,253.57928771972655,250.88406066894532,246.53752822875975,-65.95750761766142,-2.4231796901530656,-1.038762388744198,False,50.0,24.390362980398777,50.406542860277604,0.7063873175585438,2.27764892578125,-40846.10038314517,-50.46935199829037,0
2021-10-01,243.32981872558594,247.12591574158574,242.190989620786,246.74630603998577,2273.292,-3.03689281911619,-3.0368928422261092,-4.555331440636905,42.836121187236095,251.07386474609376,250.73221435546876,246.51854858398437,-93.18182406934508,-3.391110015613529,-2.5712513032131126,False,33.33333333333333,6.818175930654923,23.41095609015102,0.03115955004208737,-1.518463134765625,-42070.180690837486,-115.52523317067035,1
2021-10-04,245.98709106445312,246.74631048131872,244.46865223072191,245.2278716475875,1710.854,-1.5184343923982624,-0.37960526026702723,2.277662609935902,47.693186951905375,248.5684387207031,250.5803695678711,246.82223663330078,-77.27272038934878,-1.6940593291218737,-1.5446961492682327,True,33.33333333333333,22.72727961065122,17.97860617390164,-0.23706267561889538,-1.5184478759765625,-41499.896024170805,-84.00000161241509,0
2021-10-05,245.98709106445312,248.2647493150499,243.32982310542351,243.70943281385632,1657.45,-1.5184388337311816,1.5184388337311816,-1.1388291252984004,47.69318695190537,246.36669921875,250.42852478027345,246.99306106567383,-77.27272038934878,-0.8669051861193338,-1.582078853090358,False,16.666666666666664,22.72727961065122,17.424245050652456,-0.40516165937038506,-1.5184478759765625,-41372.39987032464,-72.93623134841918,0
2021-10-06,245.22787475585938,247.50553303532558,243.70943590288192,247.50553303532558,1927.528,3.79610022146926,-0.7592162797243134,0.3796127974584067,46.35398536010281,245.53156127929688,250.01095581054688,246.99306106567383,-81.81815248236155,-0.3855034345105005,-1.811272152758616,False,16.666666666666664,18.181847517638445,21.21213557964696,-0.5492212740731754,-4.175689697265625,-41757.90547032465,-72.65467109358866,1
2021-10-07,255.85693359375,255.85693359375,248.26473971856456,248.26473971856456,3979.143,0.7592066832389719,8.351400558424416,4.555303815682635,62.45516399240474,247.27776184082032,250.42852478027345,247.6763572692871,-18.18192047127953,3.4800369811361276,2.159905294849517,True,33.33333333333333,81.81807952872047,40.909068885670045,0.05736326621481602,4.175689697265625,-37778.762470324655,46.03616252427426,1
2021-10-08,256.61614990234375,257.37536928075303,252.82005301029722,253.57927238870653,2348.275,5.314532670141972,1.5184356870030342,4.555313291732659,63.313168728453796,249.93502807617188,250.50444641113282,248.47353744506836,-13.636488378266757,3.127380121735298,2.2177369113115537,True,50.0,88.37192955395582,62.79061886677158,0.47263782156678213,0.75921630859375,-36213.24580365797,78.75338662493752,0
2021-10-12,256.61614990234375,259.65302741598094,253.19966269950189,256.9957595915484,2560.267,3.4164872028418642,2.2776581352279095,0.37960968920467053,63.313168728453796,252.06083984375,250.31463928222655,249.3086784362793,-17.39131222401121,2.2177389822508187,2.0505680661166226,False,50.0,82.60868777598878,84.2662322862217,0.6967049579040496,-1.8980712890625,-36062.64186248149,96.59857367008934,1
2021-10-13,260.7918701171875,261.9306992443368,256.9957730266899,258.1346021538392,3511.827,1.1388425622907903,2.2776718283558353,3.7961103271880177,68.08683769836597,255.02179565429688,250.69424743652343,250.35260543823242,-5.769229380104869,2.869979894579959,3.541824324367305,True,50.0,94.23077061989513,88.4037959832799,1.054077796105528,3.79608154296875,-34171.65809325072,133.87557027319215,0
2021-10-14,253.19969177246094,261.5511058938914,252.06086257408404,261.1714961610991,3585.208,3.0368940072599457,-0.37959335044536147,-4.9349104526058625,54.11935148726119,256.6161590576172,251.07386016845703,250.8650779724121,-44.23067835536536,-0.5961177599625647,0.7045864947745449,False,50.0,55.769321644634644,77.53626001350618,0.7228677403353889,3.7961273193359375,-36896.41617325071,59.15058331445524,1
2021-10-15,253.5792999267578,256.23656803976274,253.19969019632853,255.0977388484749,1897.613,-6.073757312624224,-5.314537854128673,1.1388276222444915,54.627054514859324,256.16063232421874,251.71919708251954,251.30162887573243,-42.307609771600696,-0.9881362639389635,0.9699016112066772,True,66.66666666666666,55.10211854963253,68.36740360472076,0.4845230741329831,6.453369140625,-38319.62592325071,35.298237644916966,1
2021-10-18,254.71810913085938,257.3753770353542,254.71810913085938,255.09771883150148,1544.919,-2.00169734227984e-05,1.1388089955914324,1.5184189345308425,56.21279257621278,255.78102416992186,252.85802612304687,251.7951202392578,-36.53848132027389,-0.4697177501985901,1.244811214387806,True,66.66666666666666,61.22446029093986,57.36530016173568,0.36422516752983514,11.388290405273438,-39864.54492325071,43.94293099088012,1
2021-10-19,257.3753967285156,257.7550064582037,255.47734808007525,256.6161772691395,1819.78,1.518458437638003,0.3796294228495185,0.7592389492158702,59.7900043842902,255.93287353515626,253.99685668945312,252.28861312866212,-23.076846633986854,0.5189067166936427,1.9548928126255793,True,66.66666666666666,75.0000730988972,63.775550646489855,0.4202984987469991,11.3883056640625,-38651.35825658403,57.86373587823919,1
2021-10-20,261.55108642578125,264.2083543575381,257.7549893804143,258.8938184940244,3771.367,2.277641224884917,6.453347899334403,2.27764130033907,64.7295462667411,256.084716796875,255.55325622558593,252.9908905029297,-12.727274249656425,1.8226565519030766,2.9895353929069692,True,83.33333333333334,83.33334070141622,73.18595803041775,0.6799213777087036,15.563995361328125,-37985.82290364285,145.05282320507445,1
2021-10-21,264.9675598144531,266.48599855264484,263.0695113917135,263.4491210762614,3769.356,4.555302582237005,2.2776441951067454,5.314522011299175,68.21466677976402,258.43829040527345,257.5272247314453,253.7690902709961,-6.557381384730901,2.8739788801114274,3.6890258062752346,True,83.33333333333334,89.47366083447338,82.6023582115956,1.0035142199645475,19.73968505859375,-37567.005570309535,180.42795768564307,1
2021-10-22,270.2821044921875,270.2821044921875,266.10639782166214,268.00444630826456,3908.743,4.555325232003156,3.796105939542656,3.0368864299486518,72.77909061405533,261.7788513183594,258.96974182128906,254.69913330078126,-0.0,3.790084650553713,4.937359417698986,True,100.0,100.0,90.93566717862986,1.4690821879361153,14.4251708984375,-33658.26257030953,173.96117947499067,0
2021-10-25,268.00445556640625,272.93938180204833,267.2452361455383,269.1432846977083,2936.238,1.1388383894437197,2.657277309860831,1.1388383238761435,68.20026069154736,264.4361206054688,260.1085723876953,255.30650939941407,-19.999991160744433,1.9740025786203725,3.291881276856444,False,83.33333333333334,76.36361955673401,88.61242679706913,1.51136717749652,11.3883056640625,-35811.50377030957,131.3576517169404,1
2021-10-26,270.6617126464844,272.1801514271098,267.2452253900771,269.14327386585893,2544.258,-1.0831849351689016e-05,-0.759230374938511,-1.0755461175904202e-05,70.55777262817568,267.0933837890625,261.51312866210935,255.91388397216798,-10.909150839171053,1.954239908041983,3.822348714544737,True,83.33333333333334,89.09084916082895,88.48482290585433,1.59761940845552,14.045562744140625,-34832.9430010788,105.22127940361656,1
2021-10-27,271.4209289550781,272.1801483367706,269.14327081000056,269.90249019169306,1410.707,0.7592163258341316,-3.0903391916581313e-06,1.8980454199234487,71.22273994263429,269.0673522949219,262.57603454589844,256.63514099121096,-7.272799523715356,1.346561047079344,3.6231842758790345,True,83.33333333333334,92.30761616088157,85.92069495948151,1.582138144400293,10.629058837890625,-34127.589501078786,89.81868174261673,0
2021-10-28,268.763671875,272.5597689353814,268.763671875,271.04133011122883,1773.441,1.1388399195357692,0.3796205986107566,-0.3795989350005584,65.56841303134698,269.8265747070312,264.13243255615237,257.6031463623047,-20.000029127810294,-0.09407110414178878,2.2136666356169785,False,66.66666666666666,77.08332451634476,86.16059661268508,1.2820664869938385,15.563980102539062,-35901.030501078785,67.25154519922819,0
2021-10-29,268.00445556640625,270.66172353944427,266.10640701423625,268.76367498727427,2431.407,-2.2776551239545597,-1.8980453959371175,-2.657264860763746,63.98511842700284,269.371044921875,265.5749481201172,258.64707260131837,-23.63638044326599,-0.5633779852318788,1.692474687742361,False,50.0,71.7391094633365,80.3766833801876,0.937555775600706,14.425155639648438,-36306.2650010788,37.03711934181785,1
2021-11-01,269.52288818359375,270.2821075869278,267.24522997359156,268.7636687802597,1139.132,-6.2070145645520824e-06,-0.37961595251647395,1.1388229593553092,65.78759338936348,269.6747314453125,267.0554260253906,259.95672607421875,-17.307735534554215,0.046970217091222566,1.7434908783776415,True,50.0,77.4999649404021,75.44079964002778,0.7264687010440118,14.804779052734375,-35736.699001078785,38.551947689496394,1
2021-11-02,270.2821044921875,271.80054328146946,270.2821044921875,270.2821044921875,1783.017,1.5184357119277934,1.5184356945416653,3.036874518595937,66.6967372264624,269.59880981445315,268.3460968017578,261.17147674560545,-14.583379316102626,0.18761649673741967,1.496791258615809,True,66.66666666666666,73.0768774119023,74.1053172718803,0.5599673301981731,12.906707763671875,-37519.716001078785,76.2578064727428,0
2021-11-03,270.2821044921875,273.3189820707514,268.76366570290554,273.3189820707514,2914.323,3.0368775785639173,1.5184387892819586,-1.5184387892819586,66.6967372264624,269.371044921875,269.2191986083984,262.3862274169922,-17.021297377532537,0.2111180703705403,1.0048456628765576,False,50.0,57.8947368421051,69.49052639813648,0.38041200169787714,8.73101806640625,-38491.157001078784,80.60100199455398,1
2021-11-04,272.55975341796875,273.31897278682106,270.2820953114119,272.18014373354265,1959.362,-1.1388383372087674,-9.28393035337649e-06,1.5184296085063806,69.58256215070767,270.13026123046876,269.97841796875,263.75282135009763,-4.878109800540025,0.984524825124814,1.3766288375338398,True,50.0,89.473542433408,73.48171889580512,0.3465744899969536,7.592193603515625,-37511.47600107882,150.74884563735858,1
2021-11-05,276.7354736328125,276.7354736328125,271.8005474912123,272.5597668976123,2781.034,0.3796231640696419,3.416500845991436,1.518452179800363,74.07546775967711,271.87646484375,270.6237548828125,264.79674835205077,-0.0,2.029392300709171,2.4475947379183944,True,66.66666666666666,100.0,82.4560930918377,0.5261844631796517,6.453369140625,-34730.44200107882,230.06613342825167,1
2021-11-08,282.04998779296875,284.32764583705733,278.6335007268359,280.15193942289494,4080.166,7.592172525282649,7.592172204244832,6.83295323562362,78.48731124180709,274.381884765625,272.02830810546874,266.06844024658204,-12.500011207597755,3.098977300120956,3.867654409229869,True,83.33333333333334,87.49998248617463,92.32450830652753,0.9016396214686475,14.0455322265625,-33914.40880107884,247.208881373658,1
2021-11-09,285.0869140625,285.4665238015979,282.050036149717,283.18886536701064,3501.24,3.036925944115694,1.1388779645405407,3.416535422881111,80.55066273041575,277.3428466796875,273.4708282470703,267.49197845458986,-1.9607822786775961,3.2302513445813044,4.511201522806777,True,83.33333333333334,98.0392177213224,95.179733402499,1.232759410423399,14.425201416015625,-31191.22213441217,172.35906253894638,1
2021-11-10,286.6053161621094,286.9849258523903,281.67039018845713,282.429609569019,3299.82,-0.7592557979916137,1.5184020507924174,-0.37964596125988237,81.51755704038976,280.60748901367185,274.98926696777346,268.78265075683595,-1.8181830484411816,2.767692962427408,4.474167292851834,True,83.33333333333334,98.1818169515588,94.57367238635193,1.4190144292787412,15.18438720703125,-28362.804991555,127.05033800340641,0
2021-11-11,277.1150817871094,279.772349694657,274.83742358063995,275.2170332817182,7128.568,-7.212576287300806,-7.212576157733281,-6.832966607817184,60.88109100995906,281.5185546875,275.82440795898435,269.97842025756836,-47.27272150764097,-1.039312553693801,0.817125475090137,False,83.33333333333334,50.00001962602905,82.0736847663034,0.7989275383236141,8.351409912109375,-28911.156376170347,22.900770827830783,0
2021-11-12,273.3190002441406,277.1150974697537,271.0413419087728,277.1150974697537,4006.259,1.8980641880355051,-2.6572522249032886,-3.796081671867171,54.82477931222193,280.83526000976565,276.3558624267578,270.9654052734375,-65.45447842438008,-2.439019873541663,-0.6211127055429332,False,66.66666666666666,25.000107039050736,57.72731453887952,0.06751375290156325,5.314544677734375,-29912.721126170356,-29.513676740545485,0
2021-11-15,272.55975341796875,274.4578018400995,270.2820953114119,273.69858247124716,2874.562,-3.416514998506557,-2.657295629654243,-0.7592465973608569,53.66008183172492,278.9372131347656,276.6595489501953,271.857487487793,-69.09097597507991,-2.46774278357245,-1.0110336062612422,False,50.0,20.833288608584805,31.94447175788819,-0.50168583444938,3.036865234375,-29651.397307988565,-56.475493468799456,0
2021-11-16,269.143310546875,271.80057877512337,268.0044813061971,271.80057877512337,3693.722,-1.8980036961237943,-2.657223064976108,-2.2776140052148435,48.59266425068159,275.7484924316406,276.54566955566406,272.4458831787109,-90.38444875271834,-2.9431811722596692,-2.2855062259932515,False,33.33333333333333,6.000013529221207,17.27780305895224,-1.1078069225289973,-1.1387939453125,-31128.8861079885,-93.43394885060789,1
2021-11-17,271.4209289550781,271.8005386459244,268.0044417374618,268.384051428308,2264.509,-3.4165273468153714,-4.0129198964677926e-05,-3.956873530341909e-05,51.89642136956921,272.71161499023435,276.6595520019531,272.93937530517576,-81.99999959469308,-1.3112530249634662,-1.5151545630988115,True,33.33333333333333,18.000000405306928,14.944434181037636,-1.3393892184302363,1.138824462890625,-29317.27890798852,-81.54137325400963,1
2021-11-18,272.93939208984375,274.0782212640712,269.9025142919039,269.9025142919039,2386.979,1.5184628635959143,2.277682618146798,1.8980725544421375,54.04441582377618,271.87647705078126,276.6975158691406,273.3379669189453,-73.99987101224387,0.06959286653258503,-1.0436924866289659,True,33.33333333333333,26.00012898775612,16.666714307428077,-1.369472705859728,0.379638671875,-28232.288453443078,-55.255450023257836,1
2021-11-19,273.6986083984375,275.59665700036845,272.559779237279,275.21704727998224,1719.908,5.3145329880783265,1.5184357362972492,2.6572649453750614,55.13709581388179,271.9523986816406,276.3938293457031,273.5087921142578,-69.99988711301019,0.5578814996741597,-0.8707572088713178,True,50.0,30.000112886989818,24.66674742668428,-1.3170156710928556,-3.036865234375,-28662.26545344311,-29.660935675774965,0
2021-11-22,270.2821044921875,272.9393723734309,269.143275400226,272.9393723734309,2192.78,-2.27767490655134,-2.657284626937553,-3.4165038370529714,49.37397474089181,271.4968688964844,275.217041015625,273.6226745605469,-87.99997544354362,-0.5123463198340943,-2.040819035244196,False,50.0,12.000024556456383,22.66675547706743,-1.4790566842808364,-11.76788330078125,-29539.377453443078,-64.94539660311757,0
2021-11-23,267.6248474121094,270.6617251132397,267.6248474121094,269.5228959753158,2214.579,-3.416476398115094,-2.277647260191202,-1.5184279881166276,45.351904950030494,271.19317626953125,273.47083435058596,273.4708312988281,-100.0,-1.1913111757927624,-2.73626017279101,False,50.0,0.0,14.000045814482057,-1.715222032664566,-17.462066650390625,-31753.95645344308,-97.6300463115428,1
2021-11-24,269.52288818359375,272.180156095263,268.38405907859266,268.7636687802597,1336.244,-0.7592271950560985,1.5184309820232897,0.7592116664832815,48.61371917833065,270.8135681152344,271.76259155273436,273.3759292602539,-90.19611011732638,-0.5137802602041874,-1.6734011460677576,True,66.66666666666666,19.999902636448585,10.66664239763498,-1.6908490956685194,-17.082427978515625,-32288.45405344308,-62.5001921994564,1
2021-11-25,274.0782165527344,274.0782165527344,270.2821193705635,271.80055824343185,1476.171,3.0368894631721446,1.898060457471388,1.8980602919708645,55.558736109032886,271.0413330078125,271.4589050292969,273.64165649414065,-66.66661676742999,1.0025662081130793,0.3242265734347948,True,66.66666666666666,80.95237435336584,33.6507589966048,-1.3310178048067494,-3.036865234375,-30812.283053443083,56.00013539195878,0
2021-11-26,270.2821044921875,274.0782014653924,269.902494794867,274.0782014653924,1748.96,2.2776432219605454,-1.508734197841477e-05,-0.37962457569653907,49.4793714607198,270.3580322265625,271.15521545410155,273.7555389404297,-78.1250744534058,-0.2335385300274767,-0.5702348605113057,False,50.0,33.333172984860894,44.761816658225094,-1.309726426430894,-3.036895751953125,-32243.250326170335,8.804602550538013,0
2021-11-29,269.9024658203125,271.4209044465871,266.86558856776327,269.1432465071752,2215.771,-4.93495495821719,-2.657297018805309,-3.0369062271037137,48.89566277527381,270.2821044921875,270.8894866943359,273.77451782226564,-70.37050963525218,-0.14046015831801895,-0.4898660435484601,False,33.33333333333333,34.782424121294916,49.689323819840546,-1.2807249542134933,-2.65728759765625,-31504.659992836983,-76.44258746488205,0
2021-11-30,267.6248474121094,273.69860281437,267.6248474121094,269.14328626267456,4973.722,3.9755499358307134e-05,2.277698367782932,0.7592588443461068,45.391040632244426,270.2821044921875,270.7376403808594,273.6416549682617,-91.30394120482734,-0.8206297186350261,-1.1566752737469699,False,33.33333333333333,8.69605879517266,25.60388530044281,-1.3666168511528638,-1.518463134765625,-36478.381992836985,-63.90912108052333,1
2021-12-01,273.3190002441406,274.0782196892632,269.5229030185276,270.2821224636502,2028.442,1.1388362009756179,0.37961687489320184,1.898055606418211,54.32056459208346,271.04132690429685,270.9274475097656,273.7934997558594,-26.086804539547266,0.9345850215415776,0.9227931280205979,True,50.0,73.91319546045274,39.13055945897342,-1.0081644775755718,1.8980712890625,-35126.08732617031,54.86751398889894,1
2021-12-02,275.97625732421875,276.35586703167985,272.55976995706885,273.31898937199105,2072.05,3.036866908340869,2.2776473424166284,3.036866938541266,57.83092341425502,271.4209350585937,271.23113403320315,273.9643249511719,-3.9999849204049287,1.5126845814137806,1.6901742710654155,True,50.0,96.00001507959507,59.53642311174014,-0.5815061707271489,3.036865234375,-33468.44732617031,140.2980812933457,1
2021-12-03,277.4946594238281,278.6334883954717,275.2170014805409,275.97622079496995,2345.512,2.657231422978896,2.277621363791866,2.657231523472035,59.758648613295485,272.8634460449219,271.61073913574216,274.00228424072264,-9.67741898144075,1.85786334187107,2.059324684302906,True,50.0,90.32258101855925,86.74526385286902,-0.2058175338283008,3.796051025390625,-32686.60999283695,174.00052384392973,0
2021-12-06,277.1150817871094,277.1150817871094,274.0782041784835,275.9762526838747,1603.94,3.188890474348227e-05,-1.5184066083623406,-1.1387973020574123,59.02282552236663,274.30596923828125,272.2940368652344,273.7555389404297,-12.902953208244794,1.295099319988635,1.78944940643418,False,50.0,87.0970467917552,91.13988096330316,-0.0024254507029741745,6.832977294921875,-31082.669992836953,106.45721147228919,1
2021-12-07,278.2539367675781,278.63354650395956,274.0782296673825,274.0782296673825,1537.334,-1.898023016492175,1.5184647168501897,2.548889904119278e-05,60.610317339412155,276.431787109375,273.35694580078126,273.4138900756836,-3.2257910713108755,1.196510588259022,2.065453722793105,True,66.66666666666666,96.77420892868912,91.39794557966785,0.17922069175527744,10.62908935546875,-29801.5583261703,101.3786338152377,0
2021-12-08,273.3190002441406,279.3927558051215,273.3190002441406,278.6335363599989,3967.304,4.555306692616398,0.7592093011619454,-0.7592294232418908,51.22857560395308,276.431787109375,273.73655700683594,272.7495742797852,-48.48466892712875,-0.9401474939462285,0.16230495250795648,False,66.66666666666666,51.51533107287125,78.46219559777184,-0.050308955555384394,3.796112060546875,-33768.8623261703,46.36245028657845,1
2021-12-09,278.633544921875,278.633544921875,274.0782281111632,275.9762767822931,2199.159,-2.6572595777058154,-0.7592108832465101,0.7592278670225596,58.732933903404295,276.96324462890624,274.19208984375,272.82549743652345,-6.060515269425063,0.6628636143266203,1.7677719349487253,True,66.66666666666666,93.93948473057493,80.74300824404509,0.1286893111853904,4.555328369140625,-31569.703326170304,76.5599565630603,1
2021-12-10,279.3927307128906,282.04999853217083,279.013121024422,280.91116946676505,2238.085,4.934892684471947,3.4164536102958323,4.934892913258807,59.699277392537965,277.3428588867188,275.1031524658203,273.1291839599609,-17.499974154470767,0.7299221886630031,1.7394266155724005,True,66.66666666666666,81.57892560595312,75.67791380313308,0.26335590405674925,9.110626220703125,-33248.26707617026,130.43436033684065,0
2021-12-13,278.2539367675781,281.2908146586295,277.4947172948153,280.1519854494852,2362.61,-0.7591840172798356,-0.7591838735413603,-1.518403729606689,57.496087828917155,277.5706298828125,275.93829956054685,273.4138931274414,-24.999731787344526,0.2736021816470602,1.196510588259022,False,50.0,69.6971914961579,81.73853394422864,0.24145194314722662,8.351470947265625,-34665.833076170275,93.09373352663494,0
2021-12-14,278.2539367675781,278.63354650395956,275.5966686129082,277.4947172948153,1668.54,-2.6572681546699073,-2.6572681546699073,-1.8980486819070848,57.49608782891716,277.5706298828125,277.00120849609374,273.8694244384766,-24.999731787344526,0.20506091428121836,0.9526067334160275,False,50.0,60.00031258939498,70.42547656383532,0.19468568556939125,10.62908935546875,-33414.4280761703,35.14443960159313,0
2021-12-15,276.7354736328125,279.0131318520126,275.59664452321243,278.6335221488126,1769.801,1.1388048539972715,0.3795853480530127,-2.408969578482356e-05,54.31525504164523,278.25392456054686,277.3428558349609,274.1351516723633,-36.84207434033239,-0.2508596533813101,0.1947058687851994,False,33.33333333333333,39.13038665184142,56.27596357913143,0.037439288690138905,3.416473388671875,-34004.36174283695,-1.610724584304179,1
2021-12-16,278.633544921875,280.53159359300497,278.633544921875,279.392764390327,3566.825,0.7592422415144142,1.518461740992393,3.036900398662567,57.519934180510056,278.25392456054686,277.60858459472655,274.4198593139648,-27.272511864980803,0.1136653815219024,0.5479502944071851,True,50.0,60.8698398786811,53.33351303997248,0.03713911038364692,2.65728759765625,-37571.186742836944,98.82070564281709,0
2021-12-17,278.2539367675781,280.91120492224803,277.8743270311967,278.63354650395956,3241.616,-0.7592178863674235,0.37961132924306185,-0.7592178906783147,56.65287866610841,278.0261657714844,277.68451232910155,274.6476257324219,-39.99968741060502,3.6558427710595198e-06,0.2621733513247166,False,33.33333333333333,56.522019139587606,52.17408189003669,-0.010215311377796077,0.75927734375,-40002.3987428369,65.21787903677357,1
2021-12-20,278.633544921875,280.53159359300497,276.7354962507451,277.4947157191971,1900.334,-1.1388307847624901,-0.37961132924306185,-1.138830780451599,57.35416234949639,278.1020874023437,277.83635864257815,275.06519775390626,-39.1301601213189,0.1819846947640297,0.3189107856833117,True,33.33333333333333,60.8698398786811,59.42056629898325,-0.03610533039872399,1.518463134765625,-40002.39874283693,34.386297237399994,1
2021-12-21,281.290771484375,281.67038116249154,278.633503737559,279.39272309379214,2128.739,1.8980073745950676,1.138787569486567,1.898007486813924,62.04340140231609,278.70945434570314,278.1400421142578,275.74849395751954,-8.69576447903669,0.9536672380144183,1.1603983677921441,True,50.0,90.47605478207105,69.28930460011324,0.09824989719279698,3.036834716796875,-38405.84449283689,112.64678696734774,0
2021-12-22,280.91119384765625,282.809242454735,279.77236468340897,282.42963273331924,1948.032,3.036909639527096,1.1388612922434618,1.138860945849956,60.998192066209796,279.5445983886719,278.8992614746094,276.31790924072266,-20.000001738205103,0.6574482279545513,0.9090908094314266,False,50.0,73.68425877750163,75.01005114608456,0.13197493699737706,7.592193603515625,-38892.852492836864,135.65946026594463,1
2021-12-23,281.67041015625,282.0500198734417,280.5315810046749,280.9111907218666,1836.79,-1.5184420114526347,-0.7592225812932725,0.7592163212659102,62.38102007714532,280.1519714355469,279.20294799804685,276.69751892089846,-12.000034068821455,0.632910598827058,1.078441703852636,True,66.66666666666666,84.21051181145496,82.79027512367587,0.17323337389566085,3.036865234375,-37974.4574928369,118.20950743783038,0
2021-12-24,280.91119384765625,283.5684618975665,280.1519744048247,282.42963273331924,1358.494,1.5184420114526347,1.518442024124795,-0.379606599850149,60.0580520528232,280.6834228515625,279.35479431152345,277.2289733886719,-28.00002728823542,0.2257345191398953,0.5776422110412202,False,50.0,66.66672196406688,74.85383085100781,0.11975310651347826,1.518463134765625,-38729.176381725774,102.56465405165841,1
2021-12-27,282.8092041015625,283.1888137714975,280.1519364120176,281.2907654218226,1437.152,-1.1388673114966537,-0.3796481260690143,-3.799280710836683e-05,63.74048107005459,281.5185546875,279.81032104492186,277.8743103027344,-9.52427483407496,0.6303368731868367,1.1312097942317991,True,66.66666666666666,90.47572516592504,80.45098631381562,0.17900102856983136,4.555267333984375,-37651.312381725795,97.776949377935,1
2021-12-28,283.5684814453125,283.9480911928966,282.42965220256025,283.5684814453125,1361.802,2.2777160234899156,0.7592774213990765,2.2777157905426293,65.14292817929017,281.9740966796875,280.34177551269534,278.6714920043945,-4.545437007483645,0.6060707551967079,1.2766993505960933,True,66.66666666666666,94.73684921129305,83.95976544709498,0.23271966829080615,5.314544677734375,-36970.4113817258,127.77932854064528,0
2021-12-29,283.5684814453125,284.32770094048067,282.80926195014433,284.32770094048067,1048.858,0.7592194951681677,0.37960974758408383,0.37960974758408383,65.14292817929017,282.50555419921875,281.0250762939453,279.1839660644531,-8.695620081741627,0.47075353724724683,1.1167584501586552,False,50.0,90.00001282638483,91.73752906786763,0.23117091963779934,6.8330078125,-36970.4113817258,124.22070471946377,1
2021-12-30,285.4665222167969,286.22574169077774,283.5684735318448,284.3276930058256,2738.867,-7.934655059216311e-06,1.8980407502970706,0.7592115817004697,68.73989999383559,283.2647766113281,281.7083740234375,279.65847930908205,-7.142840657225544,0.8719016398975796,1.5758710829675961,True,66.66666666666666,92.00000169881538,92.24562124549773,0.31566447320260105,6.832977294921875,-35796.6112388687,153.7164714088688,0
2022-01-03,283.5684814453125,286.60535942598517,282.05004245497616,286.2257496784011,1730.011,1.8980566725754784,0.37961773520743236,-1.5184310768686373,61.78461342816698,283.7962341308594,282.2398284912109,279.96217041015626,-30.7692004109145,0.08933060713915669,0.6964788528629497,False,50.0,61.90500556750263,81.30167336423428,0.20668186426395208,5.314544677734375,-36373.28157220204,86.14871186392872,1
2022-01-04,286.2257385253906,287.3645677237675,283.56847039584454,284.70729959422147,3341.096,-1.5184500841796194,0.7592082977823225,1.5184279408683778,66.89971703872496,284.479541015625,282.9990478515625,280.41770324707034,-10.714286767826566,0.7123781816307478,1.4122416768956498,True,66.66666666666666,85.00001656537509,79.63500794389769,0.27238259047427027,7.592193603515625,-35036.84317220201,127.16993668706337,1
2022-01-05,288.8830261230469,292.299513948418,286.2257578144249,286.6053675727995,4310.927,1.8980679785780126,4.934946224650503,2.657287418580381,71.11716341767398,285.5424499511719,283.7582733154297,280.94915771484375,-21.951194683375004,1.2866051218641978,2.0335281990055627,True,66.66666666666666,71.87515111442121,72.9267244157663,0.4435084388837063,7.592254638671875,-35575.709047202035,196.96958559736433,0
2022-01-06,288.5033874511719,289.64221661216334,286.22572912918895,286.9849485698499,2135.303,0.37958099705042514,-2.6572973362546577,-2.8685235974990064e-05,69.73240831720031,286.52943115234376,284.5174926757812,281.7083770751953,-27.777869609886036,0.8626356256777417,1.6042768104438214,False,50.0,68.7499298862594,75.20836585535189,0.47692162656506554,7.592193603515625,-34863.94138053537,118.6435890162116,0
2022-01-07,286.6053161621094,290.40141306491876,283.1888289495809,290.02180337463784,2388.009,3.036854804787936,0.7591964527554182,-3.0369001796080397,63.03772951461364,286.75718994140624,285.0109832763672,282.10696563720705,-45.45485701374786,0.02206918733718254,0.7786334530995013,False,50.0,53.12482863973593,64.58330321347218,0.3242777887770041,4.934906005859375,-34989.626064745884,59.165735126052056,1
2022-01-10,287.3645324707031,287.3645324707031,284.3276549809203,285.8460937258117,1428.23,-4.175709648826114,-3.0368805942156314,1.138826031339363,64.523912771544,287.5164001464844,285.65631713867185,282.5055557250977,-40.625231351083244,0.17643504608859584,0.8548808599212752,True,50.0,51.85135661997265,57.90870504865598,0.2318616460559899,6.453338623046875,-33561.39606474588,34.74082202050738,0
2022-01-11,286.9849548339844,290.78105212014816,286.2257353767516,288.1237840198335,3127.581,2.277690294021795,3.4165196494450356,1.8980803958313004,63.1392725366032,287.6682434082031,286.0738922119141,282.94210662841795,-43.74995013210226,-0.154080800047991,0.5653487493922656,False,50.0,48.147969211542616,51.041384823750384,0.10883603395875552,4.175750732421875,-35646.450064745826,79.89865427578981,0
2022-01-12,286.9849548339844,288.50339374844987,284.7072964622861,288.1237840198335,1692.809,0.0,-2.277658371698294,-1.5184389144654915,63.1392725366032,287.28862915039065,286.41553955078126,283.37865753173827,-43.74995013210226,-0.1980172170796575,0.38729773592621913,False,33.33333333333333,48.147969211542616,49.382431681019284,-0.002950095987043877,3.416473388671875,-35307.88826474581,18.181874603297473,0
2022-01-13,286.9849548339844,287.7441742912171,285.0869061909024,287.3645645626007,1901.722,-0.7592194572328026,-0.7592194572327458,0.37960972861634446,63.1392725366032,286.9849426269531,286.75718688964844,283.89113159179686,-51.852030788457384,-0.08810182342478587,0.2652517772798521,False,16.666666666666664,48.147969211542616,48.147969211542616,-0.10182479875015682,3.416473388671875,-34492.86455046006,-3.1006481640508303,0
2022-01-14,286.6053161621094,286.6053161621094,282.429609569019,286.2257064718284,2098.892,-1.1388580907723167,-1.1388581291077458,-2.657296621883404,61.42762060081994,286.9849426269531,286.8710662841797,284.2897201538086,-55.556013692531145,-0.11025844986242374,0.044160551381049205,False,16.666666666666664,42.30746755567486,46.20113532625336,-0.21141926761006236,1.1387939453125,-32393.972550460057,-90.19725762529205,1
2022-01-17,286.9849548339844,287.3645645626007,285.0869061909024,286.2257353767516,1001.951,2.89049231696481e-05,0.7592484004913445,2.657296621883404,62.53557903378159,286.9090270996094,287.21271362304685,284.7262710571289,-51.852030788457384,3.5446201098160357e-06,0.07722153177348766,True,33.33333333333333,46.15389460584369,45.53644379102038,-0.27305038148476335,3.416473388671875,-31726.00521712669,-31.656577341554183,1
2022-01-18,288.5033874511719,289.26260689183283,285.84611940885844,286.6053388495194,1943.69,0.37960347276782613,1.898042329232112,0.7592132179560167,66.70810624135795,287.21271362304685,287.440478515625,285.2197631835937,-37.03729016344978,0.4626568347690884,0.5180201335797077,True,33.33333333333333,72.72729046470734,53.72955087540862,-0.2280906826180269,2.27764892578125,-30646.177439348892,53.73369618265831,0
2022-01-19,286.9849548339844,289.26261320568267,286.605345105368,286.9849548339844,1302.279,0.37961598446497646,6.31384983762473e-06,0.7592256965095316,59.48125913452779,287.21271362304685,287.25067138671875,285.50447235107424,-53.84610539415631,-0.06609180938000642,-0.11010568120104433,False,33.33333333333333,54.54560978030625,57.808931616952414,-0.31196456882240353,-1.8980712890625,-31576.37672506316,57.82360528988015,1
2022-01-20,287.3645324707031,288.12375184314885,286.2257034120346,286.98492278448026,1070.417,-3.20495041137292e-05,-1.1388613625338166,-0.37964169333338305,60.64397900066687,287.28862915039065,287.13678588867185,285.82713928222654,-50.00029674061934,0.04404559946672893,-0.011015073342095588,True,50.0,59.09066453455862,62.121188259857384,-0.35035443185555515,-1.13885498046875,-31362.293325063187,37.034873294071794,0
2022-01-21,286.2257385253906,286.6053482581829,283.94808012863683,286.6053482581829,2538.612,-0.3795745262973469,-1.518403584965938,-2.2776232833977588,55.4373711114518,287.21271362304685,287.098828125,286.0549057006836,-54.545230561894286,-0.30850113875652907,-0.3304643661688857,False,50.0,45.45476943810571,53.030347917656854,-0.4543237288333599,-0.37957763671875,-29548.999039348884,-107.63772226228993,0
2022-01-24,276.7354736328125,283.5684482904128,276.3558639296125,283.5684482904128,6133.048,-3.0368999677701254,-3.0368999677701254,-7.592216199024335,31.135340955890058,285.1628173828125,286.0359222412109,285.8461196899414,-97.36842460433851,-3.058514085675084,-3.3049653979907454,False,50.0,2.941172057195074,35.82886867661979,-1.125882571791466,-10.629058837890625,-35036.463039348906,-283.9876674344086,0
2022-01-25,273.3190002441406,275.21704885694714,269.5229030185276,274.0782196892632,5385.57,-9.490228601149568,-8.351399433465645,-6.8329609110849105,26.56240076405615,282.1259399414063,284.66932678222656,285.3716094970703,-82.14286103899963,-3.4852529293278063,-4.1278277503440615,False,33.33333333333333,19.230764735762,22.54223541035425,-1.7278100234683746,-13.66595458984375,-33241.273039348904,-226.0172856231749,0
2022-01-26,272.93939208984375,274.8374407135562,271.8005629156163,271.8005629156163,2038.915,-2.2776567736469246,-0.3796081433909535,2.2776598970887107,26.097787464935294,279.31682739257815,283.2647705078125,284.84015502929685,-83.92856755786083,-2.728295469524713,-3.855581239861525,False,16.666666666666664,17.30769620690441,13.159877666620487,-2.0567961632892287,-14.045562744140625,-33751.00178934891,-134.49684235694085,1
2022-02-07,276.3558654785156,276.7354751838432,272.9393781305669,274.0782072465498,2300.553,2.2776443309335264,1.8980344702870298,1.1388152149506254,36.92917073231486,277.11509399414064,282.2018615722656,284.47952423095705,-65.38468703337729,-0.8849575925440895,-2.3474207598880996,True,33.33333333333333,34.61531296662272,23.7179246364297,-1.9505170692805287,-10.62908935546875,-31910.559389348873,-79.55925291328391,0
2022-02-08,275.97625732421875,276.73547673914095,274.83742820183545,275.21703790929655,1213.178,1.1388306627467273,1.555297728828009e-06,1.8980500712685284,36.28456457439143,275.06519775390626,281.1389556884766,284.0050109863281,-67.30775556223487,-0.34270274322905764,-2.1644069895713804,False,16.666666666666664,32.692244437765126,28.205084537097406,-1.8148049177057652,-10.629058837890625,-31667.92378934887,-59.21151500722334,1
2022-02-09,277.8742980957031,277.8742980957031,274.83742052088667,275.5966399145908,2474.792,0.37960200529425947,1.1388213565621754,-7.680948783672648e-06,41.82355528625507,275.2929626464844,280.22789001464844,283.72030181884764,-57.692412917946925,0.8495946813327175,-1.2256871311199529,True,33.33333333333333,42.307587082053075,36.5383814954803,-1.518268410156083,-9.11065673828125,-29193.13178934887,-38.90414859734538,1
2022-02-10,280.91119384765625,280.91119384765625,277.8743160763302,277.8743160763302,1285.916,2.2776761617394072,3.036895751953125,3.03689555544355,49.488195492535404,276.8114013671875,279.4686706542969,283.45457458496094,-42.307710087156245,1.694917501270549,0.022529314731418563,True,50.0,61.22457602071577,45.40813584684465,-1.0603357405944513,-7.592193603515625,-27907.21578934887,8.40651850845115,0
2022-02-11,279.0131530761719,279.77237254032474,277.8743238799426,278.25393361201907,1289.891,0.37961753568885115,-1.1388213073315114,7.803612390944181e-06,45.40920486657488,278.0261535644531,278.67149047851564,282.96108093261716,-51.92305273144419,0.6619539457976729,-0.41774423269886574,False,50.0,55.55557137460359,53.029244825790805,-0.837768071060837,-7.9718017578125,-27649.237589348886,8.074067314231717,0
2022-02-14,275.5966491699219,277.4946977179241,274.45782004112056,277.11508800832365,1363.962,-1.1388456036954153,-2.277674822400627,-3.4165038388220523,39.08349301150137,277.8743103027344,277.4947021484375,282.3157440185547,-69.23082409109246,-0.7292622939827081,-1.2580766928048048,False,50.0,43.243220777993095,53.34112272443747,-0.8693853157365432,-11.76788330078125,-27990.2280893489,-34.53458962976811,0
2022-02-15,275.2170104980469,277.49466851596173,274.8374008283944,275.59662016769937,1094.538,-1.5184678406242824,-2.9201962377101154e-05,0.3795807872738237,38.43446501195869,277.7224609375,276.3938293457031,281.74632873535154,-69.38791593219011,-0.7981851687951201,-1.046416166996464,False,33.33333333333333,49.99966689430739,49.599486348968014,-0.8628761624676196,-11.00872802734375,-28772.040946491743,-17.400286767366286,1
2022-02-16,280.1519470214844,280.1519470214844,277.1150695469967,277.87428891561865,1198.943,2.2776687479192788,2.6572785055226404,2.2776687186023423,50.169075816298125,278.17799072265626,276.7354766845703,281.3856994628906,-37.77797116373925,0.7279296885393821,0.9460779533397261,True,50.0,91.66636392325167,61.63641719851737,-0.49168089970394646,3.416473388671875,-27573.097946491744,99.09845448598179,1
2022-02-17,282.04998779296875,283.56842648902784,280.15193942289494,281.29076844493926,1980.232,3.416479529320611,3.4164794675434678,3.036869875898219,53.85910321466875,278.40574951171874,277.60857543945315,281.13895111083986,-10.810975779512974,1.1572432980044032,1.7575814978348252,True,50.0,85.71425545495437,75.79342875750446,-0.1040530696183245,8.730987548828125,-27353.072168713996,144.26033366367034,1
2022-02-18,282.42962646484375,282.8092361778341,279.01313904793034,280.15196818690146,857.097,-1.1388002580378043,-0.7591903111937199,-1.1388003749646032,54.59278707241126,279.08904418945315,278.55759887695314,280.9111846923828,-8.10792154935278,1.2015458298483372,1.7204077369423199,True,50.0,87.5002829866976,88.29363412163453,0.1768905671957267,9.490234375,-26667.394568713993,102.7452399825991,1
2022-02-21,287.3645324707031,287.3645324707031,280.91116780491456,280.91116780491456,1977.18,0.7591996180130991,4.555296292869002,1.8980287569842176,62.94759289344515,281.4426208496094,279.65846557617186,280.93016357421874,-0.0,2.4588306148219035,3.063304092595151,True,66.66666666666666,100.0,91.07151281388398,0.6665424387402479,11.0086669921875,-24690.214568713993,168.05547230149546,0
2022-02-22,286.6053161621094,286.9849258523903,283.1888289495809,286.2257064718284,2418.693,5.3145386669138475,-0.3796066183128346,2.2776611446663537,61.06195867815079,283.72028198242185,280.72137145996095,280.93016357421874,-5.263141666923624,1.523981334212276,2.3728789664202874,False,66.66666666666666,94.11766309402228,93.8726486935733,0.8964354595996245,10.629058837890625,-22755.260168713965,132.66551390736598,0
2022-02-23,286.6053161621094,289.64219368435687,285.8460967815475,286.2257064718284,1868.083,0.0,2.6572678319665783,2.6572678319665783,61.06195867815079,285.0109558105469,281.59447326660154,280.911181640625,-20.00001839786281,0.8459485103983535,2.061505222735169,False,66.66666666666666,79.9999816021372,91.37254823205315,0.9978735465852495,8.73101806640625,-23876.109968713954,130.68791714627022,0
2022-02-24,281.67041015625,285.8461170453588,280.5315810046749,283.5684587422086,2861.913,-2.657247729619826,-3.796076638998045,-5.314515776872611,49.57443167852815,284.93504028320314,281.67039489746094,280.5695327758789,-52.4999167921411,-0.9786419264852751,0.1349576420476783,False,50.0,47.5000832078589,73.87257596800612,0.6962724893505731,0.75921630859375,-25511.48882585682,27.156883220184504,1
2022-02-25,282.04998779296875,283.56842648902784,279.77232974888017,281.670378118954,2569.256,-1.8980806232546001,-2.277690556330981,-0.7592512557947089,50.358068400405905,284.85911254882814,281.9740783691406,280.3227844238281,-50.00012558812376,-0.84520123933118,0.146012184925923,True,50.0,48.717918816875375,58.739327875623815,0.4954357150986625,3.036834716796875,-24997.637625856853,2.622091372369924,1
2022-03-01,283.5684814453125,285.846139930817,280.5316034646398,280.5316034646398,3054.299,-1.1387746543142043,2.2777134417891602,0.7592737157596048,53.511003786882924,284.09990234375,282.77126159667966,280.1329818725586,-39.99975489110693,-0.37784948629449516,0.6060734784027579,True,50.0,51.5155100847888,49.244504036507685,0.43983799805577983,7.971832275390625,-24561.309197285394,24.56240941852009,0
2022-03-02,283.1888427734375,284.7072816086838,281.29079422937957,281.29079422937957,2250.327,0.7591907647397989,-1.138858322133217,0.7591907647397989,52.59983918201721,283.41660766601564,283.5684448242188,279.98113708496095,-42.49994805544009,-0.2673785871430859,0.34749776896689044,False,33.33333333333333,39.2857489996968,46.50639263378699,0.35605098220556836,7.971832275390625,-24311.27286395202,-3.3235446942568614,1
2022-03-03,288.5033874511719,288.8829971715023,283.94807080720597,283.94807080720597,2666.725,2.6572765778263943,4.175715562818539,2.6572765778263943,62.38197899030595,283.7962219238281,284.4035888671875,280.5695327758789,-7.692145673800161,1.4912113828609512,1.8425520365081427,True,50.0,89.28591232109935,60.02905713519497,0.6215656803140704,8.3514404296875,-22054.813248567363,111.11178317355571,0
2022-03-04,285.4665222167969,289.64222932369154,285.4665222167969,286.22574169077774,3523.345,2.2776708835717727,0.7592321521892131,1.5184514095909094,55.27143526975932,284.5554443359375,284.7452423095703,281.1769088745117,-33.33323100630546,0.4899828723894606,0.4676107023698022,False,50.0,57.692506643620355,62.08805598813883,0.5577130623263259,3.416534423828125,-25578.158248567364,81.10486867600162,0
2022-03-07,276.3558654785156,282.8092304690853,272.55976842523927,282.4296207637577,5173.168,-3.796120927020013,-6.832998854606217,-12.906753791557605,40.254764018652516,283.4166198730469,284.1378662109375,281.3477325439453,-77.77780920534526,-2.4128712810647555,-2.6304057114366333,False,50.0,22.22219079465474,56.40020325312481,-0.09811967391662169,-6.073760986328125,-26919.349952271026,-188.07039348342235,0
2022-03-08,272.18017578125,276.73549253072696,269.5229076773884,273.31900496861925,4614.491,-9.110615795138472,-6.073737938358363,-3.0368607478508807,35.44040277151886,281.1389587402344,282.6194305419922,281.13894805908205,-86.79245677077849,-3.3258415834626276,-3.822932743828055,False,33.33333333333333,13.20754322922152,31.040746889165533,-0.7754525418158501,-15.184356689453125,-28133.68968911309,-200.202802051441,1
2022-03-09,273.3190002441406,274.45782941182455,271.0413419087728,274.0782196892632,2433.008,0.7592147206439677,-2.27766311890241,1.51843423138439,37.658673551749246,279.164990234375,281.2907989501953,281.00608520507814,-81.132104583408,-2.328735631682504,-3.1607232478167204,True,33.33333333333333,18.86789541659201,18.09920981348942,-1.089827076308016,-13.28631591796875,-27322.687022446422,-132.6290759462051,1
2022-03-10,278.2539367675781,280.1519854494852,277.11510755843386,278.63354650395956,3040.54,4.555326814696343,5.694156037660662,6.073765649661084,46.36983777443709,277.11510009765624,280.4556610107422,281.0250671386719,-56.603760088531466,-0.2721058945789202,-1.146319401002555,True,50.0,43.39623991146854,25.15722618576069,-0.9154833868641422,-8.35137939453125,-28082.82202244641,-33.694168084738074,1
2022-03-11,282.04998779296875,283.94803616304256,279.39272007486545,280.15193942289494,3511.628,1.5183929189353762,3.7960507135573494,2.2776125164315886,51.99837025659259,276.4317932128906,280.4936187744141,281.0820068359375,-37.73607114690089,1.479615096432323,0.33759928943835016,True,50.0,62.26392885309911,41.509354727053214,-0.5145544070117947,0.37957763671875,-27497.550689113097,20.195364145399974,0
2022-03-14,280.53155517578125,280.53155517578125,273.31897121321043,279.7723358113001,4999.862,-0.37960361159485956,-3.416480987261309,-6.0737488616550195,49.72127917238433,277.2669311523438,280.34177551269534,281.15792694091795,-45.283207396728216,1.232869830710454,-0.022555978765017023,False,50.0,54.716792603271784,53.45898712261314,-0.33060867333482036,-1.5184326171875,-22497.688689113096,-32.1432420404938,0
2022-03-15,279.3927307128906,279.7723404013592,274.8374144512674,279.3927307128906,3353.99,-0.37960509840945633,-0.7592147744220483,1.5184432380569888,48.00141352679347,278.7094421386719,279.9242004394531,281.3477310180664,-50.94355958409871,0.6380994806857246,-0.3610166059875336,False,50.0,49.0564404159013,55.345720624090724,-0.26732734439664063,-4.175750732421875,-19659.69715065153,-27.083599155066267,1
2022-03-16,287.744140625,287.744140625,279.3927275725594,280.15194694096306,6401.122,0.7592162280724324,7.971800223640798,4.555313121291988,59.271804275405024,281.59447021484374,280.3797302246094,281.9740875244141,-9.434158527110704,2.6868330938726657,2.4439616076347157,True,66.66666666666666,90.5658414728893,64.77969149735412,0.3232604414661014,4.5552978515625,-13258.57515065153,79.88142267744442,0
2022-03-17,286.2257385253906,291.9198845172751,280.53159253350617,291.5402747844828,13562.715,11.388327843519733,4.175743892275079,1.138864960946762,56.828760898472694,283.18883056640624,280.15196533203124,282.27777709960935,-25.423725856356523,1.3668024828316814,1.8230986040265635,False,50.0,74.57627414364347,71.39951867747801,0.5827889904281485,-2.27764892578125,-13258.57515065153,103.56018517095085,0
2022-03-18,282.8092041015625,289.2625684904572,281.6703750917576,286.22569113097734,6675.624,-5.314583653505451,-2.6573160268178526,1.138782558251421,51.607412405697374,283.340673828125,279.8862335205078,282.31573791503905,-40.67817045507412,-0.11173678135625098,0.6190110515410099,False,33.33333333333333,59.32182954492589,74.82131505381955,0.49874844345314906,-2.657318115234375,-17931.511950651595,86.57983087220951,1
2022-03-21,284.32769775390625,285.4665269838952,282.05003929392836,282.80925878058764,4101.126,-3.416432350389698,-3.7960415065620055,0.37966420217077257,53.67127410414286,284.09990234375,280.68341674804685,282.4106414794922,-33.89826590277994,0.29012519083006,1.2846610262065077,True,33.33333333333333,63.63641416102919,65.8448392831995,0.5175762016339236,7.971832275390625,-16564.46995065164,60.9235857122787,0
2022-03-22,282.42962646484375,283.56845560381487,279.3927487609207,282.0500167518534,4220.389,-0.7592420287342634,-1.8980713800803528,-2.6572905330076537,50.721543798622626,284.7072814941406,281.70836181640624,282.16389617919924,-42.372942206781076,-0.49041261948450904,0.6993023732909347,False,33.33333333333333,48.979612466891446,57.312618724282174,0.3806759847006175,10.24945068359375,-14646.111314287973,14.077555190344892,1
2022-03-23,282.8092041015625,283.94803311136747,281.6703750917576,282.04998476169254,2290.338,-3.199016083499373e-05,0.37957750755259667,2.277626330836881,51.305389331037524,283.7202941894531,282.6573822021484,281.9740905761719,-40.67817045507412,-0.556181989072299,0.64166615563801,True,50.0,51.0202522490026,54.545426292307745,0.2978316213746676,9.490203857421875,-14646.11131428803,20.138281499993624,1
2022-03-24,283.1888427734375,285.46650102630696,282.8092330646259,282.8092330646259,2131.626,0.7592483029333721,1.5184679149394924,1.1388579728683226,51.92683331395164,283.1129150390625,283.1508728027344,281.80326690673826,-41.818252871165754,-0.1561447999000727,0.44883481232818373,True,50.0,53.06122016100315,51.0203616256324,0.25253633488415367,4.934906005859375,-16168.701314288017,37.82526378910979,1
2022-03-25,283.94805908203125,286.22571730996196,282.8092299680659,285.0868881959966,4277.211,2.277655131370693,0.7592162836550074,-3.0965600217314204e-06,53.22904319962334,283.34068603515624,283.34067993164064,281.91714935302736,-42.85717214488515,0.24570103985248243,0.4026856211188779,True,66.66666666666666,53.33329779335054,52.47159006778543,0.2567987126950799,1.8980712890625,-17594.438314288018,45.705248993532265,1
2022-03-28,286.9849548339844,286.9849548339844,282.4296380905878,283.18885754782053,2708.976,-1.898030648176075,0.7592375240224101,-0.37959187747810574,58.17313461324607,283.87213745117185,283.98601989746095,282.1638977050781,-26.53057730349364,1.0695232857407955,1.2161182821845928,True,83.33333333333334,60.60614786683578,55.66688860706315,0.4366703183000199,6.453399658203125,-14885.462314288017,76.36784056151654,0
2022-03-29,285.4665222167969,288.1237903757298,285.0869124798065,287.7441806387394,1441.316,4.5553230909188756,1.1388355417454363,2.657274389218685,55.00180501585849,284.4795166015625,284.59339904785156,282.25879974365233,-34.69379269171704,0.4676089039305643,0.5795893026832174,False,66.66666666666666,48.48493361936509,54.14145975985047,0.42547554455492453,6.07379150390625,-15966.449314288031,112.1580565610231,0
2022-03-30,285.0869140625,286.2257432797936,283.9480848452064,285.4665238015979,2407.598,-2.277656837141535,-1.8980470959361924,-1.1388276346000907,54.196027876748225,284.93505859375,284.3276763916016,282.3537033081055,-39.999897136491875,0.17786324326214015,0.3116728535863411,False,66.66666666666666,57.69269812029977,55.59459320216687,0.3668182862315662,-2.6572265625,-15966.449314288031,40.3110084561975,0
2022-03-31,283.5684814453125,285.846139930817,283.5684814453125,284.70731068806475,1772.161,-0.7592131135331215,-0.37960334897661596,-0.37960339989388103,50.939595642230245,285.010986328125,284.06195068359375,282.1069580078125,-66.66638814232667,-0.3999947691617437,-0.34462734204214546,False,50.0,47.826283147123554,51.33463829559613,0.2079742026893906,-2.657257080078125,-17738.61031428803,6.4473493125955175,0
2022-04-01,283.5684814453125,283.5684814453125,280.1519937170557,281.6704327073921,1767.992,-3.0368779806726707,-2.277658485504503,-3.4164877282568114,50.939595642230245,284.93507080078126,284.13787841796875,282.0120559692383,-66.66650090166337,-0.4221248730892661,-0.2226108053464708,False,33.33333333333333,47.826283147123554,51.115088138182294,0.09109063439477005,0.75927734375,-15970.61831428803,-99.99837640774776,0
2022-04-06,279.0131530761719,281.67042120070687,277.8743238799426,279.77237254032474,3415.784,-1.8980601670673423,-1.898060244605631,-2.2776698371130806,41.942024944939206,283.34071044921876,283.60642395019534,282.1449203491211,-89.99995842047684,-1.737969617098277,-1.6173979191075445,False,16.666666666666664,11.111107067839631,35.58789112069557,-0.28428369448444424,-5.314544677734375,-17336.931914288052,-174.2663259812513,0
2022-04-07,273.6986083984375,277.8743153226855,273.6986083984375,277.11509588191313,3853.26,-2.657276658411604,-3.796105878021365,-4.175715481505108,34.24385696110916,280.98712768554685,282.7333221435547,282.2208419799805,-100.0,-2.852014235211579,-3.232301654813331,False,0.0,0.0,19.645796738321057,-0.8498007528056525,-8.73101806640625,-21190.19191428805,-221.0297671874715,1
2022-04-08,276.7354736328125,276.7354736328125,274.07820571041236,274.45781541361237,1966.484,-2.657280468300769,-1.1388416898730043,0.37959731197486235,40.99496530776832,279.31683959960935,282.1259490966797,282.39166564941405,-78.94747366684494,-1.2641158019075547,-1.939249091661168,True,16.666666666666664,21.05252633315505,10.72121113366489,-0.9699459136073443,-6.07373046875,-19223.70791428805,-131.09220657686672,0
2022-04-11,270.6617126464844,277.49468715929885,270.6617126464844,276.7354677689861,4548.077,2.277652355373732,0.7592135264863487,-3.4164930639279874,33.49245687950952,276.73548583984376,280.87323608398435,282.0120544433594,-100.0,-2.5956359820307013,-3.7570365818609384,False,16.666666666666664,0.0,7.017508777718345,-1.3838505678557544,-12.527130126953125,-23771.78491428805,-129.29667987656586,0
2022-04-12,264.9675598144531,268.0044372908365,264.5879501299052,267.6248276062886,5186.162,-9.110640162697507,-9.490249868462342,-6.0737625165791655,28.21201714270785,273.0153015136719,278.9751861572266,281.1579330444336,-98.38709950193828,-3.5689690939560608,-5.281022343834755,False,16.666666666666664,1.6129004980617192,7.555142277072252,-1.9328006346670992,-18.980499267578125,-27805.466469843625,-163.431858416202,1
2022-04-13,269.143310546875,270.6617495344455,265.34721307794865,265.7268228248413,3155.116,-1.8980047814472982,2.657312243608999,0.7592629480434425,36.252469064500914,271.0413330078125,277.19102172851564,280.5885208129883,-80.6450062143928,-1.1846603877507944,-3.384050546636727,True,33.33333333333333,21.05279584389263,7.555232113984778,-1.9033382490084443,-17.841644287109375,-26453.273898415024,-102.97836155350399,1
2022-04-14,271.0413513183594,273.3190097327994,269.52291237539936,272.93939999705935,1642.596,7.212577172218062,2.6572601983538675,4.175699297450706,39.60658323654824,270.5098815917969,275.7485046386719,280.1709518432617,-72.58053623303702,5.629690763901185e-06,-2.325579093539161,True,50.0,30.3572470134657,17.674314451806676,-1.653902646479425,-14.4251708984375,-26781.793098415015,-58.93338812715716,0
2022-04-15,270.6617126464844,271.04132234164075,268.76366417070255,270.282102951328,1226.793,-2.6572970457313545,-2.277687391158622,-0.759248204696803,39.15703352301471,269.2951293945313,274.3059844970703,279.31683044433595,-74.19355989358958,0.04676873290236762,-1.981906876816171,False,50.0,31.999960462902525,27.803334440086946,-1.4212545219820654,-14.425201416015625,-25963.931098415025,-60.76405713829201,0
2022-04-18,269.52288818359375,271.80054639359594,267.24522997359156,269.1432784819267,1570.944,-1.1388244694012997,0.7592240519551865,-1.5184341971109916,37.75468456548557,269.06736450195314,272.90142517089845,278.48168792724607,-77.19296963648998,0.07046998623686898,-1.922417822148343,False,33.33333333333333,28.888900401087874,30.415369292485362,-1.2565343996468537,-14.04559326171875,-25963.931098415025,-58.302522161737365,1
2022-04-19,271.0413513183594,273.3190097327994,269.52291237539936,269.52291237539936,1824.443,0.37963389347265775,1.5184633392034357,2.2776824018077946,40.83669945831198,270.28212280273436,271.6487121582031,277.89329528808594,-69.64275298653429,0.6106203512174345,-0.947972966806371,True,50.0,48.571607770956746,36.48682287831571,-0.9705793514409837,-12.527130126953125,-26328.819698415013,-15.027010877326388,1
2022-04-20,272.93939208984375,274.45783098881367,271.8005629156163,272.5597823651013,1950.89,3.036869989701927,1.138821256014296,2.277650540216939,44.578625494485415,271.0413391113281,271.0413360595703,277.3238800048828,-55.999956897100525,0.8179484954365221,0.06959100042423745,True,66.66666666666666,64.70606738883014,47.388858520291585,-0.5971909318727011,-6.073760986328125,-26607.51826984357,49.59909154832429,0
2022-04-21,272.18017578125,275.21705361423466,272.18017578125,274.83744388511155,1849.928,2.2776615200102697,0.7592226254209891,0.3796128656337032,43.38134912432979,271.26910400390625,270.8894927978516,276.8114074707031,-55.55546021487571,0.34989733848155263,0.13966797212569604,False,50.0,58.823741694390705,57.36713895139252,-0.35679342702968464,-1.5184326171875,-28457.44626984357,63.43595132999637,1
2022-04-22,275.5966491699219,276.3558685891228,271.0413326547166,272.1801617835179,1886.948,-2.657282101593637,1.1388149748881347,-1.138843126533402,49.976743546252756,272.25609130859374,270.7756103515625,276.4507797241211,-17.14288384908534,1.3258880270754436,1.502969492370744,True,50.0,93.54839666987804,72.35940191769963,0.05494188018278834,-1.138824462890625,-27109.626269843593,109.85755806607212,0
2022-04-25,270.2821044921875,272.1801529787899,269.902494794867,271.42093358414894,2281.617,-0.7592281993689767,-4.1757156103328725,-1.138837859849616,41.72803798031855,272.4079345703125,270.73764953613284,275.8054428100586,-55.88230898859645,-0.6049375192679833,-0.3498992202933897,False,50.0,44.82737614261591,65.73317150229488,-0.004833842015176337,-0.379608154296875,-28630.704269843536,-0.00048373122066238083,1
2022-04-26,271.800537109375,274.83741461897694,271.0413177319745,271.0413177319745,1509.33,-0.3796158521744246,2.6572616401870164,1.138822937107534,44.579117355628696,272.5597717285156,271.420947265625,275.1980667114258,-44.1176575997176,-0.1858803135197725,0.36210104925953596,True,66.66666666666666,49.999866398145166,62.79187973687971,0.07906566455611497,6.832977294921875,-29536.302269843538,50.17216944416937,0
2022-04-27,269.52288818359375,270.2821075869278,268.0044493769256,268.38405907859266,1792.892,-2.6572586533818594,-4.555307032049143,-3.0368683550489095,41.27456954277986,271.8764709472656,271.4589050292969,274.32496337890626,-58.06447783615377,-0.9302343581547757,-0.4440318528485947,False,50.0,24.999984151707896,39.94240889748965,0.00618260791996228,0.37957763671875,-28938.67160317684,-109.09121087871222,1
2022-04-28,270.6617126464844,271.04132234164075,268.38405447554624,269.9024932561716,2021.84,1.5184341775789676,0.7592147547129571,0.37960509862062963,43.55675591007305,271.5727783203125,271.4209411621094,273.5847229003906,-51.72435395819831,-0.3726151719111673,-0.19830179083389085,True,50.0,37.49992527492653,37.49992527492653,0.05686918705690314,-0.379638671875,-27494.500174605437,-62.14717549344221,1
2022-04-29,271.0413513183594,272.5597902613194,271.0413513183594,271.0413513183594,1804.614,1.1388580621877509,1.518467919678642,2.657296842813139,44.34333839138106,270.66171875,271.4589050292969,272.88244476318357,-58.333092717601275,-0.16312397675155937,-0.11657118907974275,True,66.66666666666666,36.36390252088407,32.954603982506164,0.13377066575397922,0.379638671875,-29299.114174605438,-0.6096803088481862,1
2022-05-03,274.8374328613281,275.217042575225,268.76367743897833,269.9025065806689,1423.913,-1.1388447376904764,2.6572523139055875,-2.277673879381041,51.68754752052926,271.5727844238281,271.9903594970703,272.4458923339844,-16.666622306872497,1.282352455823355,1.164416305793594,True,66.66666666666666,81.8182312585027,51.8940196847711,0.4407963452347028,5.314544677734375,-28042.720351076023,52.564127420970365,0
2022-05-04,274.45782470703125,276.35587328730116,273.6986052749233,275.5966538551932,1234.452,5.694147274524312,1.1388307120761851,4.934927835944961,50.95405582443696,272.1042419433594,272.3320068359375,271.9903594970703,-20.833310172660926,0.8837229206842088,0.9071886693939968,False,66.66666666666666,77.27275491414301,65.15162956450992,0.60847719672413,3.416473388671875,-28571.77120821889,116.43834607856414,1
2022-05-05,277.8742980957031,278.25390779255514,275.9762496114428,276.3558593082949,1594.509,0.7592054531016856,1.8980345052539747,2.277644336519529,56.951889757356156,273.77452392578124,272.82549743652345,271.93341674804685,-3.7037049320883417,1.76088622216977,1.9025481274729628,True,66.66666666666666,96.29629506791166,85.12909374685245,0.9208995153918571,4.934906005859375,-27508.765208218836,168.9491600810205,0
2022-05-06,271.800537109375,274.4578049302767,271.4209274206748,272.93936617547575,2507.204,-3.4164931328191415,-3.796102862278417,-4.555322190768038,46.03400889416188,274.0022888183594,272.78753356933595,271.83851318359376,-62.96304079188526,-0.6015783242076711,-0.34795221463836556,False,66.66666666666666,37.03695920811474,70.2020030633898,0.6999217842119418,-0.379638671875,-29389.16820821888,-2.3478318544579357,0
2022-05-09,270.6617126464844,272.55976112226614,267.6248350852335,269.5228835610153,2183.325,-3.416482614460449,-1.8980438080105841,-3.796092335441301,44.297037966674154,273.9263610839844,272.2940399169922,271.53482513427736,-71.42857476965993,-1.0180504746345056,-0.6963815824647388,False,50.0,28.571425230340072,53.96822650212215,0.4695441099688684,-4.9349365234375,-28885.32397744963,-70.34508626326705,0
2022-05-10,265.726806640625,266.86563581194196,260.4122705078125,265.726806640625,4501.209,-3.7960769203903055,-5.694125310324182,-7.212564577421006,37.59175628117828,272.10423583984374,271.83851013183596,271.2880798339844,-70.21273301325733,-2.506959141221008,-2.3142178037388077,False,33.33333333333333,29.78726698674266,31.79855047506582,0.002024270146651297,-4.5552978515625,-25972.776977449616,-194.55774571355738,0
2022-05-11,265.3471984863281,266.486027664381,262.6899304042047,264.2083693082752,2054.231,-1.5184373323497766,-0.37960814756092986,2.2776598963922083,37.120238251569795,270.2821105957031,271.19317626953125,271.30706176757815,-72.34038614418102,-2.077977973571996,-2.146518539337259,False,16.666666666666664,27.659613855818975,28.67276869096723,-0.29891966915088,-6.453338623046875,-25151.084577449616,-130.29017016080556,0
2022-05-12,256.61614990234375,261.1714661727995,255.47732083472977,261.1714661727995,5157.864,-3.0369031354757112,-5.3145614915815145,-7.212609569474921,28.234317832646028,266.0304809570313,269.9025024414062,270.6807037353516,-95.00000123054998,-4.249295322296623,-4.967201934515981,False,16.666666666666664,4.999998769450023,20.815626537337216,-1.011969201870468,-12.90673828125,-28245.80297744955,-180.0769094263504,0
2022-05-13,252.4404754638672,256.99579231434296,249.40359756354997,256.61618257680334,4306.471,-4.555283595996173,-4.175673858456548,-6.0737232711798015,25.099543550556234,262.15846862792966,268.0803787231445,269.75065994262695,-89.47367332894729,-4.293588598422626,-5.9516725737247675,False,0.0,10.526326671052718,14.395313098773903,-1.6529194836782355,-18.221237182617188,-29107.097177449526,-156.7459488591832,0
2022-05-16,252.0608367919922,255.85693373163062,250.54239801613681,255.09771434370293,2657.683,-1.518468233100407,-1.138858582712345,1.1388004525868496,24.826160920514695,258.43829345703125,266.1823272705078,268.8206161499023,-90.78956445407398,-3.2305119782202283,-5.581233814730404,False,0.0,9.210435545926016,8.245586995476247,-1.9690582066692768,-18.980514526367188,-30246.104177449528,-117.31107294620078,1
2022-05-17,252.4404754638672,256.61618257680334,252.06086572632753,255.47735336418438,2784.071,0.3796390204814486,0.7592488451727206,1.5184677101907198,25.708896162934508,255.7810272216797,263.94263153076173,267.966495513916,-89.47367332894729,-1.941503936041087,-4.8980988962724785,True,16.666666666666664,10.526326671052718,10.08769629601048,-2.012095634765548,-22.396957397460938,-32566.16334411619,-88.42430817656358,0
2022-05-18,252.0608367919922,254.71810464973908,252.0608367919922,253.1996658738837,3108.776,-2.2776874903006785,-1.8980779270642643,-2.8934335347230444e-05,25.383728233098466,253.1237548828125,261.7029327392578,267.01746978759763,-90.78956445407398,-1.21498142203633,-4.471889714957258,False,16.666666666666664,10.605960067095035,10.114240761357918,-1.925571702287371,-22.396987915039062,-35674.93934411619,-75.82544002995792,0
2022-05-19,246.74630737304688,247.8851364839994,244.089039447491,247.8851364839994,3816.483,-5.314529389884314,-6.832968165739686,-7.971797344501198,21.274449996414077,251.14978637695313,258.5901336669922,265.7078155517578,-92.2222210877046,-2.1084351875638405,-5.648966951804893,False,16.666666666666664,9.333335332733084,10.155207356960275,-2.072921377797104,-31.12799072265625,-34148.34614411618,-114.64092021755617,0
2022-05-20,245.98709106445312,247.8851396066171,244.46865223072191,247.5055298981843,2681.914,-0.37960658581508255,3.1226176986365317e-06,0.3796127832309253,20.750925645691453,249.8591094970703,256.0087890625,264.39816131591795,-94.44443456420827,-1.7189090604489605,-5.078124827497507,False,16.666666666666664,8.333341762707608,9.424212387511902,-2.063700138645472,-25.813446044921875,-34446.33658856059,-103.69506753551671,0
2022-05-23,245.60748291015625,249.02397030767003,245.22787319932138,248.2647508860003,2386.232,0.7592209878159792,1.1388307010529388,0.7592209685994646,20.476083080121356,248.5684387207031,253.50336608886718,262.89870300292966,-94.99998291492628,-1.4220409285641777,-4.230911088209592,False,16.666666666666664,6.779677017109695,8.148784704183457,-1.9278973804275088,-25.054229736328125,-36355.32218856058,-94.52737368939194,0
2022-05-24,244.46864318847656,247.50552074361292,244.46864318847656,245.98708196604474,1841.179,-2.277668919955545,-1.5184495640571072,-0.7592300108448171,19.62537582539521,246.974072265625,251.37754974365234,261.60802993774416,-98.66668732418574,-1.3782578028778052,-3.82078792559808,False,16.666666666666664,2.2221886099073367,5.778402463241542,-1.7639331001629888,-21.258163452148438,-38196.50118856058,-92.37174221936412,1
2022-05-25,248.26475524902344,249.02397468403572,245.60748722648034,245.9870969439865,2089.052,1.4977941759752866e-05,1.518453940422802,1.138844038003782,30.174413097251872,246.21485595703126,249.66930541992187,260.4312408447266,-81.66663826887769,0.43511982454340997,-1.6048128995994888,True,16.666666666666664,32.35295387313732,13.784939833384778,-1.271955547831829,-17.082443237304688,-37035.916744116104,-45.40409439479524,0
2022-05-26,245.60748291015625,250.1627994401746,245.22787319932138,250.1627994401746,1993.941,4.175702496188109,1.138824756138888,-0.379614027158965,27.425655220057834,245.98709106445312,248.5684387207031,259.2354705810547,-93.22032298289031,-0.2056546854639761,-2.0068154910393314,False,16.666666666666664,12.121227058643912,15.565456513896182,-1.0091167795942555,-11.0086669921875,-38723.09759026994,-45.33329776954086,1
2022-05-27,249.783203125,250.162812856193,245.6074960818769,246.74632527545592,1829.13,-3.416474164718693,1.3416018390444151e-05,0.379622882555509,37.22834229803391,246.7463134765625,248.3027114868164,258.1915451049805,-66.66654118250773,1.2827141290934032,0.17762528481936152,True,33.33333333333333,45.45460699802493,29.97626264326871,-0.4653106016967543,-2.6572723388671875,-37198.822590269934,-4.738995452527473,1
2022-05-30,256.99578857421875,256.99578857421875,251.30164259399234,252.82008152205273,3081.146,6.073756246596815,6.83297571802575,5.694146512115452,49.963330589467745,249.023974609375,248.79620666503905,257.48926696777346,-2.8978041591676385e-05,3.437743010718481,3.0572164935837343,True,50.0,99.99999999999999,52.5252780188896,0.4209594684606852,4.9349517822265625,-34117.67659026993,137.45427217288525,1
2022-05-31,259.2734069824219,260.41223600284246,253.5792618803189,256.9957489415807,5203.4,4.175667419527969,3.4164474286237123,2.277619286326569,53.23193883459128,251.98492736816405,249.47949981689453,256.7110656738281,-6.976752479570115,3.40650031780495,3.7336948995345183,True,66.66666666666666,93.02324752042988,79.49261817281825,1.1595220107342747,6.8329315185546875,-30648.743256936592,157.7695754866141,1
2022-06-01,260.4122619628906,262.68992023078766,258.13460369499364,260.03265225157446,2079.533,3.036903309993761,2.277684227945201,4.555341814674733,54.84107964833031,254.4144287109375,250.31464233398438,256.00878753662107,-12.244894714568265,2.771535243720549,3.900038111868563,True,83.33333333333334,87.50000747692846,93.5077516657861,1.6914716604092384,8.351425170898438,-30648.743256936617,149.6150315448676,0
2022-06-02,260.03265380859375,261.93070237653967,258.1346052406478,258.514214954237,1174.805,-1.5184372973374707,-0.7592178542479928,1.5456541291314352e-06,54.163428005245684,257.299462890625,251.64327697753907,255.11670532226563,-14.285702129654531,1.8334989575533909,3.487348760426787,False,66.66666666666666,85.4166839348112,88.64664631072317,1.9652746962015764,13.286346435546875,-30648.7432569366,104.08984662408626,0
2022-06-06,258.1346130371094,261.55110056260054,258.1346130371094,260.4122713874368,2742.755,1.8980564331998266,-0.37960181393913217,7.79646160253833e-06,50.743333853348524,258.96974487304686,252.8580291748047,254.43340911865235,-24.48973920508587,0.2703395325517225,2.525446679291347,False,66.66666666666666,75.0000662242249,82.63891921198818,1.961541147108722,12.14752197265625,-33391.4982569366,75.49680081383302,0
2022-06-07,257.3753967285156,259.6530551066441,255.85695780976334,258.13461618789177,2058.328,-2.277655199545052,-1.898045455956435,-2.277655227346031,49.382657221916084,259.04566650390626,254.03482055664062,253.76909332275392,-29.166580860009635,-0.5135689243792452,1.865535905982187,False,50.0,69.56528926594136,76.66067980832581,1.8522551298666174,11.767913818359375,-33803.16385693662,46.409663657691645,0
2022-06-08,256.99578857421875,260.7918858943697,255.4773496461584,260.7918858943697,4380.9,2.657269706477962,1.1388307877256238,-0.3796081636049564,48.67078370978008,258.59014282226565,255.28753509521485,253.3325424194336,-31.249904402126894,-0.6603034645032796,1.3473098782231898,False,33.33333333333333,67.39138517776183,70.65224688930935,1.7025438655498175,12.527145385742188,-35680.692428365226,39.71890998504424,0
2022-06-09,252.82008361816406,256.6161809697881,252.82008361816403,256.6161809697881,3197.633,-4.175704924581623,-4.175704924581623,-2.6572660279943534,41.49306086547227,257.0717071533203,255.7430679321289,252.7061866760254,-54.16654710701746,-1.8664019311844113,-0.5351539761367278,False,16.666666666666664,42.22227169524455,59.72631537964924,1.2892044800227076,4.555328369140625,-38878.32542836518,-30.386583367218982,0
2022-06-10,249.783203125,252.44047124335106,249.02398366261397,252.44047124335106,1761.963,-4.175709726437049,-4.175709726437049,-3.796099955550062,37.146706630672504,255.02181701660157,256.16063995361327,252.3645393371582,-73.91296726283007,-2.373886346671395,-1.9008544022785696,False,0.0,5.555561147226148,38.389739340077504,0.8020347879775303,4.17572021484375,-39857.1937616985,-116.38162168067616,0
2022-06-13,248.26475524902344,249.40358440154188,244.84826779146806,245.9870969439865,2517.714,-6.453374299364555,-3.036886841809178,-4.175715871145911,35.139002020116024,253.04784545898437,256.0087951660156,252.155753326416,-80.85105923246162,-2.2177949984047776,-2.497205307401008,False,0.0,19.148940767538377,22.30892453666969,0.3892027531810056,-1.5184478759765625,-38598.33676169848,-167.66643676873178,0
2022-06-14,246.74630737304688,249.40357529860276,244.84825885479268,245.9870879657452,3878.147,-8.978241311297097e-06,-9.102939117155984e-06,-8.936675385484705e-06,33.18251334235883,250.92202758789062,254.98384704589844,251.89002685546876,-89.36170529047298,-2.083861895980809,-3.1296612960555517,False,0.0,10.638294709527015,11.780932208097175,0.04371838742273093,-10.249481201171875,-39244.69459503182,-125.53377405483344,0
2022-06-15,246.74630737304688,252.06084322415865,246.36669766939605,247.8851364839994,1970.806,1.8980485182541997,2.6572679255558853,1.5184388146033712,33.18251334235883,248.87213134765625,253.73113708496095,251.60531845092774,-89.36170529047298,-1.3906491785748436,-3.033320258476021,False,0.0,11.111106650742723,13.632780709269367,-0.1446387497592223,-12.527099609375,-40952.72646169849,-81.87457748922021,0
2022-06-16,246.36668395996094,250.16278078522998,245.98707427743403,250.16278078522998,1697.364,2.2776443012305947,-1.8980624389286618,-0.37962339196201356,32.641769193966525,247.58145141601562,252.32657928466796,251.32061080932618,-91.48944107183189,-0.8403439446283304,-2.844319252515811,False,0.0,9.090818985960116,10.28007344874328,-0.24853461013881173,-14.045578002929688,-42341.47882533485,-75.81376061954458,0
2022-06-17,245.22787475585938,245.98709418234813,242.19099704990447,244.0890456161263,3577.782,-6.073735169103685,-4.175686602881854,-3.7960772275295653,30.98912845976851,246.6703857421875,250.84610137939453,251.24468917846679,-85.18518422086177,-0.7934464667568095,-2.8449689260399205,False,0.0,16.326519293504287,12.176148310069037,-0.341928388760965,-14.804779052734375,-40194.80962533489,-99.92695003917453,0
2022-06-20,242.9502410888672,245.98711910247803,240.2929728269577,245.98711910247803,3240.46,1.8980734863517341,2.4920129902739063e-05,-1.8980242229467592,27.90643341412492,245.60748291015625,249.32766418457032,251.0928466796875,-87.71928332027416,-1.2599536630853785,-3.1892015437449635,False,0.0,12.962971515469519,12.793436598311303,-0.49574160255250677,-15.184371948242188,-40410.840292001565,-107.7230867028738,1
2022-06-21,252.0608367919922,252.0608367919922,243.7094235247876,245.98708168857067,3125.234,-3.741390736422545e-05,6.0737176895141545,3.4164506978299016,49.72845203912355,246.6703887939453,248.79620819091798,251.4155143737793,-44.64298967729094,2.1800423978547774,0.7077791695826161,True,16.666666666666664,72.09283776855625,33.794109525843346,0.04853868385300153,-5.3145599365234375,-37285.60629200157,6.966452343670397,0
2022-06-22,244.0890350341797,253.57927745386007,244.0890350341797,252.82005806028565,2774.955,6.832976371714977,1.518440661867885,0.37961150939207755,38.58110843351514,246.13893432617186,247.50553283691406,251.39653396606445,-81.48164151563363,-0.8735894686994502,-2.0190525836870816,False,16.666666666666664,28.57124169451632,37.87568365951403,-0.08843094797106943,-12.906753540039062,-40060.56129200157,-20.335243548019758,1
2022-06-23,246.74630737304688,247.8851364839994,244.089039447491,245.9870879657452,2327.832,-6.832970094540457,-5.694140969860683,4.4133113021871395e-06,43.21029020425009,246.21485900878906,246.89815521240234,251.32061157226562,-68.51865011151102,0.20554900517395988,-0.5989576764837601,True,33.33333333333333,48.57132759866375,49.745135687245444,0.03330957330755968,-6.0737762451171875,-39129.42849200156,-37.95407185840118,1
2022-06-24,247.5055389404297,249.78319727423732,244.84827088432078,249.0239778296348,2628.833,3.0368898638895985,1.8980607902379347,0.7592314368297934,44.51379910463361,246.67039184570314,246.6703887939453,251.4155143737793,-55.814040656952976,0.43645933143920984,0.025571372642516233,True,50.0,54.28571988984685,43.80942972767564,0.18961832008809365,-2.2776641845703125,-38927.210568924645,28.571985815527885,1
2022-06-27,249.403564453125,250.92200320169803,247.88512570455194,249.40356445312497,1836.716,0.3795866234901837,1.1388059274607087,3.036854820231156,47.78251129526839,247.9610565185547,246.78426971435547,251.39653244018555,-31.428701343186194,0.9216531531224622,0.9087360611147837,True,66.66666666666666,68.57129865681381,57.14278204844147,0.431642788773428,1.1388092041015625,-38927.21056892463,111.1110318477434,0
2022-06-28,247.5055389404297,250.5424167188399,245.98710005122462,249.40358755193606,2062.82,2.309881108431e-05,-0.37958648285814434,-1.8980256533273234,44.89715733247753,247.04999694824218,246.86019287109374,250.9220199584961,-45.71428011015315,-0.15313462778931386,0.21775704084917757,False,66.66666666666666,54.28571988984685,59.047579478835836,0.4714659793832068,0.7592315673828125,-39614.81723559131,40.40462315542518,0
2022-06-29,245.98709106445312,247.8851396066171,244.46865223072191,244.84826193915472,2622.408,-4.555325612781331,-2.6572771122228005,-1.5184478205027006,42.64949816519851,247.4296081542969,246.78427124023438,250.25770416259766,-57.14294984652199,-0.3587899267276123,-0.32047145380656894,False,50.0,42.85705015347802,55.238022900046225,0.40561492040654556,-0.75921630859375,-39906.19590225795,-33.33344926563796,0
2022-06-30,235.7376251220703,243.3298191678697,234.21918631291047,242.95020946557972,6047.781,-1.8980524735750066,-4.555320438747401,-10.249465917811449,31.161973159261493,245.22787170410157,245.72136535644532,249.02397232055665,-92.15686125594671,-3.9690735346838286,-4.117345570623726,False,50.0,7.843138744053286,34.99530292912605,-0.28113634383414876,-10.629058837890625,-43938.049902257975,-218.9314333885195,0
2022-07-01,234.97840881347656,239.15411559368374,233.8395796916019,236.11723793535126,3932.231,-6.832971530228463,-4.175703574185945,-0.37960662130856804,30.498170205011093,242.72244567871093,244.69641876220703,247.7712600708008,-94.23076717997134,-3.507404782752934,-4.0434053164411266,False,33.33333333333333,5.769232820028675,18.82314057251999,-0.7147688645538093,-10.249465942382812,-46185.03904511514,-164.82526097455968,0
2022-07-04,228.90467834472656,237.25609281169835,227.76584909923042,235.35804406920477,3850.317,-0.7591938661464894,-1.8980227819853894,-6.073730592371476,25.71719605683576,238.62266845703124,243.29186248779297,246.30976333618165,-95.58822939033632,-4.789464605038203,-5.964903460979925,False,16.666666666666664,4.411770609663674,6.00804739124854,-1.3045505024814061,-14.045562744140625,-49111.27996511515,-157.69394957786744,1
2022-07-05,231.18231201171875,234.59879938135006,228.9046537652979,233.08036055040282,2407.18,-2.2776835188019504,-2.6572934303482896,1.1388046660674718,30.193847028177856,235.35802307128907,241.20401000976562,245.0001091003418,-86.76478433801071,-2.611942409171196,-4.570385098286445,True,16.666666666666664,14.754016998549236,8.311673476080523,-1.4253481706234776,-20.878524780273438,-49592.71596511516,-110.53616104457488,0
2022-07-06,226.24740600585938,233.45999109665019,226.24740600585938,233.08038135502963,2823.43,2.0804626814197036e-05,-1.138808284699877,-2.657247759438519,26.429137225304885,231.41008605957032,239.4198471069336,243.46268997192382,-100.0,-3.246747477068025,-6.067762429268397,False,16.666666666666664,0.0,6.388595869404298,-1.7029021341750292,-17.841629028320312,-52416.14596511516,-107.51164663105631,1
2022-07-07,229.6638946533203,231.94155311269208,224.72896799134813,227.76584593717718,3103.33,-5.314535417852454,-1.5184379839581084,-1.518438014511247,32.760899581666266,230.19533996582032,237.71160583496095,242.30488052368165,-82.894718448741,-0.6296146851701042,-3.9046918607979264,True,33.33333333333333,18.84060637624081,11.198207791596678,-1.5273103145899611,-17.082412719726562,-51272.813859851994,-87.73124327905275,1
2022-07-08,231.56195068359375,233.8396092149078,230.42312141793673,230.42312141793673,2121.17,2.6572754807595516,1.898056102215719,5.694153426588599,36.09421593207181,229.51204833984374,236.11724700927735,241.39381790161133,-73.91297863202337,0.4942396067070665,-2.6854470546651803,True,50.0,26.470630733538442,15.103745703259746,-1.1703220835052033,-15.943588256835938,-51979.87052651866,-49.88648356429573,1
2022-07-11,234.97840881347656,236.11723793535126,233.8395796916019,235.35801852076813,1908.87,4.9348971028314,2.2776287204434595,3.416458273665171,41.76323021381485,230.72679443359374,234.6747314453125,240.729500579834,-60.86959476128801,1.9769286274946734,-0.8410127164051256,True,66.66666666666666,44.26224244844537,29.857826519408203,-0.6187837334004858,-14.425155639648438,-51979.87052651868,-6.85616731994145,0
2022-07-12,232.70074462890625,233.83957372170676,229.28425735050467,233.4599640241066,2826.185,-1.8980544966615298,-2.277664213644499,-4.555322341097224,39.232118603912824,231.03048095703124,233.19425201416016,240.02722244262696,-69.5652811003432,0.7119313147813646,-1.288250245615197,False,66.66666666666666,42.857052948309644,37.86330871009781,-0.33619293974748654,-14.804794311523438,-50566.77802651866,-33.991551315344225,1
2022-07-13,237.6356964111328,241.0521840592162,236.1172574564291,238.01530614980874,3031.893,4.55534212570214,7.212610337509432,6.8330001059244125,46.84644227579209,233.30813903808593,232.35911254882814,239.57169189453126,-49.99998428711,2.3712205210642754,1.2262539717915613,True,66.66666666666666,79.06976398597905,55.39635312757802,0.2240714122686347,-8.351394653320312,-51732.89071882635,118.1769594425212,0
2022-07-14,237.25607299804688,238.01529243164063,234.97841469726563,236.87646328125,1854.228,-1.1388428685587257,-3.0368916275755566,-1.1388427591634525,46.35897029701971,234.82657470703126,232.51095733642578,239.11616134643555,-45.90165760199111,1.406162932350793,1.433593232617282,False,66.66666666666666,76.7440984338749,66.22363845605453,0.5893317108886489,1.5184478759765625,-50805.77671882635,89.39393709969936,0
2022-07-15,235.3580322265625,238.77451979114164,235.3580322265625,238.39491006174396,1473.613,1.5184467804939459,0.7592273595010113,0.37961752929686554,43.86912088125334,235.585791015625,232.54891967773438,238.6226692199707,-42.85710834227505,0.18852818324642814,1.0046171038274412,False,50.0,65.11623806865782,73.64336682950392,0.7149746435867694,0.3796234130859375,-52279.38971882635,80.36782354131712,0
2022-07-18,234.2191925048828,236.4968507788363,230.42309538162704,235.73763135418514,4138.145,-2.6572787075588167,-2.2776690123053527,-4.934936844935464,42.37928457952116,235.43394775390624,233.08037109375,238.18611679077148,-41.86057162953316,-0.4838722173311696,0.5704936944545854,False,33.33333333333333,58.13942837046684,66.66658829099985,0.7306645088669246,5.31451416015625,-51244.85346882636,9.876362717516471,1
2022-07-19,236.87646484375,238.39490372095352,233.83958708934293,234.5988065279447,3183.896,-1.1388248262404375,1.898052942117232,3.416491707715892,46.964000196353986,236.269091796875,233.64978637695313,237.42689819335936,-25.581473639168518,0.5100671697140116,1.6424577259386892,True,33.33333333333333,74.41852636083149,65.89139759998538,0.9172091040503476,5.69415283203125,-50183.554802159684,61.81813255671243,1
2022-07-20,239.913330078125,241.81137857557852,238.77450097965288,239.1541106791436,2598.454,4.5553041511988965,3.416474854624994,4.934913890309957,51.75036506093549,236.72461853027343,235.0163787841797,237.21811294555664,-11.111127952899679,1.28204599658231,2.5419083969664786,True,50.0,84.84848622958602,72.46881365362812,1.2231973847137771,13.665924072265625,-50833.16830215968,130.11949318003832,1
2022-07-21,244.46864318847656,245.22786257726065,239.91332685577203,239.91332685577203,3565.072,0.7592161766284278,3.416484001682136,1.1388258761191423,57.95891566288751,238.16713256835936,236.49685363769532,237.10422973632814,-3.7037089273382007,2.711319050400133,3.9967629866873224,True,50.0,95.238094659356,84.8350357499245,1.682126123939855,14.80474853515625,-48286.68830215967,175.2842381914314,1
2022-07-22,247.5055389404297,248.26475838503225,241.43178338360934,245.60749032892335,3646.961,5.69416347315132,3.0368958077716,1.5184565278373157,61.55656318278143,240.5966339111328,238.0912124633789,237.10422973632814,-3.225808149643882,3.2462416985967018,4.501136069610713,True,66.66666666666666,96.00000314416641,92.02886134436947,2.1121214225812217,15.943588256835938,-45450.16307993747,162.7908133684176,0
2022-07-25,247.5055389404297,247.88514866273098,243.3298319951157,245.22788060662205,3035.281,-0.3796097223012964,-0.379609722301268,1.8980486115063684,61.55656318278143,243.2539031982422,239.34392547607422,237.00932846069335,-3.999996855833586,2.3815783566010067,3.8492181020637157,False,66.66666666666666,95.74468229526776,95.66092669959671,2.3028191930018895,12.527130126953125,-42920.762246604165,123.82795802817644,0
2022-07-26,245.22787475585938,247.1259233220812,243.70943590288192,247.1259233220812,3406.195,1.8980427154591553,-0.7592253406497775,0.3796039077662101,57.18848667179042,244.92418518066407,240.59663848876954,236.89544525146485,-16.000018248456445,0.6753250365394582,2.4042268894577443,False,66.66666666666666,82.9786963883733,91.57446060926914,2.1829294184850214,12.527130126953125,-43299.22835771529,87.09677742441896,0
2022-07-27,244.84828186035156,246.36672081762504,242.5706234244413,245.6075013389883,4785.974,-1.5184219830929067,-0.7592025044561694,-1.1388124784406273,56.46007935368877,245.9111755371094,241.3178970336914,236.83850479125977,-17.999928023321146,-0.02582678150433165,1.8957405509812084,False,50.0,80.85113184780685,86.52483684381598,1.9908093456919838,7.21258544921875,-42342.03355771524,59.77732025279455,0
2022-07-28,242.19100952148438,246.74632631499193,242.19100952148438,245.98710684940733,6363.615,0.3796055104190259,0.37960549736689586,-0.379613902956919,51.45511696855309,245.45564880371094,241.81139068603517,237.16117401123046,-34.042504123010595,-1.2638606705956197,0.45926069545130355,False,33.33333333333333,65.9574958769894,76.59577470438984,1.6135943347531776,4.9349365234375,-48705.648557715234,36.796677296320155,1
2022-07-29,246.12550354003906,248.31134282547458,242.19099282625515,242.19099282625515,7292.201,-3.796114023152171,1.56501651048265,-1.669522922043143e-05,57.53544848610412,245.1796417236328,242.8881378173828,237.7185287475586,-12.219415525735663,0.22731540402217096,1.792543168845908,True,33.33333333333333,84.89582518326971,77.23481763602199,1.5571330581381322,10.767471313476562,-46622.16255771526,59.89724194293351,1
2022-08-01,246.9998321533203,247.43699999783945,243.06532155264793,245.68832861976284,3117.094,3.4973357935076876,-0.8743428276351324,0.8743287263927755,58.78684243950828,245.07850036621093,244.16620178222655,238.62328643798827,-7.331689011297464,0.6178942395544559,1.8122434774496057,True,33.33333333333333,86.24795615407136,79.03375907144347,1.5058321733075197,12.7806396484375,-44128.48735771524,63.77379338906427,0
2022-08-02,242.62814331054688,245.2511502652555,240.8794720074078,244.81398243947072,5008.91,-0.8743461802921217,-2.1858497325839608,-2.1858495452401314,50.64589624752967,244.55855407714844,244.74136962890626,239.1955780029297,-31.770577485400214,-0.834578540762857,-0.23887653135129064,False,33.33333333333333,32.32687892674968,67.82355342136357,1.1222343247138344,5.751678466796875,-45130.26935771524,-64.21430545196675,1
2022-08-03,245.6883087158203,245.6883087158203,242.19096624299723,243.065301861203,2159.257,-1.7486805782677095,0.43715845056482294,1.3114942355894357,55.365933490184034,244.7265594482422,245.3188674926758,240.16762313842773,-18.125196123268836,0.38466775457640334,0.6239375111229148,True,50.0,64.70560140418874,61.09347882833659,1.022193786897166,5.7749786376953125,-42971.01235771524,-16.60681342007521,0
2022-08-04,245.6883087158203,246.99981214312896,243.9396374794088,245.6883087158203,1644.92,2.6230068546173015,1.3115034273086508,1.7486712364115533,55.365933490184034,245.42601928710937,245.44083404541016,240.96884384155274,-27.504221544823874,0.32727674831557946,0.3222207050611838,False,50.0,64.70560140418874,53.91269391170905,0.9075033748900099,1.21966552734375,-42736.02378628667,42.58702068853821,1
2022-08-05,246.56268310546875,247.4370188611619,244.37684371623587,247.4370188611619,2076.569,1.7487101453415903,0.43720671803293953,0.4372062368270804,56.77172122045498,245.51345520019532,245.34654846191407,241.7188804626465,-20.822295722161712,0.3856515530711194,0.45197091177480786,True,66.66666666666666,76.47080038373564,68.62733439737103,0.8433751135587477,-0.9428558349609375,-41846.06564342953,82.19772906289867,1
2022-08-08,247.87416076660156,248.3113285986414,245.2511537743624,246.56265727048196,1869.111,-0.8743615906799391,0.874309737479507,0.8743100581265253,58.890323249251,245.68832092285157,245.38341064453124,242.36366806030273,-5.882530382662682,0.7999997517956807,0.8696538227695003,True,66.66666666666666,94.11746961733732,78.43129046842056,0.8402726252975281,0.368621826171875,-40510.98635771523,140.9134563127713,0
2022-08-09,245.6883087158203,247.8741477613347,244.81397309761454,247.8741477613347,2382.884,1.3114904908527478,-0.4371808373066983,-0.43718067674785743,54.071935128299955,246.30035400390625,245.42945404052733,243.01304626464844,-35.294398595811266,-4.140419079840622e-06,0.04179636255458473,False,50.0,64.70560140418874,78.43129046842056,0.650475983794989,0.4604339599609375,-41532.22235771521,60.337048709279976,0
2022-08-10,242.1909942626953,243.93966570141512,242.1909942626953,243.50249784173516,2692.261,-4.371649919599548,-3.9344820599195884,-2.6229788349192233,47.31487180104412,245.60089111328125,245.16372528076172,243.24081115722657,-82.3527307269763,-1.394238962424588,-1.2041104397869309,False,50.0,17.64726927302369,58.823446764849905,0.26843548443214205,-2.65728759765625,-44224.48335771521,-121.5482291755603,1
2022-08-11,246.56268310546875,246.99985098331533,244.37684371623587,246.12551522762217,2393.896,2.6230173858870103,3.0601852819002033,2.1858494535405555,54.985661413694814,245.77576599121093,245.60089263916015,243.70614166259764,-23.52919961626436,0.32612689072054163,0.53359572559325,True,50.0,76.47094677209853,52.94127248310364,0.28749704176326196,4.371673583984375,-42628.55269104854,43.86080770073915,0
2022-08-12,229.07595825195312,231.26179754825037,225.14144751861804,228.2016225334342,10657.136,-17.92389269418797,-15.738053435064955,-19.23539619761783,33.623573656907126,242.2784210205078,243.89593811035155,243.39203796386718,-83.01886702021149,-5.727134981937184,-6.093187030888907,False,50.0,16.98114340658981,37.033119817237335,-0.8386458015110502,-17.049545288085938,-39583.65669104848,-304.98969915672393,0
2022-08-15,220.76976013183594,228.20161344320468,220.3325922899907,227.76444560135945,8122.821,-0.43717693207474895,-3.0601841050456926,-4.808855228627323,27.988968324166194,236.8575408935547,241.27293090820314,242.71956634521484,-98.43750048348018,-7.509158500443644,-8.831051603174558,False,33.33333333333333,1.5625003110310463,31.671530163239783,-2.0357550959181148,-26.230072021484375,-46803.94202438181,-195.69999666440415,1
2022-08-16,222.5184326171875,223.39276830527075,216.83525064464635,219.0210898648545,6444.743,-8.743355736504952,-4.808845137933929,-3.4973416453443633,30.657745656182314,232.22356567382812,239.2619598388672,242.0016647338867,-81.94444053402206,-5.0963341353056695,-7.35628626665423,True,33.33333333333333,18.055559465977936,12.19973439453292,-2.5682720900200553,-20.109710693359375,-42077.79715771513,-135.37594616408322,1
2022-08-17,225.57861328125,225.57861328125,222.08127043968022,224.26710971566132,5315.491,5.246019850806817,2.1858449759792506,5.246019795033874,35.23968573956162,228.90108947753907,237.25099029541016,241.28492889404296,-72.22219792001148,-2.395965040722816,-5.37897014747403,True,50.0,27.777802079988525,15.79862061899916,-2.5667690851654665,-20.109695434570312,-36762.30615771513,-82.1502764290251,1
2022-08-18,229.51312255859375,229.9502904110863,222.95560477120534,223.3927726236979,4460.411,-0.8743370919634117,4.371677129836314,0.8743343315251195,40.73256032614806,225.49117736816407,235.6334716796875,240.53715286254882,-59.7221994033781,0.22271645174293414,-3.2852298756866722,True,66.66666666666666,40.27780059662191,28.703720714196113,-2.1689836851918853,-16.175186157226562,-32859.446532715134,-49.999994069966206,1
2022-08-19,231.2617950439453,232.13613075299614,228.20162006226738,229.51312362584363,3548.301,6.120351002145725,2.185840341909824,5.246015291062037,43.073611110395376,225.9283447265625,234.10338287353517,239.7249656677246,-54.1666391207171,2.123552873683236,-2.052150902988775,True,66.66666666666666,46.47892077177701,38.178174482795804,-1.6782201701921697,-15.300888061523438,-30888.168199381784,-22.311312087186245,1
2022-08-22,231.69894409179688,232.136111910838,229.51310499659124,229.51310499659124,1834.0,-1.8629252394930518e-05,-1.884215814129675e-05,1.3114849343238575,43.680298038429605,228.1141815185547,232.4858612060547,238.93463592529298,-52.777809646821105,2.119454557572109,-1.3800656028860219,True,83.33333333333334,49.27528719184214,45.34400285341368,-1.2347797669705018,-16.175216674804688,-29665.501532715112,-8.430982860596261,0
2022-08-23,227.7644500732422,232.57329642795554,227.7644500732422,231.69896072709858,3796.266,2.185855730507342,0.4371845171175437,-1.7486549233490507,39.54255390987971,229.16338500976562,230.69347534179687,238.06146469116212,-65.27775968603908,-0.12779449253910996,-2.403995314509158,False,83.33333333333334,36.231872147781594,43.99536003713357,-1.1204201867811978,-17.923858642578125,-33461.767532715116,-12.170391653734463,0
2022-08-24,222.08126831054688,228.20161822461708,221.64410045954187,228.20161822461708,4350.922,-3.4973425024815015,-4.371678203338462,-6.120349613700313,34.40670396358203,228.463916015625,228.68250274658203,236.92311401367186,-83.098569365469,-2.588685595755492,-3.954623543626417,False,66.66666666666666,33.333348613486244,39.61350265103665,-1.3273605116116256,-20.109725952148438,-37232.5665993818,-66.53911321408846,1
2022-08-25,223.3927764892578,224.7042800694296,220.33260146885704,223.82994434931507,3299.268,-4.371673875302008,-3.4973381551874922,-1.3114989906848393,36.48353862723097,227.2398468017578,226.36551208496093,235.98320236206055,-78.26085619902891,-1.8565913612706608,-2.6048267391494857,True,66.66666666666666,41.66670967221339,37.07731014449374,-1.2754271442217675,-23.169906616210938,-35912.85939938181,-71.55953157192586,1
2022-08-26,226.01577758789062,226.01577758789062,223.82993834622823,224.7042740428932,2456.312,0.8743296935781188,1.3114975184610387,3.497336877371197,40.58779225167502,226.19064331054688,226.0594940185547,234.97771606445312,-69.56522930795983,-0.449293688384931,-0.8787353042689625,True,66.66666666666666,58.333334834878805,44.44446437352614,-0.9773558239825673,-3.0601806640625,-33456.54739938181,-13.698629080927935,0
2022-08-29,221.20692443847656,222.95559577791116,219.45825309904197,219.89542093390062,2586.426,-4.808853108992565,-3.0601818099794684,-4.371685247186264,35.94273927337386,224.0922393798828,226.10321044921875,233.68807067871094,-72.22225774392814,-1.8428730151803474,-2.0803124780602764,False,50.0,13.333324912312364,37.77778980646818,-1.012691378850528,0.437164306640625,-33456.54739938181,-95.90333341789054,1
2022-08-30,224.7042694091797,225.57860508781462,221.20692669463992,223.82993373054475,2717.543,3.9345127966441282,2.623009309903466,1.7486735955979498,41.27491456752664,223.4802032470703,226.32179412841796,232.79187698364257,-50.00002622384834,0.22749247011834509,-0.3715085288967392,True,50.0,39.999992211785475,37.222217319658874,-0.7227572679643641,2.1858367919921875,-31826.021599381802,-49.96656752482787,0
2022-08-31,222.95559692382812,223.82993259803922,222.08126124961703,222.08126124961703,2204.303,-1.7486724809277234,-1.7486724897754016,0.8743345549771107,39.482259950174296,223.65506896972656,226.0594924926758,231.65524139404297,-61.11114198388824,-0.1956965475052592,-1.2265997055817304,False,50.0,26.66665856204892,26.66665856204891,-0.577290525669806,-2.623016357421875,-31826.021599381802,-64.15225120380666,0
2022-09-01,220.76976013183594,222.0812636573716,219.45825660630027,221.64409581552638,2561.721,-0.43716543409064457,-1.7486689406676135,-2.6230046433167615,37.2746524551894,223.13046569824218,225.18515625,230.40931396484376,-89.9999794136966,-1.0773755219891272,-2.131783727911971,False,50.0,10.000020586303409,25.555557120045922,-0.5565817810862628,-8.743362426757812,-31826.021599381802,-94.56931542776374,1
2022-09-02,221.64410400390625,223.8299432938856,221.2069361459104,222.95560757789386,1685.999,1.3115117623674735,1.748679636513998,1.748679539610123,38.7686396131166,222.25613098144532,224.2233871459961,229.16338500976562,-83.33325441597795,-0.5557338142160015,-1.6011616828902688,True,50.0,16.666745584022053,17.777808244124785,-0.41859237581013264,-9.617691040039062,-32950.020932715146,-55.810242957692594,1
2022-09-05,225.57861328125,226.45294899164244,222.51843829487646,223.3927740052689,2016.084,0.43716642737504685,2.623005697756838,1.3115021489660705,45.17853959151663,223.13046875,223.6113540649414,228.04860763549806,-53.333282790495886,1.2426447491016983,0.2915473519487581,True,50.0,70.00005254619232,32.22227290550592,-0.01808069339995022,-6.120330810546875,-31829.974266048484,43.13738855199516,0
2022-09-06,222.95559692382812,228.20161096909467,222.08126124961703,227.32727529488358,2093.283,3.9345012896146727,1.7486619774522296,-0.4371770452594319,41.98227790011814,222.78073425292968,223.13046875,226.91197204589844,-73.33334143795108,-0.06531853758609091,-0.5686450156504491,False,50.0,40.000007740333686,42.22226862351601,0.1075346253325069,-4.8088531494140625,-33325.17640890562,63.52916042152644,0
2022-09-07,211.5892333984375,221.20692582563922,210.71489772323736,220.76975798803915,7846.341,-6.5575173068444315,-6.994685143455456,-11.366363526379672,31.46057742149287,220.50746154785156,222.08126525878907,225.38188400268555,-96.00000124889561,-4.221637405647537,-4.927158472259168,False,33.33333333333333,5.000000073811912,38.333353453445966,-0.5039598170078063,-10.492034912109375,-39863.79390890564,-248.60337926288076,1
2022-09-08,217.7095947265625,218.1467625874592,212.90074825669868,214.2122518393888,3911.26,-6.557506148650333,-3.0601632381800243,2.18585053346132,40.25602830052457,219.8954284667969,221.51294708251953,223.93922958374023,-59.9999496602393,-1.0595998430534124,-1.8074237151022288,True,50.0,40.00006693643369,28.333358250193086,-0.4282942739480937,-5.6831817626953125,-36604.41057557228,-130.020927882958,1
2022-09-12,222.08126831054688,222.5184361615519,219.0210933535118,219.4582612045168,2893.454,5.246009365127975,4.371673574092711,6.120345096813111,45.68703574552634,219.982861328125,221.11949615478517,223.58949508666993,-34.99996009826339,0.8269932778392876,0.16431249811889617,True,66.66666666666666,65.00003990173661,36.666702303994064,-0.03651767463163402,-3.93450927734375,-34434.3200755723,-0.39912221169688095,1
2022-09-13,224.26710510253906,226.89011217976176,222.95560156392773,223.82993725633528,2511.422,4.371676051818497,4.371676018209854,3.9345082104159417,48.25288430882128,219.7205596923828,221.4255142211914,223.76436233520508,-22.49997361561192,1.6176951799883137,1.1169515108511319,True,66.66666666666666,77.50002638438808,60.83337774085279,0.3934418675570148,3.0601806640625,-35271.46074223898,77.06094551274956,0
2022-09-14,220.76976013183594,222.5184314992168,217.27241739707418,218.14675308076463,2127.8,-5.683184175570659,-4.371680680544955,-5.68318416685355,44.57711088210289,219.28339233398438,221.03206329345704,223.6769287109375,-42.49998689158682,0.3976134082140621,-0.2633318797579736,False,50.0,57.50001310841318,66.66669313151262,0.4612104321878405,-3.93450927734375,-34562.194075572304,-25.925983234758665,1
2022-09-15,222.08126831054688,224.26710756557193,220.76976475753185,222.08126831054688,1755.041,3.9345152297822494,1.7486760663551308,3.497347360457667,46.25208525562505,221.38179931640624,220.94463043212892,223.50206146240234,-34.99996009826339,1.0610086206198233,0.29615109697810527,True,66.66666666666666,65.00003990173661,66.66669313151262,0.6042507505200323,-0.87432861328125,-35000.95432557231,31.674234199530886,1
2022-09-16,224.26710510253906,224.70427294874284,219.89542664050126,219.89542664050126,5448.495,-2.185841670045619,0.4371653831709068,-0.8743381170305895,49.05161274457538,222.69330139160155,221.29436492919922,223.2397605895996,-22.49997361561192,1.0837430834588746,1.2999833551072424,True,83.33333333333334,77.50002638438808,66.66669313151262,0.8413919357868922,3.497344970703125,-30543.09478011776,39.751972481205385,0
2022-09-19,222.5184326171875,225.14143968143725,221.20692908506263,224.70427183739562,2155.042,4.808845196894367,0.43716673269440776,1.3115024445613699,46.91881601223831,222.78073425292968,221.38179779052734,222.8025924682617,-32.49998025359937,-0.06544563835788986,0.5266614586806976,False,66.66666666666666,67.50001974640062,70.00002867750842,0.8720734958560268,0.87432861328125,-31261.442113451096,37.11631121324317,0
2022-09-20,221.64410400390625,224.26711115188147,220.33260042991864,223.8299432938856,2705.016,-0.8743285435100177,-0.8743285295557826,-0.8743286551439837,45.83184419430873,222.25613403320312,220.98834686279298,222.2998504638672,-37.4999399429274,-0.425529610423285,0.09871875454941827,False,50.0,67.5676128439862,70.85588632492495,0.8255527359505765,-3.93450927734375,-32163.114113451094,24.390385460225698,0
2022-09-21,217.7095947265625,221.2069376137362,216.83525900476906,219.89543403104605,3827.277,-3.934509262839555,-3.0601735381452784,-3.4973414251495853,41.15165906773972,221.64410095214845,220.4637466430664,221.7971076965332,-59.99993306356631,-1.7105239318694743,-1.5323750164763223,False,33.33333333333333,34.37501873788475,56.48088377609051,0.5359065701308365,-5.246002197265625,-34459.480313451066,-52.012008335233546,0
2022-09-22,215.5237579345703,215.96092580056336,211.58924714063292,214.2122543365912,3753.76,-5.68317969445485,-5.246011813172828,-5.246011864136136,38.753269290622754,220.3325988769531,220.8571990966797,221.46923217773437,-72.49991954621777,-2.3117543131466856,-2.150178365801539,False,33.33333333333333,25.714302974868964,42.55231151891329,0.21943259395698345,3.9345245361328125,-31456.47231345107,-160.63343241570814,0
2022-09-23,215.08657836914062,216.83524973799544,213.33790700028584,214.21224268471323,1354.725,-1.1651877969143243e-05,0.8743239374320808,1.7486598596529177,38.26665639327907,218.49649353027343,220.5948974609375,221.0539222717285,-72.9729664008262,-1.9920342547902778,-2.0570688740709473,False,16.666666666666664,22.857081737300433,27.648801150018034,0.013828642522528689,-2.623016357421875,-31456.472313451082,-131.6167360377956,0
2022-09-26,208.52906799316406,213.33791442487225,208.09190013573604,212.02641085258819,3547.081,-2.1858318321250465,-3.4973353131231875,-5.246006864549798,31.744247779028626,215.69862060546876,219.23967742919922,220.1795867919922,-97.67441788397659,-3.8306445654117303,-4.932734261410073,False,0.0,2.5641036008989926,17.045162771022785,-0.502122758829862,-13.552200317382812,-34412.37314678441,-161.37969430054437,1
2022-09-27,211.5892333984375,215.08657609923813,209.84056204803719,210.27772988563729,2263.808,-1.7486809669509,1.7486616743658772,1.748661912301145,37.19407320139704,213.687646484375,217.97189025878907,219.69870223999024,-81.39539412306527,-1.5926840834114757,-3.3128045124649814,True,16.666666666666664,20.51277251990809,15.311319286035825,-0.5706248652819959,-12.677871704101562,-35166.97581345108,-95.07052608368666,0
2022-09-28,207.65472412109375,212.90073820415296,206.34322060032895,211.1520668431332,3529.469,0.8743369574959274,-2.1858378950851716,-3.497341447708237,33.44822136398295,211.67667236328126,216.66038665771484,218.84622497558593,-93.61702223572543,-2.3638255866660716,-4.586543658143677,False,16.666666666666664,6.976743462272059,10.0178731943597,-0.8001666565250471,-13.115036010742188,-37284.65721345108,-110.04020899387916,0
2022-09-29,207.65472412109375,211.58923468338816,206.34322060032895,211.58923468338816,2299.385,0.4371678402549435,-1.311503520764802,0.0,33.44822136398295,210.10286560058594,215.21773223876954,218.08118133544923,-93.02325653772795,-1.5883993881626597,-3.975743129894957,False,16.666666666666664,6.976743462272059,11.488753148150721,-0.8656971103248203,-14.426544189453125,-38434.349713451076,-96.52281800938601,0
2022-09-30,204.59454345703125,205.46887911283054,202.40870431753305,205.46887911283054,3673.706,-6.120355570557621,-6.120355570557621,-3.9345162827958973,30.59604870554874,208.00445861816405,213.25047607421874,217.27242050170898,-90.3846189008607,-2.1943602936800763,-4.79742762518439,False,16.666666666666664,9.999992936646052,7.984493287063375,-1.0183137025841944,-19.672561645507812,-36859.90428487966,-128.99412156810698,0
2022-10-03,204.59454345703125,205.90604694073016,199.78569735013522,199.78569735013522,1778.566,-5.6831817626953125,0.4371678278996285,-2.623006967397828,30.596048705548753,207.2175537109375,211.4580871582031,216.41994247436523,-81.03448897664717,-1.369865432075779,-4.147469391009238,False,16.666666666666664,22.448962094259468,13.141899497725845,-1.0198992615856124,-17.92388916015625,-35843.58085630823,-117.28398514768568,1
2022-10-04,209.840576171875,211.1520797729492,205.03172963460287,205.4688975016276,2900.981,5.683200151492372,5.2460328322190435,5.2460322844676455,40.880771510880116,206.867822265625,210.277734375,215.63304061889647,-60.344766521282686,1.0526377668665856,-1.1328483460076688,True,33.33333333333333,58.97444456605879,30.47446653232142,-0.5896242683815256,-11.80352783203125,-34185.87742773679,-30.777068775094087,1
2022-10-05,213.33790588378906,215.96091292334384,211.58923452408587,212.0264023640117,2698.259,6.557504862384093,4.8088331503946335,6.557504889482999,46.63227309549752,208.00445861816405,209.84056549072267,215.15215606689452,-44.64286808187863,2.5928519676599726,0.8785512675114139,True,33.33333333333333,79.48718080894258,53.636862489753604,-0.02147744110520655,-4.3716888427734375,-34725.529227736784,79.01224842671128,0
2022-10-06,213.33790588378906,215.52374508341805,210.71489884423428,212.90073804386327,2737.741,0.8743356798515833,-0.43716783992579167,-0.8743356798515833,46.63227309549752,209.14109497070314,209.62198028564453,215.2395896911621,-36.734715791961904,2.127659419051433,1.209815450471498,False,33.33333333333333,83.78378929366897,74.08180488955678,0.3801591248605618,-2.18585205078125,-34476.64368228224,74.99996128176397,0
2022-10-07,201.97154235839844,212.0264026922581,201.53437451779584,211.1520670110529,5022.531,-1.748671032810364,-3.497342391159947,-9.180524326438444,33.882765285284606,208.61649475097656,208.31047668457032,214.45268707275392,-87.17945809639201,-2.8731604868084824,-3.5826094506812534,False,33.33333333333333,13.513544832649279,58.928171645086934,-0.06986539342072362,-13.115036010742188,-39080.63043228224,-86.1111103743203,0
2022-10-11,196.7255401611328,198.47421162923177,195.4140365600586,198.47421162923177,4644.397,-12.677855381821132,-13.552191063026328,-6.1203379577372345,29.78290234484983,207.04269409179688,207.1301239013672,213.1849006652832,-93.87754750312175,-4.795482226431725,-5.379353686251464,False,33.33333333333333,6.38298288209737,34.56010566947186,-0.6393571519676549,-11.80352783203125,-39744.11571799655,-174.3292885268843,1
2022-10-12,202.40870666503906,203.7202101639486,198.0370283353406,199.78569966721997,2619.699,1.3114880379881981,5.2459985347168185,2.622991775282003,38.567805770220474,205.5563201904297,206.21207122802736,212.09198074340821,-65.95750136756028,-1.8721333183953748,-2.1486461778114805,True,50.0,34.042498632439724,17.97967544906211,-0.5549437249686182,-9.180526733398438,-38333.5085641504,-79.62966983114899,0
2022-10-13,201.97154235839844,202.8458780396036,199.78570315538545,200.66003883659064,2123.526,0.8743391693706712,-0.8743321243449884,1.7486748200448403,38.16709948866055,203.28304748535157,205.6437530517578,211.15206985473634,-68.08514500015536,-1.4575192799999142,-2.1013599684657187,False,33.33333333333333,31.91485499984463,24.11344550479389,-0.4544206723653881,-5.6831817626953125,-37423.4259927218,-64.25975142287407,0
2022-10-14,201.97154235839844,205.4688850832192,201.97154235839844,205.4688850832192,1878.29,4.808846246628548,2.623007043615587,2.185839203012989,38.16709948866055,201.00977478027343,205.07543487548827,210.1465835571289,-68.08514500015536,-0.5382137875726037,-1.71955359581232,False,16.666666666666664,31.91485499984463,32.62406954404298,-0.32013548166626205,-5.6831817626953125,-39301.7159927218,-32.70803286641843,1
2022-10-17,202.8458709716797,203.72020662241968,198.9113605433497,198.9113605433497,2979.28,-6.55752453986949,-1.7486784607995105,-3.060181815048736,39.659271487124585,201.18464050292968,204.90056762695312,209.07552185058594,-63.82985773496518,0.7600398127401574,-1.1012468356946272,True,33.33333333333333,36.17014226503482,33.33328408824135,-0.11520102545414801,-1.7486724853515625,-37405.810538176345,-48.2759641157841,1
2022-10-18,206.7803955078125,208.09189907340115,202.84588481104652,205.0317240870276,3449.762,6.120363543677911,4.37169245098147,3.9345242676968155,46.05061147960811,203.19561157226562,205.11915283203126,208.2886199951172,-44.68084225170015,2.3071404315150645,0.852881490345191,True,50.0,55.31915774829985,41.13471833772642,0.3188291399055574,2.18585205078125,-35680.92953817634,12.311338233630247,1
2022-10-19,208.96621704101562,209.8405526771705,204.59453886024124,205.90604231447355,3190.077,0.87431822744594,1.7486536037693554,1.7486540491947267,49.304916225682675,204.50711364746093,205.0317169189453,207.65472564697265,-34.04262408872467,2.3554563203334498,1.7381996506580903,True,66.66666666666666,67.39123277303996,52.9601775954582,0.7613746625082607,-0.874359130859375,-33554.21153817634,44.83969485185921,0
2022-10-20,202.8458709716797,206.3432135746397,201.0971996701997,205.46887792389967,5097.867,-0.43716439057388357,-3.497339102530816,-3.4973391900415436,41.63366543010128,204.68197937011718,203.98251342773438,206.91153945922852,-63.82985773496518,-0.6778471676760607,-1.1714625379157584,False,50.0,44.736760269303666,55.81571693021448,0.6542429399562373,-10.492034912109375,-35253.50053817636,-12.469713805791681,0
2022-10-21,200.22286987304688,203.28304474010218,199.34853419674536,202.8458769019514,2231.002,-2.623001021948255,-3.0601688345375067,-1.7486654734543379,38.81050048298769,204.33224487304688,202.67100982666017,206.14649505615233,-76.59579379383881,-1.8220783303351376,-2.066999380334368,False,50.0,33.33329595275126,48.487096331698275,0.4299014246768733,-13.115036010742188,-36492.94609373192,-53.92784109988447,1
2022-10-24,201.97154235839844,202.8458780396036,200.22287099598805,201.97154235839844,2004.819,-0.8743345435529761,-0.43716670049857953,0.874336799242684,41.686313644025105,204.15737915039062,202.67100982666017,205.49074325561523,-67.39134338659045,-0.9646286773479449,-0.7518792482335984,True,66.66666666666666,33.33338339562285,37.13447987255925,0.42186559778108634,0.0,-35824.67309373189,-24.605366866455576,1
2022-10-25,202.40870666503906,204.5945458298883,201.53437099909937,203.7202101639486,2131.768,1.7486678055501557,1.748667790284685,1.3115000031113198,42.424299060472556,203.28304138183594,203.23932647705078,205.184725189209,-57.894799275927376,-0.7147967511885497,-0.08991304300997785,True,66.66666666666666,32.00004244473559,32.888907264369884,0.4651683320759572,5.68316650390625,-36738.28795087474,-8.423624832549766,1
2022-10-26,205.9060516357422,206.34321947361002,202.40870893279964,204.59454812213875,2372.268,0.8743379581901536,1.7486736437217303,0.874337933700275,48.15094657977929,202.67100830078124,203.58906097412108,204.90056610107422,-27.272704022847492,1.0729627074590646,1.4721723667354096,True,66.66666666666666,64.00007435816912,43.1111667328425,0.7326124491635673,3.497344970703125,-34893.190617541426,58.82359173853287,0
2022-10-27,203.72023010253906,208.0919088601043,203.28306222678253,207.21757310859124,2252.329,2.623024986452492,1.7486893864942772,0.8743532939828924,45.09296542989542,202.84588012695312,203.76392974853516,204.70384140014647,-51.8516537721022,0.4310422807181518,0.1074198904521441,False,50.0,44.00022893099417,46.66678191129961,0.7621679987673238,1.748687744140625,-36736.00525390506,49.550132903944245,1
2022-10-28,204.59454345703125,205.46887911283054,202.8458721454327,203.72020780123196,1411.735,-3.4973653073592743,-2.623029747273762,-0.43719008134982573,46.57353025057022,203.72021484375,204.02622985839844,204.55083236694335,-47.99997251311265,0.7173568170180427,0.4471448372654495,True,66.66666666666666,50.00000019131986,52.6667678268277,0.834623776650846,2.6230010986328125,-36265.426920571736,16.948950276215573,1
2022-10-31,206.3432159423828,207.65471943354203,205.0317124512236,205.90604811199643,1701.895,2.185840310764462,2.185840320711492,2.18584030579089,49.54217279958214,204.59454956054688,204.37596435546874,204.63826599121094,-31.999956556395887,1.0706613842364157,1.124797536854658,True,83.33333333333334,66.6666929598662,53.55564069406006,0.9840676155555137,3.497344970703125,-36265.426920571736,80.57944607358733,0
2022-11-01,206.3432159423828,207.21755160315564,205.0317124512236,206.3432159423828,1168.324,0.43716783038638596,-0.43716783038638596,0.0,49.54217279958214,205.38145141601564,204.33224639892578,204.7256996154785,-31.999956556395887,0.7112355299237377,0.9445717536630366,False,66.66666666666666,79.99979430082331,65.55549581733645,1.0600929046724077,-0.4371795654296875,-36031.762120571744,72.36451996645856,1
2022-11-02,207.65472412109375,208.0918919613487,203.72021355879934,203.72021355879934,1746.572,-2.6230023835834686,0.8743403581930522,-1.3114988924242539,51.92640044519255,205.73118591308594,204.2010971069336,204.61640701293945,-20.833251105636496,0.9206798604256125,1.3874072065627556,True,66.66666666666666,94.99981693747304,80.55543473272083,1.167396719733249,-1.311492919921875,-34634.504520571754,95.23805798749112,0
2022-11-03,205.9060516357422,206.34321947361002,203.28304460853528,205.46888379787438,2057.332,1.7486702390750395,-1.7486724877386735,-0.4371689502640663,48.58702307885477,206.16835021972656,204.50711517333986,204.24481430053712,-37.499943874182826,0.07082095727835136,0.5693953891051866,False,50.0,72.22205227490544,82.40722117106725,1.0907259514885612,3.0601806640625,-33164.98166342892,33.70780328287351,0
2022-11-04,205.03172302246094,205.4688908753873,200.66004449319738,203.72021946368187,3350.084,-1.7486643341925117,-0.8743285982227178,-2.623000115337902,46.9404562457661,206.2557861328125,204.98800048828124,203.8295051574707,-35.00005381752371,-0.4598477194738527,0.30297944687743134,False,50.0,58.82344339773005,75.34843753670283,0.9560752851859631,4.8088531494140625,-30424.00384524711,-51.58695812138051,1
2022-11-07,207.65472412109375,208.0918919613487,204.5945492393092,206.7803884405839,2520.438,3.0601689769020197,2.6230010859613913,3.934504746111827,52.237773443374344,206.5180877685547,205.5563186645508,204.11366424560546,-5.000183062526962,0.564573406686506,1.3874065771072421,True,50.0,94.11742844827374,75.05430804030307,1.013154875310581,5.6831817626953125,-28533.67534524712,104.7620991541824,1
2022-11-08,211.5892333984375,211.5892333984375,208.96622637283704,209.4033942104371,2253.292,2.623005769853222,3.4973414370888065,4.3716771335278395,58.94494968582537,207.56729125976562,206.47437133789063,204.8568489074707,-0.0,2.037947469736369,2.8328605385551886,True,50.0,100.00000000000001,84.31362394866791,1.2688032724396558,9.180526733398438,-26280.38334524712,236.23224366784703,1
2022-11-09,213.7750701904297,214.64940585583022,211.58923102692836,212.90073452502915,2270.501,3.497340314592037,3.0601724573927243,2.623004654091318,62.165013348138224,208.7913604736328,207.2612731933594,205.42516708374023,-6.250004147694585,2.4799144140501577,3.400879404291273,True,66.66666666666666,93.74999585230542,95.95580810019305,1.5210211873578494,7.8690185546875,-25307.311488104267,208.5660906112304,0
2022-11-10,210.71490478515625,212.02640834191033,209.84056908065352,210.71490478515625,1357.114,-2.1858297398729007,-2.6229975139198984,-1.7486619462748365,55.51498048986436,209.7531311035156,207.9607406616211,205.86233520507812,-28.124951301804725,0.7665528363143244,1.580613714632476,False,50.0,71.87504869819527,88.54168151683355,1.4196129430466413,6.9946746826171875,-25578.73428810426,90.77055441045938,1
2022-11-11,217.7095947265625,219.45826617014933,213.7750839784921,216.83525900476906,4038.1,6.120354219612807,7.4318578282390035,3.934514897838568,64.88231052672894,212.28870544433593,209.27224578857422,206.64923782348632,-9.302323771034327,3.141184015050075,4.457266923972022,True,66.66666666666666,90.69767622896568,85.44090692648878,1.7403164539378373,13.11505126953125,-24025.618903488856,160.75461107590718,0
2022-11-14,216.8352508544922,219.02109007681568,216.39808301002748,218.58392223235097,2539.169,1.7486632275819147,-0.4371760933336475,2.622999031535386,63.07123835209236,214.12481079101562,210.32144927978516,207.34870681762695,-13.953529013189359,1.778385704329249,3.4950452177208122,False,66.66666666666666,86.04647098681065,82.87306530465719,1.8026297396413276,10.492034912109375,-25718.39823682217,124.55513296248003,1
2022-11-15,220.3325958251953,220.76976367405481,215.96091733660015,216.83525303431918,2251.264,-1.7486691980317914,1.748673597239133,-0.43716567342733015,67.08085424229128,215.87348327636718,211.72038726806642,208.02631683349608,-2.173913245271197,2.404335201819632,4.510110384272715,True,66.66666666666666,97.8260867547288,91.5234113235017,1.974604883715661,13.9893798828125,-23876.454964094886,117.78640065222753,0
2022-11-16,220.3325958251953,222.08126722063335,219.02109227861675,219.89542797633578,2212.947,3.0601749420166016,1.3115035465785354,3.0601749420166016,67.08085424229128,217.18498840332032,212.98817443847656,208.5946357727051,-8.163266017482588,1.7154391424741426,3.9353852332766857,False,50.0,91.83673398251742,91.90309724135227,1.978605825339529,12.677871704101562,-24192.590249809142,107.09427152264672,1
2022-11-17,222.08126831054688,222.5184361615519,218.58392550250676,220.33259690652682,2113.641,0.4371689301910351,0.4371689409185535,-0.43716677610999,69.07861764560312,219.45826110839843,214.60569610595704,209.55640563964843,-2.000000080691839,1.871657744653189,4.116141304802708,True,50.0,97.56097629436321,95.74126567720315,1.984200604987962,16.175216674804688,-22548.647249809153,94.50979488097003,1
2022-11-18,223.82994079589844,223.82994079589844,220.33259797096252,221.2069336771965,1909.648,0.8743367706696858,1.3115046343465337,1.7486724684557657,70.99862397934265,220.6823303222656,216.4855178833008,210.73675918579102,-0.0,1.6545338664479765,4.276987244267898,True,66.66666666666666,100.00000000000001,96.46590342562688,1.9859786892970308,18.7982177734375,-20638.999249809152,101.85184113053208,1
2022-11-21,225.57861328125,226.45294899164244,222.08127043968022,224.70427757085756,3068.898,3.4973438936610535,2.6230081957440063,1.7486724687177002,72.83849012953928,222.43100280761718,218.2779067993164,211.9171127319336,-3.389830371547157,1.8421064052640566,4.295100188700019,True,66.66666666666666,94.73684255310054,97.43260628248792,1.9807448856363545,17.92388916015625,-18797.66044980915,120.50315833107157,1
2022-11-22,228.2016143798828,228.63878222352244,222.95560025620733,226.45294300532433,4098.891,1.7486654344667727,2.1858332318799967,0.8743298165271085,75.39298543105483,224.0048065185547,219.93914489746095,213.20675811767578,-1.818181698400028,2.1526403682118262,4.57428956193719,True,83.33333333333334,97.67441809326719,97.47042021545592,2.022673622326112,16.612380981445312,-15329.368065193772,128.20505703055736,1
2022-11-23,231.69894409179688,233.44761536796136,227.76443372042672,228.638769358509,4050.592,2.185826353184666,4.808833144438921,4.80883346421939,78.35408982002154,226.278076171875,221.73153228759764,214.49640274047852,-7.142859731172728,2.846048231019174,5.2109117298086,True,83.33333333333334,91.11110186307516,94.5074541698143,2.1431524791345185,17.923873901367188,-13771.448065193747,159.83976146472122,1
2022-11-24,233.88479614257812,236.07063535886388,232.57329261280665,233.44762829932097,3832.6,4.808858940811973,2.6230199909025202,4.808858892379931,79.99542356605274,228.63878173828124,224.04852142333985,216.00463104248047,-8.333334704920516,2.7857827121001906,5.314959969439535,True,100.0,89.13043328670355,92.63865108101531,2.217969210211132,23.169891357421875,-14729.598065193723,157.30104631229565,0
2022-11-25,231.69894409179688,237.3821257393315,231.69894409179688,236.07062228220812,4341.984,2.6229939828871522,1.3114903804676317,-0.8743485210097788,73.88377095321991,230.21258239746095,225.44745635986328,217.35985107421874,-20.634932578307776,1.1128730312769137,3.63369115639372,False,83.33333333333334,73.46936951133911,84.57030155370593,1.9761966456867022,13.989349365234375,-19071.582065193725,113.37203441673495,1
2022-11-28,232.13612365722656,236.070634227688,226.45294172211555,229.95028445141463,4286.71,-6.120337830793488,-1.31149151164351,-5.246002369681321,74.31197608428684,231.52408447265626,226.97754364013673,218.64949645996094,-22.222191730974483,0.6953233808716869,3.0067888942758527,True,83.33333333333334,72.09306201649937,78.23095493818067,1.7115577593434548,15.300872802734375,-18292.180247011893,69.0476788013445,1
2022-11-29,233.4476318359375,236.0706389352177,230.8246247366573,232.57329613617742,3831.666,2.623011684762787,4.707529683400935e-06,4.371683014541759,75.62016901746328,232.5732879638672,228.28904724121094,220.00471725463868,-18.36728269210217,0.6913922570052007,2.989394101175118,True,83.33333333333334,79.06983725129956,74.87742292637934,1.4983561363580442,13.115036010742188,-18292.180247011893,76.3344619890857,0
2022-11-30,232.57330322265625,235.19631040185914,232.13613535945578,233.44763894905722,3737.332,0.874342812879803,-0.8743285333585504,1.3115106227984654,72.91946599530353,232.74815979003907,229.51311798095702,221.2506462097168,-22.44888535822331,5.467376556369697e-06,2.0134271609739334,False,66.66666666666666,71.79498117480534,74.3192934808681,1.1856607206431162,12.240707397460938,-20961.70310415477,62.61160781460793,1
2022-12-01,237.3821563720703,239.13082787389035,233.44764549297523,236.07065274570527,2959.974,2.6230137966480527,3.9345174720312173,1.3115101335194481,77.69839601448169,233.4476318359375,231.04320678710937,222.8244514465332,-8.51063323421188,1.6536723506058775,3.477853349686483,True,66.66666666666666,89.74359593457064,80.20280478689183,1.1869815560863595,15.300888061523438,-19823.251565693234,107.04855038033998,1
2022-12-02,242.1909942626953,242.1909942626953,236.94497994653582,238.69365138525566,3374.701,2.6229986395503886,3.0601663888049586,3.4973344535605975,81.29865311534866,235.5460418701172,232.87931213378906,224.68241500854492,-0.0,3.101738886769532,4.742400812375408,True,66.66666666666666,100.0,87.17952570312532,1.382346109025054,18.361053466796875,-16448.550565693233,161.02197379844543,1
2022-12-05,247.43701171875,247.43701171875,240.4423258751104,241.75382947079282,2739.074,3.06017808553716,5.2460174560546875,3.497345928574589,84.31254730056794,238.60621948242186,235.06515197753907,226.67152938842773,-0.0,4.17178057172503,6.042158464824811,True,83.33333333333334,99.99999999999999,96.58119864485688,1.7138413042809493,21.8583984375,-13709.476565693232,190.09990941994823,0
2022-12-06,242.62814331054688,246.12548591682503,240.8794720074078,246.12548591682503,2536.507,4.371656446032205,-1.3115258019249723,0.43714613229738575,72.61062959091095,240.44232177734375,236.50780487060547,228.2234748840332,-18.96559976407658,1.4007236933537603,3.2878362185280223,False,66.66666666666666,77.08324262655242,92.36108087551747,1.467697506130209,14.426528930664062,-14554.978899026566,113.64686019411742,0
2022-12-07,237.81930541992188,240.87948030584,237.38213757907644,240.44231246499456,2839.777,-5.68317345183047,-5.246005610985037,-3.4973344283313565,63.06243292763344,241.49152221679688,237.11984100341797,229.42568664550782,-39.28575079726722,-0.910750016323371,0.8029636825165687,False,50.0,54.16663068522612,77.08329110392617,0.8690608103309163,6.120361328125,-16684.811649026582,28.82198579419076,0
2022-12-08,234.32196044921875,239.56797448912664,232.5732891025828,237.8193031424907,2274.131,-2.6230093225038615,-1.3115058167133498,-4.808848476493637,57.10471400178103,240.87948303222657,237.16355743408204,230.60603942871094,-62.50003584449881,-2.4863584937446186,-0.8936844978572485,False,50.0,37.49996415550118,56.24994582242656,0.1625855688849196,0.437164306640625,-17821.87714902659,-29.366410935793258,1
2022-12-09,234.75912475585938,236.07062824611558,232.57328560543237,235.63346041603018,1820.02,-2.185842726460521,-3.497346243011066,-3.497150430575857e-06,57.650289079149125,239.3931091308594,237.46957550048828,231.4585159301758,-60.41672070729835,-2.1263698932710224,-0.8157647234288696,True,50.0,23.684134155093147,38.450242998606804,-0.3237255592912005,3.0601806640625,-17366.87214902659,-49.868952784559404,1
2022-12-12,238.69363403320312,238.69363403320312,229.07594181941107,232.57328444260818,2190.315,-3.060175973421991,2.62300578708755,-3.497343786021304,62.35166682517674,237.64443359375,238.12532653808594,232.55143508911132,-41.66673904037297,-0.243607642939494,0.6760871022726368,True,50.0,52.38089210769972,37.85499680609801,-0.422618632000054,6.5575103759765625,-15176.557149026588,-42.168880145962156,0
2022-12-13,233.88479614257812,237.38213888863535,233.0104604560638,236.9449710453782,2362.664,4.371686602770012,-1.3114951445677718,3.93451863665274,54.31247462091393,235.89576416015626,238.16904296875,233.22904510498046,-64.58335098169927,-1.321854665665489,-1.4279141672176796,False,33.33333333333333,26.190490802173745,34.08517235498886,-0.8305181916498681,0.437164306640625,-16594.155549026582,-60.98286033215809,1
2022-12-14,238.69363403320312,239.13080186110275,235.63345923790564,236.50779489370493,2135.675,-0.4371761516732704,1.7486629724674003,2.6229987818418294,59.946210883392794,236.0706298828125,238.78107604980468,234.14709701538087,-47.61910789230028,0.9864349936814991,0.3676430133610433,True,50.0,52.38089210769972,43.650758339191064,-0.795043743254447,6.120330810546875,-14992.399299026569,-8.982221564926046,0
2022-12-15,233.4476318359375,238.25647818461786,233.01046398605746,237.81931033473782,2059.854,1.3115154410328955,-0.8743236764848916,-2.622995251848181,52.27490929980755,235.89576416015626,238.38762359619142,234.71541519165038,-76.19043966123223,-0.9276406130416363,-1.8382343151864866,False,50.0,23.80956033876777,34.1269810828804,-1.1233950243595316,-3.9345245361328125,-16708.944299026563,-68.2537917236954,0
2022-12-16,232.13612365722656,233.4476271807137,229.07594876908985,230.8246201337394,7575.178,-6.994690200998434,-4.808851003904152,-3.934515216967611,50.51198818904832,235.37116394042968,237.38213653564452,235.1307243347168,-83.33331415548028,-1.3316806108103398,-2.3747516063671097,False,50.0,17.94876050838013,31.379737651615866,-1.40892184644086,-10.05487060546875,-13678.873099026525,-114.90121471843881,0
2022-12-19,230.8246307373047,233.44763790477407,228.63879143108022,229.9502950148149,6579.923,-0.8743251189244745,1.0724060359734722e-05,-0.43715733800962653,48.71962094217782,233.79736328125,235.7208984375,235.39302520751954,-88.37209441758583,-1.6149024452622267,-2.7026985306649194,False,33.33333333333333,17.85715925458782,19.871826700578563,-1.6494271477656284,-16.612380981445312,-14277.04791720837,-126.89152788989755,1
2022-12-20,235.19630432128906,236.9449757288823,232.57329720989924,233.44763291369583,8683.27,3.4973378988809145,3.4973378241082287,3.934505778819016,54.58029039228432,234.05966491699218,234.97771453857422,235.74275970458984,-65.11631000244168,0.4981334056039111,-0.6157612539616918,True,33.33333333333333,60.000027956169944,31.935315906379287,-1.4826603592997518,-7.4318389892578125,-12540.393917208416,0.0002473772153775556,0
2022-12-21,232.57330322265625,235.19631040185914,230.38746390665384,235.19631040185914,6662.926,1.7486774881633096,-1.7486653270231614,-2.1858333032454027,50.78153661707321,232.83559875488282,234.45311431884767,235.7864776611328,-77.49996836289756,-0.5297568447723139,-1.2070517399534575,False,33.33333333333333,37.50007510779399,38.45242077285057,-1.5123700202840338,-5.246002197265625,-13146.114462662947,-68.94341631592373,1
2022-12-22,240.8794708251953,243.06530994339127,235.19628911788578,236.50779258880337,6243.523,1.3114821869442324,7.868999541532133,4.808825211231948,60.32158180120827,234.32196655273438,235.1088653564453,236.13621139526367,-15.151535807690847,2.862470850117401,2.384635059487356,True,33.33333333333333,84.84846419230915,60.78285575209102,-0.9627488727054665,6.5575103759765625,-10371.215351551818,180.37967434880804,0
2022-12-23,236.94497680664062,238.6936482221878,236.07064109886704,237.8193125144142,1378.476,1.3115199256108383,-4.3716617212034805,0.8743519809812597,54.82977092867348,235.2837371826172,235.32745056152345,236.39851303100585,-42.42418662221091,0.9310998180846173,0.743497060668961,False,33.33333333333333,57.57581337778908,59.974784225964065,-0.8578025754002896,2.18585205078125,-10830.707351551819,72.64991178477987,1
2022-12-26,237.81930541992188,238.69364110161277,236.94496973823098,237.81930541992188,720.666,-7.094492332271329e-06,-7.120575020280739e-06,0.874328639363938,55.80518394035284,236.68267211914062,235.24001770019532,236.68267211914062,-36.363621056547025,0.8964432623234677,0.9900985608161142,True,50.0,63.636378943452975,68.68688550451706,-0.7282283861210805,-0.87432861328125,-10830.707351551819,73.93488860399144,0
2022-12-27,236.0706329345703,239.1308078059444,236.0706329345703,238.25647212840892,732.611,0.437166708487041,0.43716670433161653,-0.8743368036606682,53.29422976048059,236.85753784179687,235.45860137939454,236.81382217407227,-48.48485795690737,-0.21558509548535443,0.20101947933164363,False,50.0,51.51514204309263,57.57577812144489,-0.7557444268958013,2.1858367919921875,-11563.31835155182,43.78696770640493,0
2022-12-28,235.19630432128906,236.07064002508568,234.32196861749244,234.32196861749244,1072.591,-3.934503510916471,-3.0601677808587056,-1.7486643170778677,52.01758747406948,237.38213806152345,235.10886840820314,236.9449722290039,-54.545423522571255,-0.5851540165579131,-0.04644536162643858,False,33.33333333333333,45.454576477428745,53.535365821324774,-0.8227580664902456,-3.4973297119140625,-11563.31835155182,-0.4408471351955162,0
2022-12-29,235.19630432128906,236.50780787698397,231.2617936542043,233.88480076559415,1437.408,-0.43716785189829466,0.43716785189829466,-3.060174963288148,52.01758747406948,236.2455047607422,235.2837356567383,236.83567962646484,-54.545423522571255,-0.7685194392861942,-0.09284921875947794,False,33.33333333333333,45.454576477428745,47.4747649993167,-0.8533422285380032,1.7486724853515625,-10844.614351551816,-24.516098886997558,0
2022-12-30,234.75912475585938,236.07062824611558,234.75912475585938,236.07062824611558,773.245,2.185827480521425,-0.4371796308683997,3.497331101655078,51.28652483072248,235.80833435058594,235.54603576660156,236.46408615112304,-57.57581207443576,-0.524856645503981,-0.1394737526617746,False,16.666666666666664,34.48267818158927,41.79727704548225,-0.885444666485574,2.6230010986328125,-11617.859351551817,-10.913019513866187,1
2023-01-03,236.0706329345703,236.94496861210575,232.57329022442852,233.447625901964,1049.876,-2.623002344151587,0.8743403659901787,-2.1858345314308565,53.428546636282604,235.45859985351564,236.0706359863281,235.89576721191406,-48.48485795690737,0.09267765643600227,0.3251261776105,True,33.33333333333333,44.82755991394738,41.58827152432179,-0.803200593429692,5.246002197265625,-10987.933751551815,-30.575707348896074,0
2023-01-04,234.75912475585938,237.38213173637178,234.75912475585938,237.38213173637178,749.417,3.934505834407787,0.43716312426602144,2.1858345314308565,50.982931362081445,235.19629821777343,236.02691802978515,235.5023162841797,-57.57581207443576,-0.24768033904555378,-0.3248292960531711,False,16.666666666666664,29.629569833007572,36.31326930951473,-0.819161832211329,-0.4371795654296875,-11737.350751551814,-16.16944757725824,1
2023-01-05,236.94497680664062,240.44231963773495,236.94497680664062,236.94497680664062,1159.58,-0.43715492973115033,3.0601879013631788,2.18585205078125,54.7489443523758,235.54603271484376,236.4640853881836,235.45859985351564,-48.27581214518105,0.6188144353583227,0.3858642807160366,True,33.33333333333333,61.9047662697283,45.45396533889441,-0.6707791484980312,4.371673583984375,-12896.930751551814,72.05416519176921,1
2023-01-06,237.3821563720703,238.69365999843535,236.07065274570527,237.81932424752532,625.059,0.8743474408846907,-1.7486596392996034,-0.8743240609353506,55.494999514503135,235.983203125,236.1143539428711,235.6116096496582,-44.827437995796025,0.6487554490714434,0.4935292874604526,True,50.0,66.66679805542296,52.73371138605294,-0.5372346949400848,-3.497314453125,-12896.930751551814,58.63524464015805,1
2023-01-09,240.4423370361328,240.87950492165305,238.25649760853162,239.1308333795721,1470.961,1.3115091320467798,2.185844923217701,2.185844862826343,60.47154357676537,237.11984558105468,236.4640899658203,235.89577026367186,-22.221962023819327,1.5697214378252948,1.5072372714904063,True,66.66666666666666,95.45455386044038,74.67537272853055,-0.2513729086593708,3.4973602294921875,-11916.290084885148,148.51523661188992,0
2023-01-10,235.6334686279297,239.5679792358172,235.6334686279297,239.5679792358172,2029.005,0.4371458562451096,-1.3115256858358464,-2.62302898060193,50.74428297802889,237.03241271972655,236.2455062866211,235.7427619934082,-54.5455789619993,-0.5229182232968262,-0.33898406812472986,False,66.66666666666666,45.4544210380007,69.19192431795467,-0.3866383148583803,-2.1858367919921875,-13945.295084885147,21.754175232604602,0
2023-01-11,235.19630432128906,237.3821435807806,235.19630432128906,236.50780787698397,1517.495,-3.06017135883323,-2.1858356550366125,-0.437164306640625,49.94749355633963,237.1198486328125,236.15807342529297,235.80833740234374,-59.09098789021502,-0.6463539202174847,-0.4625341703814171,False,50.0,40.90901210978498,60.605995669408685,-0.49889408101349186,-0.87432861328125,-15462.790084885146,-22.174429959845515,0
2023-01-12,231.69894409179688,236.50779010124927,230.38744063467348,236.07062228220812,1623.23,-0.4371855947758547,-0.8743534795313224,-4.808863686615581,43.92773000401261,236.07064208984374,235.80833740234374,235.45860290527344,-87.50004364011626,-1.912407914495201,-1.7305379960389402,False,50.0,12.499956359883742,32.95446316922314,-0.785000691898349,-3.4973602294921875,-16390.35008488514,-141.5094376746143,1
2023-01-13,234.32196044921875,234.75912828587775,232.1361212659238,233.88479261255978,1084.218,-2.185829669648342,-1.7486618153715199,1.7486806312503234,48.96065036206591,235.45860290527344,235.7209030151367,235.5023193359375,-62.50004091732525,-0.6180505873706865,-0.5565887778319859,True,50.0,37.49995908267474,30.30297585078115,-0.7726981520705996,-0.8743438720703125,-15667.538084885147,-98.29033375805534,1
2023-01-16,235.19630432128906,236.9449757288823,234.32196861749244,235.19630432128906,1012.253,1.3115117087292845,2.1858474430045476,2.18584735156864,50.57388748056217,234.40939636230468,235.76462097167968,235.65532836914062,-54.166658199156494,-0.09284975839617841,-0.18552779382014514,True,50.0,45.83334180084351,31.944419081133997,-0.6838385145969341,0.4371795654296875,-16004.955751551814,-26.641697621620853,0
2023-01-17,234.32196044921875,236.50779963251372,234.32196044921875,236.07063179585472,1332.228,0.8743274745656606,-0.43717609636857446,-8.168273694764139e-06,48.88816765268823,234.1470947265625,235.58975372314453,235.83019485473633,-62.50004091732525,-0.031085695388499066,-0.5258296248793538,False,33.33333333333333,37.49995908267474,40.27775332206433,-0.6616911007827344,-1.7486724853515625,-17337.183751551813,-44.280518524581375,1
2023-01-30,244.81399536132812,244.81399536132812,239.13081332615442,240.44231687273296,4377.859,4.3716850768782365,8.306195728814401,4.808852876935674,64.41522852502888,236.0706329345703,236.5952407836914,236.3110794067383,-0.0,3.7677597528065543,3.559870759051427,True,50.0,100.00000000000001,61.11110029450608,0.044365247581264144,10.05487060546875,-12959.324751551812,183.3327987427141,0
2023-01-31,237.81930541992188,245.25115871429443,237.38213757907644,244.813990873449,2874.085,4.371674000716041,0.4371633529663086,-1.7486757470779821,52.75892066884497,237.29470520019532,236.68267364501952,236.57337951660156,-49.99996134589013,0.6165232093516736,0.5390403662860836,False,50.0,50.00003865410987,62.49999924559487,0.026006780772180438,0.87432861328125,-15514.066973774043,85.3266222594635,1
2023-02-01,240.4423370361328,241.31667280717332,238.25649760853162,240.00516915061257,1138.611,-4.808821722836427,-3.9344859071211147,0.8743600294551754,56.01503974992485,238.51878051757814,236.9886917114258,236.55152282714843,-32.35275085548618,1.1029493460244855,1.4448277595841321,True,66.66666666666666,67.64724914451382,72.54909593287455,0.16828276956769228,3.0601806640625,-15026.090830916915,65.67827846579179,1
2023-02-02,243.50250244140625,243.93967030934417,240.442327365841,242.1909988375926,1549.278,2.1858296869800142,2.622997502170847,2.185829757309392,59.56232852176569,240.18002014160157,237.29470825195312,236.87939910888673,-11.764595261569823,1.7351627322423537,2.499619891360488,True,66.66666666666666,88.23540473843019,68.62756417901795,0.4312962874188284,3.0601654052734375,-13864.132330916935,109.32581336701448,0
2023-02-03,243.06532287597656,243.93965856977505,240.87948364148036,243.06532287597656,1319.831,0.8743240383839748,-1.1739569117708015e-05,0.437156275639353,58.82299064658373,241.92869262695314,238.03789367675782,237.14169998168944,-14.705848338948133,0.9990899668544537,2.112028284009191,False,50.0,85.29415166105187,80.3922685146653,0.5320227491163652,7.431854248046875,-13298.490473774082,84.84834265801062,0
2023-02-06,241.316650390625,243.9396574600883,239.5679790109828,240.00514685589334,1842.049,-3.060176020083219,-1.1096867353899142e-06,-1.3115046304975522,55.8006215014701,241.2292236328125,238.6499282836914,237.40400085449218,-26.470552674595467,-0.21090939393262773,1.34638846805073,False,50.0,70.00002219468885,81.17652619805698,0.44084157874957564,6.1203460693359375,-13666.900273774092,54.640195364288225,1
2023-02-07,243.06532287597656,243.93965856977505,240.44231579458113,241.31665148837962,1745.157,1.311504632486276,1.1096867353899142e-06,0.8743367835983236,58.146577921514464,242.27842712402344,239.78656616210938,237.79745178222657,-14.705848338948133,0.63348217905538,1.8159618240852906,True,50.0,80.00003490372463,78.43140291982178,0.4563439085575782,11.366378784179688,-12794.3217737741,63.63325487021319,0
2023-02-08,242.62814331054688,244.37681461368595,241.75380765897734,243.06531113633164,1808.53,1.7486596479520244,0.43715604391090324,1.3114918643962028,57.31686821959533,242.71558837890626,240.6171844482422,238.16904373168944,-17.647101416326443,0.12025835938843277,1.3698582978632796,False,50.0,75.99992844736452,75.33332851525932,0.39736466031899353,8.306182861328125,-13397.165107107434,66.66634014868787,0
2023-02-09,241.316650390625,242.62815392535666,241.316650390625,241.75381823553556,1248.637,-1.3114929007960825,-1.748660688329295,-0.4371572683523368,54.75970884878515,242.27841796875,241.22921905517578,238.49692001342774,-29.999977805311147,-0.48076953330480515,0.4854361375293845,False,33.33333333333333,50.000028516120665,68.66666395573661,0.23809128139227598,6.1203460693359375,-14645.802107107434,21.301028867974047,0
2023-02-10,236.0706329345703,239.5679756447121,236.0706329345703,239.1308078059444,2794.347,-2.623010429591176,-3.06017828064455,-5.2460174560546875,45.83618913195913,240.87947998046874,241.40408630371093,238.49692001342774,-83.99999301925509,-2.1443678432920943,-1.7586437574224376,False,16.666666666666664,0.0,41.999985654495056,-0.22732996424000174,1.7486724853515625,-17440.149107107434,-202.53220449179668,1
2023-02-13,240.00515747070312,240.44232533494846,236.07064669249488,236.50781455674021,1572.918,-2.622993249204171,0.8743496902363574,1.3757924563151391e-05,52.208239157240534,240.61718139648437,240.92320251464844,238.75922164916992,-47.99987260140514,-0.3026588762608379,-0.2875703983479877,True,33.33333333333333,47.36863083582013,32.45621978398026,-0.2738417373912647,-4.808837890625,-16181.81470710742,-92.59245136376903,1
2023-02-14,241.75381469726562,243.0653182128023,241.3166468587534,241.75381469726562,1141.089,5.24600014052541,2.6229928778538465,5.246000166258511,54.78713039021174,240.3548797607422,241.3166534423828,238.99966354370116,-38.095247493917554,0.3933423492329921,0.18115689828879267,True,50.0,68.42111071305634,38.59658051629215,-0.19422374921112984,3.93450927734375,-16752.35920710741,36.60867218999881,0
2023-02-15,241.316650390625,242.62815392535666,240.87948254571447,242.62815392535666,1211.934,0.8743392280910314,-0.43716428744565405,-0.4371643130389202,53.9925417784572,240.09258117675782,241.40408477783203,239.1963882446289,-42.85711317710245,0.3332328304647721,0.12091800442496589,False,33.33333333333333,63.15799074374728,59.64924409754124,-0.178775125230354,0.8743133544921875,-17358.326207107428,11.644802223702996,1
2023-02-16,243.06532287597656,244.81399426357353,242.62815502907733,242.62815502907733,1841.756,1.1037206775199593e-06,2.1858403382168774,1.748672483362867,56.73092209583619,240.44231567382812,241.36036682128906,239.3275375366211,-19.999989955765983,1.0296791015208786,0.6638496912212571,True,50.0,80.00001004423402,70.52637050034586,-0.06445399573475052,-0.4371795654296875,-18463.37980710745,99.29096702366681,1
2023-02-17,244.3768310546875,244.8139989098837,242.6281596339026,244.3768310546875,911.274,1.748676025610166,4.646310173939128e-06,4.604825278420321e-06,58.7402164192049,242.10355529785156,241.49151763916015,239.76470565795898,-4.999994926788341,1.3599291115661851,1.0697622880776292,True,66.66666666666666,95.00000507321165,79.38600195373097,0.07809370116359649,1.3115081787109375,-17916.615407107438,109.97305057303139,0
2023-02-20,243.06532287597656,244.37682641667428,243.06532287597656,244.37682641667428,635.792,-4.638013223257076e-06,-0.43717249320943097,0.4371632420739502,55.90798759647802,242.71558837890626,241.6663848876953,240.15815658569335,-20.000032468553577,0.33082648613106674,0.54249582161151,False,66.66666666666666,79.99996753144642,84.99999421629735,0.06328791042237825,1.7486724853515625,-18552.40740710744,74.4950501079379,1
2023-02-21,244.3768310546875,244.3768310546875,242.1909917787064,243.50249534429506,717.133,-0.8743310723792206,4.638013223257076e-06,-0.8743310972701579,58.1113104100772,243.2401916503906,241.79753570556642,240.79205093383788,-4.999994926788341,0.5697168069283833,1.039315249671029,True,66.66666666666666,95.00000507321165,89.99999255928991,0.11788267622484039,1.3115081787109375,-17835.274407107438,71.428817687656,0
2023-02-22,244.3768310546875,245.68833462027615,242.6281596339026,243.50249534429506,1329.982,0.0,1.3115035655886516,0.4371678551962077,58.111310410077195,243.85222778320312,241.97240447998047,241.29479446411133,-13.636351058152007,0.3891060827497741,0.9328938635301499,False,50.0,86.363648941848,87.12120718216869,0.12914835201234132,1.748687744140625,-17645.276978536003,84.45201374162374,1
2023-02-23,245.25115966796875,246.56266319560496,244.37682398287797,245.68832751051417,1539.817,2.1858321662191145,0.8743285753288035,1.7486643489753533,59.70869805596011,244.28939514160157,242.36585540771483,241.79753723144532,-12.499997569649352,0.47761015258057005,1.2178610354249848,True,66.66666666666666,87.49998603940963,89.62121335148976,0.168168882552292,3.93450927734375,-17953.24037853602,101.57773873385008,0
2023-02-24,243.06532287597656,246.56266565117048,243.06532287597656,246.56266565117048,2513.475,0.874338140656306,2.4555655215863226e-06,-1.311501106901403,54.083827095566,244.02709350585937,243.06532440185546,242.2347053527832,-33.33331938300696,-0.4179112277884338,0.30066111822572067,False,50.0,38.46155032667573,70.77506176931111,0.026864199700342484,6.99468994140625,-20466.715378536017,55.79391017103533,0
2023-03-01,241.316650390625,243.9396574600883,240.4423147008039,242.19098608044612,1981.37,-4.371679570724353,-2.623008191082164,-2.6230081751726573,49.97509437191681,243.67735900878907,243.19647369384765,242.05983810424806,-49.99998953725522,-0.9273116381986388,-0.42092682482079286,False,33.33333333333333,14.285711667706366,46.74908267793057,-0.19221983264668463,1.311492919921875,-21457.400378536026,-107.62792568287654,1
2023-03-02,245.6883087158203,246.56264433402606,241.75379843389436,242.62813405210014,1567.509,0.43714797165401365,2.622986873937748,1.311483733090455,58.56083503890744,243.9396545410156,243.5899230957031,242.45328826904296,-8.33354322741839,0.6867645320472601,1.0488377779161235,True,50.0,85.71394120303191,46.153734399137996,-0.05754638542491586,3.9344940185546875,-20459.894651263287,80.7003149656419,1
2023-03-03,248.3113555908203,248.74852347038163,246.5626840725751,246.9998519521364,1155.317,4.371717900036259,2.1858791363555667,4.808885638680749,62.74600189750558,244.7265594482422,244.28939361572264,242.84673919677735,-5.26314581885401,1.4889892292053473,1.8377484641250097,True,50.0,94.73685418114599,64.91216901729474,0.1803344541051597,6.9947052001953125,-19766.7044512633,235.63369396320095,1
2023-03-06,250.4971923828125,251.8086960078534,249.18568875777157,250.49719238281247,1401.276,3.4973404306760756,3.0601725374717716,2.623004685196463,65.8787597799996,245.77576599121093,245.03258056640624,243.19647369384765,-11.538444731108019,1.9573012472401132,2.4281303295229937,True,66.66666666666666,88.46155526889198,89.63745021768996,0.4421208361931197,7.4318695068359375,-19766.704451263286,208.60919795715566,1
2023-03-07,253.12017822265625,253.5573460606919,250.4971711944422,250.93433903247785,1354.127,0.4371466496653795,1.7486500528385136,1.311482436670616,69.2624455825289,247.78673706054687,245.90691528320312,243.69921646118163,-3.333334294363409,2.477873531262066,3.086050669497843,True,66.66666666666666,96.6666657056366,93.28835838522485,0.7320576226549806,8.74334716796875,-18799.470879834702,164.8346864707732,0
2023-03-08,251.3715057373047,252.6830092454993,250.06000222911004,252.6830092454993,1419.465,1.7486702130214553,-0.8743368151926063,-0.4371689653321482,64.60315256127036,249.7977081298828,246.73753356933594,244.20195922851562,-16.666680112352324,1.2026961652921906,2.086104452816004,False,66.66666666666666,83.33331988764769,89.48718028739209,0.743782043045226,8.306182861328125,-18799.470879834687,101.17911206095411,0
2023-03-09,249.62286376953125,251.37153531958052,248.31136010699433,250.9343674320682,1821.629,-1.7486418134311066,-1.31147392591879,-1.7486421221157116,60.186414390747245,250.584619140625,247.26213684082032,244.52983627319335,-29.999793238727417,-0.058335456355133646,1.1962865873745894,False,66.66666666666666,70.00020676127258,83.33339745151896,0.5788204465932241,5.24603271484375,-19059.70359412042,53.70402565077369,1
2023-03-10,256.18035888671875,256.18035888671875,249.18567331984588,249.18567331984588,4121.558,-1.7486941122223243,4.808823567138234,0.874313212851547,68.88804877536737,252.15841979980468,248.44248962402344,245.20744705200195,-0.0,1.853994744056366,3.3965584746807878,True,66.66666666666666,100.00000000000001,84.44450888297344,0.8405220524639367,11.80352783203125,-14938.145594120419,111.49410594899449,0
2023-03-13,232.57330322265625,237.38214971786155,231.2617996330548,234.32197467545816,8521.919,-14.86369864438771,-18.7982091688572,-17.92387368679107,37.06956665854765,248.57364196777343,247.1747039794922,244.77027969360353,-94.73684021515568,-6.557375893405479,-5.757304971127026,False,50.0,5.263159784844319,58.42112218203897,-0.5710178236567591,-12.6778564453125,-19807.813594120424,-187.8859887560364,0
2023-03-14,228.2016143798828,230.82462144172055,227.76444653624318,230.82462144172055,4961.936,-3.4973532337376128,-6.557528276140999,-3.497353096811622,33.90579263480063,243.58992919921874,245.6883331298828,244.37682876586913,-98.46153859764311,-6.924221832471389,-7.020930814686597,False,33.33333333333333,1.5384614023568792,35.60054039573374,-1.7284601535145034,-14.86370849609375,-23352.05359412041,-168.5942118122738,1
2023-03-15,228.6387939453125,230.8246332755736,228.20162607926028,229.07596181136472,2459.167,-1.7486596303558315,1.1833853051257393e-05,0.43717954301709483,34.51550583231516,239.04338684082032,244.42054748535156,243.80851058959962,-96.92303594449015,-5.167722498360298,-6.314372510715703,True,33.33333333333333,3.0769640555098436,3.292861747570347,-2.3551337668087395,-12.6778564453125,-24991.498260787077,-122.61901318257966,1
2023-03-16,229.95028686523438,231.26179040248857,227.7644476364774,227.7644476364774,1999.583,-1.3115141748873214,0.43715712691496833,-0.43717844278288,36.43452001698,235.10887145996094,242.84674530029298,243.21833419799805,-92.30768907916269,-3.190187032495448,-5.353127989767012,True,50.0,7.692310920837312,4.102578792901345,-2.555116102944343,-15.738021850585938,-24491.602510787085,-88.25268737570889,1
2023-03-17,236.94497680664062,236.94497680664062,229.95029114445197,231.26179470611234,4356.986,3.497347069634941,5.683186404152053,2.1858435079745675,45.69385435926833,231.2617950439453,241.710107421875,242.99975051879883,-67.69229100524096,0.649953703134062,-2.3276768113503095,True,66.66666666666666,32.30770899475905,14.358994657035401,-2.108661225053223,-11.366378784179688,-20134.616510787084,-44.508122154810415,0
2023-03-20,232.57330322265625,236.0706461282601,231.69896749625528,236.0706461282601,1781.967,4.808851422147768,-0.8743306783805167,1.7486763518033115,41.56565307800406,231.2617950439453,239.91771850585937,242.47514953613282,-83.07688795242014,0.47214519152112444,-3.6958806642669075,False,50.0,16.923112047579867,18.974377321058743,-2.0010046282333613,-17.92388916015625,-21203.79671078708,-42.89139397675503,1
2023-03-21,234.75912475585938,234.75912475585938,233.44762126560317,233.88478909568857,1333.391,-2.1858570325715334,-1.3115213724007333,1.7486537693478965,44.309980797690244,232.57329711914062,238.08161315917968,241.9942642211914,-75.38464317687435,1.2570663190304825,-2.334046012004369,True,66.66666666666666,24.615356823125648,24.615392621821524,-1.6882990538909675,-18.361053466796875,-19870.40571078708,-28.806682889635383,1
2023-03-22,235.19630432128906,235.19630432128906,233.44763291369583,234.75913646939077,2237.987,0.874347373702193,0.4371795654296875,1.1648092652194464e-05,44.87485435163941,233.88479919433593,236.46409301757814,241.60081329345704,-73.84614052372139,0.9380863367031472,-1.63035204611356,True,83.33333333333334,26.153859476278612,22.56410944899471,-1.3712115660099657,-16.175201416015625,-17632.41871078708,-17.133969298965933,1
2023-03-23,235.6334686279297,236.9449721638922,233.88479724664634,235.19630078260886,1723.042,0.4371643132180907,1.7486678426031403,0.43716433295051615,45.47813305734325,235.021435546875,235.06515350341797,241.16364517211915,-72.30769156861223,0.6222768383683319,-0.8431720420677375,True,83.33333333333334,81.81810088219406,44.195772393866115,-1.06487553494541,-13.989395141601562,-17386.269853644226,11.799360848162292,1
2023-03-24,236.0706329345703,236.94496861210575,234.32196157949943,236.0706329345703,1292.558,0.874332151961454,-3.5517864489520434e-06,0.43716433285308653,46.12137347188501,234.84656677246093,233.05418090820314,240.7483352661133,-70.76924261350308,0.37174528247363336,-0.12330786573218665,True,83.33333333333334,90.476107084036,66.14935581416955,-0.7789098829215009,-20.109725952148438,-16955.41718697756,83.76946933594452,0
2023-03-27,235.6334686279297,236.9449721638922,235.6334686279297,236.50780431857135,1031.301,0.43717138400103295,3.5517864489520434e-06,1.3115070484302578,45.5353169153697,235.45859985351564,233.36019744873047,240.26745071411133,-72.30769156861223,0.2790696728047417,0.18587264023192052,False,66.66666666666666,85.71424201805985,86.00281666142996,-0.5747250981834362,3.0601654052734375,-17986.71818697756,80.45976094580385,0
2023-03-28,234.75912475585938,236.94496390628638,233.88478909568857,235.19629258594478,1075.834,-1.3115117326265704,-8.257605827566294e-06,-1.7486795322411126,44.30693024708531,235.45859985351564,234.0159484863281,239.85214080810547,-27.2728832702529,-0.24768033904555378,0.5774892332448934,False,66.66666666666666,76.19034796071143,84.12689902093577,-0.4590925442976532,6.5575103759765625,-18447.789901263273,49.12813443741434,1
2023-03-29,237.3821563720703,237.3821563720703,236.07065274570527,236.07065274570527,1071.759,0.8743601597604993,0.4371924657839372,2.1858636500166995,48.82501401640544,235.89577026367186,234.8902847290039,239.65541610717773,-0.0,0.6798580263767192,1.5269615551553772,True,66.66666666666666,100.0,87.30152999292376,-0.1807837647881163,8.743362426757812,-17376.03090126327,121.21284486408624,1
2023-03-30,238.2564697265625,238.69363756092318,236.50779838911984,237.38213405784117,1197.882,1.3114813121358964,1.3114811888528664,0.4371456434145671,50.29136228666893,236.42037048339844,235.7209030151367,239.28382415771483,-4.000002172007709,0.8325600088564814,1.5370251719520813,True,66.66666666666666,93.74998634218731,89.98011143429959,0.07371084390540616,8.306182861328125,-16657.301701263284,160.78376813917848,0
2023-03-31,238.2564697265625,240.44230889836584,236.94496622348052,239.13080539528383,1681.76,1.7486713374426586,1.7486713374426586,0.43716783436067885,50.29136228666893,236.85753784179687,235.8520523071289,238.78107986450195,-17.241387381121605,0.6463507181740894,1.1913945598211517,False,50.0,68.75001019966912,87.49999884728548,0.24397352611678413,1.311492919921875,-17077.741701263298,149.1223617708381,0
2023-04-06,236.50778198242188,236.50778198242188,234.7591107662857,235.63344637435378,1635.045,-3.4973590209300482,-3.9345269159439624,-2.185855457194833,47.08035422005927,237.03240051269532,236.24550018310546,238.08160934448242,-37.50019308227203,-0.12308452077262183,0.2161073329297255,False,33.33333333333333,43.749690127646666,68.74989555650103,0.24036258591109583,3.934478759765625,-15442.696701263298,-9.525008032400013,0
2023-04-07,236.0706329345703,237.8193042896412,236.0706329345703,237.38213645087347,580.249,1.7486900765196935,1.3115223072193203,1.3115221682846254,46.27461110044657,237.2947021484375,236.37665100097655,237.22913208007813,-50.000060191407414,-0.33835684394763993,0.061766023189746194,False,33.33333333333333,33.3333928780408,48.6110310684522,0.2111118197685493,1.3115081787109375,-16022.945701263297,24.539770767285493,1
2023-04-10,236.94497680664062,237.8193125144142,236.07064109886704,237.38214466052742,554.168,8.209653941548822e-06,8.224773011988873e-06,8.16429673022867e-06,48.20860795224886,237.20726623535157,236.55151824951173,236.50780563354493,-49.99983237770241,-0.1228469859201779,0.2775239522958263,True,50.0,46.66684665904716,41.24997655491154,0.25053912867256445,1.7486724853515625,-16022.945701263297,32.18434886587858,1
2023-04-11,239.1308135986328,240.00514929734808,236.50780650248691,236.94497435184456,1344.27,-0.4371703086828518,2.185836782933876,0.437165403619872,52.83866466100778,237.38213500976562,236.90125274658203,235.983203125,-18.749907824284982,0.6748497431802698,1.0467997735018657,True,50.0,80.00013207436177,53.33345720381658,0.4140710647268242,3.497344970703125,-15350.81070126328,123.80921687769616,1
2023-04-12,243.50250244140625,244.81400604521994,240.8794952337789,241.3166631017168,1984.283,4.3716887498722485,4.808856747871857,4.371688731291982,60.53614080274941,238.43134155273438,237.64443969726562,235.34931030273438,-11.99997776482904,2.1393704727955773,2.5940196165936213,True,50.0,88.00002223517096,71.55566698952663,0.7853689820784309,7.4318695068359375,-14689.383034596623,238.00542546420104,0
2023-04-13,240.8794708251953,244.81398123794804,240.8794708251953,244.37681341430886,1700.179,3.060150312592043,-2.4807271898907857e-05,-2.440858358454534e-05,54.69311553595752,239.30567932128906,238.16903991699218,235.76461868286134,-36.00015662781163,0.8541756687788749,1.302278712613475,False,50.0,60.86945601245824,76.28987010733032,0.8192498075190257,5.246002197265625,-16389.562034596624,138.8884676494182,1
2023-04-14,242.62814331054688,243.5024789621164,240.8794720074078,243.5024789621164,1057.529,-0.8743344521924428,-1.3115022758316286,1.1822124861282646e-06,57.664898896715734,240.61718139648437,238.95594177246093,236.48594512939454,-20.000177000483035,1.1543094503984457,1.8037263708551385,True,66.66666666666666,78.26071108614518,75.71006311125812,0.9169927543853735,7.8690185546875,-16037.052367929957,105.16911240521816,1
2023-04-17,245.6883087158203,245.6883087158203,243.065301861203,243.50246967030589,1593.935,-9.291810528111455e-06,2.1858297537038993,2.1858298537952123,62.37619738901126,242.3658477783203,239.78655700683595,237.33842086791992,-0.0,1.7501441095470756,2.726573748802616,True,83.33333333333334,100.0,79.71005569953446,1.1312457972462635,8.30615234375,-14443.117367929957,125.08855134096655,0
2023-04-18,243.50250244140625,246.56267751697152,242.1909988375926,246.12550964903363,1164.264,2.6230399787277463,0.8743688011512063,-0.8743030236104232,57.398843824155975,243.240185546875,240.3111602783203,238.01603164672852,-25.925850551804274,0.39051393946950586,1.503423255717801,False,66.66666666666666,74.07414944819573,84.11162017811364,1.069929617507067,5.24603271484375,-14908.822967929966,84.22799993036254,0
2023-04-19,243.50250244140625,245.68834178109572,243.06533457346836,243.93967030934417,1535.742,-2.1858393396894655,-0.8743357358758033,0.8743357358757748,57.398843824155975,243.240185546875,240.83576354980468,238.3439079284668,-25.925850551804274,0.08985280472337491,1.2880804660130014,False,50.0,70.83337712176478,81.63584218998683,0.976160747135517,5.24603271484375,-15932.65096792997,69.76038509508558,0
2023-04-20,241.75381469726562,244.37682172833902,240.87947902024115,244.37682172833902,1069.423,0.43715141899485843,-1.3115200527566913,-2.1858555532272135,53.34600600104571,243.41505432128906,241.36036682128906,238.80293350219728,-40.74076015562398,-0.5097451952213309,0.4389280312203236,False,33.33333333333333,54.16654471949805,66.35802376315286,0.7531446437418772,5.24603271484375,-16467.362467929965,22.379192678620768,0
2023-04-21,241.316650390625,245.25116099481997,240.4423147008039,243.9396574600883,1964.635,-0.43716426825071153,0.8743392664809448,-0.4371643194372439,52.338156938034466,243.1527557373047,241.88496856689454,239.13080978393555,-44.44442292023049,-0.7194238733133524,0.15119532457600116,False,33.33333333333333,47.82601269783249,57.60864484636511,0.5427915441163355,5.2460174560546875,-17717.584740657243,10.101019331694252,1
2023-04-24,243.50250244140625,243.93967030934417,241.3166631017168,243.06533457346836,2055.511,-0.8743228866199502,-1.3114906854758033,0.8743484009129077,56.79095391497881,242.71559448242186,242.54072113037108,239.5461196899414,-29.166622878235216,0.11983649201818039,0.8144846252432731,True,33.33333333333333,50.00010346639126,50.66422029457393,0.5175600713655926,6.557525634765625,-16347.244073990612,14.719257044402136,0
2023-04-25,243.06532287597656,244.81399426357353,241.31665148837962,244.81399426357353,2373.82,1.7486596901051712,0.8743239542293679,-1.1613337193239204e-05,55.656452006579464,242.62815856933594,242.93417205810547,239.91771240234374,-33.333420716688664,0.12004599708315403,0.39121274248574295,False,16.666666666666664,42.8570699802909,46.894395381504886,0.44110654947192995,3.93450927734375,-16347.244073990632,-5.376295881972998,0
2023-04-26,240.8794708251953,242.19097429611287,237.81929605972095,240.8794708251953,2510.619,-3.9345234383782213,-2.623019967460664,-3.4973554286586648,50.187874851823146,242.10355224609376,242.67186889648437,240.158154296875,-56.52192537914439,-0.6013285329753959,-0.6461354648801814,False,16.666666666666664,34.999899986482546,42.619024477721574,0.22395429561234237,-2.6230316162109375,-15342.996473990614,-179.48679161469394,1
2023-04-27,244.81399536132812,244.81399536132812,240.00514902387346,240.8794847215925,2542.742,1.3896397177859399e-05,2.623021065215255,2.1858529641525024,58.24417986025714,242.71558837890626,243.06532135009766,240.61718063354493,-20.000067070083922,0.931211424116073,0.7798450485795727,True,33.33333333333333,79.99993292991608,52.61896763222984,0.3200759806384651,3.9345245361328125,-12800.254473990613,19.354983783529118,1
2023-04-28,246.9998321533203,246.9998321533203,243.93965724168623,246.56266430880115,1819.282,5.683179587208656,2.1858367919921875,3.934508217812777,61.97171388955459,243.85222473144532,243.502490234375,241.22921600341797,-0.0,1.466626375718666,1.5578195241488977,True,50.0,100.0,71.66661097213289,0.49518615938860744,4.3716888427734375,-10980.972473990614,155.61211570553093,1
2023-05-02,250.05999755859375,250.93433321439304,246.56265493539664,247.43699059119592,1551.112,0.8743262823947759,3.934501061072723,2.6229976937104027,66.53438476623398,245.16372375488282,243.93965911865234,241.86310806274415,-6.666665488536672,2.1124629386705047,2.493650382146605,True,66.66666666666666,93.33333451146333,91.11108914712646,0.7652942109030489,4.3716888427734375,-10050.305273990618,217.3652747872557,1
2023-05-03,251.3715057373047,251.80867357336956,249.62283439304517,250.9343379012398,1650.072,3.497347310043864,0.8743403589765251,3.0601794576485304,68.3119384500518,246.82496032714843,244.7265594482422,242.51885986328125,-3.1249984900211194,2.1012129310280314,2.7244287725286713,True,66.66666666666666,96.87500150997889,96.73611200714741,0.9674460989318492,7.8690032958984375,-9060.262073990609,169.32428612203486,1
2023-05-04,255.3060302734375,255.3060302734375,250.4971838128077,250.93435167286495,2559.015,1.377162516291719e-05,3.4973567000679395,0.8743494197625239,73.00463923365413,249.71027221679688,245.90691223144532,243.371337890625,-0.0,2.8470841896759556,3.9916930466329035,True,83.33333333333334,100.0,96.73611200714741,1.281597014939465,11.80352783203125,-6501.247073990609,152.00020456494624,0
2023-05-05,252.68304443359375,254.86888391831343,250.06003705193015,254.86888391831343,1764.678,3.93453224544848,-0.43714635512407085,-0.437146760877539,65.90645316156179,251.28408203125,246.9998352050781,244.1801010131836,-14.999861082044053,0.99010927469783,2.603561202892028,False,83.33333333333334,85.00013891795595,93.95838014264496,1.2280724302831123,10.929229736328125,-6340.821801263342,98.59192712411071,0
2023-05-08,252.245849609375,253.99452101047987,251.8086817590988,252.6830174596512,1065.796,-2.1858664586622183,-0.8743629078335573,1.748644707168637,64.76151625318124,252.33328552246093,248.09275512695314,244.98886184692384,-17.500012447504936,0.3187476262226559,2.1238940987026282,False,66.66666666666666,82.49998755249506,89.16670882348366,1.0835948627703194,10.92919921875,-6980.299401263348,80.0445503204664,1
2023-05-09,255.3060302734375,256.180365993552,252.68302311309395,253.1201909731512,1815.198,0.43717351349999944,2.185844983072144,0.8743413539951632,68.88852033016612,253.3824920654297,249.27310791015626,245.90691452026368,-4.761899623853154,0.9798281885485849,2.8923821477137337,True,66.66666666666666,95.23810037614685,87.57940894886595,1.1104080817564128,11.80352783203125,-6072.700401263348,92.39611969073384,0
2023-05-10,254.8688507080078,255.30601854798724,251.37150798817237,253.99451502804894,1439.542,0.8743240548977269,-0.87434744556478,-1.3115151249215842,67.65368096995999,254.08196105957032,250.45346069335938,246.6938163757324,-7.1429131868164175,0.48836144582662283,2.2508014275677044,False,50.0,91.89182260737077,89.87663684533754,1.0174532500141775,11.80352783203125,-4953.056623485565,68.4005870651244,0
2023-05-11,250.4971923828125,254.86887113294884,250.49719238281247,254.86887113294884,1175.908,0.8743561048999027,-0.43714741503839605,-0.8743156053598966,56.58832552478605,253.1201934814453,251.41523284912108,247.04355087280274,-30.952300880179234,-1.17849700284911,0.26247269786953337,False,33.33333333333333,53.571531469750376,80.23381815108932,0.6008947456938181,9.617721557617188,-6128.96462348555,25.221782121047188,0
2023-05-12,246.12550354003906,250.9343499679972,245.25116782586485,250.060014253823,2005.86,-4.808856879125841,-3.934521164951633,-5.246024556947617,48.02013847959749,251.80868530273438,251.5463836669922,247.30585250854492,-54.761854781602004,-2.3134773637400508,-1.5877628383764781,False,16.666666666666664,7.999998725974562,51.15445093436524,0.0019729055387047723,1.3115081787109375,-7517.636931177858,-110.41633975179414,1
2023-05-15,265.3608703613281,270.1697164469535,260.1148564497368,266.23520601326,8964.265,16.175191759436984,19.23536647895628,14.863688623871951,69.89777736053131,254.431689453125,253.38248748779296,248.44248886108397,-15.942035628019433,4.445075721176946,5.244900583069321,True,33.33333333333333,80.70174086481255,47.42442368684582,0.8266883774228493,18.361038208007812,-7127.886279003932,273.7856777292994,0
2023-05-16,265.3608703613281,267.1095416651919,261.4263599276346,264.92370253536217,3435.551,-1.3115034778978156,-3.0601747817615887,1.3115034778978156,69.89777736053131,256.4426574707031,254.9125747680664,249.42611694335938,-18.333340569279763,3.554160517824096,4.535011522889755,False,33.33333333333333,80.70174086481255,56.46782681853322,1.2710388249968743,15.300872802734375,-5806.520509773158,161.88425862595378,0
2023-05-17,265.3608703613281,266.67237383922594,264.04936688343025,264.4865347093962,3178.876,-0.4371678259659575,-0.4371678259659575,2.6230069557956313,69.89777736053131,258.5410614013672,256.31151123046874,250.51903533935547,-19.298259135187443,2.8813523559328678,3.908696579310358,False,16.666666666666664,80.70174086481255,80.70174086481255,1.4507933049253738,13.989364624023438,-5806.520509773089,114.76608800650023,1
2023-05-18,269.2953796386719,271.04405093502686,264.9237013977843,266.2352048700506,3951.572,1.7486701606543988,4.371677095800919,0.874334514354075,72.9240297358931,262.3006988525391,257.7104461669922,251.80867919921874,-6.779665882849023,3.442481917341621,4.791601938610821,True,33.33333333333333,93.22033411715098,84.87460528225868,1.7030656704831166,13.989349365234375,-4112.9896526302,108.7983783117681,0
2023-05-19,269.2953796386719,270.60688311093816,266.67237269413937,267.5467083423169,2310.376,1.3115034722662813,-0.4371678240887036,1.7486712963550417,72.9240297358931,266.93467407226564,259.3716796875,253.18575744628907,-6.779665882849023,2.212387958270148,4.186041148247449,False,33.33333333333333,93.22033411715098,89.04746969970483,1.7325934860786703,16.612335205078125,-3342.864319296889,88.57338146488885,0
2023-05-22,267.98388671875,269.29539024265904,265.36087967093187,268.85822240135604,1566.021,1.3115140590391547,-1.3114928682791174,-1.311493023207504,70.12732664995232,267.45927734375,260.9454833984375,254.5191192626953,-11.864374383140772,0.32733531821893164,3.256596535774269,False,33.33333333333333,88.13562561685923,91.52543128372038,1.5333160908658208,15.738037109375,-2820.857319296874,63.826941524445324,1
2023-05-23,268.4210510253906,270.16972236757556,267.9838831898444,268.85821886093686,2733.317,-3.5404191862653533e-06,0.8743321249165206,2.623003518912526,70.5381946930022,268.0713134765625,262.2569854736328,255.76504669189453,-10.16947154971019,0.29948409945395993,2.905026877384713,True,33.33333333333333,89.8305284502898,90.39549606143333,1.3091749540472248,13.115020751953125,-4460.8475192968735,66.31768582684764,1
2023-05-24,269.2953796386719,269.2953796386719,266.2352048700506,268.42104399049435,1968.672,-0.43717487044250447,-0.8743427289036845,-1.7486783197937825,71.3965464541682,268.85821533203125,263.6996383666992,257.0765495300293,-6.779665882849023,0.3802269690582415,2.6809246755451155,True,50.0,93.22033411715098,90.39549606143335,1.1061144846636823,14.426528930664062,-2492.1755192968735,55.149602451054754,0
2023-05-25,266.2351989746094,269.7325414898752,265.79803116020116,268.4210380466505,2274.919,-5.943843859768094e-06,0.43716185120331374,-0.43717370984944637,64.24935144750052,268.2461791992188,265.27343902587893,258.3443359375,-18.644104034687427,-0.8143351639475965,1.1627861469482812,False,50.0,55.99994156120225,79.68360137621436,0.6732994855711159,15.738006591796875,-4261.556963741333,37.68563258675499,1
2023-05-26,269.7325744628906,270.1697423307397,265.7980636522488,266.2352315200979,2264.914,-2.1858065265525966,0.43720084086453426,3.24920476373336e-05,68.21621934316764,268.3336181640625,267.63414611816404,259.59026489257815,-5.084644731594117,0.46133735833512773,2.0115807582409175,True,50.0,86.36391550603754,78.52806372813025,0.5361210040607904,23.607070922851562,-2449.6257637413382,62.77150622388917,0
2023-05-29,265.3608703613281,272.7927234027492,265.3608703613281,270.60688427291944,1933.322,4.3716527528215465,2.622981072009452,-0.4371932909206748,59.25107824360131,267.80901489257815,267.63414611816404,260.5083168029785,-26.98414408973551,-0.9249204197753071,-0.10971077887521712,False,50.0,15.00000000000039,52.4546190224134,0.08802468298388355,0.0,-4382.947763741338,16.93382922592023,1
2023-05-30,265.7980651855469,268.8582402781436,265.3608973151759,268.8582402781436,2249.903,-1.7486439947758186,-3.934483124605549,2.6953847793720342e-05,59.82706939410756,267.2844177246094,267.67786560058596,261.2952201843262,-55.17220083730496,-0.6265253149512787,-0.5588031889328543,True,66.66666666666666,11.111467056654309,37.49179418756408,-0.22476689793837856,0.43719482421875,-6070.375013741347,-86.20534422716284,1
2023-05-31,266.67242431640625,268.42109595126794,264.92375268154456,265.7980884989754,5463.981,-3.0601517791682227,-0.43714432687568205,-0.43714463363136247,61.028906692581685,266.75982666015625,267.80902099609375,262.0602661132813,-53.84570975354317,-0.19087876705440363,-0.27246404654085227,True,66.66666666666666,22.222368042996084,16.111278366550263,-0.4079439435041987,1.311553955078125,-6070.375013741347,-116.66374813791765,1
2023-06-01,267.5467224121094,268.4210581062666,263.6122117884019,265.7980510237949,1146.14,-3.7475180477031245e-05,-3.784500131587265e-05,-1.3115408931426487,62.260497882316955,267.0221313476562,267.6341552734375,262.6723007202148,-57.14279564159986,0.24569825098863887,-0.01361364335690372,True,66.66666666666666,42.85720435840013,25.39701315268351,-0.499352774300478,-1.7486572265625,-5341.013195559543,-101.88757202506065,1
2023-06-02,275.4157409667969,276.29007665240573,267.10955195351255,267.54671979631695,4300.118,1.7486687725220236,7.8690185461391025,3.497340165110643,71.19768698549534,268.1587646484375,268.24619140625,263.808935546875,-6.89655312616047,2.6058590629439884,2.6058629514644736,True,83.33333333333334,93.10344687383953,52.72767309174525,-0.08092641923732469,6.120361328125,-1859.9652907976206,260.2204984243169,0
2023-06-05,274.1042175292969,275.8528887735029,273.2298819071938,275.4157209624514,2317.07,7.869001166134467,-0.43718787890281874,6.120329953681278,68.25864045083202,269.9074340820313,268.8582244873047,264.90185394287107,-17.24153985356912,1.8408137017799147,1.9650285327008563,False,66.66666666666666,82.75846014643088,72.90637045955684,0.049423857382206116,6.120330810546875,-2632.321957464254,190.4760144102899,0
2023-06-06,273.6670837402344,275.4157552018333,271.9184122786354,273.2299158748346,1811.58,-2.1858050876168136,-0.4371335716696194,-1.3114696285584273,67.24925981607387,271.4812377929687,269.38282775878906,265.8199066162109,-20.689547808786017,1.1580950606154559,1.6646410945054428,False,66.66666666666666,79.31045219121398,85.05745307049479,0.04806930976157897,5.24603271484375,-2632.3219574642244,111.11151827248548,1
2023-06-07,274.9785461425781,276.29004954230425,273.667042742852,273.667042742852,1236.97,0.4371268680174012,0.8742943404709536,1.7486304642166033,68.76115714899635,273.1424621582031,269.9511444091797,266.8253913879395,-10.345042512256343,1.0712267379109166,1.9311176529329983,True,66.66666666666666,89.65495748774366,83.90795660846284,0.07571750169387759,5.68316650390625,-2632.3219574642244,103.60326475776588,0
2023-06-08,274.5414123535156,276.7272516238462,272.7927409372512,273.6670766453834,1698.649,3.3902531413332326e-05,0.4372020815419546,-0.8743018056007941,67.62598461072562,274.54140014648436,270.7817657470703,268.0276023864746,-16.666661312176842,0.4264432311821092,1.5770342385423364,False,50.0,83.33333868782316,84.09958278892692,0.008330785595493495,8.30621337890625,-2821.060735242024,77.40139493295985,1
2023-06-09,275.4157409667969,276.7272444952102,274.541405281188,276.7272444952102,1426.649,3.060167849826769,-7.1286360139311e-06,1.7486643439368095,68.75161335332649,274.54140014648436,271.35008239746094,269.4921142578125,-10.000050884366193,0.26525355126496075,1.7085961142590973,True,50.0,89.99994911563381,87.66274843040021,-0.0314139675584979,5.68316650390625,-3106.390535242039,77.75978141774392,1
2023-06-12,283.721923828125,284.1590916614503,276.29007066159477,276.29007066159477,3596.154,-0.43717383361541806,7.431847166240118,1.7486653804067487,77.02900872174013,276.46494140625,273.1861877441406,270.41016693115233,-2.127660433245356,2.771179476981251,4.215171316648892,True,50.0,97.87233956675465,90.40187579007052,0.42260538651288027,18.361053466796875,90.19079809129744,156.75417526871388,0
2023-06-13,279.7874450683594,286.78213119506836,278.91310930252075,286.78213119506836,2205.345,10.492060533473591,2.623039533618055,2.6230386409259836,67.75473275313541,277.689013671875,274.5851257324219,271.1314956665039,-30.188651086531067,0.9994823929036105,2.4546505263916627,False,50.0,69.81134891346893,85.8945458652858,0.3801724410200187,13.9893798828125,-1625.0775352420358,146.11565065097614,0
2023-06-14,277.6015930175781,280.6617680587168,276.29008942851874,279.78743233267716,1821.754,-6.994698862391203,-6.120363136351557,-2.6230198740020114,63.146868826011506,278.213623046875,275.67804260253905,271.74353179931643,-39.622659088096825,-0.026235956148011157,1.275919708207029,False,50.0,53.33332724314298,73.67233857445552,0.1395239987219128,10.929168701171875,-2353.779135242064,60.317606214492486,1
2023-06-15,279.3502502441406,281.97325728868657,275.41573967732177,278.03874672186765,2127.526,-1.7486856108095026,1.3114892299697658,-0.8743497511969736,65.21161540925394,279.175390625,276.8583953857422,272.2462753295898,-32.075558056492135,0.340222312193036,1.4956962567640173,True,50.0,49.99985540152249,57.714843852711475,0.03802629902969468,11.80352783203125,-1928.2739352420788,54.96437690539889,0
2023-06-16,276.7272644042969,279.35027164983524,274.1042571587585,278.03876802706606,4467.021,2.1305198401933012e-05,-2.6229856388513326,-1.3114825185632526,59.73512929171735,279.4376953125,276.9895477294922,272.6178695678711,-43.39620960389917,-0.7318306970190998,0.23753605855293,False,50.0,32.35295387848681,45.22871217438409,-0.2500084510303173,1.3115234375,-1928.2739352420788,-8.372716357844578,0
2023-06-19,271.91839599609375,276.29007438831394,271.0440603176497,274.97857087064784,3499.309,-3.060197156418212,-3.060197261521296,-3.060196841108791,51.14472864852891,277.0769897460938,276.7709655761719,272.8145950317383,-75.55559958084636,-2.252491868564362,-1.6341606885363666,False,33.33333333333333,5.555545436630004,29.302784905546435,-0.7787898519457306,-2.185821533203125,-4261.146601908758,-100.1529667484938,0
2023-06-20,271.0440673828125,274.54141018775204,269.29539598034273,272.79273878528227,3977.638,-2.1858320853655755,-1.7486642005619046,-1.748664337306991,49.72635518302748,275.32831420898435,276.5086639404297,272.94574584960935,-90.00001211777253,-1.821062751435364,-1.8210600382039717,False,16.666666666666664,9.999987882227476,15.969495732448095,-1.1778788372586622,-2.623016357421875,-5587.025935242092,-124.73083157095316,1
2023-06-21,274.9785461425781,277.60155294203037,271.0440359433997,271.9183715432172,2987.124,-0.874367242065091,3.0601427542783313,1.7486399630569736,55.750545883008975,274.8037048339844,276.5086639404297,273.2299041748047,-67.50022178268247,-0.10588635448503156,-0.4221739850812242,True,33.33333333333333,32.49977821731753,16.018437178725,-1.1651867485306768,0.0,-4989.601135242071,-51.14699164323528,1
2023-06-26,280.6617431640625,283.28475010952104,274.1042258004162,277.16440057011783,4722.274,5.246029026900658,5.683197167490675,3.0601898570164963,62.77873631400731,275.0660034179688,277.1206970214844,273.9512313842773,-35.00017559510974,1.770142076909087,1.4217968014653983,True,50.0,64.99982440489026,35.83319683481175,-0.7808087899515987,6.120330810546875,-2965.7694209563733,52.84937927154526,0
2023-06-27,275.8529357910156,279.7874467610935,275.8529357910156,279.3502788755293,1565.261,2.1858783054114497,-3.497303348427522,1.7487099905994228,54.751519247885916,274.8911376953125,277.16441650390624,274.2572494506836,-62.499919337997575,0.2382935130458726,-0.3421870290201326,False,33.33333333333333,37.500080662002425,44.99989442807007,-0.8514106446948908,0.43719482421875,-4531.030420956373,-2.929827797037612,1
2023-06-28,276.2900695800781,278.9130765697624,274.54139825362194,276.2900695800781,1571.072,-3.060209295451159,-0.8743701913311384,-1.31153753739369,55.31808429712984,275.7654724121094,276.4212310791016,274.80370941162107,-60.00011715254223,0.4237272390184757,-0.23678338672750218,True,50.0,49.99997523221065,50.83329343303444,-0.8667597195425376,-7.431854248046875,-4845.2448209563645,-6.369735171791585,0
2023-06-29,274.5414123535156,277.1644194779123,269.2953981047223,269.2953981047223,3748.24,-6.994671475355801,-1.7486570918500774,-5.246000148899611,52.45201413452978,276.46494140625,275.89662780761716,275.24087677001955,-70.00002396813781,-0.37017151815617927,-0.8421039520925347,False,50.0,37.50006129468843,41.66670572963383,-0.984189353991777,-5.24603271484375,-3595.8314876230493,-70.1055076264209,1
2023-06-30,274.9785461425781,277.16438514212166,271.9183715432172,271.9183715432172,2863.655,2.622973438494853,-3.433579064449077e-05,2.622973438494853,53.114469725237285,276.46494140625,275.6343231201172,275.65618286132815,-67.50022178268247,-0.4484379249317665,-0.4221739850812242,True,66.66666666666666,40.62482163048369,42.70828605246092,-1.0177100072594358,-2.623046875,-3118.5556542897157,-29.88575237871382,0
2023-07-03,273.22991943359375,278.9131017578125,272.7927515625,278.9131017578125,3594.59,6.994730214595336,1.748716615690853,0.8743800192827962,50.07025198245693,274.97857666015625,275.0222900390625,275.94034271240236,-71.87487415845324,-0.9770206071557024,-0.8592140619046191,False,50.0,28.12512584154676,35.416669588906295,-1.1340514903572494,-6.120330810546875,-6199.63279714683,-9.867727257591397,0
2023-07-04,269.55621337890625,277.82199164265467,269.09700347536466,274.148312414322,6790.21,-4.76478934349052,-1.0911101151578464,-3.695748087135314,44.25674510720636,273.7192321777344,274.30518493652346,275.6473663330078,-96.76333447880961,-1.6486868739805594,-1.9536913032225673,False,33.33333333333333,3.2366655211904014,23.99553766440695,-1.4164739860621909,-7.171051025390625,-12275.08384977839,-97.90930782240501,1
2023-07-05,272.31146240234375,273.68909206036574,268.17857342827784,270.0154129723071,1683.419,-4.132899442014889,-4.132899582288928,-0.9184300470868152,49.092712709042374,272.9235107421875,274.34449157714846,275.55772857666017,-72.64106556361433,-0.4289607030306777,-0.7397435392579115,True,50.0,27.358934436385663,19.573575266374274,-1.3746784644272605,0.39306640625,-11433.374349778398,-110.8585705622698,1
2023-07-06,275.5259704589844,277.82202021280926,271.3930809020996,273.6891306559245,2966.401,3.673717683617383,4.132928152443526,3.2145074738217545,54.15477399829986,273.12042236328125,274.7926818847656,275.65067291259766,-51.3616371253652,0.7933634094961238,0.46863816915820716,True,50.0,48.6383628746348,26.411320944070287,-1.099418352103088,4.481903076171875,-10585.831206921262,-1.198996620005271,0
2023-07-07,269.0970153808594,275.5259543148731,267.2601756854269,275.5259543148731,2140.715,1.8368236589486173,-2.2960658979361597,-4.132905216672725,44.50036943595841,271.9441162109375,274.20452880859375,275.3565963745117,-88.53735739358748,-1.2306261487152481,-1.7914385834960844,False,50.0,14.662728094073382,30.220008468364615,-1.3051742387879486,-5.88153076171875,-11775.117318032371,-126.23950790489013,0
2023-07-10,268.1785888671875,270.93384834185036,267.2601690422999,269.0970086920751,1432.084,-6.428945622797983,-4.59210597302274,-6.643126994276827e-06,43.29743085010807,270.93385009765626,272.9562133789062,275.0384552001953,-94.26868121522203,-1.1565603734323153,-2.041254938143566,False,33.33333333333333,7.8814479351193825,23.72751296794252,-1.4469917557639578,-12.483154296875,-12491.15931803237,-142.39364048370496,1
2023-07-11,271.8522644042969,274.6075238408269,268.6377950616785,273.2298941225619,2262.049,4.132885430486795,3.673675498976536,1.3776260193786243,49.28020086917578,271.3930603027344,272.5561462402344,274.8602813720703,-71.3434295552956,0.2823246720782859,-0.6047686784514964,True,50.0,39.407207388092964,20.650461139095242,-1.2449444209154856,-4.00067138671875,-12317.155548801598,-41.355914815298014,1
2023-07-12,272.31146240234375,272.31146240234375,267.7193635422705,269.5562030862998,2273.952,-3.6736910362621416,-2.29606143848315,-0.9184315194079886,49.99958512735555,271.3930603027344,272.1582855224609,274.2897583007813,-59.677645267927346,0.2818434902987163,-0.18292037948738596,True,66.66666666666666,43.34782911188942,30.212161478367253,-1.0402638806484432,-3.978607177734375,-10043.203548801597,-60.40538999372035,0
2023-07-13,271.39306640625,275.5259557423858,269.5562267013008,273.2299061111992,1923.146,3.673703024899453,3.214493340042054,1.8368631590302584,48.49875160483535,270.5664794921875,271.84345092773435,273.87003936767576,-64.5334143357035,1.874131555592186e-06,-0.3838535735444716,False,50.0,35.46658566429651,39.407207388092964,-0.9302064489656265,-3.148345947265625,-10782.875087263144,-2.5395213373835444,1
2023-07-14,273.6891174316406,273.6891174316406,269.55622807445144,273.22990750306406,1387.428,1.3918648278377077e-06,-1.8368383107451791,1.373150666950096e-06,52.395930282085615,271.4848999023437,271.7145080566406,273.6744155883789,-44.82978194165326,0.9599128910567714,0.5389095578112761,True,50.0,60.86952263909515,46.56131247176037,-0.6779677129838939,-1.2894287109375,-9395.447087263145,16.6437544343125,1
2023-07-17,275.06671142578125,275.06671142578125,271.85224234401085,273.22987195048387,1320.192,-3.55525801865042e-05,1.377593994140625,2.2960142695594072,54.64245089120925,272.8625244140625,271.8981872558594,273.4602386474609,-33.0079167702639,1.097038532103513,1.028718730657039,True,66.66666666666666,73.91263385038658,56.74958071792609,-0.40690381781673257,1.8367919921875,-8075.255087263145,114.99833244334181,1
2023-07-18,281.49566650390625,290.2206545358381,275.5259378504792,275.5259378504792,6052.384,2.2960658999953125,15.153943110056844,3.6736955064683343,63.428878162948834,274.79120483398435,273.0921325683594,273.6986587524414,-38.0000154369006,2.622766621658819,3.1841739334481645,True,83.33333333333334,61.9999845630994,65.59404701752705,0.18504318471577275,11.939453125,-9210.077087263136,251.51875271932823,0
2023-07-19,273.6891174316406,286.08778550320824,271.3930677887577,286.08778550320824,2577.641,10.561847652729057,-4.132869032629856,-4.132870061721462,50.47626928759926,275.0667358398438,273.2298980712891,273.7871948242188,-71.99994577139908,-0.3344431924438867,0.30855951286134403,False,66.66666666666666,28.000054228600913,54.6375575473623,0.038184293394311286,1.377655029296875,-10982.205274763131,82.45267356630882,1
2023-07-20,278.2812194824219,279.6588492818398,272.77070028475015,275.52595988358604,1945.883,-10.561825619622198,-6.428936221368417,1.3776324959924295,56.21407393964647,276.4443664550781,273.5054229736328,274.14905242919923,-51.9999242035903,0.9719565435522273,1.7205249821345823,True,66.66666666666666,48.000075796409696,46.00003819603668,0.22712068604424918,2.7552490234375,-9814.675474763138,68.68522431852546,1
2023-07-21,305.83380126953125,305.83380126953125,286.5469849732545,288.8430345323351,14622.928,13.317074648749042,26.17495198769143,13.776284688504347,75.09833811075251,282.87330322265626,277.1791015625,275.6918151855469,-0.0,8.705114402164348,10.6618659073732,True,83.33333333333334,100.0,58.66671000833687,2.0813892222665267,36.736785888671875,4808.252525236861,257.5912967235566,1
2023-07-24,336.14166259765625,336.14166259765625,323.7429947149558,330.63114353867826,28386.321,41.78810900634318,30.307861328125,37.19600974170129,83.59081136104051,295.0882934570312,283.97540893554685,278.46581115722654,-0.0,15.215112966289162,19.445202356738793,True,83.33333333333334,100.0,82.66669193213657,5.053343458945622,67.96307373046875,33194.57352523686,249.41725712585549,1
2023-07-25,337.519287109375,366.44951171875,332.4679780505952,356.34689360119046,37143.023,25.7157500625122,30.30784912109374,8.724983335639422,83.86369288847419,306.293017578125,290.5421112060547,281.5491287231445,-29.16666632598192,11.702126907461462,17.552979581945415,True,83.33333333333334,70.14217795984001,90.04739265328,6.712268968248465,65.66702270507812,7094.070876588274,173.44485252663904,0
2023-07-26,337.06005859375,351.29556515561137,333.8455893701039,346.244256375596,13819.153,-10.102637225594435,-15.153946563138618,1.3776113195086737,83.35957850763258,318.9672058105469,297.0169708251953,284.58762817382814,-29.767455704073836,8.232974834059132,15.09211569896365,False,66.66666666666666,69.66822464920216,79.93680086968072,7.328727604670904,64.74859619140625,-1633.815228674879,112.6843990151897,0
2023-07-27,326.95745849609375,344.4074352135819,324.6614089280032,344.4074352135819,9711.64,-1.8368211620141324,-6.8881299420294795,-9.184180442100683,72.8501641699933,328.70245361328125,302.5734100341797,287.208430480957,-39.99999387427684,2.0788530966816063,9.91895111772818,False,66.66666666666666,58.45410201570177,66.08816820824798,6.627351322389302,55.56439208984375,-9086.934298442315,69.862511472585,1
2023-07-28,356.3468933105469,356.3468933105469,330.63113812318784,336.6008670059676,26795.873,-7.806568207614305,11.939458096964984,5.969729195184641,80.60865907732097,338.80507202148436,310.8391876220703,291.27684783935547,-10.426541329859715,6.911596634192914,17.043741092224476,True,66.66666666666666,89.37197943608794,72.49810203366395,7.641933280712919,82.65777587890625,17708.938701557687,85.57267341265228,0
2023-07-31,334.3048095703125,366.4495027982272,323.2837718921703,366.4495027982272,24695.294,29.848635792259586,10.102609487680297,-7.347366231017531,65.33320269652432,338.4377014160156,316.76299743652345,294.3305923461914,-33.175366691506454,-1.1093515539156191,7.945136141814153,False,50.0,66.18356334462543,71.33654826547172,6.3792016853340545,59.23809814453125,5624.007595174724,59.16551584810247,1
2023-08-01,341.65216064453125,348.999518937962,329.25349352436683,345.78504968458606,14212.049,-20.664453113641116,-17.44998386026515,5.969721632196524,67.56807122661215,339.2642761230469,322.7786468505859,297.93538970947264,-26.086975326450922,0.7902436212252133,8.33636364142206,True,50.0,73.52939187140586,76.36164488403973,5.6163141299435555,60.156494140625,9259.648037035184,47.80681562335519,0
2023-08-02,332.0087585449219,343.4890060741377,328.79428923674146,339.35611696362,9245.603,-6.428932720966031,-5.510512863824317,-0.4592042876253686,61.85823287979503,338.25401611328124,328.61061096191406,300.9202545166016,-36.231897333749664,-1.788544536721521,3.7178701884828183,False,33.33333333333333,56.896540601865624,65.53649860596563,4.109600071473022,58.31964111328125,4058.996349535164,23.337058467275977,1
2023-08-04,332.4679870605469,335.2232466218221,323.2837885229627,332.00877713366765,5780.277,-7.347339829952375,-8.265759452315592,-5.510500713778754,62.02494525240832,339.3561218261719,334.02928771972654,303.76735534667966,-35.74878593525971,-1.4295400045320794,2.50118312302941,True,50.0,21.276630970011333,50.567521147760935,2.8510140862854634,54.186767578125,7171.453195689019,-30.88570148250565,1
2023-08-07,340.2745666503906,345.3258760068741,328.33510817142957,332.00878770341757,6803.585,1.0569749917976878e-05,10.102629385052012,5.051319648466858,64.87227370224535,336.14165649414065,337.4733642578125,307.32623291015625,-27.94115837688715,0.22543444947839616,3.1434931480792794,True,66.66666666666666,39.36175964197905,39.178310404618664,2.276319870451678,34.440765380859375,9929.663330824167,-3.597586574475213,1
2023-08-08,345.32586669921875,345.32586669921875,331.0903588964584,340.27455747888445,5628.335,8.265769775466879,-9.30765537532352e-06,2.755250725028816,66.63799531724601,338.3458679199219,338.39178466796875,311.1835968017578,-26.436767246189852,2.2665487175625656,2.931451003298417,True,66.66666666666666,51.063874847896,37.23408848662879,1.9793784899855762,9.1842041015625,15557.998330824168,23.228187072163603,1
2023-08-09,348.08111572265625,357.72452394188554,341.6521769098367,357.72452394188554,18853.014,17.44996646300109,12.398657242666786,10.561818013378343,67.60687812505589,339.63165893554685,339.4479675292969,314.99503936767576,-42.5531823846634,2.3863118696477854,2.6752458605551523,True,83.33333333333334,57.44682948715335,49.29082132567614,1.7210533471853715,10.56182861328125,11787.395530824168,141.8012507783165,0
2023-08-10,338.4377136230469,342.5706029345902,323.7429960708929,339.8153433935613,11384.319,-17.90918054832423,-15.15392100729531,-17.909180838943826,60.858515032508244,340.9174499511719,339.5857330322266,318.3013519287109,-64.89358970387576,-0.29312276652651814,-0.22562966285465036,False,66.66666666666666,35.106417551127855,47.872373962059065,0.7052983670063853,1.377655029296875,18173.72082350705,-54.12745052725542,0
2023-08-11,337.978515625,345.32587466032606,333.3864162279212,341.1929852029552,6110.091,1.3776418093938787,2.755271725735838,9.643420157028288,60.544579051187945,342.0195556640625,340.6878387451172,321.63062438964846,-65.95738465587344,-0.7194222031876358,-0.37224525992207047,False,66.66666666666666,34.04261534412655,42.19862079413593,-0.14744447473007938,11.02105712890625,16763.699823507064,-10.705364672648772,1
2023-08-14,340.7337646484375,348.99954330567726,332.9271959166,333.3864058420022,15316.072,-7.8065793609529806,3.6736686453511993,-0.45922031132118946,61.833285356031965,342.11139526367185,339.12652587890625,324.9828567504883,-59.5744300166161,-0.31348040750428663,0.3493759230061567,True,66.66666666666666,50.66667686743769,39.93856992089736,-0.6478377221464058,-15.613128662109375,16326.097766364155,38.10364815956616,1
2023-08-15,353.5916442871094,358.1837435635653,348.99954501065343,348.99954501065343,15105.251,15.61313916865123,9.184200257888051,16.072349094053436,67.27487347315909,343.76455078125,341.0552093505859,328.9091033935547,-29.787190535707175,2.7808678379151948,3.4598606190603904,True,66.66666666666666,86.84210546657297,57.18379922604574,-0.2549507916087492,19.286834716796875,16326.097766364155,188.97469903065567,1
2023-08-16,357.72454833984375,357.72454833984375,346.24429967681925,348.54034940942415,11274.057,-0.4591956012292826,-0.45919522372156507,-2.755245333834182,68.83302629591553,345.6932373046875,342.6624481201172,332.7205474853516,-20.212687878196377,3.3613483168656795,4.633987915011209,True,66.66666666666666,98.68425267829905,78.7310116707699,0.12100459230854099,16.0723876953125,27600.154766364154,128.57155919871002,1
2023-08-17,361.398193359375,361.398193359375,351.2955755018067,354.5100448201239,10421.625,5.969695410699728,3.67364501953125,5.051275824987442,70.20849764232645,350.28533325195315,345.6013916015625,337.10600128173826,-0.0,3.7574103386479423,5.015007073726119,True,66.66666666666666,100.0,95.17545271495733,0.43705477583228003,29.389434814453125,38021.779766364154,120.26944878052662,0
2023-08-18,352.6732177734375,366.4495153427124,348.0811185836792,366.4495153427124,10067.141,11.939470522588522,5.051321983337402,-3.214456918127496,63.0043435018246,353.2242736816406,347.6219146728516,340.8256011962891,-31.914897730789065,0.5674361135620573,2.206941135581825,False,66.66666666666666,67.74193307211205,88.80872858347037,-0.09325747040634269,20.205230712890625,32988.20926636415,80.95236624732482,1
2023-08-21,354.5100402832031,359.10213925060214,350.8363611092839,351.2955710060238,7387.456,-15.153944336688596,-7.347376092110267,2.7552425256047286,63.856108443133294,355.9795288085937,349.0454620361328,343.25941314697263,-27.659617801330725,0.3031565495759392,2.1839779747264405,True,83.33333333333334,72.04296846690639,79.92830051300614,-0.4520116137870005,14.2354736328125,32167.380821919698,61.083326859226176,1
2023-08-22,362.7758483886719,364.6126881273487,354.05085962995696,359.10216891131824,12819.241,7.8065979052944385,5.5105488767465545,3.2144985206730325,67.52644237673766,357.8163696289063,350.79046020507815,344.59112243652345,-8.60212215062127,1.5859438230052627,3.810777474085329,True,83.33333333333334,91.39787784937873,77.06092646279905,-0.273116909584342,17.449981689453125,40527.755387137106,95.84046619508334,1
2023-08-23,380.6850280761719,383.89949755329275,360.4797913628407,365.07189061587053,20836.27,5.969721704552285,19.286809425944057,6.4289317328837114,73.81209482695218,362.40846557617186,354.0508514404297,346.7494094848633,-5.343511337775084,5.2698422807288505,7.895878893626775,True,83.33333333333334,93.69369368479349,85.71151333369285,0.849427654664364,32.603912353515625,55644.26499498024,172.8701974671548,1
2023-08-24,393.08367919921875,402.26787731135,380.6850117478415,396.75735844407126,21929.613,31.68546782820073,18.368379758057245,20.205220385000814,77.15214663786034,368.7455627441406,359.51544799804685,349.5505905151367,-11.695908312178913,6.955433277861872,10.167306321952037,True,83.33333333333334,86.7549641460163,90.61551189339616,2.150982951848821,54.645965576171875,58910.37756944841,213.79972259364422,0
2023-08-25,379.307373046875,391.2468303098517,372.8784345206568,381.60342252052436,12902.376,-15.153935923546896,-11.021047001498289,-7.806577227184675,66.82174589728899,374.0723937988281,363.64833374023436,352.16808624267577,-29.239782221594023,2.375538265341603,5.536621157574609,False,66.66666666666666,59.01635483856883,79.82167088979287,1.8211818799377646,41.328857421875,55039.664769448376,102.39534584126298,0
2023-08-28,371.96002197265625,381.60342994972507,361.85740409191743,380.22580023871524,10066.538,-1.3776222818091242,-9.643400360126634,-11.02103042873938,61.99233954607935,377.56239013671876,366.7709594726563,352.94874267578126,-43.70862058039776,-0.4710233041199248,2.6941330602399187,False,66.66666666666666,45.90160675491533,63.890975246500155,0.892297009645489,31.22625732421875,55273.77030433212,35.75236287968907,0
2023-08-29,371.96002197265625,379.30738043137535,367.36792293595676,376.5521210093557,5843.35,-3.67367922935955,-2.2960495183497187,5.510518844039325,61.99233954607935,379.39922485351565,368.60779724121096,354.8315032958984,-43.70862058039776,-1.2395870538825193,1.8974709653029116,False,50.0,44.06778325492118,49.66191494946844,0.10346875594661853,18.368377685546875,53925.30491971677,32.12624618577783,0
2023-08-30,370.1231994628906,382.5218674349726,368.74556968821486,380.225817810513,6411.354,3.6736968011572912,3.2144870035972417,1.3776467522581015,60.6874070827362,377.2868591308594,369.8476623535156,356.2550552368164,-57.37705302962773,-2.045773527121112,0.7185275751833263,False,33.33333333333333,40.67798369337693,43.549124567737806,-0.6736805909285906,12.398651123046875,48796.22171971676,28.60704575089033,0
2023-08-31,369.6639709472656,370.1231808490635,363.69424222389364,365.99029173288284,8392.473,-14.23552607763014,-12.398686585909104,-5.0513274643212185,60.34097940756113,372.60291748046876,370.6742401123047,358.13781585693357,-58.19675883031896,-1.6893963123061,0.22826065004050217,False,16.666666666666664,36.607145245361,40.450970731219705,-1.3133200875895419,8.265777587890625,55989.770005431004,-20.95109517190553,0
2023-09-01,367.3679504394531,375.63372932434083,366.44953056335453,374.7153094482422,4961.984,8.725017715359343,5.510548475277346,2.75528833946089,58.51898818038287,370.21503295898435,372.1437133789062,359.88281402587893,-64.4067438085663,-1.1735581121615979,-0.610823750513481,False,0.0,27.61906781023339,34.96806558299044,-1.9474665664989956,14.694732666015625,52020.182805430966,-20.37826911743852,0
2023-09-04,367.3679504394531,370.5824200057983,362.77585105896,369.20479019165043,3890.842,-5.510519256591749,-5.051309318542508,-3.6736795043945563,58.51898818038286,369.29661865234374,373.42950439453125,361.237483215332,-64.4067438085663,-0.6416848149001294,-0.7444119835869252,False,0.0,16.483547691320307,26.903253582304888,-2.3939617868744065,12.85791015625,52706.80198190156,-71.22937943183086,0
2023-09-05,361.8573913574219,367.3679100075349,350.8363540571958,365.5310704574972,6250.716,-3.6737197341532237,-3.214509998263452,-11.939497001764153,53.87276354763075,367.2760925292969,373.33765869140626,362.0640594482422,-78.57143517650749,-1.6843478953393536,-2.435003325715172,False,0.0,21.42856482349252,21.843726775015398,-3.0456495003426944,-0.91845703125,54790.373981901575,-148.1483651510847,1
2023-09-06,370.5823974609375,374.25607674183897,362.7758289890218,364.6126686294726,5150.946,-0.9184018280246278,6.888166734304093,11.939474931825998,59.43572161569,367.36793212890626,372.3273956298828,363.1891235351562,-61.6071192249847,0.749062204762175,-0.44206929606798046,True,16.666666666666664,48.86367406383615,28.925262192882986,-2.8763631818910333,-10.102630615234375,56644.714541901594,-37.49572124948579,0
2023-09-07,368.2863464355469,370.5823959769156,365.5310869859044,370.5823959769156,2932.319,5.96972734744304,-3.673680764923347,2.7552579968825626,57.44679610033964,367.0924072265625,369.8476623535156,364.6815551757812,-66.07140665050864,0.20824531198939691,-1.1808201401691278,False,16.666666666666664,55.07246220157485,41.78823369630117,-2.8981628189353366,-24.797332763671875,56911.28899644705,-35.42679720787238,1
2023-09-08,370.5823974609375,371.5008172811629,364.6126686294726,367.36792809014867,2731.649,-3.214467886766954,0.9184213042472607,-0.9184183564318005,58.945514882726705,367.73529663085935,368.97516479492185,366.31174926757814,-61.6071192249847,0.7910063326987576,-0.33961107212907876,True,33.33333333333333,62.318836902894994,55.41832438943533,-2.738925933742829,-8.7249755859375,58914.49826311371,-0.7937032073307256,0
2023-09-11,348.9995422363281,371.0416185880962,341.1929735284103,371.0416185880962,9608.538,3.6736904979475185,-0.45919869306669625,-23.419695101062302,43.30524325263615,364.0616149902344,366.6791168212891,366.7250381469727,-84.40366195555123,-4.282113570995012,-5.207356423726549,False,33.33333333333333,18.888888547482512,45.426729217317444,-3.992219769486004,-22.960479736328125,54331.9647554214,-215.48316655614218,0
2023-09-12,333.8456115722656,346.703489321954,331.09035205447526,343.02980996490015,12650.577,-28.011808623196032,-24.338129266142175,-10.102621473935017,35.99067807789203,358.4592590332031,362.86767578125,365.7377365112305,-94.64285759926267,-7.013427966398724,-8.38059120253919,False,33.33333333333333,6.185564918209174,29.131096789528886,-5.645782739292889,-38.114410400390625,46146.29728483316,-221.23656338218834,1
2023-09-13,339.3561096191406,340.73373929283133,330.63112168576623,330.63112168576623,5319.893,-12.398688279133921,-5.969750029122679,-0.45923036870902934,40.010244774126406,352.21400146484376,359.790966796875,364.81931457519534,-83.18584979382796,-4.480831248842346,-6.168663884870007,True,50.0,19.387738602719658,14.820730689470443,-6.131920699222615,-30.76708984375,50015.31037574224,-147.92908942392083,1
2023-09-14,343.0298156738281,348.0811248738443,341.6521858920055,342.5706057465539,3260.573,11.939484060787663,7.347385581012986,11.02106420623926,42.63035918414957,347.1626953125,357.12755126953124,363.900895690918,-76.10615571418816,-2.18245011254491,-4.516401391762543,True,50.0,28.421104324635756,17.998135948521526,-5.964099010804588,-26.6341552734375,48152.1258043137,-76.28606699420999,0
2023-09-15,336.6008605957031,346.2442686073126,336.14165069038836,344.4074289860537,5752.432,1.836823239499779,-1.8368562665316972,-5.510535201617131,39.349365128677476,340.36638793945315,354.05084228515625,363.09727783203124,-86.73468222579207,-2.5481957269413087,-5.5716602979763215,False,50.0,13.684229364279624,20.497690763878342,-6.0263204181037855,-30.76708984375,42922.64216795009,-81.46283464985345,0
2023-09-18,330.17193603515625,334.3048253596575,327.87588641043334,334.3048253596575,4412.861,-10.10260362639616,-11.939443247655106,-8.265764279955022,36.301488497228185,336.6008666992187,350.33124084472655,361.88037261962893,-95.19230877143681,-2.5084725541240305,-6.512079541353248,False,33.33333333333333,4.950496339744809,15.685276676220058,-6.215729481343834,-37.196014404296875,41661.82473937865,-102.13921033763664,1
2023-09-19,331.0903625488281,337.9785115616331,330.17194268045415,335.22325195651115,2964.329,0.9184265968536351,3.673686201975613,2.296056270020813,37.0612415779931,336.04981689453126,347.25453796386716,360.29609832763674,-93.06929075662255,-1.367985368615389,-5.442618981634439,True,50.0,7.368438354481295,8.667721352835239,-5.991870481609025,-30.76702880859375,39394.98491584922,-74.90886595583353,0
2023-09-20,331.0903625488281,336.1416718248851,330.17194268045415,333.84562215395016,2360.847,-1.377629802560989,-1.8368397367480043,0.0,37.0612415779931,334.39666748046875,343.3053344726562,357.81636505126954,-93.06929075662255,-1.2328735343622303,-4.619111754368455,False,50.0,7.368438354481295,6.562457682902462,-5.56567327464229,-39.492034912109375,37760.55237738766,-70.16130379833147,0
2023-09-21,326.0390319824219,330.6311310244278,324.6614022698201,328.3350815034249,3736.209,-5.510540650525286,-5.510540800457306,-5.510540410634064,34.37741240456856,330.9985107421875,339.0806030273437,354.46413269042966,-97.22222249209632,-2.091476958944246,-5.259648816401494,False,33.33333333333333,2.9702960054089567,5.902390904790511,-5.344675181877719,-42.247314453125,35748.74753123382,-97.10587709315963,1
2023-09-22,328.3350830078125,329.2535028204218,322.8245641321569,326.0390334762893,3229.342,-2.296048027135555,-1.3776282040060437,-1.8368381376631646,36.652148913217026,329.34535522460936,334.8558715820312,351.91551818847654,-88.67924599950825,-0.6714542985901819,-3.606338340577179,True,33.33333333333333,21.818168087154287,10.718967482348177,-4.782802679510848,-42.247314453125,38055.42038837667,-101.82433996304292,1
2023-09-25,330.17193603515625,331.0903558850454,325.1206268607658,327.87588641043334,2398.689,1.8368529341440194,1.8368530646236536,2.296062728608888,38.51229670994082,329.34535522460936,332.9731109619141,349.82611389160155,-84.90563379948777,0.20905998002408135,-2.15468193819345,True,50.0,29.090943846808372,17.959802646457202,-4.055134954761261,-18.827606201171875,39716.05123453051,-70.58045216227426,0
2023-09-26,328.7943115234375,331.5495711172093,325.1206320650751,331.090361184914,3434.568,3.2144747744806637,0.45921523216389915,5.204309275086416e-06,37.608752297461336,328.8861450195312,332.4679809570313,347.66782836914064,-87.61901269449022,-0.13946793699588705,-1.546920497418124,False,50.0,23.63642244221783,24.84851145872683,-3.4575935152607395,-5.051300048828125,40206.70380595907,-64.22422020135298,1
2023-09-27,334.3048095703125,335.68243928008025,328.3350808279855,328.3350808279855,3729.492,-2.7552803569284947,4.1328681628709205,3.214448762910422,43.402939391250975,329.52903442382814,331.9628509521484,345.87690887451174,-54.54549193942001,1.369224046327767,0.4715322977180048,True,50.0,49.01959992848823,33.915655405838145,-2.525472375238462,-5.051300048828125,42537.63630595909,5.8299661035494745,1
2023-09-28,337.06005859375,338.4376882610269,332.92716959191927,336.60084870465766,2753.404,8.265767876672157,2.7552489809466465,4.592088763933759,46.13167154511799,331.7332397460938,331.3658752441406,344.24671325683596,-43.63644913023894,1.897265158921551,1.2181051343555722,True,66.66666666666666,91.17646374994521,54.61082870688375,-1.6025839847502175,-5.969757080078125,43914.3383059591,93.96790563764013,1
2023-10-02,342.11138916015625,343.48901891516357,334.76403046678377,339.8153395684773,3323.113,3.2144908638196625,5.051330654136677,1.8368608748644988,50.869225174647205,334.4885009765625,331.91692810058595,342.98388519287107,-23.63637620634023,2.593529005141428,2.664217109751944,True,83.33333333333334,93.3333360619792,77.84313324680421,-0.5836786641541654,5.510528564453125,46188.04720069595,173.08301369239405,0
2023-10-03,336.6008605957031,342.5705893647947,336.14165069038836,342.5705893647947,2890.117,2.7552497963174005,-0.9184295503688418,1.3776202236045947,46.04950690923163,335.7742858886719,332.5598205566406,341.4455307006836,-41.17647181175793,0.5257127982992795,1.1732207484072328,False,66.66666666666666,66.66663412225664,83.72547797806034,-0.23070734605154364,6.428924560546875,43710.80405783883,108.44360754176455,1
2023-10-04,340.2745666503906,341.1929865333876,334.30483741091007,334.30483741091007,3583.232,-8.26575195388466,-1.3776028314071027,-1.8368132794782923,49.527442600506916,338.0703369140625,333.4782409667969,340.366389465332,-15.555466130257352,1.1144020220491715,2.183411295988758,True,66.66666666666666,84.44453386974264,81.48150135132614,0.2730083268771879,9.1842041015625,46338.507524505505,87.50628251949945,1
2023-10-05,348.9995422363281,353.13243155228463,343.4890231483861,345.3258628443668,4316.025,11.021025433456714,11.939445018897004,9.184185737476014,56.7509921386097,341.0092834472656,335.2691589355469,339.28724670410156,-13.636358040855814,2.6795789706561037,4.312022371411178,True,83.33333333333334,86.36364195914419,79.15826998371449,1.1665400126787167,17.9091796875,46955.08252450552,160.84662404217255,0
2023-10-06,348.5403137207031,351.29557311770475,345.78505432370156,349.4587335197037,1711.544,4.132870675336903,-1.8368584345798808,2.296031175315477,56.288432550003826,343.3053344726562,337.519287109375,338.29994506835936,-15.151570276870885,1.8336284900730353,3.7239458835803845,False,66.66666666666666,83.60649061296694,84.80488881395125,1.668787185454966,22.50128173828125,46955.0825245055,128.6664925324705,0
2023-10-11,345.7850646972656,356.346892702627,343.4890151308827,354.96926296279725,4326.785,5.51052944309356,5.051319584922226,-2.296039192818853,53.437662092708926,344.0400695800781,339.2642852783203,337.0600784301758,-31.506844708470833,0.60120159819867,2.53035283541422,False,50.0,66.17645600299649,78.71552952503588,1.7491260107439808,17.449981689453125,44173.577881648365,106.59898385299749,1
2023-10-12,346.7034912109375,353.59164004294286,344.407441600269,346.2442812888038,4359.163,-8.724981673993454,-2.7552526596841176,0.9184264693863042,54.279685986297665,346.060595703125,340.9174407958984,336.9452758789063,-28.76709913339488,0.6443022603326574,2.2804260656583644,True,50.0,65.57380316972836,71.78558326189726,1.7912681419878163,16.53155517578125,41993.996381648394,80.82335456100532,0
2023-10-13,335.2232360839844,345.32585415774827,332.9271865217653,345.32585415774827,4663.255,-0.9184271310555232,-8.265785885194589,-11.480255078503717,43.54233718240353,345.0503295898437,341.5603332519531,337.0141571044922,-67.64707866646272,-2.6233895126916518,-1.2735270818302673,False,50.0,9.803986499803349,47.1847485575094,1.0119226060851831,6.428924560546875,39057.87286312989,-49.1990792780163,0
2023-10-16,333.38641357421875,336.6008831265873,330.63115395790294,333.38641357421875,2476.544,-11.939440583529517,-8.724971031160976,-2.2960325638623544,42.089109421397694,341.9277038574219,341.46849365234374,336.7156723022461,-73.52939051817351,-2.832920520033867,-1.891887692837826,False,33.33333333333333,10.714293078129415,28.697360915887035,0.37165406057719474,-0.91839599609375,38867.36947851447,-104.74520510010903,0
2023-10-17,331.0903625488281,335.22325195651115,329.71273274626714,334.3048320881371,3434.951,0.9184185139183683,-1.3776311700761426,-0.9184212116358026,40.25694007269424,338.4377136230469,340.87152404785155,336.1186996459961,-90.16385754276423,-2.6552623930239907,-2.6223935610969553,False,16.666666666666664,5.172416944323531,8.56356550741876,-0.17803375237887553,-5.969696044921875,37149.893978514454,-111.837281088925,0
2023-10-18,321.9061279296875,331.5495354710904,318.2324488662959,331.0903255881665,9254.487,-3.214506499970639,-3.673716485420755,-11.480283879971239,33.8307011167513,333.66192626953125,338.8509979248047,335.3839630126953,-90.36145173948515,-4.103974288255277,-5.035003244997362,False,16.666666666666664,9.638548260514861,8.50841942765593,-1.0813137835067512,-20.20526123046875,33001.33084058345,-153.39259649399676,0
2023-10-19,316.3956298828125,319.6100992720428,310.4259010170991,319.6100992720428,4298.746,-11.480226316123662,-11.939436199047577,-7.806547849196818,30.630304066094325,327.60035400390626,336.8304748535156,334.6951477050781,-87.00000011629803,-4.34983892167799,-6.184047158757915,False,16.666666666666664,12.999999883701976,9.270321696180117,-1.9219533165705402,-20.205230712890625,34290.95464058344,-162.7118784790195,0
2023-10-20,309.5074768066406,314.0995758690537,303.996957931745,311.8035263378472,7310.886,-7.8065729341956285,-5.510523402989122,-6.428943085354092,27.130446983655517,322.4572021484375,333.75376586914064,333.6160034179687,-89.47368530827532,-4.645132552451627,-7.481127572791301,False,0.0,10.526314691724682,11.054954278647168,-2.762801490718325,-30.76708984375,34955.58064058341,-143.92364471746026,0
2023-10-23,306.7522277832031,310.8851170796834,304.4561781740474,306.293017861372,2875.663,-5.510508476475195,-3.214458789370269,0.45922024230242187,25.841985307570113,317.1303649902344,329.52903442382814,332.3990966796875,-94.73682276106547,-4.0918867717045195,-7.6178393723435756,False,0.0,5.263177238934538,9.596497271453726,-3.2896525214482892,-42.247314453125,34133.962640583406,-116.81368114109236,1
2023-10-24,313.1811828613281,313.1811828613281,307.67066351479446,307.67066351479446,2291.018,1.3776456534224621,2.2960657816446997,3.2144853407470464,33.839933464827894,313.54852905273435,325.9931213378906,331.75620422363284,-82.45609097742071,-1.0398971664853773,-5.035965431162133,True,16.666666666666664,18.518567996848706,11.43601997583597,-2.9984655908976263,-35.359130859375,36424.98064058341,-77.2656334062149,1
2023-10-25,314.55877685546875,320.06929557410473,312.7219372825901,316.8548263215671,2137.66,9.184162806772633,6.8881127127766035,5.051273767795635,35.46687737533033,312.0790588378906,322.87049255371096,331.0673889160156,-79.82458054637645,0.26835441732733045,-3.780877795920074,True,33.33333333333333,25.555531088871632,16.445758774884954,-2.5253447681787202,-31.226287841796875,35356.15064058341,-44.035178229968146,0
2023-10-26,311.3443298339844,314.55879931604613,307.21144049990494,308.5890702779314,2644.933,-8.26575604363569,-5.510496258058595,-5.510496782685152,33.3775581471366,311.068798828125,319.33457641601564,330.12600860595705,-85.96488814284801,-0.19626902013403386,-3.852515308936623,False,33.33333333333333,22.535237270761765,22.203112118827363,-2.250290640036548,-35.359161376953125,35686.76726558342,-60.135238466562946,1
2023-10-27,318.23248291015625,326.9574716190927,313.6403835896634,315.01801338581123,4318.324,6.428943107879832,12.398672303046567,6.428943089758434,41.44165475544234,312.8138000488281,317.6355010986328,329.597917175293,-71.29626731653744,1.911767192259937,-1.0235629753924531,True,50.0,45.58826278623009,31.226343715287825,-1.463946466496095,-16.990753173828125,34346.59774834204,15.027399893054552,0
2023-10-30,318.23248291015625,322.3653722985998,314.0995935217127,318.69169284220555,2314.704,3.673679456394325,-4.592099320492878,0.4592099320493048,41.44165475544235,315.10985107421874,316.12010803222654,328.79430084228517,-65.55551616823831,1.4393769833957888,-0.28776709439763765,False,50.0,51.66676314795872,39.93008773498352,-0.8346062659999323,-15.1539306640625,34346.59774834204,21.73923666157125,0
2023-10-31,310.4259033203125,317.3140520626271,309.9666934041582,315.9364223141642,3152.53,-2.7552705280413647,-5.051320235972696,-4.13290011755447,35.625553949443486,314.5587951660156,314.053662109375,327.4625930786133,-80.28168280307389,-1.241784053284199,-2.0999284110666245,False,50.0,28.000006777331617,41.75167757050681,-0.832959602707712,-20.664459228515625,31588.13399834203,-30.25834093003694,1
2023-11-01,315.01800537109375,315.9364252118258,309.50748632670144,312.26274584889757,1494.571,-3.673676465266624,-1.3776268508013345,-0.45920707745676737,40.94415061601138,314.6506408691406,313.36484985351564,326.10792388916013,-64.70587438071337,0.12162498428099286,-0.1697789092771924,True,50.0,48.00000378659586,42.555591237295396,-0.431672028752514,-6.88812255859375,32655.684712627746,1.6420331219362505,1
2023-11-02,322.3653564453125,322.82456635477877,316.8548375317174,318.2324672601162,2257.443,5.969721411218643,6.888141142952975,7.347351205015968,48.38716845364141,316.85484619140624,313.9618225097656,325.3961486816406,-33.33328438206109,2.034880786605246,2.394552950904713,True,50.0,79.59177242412538,51.86392766268428,0.3758839917357495,5.9697265625,34565.82878955082,121.08724316970307,1
2023-11-03,326.0390319824219,326.0390319824219,320.98772303621536,324.2021923656195,1623.983,5.969725105503301,3.214465627643108,4.132885504497949,51.707091855861975,318.41615600585936,315.61497802734374,324.6843719482422,-4.000083139154363,2.4038428589674496,3.4482726900971414,True,66.66666666666666,95.34873802676046,74.31350474582723,1.1604456767130182,16.53155517578125,36189.81178955082,138.5713856618702,1
2023-11-06,331.0903625488281,333.84562215395016,327.87589300951913,328.7943128778931,2235.262,4.5921205122735955,7.806590171528285,6.888169973303775,55.95665447728757,320.98773193359375,318.0487915039063,323.7889129638672,-9.230763509585557,3.295132258998606,4.6444153950445255,True,66.66666666666666,89.65517453882964,88.19856166323848,1.9747407727982882,24.338134765625,36361.75502032003,176.5433072401574,0
2023-11-07,324.6614074707031,330.1719264093855,323.7429876475894,329.71271649782864,2158.905,0.9184036199355319,-3.673695744564668,-4.132905361929716,49.864442525500124,323.8348327636719,319.1968139648437,322.5949676513672,-31.25004572909727,0.9519266711461477,2.2045516718292504,False,66.66666666666666,65.51718839143635,83.50703365234214,2.0278396569747796,11.480224609375,34819.68002032002,90.83578640204105,1
2023-11-08,328.3350830078125,333.38639197716344,326.49824338259396,328.79429291411714,1697.609,-0.9184235837115011,3.2144655677779497,2.755255735004539,53.05084073140904,326.4982482910156,320.57444458007814,321.7224685668945,-20.689725773124007,1.1553861044497329,2.7791058813968905,True,83.33333333333334,77.35841731983385,77.51026008336662,2.241156398606747,13.77630615234375,34027.46248698669,103.06303153530497,0
2023-11-09,327.8758850097656,329.2535147787142,323.283785779937,326.498255240817,1654.477,-2.296037673300134,-4.1328771984492505,-3.214457602656978,52.59502780194262,327.60035400390626,322.22760009765625,320.7810882568359,-22.413818534867,0.3513721231477412,2.243438001084456,False,66.66666666666666,75.47167463211838,72.78242678112952,2.2748537906313793,16.53155517578125,34918.33471775593,57.444824271056895,0
2023-11-10,326.4982604980469,328.3351002195549,321.9061611942769,324.6614207765389,1428.983,-1.8368344642781267,-0.9184145591593165,-1.3776245856601008,51.156511697075565,327.69219970703125,323.05417785644534,320.34483947753904,-27.58621140059455,-0.28050228779304504,1.4989315301930675,False,50.0,69.81132117901464,74.21380437698895,2.1304060947197376,8.265777587890625,35530.75600347022,34.88382779641691,1
2023-11-13,330.6311340332031,331.0903439415826,324.20219531589083,331.0903439415826,1925.855,6.428923165043727,2.7552437220277284,2.296034121613957,55.16937739734888,327.60035400390626,324.29404296875,320.20707550048826,-13.207618461674159,0.7462663319716063,2.2727249127590547,True,50.0,86.79238153832586,77.35845911648629,2.2286841812383664,12.398651123046875,37199.830336803534,64.039325814996,1
2023-11-14,363.6942443847656,363.6942443847656,352.21399677161014,354.51004629424125,14329.709,23.419702352658646,32.60390044318302,28.011801455719308,73.8903687353729,335.40692138671875,329.6208770751953,321.83726959228517,-0.0,9.015827108893184,11.196908278868763,True,50.0,100.00000000000001,85.53456757244685,4.315126691361652,53.268341064453125,51529.53933680354,302.3978385985356,0
2023-11-15,359.56134033203125,371.9600072400323,358.1837106755867,370.1231676981063,8418.039,15.613121403865023,8.2657628552667,5.969713903976583,69.90939083075268,341.6521728515625,334.07521057128906,323.7200302124023,-19.852948650715717,5.93009599615051,8.787767127854046,False,50.0,75.67566943159942,87.48935032330843,5.154739591790869,44.5433349609375,44795.108136803494,176.69580207884397,0
2023-11-16,349.458740234375,360.0205681258213,345.785060967785,358.18372849252626,5939.05,-11.939439205580015,-11.93943911421104,-12.398649707801724,61.12720059312693,345.9687438964844,336.7845489501953,325.3731857299805,-36.029397495232715,1.8968977517077843,4.700755898933665,False,33.33333333333333,55.045878022862894,76.90718248482078,4.776129202817672,27.0933837890625,41921.374265835744,77.52855387917215,1
2023-11-17,360.47979736328125,365.5311066256966,349.9179689055036,353.5916483690784,7685.23,-4.592080123447829,5.510538499875338,4.132907937718585,66.18291106075503,352.7650512695312,340.22862548828124,327.9218017578125,-20.833271973425763,3.4710066049235397,6.790617928403976,True,50.0,77.06428020285048,69.26194255243759,4.9909841300875435,34.440765380859375,44633.80838348282,84.55531982813807,0
2023-11-20,359.1021423339844,360.0205621353501,352.6732037244245,360.0205621353501,3564.938,6.4289137662716485,-5.510544490346547,2.7552348189209397,65.02958227692781,358.4592529296875,343.02980346679686,330.53929748535154,-25.225208379194257,1.4925359831873068,5.426353926778995,False,50.0,74.31193420322934,68.8073641429809,4.763916263237425,28.01177978515625,47307.51188348282,62.826858652464665,0
2023-11-21,357.2652893066406,363.69422767462646,355.4284497729304,361.8573881409162,4719.155,1.836826005566138,3.673665539276385,2.755246048505853,63.422012721282975,357.1734619140625,346.2901916503906,332.7435028076172,-29.357819816600905,-0.2777225943704713,4.091865885876557,False,33.33333333333333,70.6421801833991,74.0061315298263,4.231600151022114,32.6038818359375,44685.759105705045,57.9830099656974,0
2023-11-22,353.1324157714844,359.10214451664604,349.91794644716657,358.1837247096981,3791.369,-3.673663431218131,-4.592083157980426,-5.510503325763807,59.79389065528935,355.88767700195314,348.7699249267578,334.672184753418,-37.614674906973555,-0.9446111878140598,2.3400234067345402,False,16.666666666666664,62.385325093026445,69.1131464932183,3.3796939048711856,24.797332763671875,43548.34840570504,28.93380448973254,0
2023-11-23,348.5403137207031,354.5100424142066,347.1626840222023,354.5100424142066,3416.13,-3.67368229549146,-4.592102102439412,-2.7552624249642577,55.91658127137628,355.70399169921876,350.83636779785155,336.53198394775393,-46.78899898705223,-1.7263714353986166,0.43003476164275667,False,16.666666666666664,50.96154414165993,61.32968313936181,2.3351231903140928,20.6644287109375,41413.26715570504,-4.987828813319256,1
2023-11-24,352.2139892578125,352.2139892578125,345.3258408368644,350.37714967889303,3497.234,-4.13289273531359,-2.296053156394123,-1.836843185337898,58.277709699725435,354.050830078125,353.40794067382814,338.2310592651367,-39.44955191688867,-0.8189672026123269,0.9099854724953825,True,33.33333333333333,25.86207623952067,46.40298182473568,1.7467326396173917,25.715728759765625,44910.50115570504,-33.898364324211975,0
2023-11-27,346.2442626953125,352.67320125994695,342.5705835155214,352.21399136247305,4526.059,1.836841683580019,0.4592120021344499,-2.755257321343038,53.224172524408864,351.4792541503906,354.96925354003906,339.6316482543945,-51.37616102709157,-1.8442176319495185,-1.2334911829446893,False,16.666666666666664,12.50000413151093,29.77454150423051,0.8557108326219343,15.613128662109375,43676.121428432314,-117.63370819903453,1
2023-11-28,354.05084228515625,354.05084228515625,346.70348369039294,348.0811134269111,4445.793,-4.1328779355619645,1.3776410252093,4.1329001748715655,58.37357689038531,350.83636474609375,354.0049133300781,341.8128952026367,-37.49996960355511,0.6089634258152571,0.3361912288043337,True,33.33333333333333,49.99998786851355,29.45402274651504,0.6989357891860974,-9.643402099609375,48121.91442843231,-42.153877368070475,1
2023-11-29,358.1837463378906,358.642956269093,352.2140172322591,355.4284867506761,5253.401,7.347373323764998,4.59211398393677,5.5105335418661525,60.86196235944789,351.846630859375,353.8671539306641,343.97118225097654,-46.87489292500901,1.739135899559067,0.8512072350266275,True,50.0,68.00003095508777,43.500007651704074,0.7745523928150098,-1.377593994140625,52624.829571289505,53.68763884984283,1
2023-11-30,361.398193359375,361.398193359375,350.83636559918995,356.3468844305908,9154.943,0.9183976799147331,2.7552370902819803,-1.3776516330691493,62.75125700643229,354.4182067871094,355.06109924316405,345.9228240966797,-35.93746505430357,2.2520563299595984,1.8111250949288085,True,66.66666666666666,89.13050088347666,69.04350656902598,0.9314844877066308,11.939453125,61779.772571289504,68.36147192891448,0
2023-12-01,356.3468933105469,359.5613627089667,354.9692635683669,358.1837329667868,3971.287,1.836848536195987,-1.8368306504082739,4.132897969176952,57.95525941192718,355.2447875976562,354.64780883789064,347.43821716308594,-40.00001773077918,0.45307558626643984,0.4639135565229025,False,66.66666666666666,65.21748658167672,74.11600614008039,0.6015332081442271,-4.132904052734375,60191.25777128955,57.03321883770705,0
2023-12-04,355.428466796875,359.56135594567587,354.050837080608,359.56135594567587,2660.945,1.3776229788890646,-6.7632908553605375e-06,-0.918426487758893,57.089803631336075,357.0816284179688,354.2804412841797,348.6551223754883,-44.00004207371264,0.043083759530025204,0.06464099674577828,False,50.0,68.29270092162628,74.21356279559322,0.24608877127428208,-3.673675537109375,58860.78527128958,48.00723182185115,1
2023-12-05,358.6429443359375,359.1021542518606,351.295585681168,356.34689475632206,3188.868,-3.2144611893538126,-0.45920169381525966,-2.7552513994399987,59.4044517817705,358.000048828125,354.4182067871094,350.35419921875,-23.912935195472265,0.36410417826646774,1.0131517665615264,True,66.66666666666666,85.36591183751895,72.95869978027397,0.15649009735297525,1.377655029296875,61674.49233011309,56.08980471102363,1
2023-12-06,361.398193359375,362.7758230672252,356.80609433320757,358.64293394367456,2900.244,2.2960391873525055,3.6736688153645787,5.510508652039562,61.353718282346556,358.6429382324219,355.2447845458984,352.0073547363281,-10.86949911652334,0.7897524865730502,1.7343525328069944,True,66.66666666666666,93.18181947645347,82.2801440785329,0.20855174428912981,8.265777587890625,63236.16217626697,109.08065100053173,0
2023-12-07,361.398193359375,364.6126626776922,358.64293394367456,359.1021438462913,1805.86,0.4592099026167489,1.8368396104669955,1.8368396104669955,61.353718282346556,358.6429382324219,356.53057250976565,353.68347015380857,-14.583330795009308,0.6393851876470745,1.6358148152253893,False,50.0,85.4166692049907,87.98813350632103,0.1703652908394746,12.857879638671875,63097.249868574654,115.35108289417391,1
2023-12-08,365.99029541015625,370.5823944742736,363.2350359716858,365.53108550374446,3787.748,6.4289416574531515,5.969731796581414,4.592102028011254,64.7143344857997,360.5716186523438,357.908203125,355.65807189941404,-16.39343872082843,1.7014033460061417,2.618025595914692,True,50.0,80.76922726635746,86.45590531593388,0.3702838013881351,13.77630615234375,62150.31286857467,176.63830742508327,0
2023-12-11,364.1534423828125,369.20475116744166,360.0205533772068,367.3679116093947,3086.548,1.836826105650232,-1.377643306831942,-3.2144825944790227,62.348477476300275,362.3166137695313,359.69912109375,357.33418731689454,-22.95086205218156,0.8264431618273296,1.7318757058094498,False,50.0,67.44179737540334,77.87589794891716,0.2978369862799193,17.9091796875,61841.65806857468,106.5620074676056,0
2023-12-12,360.9389953613281,366.44951437447816,360.0205755258031,363.69425486790317,2234.258,-3.673656741491527,-2.755236792963501,2.2148596315219038e-05,58.28091011903911,362.77582397460935,360.3879364013672,357.19642486572263,-34.426189463956874,-0.3170551017406337,0.6294697284454748,False,50.0,51.16284305086827,66.45795589754302,-0.030119017729361985,6.888153076171875,60245.759497146115,53.7219002136967,1
2023-12-13,374.2560729980469,378.3889621477186,361.85740554903185,363.23503526558903,8206.638,-0.4592196023141355,11.939447773240431,1.8368300232287424,67.78073753660853,365.34739990234374,361.9951690673828,357.93116149902346,-13.043480328813509,2.623295183231816,3.667584596696415,True,50.0,84.7457582307094,67.78346621899367,0.5540406947099648,16.07232666015625,64349.07849714609,173.12258596525297,1
2023-12-14,377.4705505371094,382.06264969206205,371.50082163567095,376.5521307061189,4917.108,13.31709544052984,3.6736875443434656,9.643416086639093,69.60335911403945,368.56187133789064,363.60240478515624,359.33175201416014,-14.705877719215707,2.7500020663882343,3.9957842696057932,True,50.0,85.07462670690093,73.66107599615954,1.0332871426664578,16.072357177734375,64990.44041018955,174.08289971967267,0
2023-12-15,372.8784484863281,378.3889674294758,372.8784484863281,377.47054760561787,6241.474,0.9184168994989932,-3.673682262586226,1.3776268506571796,63.96428075049041,369.939501953125,365.25556030273435,359.9516845703125,-29.411764712120732,0.9740941702964936,2.385206408895699,False,50.0,70.1492440016962,79.98987631310217,0.9211003559926363,16.53155517578125,58748.96641018955,109.02125896428089,1
2023-12-18,393.54290771484375,398.5942169153844,370.5824113487502,375.6337205492908,8165.193,-1.8368270563270812,20.205249485908553,-2.296037137577912,74.2182396464447,375.81739501953126,369.06700439453124,361.6737228393555,-10.679609681572465,5.261006706590397,7.270265935171991,True,50.0,87.91209346481845,81.04532139113853,2.053811055437256,38.11444091796875,63969.33570527149,170.4484554991958,0
2023-12-19,389.8692321777344,400.431060611289,387.573182518266,392.16528183720277,7021.432,16.531561287911984,1.8368436959046335,16.990771169515767,70.3366860058365,381.6034423828125,372.18963317871095,363.30391998291014,-21.495321758007535,3.0965421706126457,5.465843244687173,False,50.0,74.72528855489473,77.59554200713647,2.34953686166803,31.226287841796875,59455.55799098578,155.74713598203147,1
2023-12-20,413.2889099121094,422.9323178100586,393.08367431640625,393.54288421630855,16806.479,1.377602379105781,22.501257198769565,5.510491798140265,78.24818962060127,389.410009765625,377.3787048339844,366.3117446899414,-13.461540764587845,6.82492223480846,10.3617386698752,True,66.66666666666666,84.6715348315465,82.43630561708655,3.8288337575004903,51.890716552734375,65402.46594483194,184.0258623357081,1
2023-12-21,416.5033874511719,424.3099559039502,401.80867036358916,402.7270901815631,10906.506,9.184205965254534,1.377638093891619,8.724996047182913,79.08349730093559,397.2165771484375,382.88922424316405,369.7098983764648,-11.564625002374424,5.731492520896262,9.806295127595039,True,66.66666666666666,87.85714574104043,82.41798970916055,4.6742475349514265,55.105194091796875,68741.19227136255,141.222358015305,0
2023-12-22,416.5033874511719,420.1770667230675,408.2376090894066,415.125757724211,5853.517,12.3986675426479,-4.132889180882671,6.4289387258174315,79.08349730093559,405.9415649414062,387.94053344726564,372.9243682861328,-11.888110987431102,4.013760196236287,8.49282258298509,False,50.0,87.85714155765625,86.79527404341438,4.862243664390935,50.513092041015625,70992.54496367027,110.62799011126408,1
2023-12-25,433.0349426269531,439.92309123713795,418.7994354992378,418.7994354992378,8903.13,3.6736777750268175,19.746024514070427,10.561826409831212,83.06403284230171,413.8399719238281,394.8286834716797,377.26390228271487,-8.62068814667655,5.50065115303872,11.071848368496674,True,66.66666666666666,91.17647075092009,88.96358601653891,5.672251274348369,68.88150024414062,74089.2858332355,129.48102081861038,1
2023-12-26,433.4941711425781,438.0862704131563,428.44286194494214,434.8718009237516,4336.709,16.072365424513805,-1.8368208239816681,9.643426445704335,83.1611439075245,422.56495971679686,402.0842010498047,381.23606872558594,-8.045952314843491,3.926608482133957,9.608131137117642,True,66.66666666666666,90.7285015017044,89.9207046034269,5.791035144943326,72.55517578125,74295.79578561646,109.33748547210558,1
2023-12-27,451.4033508300781,455.53624010522634,433.4941639711025,439.0046830046335,9912.85,4.1328820808818705,17.449969692070056,5.051302026160386,86.46335701748762,430.18784790039064,409.79892883300784,385.8970489501953,-4.326923016602826,5.623210851942128,12.076010559449601,True,83.33333333333334,95.13513477185906,92.3467023414945,6.570762697177386,77.14727783203125,80491.32703561646,127.91290468828385,1
2023-12-28,451.862548828125,461.0467469750381,447.27044975466845,455.5362280868902,8089.203,16.53154508225674,5.510506869811763,13.776285783565925,86.53720533189076,437.2596801757812,417.2381286621094,390.42026672363284,-9.259259124897383,4.163724841613965,10.11843535665813,True,83.33333333333334,89.84771392689665,91.90378340015337,6.595289175331672,74.39199829101562,77794.92603561646,124.15324431813464,0
2023-12-29,449.5665283203125,458.29151712326035,446.35205876133176,450.0257382573098,4588.38,-5.510489829580422,-2.755229851777756,-0.9183909933366863,84.0365034333483,443.8723083496094,424.9069366455078,395.0812484741211,-12.690325502583569,2.3344990117285898,7.908519460891139,False,66.66666666666666,84.37503510329903,89.78596126735158,5.954320925944408,76.68807983398438,75677.21218946259,94.82988081455687,0
