Date,Close,High,Low,Open,Volume,Open_diff,High_diff,Low_diff,RSI_12,MA_5,MA_10,MA_20,W%R_12,BIAS_6,BIAS_12,up,PSY_6,K,D,MACD,MTM_10,AD,CCI_10,UpDown
2021-01-04,90.14356994628906,90.55707256072158,90.14356994628906,90.14356994628906,8002.963,-0.8270052288650334,-0.4135026144325167,0.0,49.088538969952964,90.39167022705078,90.14356842041016,90.12289237976074,-49.999911541846544,-0.1526700268833106,-0.07639191985283413,False,50.0,50.000088458153456,66.66672563876898,0.043639629207062214,-0.4134979248046875,70699.98633333387,22.87621028440489,1
2021-01-05,90.55706787109375,90.55706787109375,89.73006268505637,90.14356527807506,6159.889,-4.668214003800131e-06,-4.689627829179699e-06,-0.4135072612326951,53.45990738021308,90.39167022705078,90.14356842041016,90.16424255371093,-25.00023930114586,0.1524358923714196,0.3819680564023408,True,50.0,74.99976069885415,58.33331253838702,0.0590338287675408,0.0,76859.87533333387,31.914130748560474,0
2021-01-06,90.55706787109375,90.55706787109375,89.73006268505637,90.14356527807506,8983.622,0.0,0.0,0.0,53.45990738021309,90.47436981201172,90.18491821289062,90.16424255371093,-25.00023930114586,0.1524358923714196,0.3819680564023408,False,33.33333333333333,74.99976069885415,66.66653661862058,0.06612133801348932,0.4134979248046875,85843.49733333387,31.914297098289847,0
2021-01-07,90.14356994628906,90.55707256072158,90.14356994628906,90.14356994628906,5427.622,4.668214003800131e-06,4.689627829179699e-06,0.4135072612326951,48.50365475304994,90.30896911621093,90.22626876831055,90.1849178314209,-49.999911541846544,-0.30487600364293066,-0.038209850053205464,False,33.33333333333333,50.000088458153456,66.66653661862058,0.04109166029259178,0.41350555419921875,80415.87533333387,24.390828153679475,1
2021-01-08,90.97057342529297,90.97057342529297,90.14356821233577,90.14356821233577,11498.969,-1.7339532973892346e-06,0.41350086457138957,-1.7339532973892346e-06,57.16767477761845,90.47436981201172,90.39166946411133,90.24694328308105,-0.00010579485898300718,0.6097562261859841,0.8018328412935242,True,33.33333333333333,99.99985894046685,74.99990269915816,0.07631589440771751,1.6540069580078125,91914.84433333387,145.833009391871,1
2021-01-11,91.7975845336914,91.7975845336914,90.55707663458746,90.97057926762211,14043.914,0.8270110552863486,0.8270111083984375,0.41350842225169515,63.81005239305477,90.80517272949218,90.59842147827149,90.35031929016114,-0.0,1.2158113263924524,1.524396179946298,True,50.0,100.0,83.3333157995401,0.14728614812146693,2.0675201416015625,105958.75833333387,224.49036952236867,0
2021-01-12,91.7975845336914,92.21108716672605,91.38408190065675,91.7975845336914,9224.108,0.8270052660692926,0.4135026330346392,0.8270052660692926,63.81005239305477,91.05327606201172,90.72247314453125,90.45369529724121,-14.285680012743093,0.9090959792092467,1.292781363125362,False,50.0,83.33339166583474,94.44441686876719,0.18382732461793733,1.2405166625976562,105958.75833333403,188.88902666018697,1
2021-01-13,92.2110824584961,92.2110824584961,91.79757984657459,91.79757984657459,8711.554,-4.687116813784087e-06,-4.708229951688736e-06,0.4134979459178396,66.86741109548404,91.38407897949219,90.92922439575196,90.55707092285157,-0.00018976958859028248,1.057400966452058,1.5174509855621778,True,50.0,99.99981023041141,94.44440063208204,0.22284296556055128,2.0675125122070312,114670.31233333403,149.42478933286728,1
2021-01-14,92.62458801269531,92.62458801269531,92.21108538763863,92.21108538763863,6216.615,0.41350554106404047,0.41350555419921875,0.41350554106404047,69.6633202819766,91.88028259277344,91.0946258544922,90.66044692993164,-0.0,1.128669237078566,1.7796318044068928,True,66.66666666666666,100.0,94.44440063208204,0.2608568712062995,1.6540145874023438,120886.92733333404,132.35279195603667,0
2021-01-15,91.7975845336914,93.03809243279534,91.7975845336914,92.6245897997607,7853.792,0.4135044121220659,0.4135044201000255,-0.4135008539472267,58.83169557120346,92.04568481445312,91.26002731323243,90.72247276306152,-37.49990156381803,-0.07501651804292625,0.7183408924520257,False,66.66666666666666,62.50009843618197,87.49996955553114,0.21648922280672805,1.6540145874023438,113033.13533333404,84.74581361215404,0
2021-01-18,91.7975845336914,92.21108716672605,91.7975845336914,91.7975845336914,5291.001,-0.8270052660692926,-0.8270052660692926,0.0,58.83169557120346,92.04568481445312,91.42542877197266,90.78449859619141,-37.49990156381803,-0.22471792713919947,0.6422403588073398,False,50.0,62.50009843618197,75.00006562412132,0.17509624503969629,1.6540145874023438,107742.13433333403,51.55886144602516,0
2021-01-19,91.7975845336914,92.21108716672605,91.7975845336914,91.7975845336914,5309.057,0.0,0.0,0.0,58.83169557120346,92.04568481445312,91.54948043823242,90.84652442932129,-37.49990156381803,-0.22471792713919947,0.49038446956163945,False,33.33333333333333,57.14294285963956,60.714379910667844,0.13733854172863807,1.2405166625976562,102433.07733333403,42.005560603413585,0
2021-01-20,90.14356994628906,91.79758040401913,90.14356994628906,91.38407778958661,16075.623,-0.4135067441047937,-0.4135067627069162,-1.6540145874023438,41.91108528185141,91.63218231201172,91.50813064575195,90.84652442932129,-87.49989290406695,-1.728026579146695,-1.3202575277266642,False,33.33333333333333,5.990460487886086e-05,39.881033733475476,-0.0020296899868758045,-0.4134979248046875,86357.45433333403,-90.64332382066193,0
2021-01-21,89.73006439208984,90.97057219474546,89.73006439208984,90.14356699297504,10763.853,-1.2405107966115736,-0.8270082092736715,-0.41350555419921875,38.862710774577906,91.05327758789062,91.46678009033204,90.84652442932129,-99.99994839727552,-1.7358543975069978,-1.6987586421019416,False,16.666666666666664,0.0,19.047667588081485,-0.11860850486386232,-0.41350555419921875,75593.60133333402,-143.87478942300558,0
2021-01-22,89.73006439208984,90.14356699297504,89.73006439208984,90.14356699297504,8690.906,0.0,-0.8270052017704188,0.0,38.862710774577906,90.63977355957032,91.34272918701171,90.86719932556153,-100.0,-1.2139649626524656,-1.6244851007120371,False,0.0,0.0,1.9968201631023905e-05,-0.18813280943837007,-1.240509033203125,66902.69533333402,-141.97539969690723,1
2021-01-25,90.14356994628906,90.55707256072158,89.73006733185655,89.73006733185655,8288.346,-0.4134996611184931,0.41350556774654024,2.939766702070301e-06,43.733160424775654,90.30897064208985,91.17732772827148,90.88787460327148,-87.4999380564189,-0.4566214405609397,-1.1711384762149124,True,16.666666666666664,12.500061943581093,4.166687314527036,-0.1977019284506909,-1.6540145874023438,66902.69533333402,-88.47724366660574,0
2021-01-26,89.73006439208984,90.55706959386025,89.73006439208984,90.14356699297504,7473.723,0.4134996611184931,-2.966861330833126e-06,-2.939766702070301e-06,40.23636533878845,89.89546661376953,90.97057571411133,90.84652442932129,-100.0,-0.534761755231649,-1.5128637602803754,False,16.666666666666664,0.0,4.166687314527036,-0.221517983850066,-2.0675201416015625,59428.97233333402,-77.93432607485603,1
2021-01-27,90.14356994628906,90.55707256072158,89.73006733185655,90.14356994628906,6936.763,2.953314023557141e-06,2.966861330833126e-06,2.939766702070301e-06,45.031103539712,89.89546661376953,90.76382446289062,90.84652442932129,-87.4999380564189,0.22988669557948144,-0.9090917731712195,True,33.33333333333333,12.500061943581093,8.333374629054067,-0.19973246480670012,-2.0675125122070312,59428.97233333402,-57.17043475469037,0
2021-01-28,90.14356994628906,90.55707256072158,89.31656471742403,90.14356994628906,10483.359,0.0,0.0,-0.4135026144325167,45.031103539712,89.97816772460938,90.51572265625,90.8051742553711,-77.77780277037328,0.22988669557948144,-0.7587258321342151,False,33.33333333333333,28.57138762438885,13.690483189323318,-0.17644052301465035,-2.48101806640625,62923.425333334024,-59.23330967025049,0
2021-01-29,89.31656646728516,90.14357171235261,89.31656646728516,89.73006908981888,12435.123,-0.4135008564701792,-0.41350084836896883,1.7498611271093978e-06,37.81091979396278,89.89546813964844,90.26762084960937,90.76382408142089,-99.99995298003238,-0.6134942241876132,-1.4073779983359882,False,33.33333333333333,6.045422544680413e-05,13.690503340731802,-0.20580067306175542,-2.48101806640625,50488.302333334024,-88.31870231020042,1
2021-02-01,90.14356994628906,90.55707256072158,89.31656471742403,89.73006733185655,10296.862,-1.7579623374786024e-06,0.41350084836896883,-1.7498611271093978e-06,47.069242787369255,89.89546813964844,90.10221939086914,90.76382408142089,-77.77780277037328,0.22988527848586726,-0.26687048533532126,True,50.0,33.333333333333336,20.63492713731588,-0.16059910529096139,-1.6540145874023438,53920.58966666736,-38.960905790533005,0
2021-02-02,90.14356994628906,90.14356994628906,89.73006733185655,89.73006733185655,5416.277,0.0,-0.4135026144325167,0.4135026144325167,47.069242787369255,89.97816925048828,89.9368179321289,90.74314918518067,-71.42861237561114,0.22988527848586726,-0.11454764697704743,False,33.33333333333333,50.00009009658901,27.777827961382602,-0.1234446303193111,-1.6540145874023438,59336.86666666736,-20.833068140946196,0
2021-02-03,90.14356994628906,90.14356994628906,89.31656471742403,89.73006733185655,6527.803,0.0,0.0,-0.4135026144325167,47.069242787369255,89.97816925048828,89.9368179321289,90.72247428894043,-71.42861237561114,0.15313903229077605,0.038241189757016604,False,33.33333333333333,66.66666666666667,50.00003003219634,-0.09300026090617061,0.0,65864.66966666735,-60.60576462540192,0
2021-02-04,89.31656646728516,90.14357171235261,89.31656646728516,89.73006908981888,8608.079,1.7579623374786024e-06,1.766063547847807e-06,1.7498611271093978e-06,39.44530718093665,89.8127685546875,89.89546813964844,90.68112411499024,-99.99992946996923,-0.613495630434714,-0.6515882114804504,False,16.666666666666664,0.0001410600615355943,38.888965941105745,-0.1209230634048177,-0.4134979248046875,57256.590666667355,-142.85656313760208,1
2021-02-05,89.73006439208984,90.14356699297504,89.31656179120463,89.73006439208984,6910.817,-4.6977290395489035e-06,-4.719377571404948e-06,-4.676080521903714e-06,44.36090792108578,89.89546813964844,89.89546813964844,90.61909866333008,-74.99999999999979,-0.07674934840368194,-0.15337673963405982,True,33.33333333333333,33.33325361183502,33.33335377952108,-0.10452400937520065,0.0,57256.59066666747,-69.89365152151213,0
2021-02-17,89.73006439208984,90.14356699297504,89.31656179120463,90.14356699297504,12825.805,0.4135026008851952,0.0,0.0,44.36090792108578,89.8127670288086,89.85411758422852,90.51572265625,-66.66674638816498,-0.15337673963405982,-0.15337673963405982,False,33.33333333333333,33.33325361183502,22.222216094577195,-0.08735478003518721,-0.41350555419921875,57256.59066666769,-55.55650987069131,0
2021-02-18,89.73006439208984,90.14356699297504,89.31656179120463,89.73006439208984,9166.928,-0.4135026008851952,0.0,0.0,44.36090792108578,89.73006591796874,89.85411758422852,90.41234664916992,-66.66674638816498,-0.07674793347693559,-0.15337673963405982,False,16.666666666666664,33.33325361183502,33.33325361183502,-0.07040375989046424,0.0,57256.59066666785,-44.445272719766244,1
2021-02-19,90.14356994628906,90.14356994628906,89.73006733185655,89.73006733185655,8819.294,2.939766702070301e-06,2.953314023557141e-06,0.4135055406519115,49.66567964665187,89.73006591796874,89.85411758422852,90.30897102355956,-33.33325470390996,0.3837311713034496,0.3067492344852443,True,33.33333333333333,66.66674529609004,44.444417506586696,-0.02792868667350784,0.0,66075.88466666784,78.7878363465187,0
2021-02-22,89.73006439208984,90.14356699297504,89.73006439208984,90.14356699297504,9425.34,0.4134996611184931,-2.953314023557141e-06,-2.939766702070301e-06,44.98661990837967,89.8127655029297,89.8127670288086,90.1642448425293,-66.66674638816498,-1.4171011032553148e-06,-0.15337673963405982,False,33.33333333333333,33.33325361183502,44.444417506586696,-0.024396506761640985,-0.41350555419921875,56650.54466666785,26.665596031322927,1
2021-02-23,90.55706787109375,90.55706787109375,89.73006268505637,89.73006268505637,11817.798,-0.41350430791867154,0.41350087811871106,-1.7070334763502615e-06,54.366558226707376,89.97816619873046,89.93681716918945,90.10221900939942,-0.00037804007384843914,0.6896530272720446,0.728244363688701,True,50.0,100.0,66.6666663026417,0.03376385238572582,1.2405014038085938,68468.34266666784,172.61739473942774,0
2021-02-24,90.55706787109375,90.97057046411244,90.55706787109375,90.55706787109375,7624.334,0.8270051860373826,0.4135025930186913,0.8270051860373826,54.366558226707376,90.14356689453125,89.97816696166993,90.04019317626953,-25.000025682558167,0.5355758377258107,0.6896516036780345,False,33.33333333333333,74.99997431744183,69.44440930975895,0.07026084917383232,0.4134979248046875,60844.00866666784,209.30183584820224,1
2021-02-25,91.38408660888672,91.38408660888672,90.557081300209,90.97058395454786,13508.967,0.4135160834541125,0.41351614477427745,1.3429115256258228e-05,62.064322865630736,90.47437133789063,90.10221862792969,90.0195182800293,-0.0,1.1441757224181424,1.4149247365627238,True,50.0,100.0,91.66665810581395,0.14388470233597947,1.2405166625976562,74352.97566666784,183.57635500436788,0
2021-02-26,90.55706787109375,91.79757565014982,90.14356527807506,91.38407305713113,17126.585,0.4134891025832701,0.41348904126310515,-0.41351602213394756,52.41821354549329,90.55707092285157,90.14356842041016,90.04019317626953,-50.00003424339917,0.07615778922632908,0.4587118110028687,False,50.0,49.99996575660083,74.9999800246809,0.131034715865961,0.4134979248046875,65789.68316666785,98.39307595071269,0
2021-03-02,90.55706787109375,91.38407305713113,90.55706787109375,90.97057046411244,8464.681,-0.4135025930186913,-0.4135025930186913,0.4135025930186913,52.41821354549329,90.72247161865235,90.26761856079102,90.08154335021973,-50.00003424339917,-2.808319111385617e-06,0.4203252713247586,False,33.33333333333333,49.99996575660083,66.66664383773389,0.1171379686718376,1.2405014038085938,57325.00216666785,78.43089938898935,0
2021-03-03,90.55706787109375,91.38407305713113,90.55706787109375,90.97057046411244,12499.764,0.0,0.0,0.0,52.41821354549329,90.72247161865235,90.3503189086914,90.12289352416992,-50.00003424339917,-0.15197817046177464,0.3819680564023408,False,33.33333333333333,49.99996575660083,49.99996575660083,0.10304664146101186,0.8270034790039062,44825.238166667856,62.744716754905646,0
2021-03-04,90.55706787109375,91.38407305713113,90.14356527807506,90.97057046411244,11358.104,0.0,0.0,-0.4135025930186913,52.41821354549329,90.72247161865235,90.43301925659179,90.14356842041016,-50.00003424339917,-0.15197817046177464,0.2670713186865959,False,16.666666666666664,40.0,46.666643837733886,0.08933718178246192,0.8270034790039062,41039.20350000119,33.33297628074288,1
2021-03-05,90.97057342529297,90.97057342529297,90.14356821233577,90.55707081881437,7429.415,-0.41349964529807437,-0.41349963183816385,2.934260706410896e-06,57.135851416772404,90.6397689819336,90.55707015991212,90.20559387207031,-33.33323680861894,0.22779065618968772,0.6097569336234975,True,33.33333333333333,60.00014322427852,50.00003632695979,0.10277108274160045,1.240509033203125,48468.61850000119,22.98863829074097,0
2021-03-08,90.97057342529297,91.79757863825019,90.55707081881437,91.38407603177158,9452.848,0.8270052129572179,0.8270052129572179,0.4135026064786018,57.135851416772404,90.72247009277343,90.6397705078125,90.2469440460205,-33.333317101092376,0.30395354113389755,0.49486178010544013,False,16.666666666666664,60.00005650840604,53.333399910894855,0.10589049447676441,0.8270034790039062,45317.66916666779,111.11073579849977,1
2021-03-09,91.38408660888672,91.79758926322557,90.97058395454786,91.38408660888672,6234.001,1.0577115133969528e-05,1.0624975388395796e-05,0.4135131357334956,61.659853164578294,90.88787384033203,90.80517272949218,90.3089698791504,-19.999871281220113,0.6069915976578701,0.7981868958641605,True,33.33333333333333,75.00020204959559,65.00013392742672,0.12852955895185433,1.654022216796875,45317.66916666779,168.83118638455795,0
2021-03-10,91.38408660888672,91.79758926322557,90.97058395454786,91.38408660888672,5143.705,0.0,0.0,0.0,61.65985316457829,91.05327758789062,90.88787460327148,90.41234588623047,-19.999871281220113,0.4545542732473879,0.6833817657221919,False,33.33333333333333,75.00020204959559,70.00015353586575,0.1355339962382916,0.8270187377929688,45317.66916666779,123.01578217439781,1
2021-03-11,91.7975845336914,91.7975845336914,90.97057926762211,91.38408190065675,7744.665,-4.708229965899591e-06,-4.729534168745886e-06,-4.686925748842441e-06,65.93803602503048,91.30138092041015,91.01192626953124,90.49504661560059,-0.00022875324644841484,0.6802741390882888,0.9473331719501084,True,50.0,99.99971405891262,83.33337271936794,0.15845133008045667,1.2405166625976562,53062.33416666779,122.80554169405654,0
2021-03-12,91.7975845336914,91.7975845336914,91.38408190065675,91.7975845336914,3448.243,0.4135026330346534,0.0,0.4135026330346392,65.93803602503048,91.46678314208984,91.05327606201172,90.5777473449707,-0.00028594108738486633,0.4524891033295923,0.8327063171449505,False,50.0,99.99971405891262,91.66654338914027,0.1633915805034718,0.4134979248046875,56510.57716666779,118.83969679254727,0
2021-03-15,91.38408660888672,91.79758926322557,90.97058395454786,91.38408660888672,4946.197,-0.4134979248046875,4.729534168745886e-06,-0.41349794610889035,58.20825370637797,91.54948577880859,91.13597793579102,90.63977317810058,-24.999797950404417,-0.07535431027738783,0.30257958868994866,False,33.33333333333333,75.00020204959559,91.66654338914027,0.1300442932056171,0.8270187377929688,56510.57716666779,49.27604448126079,0
2021-03-16,91.38408660888672,91.79758926322557,91.38408660888672,91.38408660888672,5459.931,0.0,0.0,0.41350265433885625,58.20825370637797,91.54948577880859,91.21867980957032,90.74314918518067,-24.999797950404417,-0.1506006896821355,0.30257958868994866,False,33.33333333333333,75.00020204959559,83.33337271936794,0.10053931322612697,0.8270187377929688,51050.64616666779,65.47636944278523,0
2021-03-17,91.38408660888672,91.79758926322557,90.97058395454786,91.38408660888672,10042.618,0.0,0.0,-0.41350265433885625,58.208253706377974,91.54948577880859,91.3013816833496,90.8258502960205,-24.999797950404417,-0.1506006896821355,0.22676385564561885,False,16.666666666666664,75.00015769954045,75.00018726624388,0.07476016740927613,0.8270187377929688,51050.64616666779,27.778436996058332,1
2021-03-18,91.7975845336914,91.7975845336914,91.38408190065675,91.38408190065675,6032.983,-4.708229965899591e-06,-4.729534168745886e-06,0.41349794610889035,63.72854413024287,91.54948577880859,91.42543334960938,90.92922630310059,-0.00028594108738486633,0.22573105825792164,0.5662519362392209,True,33.33333333333333,99.99961874535683,83.33332616483096,0.0788857656964374,1.2405166625976562,57083.62916666779,102.93921111450219,0
2021-03-19,90.97057342529297,91.79757863825019,90.97057342529297,91.38407603177158,17983.91,-5.868885168069937e-06,-5.895441219649911e-06,-0.4135084753637841,49.47089953444202,91.3840835571289,91.42543334960938,90.99125175476074,-50.000232484981034,-0.5275135416267164,-0.3773646385950042,False,16.666666666666664,0.0,58.33325881496577,0.0221926224966722,0.0,39099.7191666678,-90.2813292534642,1
2021-03-22,91.38408660888672,91.38408660888672,90.97058395454786,91.38408660888672,6087.179,1.0577115133969528e-05,-0.41349202936346785,1.0529254893754114e-05,54.96651032605431,91.3840835571289,91.46678466796875,91.05327758789062,-24.999842300459548,2.782904201702907e-06,4.174356352863185e-06,True,33.33333333333333,50.000636581212284,50.00008510885638,0.009468199383443288,0.41351318359375,45186.8981666678,-106.05999433471119,1
2021-03-23,91.7975845336914,91.7975845336914,91.38408190065675,91.38408190065675,5497.523,-4.708229965899591e-06,0.4134979248046875,0.41349794610889035,59.74279845494141,91.46678314208984,91.50813446044921,91.1566535949707,-0.00038125464317386126,0.37678823622945545,0.37678823622945545,True,50.0,99.9994281204843,50.0000215672322,0.02494699976864051,0.4134979248046875,50684.4211666678,93.33303681681771,0
2021-03-24,91.7975845336914,91.7975845336914,91.38408190065675,91.7975845336914,5222.913,0.4135026330346534,0.0,0.0,59.74279845494141,91.54948272705079,91.54948425292969,91.21867942810059,-0.0005718795157017654,0.301204166446922,0.30120277290556935,False,50.0,99.9994281204843,83.33316427406031,0.030846279148485145,0.4134979248046875,55907.3341666678,76.92280290438562,1
2021-03-25,92.2110824584961,92.2110824584961,91.38407723465309,91.79757984657459,7938.929,-4.687116813784087e-06,0.4134979248046875,-4.666003661668583e-06,64.25462038690522,91.63218231201172,91.59083404541016,91.3013801574707,-0.0,0.6014996914717515,0.6771945724864473,True,66.66666666666666,100.0,99.99961874698954,0.05675021701990274,0.4134979248046875,63846.263166667806,148.71736052185736,0
2021-03-26,92.2110824584961,92.2110824584961,91.79757984657459,92.2110824584961,6381.187,0.4135026119215013,0.0,0.4135026119215013,64.25462038690522,91.88028411865234,91.63218383789062,91.34272994995118,-0.0,0.5259171549205539,0.6014982958600243,False,50.0,100.0,99.99980937349477,0.06731694327328852,0.4134979248046875,70227.45016666781,149.99999211190948,1
2021-03-29,92.62458801269531,92.62458801269531,91.79758276258197,92.21108538763863,6229.651,2.9291425391875237e-06,0.41350555419921875,2.916007375119989e-06,68.46128167046456,92.12838439941406,91.75623397827148,91.44610595703125,-0.0,0.6741565455607615,0.9767071290275234,True,66.66666666666666,100.0,100.0,0.09395220667885673,1.2405014038085938,76457.10116666781,168.3858057633711,0
2021-03-30,92.2110824584961,92.62458507041761,91.79757984657459,92.62458507041761,9223.728,0.4134996827789763,-2.9422777032550584e-06,-2.916007375119989e-06,60.67204618588295,92.211083984375,91.83893356323242,91.52880668640137,-25.000115316312645,0.07479208615631526,0.4881663711732723,False,50.0,74.99988468368736,91.66662822789579,0.0762706003788649,0.826995849609375,76457.10116666765,97.70109420353874,0
2021-03-31,92.2110824584961,92.62458507041761,91.79757984657459,92.2110824584961,14947.218,-0.4135026119215155,0.0,0.0,60.672046185882955,92.29378356933594,91.92163314819337,91.61150741577148,-25.000115316312645,-1.3789727861715144e-06,0.41275397093588184,False,33.33333333333333,74.99988468368736,83.33325645579157,0.057954060045985745,0.826995849609375,76457.10116666739,77.77772424929358,0
2021-04-01,92.2110824584961,92.62458507041761,91.79757984657459,92.2110824584961,6716.971,0.0,0.0,0.0,60.672046185882955,92.29378356933594,91.96298294067383,91.6942081451416,-25.000115316312645,-0.07468312996157989,0.3374546738751892,False,33.33333333333333,74.99972553499286,74.99983163412253,0.0400676496471527,0.4134979248046875,76457.10116666727,64.51608263531645,1
2021-04-07,92.62458801269531,93.03809063775199,92.62458801269531,92.62458801269531,10756.322,0.41350555419921875,0.4135055673343828,0.82700816612072,65.73360114315898,92.37648468017578,92.12838439941406,91.77690887451172,-19.999960462959137,0.2985095835461074,0.674157936949673,True,33.33333333333333,75.00004387618893,74.99988469828972,0.049686107713213856,1.6540145874023438,65700.77916666727,149.71843128867584,0
2021-04-08,91.7975845336914,93.03809243279534,91.7975845336914,92.6245897997607,10409.874,1.7870653863383268e-06,1.7950433459645865e-06,-0.8270034790039062,51.32229810606124,92.211083984375,92.16973419189453,91.81825942993164,-59.999830453917134,-0.5227750128128075,-0.2247165481733768,False,33.33333333333333,25.000211576215097,58.33332699579898,-0.0032397641240322628,0.4134979248046875,55290.905166667275,23.256604057564733,1
2021-04-09,92.62458801269531,92.62458801269531,91.79758276258197,92.21108538763863,11391.956,-0.4135044121220659,-0.4135044201000255,-1.771109438664098e-06,60.717454403331466,92.29378509521484,92.25243453979492,91.88028450012207,-20.000131774575973,0.3734142667195341,0.5235604695295805,True,33.33333333333333,74.99996248133243,58.33340597791216,0.01296949547390791,0.8270034790039062,66682.86116666728,54.72672375761269,0
2021-04-12,91.7975845336914,92.6245897997607,91.7975845336914,92.21108716672605,8724.932,1.7790874125012124e-06,1.7870653863383268e-06,1.771109438664098e-06,50.156769995063065,92.21108551025391,92.25243453979492,91.90095939636231,-74.9997884237849,-0.4484281558219427,-0.41121235106622067,False,33.33333333333333,0.00037783710264992253,33.333517298216734,-0.033922820189163816,0.0,57957.92916666728,-74.07245171484216,1
2021-04-13,92.62458801269531,92.62458801269531,91.79758276258197,92.21108538763863,6025.951,-1.7790874125012124e-06,-1.7870653863383268e-06,-1.771109438664098e-06,58.10590515867977,92.29378662109374,92.29378509521484,91.9423095703125,-25.000037518667572,0.3734128836311915,0.4109085790752254,True,50.0,66.666648553742,47.222329624059036,-0.012275631104923468,0.41350555419921875,63983.88016666728,33.33357004199267,1
2021-04-14,93.45159149169922,94.27859672613904,92.21108364003949,92.21108364003949,33357.259,-1.747599142731815e-06,1.65400871344373,0.4135008774575226,64.31450889757295,92.45918731689453,92.41783599853515,92.02500991821289,-28.571417013166023,1.0432168385247107,1.1562842259321553,True,66.66666666666666,66.66668246993116,44.44456962025861,0.051223988948382426,1.240509033203125,70655.33196666719,239.13022339691202,1
2021-04-15,94.27860260009766,94.27860260009766,93.45159731413189,93.45159731413189,14794.079,1.2405136740923979,5.873958613733521e-06,1.2405136740923979,69.28091248681702,92.95539093017578,92.58323745727539,92.16973571777343,-0.0,1.6344758474477825,1.8615090484941845,True,66.66666666666666,100.0,77.77777700789106,0.1375108839632072,1.6540145874023438,85449.41096666719,201.5507309989501,0
2021-04-16,94.27860260009766,94.69210524308055,93.86509995711478,94.27860260009766,11111.221,0.8270052859657682,0.4135026429828912,0.4135026429828912,69.28091248681702,93.28619384765625,92.78998947143555,92.31446151733398,-14.285680252867683,1.1834348597020083,1.6722451045700386,False,66.66666666666666,85.71431974713232,84.12700073902117,0.18046576783263352,2.0675201416015625,85449.410966667,153.30533678255708,1
2021-04-19,94.69209289550781,94.69209289550781,93.86508771738112,94.27859030644446,8055.238,-1.2293653199435539e-05,-1.2347572734938694e-05,-1.2239733663932384e-05,71.6302076680389,93.86509552001954,93.03809051513672,92.47986183166503,-0.0004265836723990648,1.2527546475325113,1.9287751581466148,True,66.66666666666666,99.99957341589786,95.23796438767674,0.2199858872796573,2.4810104370117188,93504.648966667,117.57927724088081,1
2021-04-20,95.10559844970703,95.10559844970703,94.27859324579653,94.69209584775179,8405.396,0.4135055413073303,0.41350555419921875,0.41350552841541344,73.81488986080063,94.36129760742188,93.32754211425781,92.64526252746582,-0.0,1.098896731881963,2.108763195956113,True,83.33333333333334,100.0,95.23796438767674,0.254781034408434,2.8945159912109375,101910.04496666699,115.15128820280823,0
2021-04-21,94.69209289550781,95.10559548457117,94.27859030644446,95.10559548457117,8699.794,0.41349963681938107,-2.965135863064461e-06,-2.9393520719622757e-06,68.09441397047412,94.6093978881836,93.53429260253907,92.83133850097656,-12.500097605486888,0.29196479851842616,1.4396381344857256,False,66.66666666666666,87.49989137570901,95.83315493053563,0.23143202691374776,2.0675048828125,101910.04496666699,83.33298813890048,0
2021-04-22,94.69209289550781,95.10559548457117,94.27859030644446,94.27859030644446,10085.809,-0.8270051781267114,0.0,0.0,68.09441397047412,94.69209594726563,93.8237434387207,92.99673881530762,-12.500108624290984,0.0728283553986654,1.2154626146896903,False,50.0,87.49989137570901,91.66659425047267,0.19872486133722034,2.8945083618164062,101910.04496666699,70.17514023916159,0
2021-04-23,94.27860260009766,94.69210524308055,93.86509995711478,94.69210524308055,5971.818,0.4135149366360906,-0.41349024149062075,-0.41349034932967754,62.34466875097445,94.69209594726563,93.98914489746093,93.12078971862793,-24.999755981450683,-0.3641579028400801,0.6252356589495045,False,33.33333333333333,75.00024401854932,83.3333422566558,0.13502582841693545,1.6540145874023438,101910.04496666689,32.63457241059634,0
2021-04-26,94.27860260009766,94.27860260009766,93.86509995711478,94.27860260009766,7959.79,-0.4135026429828912,-0.4135026429828912,0.0,62.34466875097445,94.6093978881836,94.23724670410157,93.24484062194824,-24.999755981450683,-0.3641579028400801,0.40367529751784104,False,33.33333333333333,71.42886100125492,77.97633213183776,0.08132113550965958,2.48101806640625,109869.83496666688,5.2363281230136565,0
2021-04-27,94.27860260009766,94.27860260009766,93.45159731413189,94.27860260009766,9009.219,0.0,0.0,-0.4135026429828912,62.34466875097445,94.44399871826172,94.4026481628418,93.34821662902831,-24.999755981450683,-0.2915391908338383,0.25650941366790775,False,16.666666666666664,50.000285258461744,65.47646342608867,0.03651064272758475,1.6540145874023438,118879.05396666688,-54.59712713918608,0
2021-04-28,94.27860260009766,94.27860260009766,93.45159731413189,94.27860260009766,8203.37,0.0,0.0,0.0,62.34466875097445,94.36130065917969,94.48534927368163,93.4515926361084,-24.999755981450683,-0.1459810485639522,0.036568052825187033,False,0.0,50.000285258461744,57.14314383939281,-0.00045931278795596775,0.8270111083984375,127082.42396666687,-85.1070181794148,0
2021-04-29,94.27860260009766,94.27860260009766,93.45159731413189,93.86509995711478,4374.72,-0.413502642982877,0.0,0.0,62.34466875097445,94.27860260009766,94.48534927368163,93.53429336547852,-28.571138998745088,-0.07304383936329056,-0.10952441235622117,False,0.0,50.000285258461744,50.000285258461744,-0.030575898416443703,0.0,131457.14396666686,-85.1070181794148,0
2021-05-03,93.45159149169922,94.27859672613904,93.45159149169922,93.86509410891912,8892.288,-5.848195655744348e-06,-5.873958613733521e-06,-5.822432669333466e-06,49.443356514019975,94.11320037841797,94.4026481628418,93.59631881713867,-100.0,-0.7320695832280633,-0.9857628233623128,False,0.0,0.0,33.333523505641175,-0.10752639161952371,-0.8270111083984375,122564.85596666686,-121.21387818927415,0
2021-05-04,93.0380859375,94.27859375,92.62458333333333,93.86509114583333,16507.181,-2.963085790952391e-06,-2.9761390436533475e-06,-0.827008158365885,44.42853871320138,93.86509704589844,94.23724746704102,93.63766899108887,-83.3333299165444,-0.953785169531127,-1.3157934134018114,False,0.0,16.66669000231862,22.222325086926798,-0.18316356591694316,-1.6540069580078125,114311.26546666685,-156.56762745672037,0
2021-05-05,92.62458801269531,93.45159326280867,92.62458801269531,93.03809063775199,5906.397,-0.8270005080813405,-0.8270004871913272,4.6793619787877105e-06,40.00250287523674,93.53429412841797,93.98914642333985,93.65834426879883,-99.99981139324997,-1.1037537783792482,-1.6105403275249452,False,0.0,0.00018860697544157809,5.55562620309803,-0.25359459799929107,-2.4810104370117188,108404.86846666686,-180.55499221993313,1
2021-05-06,93.45159149169922,93.45159149169922,93.03808887447931,93.03808887447931,6012.658,-1.7632726780902885e-06,-1.7711094528749527e-06,0.41350086178400147,50.7149899199299,93.36889190673828,93.86509628295899,93.69969444274902,-66.66654092883331,-0.07369384926388645,-0.6229398429789021,True,16.666666666666664,39.999970712136225,18.888949773810108,-0.2373265149780952,-1.2405014038085938,114417.52646666685,-83.33328619847734,1
2021-05-07,93.86509704589844,93.86509704589844,93.45159441574029,93.45159441574029,3768.744,0.4135055412609745,0.41350555419921875,0.4135055412609745,55.088932944397044,93.28619079589843,93.78239669799805,93.80307006835938,-49.999692184248964,0.4424796521991579,-0.07336606093398244,True,33.33333333333333,74.99995541115192,38.33337157675454,-0.19341746246531244,-0.826995849609375,118186.27046666686,-2.666678819877701,1
2021-05-10,94.27860260009766,94.27860260009766,93.45159731413189,94.27860260009766,5831.468,0.8270081843573678,0.41350555419921875,2.8983915996150245e-06,59.05323242908413,93.45159301757812,93.78239669799805,93.88577079772949,-33.33288327753276,0.8849606650661362,0.40367325805330484,True,50.0,100.0,71.66664204109605,-0.13404453333747035,0.0,124017.73846666685,59.82923938205583,1
2021-05-11,94.69209289550781,94.69209289550781,93.45158512831776,93.86508771738112,11099.285,-0.4135148827165409,0.41349029541015625,-1.2185814128429229e-05,62.64972691251425,93.78239440917969,93.82374572753906,94.0304962158203,-0.0005972160525470985,1.1037456623648303,0.844027096260218,True,66.66666666666666,100.0,91.66665180371733,-0.0677870321607521,0.41349029541015625,135117.02346666684,111.10885581923539,0
2021-05-12,93.0380859375,94.69209635416667,89.73006510416667,94.27859375,28021.326,0.4135060326188835,3.458658852650842e-06,-3.72152002415109,45.29058430933231,93.86509399414062,93.6996940612793,94.05117111206054,-33.33333333333333,-0.6622550003381992,-0.8082342903563676,False,66.66666666666666,66.66666666666667,88.88888888888891,-0.13247608660151455,-1.2405166625976562,144457.46546666685,-158.63454754789353,0
2021-05-13,91.7975845336914,93.03809243279534,91.7975845336914,92.6245897997607,13964.754,-1.6540039502393,-1.6540039213713271,2.0675194295247366,36.92057354789916,93.53429260253907,93.45159225463867,93.96847076416016,-58.33320417873752,-1.842295949036809,-1.9145782060896206,False,66.66666666666666,41.66679582126248,69.44448749597639,-0.24915789987643439,-2.48101806640625,130492.71146666685,-143.33277048652818,1
2021-05-14,93.86509704589844,93.86509704589844,91.79758389510772,92.21108652526586,11003.408,-0.41350327449484325,0.8270046131030995,-6.385836854860827e-07,52.78535978063477,93.53429260253907,93.41024169921874,93.94779548645019,-16.666547762435563,0.2945528990355066,0.3314933827521806,True,66.66666666666666,83.33345223756443,63.88897157516454,-0.18063351241233738,-0.41350555419921875,141496.11946666686,-18.51818643191602,0
2021-05-17,93.0380859375,93.86509114583333,92.21108072916667,92.62458333333333,10088.425,0.4134968080674781,-5.900065104924579e-06,0.41349683405894666,47.5651590890956,93.28618927001953,93.36889114379883,93.88576965332031,-33.33333333333333,-0.4424810188876752,-0.4424816962112493,False,50.0,66.66666666666667,63.88897157516454,-0.1839276630063258,-0.41350555419921875,141496.11946666686,-28.571876209821106,1
2021-05-18,93.86509704589844,93.86509704589844,92.624589155424,92.624589155424,12165.04,5.82209067090389e-06,5.900065104924579e-06,0.4135084262573372,52.67123690760197,93.12079010009765,93.45159225463867,93.84441986083985,-16.666547762435563,0.5166088380439895,0.4795305728457008,True,50.0,83.33345223756443,77.77785704726519,-0.12608855495414828,0.8270111083984375,153661.15946666687,25.926200734206187,0
2021-05-19,93.0380859375,93.86509114583333,93.0380859375,93.45158854166667,4720.451,0.8269993862426617,-5.900065104924579e-06,0.4134967820759954,47.61318513239113,93.12079010009765,93.49294204711914,93.7410442352295,-33.33333333333333,-0.07402250207037255,-0.3690069912122471,False,33.33333333333333,66.66666666666667,72.22226185696594,-0.13823277880592047,0.4134979248046875,148940.70846666687,2.007559733288629,1
2021-05-20,93.86509704589844,93.86509704589844,92.624589155424,93.03809178558214,7538.905,-0.41349675608452685,5.900065104924579e-06,-0.4134967820759954,52.58084782171759,93.53429260253907,93.53429260253907,93.69969444274902,-16.666547762435563,0.6651904596554679,0.4424803355434043,True,50.0,83.33345223756443,77.77785704726519,-0.08773368476795934,0.41350555419921875,156479.61346666687,19.608131512885535,1
2021-05-21,94.69209289550781,94.69209289550781,93.86508771738112,93.86508771738112,12683.336,0.8269959317989759,0.826995849609375,1.2404985619571107,57.02627641775269,93.69969177246094,93.6169921875,93.69969444274902,-6.970248026251035e-05,1.0294055160624034,1.14095746355077,True,66.66666666666666,99.99993029751974,83.33334973391696,-0.0004192296007130003,0.826995849609375,169162.94946666688,128.20434532927322,0
2021-05-24,93.45159149169922,93.86509410891912,93.03808887447931,93.86509410891912,5352.94,6.391538008188036e-06,-0.826998786588689,-0.8269988429018014,49.441633245942135,93.78239288330079,93.53429107666015,93.6583438873291,-24.999940547884446,-0.22074940700282952,-0.18402644882859284,False,50.0,75.00005945211555,86.11114732906658,-0.02654867648336992,-0.8270111083984375,169162.94946666688,17.143002992656466,1
2021-05-25,94.27860260009766,94.27860260009766,93.45159731413189,93.45159731413189,5945.552,-0.41349679478723544,0.4135084911785327,0.4135084396525741,53.90082301216252,93.86509399414062,93.49294204711914,93.6583438873291,-8.333154976986679,0.4405344707968569,0.6622577156665079,True,66.66666666666666,85.71466541119749,86.90488505361094,0.009591513631951043,-0.41349029541015625,175108.50146666687,102.4104233287523,0
2021-05-26,93.45159149169922,94.27859672613904,93.45159149169922,93.86509410891912,4567.661,0.41349679478723544,-5.873958613733521e-06,-5.822432669333466e-06,49.169851069557154,93.94779510498047,93.53429260253907,93.61699333190919,-24.999940547884446,-0.36737682712840214,-0.1472750928548235,False,50.0,57.14294190699955,72.61922225677087,-0.02271111740864923,0.41350555419921875,170540.84046666688,51.64304628492717,0
2021-05-27,92.62458801269531,93.86509588786534,92.62458801269531,93.86509588786534,25228.259,1.7789462134487621e-06,-0.41350083827370554,-0.8270034790039062,44.873231733761386,93.69969329833984,93.61699295043945,93.53429260253907,-41.66657236331098,-1.1764694390594985,-0.8483939619435724,False,50.0,16.666878507833438,53.17482860867684,-0.09616677537457155,0.8270034790039062,145312.5814666669,-96.04502574460734,1
2021-05-28,93.45159149169922,93.86509410891912,93.03808887447931,93.45159149169922,6609.964,-0.4135043961661182,-1.7789462134487621e-06,0.41350086178400147,49.670955424653776,93.45159301757812,93.57564239501953,93.49294204711914,-42.85705809300045,-0.22075076166996346,-6.80333922480223e-07,True,50.0,40.00007380291669,37.93663140591658,-0.08579164284851803,-0.41350555419921875,145312.5814666669,-17.857178459685656,1
2021-05-31,93.86509704589844,94.27859967605657,93.45159441574029,93.86509704589844,5802.178,0.41350555419921875,0.4135055671374488,0.4135055412609745,51.95188374087959,93.53429412841797,93.65834350585938,93.5136173248291,-28.571196340901476,0.36846108832870844,0.2576396071217661,True,50.0,60.00029521166677,38.88908250747232,-0.0496098115520895,0.8270111083984375,145312.58146666698,53.57192646462515,0
2021-06-01,93.86509704589844,94.27859967605657,93.45159441574029,93.86509704589844,2090.457,0.0,0.0,0.0,51.95188374087959,93.45159301757812,93.65834350585938,93.55496788024902,-33.3330025877697,0.2945515363696455,0.2576396071217661,False,50.0,60.00029521166677,53.333554742083415,-0.025425440458481108,0.0,145312.581466667,43.478681553893914,1
2021-06-02,94.27860260009766,94.27860260009766,93.86509995711478,93.86509995711478,3801.467,2.9112163417721604e-06,2.9240410839292963e-06,0.4135055413744908,54.410737174400026,93.61699523925782,93.78239517211914,93.63766860961914,-19.99948337958316,0.7363808789199372,0.588240142202997,True,50.0,80.00051662041683,66.66703568125014,0.01641827848038377,1.2405166625976562,149114.048466667,84.05869924103698,0
2021-06-03,94.27860260009766,94.69210524308055,93.45159731413189,94.27860260009766,3608.729,0.413502642982877,0.4135026429828912,-0.4135026429828912,54.410737174400026,93.94779815673829,93.82374572753906,93.67901916503907,-19.999961156591876,0.588238095233568,0.5512725005610176,False,50.0,80.00003884340812,73.3336168918306,0.04071063861764254,0.41350555419921875,150316.95813333365,70.17602711069502,0
2021-06-04,94.27860260009766,94.27860260009766,93.86509995711478,93.86509995711478,4221.148,-0.413502642982877,-0.4135026429828912,0.4135026429828912,54.410737174400026,94.11320037841797,93.78239669799805,93.69969444274902,-19.999961156591876,0.29325720264746374,0.4405324298346311,False,50.0,80.00003884340812,80.00019810241103,0.052635913644430904,-0.41349029541015625,154538.10613333364,81.76103788909914,0
2021-06-07,94.27860260009766,94.27860260009766,93.45159731413189,94.27860260009766,3609.793,0.413502642982877,0.0,-0.4135026429828912,54.410737174400026,94.1959014892578,93.86509780883789,93.69969444274902,-19.999961156591876,0.14641391664561867,0.40367325805330484,False,33.33333333333333,80.00003884340812,80.00003884340812,0.05606462879739604,0.8270111083984375,158147.89913333365,42.553441608899526,1
2021-06-08,94.69209289550781,94.69209289550781,93.86508771738112,94.69209289550781,3861.363,0.41349029541015625,0.41349029541015625,0.41349040324922726,57.49157943245396,94.36130065917969,93.90644683837891,93.69969444274902,-0.0005972174042118142,0.4385861036246039,0.844027096260218,True,33.33333333333333,99.9994027825958,86.66649348980404,0.08024832794777303,0.41349029541015625,162009.26213333366,123.8070735749632,0
2021-06-09,94.27860260009766,94.69210524308055,94.27860260009766,94.27860260009766,3290.372,-0.41349029541015625,1.2347572734938694e-05,0.4135148827165409,53.544208346518054,94.36130065917969,93.98914794921875,93.7617202758789,-19.999961156591876,-0.07304383936329056,0.3300360133518113,False,33.33333333333333,75.000087615059,84.99984308035432,0.06321422800509849,0.8270111083984375,158718.89013333365,99.41551485612942,1
2021-06-10,94.69209289550781,94.69209289550781,93.86508771738112,94.27859030644446,3257.221,-1.2293653199435539e-05,-1.2347572734938694e-05,-0.4135148827165409,56.78136227028086,94.44399871826172,94.1958984375,93.90644569396973,-0.0005972174042118142,0.29196209712791943,0.7331288182771006,True,33.33333333333333,99.9990046380521,91.66616501190232,0.07387045709500964,2.0675048828125,161976.11113333364,95.2358303217768,0
2021-06-11,94.69209289550781,95.10559548457117,94.27859030644446,94.69209289550781,5378.611,0.4135025890633557,0.4135025890633557,0.4135025890633415,56.78136227028086,94.52669677734374,94.31994857788087,93.94779548645019,-16.66672082816067,0.21881186092145805,0.6224741822562709,False,33.33333333333333,74.99985962187816,83.33298395832976,0.0747674804557259,1.2405014038085938,161976.11113333364,145.83352005528747,0
2021-06-15,94.69209289550781,95.10559548457117,94.27859030644446,94.69209289550781,4533.285,0.0,0.0,0.0,56.78136227028086,94.60939483642578,94.4026481628418,94.03049583435059,-20.00006128372111,0.14576825453750494,0.43858881291959734,False,33.33333333333333,74.99981581276266,83.33289335756433,0.06933018907390609,0.826995849609375,161976.11113333364,113.72571550900068,1
2021-06-16,95.10559844970703,95.10559844970703,94.27859324579653,94.27859324579653,6083.411,-0.4134996497112837,2.965135863064461e-06,2.9393520719622757e-06,60.36696768617721,94.69209594726563,94.52669830322266,94.09252090454102,-0.0,0.43668165663907443,0.7299227605715086,True,50.0,100.0,83.3332251448803,0.08643864464616824,1.2405014038085938,168059.52213333364,130.08296153823687,0
2021-06-17,94.69209289550781,94.69209289550781,94.27859030644446,94.27859030644446,3775.827,-2.9393520719622757e-06,-0.41350555419921875,-2.9393520719622757e-06,55.35681377517258,94.77479400634766,94.56804733276367,94.1752212524414,-25.000274830498576,-2.6856851180377277e-06,0.21881186092145805,False,33.33333333333333,74.99968136022886,83.33316572433053,0.06380655606890534,0.41349029541015625,171835.34913333363,39.472700611852225,0
2021-06-18,93.86509704589844,94.69210230621472,93.86509704589844,94.27859967605657,11921.085,9.369612115506243e-06,9.410706908852262e-06,-0.4134932605460193,46.86979266874225,94.60939483642578,94.52669677734374,94.1752212524414,-75.0000333813094,-0.80115762081669,-0.6564517321350716,False,33.33333333333333,24.99996661869061,66.66654932630651,-0.009081136910383814,-0.41350555419921875,159914.26413333364,-92.10531919096304,0
2021-06-21,93.86509704589844,94.27859967605657,93.45159441574029,93.86509704589844,3933.95,-0.4135026301581348,-0.41350263015814903,-0.41350263015814903,46.86979266874225,94.44399566650391,94.48534622192383,94.13387145996094,-74.99990195510833,-0.6564490582420156,-0.6202079326337351,False,16.666666666666664,25.000098044891672,41.666582007937066,-0.056849534951926906,-0.41350555419921875,159914.2641333337,-149.42610700941037,1
2021-06-22,94.27860260009766,94.69210524308055,93.86509995711478,94.27860260009766,5080.061,0.41350555419921875,0.4135055670239751,0.4135055413744908,51.311648013317644,94.36129760742188,94.48534622192383,94.17522201538085,-49.99962712460975,-0.14597835896955985,-0.18240839597608796,True,33.33333333333333,50.00037287539025,33.33347917965753,-0.05985101717496166,0.0,159914.2641333336,-48.24388948206543,1
2021-06-23,94.69209289550781,95.10559548457117,93.86508771738112,94.27859030644446,6319.507,-1.2293653199435539e-05,0.41349024149062075,-1.2239733663932384e-05,55.38091422671338,94.27859649658203,94.48534622192383,94.19589653015137,-25.000274830498576,0.29196479851842616,0.21881320964709083,True,50.0,74.99972516950142,50.000065363261136,-0.03450068238993087,0.0,162020.7664666669,33.33254494213425,0
2021-06-24,94.27860260009766,95.10560788606342,94.27860260009766,94.69210524308055,3187.328,0.4135149366360906,1.2401492256230995e-05,0.4135148827165409,50.75342961382494,94.1958984375,94.48534622192383,94.23724708557128,-49.999912383071496,5.394928594848913e-06,-0.21881051808528176,False,33.33333333333333,50.00008761692851,58.33339522060675,-0.04540621970382841,0.0,158833.43846666688,28.457870430528782,1
2021-06-25,94.69209289550781,94.69209289550781,94.27859030644446,94.27859030644446,3187.56,-0.4135149366360906,-0.4135149905556119,-1.2293653199435539e-05,54.86742270506483,94.36129760742188,94.48534622192383,94.34062232971192,-25.000702713432293,0.43858881291959734,0.21881320964709083,True,50.0,74.99929728656771,66.66637002433256,-0.025585089681698148,0.0,162020.99846666688,24.389248438522618,0
2021-06-28,94.27860260009766,95.10560788606342,94.27860260009766,94.69210524308055,3196.673,0.4135149366360906,0.4135149905556119,1.2293653199435539e-05,50.284812062742745,94.44399871826172,94.44399719238281,94.38197288513183,-49.999912383071496,-0.07304114583828208,-0.21881051808528176,False,50.0,50.00008761692851,58.333157506808256,-0.04026179197041996,-0.41349029541015625,158824.32546666687,29.538209153989264,0
2021-06-29,94.27860260009766,94.69210524308055,94.27860260009766,94.27860260009766,3853.054,-0.4135026429828912,-0.413502642982877,0.0,50.284812062742745,94.44399871826172,94.4026481628418,94.4026481628418,-49.999912383071496,-0.1459810485639522,-0.18240839597608796,False,50.0,50.00008761692851,58.333157506808256,-0.04931194079906401,-0.41349029541015625,154971.27146666686,-4.5028641241270915,0
2021-06-30,94.27860260009766,94.69210524308055,93.86509995711478,94.27860260009766,6383.215,0.0,0.0,-0.413502642982877,50.284812062742745,94.36130065917969,94.31994857788087,94.42332344055175,-49.999912383071496,-0.1459810485639522,-0.14597970376677413,False,33.33333333333333,50.00008761692851,50.00008761692851,-0.05424865927924938,-0.826995849609375,154971.27146666675,-34.31261620912793,0
2021-07-01,93.86509704589844,94.69210230621472,93.86509704589844,94.27859967605657,6048.345,-2.9240410839292963e-06,-2.936865826086432e-06,-2.9112163417721604e-06,45.3654853240826,94.27859954833984,94.23724899291992,94.4026481628418,-75.0000445838349,-0.43859689348150255,-0.5113203667947228,False,16.666666666666664,24.999955416165093,41.666710216674055,-0.08261368314391301,-0.826995849609375,148922.92646666674,-66.66707074978547,1
2021-07-02,94.27860260009766,94.27860260009766,93.86509995711478,93.86509995711478,5712.132,-0.41349971894179305,-0.4134997061170651,2.9112163417721604e-06,50.633968687775976,94.1959014892578,94.27859954833984,94.4026481628418,-49.999912383071496,2.6974642321979506e-06,4.046196395332648e-06,True,33.33333333333333,33.33399110759964,36.11134471356443,-0.0712099633357253,0.41350555419921875,154635.05846666676,-66.66626376446314,1
2021-07-05,94.69209289550781,94.69209289550781,94.27859030644446,94.69209289550781,3869.144,0.8269929383930332,0.41349029541015625,0.41349034932967754,55.332701450777016,94.27859954833984,94.36129913330078,94.4233226776123,-25.000702713432293,0.4385861036246039,0.43858745827208234,True,33.33333333333333,66.66600019934775,41.66664890770418,-0.035316439147623974,0.826995849609375,158504.20246666676,65.4736958068532,0
2021-07-06,94.27860260009766,94.69210524308055,93.86509995711478,94.27860260009766,5082.487,-0.41349029541015625,1.2347572734938694e-05,-0.41349034932967754,50.12772154565384,94.27859954833984,94.36129913330078,94.4233226776123,-49.999912383071496,2.6974642321979506e-06,-0.03653256756754253,False,33.33333333333333,33.333489785887146,44.444493697611534,-0.03865025388983201,0.0,158504.20246666667,-53.57061039302351,0
2021-07-07,94.27860260009766,94.69210524308055,93.86509995711478,94.27860260009766,2968.597,0.0,0.0,0.0,50.12772154565384,94.27859954833984,94.31995010375977,94.4026481628418,-66.66600889240037,2.6974642321979506e-06,-0.07304249260079695,False,33.33333333333333,33.333489785887146,44.44432659037403,-0.039920164224956256,-0.41349029541015625,158504.2024666666,-42.42363805401562,0
2021-07-08,94.27860260009766,94.69210524308055,93.86509995711478,94.27860260009766,3515.816,0.0,0.0,0.0,50.127721545653856,94.36130065917969,94.31995010375977,94.4026481628418,-66.66600889240037,2.6974642321979506e-06,-0.07304249260079695,False,33.33333333333333,33.333489785887146,33.333489785887146,-0.0397389023346964,0.0,158504.20246666655,-33.332658530965155,1
2021-07-09,94.69209289550781,94.69209289550781,93.86508771738112,93.86508771738112,3352.107,-0.4135148827165409,-1.2347572734938694e-05,-1.2239733663932384e-05,55.5554863897613,94.44399871826172,94.31995010375977,94.4026481628418,-33.33399980065225,0.29196209712791943,0.36522054948559296,True,50.0,99.99850697568658,55.55516218248698,-0.012179018194142674,0.0,161856.30946666654,45.4503139438855,0
2021-07-12,93.86509704589844,94.69210230621472,93.86509704589844,94.69210230621472,4004.345,0.827014588833606,9.410706908852262e-06,9.328517322160224e-06,44.89481473458757,94.27859954833984,94.27859954833984,94.36129837036133,-99.99924801566652,-0.5113203667947228,-0.4749719149946195,False,33.33333333333333,0.0011279709355942406,44.444374910836466,-0.048040648033653974,-0.41350555419921875,157851.96446666654,-99.10202665461705,1
2021-07-13,94.69209289550781,94.69209289550781,93.86508771738112,94.27859030644446,6626.454,-0.41351199977026454,-9.410706908852262e-06,-9.328517322160224e-06,54.433560410768735,94.36129760742188,94.31994857788087,94.36129837036133,-33.33399980065225,0.36522190215478456,0.4018906009873255,True,33.33333333333333,99.99850697568658,66.66604730743627,-0.016110347689793733,0.41349029541015625,164478.41846666654,81.07966493519965,0
2021-07-14,94.69209289550781,94.69209289550781,94.27859030644446,94.69209289550781,4968.702,0.4135025890633557,0.0,0.4135025890633415,54.433560410768735,94.44399566650391,94.36129760742188,94.34062309265137,-0.0014930243134202027,0.29196479851842616,0.36522190215478456,False,33.33333333333333,99.99850697568658,66.66604730743627,0.003896557670915221,0.41349029541015625,169447.12046666653,118.05698035963262,0
2021-07-15,94.69209289550781,94.69209289550781,94.27859030644446,94.27859030644446,4533.125,-0.4135025890633557,0.0,0.0,54.433560410768735,94.52669372558594,94.44399719238281,94.34062309265137,-0.0014930243134202027,0.218814558372775,0.32857997776989495,False,33.33333333333333,99.99850697568658,99.99850697568658,0.015372433968754498,0.826995849609375,173980.24546666653,93.33446541887037,1
2021-07-16,95.10559844970703,95.10559844970703,93.86509064384128,94.27859324579653,6702.44,2.9393520719622757e-06,0.41350555419921875,-0.41349966260317217,59.03654082131343,94.60939483642578,94.52669677734374,94.4026481628418,-0.0,0.5098334408277878,0.6931745220766863,True,50.0,100.0,99.99900465045774,0.04725356368303796,0.826995849609375,180682.68546666653,133.3356176276279,0
2021-07-19,95.10559844970703,95.10559844970703,94.27859324579653,94.27859324579653,4176.551,0.0,0.0,0.41350260195524413,59.03654082131343,94.8574951171875,94.56804733276367,94.46467323303223,-0.0,0.43668165663907443,0.5830878031090136,False,33.33333333333333,100.0,99.99950232522889,0.06375639054795842,0.41350555419921875,184859.23646666654,150.53938711100034,0
2021-07-20,95.10559844970703,95.10559844970703,94.69209584775179,94.69209584775179,3542.506,0.41350260195525834,0.0,0.41350260195525834,59.03654082131342,94.94019622802735,94.6507469177246,94.50602302551269,-0.0,0.21786648260494978,0.509830739484164,False,33.33333333333333,100.0,100.0,0.06960997594957827,0.826995849609375,188401.74246666653,146.66801959532563,0
2021-07-21,95.10559844970703,95.10559844970703,94.69209584775179,94.69209584775179,5675.636,0.0,0.0,0.0,59.03654082131342,95.02289733886718,94.73344650268555,94.52669830322266,-0.0,0.14513891871760454,0.47324153441137906,False,16.666666666666664,100.0,100.0,0.06832331327693983,0.826995849609375,194077.37846666653,113.82118128417129,1
2021-07-22,95.93260192871094,95.93260192871094,95.10559673967032,95.10559673967032,7294.8,0.413500891918531,0.8270034790039062,0.413500891918531,68.1500073067061,95.27099914550782,94.89884643554687,94.60939826965333,-0.0,0.7965232709944292,1.1995609454693212,True,33.33333333333333,100.0,100.0,0.11525043777208308,1.6539993286132812,201372.17846666652,202.38058801804416,0
2021-07-23,95.10559844970703,95.93260365361753,95.10559844970703,95.51910105166228,5427.61,0.41350431199195725,1.7249065962232635e-06,1.710036713120644e-06,54.84013094877814,95.27099914550782,94.9401969909668,94.63007354736328,-39.999943382101954,-0.14471749888451133,0.25426787546594104,False,33.33333333333333,60.000056617898046,86.66668553929937,0.08411949353963447,0.41350555419921875,195944.56846666653,109.33339123303935,0
2021-07-26,95.10559844970703,95.51910105166228,94.69209584775179,95.10559844970703,3624.333,-0.41350260195524413,-0.41350260195525834,-0.41350260195524413,54.84013094877814,95.27099914550782,95.06424713134766,94.67142333984376,-39.999943382101954,-0.14471749888451133,0.1814888304412018,False,16.666666666666664,59.999999999999865,73.33335220596598,0.058280904260654964,1.2405014038085938,195944.56846666653,42.424374968832225,1
2021-07-27,95.51911163330078,95.51911163330078,94.69210633777436,95.10560898553757,4553.335,1.0535830540447932e-05,1.0581638505868796e-05,1.049002257502707e-05,59.5420110595446,95.35370178222657,95.14694900512696,94.7334487915039,-19.999459886604235,0.2169292896805479,0.5440802145940568,True,33.33333333333333,80.0005118051711,66.66685614102302,0.06337057344770708,0.8270187377929688,200497.90346666652,58.82564104275445,1
2021-07-28,95.93260192871094,95.93260192871094,94.69209414515001,95.51909933419063,7625.623,0.4134903486530561,0.41349029541015625,-1.219262435370183e-05,63.668380907800504,95.51910247802735,95.27099990844727,94.81614875793457,-8.342893836954795e-05,0.5054121037371888,0.796522597655523,True,50.0,99.99991657094354,80.00014279203818,0.08743277196644572,1.240509033203125,208123.52646666652,98.41186480944201,1
2021-07-29,96.34611511230469,96.34611511230469,95.51910983237075,95.51910983237075,6783.929,1.0498180117224365e-05,0.41351318359375,0.8270156872207366,67.3062057563362,95.6018051147461,95.43640213012695,94.94019966125488,-0.0,0.7204675481339186,1.0846070995738155,True,66.66666666666666,100.0,93.33347612537158,0.12192738780131379,1.654022216796875,214907.45546666652,166.66732176148435,0
2021-07-30,95.10559844970703,96.34610625557278,95.10559844970703,96.34610625557278,6721.593,0.8269964232020328,-8.856731909645532e-06,-0.4135113826637138,50.69434299750202,95.6018051147461,95.43640213012695,94.98154945373535,-50.00017848941077,-0.4329035102572868,-0.25298270498012493,False,50.0,24.999943336168915,74.99995330237084,0.05531835808990854,0.0,208185.86246666653,42.42396402036111,1
2021-08-02,96.34611511230469,96.34611511230469,95.51910983237075,95.51910983237075,10775.136,-0.8269964232020328,8.856731909645532e-06,0.4135113826637138,61.15363282195918,95.84990844726562,95.56045379638672,95.06425056457519,-0.0,0.6479527602639344,0.902208458989999,True,66.66666666666666,100.0,74.99998111205632,0.08703894639679882,1.2405166625976562,218960.99846666653,130.43596757811406,1
2021-08-03,96.7596206665039,96.7596206665039,96.34611801408295,96.34611801408295,9700.382,0.8270081817122019,0.41350555419921875,0.8270081817122019,63.9355968051679,96.09801025390625,95.72585601806641,95.18830146789551,-0.0,0.7896681839692782,1.1891983064279157,True,83.33333333333334,100.0,74.99998111205632,0.12575149240718408,1.654022216796875,228661.38046666654,171.36174024976216,1
2021-08-04,97.17311096191406,97.17311096191406,96.3461057622382,96.75960836207614,10782.154,0.4134903479931893,0.41349029541015625,-1.2251844751176577e-05,66.54886780228574,96.34611206054687,95.9326072692871,95.33302688598633,-0.0,0.930560210776483,1.4388452108690688,True,83.33333333333334,100.0,100.0,0.16652949954970597,2.0675125122070312,239443.53446666655,149.61975213858295,1
2021-08-05,97.58661651611328,97.58661651611328,96.75961129140046,97.17311390375687,14590.145,0.4135055416807347,0.41350555419921875,0.4135055291622649,68.9995044410111,96.59421234130859,96.09800872802734,95.49842758178711,-0.0,1.0706608617910065,1.651111856333947,True,83.33333333333334,100.0,100.0,0.2060858665636905,1.6540145874023438,254033.67946666654,143.70301130311898,0
2021-08-06,97.17311096191406,97.586613561752,97.17311096191406,97.586613561752,10390.579,0.413499657995132,-2.954361278284523e-06,0.4134996705136018,63.89314994906064,97.00771484375,96.30475997924805,95.62247848510742,-14.285795761931098,0.49892651506153646,1.0390502482826314,False,66.66666666666666,85.7142042380689,95.23806807935632,0.1895552948234983,2.0675125122070312,243643.10046666654,109.78801438222665,0
2021-08-09,97.17311096191406,97.586613561752,96.75960836207614,97.17311096191406,5298.98,-0.41350259983794047,0.0,-0.41350259983792625,63.89314994906064,97.17311401367188,96.51151123046876,95.7878791809082,-14.285795761931098,0.14204122175316122,0.9305615438008652,False,66.66666666666666,85.7142042380689,90.47613615871262,0.16469399992749256,2.0675125122070312,243643.10046666645,77.33305984754358,1
2021-08-10,97.58661651611328,97.58661651611328,96.75961129140046,97.58661651611328,8351.599,0.41350555419921875,2.954361278284523e-06,2.9293243244410405e-06,66.81577925552416,97.33851318359375,96.71826171875,95.93260536193847,-0.0,0.3543585163867914,1.1428560358177842,True,66.66666666666666,100.0,90.47613615871262,0.16192802681475693,2.0675048828125,251994.69946666644,77.48539546193533,0
2021-08-11,97.58661651611328,97.58661651611328,97.17311390375687,97.58661651611328,9172.417,0.0,0.0,0.4135026123564103,66.81577925552416,97.4212142944336,96.88366317749023,96.07733154296875,-0.0,0.21231573875860457,0.9265845769849098,False,50.0,100.0,95.23806807935632,0.14639794504697123,1.6540145874023438,261167.11646666643,80.06566802326138,0
2021-08-12,97.58661651611328,98.00011912846969,97.17311390375687,97.58661651611328,9616.918,0.0,0.4135026123564103,0.0,66.81577925552416,97.4212142944336,97.0077133178711,96.22205772399903,-12.49998456606124,0.14144372341031247,0.7470645045569576,False,33.33333333333333,83.33329048760166,94.44443016253392,0.1233480092745598,1.2405014038085938,261167.11646666643,85.10660750677495,0
2021-08-13,97.17311096191406,97.586613561752,96.3461057622382,97.586613561752,7481.446,-2.954361278284523e-06,-0.41350556671768857,-0.8270081415186752,60.461997330043246,97.4212142944336,97.2144645690918,96.32543334960937,-28.571506592558034,-0.21231573875860457,0.21321588627451465,False,16.666666666666664,49.999910312702944,77.77773360010156,0.07012299690874924,2.0675125122070312,263660.93179999973,-8.197423728240604,0
2021-08-16,97.17311096191406,97.17311096191406,96.75960836207614,97.17311096191406,8910.927,-0.41350259983794047,-0.41350259983794047,0.41350259983794047,60.46199733004325,97.4212142944336,97.29716415405274,96.42880897521972,-28.571506592558034,-0.21231573875860457,0.14204253403042533,False,16.666666666666664,49.999910312702944,61.1110370376692,0.02700410817119403,0.826995849609375,272571.85879999975,-41.66740396359931,0
2021-08-17,97.17311096191406,97.17311096191406,97.17311096191406,97.17311096191406,0.0,0.0,0.0,0.41350259983792625,60.46199733004326,97.33851318359375,97.33851318359375,96.53218460083008,-33.333537599233836,-0.21231573875860457,-0.035451290983776855,False,16.666666666666664,49.999910312702944,49.999910312702944,-0.0075816424910076785,0.41349029541015625,272571.85879999975,-22.222539202546486,0
2021-08-18,97.17311096191406,97.17311096191406,96.75960836207614,97.17311096191406,6742.098,0.0,0.0,-0.41350259983792625,60.46199733004326,97.25581207275391,97.33851318359375,96.63556022644043,-50.000089687297056,-0.141644070056991,-0.10627198985073547,False,0.0,49.999910312702944,49.999910312702944,-0.034988665225128335,0.0,279313.95679999975,-90.90890229282742,0
2021-08-19,96.34611511230469,97.17312039223863,95.93261247233771,97.17312039223863,9338.247,9.430324567460957e-06,9.430324567460957e-06,-0.8269958897384271,47.63195939863301,97.0077117919922,97.21446304321289,96.65623588562012,-79.99993669957105,-0.7806879952500184,-0.9213245704004653,False,0.0,20.00006330042895,39.99996130861163,-0.10915667581276689,-1.2405014038085938,276201.2077999998,-214.91030706349352,0
2021-08-20,95.93260192871094,96.75960711775154,95.51909933419063,96.34610452323123,11412.242,-0.827015869007397,-0.4135132744870873,-0.41351313814708135,42.69054026292623,96.75960998535156,97.09041213989258,96.69758605957031,-83.33336172997097,-0.9252695621213989,-1.2415779854857232,False,0.0,16.66663827002902,28.88887062772032,-0.1821092700857525,-1.240509033203125,272397.12713333324,-212.12180646784196,0
2021-08-23,95.51911163330078,96.34611692882719,95.51911163330078,95.93261428106399,8613.625,-0.4134902421672422,-0.4134901889243565,1.2299110153435322e-05,38.3505445332697,96.4288101196289,96.92501220703124,96.71826171875,-99.99950427198598,-1.0706556221381482,-1.4925282710082752,False,0.0,0.0004957280140124479,12.222399099490678,-0.25005924488518116,-1.6539993286132812,263783.50213333324,-156.86228855880847,0
2021-08-24,95.51911163330078,95.93261428106399,95.10560898553757,95.51911163330078,14981.701,-0.41350264776320955,-0.41350264776319534,-0.41350264776320955,38.3505445332697,96.09801025390625,96.71826171875,96.71826171875,-85.71424429888734,-0.7873952727174706,-1.352305055242737,False,0.0,14.285755701112661,10.317629899718582,-0.2843537044891849,-2.0675048828125,263783.50213333324,-133.02739679793083,0
2021-08-25,94.49341583251953,95.35244688554243,93.63438477949663,94.92293135903098,34525.086,-0.5961802742697984,-0.5801673955215563,-1.4712242060409437,29.497804323479983,95.56207122802735,96.40894165039063,96.64630241394043,-80.32333201343388,-1.3953396168710428,-2.1860153569200773,False,0.0,21.735357448935165,12.007202959353966,-0.3605651771251078,-3.09320068359375,263783.50213333324,-168.6537274147563,0
2021-08-26,94.49341583251953,94.92293135903098,94.06390030600808,94.49341583251953,12488.127,-0.42951552651145164,-0.42951552651145164,0.42951552651145164,29.497804323479983,95.19153137207032,96.09962158203125,96.55366744995118,-80.32333201343388,-0.9336435017930177,-1.924325096497366,False,0.0,24.275084296486337,20.098732482178075,-0.3927749793659339,-3.09320068359375,263783.50213333324,-128.6972582751444,0
2021-08-27,94.49341583251953,94.92293135903098,94.06390030600808,94.49341583251953,8114.018,0.0,0.0,0.0,29.497804323479983,94.90369415283203,95.8316520690918,96.5230583190918,-80.32333201343388,-0.6118978234673685,-1.6612308343987643,False,0.0,24.275084296486337,23.428508680635968,-0.3948216823712944,-2.6796951293945312,263783.50213333324,-101.12665633103735,1
2021-08-30,95.35245513916016,95.78197070285007,94.49342401178033,94.92293957547025,11263.067,0.42952374295072104,0.8590393438190915,0.4295237057722545,43.643136250510366,94.8703628540039,95.6495864868164,96.47337532043457,-56.52907626761687,0.39373914857717485,-0.5745901369060293,True,16.666666666666664,48.550401829321046,32.366856807431255,-0.32213368742296244,-1.8206558227539062,267537.8577999998,-37.317145580439835,1
2021-08-31,96.21148681640625,96.64100238255091,95.3524556841169,95.78197125026158,21301.67,0.8590316747913249,0.8590316797008342,0.8590316723365703,53.76319474508644,95.008837890625,95.55342407226563,96.44596862792969,-27.174496234468748,1.1752630776012682,0.40503159255976284,True,33.33333333333333,72.82550376553125,48.55032996377957,-0.20568013551092035,-0.9616241455078125,274638.4144666668,46.214525632869645,0
2021-09-01,94.92294311523438,96.64100543406215,94.92294311523438,96.21148985435521,12383.213,0.4295186040936301,3.0515112428020075e-06,-0.4295125688825294,41.553118784184306,95.09474334716796,95.32840728759766,96.33346023559571,-63.58704134047181,-0.07535063908296778,-0.7454471580052252,False,33.33333333333333,41.23093323520982,54.202279610020724,-0.20448432488467708,-2.2501678466796875,262255.2014666668,9.400743349962326,1
2021-09-02,95.35245513916016,95.78197070285007,94.92293957547025,94.92293957547025,4386.589,-1.288550278884955,-0.859034731212077,-3.5397641227064014e-06,46.011709514483634,95.2665512084961,95.2290412902832,96.22175216674805,-51.449598170678954,0.22573578848502893,-0.13790923495281884,True,50.0,57.142904178971015,57.06644705990405,-0.16548415612825434,-0.9936599731445312,262255.20146666677,7.105214244505976,0
2021-09-03,95.35245513916016,95.78197070285007,95.35245513916016,95.35245513916016,6307.961,0.42951556368990396,0.0,0.42951556368990396,46.011709514483634,95.43835906982422,95.17102661132813,96.13071937561035,-51.449598170678954,0.07513219599165771,0.02102105170295231,False,50.0,57.142904178971015,51.83891386438396,-0.13186668346160943,-0.5801467895507812,255947.24046666676,37.20115993604863,0
2021-09-06,95.35245513916016,95.78197070285007,94.92293957547025,95.35245513916016,7961.531,0.0,0.0,-0.42951556368990396,46.011709514483634,95.43835906982422,95.15436096191407,96.03968658447266,-45.02565981840264,-0.07501946844353193,0.10797406286272185,False,50.0,57.142904178971015,57.142904178971015,-0.10308471304582542,-0.166656494140625,255947.2404666666,24.489486960934414,0
2021-09-07,95.35245513916016,95.78197070285007,95.35245513916016,95.35245513916016,6994.054,0.0,0.0,0.42951556368990396,46.011709514483634,95.266552734375,95.1376953125,95.927978515625,-42.85709582102898,-0.07501946844353193,0.158811377493331,False,33.33333333333333,50.0000880493782,54.76196546910677,-0.07860738929783329,-0.166656494140625,248953.1864666666,47.61895462363713,0
2021-09-08,95.35245513916016,95.78197070285007,94.92293957547025,95.78197070285007,10991.946,0.42951556368991817,0.0,-0.42951556368990396,46.011709514483634,95.35245513916016,95.22359924316406,95.81627044677734,-42.85709582102898,0.07513086044433494,0.17342476159555092,False,16.666666666666664,50.0000880493782,52.381026759242495,-0.057932114303256094,0.859039306640625,248953.18646666643,14.492889944859495,0
2021-09-09,94.92294311523438,95.78197427464826,94.92294311523438,95.35245869494132,4112.231,-0.4295120079087553,3.5717981887728456e-06,3.5397641227064014e-06,41.16040325244158,95.266552734375,95.26655197143555,95.6830867767334,-57.142636741316736,-0.3756543022216449,-0.22572843593484498,False,16.666666666666664,20.000131263832337,40.000102454196266,-0.06800213683044395,0.42952728271484375,244840.95546666643,-41.66545558020157,0
2021-09-10,94.92294311523438,95.35245869494132,94.92294311523438,94.92294311523438,4099.929,-0.4295155797069441,-0.4295155797069441,0.0,41.16040325244158,95.18065032958984,95.30950469970703,95.57057838439941,-66.66636529977556,-0.3007493973873631,-0.26325269102587034,False,0.0,0.00020603192275804483,23.33347511504445,-0.06924938441430883,0.42952728271484375,240741.02646666643,-124.99916876237957,1
2021-09-13,95.35245513916016,95.35245513916016,94.92293957547025,95.35245513916016,5981.457,0.42951202392578125,-3.555781162845051e-06,-3.5397641227064014e-06,47.72034734873254,95.18065032958984,95.30950469970703,95.47954559326172,-49.9999119506218,0.1503746986936741,0.11273930969782314,True,16.666666666666664,24.999947559747707,15.000094951834285,-0.03733301750657131,0.0,246722.48346666642,-72.91710392253584,0
2021-09-14,95.35245513916016,95.78197070285007,94.92293957547025,95.35245513916016,6743.241,0.0,0.42951556368991817,0.0,47.72034734873254,95.18065032958984,95.22360153198242,95.38851280212403,-60.00006712355069,0.1503746986936741,0.037550656633561656,False,16.666666666666664,49.99979210396236,24.99998189854429,-0.013628812664037093,-0.8590316772460938,246722.4834666663,9.008404740866283,0
2021-09-15,95.35245513916016,96.21148626653998,95.35245513916016,95.35245513916016,7340.209,0.0,0.42951556368990396,0.42951556368990396,47.72034734873254,95.18065032958984,95.266552734375,95.29748001098633,-75.00005244025229,0.1503746986936741,0.037550656633561656,False,16.666666666666664,33.333333333332966,36.1110243323477,0.003716617325756788,0.42951202392578125,239382.2744666663,166.66687316590898,1
2021-09-16,95.78196716308594,95.78196716308594,95.3524516152694,95.3524516152694,6632.44,-3.5238907543089226e-06,-0.4295191034540409,-3.5238907543089226e-06,54.33064494448581,95.35245513916016,95.30950393676758,95.26927261352539,-50.000310912427345,0.5259160231103147,0.5259160231103147,True,33.33333333333333,66.66639195685936,49.99983913138491,0.043569197351615185,0.42951202392578125,246014.7144666663,115.38364199294158,0
2021-09-17,95.35245513916016,95.78197070285007,95.35245513916016,95.78197070285007,10884.051,0.4295190875806725,3.539764136917256e-06,3.5238907543089226e-06,47.74491385616266,95.43835754394532,95.30950393676758,95.24026527404786,-66.66666666666703,0.0,0.037551323905780684,False,33.33333333333333,33.333333333332966,44.444352874508446,0.040519473974904574,0.0,235130.6634666663,51.282233420821306,0
2021-09-22,95.35245513916016,95.78197070285007,94.49342401178033,94.92293957547025,11761.689,-0.8590311273798221,0.0,-0.8590311273798221,47.74491385616266,95.43835754394532,95.30950393676758,95.23193244934082,-50.0,-0.07501813690084912,0.037551323905780684,False,33.33333333333333,50.0,49.999908430064124,0.038057391391152745,0.0,239051.2264666662,-65.47674350183406,0
2021-09-23,95.35245513916016,95.78197070285007,95.35245513916016,95.35245513916016,5793.771,0.42951556368990396,0.0,0.8590311273798221,47.74491385616267,95.43835754394532,95.30950393676758,95.22359962463379,-50.0,-0.07501813690084912,0.037551323905780684,False,16.666666666666664,50.0,44.44444444444434,0.03600595661615966,0.0,233257.4554666662,53.57161186009867,1
2021-09-24,95.78196716308594,95.78196716308594,95.3524516152694,95.78196716308594,3348.343,0.42951202392578125,-3.539764136917256e-06,-3.5238907543089226e-06,54.85018690990663,95.52425994873047,95.35245513916016,95.28802719116212,-25.000206032355347,0.2998476075146823,0.45044673815576,True,33.33333333333333,74.99979396764465,58.33326465588157,0.06164783662303089,0.42951202392578125,236605.7984666662,87.17888368523747,0
2021-09-27,95.35245513916016,95.78197070285007,95.35245513916016,95.78197070285007,3665.863,3.539764136917256e-06,3.539764136917256e-06,3.5238907543089226e-06,47.76501085734757,95.43835754394532,95.39540634155273,95.33097915649414,-50.0,-0.14992380375733372,0.0,False,33.33333333333333,50.0,58.33326465588157,0.048341744318537244,0.42951202392578125,232939.93546666618,27.778074730691504,0
2021-09-28,95.35245513916016,95.78197070285007,95.35245513916016,95.35245513916016,5429.373,-0.42951556368991817,0.0,0.0,47.76501085734757,95.43835754394532,95.43835754394532,95.37393112182617,-50.0,-0.07501813690084912,0.0,False,16.666666666666664,50.0,58.33326465588157,0.03862161819747814,0.42951202392578125,227510.5624666662,15.151940203330037,1
2021-09-29,95.78196716308594,95.78196716308594,94.92293606745288,95.3524516152694,9465.312,-3.5238907543089226e-06,-3.539764136917256e-06,-0.42951907170727566,54.72499378920031,95.52425994873047,95.48130874633789,95.39540672302246,-25.000206032355347,0.2998476075146823,0.3750906845042158,True,33.33333333333333,74.99979396764465,58.33326465588157,0.05898107874981806,0.42951202392578125,236975.8744666662,-0.0019163970427817881,0
2021-09-30,94.92294311523438,95.78197427464826,94.92294311523438,95.35245869494132,9269.349,7.0796719171539735e-06,7.111562325690102e-06,7.0477814944069905e-06,42.39902437541074,95.43835754394532,95.43835754394532,95.33097953796387,-74.99979396764466,-0.525126958305914,-0.525126958305914,False,33.33333333333333,33.33351564401215,52.777769870552284,0.014760773271309549,-0.42951202392578125,227706.5254666662,-166.6655790047928,0
2021-10-01,94.92294311523438,95.35245869494132,94.49342753552743,94.92294311523438,10209.763,-0.4295155797069441,-0.4295155797069441,-0.4295155797069441,42.39902437541074,95.266552734375,95.39540634155273,95.33097953796387,-74.99979396764466,-0.45044673815576,-0.48780085941374124,False,33.33333333333333,33.33351564401215,47.222275085223,-0.01283151184458936,-0.42951202392578125,227706.5254666662,-182.79591474787898,1
2021-10-04,95.35245513916016,95.35245513916016,94.92293957547025,95.35245513916016,6178.971,0.42951202392578125,-3.555781162845051e-06,0.4295120399428214,49.20656269112489,95.266552734375,95.35245513916016,95.33097953796387,-50.0,0.07513086044433494,-0.037523143031821665,True,33.33333333333333,66.66648186993301,44.444504385985795,-0.001115543196051172,-0.42951202392578125,233885.4964666662,-57.292110287219444,0
2021-10-05,94.92294311523438,95.35245869494132,94.92294311523438,95.35245869494132,7067.781,3.555781162845051e-06,3.555781162845051e-06,3.5397641227064014e-06,43.58696247554315,95.18065032958984,95.30950393676758,95.30950393676758,-66.66648435598785,-0.3007493973873631,-0.45044673815576,False,33.33333333333333,33.333333333333336,44.44444361575952,-0.020194458400147344,-0.42951202392578125,226817.7154666662,-85.71398226124387,1
2021-10-06,95.35245513916016,95.35245513916016,94.92293957547025,94.92293957547025,9480.186,-0.4295191194710668,-3.555781162845051e-06,-3.5397641227064014e-06,49.83663951712784,95.0947479248047,95.30950393676758,95.30950393676758,-33.333518130066984,0.1503746986936741,0.037551323905780684,True,50.0,66.66639071383896,55.55540197236846,-0.002707926792918966,0.0,236297.9014666662,-38.09569327479495,1
2021-10-07,95.78196716308594,95.78196716308594,95.3524516152694,95.78196716308594,6650.748,0.8590275876156852,0.42951202392578125,0.42951203979914965,55.24547312972049,95.266552734375,95.35245513916016,95.33097953796387,-0.0005519041461263515,0.6014987947747112,0.45044673815576,True,50.0,99.9994480943446,66.666390713839,0.036786617516159414,0.42951202392578125,242948.6494666662,93.333157781902,0
2021-10-08,95.78196716308594,96.21148271090246,95.3524516152694,95.3524516152694,11763.549,-0.42951554781653556,0.42951554781652135,0.0,55.24547312972047,95.43835754394532,95.35245513916016,95.35245513916016,-25.000102090595778,0.45044673815576,0.41275457335009796,False,50.0,74.99989790940423,80.55524557252927,0.06051069045534173,0.0,242948.6494666664,125.00012785114865,0
2021-10-12,95.78196716308594,95.78196716308594,94.92293606745288,95.3524516152694,17596.855,0.0,-0.42951554781652135,-0.42951554781652135,55.24547312972047,95.52425994873047,95.39540634155273,95.39540634155273,-25.000102090595778,0.2998476075146823,0.3750906845042158,False,50.0,74.99989790940423,83.33308130438438,0.07296856625543748,0.42951202392578125,260545.5044666664,41.66619186548925,0
2021-10-13,95.78196716308594,95.78196716308594,94.92293606745288,95.78196716308594,8611.828,0.42951554781653556,0.0,0.0,55.24547312972049,95.69606475830078,95.43835754394532,95.43835754394532,-25.000102090595778,0.22471725330907802,0.3750906845042158,False,33.33333333333333,74.99989790940423,74.99989790940423,0.07754563539363978,0.42951202392578125,269157.3324666664,41.666358767653065,0
2021-10-14,94.92294311523438,95.78197427464826,94.92294311523438,95.78197427464826,7658.31,7.111562325690102e-06,7.111562325690102e-06,7.0477814944069905e-06,42.31998977770356,95.61016235351562,95.35245513916016,95.41688194274903,-74.99989605321106,-0.674151759927234,-0.48780085941374124,False,33.33333333333333,25.000103946788943,58.33329992186582,0.021945579979279095,-0.8590240478515625,261499.0224666664,-34.1874093112582,1
2021-10-15,95.35245513916016,95.35245513916016,94.92293957547025,94.92293957547025,9375.452,-0.8590346991780109,-0.42951913548810694,-3.5397641227064014e-06,48.8478727476668,95.52425994873047,95.39540634155273,95.41688194274903,-49.99999907190342,-0.22471725330907802,-0.037523143031821665,True,33.33333333333333,33.33360681126814,44.44453622248712,0.013723658929272409,0.42951202392578125,270874.4744666664,-34.188319632054586,0
2021-10-18,95.35245513916016,95.78197070285007,94.92293957547025,95.35245513916016,6114.856,0.42951556368990396,0.42951556368991817,0.0,48.8478727476668,95.43835754394532,95.43835754394532,95.41688194274903,-49.99999907190342,-0.14992380375733372,0.0,False,16.666666666666664,33.33360681126814,30.55577252310843,0.008186708376132223,0.42951202392578125,270874.4744666663,-5.050317301839419,1
2021-10-19,95.78196716308594,95.78196716308594,95.3524516152694,95.3524516152694,5066.899,-3.5238907543089226e-06,-3.539764136917256e-06,0.42951203979914965,54.91959580461014,95.43835754394532,95.48130874633789,95.41688194274903,-25.000102090595778,0.2998476075146823,0.3750906845042158,True,33.33333333333333,66.66666666666704,44.444626763067795,0.03201469619541726,0.42951202392578125,275941.37346666626,76.19059349799663,0
2021-10-20,95.35245513916016,95.78197070285007,94.92293957547025,95.35245513916016,7579.928,3.5238907543089226e-06,3.539764136917256e-06,-0.42951203979914965,48.62334976255143,95.35245513916016,95.52425994873047,95.41688194274903,-66.66639318873186,-0.07501813690084912,-0.11248501327064206,False,33.33333333333333,33.33360681126814,44.444626763067795,0.01810508013216975,0.42951202392578125,275941.37346666615,-33.333197214203,0
2021-10-21,94.92294311523438,95.78197427464826,94.92294311523438,95.35245869494132,7783.552,3.555781162845051e-06,3.5717981887728456e-06,3.5397641227064014e-06,43.21817939311933,95.35245513916016,95.48130874633789,95.39540634155273,-99.99945304413075,-0.3756543022216449,-0.525126958305914,False,33.33333333333333,0.0005469558692527668,33.33360681126817,-0.018769835027106177,-0.42951202392578125,268157.8214666661,-88.88838262648198,1
2021-10-22,95.78196716308594,95.78196716308594,94.92293606745288,94.92293606745288,7091.367,-0.4295226274884385,-7.111562325690102e-06,-7.0477814944069905e-06,54.30181050645782,95.43835754394532,95.48130874633789,95.41688194274903,-33.333333333332966,0.3750906845042158,0.2998476075146823,True,50.0,99.99917214830887,44.44444197181544,0.014168231333981207,0.0,275249.18846666615,30.30245987712242,0
2021-10-25,95.35245513916016,95.78197070285007,94.92293957547025,95.35245513916016,11108.279,0.42951907170727566,3.539764136917256e-06,3.508017371700589e-06,49.07657834984472,95.43835754394532,95.43835754394532,95.39540634155273,-66.66639318873186,-0.07501813690084912,-0.14992380375733372,False,33.33333333333333,49.99999628766039,49.99990513061286,0.006873400032826417,-0.42951202392578125,275249.188466666,-15.872925308469627,0
2021-10-26,94.92294311523438,95.35245869494132,94.92294311523438,95.35245869494132,10210.51,3.555781162845051e-06,-0.4295120079087553,3.5397641227064014e-06,44.4142566187897,95.266552734375,95.35245513916016,95.37393074035644,-99.99945304413075,-0.45044673815576,-0.525126958305914,False,33.33333333333333,0.0008204270119040257,49.999996287660416,-0.025271890840341375,-0.8590240478515625,265038.67846666597,-137.68158897392712,0
2021-10-27,94.92294311523438,95.35245869494132,94.92294311523438,94.92294311523438,5303.695,-0.4295155797069441,0.0,0.0,44.4142566187897,95.18065032958984,95.266552734375,95.35245513916016,-99.9991795729881,-0.3007493973873631,-0.45044673815576,False,16.666666666666664,0.0008204270119040257,16.66721238056142,-0.043839805374976004,-0.8590240478515625,259734.98346666596,-106.66693134072946,0
2021-10-28,94.49341583251953,95.35244688554243,94.49341583251953,95.35244688554243,9332.728,0.42950377030805953,-1.180939888456578e-05,-0.42952728271484375,39.90273374051067,95.09474487304688,95.22360000610351,95.28802757263183,-100.0,-0.6024180506751033,-0.7891851859990738,False,16.666666666666664,0.0,0.0005469513412930352,-0.08023583064064344,-0.42952728271484375,250402.25546666596,-169.23440588475134,1
2021-10-29,94.92294311523438,95.35245869494132,94.49342753552743,94.92294311523438,7581.624,-0.42950377030805953,1.180939888456578e-05,1.1703007899654949e-05,45.897927571690616,94.92294006347656,95.18064880371094,95.28802757263183,-66.66606118343739,-0.15059849365125227,-0.2632533572924571,True,33.33333333333333,33.3339388165626,11.111586414524858,-0.07089250139291393,-0.42951202392578125,250402.25546666596,-93.3327674551591,1
2021-11-01,95.35245513916016,95.35245513916016,94.92293957547025,95.35245513916016,6686.504,0.42951202392578125,-3.555781162845051e-06,0.4295120399428214,51.20766721817974,94.92294006347656,95.18064880371094,95.30950317382812,-33.33330654204013,0.37678932160534123,0.15037603625009208,True,33.33333333333333,66.66669345795988,33.33354409150752,-0.03320981904255005,0.0,257088.75946666594,3.6163392644479646e-05,0
2021-11-02,94.92294311523438,95.35245869494132,94.49342753552743,95.35245869494132,7498.311,3.555781162845051e-06,3.555781162845051e-06,-0.4295120399428214,46.2553355564229,94.92294006347656,95.09474639892578,95.28802757263183,-66.66606118343739,2.6791537428424605e-06,-0.2632533572924571,False,33.33333333333333,33.3339388165626,44.44485703036171,-0.03448518367027553,-0.8590240478515625,257088.75946666594,-76.92226915044253,0
2021-11-03,94.92294311523438,95.35245869494132,94.49342753552743,94.92294311523438,8453.894,-0.4295155797069441,0.0,0.0,46.2553355564229,94.92294006347656,95.0517951965332,95.28802757263183,-66.66606118343739,2.6791537428424605e-06,-0.22573043623887531,False,33.33333333333333,33.334031216277225,44.44488783026659,-0.03262278802209692,-0.42951202392578125,257088.75946666594,-64.51543295032963,1
2021-11-04,95.35245513916016,95.35245513916016,94.92293957547025,94.92293957547025,5690.31,-3.5397641227064014e-06,-3.555781162845051e-06,0.4295120399428214,51.80256097725858,95.0947479248047,95.09474639892578,95.28802757263183,-33.33330654204013,0.37678932160534123,0.26345418811174115,True,50.0,66.66687825410665,44.44494942898218,-0.0014065269974719158,0.42951202392578125,262779.06946666597,43.010815100960414,0
2021-11-05,95.35245513916016,95.35245513916016,94.92293957547025,95.35245513916016,6723.849,0.42951556368990396,0.0,0.0,51.80256097725858,95.18065032958984,95.0517951965332,95.26655197143555,-33.33330654204013,0.22573176977484602,0.26345418811174115,False,50.0,99.99958607639753,66.66683184892715,0.019164511991902167,-0.42951202392578125,269502.91846666596,66.66609489235174,1
2021-11-08,95.78196716308594,95.78196716308594,94.92293606745288,95.3524516152694,8744.341,-3.5238907543089226e-06,0.42951202392578125,-3.508017371700589e-06,57.075176443824326,95.266552734375,95.09474639892578,95.26655197143555,-0.00027470806392662406,0.5259160231103147,0.6393341627400313,True,50.0,100.0,88.88882144350141,0.05935173833506653,0.42951202392578125,278247.259466666,172.61860639814452,0
2021-11-09,95.78196716308594,95.78196716308594,94.92293606745288,95.3524516152694,6224.811,0.0,0.0,0.0,57.075176443824326,95.43835754394532,95.18064880371094,95.26655197143555,-0.00027470806392662406,0.45044673815576,0.6393341627400313,False,33.33333333333333,100.0,99.99986202546586,0.08218160150589654,0.8590240478515625,284472.07046666596,123.80919066811134,1
2021-11-10,96.21148681640625,96.21148681640625,95.3524556841169,95.78197125026158,8604.177,0.42951963499217527,0.4295196533203125,0.42951961666402383,62.01991067908283,95.6960662841797,95.30950317382812,95.28802795410157,-0.0,0.6741584036875122,1.0146564573727281,True,50.0,100.0,100.0,0.1201590589015741,1.288543701171875,293076.247466666,185.18601545055495,1
2021-11-11,96.64099884033203,96.64099884033203,95.3524521891276,96.21148328993056,10804.466,0.4295120396689782,0.42951202392578125,-3.494989300634188e-06,66.25987298496389,95.95377502441406,95.52426147460938,95.37393074035644,-0.0,0.8215071380878397,1.3133180043681314,True,66.66666666666666,100.0,100.0,0.16536554013719898,2.1475830078125,303880.713466666,166.6670314241202,0
2021-11-12,96.64099884033203,96.64099884033203,96.21148328993056,96.21148328993056,7529.483,0.0,0.0,0.8590311008029516,66.25987298496389,96.21148376464843,95.69606704711914,95.43835792541503,-0.0,0.5961242572006918,1.161481460579157,False,50.0,100.0,100.0,0.18494587955518435,1.7180557250976562,311410.196466666,156.46247980787354,1
2021-11-15,97.07051086425781,97.07051086425781,96.21147979466261,96.64099532946021,11214.942,0.429512039529655,0.42951202392578125,-3.495267947073444e-06,70.21677147844312,96.46919250488281,95.86787261962891,95.52426071166992,-0.0,0.7429385915274028,1.3831714932924934,True,66.66666666666666,100.0,100.0,0.21442674087379401,1.7180557250976562,322625.138466666,135.416374413539,1
2021-11-16,97.92955017089844,97.92955017089844,96.64100345812346,97.07051902904846,10316.329,0.42952369958824477,0.859039306640625,0.4295236634608557,76.28495181122494,96.89870910644531,96.16853332519531,95.63163986206055,-0.0,1.258331287522743,2.013425450197799,True,66.66666666666666,100.0,100.0,0.275490327861897,3.0066070556640625,332941.467466666,159.42075951707892,1
2021-11-17,98.35906219482422,98.35906219482422,97.5000310839524,97.9295466393883,7968.179,0.8590276103398509,0.42951202392578125,0.8590276258289293,78.65685014205948,97.3282241821289,96.5121452331543,95.78197021484375,-0.0,1.2527636224137715,2.1941233253773342,True,83.33333333333334,100.0,100.0,0.3251089753958878,3.4361190795898438,340909.646466666,156.86283083838944,1
2021-11-18,98.78857421875,98.78857421875,97.92954313858696,98.35905867866849,4866.918,0.42951203928018344,0.42951202392578125,0.4295120546345714,80.75649043711354,97.7577392578125,96.85575714111329,95.97525177001953,-0.0,1.247246295132257,2.2979947634005287,True,83.33333333333334,100.0,100.0,0.3642120759929831,3.4361190795898438,345776.564466666,140.62485628990768,0
2021-11-19,97.07051086425781,98.78857300344822,96.64099532946021,98.35905746865062,9796.64,-1.2100178707896703e-06,-1.2153017792115861e-06,-1.2885478091267544,56.501591262901144,97.84364166259766,97.02756271362304,96.03967895507813,-44.44449499019171,-0.5865132656136895,0.3329593246370452,False,66.66666666666666,55.55550500980829,85.18516833660279,0.2567910298252303,1.7180557250976562,339898.580466666,53.376641460796826,0
2021-11-22,96.64099884033203,97.50002994113498,96.64099884033203,97.0705143907335,5607.39,-1.2885430779171116,-1.288543062313238,3.5108718208221035e-06,52.22383978895947,97.7577392578125,97.11346588134765,96.10410614013672,-55.555520055526856,-1.0263923546659273,-0.22172963848133975,False,66.66666666666666,37.50002590408668,64.35184363796502,0.1448097327801237,0.8590316772460938,334291.190466666,-1.253126866170583,1
2021-11-23,97.50003051757812,97.929546070519,96.64099941169638,97.07051496463725,5453.123,5.739037476359954e-07,0.4295161293840124,5.713643531635171e-07,58.99702100045559,97.67183532714844,97.28527221679687,96.2329605102539,-33.333272560431006,-0.21977971641893965,0.4795284991549734,True,66.66666666666666,62.50005994945773,51.85186362111759,0.11774220152600956,1.7180633544921875,336108.89813333267,23.188457580134912,0
2021-11-24,97.50003051757812,97.929546070519,97.07051496463725,97.50003051757812,2788.952,0.4295155529408703,0.0,0.4295155529408703,58.99702100045559,97.50002899169922,97.41412658691407,96.3618148803711,-33.333272560431006,-0.14662636301740772,0.33149226212957633,False,50.0,50.0001362337285,50.00007402909099,0.09022614525069605,1.288543701171875,336108.89813333267,26.315865829976307,0
2021-11-25,97.50003051757812,97.929546070519,97.07051496463725,97.50003051757812,4379.187,0.0,0.0,0.0,58.99702100045559,97.24232025146485,97.50002975463867,96.51214561462402,-37.49994005054227,1.3041696092859246e-06,0.18389158622564392,False,33.33333333333333,50.0001362337285,54.16677747230492,0.06366575568365518,0.8590316772460938,336108.89813333267,13.698737846387875,0
2021-11-26,97.07051086425781,97.92954193385302,96.64099532946021,97.07051086425781,8018.304,-0.4295196533203125,-4.1366659786490345e-06,-0.4295196351770443,54.02518012785343,97.24232025146485,97.54298095703125,96.6195240020752,-50.0000680907421,-0.14727812120116313,-0.330763910820375,False,16.666666666666664,19.99998868212213,40.00008704985973,0.01154065103093882,0.42951202392578125,333436.1301333327,-54.59815970357263,0
2021-11-29,96.64099884033203,97.0705143907335,96.21148328993056,96.64099884033203,5026.167,-0.42951202392578125,-0.8590275431195096,-0.429512039529655,49.4766769066788,97.24232025146485,97.50002975463867,96.68395118713379,-83.33320495924299,-0.5158434662829569,-0.7717746249358474,False,16.666666666666664,16.666682017240085,28.888935644363585,-0.05390125423608849,-0.42951202392578125,333436.1301333327,-158.46970991824296,0
2021-11-30,96.21148681640625,97.07051794869558,96.21148681640625,96.64100238255091,24350.084,3.542218877328196e-06,3.5579620742964835e-06,3.526475694570763e-06,45.31469748140269,96.98461151123047,97.32822341918946,96.74837837219238,-99.999727532543,-0.8849524136035778,-1.1764668082644067,False,16.666666666666664,0.000136839397288408,12.222269179586519,-0.12413644746563407,-1.7180633544921875,309086.0461333327,-131.18234273897912,1
2021-12-01,97.07051086425781,97.07051086425781,96.21147979466261,96.21147979466261,8343.022,-0.4295225878883002,-7.084437768867247e-06,-7.021743641644207e-06,53.79492727978443,96.89870758056641,97.19936828613281,96.85575675964355,-66.66668238594296,0.07379751056397697,-0.29412111011142933,True,16.666666666666664,33.333333333333336,16.66671739665692,-0.11117984192182162,-1.2885513305664062,317429.0681333327,-71.11154856229032,1
2021-12-02,97.92955017089844,97.92955017089844,96.64100345812346,97.07051902904846,6098.234,0.8590392343858468,0.859039306640625,0.4295236634608557,60.48058033522916,96.98461151123047,97.11346588134765,96.98461151123047,-33.333045146600035,0.8849602732451552,0.5882402610915889,True,33.33333333333333,100.0,44.44449005757689,-0.04650506014281508,-0.8590240478515625,323527.3021333327,69.44537285634027,0
2021-12-03,97.50003051757812,97.929546070519,97.07051496463725,97.50003051757812,4936.093,0.4295114885296698,-4.1003794422067585e-06,0.42951150651379066,56.056351608668784,97.07051544189453,97.15641784667969,97.09199028015136,-49.9998637662715,0.44247817171218323,0.22075135399449103,False,33.33333333333333,74.99988014103592,69.44440449145644,-0.03493151445499776,0.4295196533203125,323527.3021333327,69.44443430697599,1
2021-12-06,97.92955017089844,97.92955017089844,97.07051902904846,97.50003459997345,3196.024,4.082395321347576e-06,4.1003794422067585e-06,4.064411200488394e-06,59.30395085216006,97.3282257080078,97.28527297973633,97.19936943054199,-33.33301370789671,0.7363801226535018,0.736381440296472,True,50.0,100.0,91.66662671367867,-0.002346001531863151,1.2885513305664062,326723.3261333327,83.33375323340655,0
2021-12-07,97.92955017089844,97.92955017089844,97.50003459997345,97.92955017089844,4371.956,0.42951557092499115,0.0,0.42951557092499115,59.30395085216006,97.67183837890624,97.32822494506836,97.30674858093262,-0.0,0.5143299901875221,0.6622553603760235,False,50.0,100.0,91.66662671367867,0.014295625125850087,0.4295196533203125,331095.2821333327,93.43453696604074,0
2021-12-08,97.92955017089844,98.35906574182343,97.50003459997345,97.92955017089844,5365.579,0.0,0.42951557092499115,0.0,59.30395085216006,97.84364624023438,97.3711769104004,97.39265174865723,-19.999924635976733,0.2197823133054693,0.5512712154932105,False,50.0,80.00007536402327,93.33335845467444,0.020038968567049897,0.4295196533203125,331095.2821333327,101.85184866494689,1
2021-12-09,98.35906219482422,98.35906219482422,97.5000310839524,98.35906219482422,2809.382,0.42951202392578125,-3.546999209902424e-06,-3.5160210529738833e-06,62.86671938910012,97.92954864501954,97.457080078125,97.47855491638184,-0.00016516215402655592,0.4385941733817775,0.918104654625879,True,50.0,99.99983483784597,93.3333034006231,0.046015184755071714,0.8590316772460938,333904.66413333267,104.16612125851628,0
2021-12-10,97.92955017089844,98.35906574182343,97.50003459997345,97.92955017089844,2872.123,-0.42951202392578125,3.546999209902424e-06,3.5160210529738833e-06,57.386088617195014,98.0154525756836,97.54298400878906,97.54298248291016,-19.999924635976733,1.2984495126986605e-06,0.4405315299624206,False,33.33333333333333,80.00007536402327,86.6666618552975,0.02838547161761179,0.859039306640625,333904.66413333267,70.70715199517076,0
2021-12-13,97.50003051757812,98.35906162345987,97.50003051757812,97.929546070519,4171.337,-4.1003794422067585e-06,-4.118363563065941e-06,-4.082395321347576e-06,52.40233397973521,97.92954864501954,97.62888717651367,97.56445846557617,-40.00003936424415,-0.43859936717985726,-1.304169575268758e-06,False,33.33333333333333,59.999960635755855,79.99995694587506,-0.015716597661161513,0.8590316772460938,329733.32713333267,42.92882800266112,1
2021-12-14,97.92955017089844,97.92955017089844,97.50003459997345,97.92955017089844,4002.606,4.1003794422067585e-06,-0.4295114525614281,4.082395321347576e-06,56.52153331603142,97.92954864501954,97.80069351196289,97.56445846557617,-19.999924635976733,1.2984495126986605e-06,0.36684004912956103,True,33.33333333333333,75.0,71.66667866659306,-0.019241420585178137,1.7180633544921875,333735.9331333327,30.303452604601766,0
2021-12-15,97.92955017089844,98.35906574182343,97.50003459997345,97.92955017089844,7602.968,0.0,0.42951557092499115,0.0,56.52153331603142,97.92954864501954,97.88659744262695,97.54298286437988,-19.999924635976733,1.2984495126986605e-06,0.25650600567462384,False,33.33333333333333,66.66677180833105,67.22224414802899,-0.024515520312800576,0.859039306640625,333735.9331333327,66.66688694425022,1
2021-12-16,98.35906219482422,98.78857775026013,97.9295466393883,98.35906219482422,6249.3,0.42951202392578125,0.4295120084367028,0.4295120394148597,60.58128119545874,97.92954864501954,97.92954864501954,97.5215072631836,-16.66663676881175,0.36522838328202545,0.5120686070398317,True,50.0,74.99994906268437,72.22224029033849,-0.0031432260507107124,0.42951202392578125,333735.9331333327,188.8879845109896,1
2021-12-17,98.78857421875,98.78857421875,97.92954313858696,98.78857421875,7257.742,0.42951202392578125,-3.5315101314381536e-06,-3.5008013412607397e-06,64.22536698064353,98.10135345458984,98.05840301513672,97.6074104309082,-0.0001644418143935118,0.72992229427821,0.8035008862191786,True,50.0,99.99972593087456,80.55548226729668,0.03381730480440376,1.288543701171875,340993.6751333327,173.70868276100228,0
2021-12-20,98.78857421875,98.78857421875,97.92954313858696,97.92954313858696,5994.808,-0.8590310801630352,0.0,0.0,64.22536698064353,98.35906219482422,98.14430541992188,97.7147891998291,-0.00020555186696263948,0.5830868800189235,0.72992229427821,False,50.0,99.99972593087456,91.66646697481117,0.05112317783316683,0.8590240478515625,346988.48313333275,123.01574986847405,1
2021-12-21,99.21809387207031,99.64760942995805,98.3590627562948,98.78857831418256,8185.995,0.8590351755955936,0.8590352112080524,0.42951961770783953,67.77117630853947,98.6167709350586,98.27315979003906,97.80069236755371,-16.666685721856716,0.7267446645052384,1.0204075291441757,True,66.66666666666666,80.00001045774124,93.3331541064968,0.0824971104248372,1.288543701171875,349717.14813333284,175.14217980147208,0
2021-12-22,99.21809387207031,99.64760942995805,98.78857831418256,99.21809387207031,2930.994,0.4295155578877541,0.0,0.4295155578877541,67.77117630853945,98.87447967529297,98.40201416015626,97.88659553527832,-19.99998954225876,0.5076151939787465,0.9100833491907394,False,50.0,80.00001045774124,86.66658228211902,0.09344498837673276,1.288543701171875,349717.1481333329,144.82816687629185,0
2021-12-23,99.21809387207031,99.64760942995805,98.3590627562948,99.64760942995805,11363.083,0.4295155578877399,0.0,-0.4295155578877541,67.77117630853947,99.0462860107422,98.48791732788087,97.97249870300293,-19.99998954225876,0.2894370793202318,0.799999875983432,False,50.0,80.00001045774124,80.00001045774124,0.09080332511564493,0.8590316772460938,353504.8424666664,95.83366901037003,0
2021-12-24,99.21809387207031,99.64760942995805,98.78857831418256,99.21809387207031,7827.256,-0.4295155578877399,0.0,0.4295155578877541,67.77117630853947,99.13218994140625,98.61677169799805,98.07987785339355,-19.99998954225876,0.14451005040217318,0.6901563226149957,False,33.33333333333333,79.99997243910617,79.9999977848629,0.07957552190311012,1.288543701171875,353504.84246666654,93.2539617963149,1
2021-12-27,99.6476058959961,100.07712143865125,99.21809035334094,99.21809035334094,4514.661,-3.5187293718763613e-06,0.4295120086931945,0.4295120391583822,71.73837417897788,99.30399627685547,98.83152923583984,98.23020820617675,-16.66668176675347,0.43289815822295646,1.0159619677273102,True,33.33333333333333,83.3332918313486,81.11109157606536,0.09078375774530578,2.1475753784179688,353504.84246666654,118.51816034401966,0
2021-12-28,99.6476058959961,100.07712143865125,99.21809035334094,99.6476058959961,6097.315,0.4295155426551531,0.0,0.0,71.73837417897788,99.38989868164063,99.0033348083496,98.40201416015626,-16.66668176675347,0.2881820703371208,0.8695625759178309,False,33.33333333333333,80.00000546465306,81.11108991170262,0.08784954546901469,1.7180557250976562,353504.84246666654,102.40929577028518,1
2021-12-29,100.0771255493164,100.50664110961391,99.64760998901892,100.0771255493164,9032.516,0.4295196533203125,0.4295196709626623,0.4295196356779769,75.3495533472665,99.56170501708985,99.21809234619141,98.55234489440917,-14.285725748291068,0.5755412286940925,1.0846000580713555,True,33.33333333333333,83.33336314232766,82.22222014610979,0.10341565090730176,2.1475753784179688,353504.84246666636,146.66691440368444,0
2021-12-30,100.0771255493164,100.0771255493164,99.64760998901892,100.0771255493164,4147.19,0.0,-0.42951556029750293,0.0,75.3495533472665,99.73351135253907,99.38989868164063,98.65972366333008,-14.285725748291068,0.43103604483511443,0.9022029314577705,False,33.33333333333333,83.33336314232766,82.22224391643614,0.10211475008359827,1.7180633544921875,357652.03246666637,100.00032007303923,0
2022-01-03,99.21809387207031,100.0771249878458,98.3590627562948,100.0771249878458,6858.508,-5.614705997913916e-07,-5.614705997913916e-07,-1.2885472327241132,57.7777671946235,99.73351135253907,99.43285064697265,98.7456268310547,-49.99993217293657,-0.4310334927101404,-0.07209682070328853,False,33.33333333333333,39.99998949737348,68.88890526067628,0.03525599691556436,0.4295196533203125,357652.0324666664,-25.640872666748464,0
2022-01-04,99.21809387207031,99.64760942995805,98.3590627562948,99.21809387207031,11401.188,-0.859031115775494,-0.4295155578877541,0.0,57.7777671946235,99.64760894775391,99.47580261230469,98.81005401611328,-49.99993217293657,-0.4310334927101404,-0.14409103516855323,False,33.33333333333333,39.99998949737348,54.44444737902489,-0.014447262476632416,0.4295196533203125,361452.4284666666,-70.17547055179044,0
2022-01-05,99.21809387207031,99.21809387207031,98.78857831418256,98.78857831418256,4278.642,-0.4295155578877541,-0.4295155578877399,0.4295155578877541,57.7777671946235,99.56170654296875,99.47580261230469,98.87448120117188,-49.99993217293657,-0.35945322838448857,-0.18004957385486745,False,16.666666666666664,39.99998949737348,39.99998949737348,-0.0507593355056396,0.0,365731.0704666666,-70.17547055178817,0
2022-01-06,99.21809387207031,99.64760942995805,98.78857831418256,99.64760942995805,4022.746,0.859031115775494,0.4295155578877399,0.0,57.7777671946235,99.38990020751953,99.47580261230469,98.93890838623047,-60.00001050262652,-0.2877699717203562,-0.2159822242174018,False,16.666666666666664,39.99998949737348,39.99998949737348,-0.07665884268835244,0.0,365731.07046666666,-40.93564055932297,0
2022-01-07,99.21809387207031,99.64760942995805,98.78857831418256,99.21809387207031,4399.83,-0.4295155578877399,0.0,0.0,57.7777671946235,99.21809387207031,99.47580261230469,98.98185997009277,-60.00001050262652,-0.14409231306446363,-0.2159822242174018,False,0.0,39.99998949737348,39.99998949737348,-0.09449953935116429,0.0,365731.0704666667,-45.454522573492326,1
2022-01-10,100.0771255493164,100.0771255493164,98.78857886842393,99.21809442872141,5487.036,5.566511021015685e-07,0.4295161193583539,5.542413674675117e-07,68.96134805956645,99.38990020751953,99.5617057800293,99.08923873901367,-19.999994860894464,0.7204615653222896,0.5755405860673983,True,16.666666666666664,80.00000513910554,53.33332804461751,-0.05131711255309224,0.8590316772460938,371218.10646666674,36.36393089357767,0
2022-01-11,100.0771255493164,100.50664110961391,99.64760998901892,100.0771255493164,7514.272,0.8590311205949916,0.42951556029750293,0.8590311205949916,68.96134805956645,99.56170654296875,99.60465774536132,99.21809349060058,-19.999994860894464,0.5755399434407267,0.5032360521141098,False,16.666666666666664,80.00000513910554,66.66666659186154,-0.026854701059732422,0.4295196533203125,371218.1064666666,104.00016614845248,1
2022-01-12,100.50664520263672,100.50664520263672,99.64761404705862,100.07712962484767,6176.531,4.075531265357313e-06,4.093022809570357e-06,4.058039706933414e-06,73.18735602326544,99.81941680908203,99.6905616760254,99.3469482421875,-0.0,0.7896662950762504,0.8258574683776948,True,33.33333333333333,100.0,86.66667009273705,0.012064155609426086,0.859039306640625,377394.63746666664,103.44873932499029,1
2022-01-13,100.9361572265625,100.9361572265625,100.07712610123006,100.50664166389627,5357.534,0.42951203904860336,0.42951202392578125,0.4295120541714397,76.65477534174758,100.16302947998047,99.77646484375,99.49727859497071,-0.0,0.9305654592678623,1.1477769295359006,True,50.0,100.0,93.33333504636853,0.05797585772883429,0.8590316772460938,382752.1714666666,143.43417038295945,0
2022-01-14,100.9361572265625,101.36567278922873,100.50664166389627,100.9361572265625,5488.945,0.42951556266622504,0.42951556266622504,0.4295155626662108,76.65477534174758,100.5066421508789,99.86236801147462,99.62613334655762,-14.285709086359086,0.64239806431491,1.0390544554622745,False,50.0,85.71429091364091,95.23809697121366,0.07832117995632171,0.8590316772460938,382752.1714666666,135.92217088210327,0
2022-01-17,100.50664520263672,100.93616078042577,100.07712962484767,100.93616078042577,4242.185,3.553863265892687e-06,-0.42951200880295914,-0.42951203904860336,66.43093192004352,100.59254608154296,99.99122314453125,99.71203689575195,-28.571300474034107,2.530311875772429e-06,0.5730694518262556,False,50.0,66.66681819739583,84.12703637034559,0.05398649140002121,1.2885513305664062,382752.1714666666,69.76767817398553,1
2022-01-18,100.9361572265625,100.9361572265625,100.07712610123006,100.50664166389627,3668.103,-0.42951911652949093,-3.553863265892687e-06,-3.5236176074704417e-06,70.6948382731339,100.76435241699218,100.16302947998047,99.81941604614258,-14.285709086359086,0.28449393769013115,0.9305654592678623,True,50.0,83.3333404411365,78.57148318405775,0.05762076402821492,1.7180633544921875,386420.2744666666,71.89527336872047,0
2022-01-19,100.50664520263672,100.93616078042577,99.21809846926958,100.50664520263672,9895.734,3.538740443786992e-06,3.553863265892687e-06,-0.8590276319604868,62.09111571032308,100.76435241699218,100.29188461303711,99.8838436126709,-28.571300474034107,-0.21321785576168262,0.39328162149461404,False,50.0,66.66681819739583,72.22232561197607,0.023642687827725717,1.2885513305664062,391368.14146666665,12.04855392290728,0
2022-01-20,100.0771255493164,100.9361566699114,99.64760998901892,100.50664110961391,7922.647,-4.093022809570357e-06,-4.110514367994256e-06,0.4295115197493402,54.813597898531945,100.59254608154296,100.37778778076172,99.9267951965332,-50.00000009271044,-0.5689916654491071,-0.1071821563965442,False,33.33333333333333,49.99998915406548,66.66671593086595,-0.032183266403892574,0.8590316772460938,388727.2591333333,-2.645749011520994,1
2022-01-21,100.50664520263672,100.50664520263672,99.64761404705862,100.07712962484767,5771.617,-0.4295114847662376,-0.42951146727467915,4.058039706933414e-06,59.936240682789354,100.50664367675782,100.50664291381835,99.99122276306153,-33.33318180260417,-0.07117252538238895,0.21413543378846256,True,33.33333333333333,60.00009971210928,58.88896902119021,-0.04388132470132999,1.2885513305664062,394498.8761333333,-27.21037041917893,0
2022-01-24,100.50664520263672,100.93616078042577,99.64761404705862,100.07712962484767,6956.649,0.0,0.42951557778904714,0.0,59.936240682789354,100.50664367675782,100.54959487915039,100.05565032958984,-33.33318180260417,1.2651559148104095e-06,0.10695415543768726,False,33.33333333333333,60.00009971210928,56.666729526094706,-0.054618567603971546,0.4295196533203125,396817.7591333333,-12.81998755491243,0
2022-01-25,100.50664520263672,100.50664520263672,99.64761404705862,99.64761404705862,8639.455,-0.42951557778904714,-0.42951557778904714,0.0,59.936240682789354,100.42074127197266,100.59254684448243,100.09860229492188,-33.33318897138763,1.2651559148104095e-06,1.8977338912898702e-06,False,33.33333333333333,60.00009971210928,60.00009971210928,-0.064066239252069,0.4295196533203125,405457.2141333333,-63.062882723033056,1
2022-01-26,100.9361572265625,100.9361572265625,100.07712610123006,100.50664166389627,6571.481,0.8590276168376505,0.42951202392578125,0.4295120541714397,65.07626281949499,100.50664367675782,100.635498046875,100.1630298614502,-20.00003253318821,0.4273481619643958,0.3558702124447337,True,33.33333333333333,79.99996746681178,66.66672229701014,-0.04465389619456195,0.42951202392578125,412028.6951333333,57.777516565121935,1
2022-02-07,101.79518127441406,101.79518127441406,100.93615020880719,101.36566574161063,11043.334,0.8590240777143521,0.8590240478515625,0.8590241075771274,72.71409635667052,100.85025482177734,100.72140045166016,100.24893264770508,-0.0,1.066090554725723,1.066089916767071,True,50.0,100.0,80.0000223929737,0.019341947079088873,0.8590240478515625,423072.0291333333,206.78986678114043,0
2022-02-08,101.36566925048828,102.22470034583141,101.36566925048828,101.79518479815985,4829.355,0.42951905654922484,0.4295190714173458,0.4295190416810897,64.96441932245276,101.02205963134766,100.76435165405273,100.31335983276367,-28.571494684406414,0.42552840897409383,0.5681777646979056,False,50.0,71.42850531559358,83.80949092746847,0.025651650654268887,0.42951202392578125,418242.6741333333,173.9134975564768,1
2022-02-09,101.79518127441406,102.2246968072175,101.36566574161063,101.79518127441406,7761.313,-3.523745789379973e-06,-3.5386139103366077e-06,-3.5088776542124833e-06,68.61359768123788,101.27976684570312,100.89320526123046,100.44221420288086,-14.285864542482024,0.6369374385868513,0.9226331995373331,True,50.0,85.71413545751797,85.71421359103721,0.05023647694145039,1.2885360717773438,418242.6741333333,128.74775690890323,1
2022-02-10,102.65422058105469,102.65422058105469,101.7951894464852,102.22470501376995,6617.431,0.4295237393558864,0.42952377383718954,0.42952370487456903,74.4255096705799,101.70928192138672,101.06501159667968,100.61402053833008,-0.0,1.1283530428899222,1.6300506567438982,True,66.66666666666666,100.0,85.71421359103721,0.11228394751414084,1.7180633544921875,424860.1051333333,132.5466207521,0
2022-02-11,102.65422058105469,103.08373614833944,101.7951894464852,102.22470501376995,5275.207,0.0,0.4295155672847528,0.0,74.4255096705799,102.05289459228516,101.27976913452149,100.7858268737793,-11.11111808564794,0.7730183944487524,1.4503019202976708,False,66.66666666666666,87.49999113463835,91.0713755307188,0.13948184731050128,2.1475753784179688,426618.5074666666,111.11159306805358,1
2022-02-14,103.08372497558594,103.08372497558594,101.79517841339111,102.22469393412273,5990.714,-1.1079647222800304e-05,-1.1172753502819432e-05,-1.103309408279074e-05,76.96368804860343,102.31060333251953,101.58042907714844,100.97910842895507,-0.0002890274368783518,0.8403304898978747,1.6949063243659968,True,66.66666666666666,99.999674844107,95.83322199291514,0.17050301215702635,3.0065994262695312,432609.22146666655,101.85157113825717,0
2022-02-15,103.08372497558594,103.08372497558594,102.65420945485434,103.08372497558594,5242.899,0.8590310414632114,0.0,0.8590310414632256,76.96368804860343,102.65421447753906,101.83813705444337,101.17238998413086,-0.00032515550898831925,0.6289256651057133,1.479907652770059,False,50.0,99.999674844107,95.83311360761748,0.1744957668344218,2.5770797729492188,437852.1204666665,107.87847142895865,1
2022-02-16,103.94276428222656,103.94276428222656,103.08373317245609,103.08373317245609,7214.055,8.196870155074976e-06,0.859039306640625,0.4295237176017537,81.36569642984233,103.08373107910157,102.18174896240234,101.36567192077636,-0.0,1.0438439063839395,2.0021078760247857,True,66.66666666666666,100.0,99.99978322940468,0.21576250137509,3.4361190795898438,445066.1754666665,133.33354455124604,1
2022-02-17,104.37227630615234,104.80179184650687,103.9427607657978,104.37227630615234,9932.726,1.2885431336962512,0.8590275642803107,0.8590275933417075,83.12460297233898,103.42734222412109,102.56831207275391,101.58042945861817,-8.333347375026698,1.0394999032278756,2.1008380155948343,True,66.66666666666666,88.88889398940455,96.29618961117053,0.250325379848682,3.865631103515625,445066.1754666667,160.2340154903437,1
2022-02-18,104.80179595947266,105.66082707389457,103.94276484505075,104.37228040226171,10335.333,4.096109364581935e-06,0.8590352273876931,4.079252946098677e-06,84.70008972948382,103.85685729980469,102.95487594604492,101.79518699645996,-14.285725627683588,1.1049755881851144,2.163295870456232,True,66.66666666666666,80.00002682169047,89.62964027036503,0.2783045127265321,3.8656387329101562,445066.1754666667,147.4361610657892,1
2022-02-21,106.09034729003906,106.09034729003906,104.37228498574693,104.80180056181996,7714.716,0.4295201595582512,0.4295202161444962,0.4295201406961837,88.28077970274543,104.45818176269532,103.38439254760742,102.05289649963379,-0.0,1.7857216055454213,2.952420654606882,True,83.33333333333334,100.0,89.62964027036503,0.3548774515420152,4.295166015625,452780.8914666667,140.35107483846778,0
2022-02-22,106.09034729003906,106.09034729003906,105.231316137893,105.66083171396603,11643.755,0.8590311521460734,0.0,0.8590311521460734,88.28077970274543,105.05950622558593,103.8568603515625,102.31060600280762,-0.0,1.2987064075275958,2.5250841347054105,False,66.66666666666666,100.0,93.33334227389685,0.37485279339500055,4.724678039550781,464424.6464666667,121.28524335422762,1
2022-02-23,107.80840301513672,108.23791856499783,106.09034081569231,106.09034081569231,16213.232,0.429509101726282,2.1475712749587643,0.8590246777993116,91.45428317672767,105.83263397216797,104.45818252563477,102.67569389343262,-6.249996338892087,2.1709611625039704,3.683304361743879,True,83.33333333333334,93.3333404769709,97.77778015899032,0.46709465486513313,6.013221740722656,474152.5856666666,154.16643962753466,0
2022-02-24,106.94937133789062,107.80840243297409,106.5198557903489,107.37888688543237,17068.728,1.2885460697400504,-0.4295161320237355,0.42951497465658406,79.68435493774409,106.34805297851562,104.88769760131837,102.97635459899902,-18.749997420381604,0.8777828555448742,2.3989025298553206,False,66.66666666666666,80.0000124669647,91.11111764797856,0.4342679993219667,4.2951507568359375,468463.0096666665,111.55092075949408,0
2022-02-25,106.94937133789062,107.37888688543237,106.5198557903489,106.5198557903489,16649.849,-0.8590310950834663,-0.42951554754172605,0.0,79.68435493774409,106.77756805419922,105.31721267700195,103.29849090576172,-19.999987533035295,0.4707437895219084,1.979521079415039,False,50.0,76.92309535311576,83.41881609901714,0.37860325799511463,4.2951507568359375,468463.0096666662,85.33316452586894,0
2022-03-01,106.94937133789062,107.80840243297409,106.5198557903489,107.37888688543237,12808.15,0.8590310950834663,0.42951554754172605,0.0,79.68435493774409,106.94937286376953,105.70377731323242,103.64210319519043,-19.999987533035295,0.13404596407571018,1.6326523436107325,False,33.33333333333333,74.99998294644641,77.30769692217564,0.3106791712597139,3.8656463623046875,464193.6263333328,78.38819635459572,0
2022-03-02,106.09034729003906,107.37889401825817,105.231316137893,107.37889401825817,14669.586,7.132825800226783e-06,-0.4295084147159258,-1.2885396524558956,68.27652587176685,106.94937286376953,106.00443954467774,103.92128829956054,-33.333197124568116,-0.6702369635915789,0.5427466270748504,False,16.666666666666664,50.00017751713919,67.30775193890047,0.1831028486188242,3.006622314453125,461259.7091333327,21.62193220351027,0
2022-03-03,105.23131561279297,106.51986233458227,104.8018000388632,106.09034676065251,11008.121,-1.2885472576056571,-0.8590316836758944,-0.42951609902979726,59.053599598553966,106.43395538330078,106.13329467773437,104.15752182006835,-53.845981101397236,-1.3422779907590534,-0.44022605288410643,False,16.666666666666664,30.000108302482325,51.666756255356,0.024407606490894462,1.2885513305664062,455755.6486333327,-42.62274144588638,1
2022-03-04,105.66082763671875,105.66082763671875,104.80179651772104,105.2313120772199,8004.68,-0.8590346834326112,-0.859034697863521,-3.521142161844182e-06,61.86351167165663,106.1762466430664,106.26214981079102,104.41523094177246,-49.99996569793952,-0.6060604030780036,-0.2365662615025724,True,16.666666666666664,33.33328481747928,37.777856879033614,-0.06329708581063387,1.2885513305664062,463760.3286333327,-69.13600048809184,0
2022-03-07,103.94276428222656,105.23131094688226,103.51324872734133,104.80179539199703,17093.689,-0.4295166852228647,-0.4295166898364897,-1.2885477903797096,47.607329623245626,105.57492523193359,106.1762466430664,104.56556129455566,-90.90908847297837,-1.759135106457943,-1.8587369699672662,False,16.666666666666664,9.090911527021623,24.14143488232776,-0.2388176285616186,-0.8590316772460938,455213.4841333326,-151.72458032913573,1
2022-03-08,104.80179595947266,105.23131151668362,103.08373373062885,103.08373373062885,11811.057,-1.718061661368182,5.698013580968109e-07,-0.4295149967124843,53.45760077951741,105.14541015625,106.04739151000976,104.7158920288086,-66.66665468829375,-0.6109989604728414,-1.081081781731653,True,33.33333333333333,33.33334531170625,25.252513885402408,-0.2951698701686716,-1.2885513305664062,462300.11833333253,-115.15170610875435,1
2022-03-09,105.23131561279297,105.23131561279297,104.37228446493344,104.8018000388632,4824.879,1.7180663082343557,4.09610935037108e-06,1.288550734304593,56.129618273147976,104.97360382080078,105.96148834228515,104.90917434692383,-58.33323888884079,0.06807537637856903,-0.7092170161165027,True,50.0,45.454655499931604,29.292970779553183,-0.3006133537773228,-0.8590316772460938,467124.99733333255,-62.962800177077774,1
2022-03-10,105.66082763671875,105.66082763671875,105.2313120772199,105.2313120772199,5871.789,0.42951203835669105,0.42951202392578125,0.8590276122864537,58.71521844364117,105.05950622558593,105.74673080444336,105.10245666503906,-49.999971112688826,0.5449582675481885,-0.2702704454329099,True,66.66666666666666,54.54549447690748,44.444498429515136,-0.27317818598246557,-2.1475753784179688,472996.78633333254,-16.129054824108177,0
2022-03-11,105.23131561279297,105.23131561279297,104.8018000388632,105.23131561279297,7836.756,3.5355730716446487e-06,-0.42951202392578125,-0.42951203835669105,55.168170203259464,104.97360382080078,105.57492523193359,105.23131141662597,-58.33323888884079,0.13624228938543284,-0.6085160614260324,False,66.66666666666666,45.454655499931604,48.48493515892358,-0.28077179283646325,-1.7180557250976562,480833.54233333253,-40.207310346592116,1
2022-03-14,105.66082763671875,105.66082763671875,105.2313120772199,105.2313120772199,5967.339,-3.5355730716446487e-06,0.42951202392578125,0.42951203835669105,57.94004601157404,105.31721649169921,105.44607086181641,105.38164176940919,-45.45450552309252,0.5449582675481885,-0.033864189909424205,True,66.66666666666666,59.99994723159236,53.33336573614383,-0.25446184399383087,-1.288543701171875,486800.8813333325,14.634034055987343,1
2022-03-15,107.37889099121094,107.37889099121094,104.80179760742188,105.66082873535156,14512.834,0.42951665813166073,1.7180633544921875,-0.429514469798022,66.87667354701898,105.83263549804687,105.48902282714843,105.59640007019043,-9.090826655209751,1.6260160938333597,1.557210962553899,True,83.33333333333334,100.0,68.48486757717467,-0.12546870861435222,0.4295196533203125,501313.7153333325,147.16306782271337,1
2022-03-16,108.2379150390625,108.2379150390625,106.51985289558532,106.51985289558532,10055.804,0.8590241602337585,0.8590240478515625,1.7180552881634412,70.31677078224396,106.43395538330078,105.70377960205079,105.85410957336425,-0.0,1.8867864906468337,2.2658038968809047,True,83.33333333333334,99.99999999999999,86.66664907719746,0.00658631236416074,2.1475677490234375,511369.5193333325,217.0208635693376,0
2022-03-17,107.80840301513672,109.52646521458112,107.37888746527561,108.23791856499783,16504.007,1.7180656694125105,1.2885501755186226,0.8590345696902943,66.54692708188,106.86347045898438,105.96148834228515,106.04739151000976,-26.66667396776971,1.0738238231674986,1.7911429112467723,False,66.66666666666666,73.33332603223029,91.11110867741012,0.05139154812353364,2.57708740234375,501467.11513333255,160.22105692523616,1
2022-03-18,108.66743469238281,108.66743469238281,107.3788880359514,108.23791914023901,14175.206,5.752411880166619e-07,-0.8590305221983101,5.706757946200014e-07,70.05024907233324,107.55069427490234,106.26214904785157,106.26214942932128,-13.333328019924567,1.4028047551878202,2.3946019714995157,True,66.66666666666666,86.66667198007542,86.66666600410191,0.12127626132327185,3.0066070556640625,515642.32113333256,112.57315499663909,0
2022-03-21,108.66743469238281,109.09695024452662,107.3788880359514,107.8084035880952,9816.867,-0.4295155521438119,0.4295155521438119,0.0,70.05024907233324,108.15201568603516,106.73461608886718,106.4554313659668,-13.333328019924567,0.8637873612993181,2.1190703425472446,False,66.66666666666666,83.33332562586149,81.11110787938908,0.14811902504904806,4.72467041015625,520550.7546333325,94.7368945383279,0
2022-03-22,108.66743469238281,108.66743469238281,107.3788880359514,108.66743469238281,6966.596,0.8590311042876095,-0.4295155521438119,0.0,70.05024907233324,108.40972442626953,107.12117996215821,106.58428573608398,-13.333328019924567,0.3968256625511857,1.879193478743429,False,50.0,81.81818079865283,83.93939280152993,0.14623919345610226,3.8656387329101562,527517.3506333325,71.014547085207,0
2022-03-23,108.66743469238281,108.66743469238281,107.3788880359514,108.23791914023901,6687.478,-0.42951555214379766,0.0,0.0,70.05024907233324,108.4956283569336,107.46479187011718,106.71314010620117,-13.333328019924567,0.19802052170897708,1.5045124493698179,False,33.33333333333333,81.81818079865283,82.32322907438908,0.12612183074186722,3.4361190795898438,534204.8286333325,59.52385845930917,1
2022-03-24,109.0969467163086,109.0969467163086,107.80840010154904,107.80840010154904,8325.342,-0.42951903868997476,0.42951202392578125,0.4295120655976348,72.1179562399398,108.75333709716797,107.80840377807617,106.77756729125977,-8.3333999938184,0.46143443018854663,1.5661406209457038,True,33.33333333333333,90.90902188290065,84.84846116006878,0.12275111902078018,3.4361190795898438,542530.1706333325,74.57312641291385,1
2022-03-25,109.95597839355469,109.95597839355469,108.2379162311554,108.2379162311554,9439.533,0.42951612960635543,0.8590316772460938,0.42951612960635543,75.76806881463457,109.01104583740235,108.28087005615234,106.92789764404297,-0.0,0.9198406012496718,1.9920290718605473,True,50.0,100.00000000000001,90.90906756051784,0.15718474819236983,4.724662780761719,551969.7036333325,122.18256815816116,0
2022-03-28,109.95597839355469,109.95597839355469,108.66743177175522,109.09694731235504,8046.239,0.859031081199646,0.0,0.429515540599823,75.76806881463459,109.26875457763671,108.71038513183593,107.07822799682617,-0.0,0.7213102197462191,1.6545310035363248,False,33.33333333333333,100.0,96.96967396096689,0.15832868748009798,4.2951507568359375,560015.9426333325,149.12285390499903,0
2022-03-29,109.0969467163086,109.95597779281496,108.66743117805541,109.52646225456178,6087.801,0.4295149422067368,-6.007397246321489e-07,-5.936998093147849e-07,65.55483031225641,109.35465698242187,108.8821907043457,107.18560676574707,-16.666696666079233,-0.1310628529699816,0.5608687421407594,False,33.33333333333333,66.66661359055205,88.8888711968507,0.08336506899676488,1.7180557250976562,557986.6756333325,88.1225765373015,0
2022-03-30,109.0969467163086,109.52646225456178,108.66743117805541,109.52646225456178,9601.987,0.0,-0.42951553825318456,0.0,65.55483031225641,109.44055938720703,108.96809387207031,107.33593673706055,-16.666696666079233,-0.1964643718265995,0.2961482052866105,False,33.33333333333333,66.66660620914351,77.77773993323187,0.01925981343528793,0.8590316772460938,557986.6756333325,52.845407386292045,0
2022-03-31,109.0969467163086,109.52646225456178,108.66743117805541,109.0969467163086,5722.698,-0.42951553825318456,0.0,0.0,65.55483031225641,109.44055938720703,109.0969482421875,107.52921829223632,-25.000008810904934,-0.261780287301507,0.16431018805179898,False,33.33333333333333,66.66660620914351,66.66660866961304,-0.03472302419343909,1.288543701171875,557986.6756333325,41.66656195686397,0
2022-04-01,109.0969467163086,109.0969467163086,108.23791563980222,108.66743117805541,8164.328,-0.42951553825318456,-0.42951553825318456,-0.42951553825318456,65.55483031225641,109.26875305175781,109.13989944458008,107.70102424621582,-33.33338640944795,-0.261780287301507,0.09852077666035425,False,16.666666666666664,66.66660620914351,66.66660620914351,-0.07945231601895508,0.42951202392578125,566151.0036333324,-9.524026245817224,0
2022-04-06,109.0969467163086,109.0969467163086,108.23791563980222,109.0969467163086,10134.158,0.42951553825318456,0.0,0.0,65.55483031225641,109.0969467163086,109.18285064697265,107.95873336791992,-33.33339379085649,-0.13106169048570782,-1.1655374177953273e-06,False,0.0,66.66660620914351,66.66660620914351,-0.11585579331708429,0.42951202392578125,576285.1616333325,-18.666849612446462,0
2022-04-07,109.0969467163086,109.52646225456178,108.66743117805541,109.0969467163086,13560.013,0.0,0.42951553825318456,0.42951553825318456,65.55483031225641,109.0969467163086,109.22580184936524,108.17349090576172,-33.33339379085649,0.0,-0.03279853507838977,False,0.0,59.99998321626568,64.44439854485091,-0.1448684221452392,0.42951202392578125,576285.1616333325,22.87573520037205,1
2022-04-08,109.95597839355469,109.95597839355469,108.66743177175522,109.52646285295486,10348.211,0.42951613664627075,0.4295161389929092,5.936998093147849e-07,71.9319056632694,109.26875305175781,109.35465621948242,108.4097240447998,-0.0,0.6553084524285131,0.6553078666096663,True,16.666666666666664,100.0,75.55552980846976,-0.11257614116750769,1.288543701171875,586633.3726333325,113.82115278275293,1
2022-04-11,111.6740493774414,111.6740493774414,109.95598707932692,109.95598707932692,12424.868,0.42952422637205245,1.7180709838867188,1.2885553075716984,80.0075836416151,109.78417358398437,109.6123664855957,108.71038513183593,-0.0,1.8276832877338622,1.994123193306767,True,33.33333333333333,100.0,86.66666107208857,0.01152652034865076,2.5771026611328125,599058.2406333325,280.0930178259314,0
2022-04-12,110.385498046875,111.24452916008026,109.95598249027238,110.81501360347762,7145.495,0.8590265241507069,-0.4295202173611443,-4.589054540815596e-06,64.76224311368861,110.04188385009766,109.65531845092774,108.96809425354004,-33.33337399754018,0.45602810311777153,0.6856054313985033,False,33.33333333333333,62.499965689585935,87.49998856319532,-0.005233400224860407,0.4295196533203125,596676.4089666659,126.7360748505425,0
2022-04-13,110.385498046875,110.81501360347762,109.95598249027238,110.81501360347762,5611.568,0.0,-0.42951555660263807,0.0,64.76224311368861,110.29959411621094,109.69827041625976,109.20432777404785,-37.500034310414065,0.2600793525502357,0.5870868674657258,False,33.33333333333333,62.499965689585935,74.99997712639065,-0.027160411955930552,0.4295196533203125,596676.4089666659,82.2510386372884,1
2022-04-14,111.6740493774414,111.6740493774414,110.38550265385554,110.38550265385554,7532.652,-0.4295109496220846,0.8590357739637824,0.42952016358316314,71.27595683934807,110.8150146484375,109.95598068237305,109.41908569335938,-0.0,1.0362735609054208,1.628670804976317,True,50.0,100.0,74.99997712639065,0.03111763356494235,2.5771026611328125,604209.0609666659,117.57995862747828,0
2022-04-15,111.2445297241211,111.67404528290149,110.8150141653407,111.2445297241211,3924.924,0.8590270702655545,-4.094539917787188e-06,0.42951151148515976,66.78664360522028,111.07272491455078,110.1707389831543,109.56941642761231,-12.500085448228706,0.32278853183388323,1.1389543760511902,False,50.0,87.4999145517713,83.33329341378577,0.02689742384914906,2.1475830078125,604209.0609666659,91.66647567686194,1
2022-04-18,111.6740493774414,111.6740493774414,110.38550265385554,110.38550265385554,5274.462,-0.8590270702655545,4.094539917787188e-06,-0.42951151148515976,68.92203729260132,111.07272491455078,110.42844924926757,109.76269874572753,-0.0,0.45074250403997235,1.3316063832440324,True,50.0,100.0,95.83330485059044,0.038486325917926445,2.5771026611328125,609483.5229666659,76.52000277373587,0
2022-04-19,111.2445297241211,112.10356084168187,111.2445297241211,111.67404528290149,6376.519,1.2885426290459492,0.4295114642404627,0.8590270702655545,64.40480893421332,111.24453125,110.64320755004883,109.89155349731445,-22.2221924853082,0.12886491746528597,0.7782112081533783,False,33.33333333333333,75.00003778512358,87.4999841122983,0.0044669637845546895,2.1475830078125,603107.003966666,86.85419260669374,1
2022-04-20,112.53307342529297,112.53307342529297,110.81501123559384,110.81501123559384,7028.387,-0.8590340473076452,0.4295125836110998,-0.4295184885272505,70.69138182357531,111.67404632568359,110.98682022094727,110.08483543395997,-0.0,0.9633877648559367,1.6817576177134494,True,50.0,100.0,91.66667926170787,0.05327718486594479,3.436126708984375,610135.3909666659,108.4650413259473,0
2022-04-21,112.53307342529297,112.96258897271775,112.10355787786818,112.53307342529297,4333.392,1.7180621896991255,0.4295155474247849,1.2885466422743406,70.69138182357531,111.84585113525391,111.3304328918457,110.27811737060547,-9.090904643765857,0.6402018689866177,1.4193529090163834,False,50.0,85.71427455064072,86.90477077858812,0.0690913933695898,3.436126708984375,610135.3909666659,157.05084286715473,1
2022-04-22,112.96259307861328,112.96259307861328,112.10356195254018,112.10356195254018,4600.703,-0.4295114727527931,4.105895527573011e-06,4.074671991816103e-06,72.61035969064831,112.18946380615235,111.63109436035157,110.492875289917,-0.0,0.8306720361366646,1.5117413839743103,True,50.0,100.0,95.23809151688026,0.09064880106441264,3.0066146850585938,614736.0939666659,140.5232843676631,0
2022-04-25,112.96259307861328,112.96259307861328,112.10356195254018,112.53307751557674,7268.043,0.4295155630365599,0.0,0.0,72.61035969064831,112.44717254638672,111.75994873046875,110.68615760803223,-0.0,0.5736147061860287,1.2187307465930024,False,50.0,100.0,95.23809151688026,0.08705831202205006,1.288543701171875,622004.1369666659,104.1668952998851,1
2022-04-26,113.39210510253906,113.39210510253906,112.5330740032774,112.5330740032774,5429.09,-3.512299329599955e-06,0.42951202392578125,0.4295120507372303,74.59026392439549,112.8766876220703,112.06060943603515,110.85796394348145,-0.0,0.6992994674132968,1.3435675185538047,True,50.0,100.0,100.0,0.09510585831451279,3.0066070556640625,627433.2269666658,113.7254701682037,0
2022-04-27,113.39210510253906,113.82162065216988,112.96258955290823,112.96258955290823,7334.145,0.42951554963082117,0.42951554963082117,0.42951554963082117,74.59026392439549,113.04849395751953,112.36127014160157,111.02977027893067,-11.11111624115349,0.38022726375275984,1.2140554628069316,False,50.0,87.49997672252441,95.83332557417482,0.08239881457644871,3.0066070556640625,627433.2269666659,114.66661758395875,0
2022-04-28,112.96259307861328,113.82162420468639,111.67404638950363,113.39210864164984,15337.714,0.42951908874161404,3.5525165031913275e-06,-1.2885431634045972,68.68177422561304,113.1343978881836,112.49012451171875,111.22305259704589,-22.222212753706415,-0.06332957656141085,0.6377560838758248,False,33.33333333333333,74.99997851166256,87.49998507806235,0.029751062606099943,1.288543701171875,630500.7697666659,50.724822311480416,0
2022-04-29,112.53307342529297,112.96258897271775,111.24452678301861,112.53307342529297,11876.194,-0.8590352163568724,-0.8590352319686332,-0.42951960648501597,63.21871072442579,113.04849395751953,112.61897888183594,111.39485893249511,-37.50015127031374,-0.44332053520016423,0.09550850133561928,False,33.33333333333333,57.14277851391266,73.21424458269989,-0.04523916492939528,1.288543701171875,636438.8667666658,-21.276890559688162,0
2022-05-03,109.5264663696289,112.10355969597312,109.0969508152382,111.67404414158241,18851.834,-0.8590292837105551,-0.8590292767446357,-2.147575967780412,39.329720390462825,112.36126861572265,112.40422058105469,111.41633491516113,-90.90909531757349,-2.6098027036843097,-2.4234698472452147,False,16.666666666666664,9.09090468242651,47.077887236000585,-0.2946626999242741,-2.1475830078125,622973.2710523801,-210.14476860188566,0
2022-05-04,106.51985931396484,108.66743712271413,106.09034375221498,108.66743712271413,17892.86,-3.00660701886828,-3.4361225732589844,-3.0066070630232247,27.849352165293126,110.98681945800782,111.93175354003907,111.28748054504395,-94.44444468946193,-4.370178275852287,-4.767998867183053,False,16.666666666666664,5.555555310538062,23.92974616895909,-0.6396708629453998,-4.72467041015625,611044.6977190468,-248.51187878527656,1
2022-05-05,107.37889099121094,108.23792211914062,106.9493754272461,107.37889099121094,13466.207,-1.288546131503196,-0.42951500357351335,0.8590316750311189,33.86633303527937,109.78417663574218,111.41633529663086,111.20157775878906,-83.3333269059712,-2.7237337411725155,-3.691811958921691,True,16.666666666666664,16.6666730940288,10.437711028997805,-0.7783497486407147,-5.154182434082031,606555.9620523802,-138.08798520858628,1
2022-05-06,108.66743469238281,109.52646579667042,106.09034137951998,106.5198569316638,15904.427,-0.8590340595471417,1.2885436775298018,-0.8590340477261122,41.80749385416173,108.92514495849609,111.02977142333984,111.18010215759277,-66.66667911211279,-0.8491193600996183,-2.3480225644221404,True,33.33333333333333,33.333320887887204,18.518516430818035,-0.7512511937567813,-3.8656387329101562,614508.1755523802,-87.6736565155391,0
2022-05-09,107.37889099121094,108.66743768310546,106.51985986328125,108.23792211914062,10257.525,1.7180651874768245,-0.8590281135649604,0.4295184837612709,36.965280175133735,107.8943084716797,110.47140121459961,111.05124778747559,-83.33330133135803,-1.1857691877124186,-3.132061615854196,False,33.33333333333333,16.666698668641963,22.22223088351934,-0.7844185458241854,-5.583702087402344,612456.6705523802,-82.73089443550526,0
2022-05-10,106.94937133789062,107.80840243297409,106.5198557903489,107.37888688543237,12129.816,-0.859035233708255,-0.8590352501313703,-4.072932355825287e-06,35.47131803806103,107.37888946533204,109.87007904052734,110.81501388549805,-88.8889078591928,-0.7308992591110939,-3.1128425108207876,False,33.33333333333333,11.1110921408072,20.370370565778803,-0.7970119569876637,-6.013221740722656,608413.39855238,-76.80319178387818,1
2022-05-11,107.37889099121094,108.23792211914062,106.51985986328125,106.9493754272461,7298.857,-0.4295114581862691,0.4295196861665289,4.072932355825287e-06,38.19620981917286,107.55069580078126,109.26875762939453,110.66468353271485,-83.33330133135803,1.1841859734174046e-06,-2.311948841268331,True,50.0,16.666698668641963,14.81482982603039,-0.739411420006948,-6.013214111328125,608413.39855238,-57.65989595389005,0
2022-05-12,106.51985931396484,107.80840599921441,106.51985931396484,107.37889043746455,8361.04,0.4295150102184522,-0.4295161199262054,-5.493164110248472e-07,34.97398197751096,107.37888946533204,108.5815330505371,110.47140159606934,-94.44441570489805,-0.7999993368558568,-2.617799860288916,False,50.0,6.250035794257496,11.342608867902234,-0.7213812589732607,-6.872245788574219,600052.35855238,-63.14697980578394,0
2022-05-13,106.51985931396484,107.80840599921441,106.09034375221498,106.9493748757147,7875.846,-0.4295155617498523,0.0,-0.4295155617498665,34.97398197751096,106.94937438964844,107.93725967407227,110.21369209289551,-94.44441570489805,-0.6675559919178121,-2.1052621984088655,False,33.33333333333333,7.142896063986727,10.01987684229541,-0.6726326452155668,-6.4427337646484375,596114.43555238,-68.1818051063909,0
2022-05-16,106.51985931396484,107.80840599921441,106.51985931396484,107.37889043746455,7313.13,0.4295155617498523,0.0,0.4295155617498665,34.97398197751096,106.77756805419922,107.33593826293945,109.97745857238769,-94.44441570489805,-0.3348958044635951,-1.5873008600520728,False,16.666666666666664,12.500069331047595,8.63100039643062,-0.6056527174341755,-6.013214111328125,588801.30555238,-63.98809217625144,0
2022-05-17,106.09034729003906,106.94937844218512,106.09034729003906,106.94937844218512,7435.171,-0.42951199527942663,-0.8590275570292931,-0.42951202392578125,33.158219617733494,106.6057632446289,106.99232635498046,109.69827346801758,-99.99991399438105,-0.5369095209159931,-1.4627621834696574,False,16.666666666666664,0.00017201120684427523,6.547712468747069,-0.5567870026099344,-3.4361190795898438,581366.1345523801,-148.14751616343224,1
2022-05-18,107.37889099121094,107.80840655517578,106.0903442993164,106.51985986328125,13516.261,-0.4295185789038669,0.8590281129906572,-2.990722663298584e-06,42.8660191421849,106.6057632446289,107.07822952270507,109.50499153137207,-78.57138151519837,0.6036215194418689,0.13351202762888828,True,33.33333333333333,37.50008600560342,16.6667757826193,-0.410925214164795,0.8590316772460938,588124.2650523802,-15.87291611770155,0
2022-05-19,106.94937133789062,107.37888688543237,106.09034024280717,107.37888688543237,9004.672,0.8590270221511105,-0.4295196697434136,-4.056509226302296e-06,40.715680136075086,106.69166564941406,107.03527755737305,109.22580642700196,-75.00000853817346,0.26845297225770126,-0.06689264578688223,False,16.666666666666664,33.333279590081105,23.611179202297137,-0.32062068976547664,-0.4295196533203125,591125.8223857133,-59.829678457365205,0
2022-05-20,106.94937133789062,106.94937133789062,106.5198557903489,106.94937133789062,6144.011,-0.42951554754174026,-0.42951554754174026,0.42951554754172605,40.715680136075086,106.77756805419922,106.86347122192383,108.94662132263184,-75.00000853817346,0.20120439576505997,-0.10030364036882392,False,16.666666666666664,39.99992291563153,36.944429503772035,-0.24173059429163002,-1.7180633544921875,597269.8333857134,-48.781326036905064,0
2022-05-23,106.09034729003906,107.37889401825817,106.09034729003906,107.37889401825817,8777.12,0.4295226803675405,0.4295226803675405,-0.42950850030983645,36.37287080320986,106.69166564941406,106.73461685180663,108.60300903320312,-99.99979490761385,-0.5369095209159931,-0.8032092105699659,False,16.666666666666664,0.00032814729753785095,24.44451021767007,-0.2284003458740972,-1.288543701171875,588492.7133857134,-111.11006161149685,1
2022-05-24,106.51985931396484,106.9493748757147,106.09034375221498,106.51985931396484,8913.079,-0.8590347042933217,-0.42951914254346946,-3.5378240852423914e-06,39.87112003960869,106.77756805419922,106.69166564941406,108.2808723449707,-83.33322347687576,-0.13422827432914589,-0.23466294472608878,True,33.33333333333333,25.000145108806418,21.666798723911842,-0.17410860070089385,-0.42951202392578125,588492.7133857135,-92.1052430175902,1
2022-05-25,107.37889099121094,107.80840655517578,106.51985986328125,106.51985986328125,11806.664,5.493164110248472e-07,0.8590316794610828,0.4295161110662775,46.31150812267046,106.77756805419922,106.69166564941406,107.9802116394043,-39.99992444508337,0.4688555539347357,0.5698967437073175,True,50.0,75.00005902725074,33.33351076111825,-0.06918127635391613,0.0,592428.2680523802,142.85719628863794,1
2022-05-26,109.5264663696289,109.95598192401961,106.9493730432847,107.3788885976754,15217.352,0.8590287343941441,2.1475753688438317,0.42951318000343974,58.449200067804604,107.29298706054688,106.99232635498046,107.78692970275878,-11.111106248626465,2.136180597057401,2.3753746431716216,True,50.0,88.88889375137353,62.963032629143584,0.14437251117706185,3.0066070556640625,603297.8051952373,280.35299482037834,0
2022-05-27,107.80840301513672,109.95598076444223,106.94937191541452,109.52646521458112,12650.983,2.1475766169057238,-1.159577379894472e-06,-1.1278701776973321e-06,48.81737385108658,107.4647933959961,107.12118072509766,107.52922019958496,-55.55556065427448,0.399997892148955,0.735783459261804,False,50.0,44.44443934572551,69.44446404144995,0.16779133171025484,1.288543701171875,597875.9553380944,127.69469670514218,1
2022-05-30,109.0969467163086,109.0969467163086,107.37888456329586,108.23791563980222,11907.479,-1.288549574778898,-0.8590340481336369,0.4295126478813387,54.89832205775063,108.06611328125,107.37888946533204,107.35741386413574,-22.222318532161136,1.2624539875881369,1.735642733145508,True,66.66666666666666,77.77768146783886,70.37033818831264,0.2623017931100604,2.57708740234375,609783.4343380944,111.11090014746597,0
2022-05-31,109.0969467163086,109.0969467163086,107.37888456329586,108.66743117805541,23893.843,0.42951553825318456,0.0,0.0,54.89832205775063,108.58153076171875,107.67954940795899,107.33593788146973,-22.222318532161136,0.7936478007392774,1.5323074732517992,False,66.66666666666666,77.77768146783886,66.66660076046776,0.31358703559295,3.0065994262695312,633677.2773380944,83.33318959576427,0
2022-06-01,107.37889099121094,108.66743768310546,107.37889099121094,108.66743768310546,10580.776,6.505050052396655e-06,-0.42950903320313216,6.427915081985702e-06,46.19038069249364,108.58153076171875,107.67954940795899,107.37888946533204,-66.66657557356382,-0.9246998727907397,-0.13315410575976103,False,50.0,33.33336390338921,62.96290894635566,0.22473406014402508,0.0,623096.5013380945,19.047855817125846,0
2022-06-02,107.37889099121094,108.66743768310546,106.9493754272461,107.80840655517578,11952.627,-0.8590311279296827,0.0,-0.42951556396484136,46.19038069249364,108.15201568603516,107.72250137329101,107.37888946533204,-66.66657557356382,-0.9246998727907397,-0.23278824212715296,False,33.33333333333333,33.33336390338921,48.14813642487244,0.16183307272169323,0.4295196533203125,617120.1878380944,0.00019187156597075744,1
2022-06-06,108.2379150390625,108.6674305749318,106.94936843145462,108.2379150390625,12462.022,0.42950848388672114,-7.1081736621181335e-06,-6.995791480335356e-06,50.831166536194836,108.23791809082032,107.8513557434082,107.35741348266602,-44.44454573498515,0.06617844268528951,0.49850039018810405,True,33.33333333333333,55.55541391616979,40.74071390764942,0.17294771990938362,1.288543701171875,623351.1988380944,18.017592139529967,0
2022-06-07,107.80840301513672,108.66743411485892,107.37888746527561,108.23791856499783,10548.729,3.5259353268202176e-06,3.5399271212099848e-06,0.4295190338209949,48.54737767954709,107.98020935058594,108.02316131591797,107.3788890838623,-55.5556110902205,-0.3309063202087945,0.033210694768730044,False,33.33333333333333,37.49992372443781,42.129567181332284,0.14724574009481672,1.7180557250976562,619834.9558380945,3.8759150910728417,1
2022-06-08,108.66743469238281,109.09695024452662,108.23791914023901,108.23791914023901,7877.833,5.752411880166619e-07,0.4295161296677037,0.8590316749634042,53.14086531066886,107.89430694580078,108.23791885375977,107.46479225158691,-33.333363713015416,0.5298016797435351,0.6965169908596749,True,33.33333333333333,57.14290397408163,50.066080538229755,0.18171139789357038,2.1475753784179688,619834.9558380943,85.0577466730342,0
2022-06-09,108.2379150390625,109.0969461108011,108.2379150390625,108.6674305749318,6063.211,0.42951143469278463,-4.133725525434784e-06,-4.1011765148368795e-06,50.67325670274403,108.0661117553711,108.32382125854492,107.50774345397949,-44.44458608383021,0.2652486337699359,0.1324468909047595,False,33.33333333333333,42.8570917996428,45.833306499387426,0.1694357259157342,0.8590240478515625,613771.7448380943,49.99955746251713,0
2022-06-10,107.37889099121094,108.66743768310546,107.37889099121094,108.23792211914062,8882.736,-0.42950845579117924,-0.42950842769563735,-0.8590240478515625,46.01174088404421,108.0661117553711,108.10906372070312,107.55069503784179,-74.99998216753994,-0.5305008012514283,-0.7279916666064723,False,33.33333333333333,20.000288563717678,40.00009477914738,0.10071085962257592,-2.1475753784179688,604889.0088380943,-72.46336688915459,0
2022-06-13,107.37889099121094,107.80840655517578,106.51985986328125,107.80840655517578,8791.406,-0.42951556396484136,-0.8590311279296827,-0.8590311279296827,46.01174088404421,107.89430694580078,108.06611251831055,107.5936466217041,-74.99998216753994,-0.5305008012514283,-0.7279916666064723,False,33.33333333333333,33.333372169685376,32.06358417768197,0.05479877046502313,-0.42951202392578125,607819.477504761,-140.0967312070389,0
2022-06-14,106.94937133789062,107.37888688543237,106.5198557903489,107.37888688543237,6585.502,-0.4295196697434136,-0.4295196697434136,-4.072932355825287e-06,43.62378379555391,107.72250061035156,107.85135498046876,107.6151222229004,-87.50000215998955,-0.7308980874857135,-0.9283825861851971,False,16.666666666666664,16.666659106942657,23.33343994678192,-0.0019437626823248233,-2.1475753784179688,607819.4775047608,-154.02399987376896,1
2022-06-15,107.37889099121094,108.23792211914062,106.51985986328125,106.9493754272461,8839.562,-0.4295114581862691,0.859035233708255,4.072932355825287e-06,46.64460323614492,107.46479187011718,107.67954940795899,107.67954940795899,-66.66652246798881,-0.2659552606344591,-0.49750953017867827,True,33.33333333333333,33.333477532011194,27.777836269546423,-0.007673759046038009,-1.7180557250976562,607819.4775047608,-71.07821969708507,0
2022-06-16,106.51985931396484,108.23792156096427,106.51985931396484,108.23792156096427,8313.29,1.288546133718171,-5.581763531381512e-07,-5.493164110248472e-07,41.762267769605344,107.12118072509766,107.59364624023438,107.63659782409668,-99.99986327175789,-0.733821253508585,-1.0967079422781938,False,16.666666666666664,0.00013672824211345106,16.666757789065333,-0.06334455532987343,-0.8590316772460938,599506.1875047608,-91.66669954822382,1
2022-06-17,107.37889099121094,107.80840655517578,106.51985986328125,106.51985986328125,13910.684,-1.7180616976830123,-0.4295150057884882,5.493164110248472e-07,47.73071469321942,107.12118072509766,107.59364624023438,107.6580738067627,-66.66652246798881,0.20040152447688525,-0.1663873918689432,True,33.33333333333333,33.333477532011194,22.22236393075484,-0.037611757727435635,0.0,604143.0821714274,-59.04747113309658,0
2022-06-20,107.37889099121094,108.23792211914062,106.51985986328125,107.37889099121094,7656.754,0.8590311279296827,0.42951556396484136,0.0,47.73071469321942,107.12118072509766,107.50774383544922,107.6795497894287,-66.66652246798881,0.20040152447688525,-0.1663873918689432,False,33.33333333333333,33.333477532011194,22.22236393075485,-0.01694139028177455,-0.8590240478515625,604143.0821714274,-32.945573655421185,1
2022-06-21,108.66743469238281,108.66743469238281,107.3788880359514,107.8084035880952,12325.197,0.42951259688426546,0.4295125732421923,0.8590281726701505,55.81432658706832,107.4647933959961,107.59364700317383,107.8084041595459,-16.666659285519188,1.1999984131907853,0.9308504984399408,True,50.0,83.33347438350859,50.000143149177006,0.081742830790618,0.8590316772460938,616468.2791714275,74.275378209722,0
2022-06-22,107.80840301513672,108.66743411485892,107.80840301513672,108.66743411485892,8581.083,0.8590305267637177,-5.775238918204195e-07,0.42951497918531345,50.17129138379953,107.55069580078126,107.50774383544922,107.87283134460449,-50.000000089288264,0.26630939255398967,0.16627731580511682,False,50.0,59.99991102243299,58.888954312650945,0.08691188203096176,-0.8590316772460938,607887.1961714275,72.91661717146259,1
2022-06-23,109.0969467163086,109.0969467163086,108.23791563980222,108.66743117805541,16622.339,-2.936803511488506e-06,0.42951260144967307,0.4295126246655059,57.24479524822093,108.06611328125,107.59364700317383,107.95873413085937,-0.0001369068186423817,1.1952151950783105,1.2624545851641178,True,50.0,100.0,81.11112846864721,0.1700516200663749,0.8590316772460938,624509.5351714275,160.8524607164314,1
2022-06-24,110.81501770019531,111.67404884515807,108.23792426530704,108.66743983778842,19047.391,8.659733012450488e-06,2.577102128849475,8.625504818837726e-06,64.56213226403241,108.75333862304687,107.93725967407227,108.02316169738769,-16.666646666663542,2.110821670331663,2.686570990998291,True,66.66666666666666,83.33335333333646,81.11108811858982,0.32472739728076533,3.436126708984375,634033.2306714276,201.94702917993737,0
2022-06-27,110.385498046875,111.67404471668289,110.385498046875,111.24452916008026,9380.42,2.5770893222918403,-4.128475183051705e-06,2.1475737815679565,61.68300990049743,109.35466003417969,108.23792037963867,108.1520164489746,-25.00004917512304,1.2475379933594501,2.119204917064863,False,50.0,74.99993373381514,86.11109568905056,0.3783378814107418,3.0066070556640625,624652.8106714275,165.7509770065881,1
2022-06-28,110.81501770019531,111.24453327267669,110.38550212771393,110.38550212771393,6955.497,-0.8590270323663276,-0.4295114440061951,4.0808389343283125e-06,63.46060237133774,109.78417663574218,108.62448501586914,108.23791999816895,-16.666646666663542,1.1103889974379815,2.2457099592565086,True,66.66666666666666,83.33334193933133,80.555543002161,0.4197518207459879,3.8656463623046875,624652.8106714275,117.7371719051726,1
2022-06-29,112.10356140136719,112.10356140136719,110.38549915766808,110.81501471859285,20865.905,0.4295125908789146,0.8590281286904968,-2.9700458554771103e-06,68.27697501860908,110.64320831298828,109.09695205688476,108.38825073242188,-0.0,1.754386531876597,3.060217709844984,True,66.66666666666666,100.0,86.11109189104884,0.5052144235475577,4.72467041015625,645518.7156714275,114.37900215096941,0
2022-06-30,108.63783264160156,110.86401773671635,107.74735860355564,110.41878071769338,33461.871,-0.3962340008994687,-1.2395436646508387,-2.6381405541124394,49.23485367788378,110.55138549804687,109.30874938964844,108.45119781494141,-62.06865455062191,-1.5149685977065888,-0.2549569681566837,False,66.66666666666666,37.93133934315442,73.75489376082861,0.3092477369109483,2.1179733276367188,631177.9138142848,-7.242457303781038,1
2022-07-01,110.41878509521484,111.30925916856336,106.85688880182082,108.63783694851783,20050.206,-1.7809437691755505,0.44524143184700904,-0.8904698017348238,56.0986617549947,110.47213897705078,109.61273880004883,108.6031925201416,-30.173105222670237,-0.09997380808404219,1.1449605773754625,True,66.66666666666666,67.88867088260835,68.60667007525427,0.28128562106599087,3.0398941040039062,643208.0374142848,4.392920202063861,1
2022-07-04,112.64496612548828,113.98067718626483,110.8640180444529,111.30925506471175,17338.744,2.6714181161939194,2.6714180177014697,4.0071292426320895,62.93282955167149,110.92403259277344,110.13934631347657,108.82354507446288,-17.903012538074,1.6336907156061002,2.703971030738424,True,66.66666666666666,81.2499896306115,62.356666618791444,0.3878636765203401,5.266075134277344,645685.0008428561,138.93677852916707,1
2022-07-05,113.09020233154297,113.9806763656496,111.75449128038301,113.53543934859628,15854.053,2.2261842838845354,-8.206152273260159e-07,0.8904732359301022,64.15044514858567,111.37906951904297,110.58162307739258,109.0876350402832,-11.93535260511859,1.6220878477834988,2.6644125252615014,True,83.33333333333334,87.49998165770393,78.87954739030795,0.4586421492446565,4.422767639160156,648855.8114428562,130.11018961273192,1
2022-07-06,113.98067474365234,114.42591175436974,113.09020072221756,113.98067474365234,15505.246,0.44523539505605925,0.44523538872013546,1.3357094418345525,66.54796322114039,111.7544921875,111.19885025024413,109.35329704284668,-5.882357782617839,1.93896125213972,2.958585753807691,True,83.33333333333334,94.11764221738215,87.62253783523254,0.5306404088564275,6.172271728515625,654024.2267761895,139.12057081086542,0
2022-07-07,113.53543853759766,115.31638659308938,112.64496450985179,113.98067555147058,24796.395,8.078182389681388e-07,0.8904748387196406,-0.4452362123657707,64.2058323009218,112.73401336669922,111.64269943237305,109.61817321777343,-21.052645197566207,1.324502026146153,2.181970498631523,False,66.66666666666666,78.9473548024338,86.85499289250664,0.5131776991360877,4.4384918212890625,645758.7617761896,109.32930338240966,0
2022-07-08,110.864013671875,113.09019868536647,110.864013671875,113.09019868536647,15535.38,-0.8904768661041089,-2.2261879077229025,-1.780950837976789,52.18435656467131,112.82305908203125,111.64759902954101,109.79242935180665,-52.63164588576259,-1.3861417449976674,-0.4504523277233291,False,66.66666666666666,47.36835411423741,73.47778371135114,0.29731821582576656,0.0489959716796875,630223.3817761895,-2.1528567727862318,0
2022-07-11,110.41878509521484,111.7544962052376,109.52831102186634,111.30925916856336,9842.416,-1.780939516803116,-1.335702480128873,-1.3357026500086562,50.46639204815224,112.37782287597656,111.650927734375,109.94442405700684,-57.89470744858606,-1.78217384139812,-0.9482155258005918,False,50.0,42.10529255141394,56.14033382269506,0.10981618723182973,0.03328704833984375,628254.8985761895,-53.26391016495959,0
2022-07-12,109.08307647705078,110.8640246644312,108.63783943020567,109.973550570741,15151.537,-1.3357085978223608,-0.8904715408064021,-0.8904715916606705,45.557831442660316,111.57639770507812,111.47773361206055,110.05110931396484,-73.68416269902313,-2.4552033927947767,-2.0195644789580527,False,33.33333333333333,26.315837300976863,38.596494655542756,-0.10716142117903393,-1.7319412231445312,619163.9763761896,-90.13630467016006,1
2022-07-13,110.41878509521484,111.30925916856336,109.08307398519209,109.08307398519209,22595.392,-0.8904765855489103,0.44523450413215926,0.4452345549864134,50.780339025257,110.86401977539063,111.30925598144532,110.20310401916504,-57.89470744858606,-0.8660865403400331,-0.8222774087311066,True,33.33333333333333,42.10529255141394,36.842140801268265,-0.16051157755075962,-1.6847763061523438,623683.0547761895,-46.54082887116137,0
2022-07-14,109.52830505371094,111.30925310336477,108.63783102888402,111.30925310336477,17769.132,2.2261791181726807,-6.065198590476939e-06,-0.4452429563080642,47.46863561576415,110.06259307861328,111.39830322265625,110.35352630615235,-68.42110113619967,-1.0060389644464607,-1.5272639972562805,False,16.666666666666664,13.333332578672163,27.251487477021005,-0.25021083474492445,0.890472412109375,617760.0107761895,-71.94743927804853,0
2022-07-15,109.52830505371094,109.52830505371094,108.63783102888402,109.08306804129748,8476.202,-2.2261850620672874,-1.78094804965383,0.0,47.46863561576415,109.79545135498047,111.30925521850585,110.46099700927735,-68.42110113619967,-0.404861024031263,-1.3369005273176922,False,16.666666666666664,13.333332578672163,22.92398590291944,-0.3005921838225204,-0.8904800415039062,626236.2127761896,-95.14584686882301,0
2022-07-18,109.52830505371094,110.41877907853785,108.63783102888402,110.41877907853785,18343.477,1.3357110372403724,0.890474024826915,0.0,47.46863561576415,109.61735534667969,110.99758911132812,110.56846771240234,-68.42110113619967,-0.2028428587054671,-1.4028076206879907,False,16.666666666666664,13.333332578672163,13.333332578672163,-0.32300364584674857,-3.1166610717773438,626236.2127761896,-68.327109495556,0
2022-07-19,108.19258880615234,109.97353677003963,107.3021148242087,109.52829977906781,17131.648,-0.8904792994700443,-0.4452423084982229,-1.3357162046753217,42.11937826225206,109.4392578125,110.50782775878906,110.54472541809082,-88.88889711225737,-1.0854878389753975,-2.4422942575225957,False,16.666666666666664,11.111102887742629,12.592589348362338,-0.41121537845684364,-4.897613525390625,620525.6634428562,-100.20488506966286,0
2022-07-20,106.85688018798828,108.63782819112141,106.85688018798828,108.19259119033813,12111.98,-1.3357085887296734,-1.335708578918215,-0.4452346362204196,37.50832164143683,108.72687683105468,109.79544830322266,110.4971492767334,-100.0,-1.9741343257085602,-3.2258097949232707,False,16.666666666666664,0.0,8.148145155471616,-0.5351075112027492,-7.1237945556640625,608413.6834428562,-140.09669469108283,0
2022-07-21,106.41165161132812,106.85688864735879,105.96641457529746,106.41165161132812,6889.41,-1.7809395790100098,-1.7809395437626279,-0.8904656126908179,36.07232793022405,108.10354614257812,109.0830696105957,110.36288452148438,-95.23809231532002,-1.7808163517190094,-3.1408268110055424,False,0.0,7.6923074776204645,6.26780345512105,-0.616820823004795,-7.123786926269531,608413.6834428562,-171.98530522158512,0
2022-07-22,105.52117156982422,106.41164559151049,104.63069754813793,105.96640858066736,9175.068,-0.44524303066076243,-0.4452430558482945,-1.3357170271595322,33.2914180195192,107.30211944580078,108.54878540039063,110.09819221496582,-91.66666727863469,-1.9986215718816116,-3.3310688002331426,False,0.0,13.333320440780243,7.0085426394669215,-0.6948227690213297,-5.342842102050781,608413.6834428563,-153.67953711354673,1
2022-07-25,106.85688018798828,107.30211718877156,105.52116918563843,105.52116918563843,5874.009,-0.44523939502893484,0.8904715972610688,0.8904716375004966,40.764059351718174,106.76783447265625,108.19259490966797,109.92176132202148,-73.68423263100736,-0.34602250925090094,-1.605743181375396,True,16.666666666666664,33.33326495097221,18.11963095645766,-0.6227557108461391,-3.5619049072265625,611350.6879428563,-79.88993450787773,0
2022-07-26,106.85688018798828,106.85688018798828,105.96640618642171,106.85688018798828,6563.994,1.3357110023498535,-0.44523700078327977,0.44523700078327977,40.764059351718174,106.50069274902344,107.96997528076172,109.72385444641114,-68.7500623332229,0.06949138751319213,-1.3022653248548304,False,16.666666666666664,33.333295222917975,26.666626871556826,-0.544228599754834,-2.2261962890625,617914.6819428563,-64.00009786937233,1
2022-07-27,108.19258880615234,109.08306278809599,106.41164084226506,106.41164084226506,9642.535,-0.4452393457232233,2.2261826001077054,0.4452346558433504,47.732014017940976,106.76783447265625,107.74735565185547,109.52830581665039,-46.66679053883583,1.3203577971112224,0.10298171918894002,True,33.33333333333333,61.53837397256406,42.7349780488181,-0.37928676295370223,-2.2261962890625,621128.8602761896,7.936307043487188,0
2022-07-28,108.19258880615234,108.63782579712417,107.74735181518052,108.19258880615234,3991.357,1.7809479638872858,-0.44523699097182146,1.3357109729154644,47.73201401794097,107.1240219116211,107.61378402709961,109.50604362487793,-46.66679053883583,1.1095668623160935,0.1717584397177626,False,33.33333333333333,61.53837397256406,52.136681056015384,-0.2532057061454379,-1.3357162475585938,621128.8602761896,37.44276033224725,0
2022-07-29,108.19258880615234,109.08306278809599,107.74735181518052,108.63782579712417,5825.672,0.44523699097182146,0.44523699097182146,0.0,47.73201401794097,107.65830535888672,107.48021240234375,109.39473381042481,-46.66674210373573,0.8298740435270769,0.3441126473486018,False,33.33333333333333,66.66663753259292,63.24779515924036,-0.1575141036927003,-1.3357162475585938,619186.969609523,56.71632990332496,1
2022-08-01,108.63783264160156,109.08306966062452,107.74735860355564,109.08306966062452,6676.687,0.4452438635003517,6.872528530266209e-06,6.788375117139367e-06,50.26389711655741,108.01449584960938,107.39116516113282,109.19437713623047,-30.769200944777246,0.7570589187424984,0.8264495190519288,True,50.0,90.00000431737733,72.7350052741781,-0.05711290650015899,-0.890472412109375,621412.5319428564,81.14079031463001,1
2022-08-02,109.08307647705078,109.52831352389589,108.19260238336057,108.63783943020567,12935.762,-0.4452302304188436,0.4452438632713722,0.445243779804926,52.76023939851079,108.45973510742188,107.48021392822265,108.99402084350587,-23.076775862118552,0.8230543650264355,1.2745524961726946,True,50.0,90.90910661332113,82.52524948776382,0.04110714864000864,0.8904876708984375,625724.4526095231,106.54081719397409,0
2022-08-03,108.19258880615234,109.08306278809599,107.74735181518052,108.19258880615234,8306.573,-0.4452506240533296,-0.4452507357999025,-0.44525056818004316,47.552769674525145,108.45973510742188,107.61378479003906,108.70461654663086,-33.33336246740709,-0.20534195915700967,0.5517207833508192,False,50.0,72.72704261920356,84.54538451663403,0.04747429287649513,1.3357086181640625,622955.5949428565,53.92134160292988,0
2022-08-04,107.30211639404297,108.63782738649994,106.85687939655732,108.19259038901428,6256.084,1.582861941074043e-06,-0.4452354015960509,-0.8904724186232045,42.930386788421295,108.281640625,107.70283126831055,108.39295043945313,-45.45470981947278,-0.8910231697359149,-0.20704133047600431,False,33.33333333333333,44.4442989338138,69.36014938877952,-0.0041711939132416664,0.8904647827148438,619827.5529428564,-3.424777356144484,1
2022-08-05,108.63783264160156,108.63783264160156,107.74735860355564,107.74735860355564,6348.596,-0.4452317854586454,5.255101626744363e-06,0.8904792069983216,50.762335655274484,108.37068939208984,108.01449737548828,108.28164138793946,-18.181925383737653,0.27397445488725913,0.8959363585253699,True,50.0,74.99988635510704,64.05707596937482,0.05260913429094294,3.1166610717773438,626176.1489428565,44.87206486383178,1
2022-08-08,109.08307647705078,109.08307647705078,107.74736533651547,108.63783943020567,5802.103,0.8904808266500339,0.44524383544921875,6.732959832334018e-06,53.10270794834915,108.4597381591797,108.23711700439453,108.21485595703125,-9.090893386678868,0.5472016543171678,1.100421277181746,True,66.66666666666666,85.71434692294562,68.3861774039555,0.11742436825302016,2.2261962890625,631978.2519428565,71.73096575882695,0
2022-08-09,109.08307647705078,109.08307647705078,108.19260238336057,108.63783943020567,5093.823,0.0,0.0,0.4452370468450937,53.10270794834915,108.4597381591797,108.45973663330078,108.21485595703125,-11.111080841143915,0.47847387598883306,0.8230531800733978,False,50.0,83.33340724037701,81.34921350614324,0.15519594852041324,2.2261962890625,637072.0749428564,100.69453468003992,0
2022-08-10,109.08307647705078,109.52831352389589,108.63783943020567,109.08307647705078,6508.828,0.4452370468451079,0.4452370468451079,0.4452370468451079,53.10270794834915,108.63783569335938,108.54878540039063,108.14807052612305,-12.499961527938968,0.47847387598883306,0.650469200457945,False,33.33333333333333,83.33340724037701,84.12705380123323,0.17368331896285405,0.8904876708984375,637072.0749428564,130.15794684361782,1
2022-08-11,111.30925750732422,112.19973156738281,109.97354641723634,109.97354641723634,15458.225,0.8904699401855538,2.6714180434869235,1.3357069870306617,64.16068044283546,109.43926391601562,108.8604522705078,108.23711814880372,-15.384590573093993,2.0408160410565688,2.3541480643897916,True,50.0,83.3333576975795,83.33339072611119,0.3207883949475069,3.116668701171875,640163.7199428565,276.6306925741332,0
2022-08-12,111.30925750732422,111.75449453735352,110.41878344726562,111.30925750732422,6377.801,1.3357110900878837,-0.4452370300292898,0.4452370300292898,64.16068044283546,109.97354888916016,109.172119140625,108.32616577148437,-16.6666423024205,1.4198768061917164,2.1102810691188005,False,50.0,83.3333576975795,83.33337421184535,0.39799625163612473,3.116668701171875,642289.6536095231,165.50098071047145,0
2022-08-15,110.864013671875,111.7544876772716,110.864013671875,111.30925067457329,6632.121,-6.832750926832887e-06,-6.86008192474219e-06,0.4452302246093751,60.75113342938097,110.329736328125,109.39473724365234,108.39295120239258,-25.000090827918942,0.6738474212679306,1.4945607310122206,False,33.33333333333333,74.99990917208106,80.55554152241338,0.39802498660515817,2.2261810302734375,635657.532609523,111.1108364539295,0
2022-08-16,109.97354888916016,111.30926000927141,109.52831184912307,111.30926000927141,7493.451,9.33469812025578e-06,-0.44522766800018587,-1.335701822751929,54.4394026396767,110.50783081054688,109.48378448486328,108.48199920654297,-41.66655949005419,-0.26917735115975905,0.5427439100234195,False,16.666666666666664,58.33344050994581,72.22223579320215,0.3203576967600215,0.890472412109375,631910.8071095231,45.83353652596233,0
2022-08-17,109.52830505371094,110.86401609095131,108.63783102888402,110.41877907853785,9284.17,-0.8904809307335597,-0.44524391832010224,-0.8904808202390484,51.51970946108623,110.59687652587891,109.61735610961914,108.61557044982911,-50.00000801555263,-0.7397476974309788,0.06779358099674701,False,16.666666666666664,39.99993856364699,57.77776274855797,0.2257462922008655,1.3357162475585938,630053.9731095231,5.405189008050522,0
2022-08-18,109.08307647705078,109.52831352389589,108.63783943020567,109.52831352389589,6815.456,-0.8904655546419633,-1.3357025670554208,8.401321650808313e-06,48.67211735258647,110.15164031982422,109.79545211791992,108.74914169311523,-58.33317094847664,-1.1432370130917022,-0.3389783605916981,False,16.666666666666664,30.00002855279735,42.77780254213007,0.12496078328249371,1.7809600830078125,630053.9731095231,-45.26729946138548,0
2022-08-19,108.19258880615234,109.08306278809599,107.74735181518052,108.63782579712417,8200.899,-0.8904877267717239,-0.4452507357999025,-0.8904876150251511,43.43408159595017,109.52830657958984,109.750927734375,108.88271255493164,-75.00006799947353,-1.48649302967449,-1.1525501253897537,False,0.0,9.999977893880073,26.666648336774827,-0.0031113978081940274,-0.44524383544921875,627320.340109523,-96.70853912694983,1
2022-08-22,108.63783264160156,108.63783264160156,107.74735860355564,107.74735860355564,2937.0,-0.8904671935685258,-0.44523014649442416,6.788375117139367e-06,46.57045839579028,109.08307037353515,109.70640335083007,108.97176017761231,-79.9998904859681,-0.6784259758465747,-0.8465986007943299,True,16.666666666666664,20.0001095140319,20.000038653569792,-0.05632222529610262,-0.44524383544921875,630257.340109523,-92.36961904754148,1
2022-08-23,109.08307647705078,109.52831352389589,108.63783943020567,109.52831352389589,4441.398,1.7809549203402497,0.8904808822943266,0.8904808266500339,49.617918686392834,108.90497589111328,109.70640335083007,109.08306999206543,-69.99975886581628,4.662742762233888e-06,-0.4739298718925122,True,33.33333333333333,30.000241134183725,20.00010951403192,-0.05969363740328165,0.0,630257.340109523,-45.26715401800502,0
2022-08-24,108.63783264160156,109.08306966062452,108.63783264160156,109.08306966062452,6019.282,-0.4452438632713722,-0.4452438632713722,-6.788604110852248e-06,46.711431927940424,108.72688140869141,109.66187896728516,109.10533218383789,-79.9998904859681,-0.20449977055026022,-0.8465986007943299,False,33.33333333333333,22.222338662750417,24.074229770322034,-0.08834272344683725,-0.44524383544921875,624238.058109523,-62.24905179142819,0
2022-08-25,108.63783264160156,109.08306966062452,108.1925956225786,108.63783264160156,5097.199,-0.44523701902295443,0.0,-0.44523701902296864,46.711431927940424,108.63783264160156,109.3947364807129,109.12759437561036,-79.9998904859681,-0.06826042998000331,-0.8130095364318897,False,33.33333333333333,22.222376706647363,24.81498550119385,-0.10271776102881187,-2.6714248657226562,624238.0581095231,-61.111197762186286,0
2022-08-26,108.63783264160156,109.08306966062452,108.1925956225786,108.63783264160156,5499.08,0.0,0.0,0.0,46.71143192794043,108.72688140869141,109.12759399414062,109.14985656738281,-79.9998904859681,0.0,-0.7793977071909014,False,33.33333333333333,25.000106063888,23.14827381109528,-0.1071584237906096,-2.6714248657226562,624238.0581095233,-53.67241306402524,1
2022-08-29,109.52830505371094,109.9735420661244,107.7473570040571,108.63783102888402,8019.643,-1.6127175399560656e-06,0.890472405499878,-0.4452386185215005,53.74642041132689,108.90497589111328,108.99402313232422,109.19438018798829,-55.55553265732854,0.6134946393727333,0.1696620100200332,True,50.0,57.14292849491993,34.78847042181845,-0.04806752123750028,-1.3357086181640625,629049.8439095233,13.33289251399986,0
2022-08-30,109.08307647705078,109.973550570741,108.63783943020567,109.08307647705078,6988.327,0.4452454481667587,8.504616602067472e-06,0.89048242614858,50.13621426380912,108.90497589111328,108.90497589111328,109.19438018798829,-66.6663495364186,0.13624419984559272,-0.06797559858491764,False,33.33333333333333,60.00024294928566,47.38109250269789,-0.037385668169111895,-0.890472412109375,626720.40157619,66.66732746942763,0
2022-08-31,107.74736022949219,109.0830713067173,107.74736022949219,108.6378342809756,12363.679,-0.4452421960751849,-0.8904792640236963,-0.8904792007134859,41.10072494529526,108.72688140869141,108.72688140869141,109.17211875915527,-99.99976376955253,-0.8873715537702738,-1.0562178669566107,False,16.666666666666664,0.00037796767445804155,39.047849803960034,-0.11434926318245597,-1.78094482421875,614356.72257619,-117.45935440326821,0
2022-09-01,107.74736022949219,108.19259725523389,107.30212320375048,107.74736022949219,8572.045,-0.8904740514834089,-0.8904740514834089,-0.44523702574170443,41.10072494529526,108.54878692626953,108.59330978393555,109.19438095092774,-87.4999883533387,-0.7518794878923704,-0.8873715537702738,False,16.666666666666664,16.66663414634718,25.555751687769117,-0.15670985270829324,-1.3357162475585938,614356.72257619,-158.46919346480553,0
2022-09-02,107.74736022949219,108.6378342809756,107.30212320375048,107.74736022949219,7553.779,0.0,0.44523702574170443,0.0,41.10072494529526,108.37069244384766,108.54878692626953,109.14985733032226,-83.33336585365282,-0.6160164656383204,-0.7518794878923704,False,16.666666666666664,16.66663414634718,11.11121542012296,-0.1748041632121987,-0.44522857666015625,611838.7962428567,-107.1427704219051,1
2022-09-05,108.63783264160156,108.63783264160156,107.74735860355564,107.74735860355564,6463.593,-1.62593654806642e-06,-1.639374033857166e-06,0.44523539980515636,49.048238623601755,108.19259796142578,108.54878692626953,109.12759513854981,-50.000158927928574,0.20533725805743602,0.10256332866528457,True,33.33333333333333,49.99984107207143,27.777703121588615,-0.119514023402949,0.0,618302.3892428566,-35.71452472693617,0
2022-09-06,108.19258880615234,108.63782579712417,107.74735181518052,108.63782579712417,5698.903,0.8904671935685258,-6.844477397294213e-06,-6.788375117139367e-06,45.68569752106966,108.01450042724609,108.4597381591797,109.08307075500488,-66.66704798322812,-7.051678934237453e-06,-0.3076993593044833,False,16.666666666666664,33.33295201677189,33.333142411730186,-0.10609622612983532,-0.8904876708984375,618302.3892428566,-46.91468526313717,0
2022-09-07,107.30211639404297,108.19259038901428,106.85687939655732,107.74735339152863,6618.473,-0.8904724055955313,-0.4452354081098804,-0.8904724186232045,39.74142471411605,107.92545166015626,108.32616653442383,108.9940227508545,-85.71434159709621,-0.5502100428500327,-1.0266992038605511,False,16.666666666666664,14.285658402903788,32.53948383058239,-0.14779821792811815,-1.3357162475585938,616096.23157619,-133.33371347936813,1
2022-09-08,107.74736022949219,107.74736022949219,106.85688617800878,107.30212320375048,5446.01,-0.4452301877781508,-0.4452301595220973,6.781451460824428e-06,43.73466452705904,107.92545166015626,108.23711929321288,108.8159278869629,-71.42846379460917,-0.13754897517328293,-0.513873089386501,True,33.33333333333333,28.57153620539084,25.39671554168886,-0.136282985871587,-0.890472412109375,621542.24157619,-106.99541879422584,0
2022-09-12,107.74736022949219,108.6378342809756,106.85688617800878,108.6378342809756,8961.957,1.3357110772251133,0.8904740514834089,0.0,43.73466452705904,107.92545166015626,108.14807205200195,108.6378330230713,-71.42846379460917,-0.13754897517328293,-0.44566195112386725,False,33.33333333333333,28.57153620539084,23.809576937895176,-0.12011968129984213,-0.890472412109375,621542.24157619,-54.16647165922333,0
2022-09-13,107.74736022949219,108.19259725523389,107.30212320375048,107.74736022949219,6266.391,-0.8904740514834089,-0.44523702574170443,0.44523702574170443,43.73466452705903,107.74735717773437,107.96997756958008,108.48200035095215,-71.42846379460917,-0.13754897517328293,-0.37735721284261337,False,33.33333333333333,40.000182772691694,32.38108506115781,-0.10161658500650356,-1.78094482421875,621542.24157619,-42.929098154778146,0
2022-09-14,106.41165161132812,107.30212568338945,106.41165161132812,106.85688864735879,6853.643,-0.8904715821334008,-0.8904715718444436,-0.8904715924223581,34.7625032563717,107.39116973876953,107.70283508300781,108.30390548706055,-100.0,-1.0351924369391692,-1.4432957370663824,False,16.666666666666664,0.0,22.857239659360868,-0.16762711427417676,-2.6714248657226562,614688.59857619,-212.12041098080726,0
2022-09-15,105.9664077758789,106.85688179080226,105.9664077758789,106.41164478334059,8434.168,-0.44524386401819527,-0.445243892587186,-0.44524383544921875,32.34921207049496,107.12402801513672,107.52473983764648,108.12581062316895,-100.0,-1.108035962788071,-1.5851167179216543,False,16.666666666666664,0.0,13.333394257563919,-0.22593932747539147,-1.7809524536132812,606254.43057619,-183.54456311825973,0
2022-09-16,105.07593536376953,105.96640939227605,104.63069834951627,105.5211723780228,16148.738,-0.8904724053177944,-0.8904723985262137,-1.3357094263626408,28.09398155458689,106.5897430419922,107.25759735107422,107.92545356750489,-90.00000632172642,-1.5983340072454846,-2.108538741828604,False,16.666666666666664,11.111103338366613,3.70370111278889,-0.3042680489321046,-2.6714248657226562,600871.5179095234,-186.6668099972859,0
2022-09-19,105.07593536376953,105.96640939227605,105.07593536376953,105.07593536376953,4568.582,-0.4452370142532658,0.0,0.4452370142532658,28.09398155458689,106.05545806884766,106.99045486450196,107.76962089538574,-88.88889666163338,-1.1863238174742858,-1.9050924741725646,False,0.0,11.111103338366613,7.407402225577761,-0.333515251502811,-2.6714248657226562,596302.9359095234,-120.7265786007447,0
2022-09-20,105.07593536376953,105.96640939227605,105.07593536376953,105.5211723780228,4828.675,0.4452370142532658,0.0,0.0,28.09398155458689,105.52117309570312,106.63426513671875,107.59152603149414,-88.88889666163338,-0.7708489273715349,-1.7007988070924056,False,0.0,11.111103338366613,11.111103338366613,-0.329705773493965,-3.5618972778320312,591474.2609095233,-95.38467991349573,0
2022-09-21,104.63069915771484,105.07593617540725,104.18546214002244,105.07593617540725,6218.768,-0.44523620261554697,-0.8904732168687985,-0.8904732237470938,25.883822707030845,105.16498260498047,106.278076171875,107.36890716552735,-90.00000441119708,-0.7042252756297263,-1.878913969353553,False,0.0,9.999995588802927,10.74073408851207,-0.3330391760113077,-3.5618896484375,591474.2609095233,-114.97573353710271,0
2022-09-22,103.29498291015625,104.18545690076104,103.29498291015625,103.74021990545864,7007.431,-1.3357162699486054,-0.8904792746462107,-0.8904792298661874,20.584088086651647,104.63069763183594,105.87736282348632,107.10176467895508,-100.0,-1.486202953448842,-2.7253709130137063,False,0.0,0.0,7.037032975723199,-0.3967441474697321,-4.007133483886719,584466.8299095234,-137.55285846844274,0
2022-09-23,102.40451049804688,103.74022150454313,101.95927349588145,103.74022150454313,11164.809,1.599084484382729e-06,-0.4452353962179103,-1.3357094142748025,17.916206297772604,104.0964126586914,105.3430778503418,106.79009857177735,-93.333339075701,-1.7793610972664564,-3.123905870054298,False,0.0,7.142850577870215,5.7142820555577325,-0.4656306473046694,-5.3428497314453125,578884.4254095234,-149.45224046258687,1
2022-09-26,103.74022674560547,104.18546377026472,101.06880459764996,101.95927864696846,8517.05,-1.7809428575746722,0.4452422657215891,-0.8904688982314894,32.27904614604415,103.82927093505859,104.94236450195312,106.54521827697754,-64.70588358451573,-0.28530374417072496,-1.5839476347290211,True,16.666666666666664,42.85712401479133,16.66665819755387,-0.3910222586822598,-4.007133483886719,584968.0325523806,-108.76349399462259,0
2022-09-27,103.29498291015625,104.63069389606345,103.29498291015625,104.18545690076104,3717.677,2.2261782537925825,0.4452301257987301,2.226178312506292,30.34803098363392,103.47308044433593,104.49712677001953,106.23355216979981,-70.58832630276902,-0.429187453210397,-1.6601949940645324,False,16.666666666666664,38.46144821876278,29.48714093714146,-0.3431506419757202,-4.4523773193359375,581250.3555523806,-54.38613968657872,1
2022-09-28,103.74022674560547,104.18546377026472,101.51404162230921,104.18546377026472,11651.519,6.869503678785804e-06,-0.4452301257987301,-1.7809412878470425,34.61511243899935,103.29498596191407,104.22998428344727,105.96640968322754,-62.50000138463413,0.21505706019257667,-0.9213301084195843,True,33.33333333333333,54.545482128054424,45.2880181205362,-0.25693567264006134,-2.6714248657226562,589018.034885714,-72.2219839230196,0
2022-09-29,103.29498291015625,104.63069389606345,102.40450891955146,104.18545690076104,13356.968,-6.869503678785804e-06,0.4452301257987301,0.8904672972422532,32.44663101574427,103.29498596191407,103.962841796875,105.74379081726075,-64.28583925189875,-2.462008687056428e-06,-0.9957362569249377,False,33.33333333333333,45.45442937635499,46.15378657439075,-0.20745059831120316,-2.6714248657226562,586346.6412857139,-42.763359376072245,0
2022-09-30,101.51404571533203,102.84975684316535,101.51404571533203,102.40451980055424,9488.047,-1.780937100206799,-1.7809370528980963,-0.8904632042194294,25.48118626500147,103.1168930053711,103.60665283203124,105.43212509155273,-92.30761610766311,-1.4409158715730692,-2.320593136515564,False,33.33333333333333,9.090997259938474,36.36363625478265,-0.2683492078583798,-3.5618896484375,576858.5942857139,-133.5611775205916,0
2022-10-03,99.28785705566406,101.06880516428583,98.84262002850862,100.62356813713039,16583.873,-1.7809516634238491,-1.7809516788795179,-2.6714256868234116,19.71100010464488,102.2264190673828,103.0278450012207,105.00914993286133,-93.7499973059285,-3.113683778071537,-3.948310135031996,False,33.33333333333333,7.142859702005799,20.56276211276644,-0.42304505240066526,-5.788078308105469,566908.2704857138,-220.61678027323592,1
2022-10-04,99.73309326171875,100.62356730869838,98.84261921473912,100.17833028520857,11471.514,-0.4452378519218172,-0.4452378555874503,-8.137695033383352e-07,23.491066255082174,101.51404113769532,102.49356079101562,104.56391296386718,-87.49999614267811,-2.040815103070384,-3.100214370184105,True,33.33333333333333,15.384632991222741,10.539496651055691,-0.4569734756473267,-5.342842102050781,566908.2704857138,-150.51237707169236,0
2022-10-05,99.28785705566406,100.17833110997495,99.28785705566406,99.7330940828195,9471.574,-0.4452362023890686,-0.44523619872343545,0.4452378409249462,22.343486559422246,100.62356719970703,101.95927658081055,104.11867637634278,-93.7499865966169,-1.834188436060899,-3.0785922169549926,False,33.33333333333333,7.6923306183581275,10.073274437195574,-0.4692149689166478,-5.342842102050781,557436.6964857138,-114.07112594156894,0
2022-10-06,98.39738464355469,99.28785871272713,98.39738464355469,99.28785871272713,9644.505,-0.44523537009237657,-0.8904723972478195,-0.890472412109375,20.191375909546167,99.64404754638672,101.46951675415039,103.67343978881836,-100.0,-1.850478990187477,-3.423157220007368,False,16.666666666666664,0.0,7.692321203193642,-0.49456629400741736,-4.8975982666015625,547792.1914857138,-112.26848866672614,0
2022-10-07,98.39738464355469,98.84262167814092,97.50691057438225,97.95214760896847,9044.48,-1.3357111037586549,-0.44523703458621355,-0.8904740691724413,20.191375909546167,99.02071533203124,101.06880416870118,103.20594100952148,-87.4999838012719,-1.0447754609295088,-2.9282542236648714,False,16.666666666666664,12.500016198728105,6.730782272362096,-0.46885056369244804,-4.0071258544921875,550807.0181523805,-99.4871652229954,0
2022-10-11,97.0616683959961,97.95214241797771,97.0616683959961,97.5069054069869,11586.183,-0.4452422019815714,-0.8904792601632039,-0.44524217838615243,17.228974280772235,98.57547760009766,100.40094833374023,102.67165641784668,-100.0,-1.6541387327192625,-3.7527613470038483,False,16.666666666666664,0.0,4.166672066242721,-0.49664873862788483,-6.678558349609375,539220.8351523805,-106.50902123191315,1
2022-10-12,97.95214080810547,97.95214080810547,96.61642979708584,97.06166680075906,8037.153,-0.4452386062278464,-1.6098722426249878e-06,-0.44523859891025097,25.209297097697032,98.219287109375,99.86666412353516,102.18189544677735,-83.33332924241884,-0.5275098497946985,-2.51108192058186,True,33.33333333333333,16.666670757581162,9.722228985436441,-0.41332904395878955,-5.342842102050781,547257.9881523806,-92.97069054652837,0
2022-10-13,97.0616683959961,97.95214241797771,97.0616683959961,97.5069054069869,8618.846,0.4452386062278464,1.6098722426249878e-06,0.44523859891025097,22.810140262189037,97.7740493774414,99.19880828857421,101.71439628601074,-94.44442317583406,-0.9841050438806447,-2.8592665382573523,False,16.666666666666664,7.142872427819853,7.936514395133691,-0.3774442549770298,-6.678558349609375,538639.1421523805,-87.37871133316739,0
2022-10-14,97.0616683959961,97.95214241797771,96.17119437401448,97.5069054069869,11049.316,0.0,0.0,-0.8904740219816176,22.810140262189037,97.50690612792968,98.5754768371582,101.2691593170166,-89.47367962300048,-0.6079042315872073,-2.3516258345647887,False,16.666666666666664,18.181804559693887,13.997115915031651,-0.31548374500735665,-6.233314514160156,538639.1421523805,-90.61492782338247,0
2022-10-17,97.0616683959961,97.5069054069869,96.17119437401448,96.61643138500528,6672.363,-0.8904740219816176,-0.4452370109908088,0.0,22.81014026218905,97.23976287841796,98.1302391052246,100.86844596862792,-89.47367962300048,-0.38080792576830624,-1.8018036561512736,False,16.666666666666664,19.999987311144594,15.10822143288613,-0.23970849933994076,-4.4523773193359375,540863.2631523806,-88.88881699211157,0
2022-10-18,96.6164321899414,97.50690621934179,96.17119517524122,97.50690621934179,8686.191,0.8904748343365014,8.123548838057104e-07,8.01226747171313e-07,21.482966345645224,97.15071563720703,97.86309661865235,100.44547080993652,-93.3333285720761,-0.5347583922453497,-1.6987556651640467,False,16.666666666666664,11.111121113769803,16.430970994869448,-0.1871142989230523,-2.6714248657226562,537967.8661523805,-84.41545009900746,0
2022-10-19,95.72595977783203,97.06167084449946,95.28072275560956,96.61643382227699,10214.085,-0.8904723970647979,-0.44523537484232634,-0.8904724196316636,19.0629982197419,96.70547943115234,97.46238327026367,99.97797203063965,-92.30769379587502,-1.2251126362623093,-2.1244303256626718,False,16.666666666666664,11.111103466096054,14.074070630336836,-0.17979406665222353,-4.007133483886719,532860.8236523804,-131.54494742442154,0
2022-10-20,95.28072357177734,95.7259605978137,93.94501249366832,95.28072357177734,17834.465,-1.3357102504996448,-1.335710246685764,-1.3357102619412444,17.95950821642603,96.34929046630859,97.061669921875,99.51047325134277,-79.99999827652812,-1.230766991990492,-2.2459063869244167,False,0.0,27.272716703157375,16.49831376100776,-0.17241069762065075,-4.007133483886719,541778.0561523802,-189.333121042268,1
2022-10-21,96.17119598388672,96.17119598388672,95.28072194699888,95.7259589654428,4813.763,0.44523539366545606,0.4452353860730227,1.3357094533305656,27.159146998116228,96.17119598388672,96.8390510559082,99.1542839050293,-64.28574203804358,-0.15408292422025557,-1.0309279159933393,True,16.666666666666664,55.555560520091504,31.313126896448328,-0.07974004168833204,-2.2261886596679688,546591.8191523802,-86.77690041734802,0
2022-10-24,95.72595977783203,96.61643382227699,95.28072275560956,96.1711968000545,8800.813,0.44523783461170297,0.44523783839026976,8.086106788596226e-07,25.593714292306416,95.9040542602539,96.57190856933593,98.82035636901855,-66.66669390912313,-0.38609968106914094,-1.1872837117039197,False,16.666666666666664,44.444460693913015,42.42424597238732,-0.023530975398506015,-2.6714248657226562,543658.2148190468,-65.82629979738738,1
2022-10-25,98.39738464355469,98.39738464355469,95.28072540145115,96.17119947062359,19558.795,2.6705690885364675e-06,1.780950821277699,2.6458415902652632e-06,45.975767627146205,96.26024475097657,96.70548019409179,98.55321426391602,-9.090905742291751,2.1571675113684554,1.5702832842791485,True,33.33333333333333,100.0,66.66667373800152,0.20582976111081308,1.3357162475585938,563217.0098190468,74.23013155608864,0
2022-10-26,96.6164321899414,98.39738024874218,96.6164321899414,97.95214323404198,12188.012,1.7809437634183922,-4.394812506802737e-06,1.3357067884902563,38.33801111534962,96.43833923339844,96.5719093322754,98.21928672790527,-40.00008071335036,0.3081645242197311,-0.1150752463939693,False,33.33333333333333,59.99991928664965,68.14812666018757,0.2470856945845581,-1.3357086181640625,551028.9978190468,65.2173688425733,1
2022-10-27,97.50690460205078,98.39737861668138,96.61643058742018,97.06166759473548,11978.132,-0.8904756393065014,-1.6320608011710647e-06,-1.6025212232761987e-06,43.4611972249415,96.88357543945312,96.61643295288086,97.90762062072754,-20.00012603453716,0.9216559840189051,0.7668691129008112,True,50.0,79.99987396546284,79.99993108403751,0.3381994132228918,0.4452362060546875,551028.9978190468,91.16795331186638,0
2022-10-28,97.0616683959961,97.95214241797771,97.0616683959961,97.5069054069869,6777.773,0.44523781225142045,-0.44523619870366815,0.4452378085759108,41.57696696639163,97.061669921875,96.61643295288086,97.59595489501953,-30.00010337394376,0.1531377654576544,0.38372849771561707,False,50.0,69.99989662605624,69.99989662605627,0.3697740655814843,0.0,544251.2248190468,71.62526723192774,1
2022-10-31,98.84262084960938,99.28785788046346,97.50690975704708,97.95214678790119,9124.637,0.44524138091428256,1.3357154624857515,0.4452413610509893,50.87129537798014,97.68500213623047,96.79452819824219,97.4623836517334,-8.333331747807863,1.5243926808296115,2.0689683063858553,True,50.0,91.66666825219214,80.55547961457043,0.5036029587923876,1.7809524536132812,548813.5433190468,141.02588374501585,0
2022-11-01,97.50690460205078,98.39737861668138,97.50690460205078,98.39737861668138,5229.334,0.4452318287801944,-0.8904792637820833,-5.154996301826031e-06,45.012390623641465,97.50690612792968,96.88357543945312,97.37333602905274,-33.33342347533228,-0.15197801104041772,0.6510890353446784,False,50.0,66.66657652466772,76.1110471343054,0.49446096903788206,0.890472412109375,543584.2093190468,67.9403960026804,0
2022-11-02,96.6164321899414,97.0616692046416,96.17119517524122,97.0616692046416,8134.262,-1.3357094120397761,-1.3357094120397761,-1.335709426809558,41.533527952606654,97.50690612792968,96.97262268066406,97.21750297546387,-50.000056096036204,-0.7621950443040293,-0.2298859509634277,False,33.33333333333333,33.33329003859538,63.8888449384851,0.4234742826962652,0.890472412109375,543584.2093190467,-22.98858051242088,0
2022-11-03,96.6164321899414,97.0616692046416,96.17119517524122,96.6164321899414,4811.046,-0.44523701470019716,0.0,0.0,41.533527952606654,97.32881164550781,97.10619354248047,97.08393173217773,-50.000056096036204,-0.7621950443040293,-0.2298859509634277,False,33.33333333333333,33.33327658573893,44.444381049667356,0.37330846354728076,1.3357086181640625,543584.2093190466,-46.13101424058155,0
2022-11-04,96.6164321899414,96.6164321899414,95.28072114584084,95.72595816054103,11238.971,-0.8904740294003801,-0.44523701470019716,-0.8904740294003801,41.533527952606654,97.23976440429688,97.15071716308594,96.99488410949706,-50.000056096036204,-0.6106872206074784,-0.30627946711285303,False,16.666666666666664,33.33330336745687,33.33328999726374,0.337971690221325,0.4452362060546875,554823.1803190466,-99.05664378978668,0
2022-11-07,96.17119598388672,97.06167002077456,95.7259589654428,96.61643300233064,6220.288,0.8904748417896116,0.4452378308331504,0.44523781960195663,39.54935163707748,96.70547943115234,97.1952407836914,96.88357467651367,-77.7777775748963,-0.9174308320936736,-0.841621812505163,False,16.666666666666664,22.22222242510369,29.629600792766514,0.2845976472157774,0.4452362060546875,552749.7509857133,-96.21985618946489,1
2022-11-08,96.6164321899414,96.6164321899414,96.17119517524122,96.17119517524122,4418.249,-0.4452378270894144,-0.4452378308331504,0.4452362097984235,42.54373492957632,96.52738494873047,97.01714553833008,96.86131286621094,-66.66669663254314,-0.07674583155643687,-0.42065063987335577,True,16.666666666666664,33.33330336745687,29.62960972000583,0.2788953619745156,-1.7809524536132812,557167.9999857133,-63.49208016152733,1
2022-11-09,97.0616683959961,97.5069054069869,96.17119437401448,96.17119437401448,11329.982,-8.01226747171313e-07,0.8904732170454963,-8.01226747171313e-07,45.48935229179737,96.6164321899414,97.06166915893554,96.81678924560546,-55.55561569018994,0.4608286561227836,-0.07639536409383328,True,33.33333333333333,44.444384309810054,33.33330336745689,0.30273607521474677,0.4452362060546875,560944.66065238,-12.820596088600997,0
2022-11-10,96.6164321899414,97.50690621934179,96.17119517524122,96.6164321899414,6575.017,0.4452378159269301,8.123548838057104e-07,8.01226747171313e-07,43.079984823338464,96.6164321899414,96.97262191772461,96.79452743530274,-66.66669663254314,0.0,-0.3825554314220219,False,33.33333333333333,33.33330336745687,37.036997014907946,0.2863261321897035,-0.890472412109375,558752.9883190466,-22.687616141475985,1
2022-11-11,97.50690460205078,97.95214160936608,96.61643058742018,97.50690460205078,13456.528,0.890472412109375,0.445235390024294,0.4452354121789597,48.976337778714026,96.79452667236328,97.01714553833008,96.81678924560546,-44.44453474783676,0.7668697749785625,0.45871410899191367,True,50.0,71.42855694082915,49.73541487269872,0.33013730231116667,0.4452362060546875,563238.4976523799,47.12022102555439,0
2022-11-14,97.50690460205078,98.39737861668138,96.61643058742018,97.50690460205078,20311.554,0.0,0.44523700731529914,0.0,48.976337778714026,97.0616683959961,96.88357391357422,96.8390510559082,-44.44453474783676,0.6125563181311472,0.45871410899191367,False,50.0,71.42855694082915,58.73013908303841,0.3518169268169642,-1.3357162475585938,563238.4976523799,100.45661935735254,0
2022-11-15,97.0616683959961,97.95214241797771,96.61643138500528,97.5069054069869,12078.054,8.049361213124939e-07,-0.44523619870366815,7.975851019637048e-07,46.13269883274562,97.15071563720703,96.83905029296875,96.86131286621094,-55.55561569018994,0.0,-6.550298265868027e-07,False,50.0,57.1428611202162,66.6666583339582,0.3292726490907385,-0.4452362060546875,559212.4796523799,76.50279413583847,0
2022-11-16,96.6164321899414,97.0616692046416,96.17119517524122,96.6164321899414,13477.516,-0.8904732170454963,-0.890473213336108,-0.44523620976406164,43.38471926912967,97.0616683959961,96.83905029296875,96.90583648681641,-57.14283470039674,-0.45871476702645886,-0.26809602913019265,False,33.33333333333333,42.85716529960327,57.14286112021623,0.2794410155236269,0.0,559212.4796523796,-32.78686943326585,0
2022-11-17,96.17119598388672,97.06167002077456,95.7259589654428,96.61643300233064,11226.626,8.123892314415571e-07,8.161329532185846e-07,-0.4452362097984235,40.73751341970341,96.97262115478516,96.79452667236328,96.95036010742187,-71.42853052100968,-0.7656953976639451,-0.6134958199828412,False,16.666666666666664,16.66668201072373,38.88890281018109,0.2144815499343593,-0.4452362060546875,555470.270985713,-76.92301016337645,1
2022-11-18,97.0616683959961,97.0616683959961,96.17119437401448,96.17119437401448,6662.358,-0.44523862831616157,-1.6247784628831141e-06,0.4452354085716763,47.700096159145446,96.88357391357422,96.83905029296875,96.99488372802735,-42.8571388797838,0.07651095567976404,0.2683015450697432,True,33.33333333333333,49.99998521138393,36.50794417390367,0.2281984915499129,0.4452362060546875,562132.628985713,-11.696008114421302,0
2022-11-21,97.0616683959961,97.5069054069869,96.61643138500528,97.0616683959961,5188.355,0.8904740219816176,0.4452370109908088,0.4452370109908088,47.700096159145446,96.79452667236328,96.92809753417968,97.06166915893554,-42.8571388797838,0.15313907953278313,0.22988464091072103,False,16.666666666666664,49.99998521138393,38.88888414449722,0.23316123668355027,0.890472412109375,562132.628985713,34.92064633403179,0
2022-11-22,96.6164321899414,97.0616692046416,96.17119517524122,97.0616692046416,6080.606,8.086455096645295e-07,-0.44523620234529915,-0.44523620976406164,44.58329036423015,96.70547943115234,96.92809753417968,96.97262153625488,-66.66666638894617,-0.1533739549957066,-0.22988464091072103,False,16.666666666666664,33.33333361105383,44.444434677940585,0.20343150961931,0.0,562132.6289857129,-66.66665596427539,1
2022-11-23,97.0616683959961,97.5069054069869,96.61643138500528,97.0616683959961,5465.406,-8.086455096645295e-07,0.44523620234529915,0.44523620976406164,48.27065454182303,96.79452667236328,96.92809753417968,96.99488334655761,-50.00001478861608,0.3067479099914279,0.15313907953278313,True,33.33333333333333,49.99998521138393,44.444434677940585,0.20987990197957318,0.0,562132.6289857129,28.571428488508566,1
2022-11-24,97.95214080810547,98.39737781177868,97.06166680075906,97.50690380443226,6400.95,0.4452354084361616,0.8904724047917796,0.44523541575377124,54.82846291150446,97.15071563720703,97.0616683959961,97.01714515686035,-16.666711587955874,0.9946424238368741,0.9560212155127396,True,50.0,83.33328841204413,55.55553574482732,0.266601579091989,1.3357086181640625,564266.2789857128,142.07645934263803,1
2022-11-25,100.17832946777344,101.51404052734375,97.95214436848958,97.95214436848958,19952.159,0.4452405640573289,3.11666271556507,0.8904775677305281,66.43372483897707,97.7740478515625,97.32881088256836,97.17297821044922,-23.076921865828606,2.5835884605513177,2.974830178851862,True,66.66666666666666,76.92307813417139,70.08545058586651,0.4364947846051158,2.6714248657226562,569254.3187357128,259.25952792464716,0
2022-11-28,98.39738464355469,99.73309574731336,98.39738464355469,99.28785871272713,10916.869,1.3357143442375445,-1.7809447800303957,0.4452402750651032,54.2663302858188,98.04119110107422,97.41785888671875,97.15071640014648,-53.846094780417644,0.5307093109025862,0.9901037391675971,False,50.0,46.153905219582356,68.80342392193263,0.41169487159960394,0.8904800415039062,558337.4497357128,111.11137353007707,1
2022-11-29,99.73309326171875,100.62356730869838,98.3973821912493,98.3973821912493,9158.053,-0.8904765214778223,0.8904715613850271,-2.4523053809843987e-06,60.22642833641434,98.66452331542969,97.68500137329102,97.26202583312988,-30.769215094475864,1.4339635290971442,2.166478549780492,True,66.66666666666666,69.23078490552413,64.10258941975933,0.4641243418912582,2.6714248657226562,560169.0603357129,117.11713597611067,1
2022-11-30,101.06880187988281,101.06880187988281,99.28785382913597,99.73309084182269,14502.229,1.3357086505733804,0.4452345711844288,0.8904716378866624,65.17716712749225,99.46595001220703,98.13023834228515,97.48464431762696,-7.692335408534087,2.0224707909598942,3.2209163526431523,True,83.33333333333334,91.66663919035926,69.01710977182194,0.561153420725641,4.452369689941406,574671.2893357129,122.57085467783376,0
2022-12-01,99.28785705566406,101.51404219144128,99.28785705566406,101.51404219144128,10221.907,1.78095134961859,0.44524031155846444,3.2265280935916962e-06,55.18569980796563,99.73309326171875,98.4419044494629,97.61821556091309,-38.46152601569037,-0.1492521796361715,1.210289775814437,False,66.66666666666666,58.33335431414758,73.07692613667702,0.48087372173349296,3.1166610717773438,564449.3823357129,79.85350605050021,1
2022-12-02,99.73309326171875,99.73309326171875,98.84261921473912,99.28785623822894,7119.756,-2.2261859532123367,-1.780948929722527,-0.4452378409249462,56.98412001350012,99.64404602050782,98.70904693603515,97.77404861450195,-30.76923499860877,0.0,1.3957010701625356,True,66.66666666666666,66.66666808309297,72.22222052919996,0.4346423744232692,2.6714248657226562,571569.138335713,40.86540105898514,1
2022-12-05,100.17832946777344,100.62356648763021,99.2878554280599,99.73309244791666,4405.981,0.44523620968772093,0.8904732259114638,0.4452362133207828,58.78831506037997,100.00023498535157,99.0207130432129,97.97440528869629,-25.00001439889672,0.4464277518058147,1.5037598780096206,True,66.66666666666666,72.72725872965307,65.90909370896456,0.41118476005036064,3.1166610717773438,573037.7986690463,62.94324250535737,0
2022-12-06,99.73309326171875,99.73309326171875,99.28785623822894,99.73309326171875,6949.405,8.138020888281972e-07,-0.8904732259114638,8.101690411876916e-07,56.21611885031129,100.00023498535157,99.33237915039062,98.13023834228515,-33.33333191690702,-0.2227167412325176,0.8252073662271678,False,66.66666666666666,60.000027548224345,66.46465145365683,0.34546592491215034,3.1166610717773438,579987.2036690463,25.27080798362598,1
2022-12-07,100.17832946777344,100.62356648763021,99.2878554280599,99.73309244791666,9570.363,-8.138020888281972e-07,0.8904732259114638,-8.101690411876916e-07,58.21076587605947,99.82214050292968,99.64404525756837,98.28607139587402,-25.000018147961622,0.14836768093366776,1.0101010878054617,True,66.66666666666666,62.49997080037086,65.07575235941611,0.31274414757875985,3.1166610717773438,583177.3246690462,58.38038394364623,0
2022-12-08,98.84262084960938,100.17833194217167,98.84262084960938,99.73309491131756,5780.423,2.4634009037072246e-06,-0.4452345454585469,-0.44523457845052405,50.657945057303536,99.73309326171875,99.73309326171875,98.39738082885742,-54.54539871402939,-0.8190602970556689,-0.5227759562603719,False,50.0,14.285762910700688,45.59525375309866,0.18805107121244585,0.8904800415039062,577396.9016690463,-77.33320927724792,1
2022-12-09,99.73309326171875,100.17833028520857,98.84261921473912,99.28785623822894,6221.075,-0.44523867308862464,-1.6569630929552659e-06,-1.6348702587265507e-06,54.91254645209596,99.73309326171875,99.68856964111328,98.50869026184083,-39.999972451775655,0.0,0.14903166193564416,True,66.66666666666666,42.85713136457523,39.88095502521562,0.15388984965821095,-0.4452362060546875,579470.5933357129,-19.125736795843412,1
2022-12-12,100.17832946777344,100.17832946777344,99.2878554280599,99.2878554280599,6975.258,-8.101690411876916e-07,-8.174351364687027e-07,0.4452362133207828,56.93787581852851,99.73309326171875,99.86666412353516,98.64226150512695,-37.50002919962914,0.3717465298922052,0.4090732544442471,True,66.66666666666666,49.99995375809934,35.71428267779178,0.14949834787579241,1.78094482421875,586445.8513357129,19.999909725849196,0
2022-12-13,98.84262084960938,100.17833194217167,98.84262084960938,99.73309491131756,8169.127,0.4452394832576658,2.4743982294239686e-06,-0.44523457845052405,49.64021870514923,99.55499877929688,99.77761688232422,98.73130912780762,-85.71423708929932,-0.7451551127487994,-0.8190602970556689,False,50.0,6.119848009785326e-05,30.952382107051587,0.04999966444607995,-0.890472412109375,578276.724335713,-96.96956396187919,1
2022-12-14,99.28785705566406,100.62356813713039,99.28785705566406,99.7330940828195,8017.622,-8.28498059490812e-07,0.44523619495872424,0.4452362060546875,51.88280814537539,99.376904296875,99.59952239990234,98.86488037109375,-71.42855286236204,-0.22371323488540285,-0.4464277518058147,True,66.66666666666666,25.00003426977157,25.000016408783697,0.009647306211925777,-1.78094482421875,570259.102335713,11.76487633090623,1
2022-12-15,99.73309326171875,100.17833028520857,99.28785623822894,100.17833028520857,7178.759,0.4452362023890686,-0.4452378519218172,-8.17435122257848e-07,54.112030254519524,99.55499877929688,99.64404602050782,99.04297523498535,-66.66667709510708,0.2985069130043547,0.0,True,66.66666666666666,49.999976741836974,25.00002407002958,0.00846006789104864,0.4452362060546875,570259.1023357129,22.22222158839266,0
2022-12-16,98.39738464355469,99.73309574731336,98.39738464355469,98.84262167814092,16233.599,-1.3357086070676587,-0.4452345378952174,-0.8904715946742527,46.987656874926046,99.28785705566406,99.5104751586914,99.10976104736328,-100.0,-0.9708719972712117,-1.1185661744270141,False,66.66666666666666,0.0,25.000003670536213,-0.08179201530386004,-1.3357086181640625,554025.5033357128,-178.94735143377054,1
2022-12-19,99.28785705566406,99.7330940828195,98.39738300135318,98.39738300135318,7705.228,-0.44523867678773854,-1.6644938511944929e-06,-1.642201510776431e-06,51.62014882567537,99.1097625732422,99.42142791748047,99.22107048034668,-60.0,0.0,-0.22371323488540285,True,66.66666666666666,40.0,29.99999224727902,-0.08088096132250833,-0.890472412109375,556593.9126690462,-83.33351858525802,0
2022-12-20,99.28785705566406,99.7330940828195,98.84262002850862,98.84262002850862,7023.691,0.4452370271554429,0.0,0.4452370271554429,51.62014882567537,99.19880981445313,99.376904296875,99.35464172363281,-60.0,0.14970032231306452,-0.18649723223637507,False,50.0,40.0,26.666666666666696,-0.079521903001195,-0.4452362060546875,556593.9126690462,-41.26991545324281,0
2022-12-21,99.28785705566406,100.17833110997495,99.28785705566406,99.28785705566406,5977.026,0.4452370271554429,0.4452370271554429,0.4452370271554429,51.62014882567537,99.19880981445313,99.28785705566406,99.46595115661621,-60.0,0.07479417759407456,-0.1119818765819949,False,50.0,40.0,40.0,-0.0777720418192428,-0.890472412109375,550616.8866690462,37.03712770748288,1
2022-12-22,100.62356567382812,100.62356567382812,99.28785462506049,99.73309164131636,6424.597,0.445234585652301,0.4452345638531767,-2.430603572634027e-06,58.65586795545407,99.376904296875,99.46595153808593,99.59952239990234,-0.00011065127632813202,1.1940276520174047,1.1562828398654912,True,50.0,99.99988934872367,59.99996311624125,0.00955009817729563,1.78094482421875,557041.4836690462,141.02552681755526,0
2022-12-23,100.17832946777344,100.62356648763021,99.2878554280599,99.73309244791666,6497.656,8.066002976647724e-07,8.138020888281972e-07,8.029994091884873e-07,55.709799284826104,99.73309326171875,99.5104751586914,99.59952239990234,-20.000073767517552,0.6711397046562085,0.7086894824982024,False,33.33333333333333,79.99992623248245,73.33327186040206,0.03225220917734861,0.4452362060546875,559207.3690023795,89.08043360202755,1
2022-12-26,100.62356567382812,101.068802690084,100.17832865757224,100.62356567382812,4827.234,0.8904732259114638,0.4452362024537848,0.8904732295123381,58.01050269546738,100.00023498535157,99.55499877929688,99.71083145141601,-16.666681694908206,0.7429406885386647,1.0055847439042616,True,50.0,83.3333183050918,87.77771129543267,0.0700160154545455,0.4452362060546875,559207.3690023796,157.14291312197702,0
2022-12-27,100.62356567382812,101.068802690084,100.62356567382812,101.068802690084,1854.101,0.44523701625587364,0.0,0.44523701625588785,58.01050269546737,100.26737670898437,99.73309326171875,99.75535507202149,-16.666681694908206,0.5189019418791155,0.9304039480477745,False,33.33333333333333,83.3333183050918,82.22218761422204,0.08666704423169769,1.78094482421875,557353.2680023796,134.1464324548101,1
2022-12-28,101.51404571533203,101.51404571533203,99.73309754488761,100.17833458749872,8373.617,-0.8904681025852739,0.4452430252480326,-0.8904681289405119,62.6308729477685,100.71261444091797,99.95571212768554,99.77761726379394,-0.0,1.033977842480411,1.7100410337254437,True,50.0,100.0,88.88887887006122,0.14584294285156857,2.2261886596679688,565726.8850023795,113.33390060980518,0
2022-12-29,100.62356567382812,101.068802690084,100.17832865757224,100.62356567382812,3779.64,0.4452310863294002,-0.4452430252480326,0.445231112684624,55.91844343314656,100.71261444091797,100.04475936889648,99.84440269470215,-28.5715883695058,-0.07369309540056666,0.6681495833831033,False,50.0,71.4284116304942,84.92057664519537,0.11458139023819397,0.890472412109375,565726.8850023797,66.03762976120572,0
2022-12-30,100.62356567382812,101.068802690084,100.17832865757224,101.068802690084,2561.417,0.44523701625587364,0.0,0.0,55.91844343314656,100.80166168212891,100.26737747192382,99.88892631530761,-28.5715883695058,-0.07369309540056666,0.5561718695473412,False,33.33333333333333,66.66648651706367,79.36496604918598,0.0848413792609285,2.2261810302734375,565726.8850023797,55.55540204421594,0
2023-01-03,100.62356567382812,101.068802690084,99.28785462506049,100.62356567382812,7404.693,-0.44523701625587364,0.0,-0.8904740325117473,55.91844343314656,100.80166168212891,100.40094833374023,99.91118812561035,-28.5715883695058,-0.14727639737026607,0.4816583553814031,False,33.33333333333333,59.999838046459466,66.03157873133914,0.05742069095750191,1.3357086181640625,569429.2315023796,4.694653658690717,1
2023-01-04,101.06880187988281,101.51403889256952,100.6235648671961,101.06880187988281,5591.905,0.4452362060546875,0.44523620248551765,1.3357102421356046,58.78572846481459,100.89070892333984,100.57904281616212,99.97797355651855,-14.28591658161184,0.22074888738201048,0.7024010380829346,True,33.33333333333333,79.99974766789181,68.88869074380501,0.061174208112426576,1.78094482421875,569429.2315023798,111.11079473171577,1
2023-01-05,101.51404571533203,101.51404571533203,100.62357163010982,101.06880867272093,7288.494,6.792838121327804e-06,6.822762514957503e-06,6.7629137276981055e-06,61.51649497958217,100.89070892333984,100.80166168212891,100.04475936889648,-0.0,0.5143317909548917,0.9594141579218781,True,50.0,100.0,79.99986190478378,0.08413140622786297,2.2261886596679688,576717.7255023797,135.41718310940544,0
2023-01-06,101.51404571533203,101.51404571533203,101.06880867272093,101.51404571533203,5058.604,0.4452370426110974,0.0,0.44523704261111163,61.51649497958217,101.06880493164063,100.8907096862793,100.17833061218262,-0.0,0.5143317909548917,0.7734849226873883,False,33.33333333333333,100.0,93.33324922263063,0.0893154713716241,0.8904800415039062,581776.3295023798,130.1589467062853,1
2023-01-09,102.40451049804688,102.40451049804688,101.0687994915506,101.95927349588145,8213.144,0.44522778054941625,0.8904647827148438,-9.181170327110522e-06,66.75866760725496,101.42499389648438,101.11332778930664,100.31190147399903,-0.0,1.0988965741092565,1.3960278832018531,True,50.0,100.0,100.0,0.1397117379492816,2.2261810302734375,589989.4735023797,185.79125472099088,0
2023-01-10,102.40451049804688,102.40451049804688,101.51403649371602,102.40451049804688,9017.913,0.4452370021654275,0.0,0.4452370021654133,66.75866760725495,101.78118286132812,101.29142227172852,100.4232105255127,-0.0,0.8035022371632398,1.247244548781361,False,50.0,100.0,100.0,0.15865846745359502,1.78094482421875,599007.3865023798,149.1220885340155,0
2023-01-11,101.51404571533203,102.40451980055424,101.06880867272093,102.40451980055424,8610.495,9.302507365305246e-06,9.302507365305246e-06,-0.4452278209950862,57.446009007303154,101.87023162841797,101.3804702758789,100.55678176879883,-28.571374693181077,-0.21881422913044807,0.25650876695570485,False,50.0,71.42862530681892,90.47620843560634,0.09971102064513682,0.8904800415039062,596137.2215023797,66.66718710801821,0
2023-01-12,101.06880187988281,101.95927590525622,100.6235648671961,101.51403889256952,7284.877,-0.890480907984724,-0.4452438952980202,-0.44524380552483933,53.3839480265373,101.78118286132812,101.33594589233398,100.64582901000976,-42.85727999190095,-0.656457685710595,-0.21978232767105618,False,33.33333333333333,57.14272000809905,76.19044843830602,0.023216834904183137,-0.44524383544921875,593708.9291690465,-0.0002701713758884713,1
2023-01-13,101.51404571533203,101.95928275794314,101.06880867272093,101.51404571533203,4888.239,6.822762514957503e-06,6.852686922798057e-06,0.44524380552483933,56.722351282064096,101.78118286132812,101.42499389648438,100.73487663269043,-28.571374693181077,-0.21881422913044807,0.14641700578587366,True,33.33333333333333,71.42862530681892,66.66665687391232,-0.003489428293488306,0.8904800415039062,593708.9291690463,33.33398389629639,1
2023-01-16,102.40451049804688,102.40451049804688,101.0687994915506,101.51403649371602,8411.971,-9.221616011245715e-06,0.4452277401037321,-9.181170327110522e-06,62.57057357142687,101.78118286132812,101.60308837890625,100.93523292541504,-0.0002984763149551834,0.5098290585490195,0.9509833165387103,True,50.0,99.99947766744734,76.19027432745513,0.030831314103525242,1.78094482421875,602120.9001690464,86.41917790591454,0
2023-01-17,101.51404571533203,102.40451980055424,101.51404571533203,101.95928275794314,7645.572,0.4452462642271229,9.302507365305246e-06,0.44524622378142453,54.531657839645,101.60308990478515,101.69213638305663,101.04654235839844,-28.571374693181077,-0.21881422913044807,4.384103019162382e-06,False,33.33333333333333,50.00018986762666,73.80943094729766,-0.012121583801954605,0.8904800415039062,594475.3281690463,47.620150108893945,1
2023-01-30,101.95927429199219,102.84974830327596,100.62356327506653,102.84974830327596,29033.941,0.8904655453328161,0.44522850272171866,-0.8904824402655009,57.50932284281883,101.69213562011718,101.78118362426758,101.18011322021485,-25.000016612789643,0.2919665137751909,0.32858334518612514,True,50.0,60.0,69.99988917835803,-0.01598798321183348,0.890472412109375,600282.1163690463,37.03629079191116,0
2023-01-31,100.17832946777344,101.95927754720051,100.17832946777344,101.95927754720051,17285.032,-0.8904707560754446,-0.8904707560754446,-0.4452338072930928,44.72739603782161,101.51404113769532,101.64761199951172,101.22463684082031,-100.0,-1.2435993532453034,-1.3878749450893224,False,50.0,0.0,36.66672995587558,-0.13718578539935944,-1.3357162475585938,582997.0843690463,-175.92679892363336,0
2023-02-01,100.17832946777344,100.62356648763021,99.2878554280599,100.17832946777344,16737.593,-1.780948079427077,-1.3357110595703006,-0.8904740397135384,44.72739603782161,101.2468978881836,101.51404037475587,101.20237503051757,-74.99997695299795,-1.098901595524598,-1.315790190633383,False,50.0,25.000023047002035,28.333341015667372,-0.21160283647579303,-1.3357162475585938,588576.2820357129,-199.18687425701307,0
2023-02-02,99.73309326171875,100.62356730869838,99.28785623822894,99.73309326171875,12011.874,-0.4452362060546875,8.210681698983535e-07,8.101690411876916e-07,41.953181137713656,100.71261444091797,101.24689865112305,101.18011322021485,-87.49996562903809,-1.2490805363821835,-1.6105412868750169,False,33.33333333333333,12.500034370961911,12.500019139321344,-0.2807292031140395,-2.671417236328125,584572.3240357128,-145.0615804843658,1
2023-02-03,100.62356567382812,101.068802690084,99.73309164131636,99.73309164131636,9364.77,-1.6204023864929695e-06,0.4452353813856149,0.44523540308742326,48.872166780844694,100.53451843261719,101.06880416870118,101.18011322021485,-62.49998827695784,-0.07369309540056666,-0.6593413380594392,True,33.33333333333333,37.500011723042164,25.000023047002063,-0.25703411068700827,-1.78094482421875,587693.9140357128,-64.56466199301461,0
2023-02-06,100.17832946777344,101.06880350748698,99.73309244791666,100.17832946777344,6493.829,0.445237826457074,8.174029773044822e-07,8.066002976647724e-07,45.888654082851545,100.17832946777344,100.93523254394532,101.15785140991211,-74.99997695299795,-0.29542043651536376,-0.9174314003470623,False,33.33333333333333,25.000023047002035,25.000023047002063,-0.2610584326891224,-1.3357162475585938,585529.3043690462,-63.76811660770606,0
2023-02-07,100.17832946777344,101.06880350748698,100.17832946777344,100.62356648763021,9010.003,0.44523701985677633,0.0,0.44523701985677633,45.888654082851545,100.17832946777344,100.84618530273437,101.09106559753418,-74.99997695299795,0.0,-0.7352946596190677,False,16.666666666666664,25.000023047002035,29.16668593901544,-0.25323684553963827,-0.890472412109375,576519.3013690462,-41.31054894835387,0
2023-02-08,100.17832946777344,100.62356648763021,100.17832946777344,100.17832946777344,11636.332,-0.44523701985677633,-0.4452370198567621,0.0,45.888654082851545,100.17832946777344,100.71261367797851,101.06880378723145,-74.99997695299795,0.0,-0.6256902163646667,False,16.666666666666664,25.000023047002035,25.000023047002035,-0.23782331455475308,-1.3357162475585938,564882.9693690462,-47.61904765470131,0
2023-02-09,100.17832946777344,100.62356648763021,99.73309244791666,100.17832946777344,11541.27,0.0,0.0,-0.44523701985677633,45.888654082851545,100.26737670898437,100.48999557495117,101.04654197692871,-74.99997695299795,0.0,-0.5524864389084028,False,16.666666666666664,25.000023047002035,25.000023047002035,-0.2179172555774987,-2.2261810302734375,564882.9693690462,-55.87668158540804,1
2023-02-10,100.62356567382812,100.62356567382812,99.73309164131636,99.73309164131636,7520.314,-0.445237826457074,-8.138020888281972e-07,-8.066002976647724e-07,50.194859194734455,100.26737670898437,100.40094757080078,101.04654197692871,-62.49998827695784,0.2958574481978284,-0.03686012938543972,True,33.33333333333333,49.999969536746896,33.333338543583686,-0.16732826357112607,-0.8904800415039062,572403.2833690462,-26.31590729614,1
2023-02-13,101.06880187988281,101.06880187988281,100.17832785450939,100.6235648671961,6984.821,0.890473225879731,0.4452362060546875,0.4452362131930272,54.17330523224871,100.44547119140626,100.31190032958985,101.04654197692871,-49.99999960091772,0.6651872569340778,0.51660358971177,True,33.33333333333333,99.99990861024068,58.33330039799657,-0.09977838716490971,-0.890472412109375,579388.1043690462,129.62937670069803,1
2023-02-14,101.51404571533203,101.95928275794314,100.62357163010982,101.51404571533203,9787.46,0.8904808481359368,0.8904808780603304,0.4452437756004315,57.846694386893205,100.71261444091797,100.4454719543457,101.04654197692871,-37.49979672993129,0.8849604490977729,0.959414796297569,True,50.0,83.33335993614585,77.77774602771117,-0.02491093112831147,1.3357162475585938,582650.5910357127,222.22311325331066,0
2023-02-15,101.06880187988281,101.51403889256952,100.6235648671961,101.51403889256952,8799.123,-6.822762514957503e-06,-0.4452438653736266,-6.7629137276981055e-06,53.19503344566683,100.89070892333984,100.53451919555664,101.02427978515625,-33.333524296139075,0.2945490092663188,0.5908402365158079,False,50.0,59.999800942085095,81.11102316282391,-0.006153699466683038,0.890472412109375,582650.5910357129,111.11065160748952,1
2023-02-16,101.51404571533203,101.95928275794314,101.06880867272093,101.06880867272093,7282.653,-0.44523021984858246,0.4452438653736266,0.44524380552483933,56.96981064511836,101.15785217285156,100.71261444091797,100.97975654602051,-16.6666350093293,0.5143317909548917,0.9221735717554269,True,66.66666666666666,80.00005303741604,74.44440463854902,0.03329431385485296,1.7809524536132812,582650.5910357127,139.3039154116889,0
2023-02-17,101.06880187988281,101.51403889256952,101.06880187988281,101.51403889256952,7783.738,0.44523021984858246,-0.4452438653736266,-6.792838121327804e-06,52.36288199255302,101.2468994140625,100.75713806152343,100.9129711151123,-33.333534405265866,-0.07336995125851124,0.40545320974863824,False,66.66666666666666,59.999800942085095,66.66655164052877,0.026738250939513375,0.4452362060546875,574866.8530357127,71.26393859442585,1
2023-02-20,102.40451049804688,102.40451049804688,101.0687994915506,101.51403649371602,5018.59,-2.3988534962882113e-06,0.8904716054773587,-2.388332205782717e-06,62.33172608754139,101.51404113769532,100.97975616455078,100.95749435424804,-0.0,0.9509833165387103,1.507903302542391,True,66.66666666666666,100.0,79.99995132650041,0.10528668701481136,2.2261810302734375,579885.4430357127,137.25420901934123,0
2023-02-21,101.95927429199219,102.40451129763407,101.5140372863503,101.95927429199219,2324.765,0.4452377982761675,7.99587198230256e-07,0.44523779479969505,57.92390023494003,101.60308685302735,101.15785064697266,101.00201797485352,-16.666681499813524,0.3652269241441344,0.955177011862815,False,50.0,83.33331850018648,81.11103981409055,0.11916362776830783,1.78094482421875,579885.4430357127,111.11062350253347,1
2023-02-22,102.40451049804688,102.84974750021229,101.51403649371602,101.95927349588145,7315.372,-7.961107399978573e-07,0.44523620257821506,-7.926342817654586e-07,60.93736018737886,101.87022857666015,101.38046875,101.04654121398926,-14.28572875296981,0.6564527026803282,1.2101175502044894,True,50.0,85.7142712470302,89.68252991573893,0.14833454700720303,2.2261810302734375,582323.9003690461,120.72020557733003,1
2023-02-23,102.8497543334961,103.29499136524284,101.95928027000262,102.40451730174937,7527.073,0.4452438058679178,0.44524386503054814,0.4452437762866026,63.76820342397399,102.13737030029297,101.64761123657226,101.06880340576171,-12.499987822676099,0.8000035293063827,1.4270063323585866,True,66.66666666666666,85.71430537132431,84.92063170618036,0.1852246503304803,2.6714248657226562,584832.9247023794,140.35132095493057,0
2023-02-24,102.8497543334961,103.29499136524284,102.40451730174937,102.8497543334961,11190.6,0.44523703174672846,0.0,0.4452370317467427,63.768203423973986,102.49356079101562,101.87023010253907,101.13558883666992,-12.499987822676099,0.5805554439849994,1.2048220810671915,False,50.0,83.33336020765366,84.92064560866942,0.1961825626654085,2.2261886596679688,584832.9247023792,124.78689075070855,0
2023-03-01,102.40451049804688,102.84974750021229,101.95927349588145,102.84974750021229,12214.071,-6.833283805462997e-06,-0.44524386503054814,-0.4452438058679178,58.70520318021097,102.49356079101562,102.00380096435546,101.15785064697266,-25.000166658659793,-0.07241364660234113,0.5830868178656003,False,50.0,66.66646573105974,78.57137710334594,0.16145068705564725,1.3357086181640625,584832.9247023794,62.01520994253356,1
2023-03-02,103.74022674560547,104.18546377026472,102.4045156716277,102.4045156716277,9330.543,-0.445231828584582,1.3357162700524299,0.4452421757462588,67.22223015269802,102.84975128173828,102.2264190673828,101.33594551086426,-11.111103641597447,1.0115625669242476,1.6357701861725682,True,50.0,85.71430911888439,78.57137835253262,0.2131907729077389,2.2261810302734375,589498.1962023794,146.66677439872848,1
2023-03-03,104.63069915771484,105.07593617540725,103.74022512233003,104.18546214002244,5440.569,1.7809464683947311,0.8904724051425319,1.3357094507023248,71.49755934573706,103.29498901367188,102.58260879516601,101.55856399536133,-9.999997459135786,1.4388487612233118,2.2109456842734505,True,66.66666666666666,88.88889866207681,80.42322450400701,0.2875171818639403,3.5618972778320312,591311.7192023795,187.49956386104583,1
2023-03-06,105.07593536376953,105.96640939227605,104.63069834951627,105.07593536376953,6707.883,0.8904732237470938,0.8904732168687985,0.8904732271862343,73.39069711912333,103.74022521972657,102.93879776000976,101.82570610046386,-16.666665562258558,1.432663363664992,2.349114003193527,True,66.66666666666666,81.81819200474462,85.47379992856862,0.34303470306229555,3.5618896484375,589075.7582023795,172.04274405683807,1
2023-03-07,105.52117156982422,105.96640858066736,104.63069754813793,105.07593455898107,7401.403,-8.047884563211483e-07,-8.116086860354699e-07,-8.013783343585601e-07,75.18849876652177,104.27450866699219,103.3840347290039,102.07058639526367,-9.0909204995253,1.4265321478820159,2.4126742426087553,True,66.66666666666666,89.99998803793305,86.90235956825153,0.3830710121260905,4.452369689941406,591542.8925357128,128.62308286632046,1
2023-03-08,105.9664077758789,105.9664077758789,105.07593376095556,105.07593376095556,9841.915,-7.980255105621836e-07,-8.047884563211483e-07,0.44523621281763326,76.8916958804585,104.9868881225586,103.7402244567871,102.35999031066895,-3.3003795220954504e-05,1.3484728677303108,2.4757789927268177,True,83.33333333333334,99.99996369582739,90.60604791283504,0.410432131542958,3.5618972778320312,601384.8075357128,109.25034276343871,0
2023-03-09,105.52117156982422,106.41164559151049,105.07593455898107,105.96640858066736,7667.626,0.8904748197117982,0.44523781563158593,7.980255105621836e-07,71.53474729201794,105.34307708740235,104.0964141845703,102.62713241577148,-16.66666052186978,0.4237280444026446,1.680371230305611,False,83.33333333333334,80.00000892646722,89.99998688674258,0.3706510456718405,3.5618972778320312,598828.9322023796,86.82170006617835,0
2023-03-10,104.63069915771484,105.52117319309966,104.18546214002244,105.52117319309966,7212.337,-0.4452353875677062,-0.8904723984108358,-0.8904724189586375,62.09588940589918,105.34307708740235,104.31903305053712,102.84975090026856,-36.36358880903046,-0.5641738715658494,0.6423989547956609,False,66.66666666666666,60.00005400393134,80.00000887540868,0.26161319331784394,2.2261886596679688,596424.8198690462,30.701794863202483,1
2023-03-13,105.9664077758789,106.41164478334059,103.74022273857054,104.18545974603221,12199.171,-1.335713447067448,0.890471590240935,-0.4452394014519001,68.82666978373359,105.52117156982422,104.6306983947754,103.13915481567383,-9.090921850665639,0.4926099463927708,1.600852099790689,True,66.66666666666666,89.99998638773516,76.6666831060446,0.2563558890565799,3.1166534423828125,604557.6005357128,57.228853782572635,0
2023-03-14,104.63069915771484,105.52117319309966,104.63069915771484,105.07593617540725,7776.951,0.8904764293750418,-0.890471590240935,0.8904764191443064,57.65744430216694,105.34307708740235,104.80879287719726,103.33951148986816,-39.99994599606866,-0.7042240773968347,0.1420458046103193,False,50.0,55.55556047836493,68.51853362334383,0.1453539243218538,1.78094482421875,596780.6495357128,16.60290876823079,1
2023-03-15,105.9664077758789,106.41164478334059,105.07593376095556,105.07593376095556,7306.848,-2.414451685694985e-06,0.890471590240935,0.4452346032407206,64.02603291296087,105.34307708740235,105.16498260498047,103.58439178466797,-10.000013612264844,0.4926099463927708,1.1689676671269809,True,50.0,83.33330812298799,76.29628499636273,0.14404447753941052,3.5618972778320312,599216.2655357127,92.59260138301072,0
2023-03-16,105.9664077758789,106.41164478334059,105.52117076841724,105.52117076841724,5524.789,0.44523700746167094,0.0,0.44523700746167094,64.02603291296087,105.43212432861328,105.38760070800781,103.80700988769532,-10.000013612264844,0.4926099463927708,0.9187268573922899,False,33.33333333333333,83.33330812298799,74.07405890811367,0.12598670922248,2.2261810302734375,599216.2655357126,111.97925801307291,0
2023-03-17,105.07593536376953,106.41164640652931,105.07593536376953,105.96640939227605,12552.863,0.4452386238588133,1.623188722987834e-06,-0.44523540464770406,57.20028585949788,105.52117156982422,105.43212432861328,104.00736656188965,-33.33335324265582,-0.2816896309587366,-0.141043467891459,False,33.33333333333333,50.00002961790056,72.22221528795887,0.041263017261149226,0.4452362060546875,586663.4025357126,20.000177511423942,1
2023-03-20,105.9664077758789,106.41164478334059,105.07593376095556,105.52117076841724,4135.584,-0.4452386238588133,-1.623188722987834e-06,-1.6028139668833319e-06,61.65933077266051,105.52117156982422,105.52117156982422,104.229984664917,-16.66671730098929,0.35136970966955894,0.5279821491766797,True,50.0,83.33328269901071,72.22220681329978,0.032757463131739994,0.890472412109375,588041.9305357125,71.89536228844695,0
2023-03-21,105.52117156982422,106.41164559151049,105.52117156982422,105.96640858066736,3946.628,0.44523781225012726,8.081699007789211e-07,0.4452378088686544,58.34379138702685,105.69926605224609,105.52117156982422,104.45260314941406,-33.33334384154437,0.0,0.03517404825231881,False,33.33333333333333,66.66665615845564,66.66665615845567,-0.012846628030062313,0.0,584095.3025357125,60.897562769684185,1
2023-03-22,106.41165161132812,106.41165161132812,105.5211775392668,105.96641457529746,4220.296,5.9946301007585134e-06,6.019817632818558e-06,5.969442582909323e-06,62.71779603437457,105.78831481933594,105.56569595336914,104.65296020507813,-0.0,0.5610148079891554,0.7730199796469572,True,50.0,100.0,83.33331295248881,0.005958848836586927,0.44524383544921875,588315.5985357125,103.44933631114854,1
2023-03-23,106.85688018798828,107.30211718877156,106.41164318720499,106.41164318720499,6399.137,0.44522861190752394,0.890465577443436,0.8904656479381856,64.73737809094547,105.9664093017578,105.69926681518555,104.89784049987793,-12.500005460806168,0.8403334118314146,1.0880985167510386,True,50.0,87.49999453919384,84.72221689921652,0.03572069123128063,1.3357086181640625,588315.5985357126,175.67535989719923,0
2023-03-24,106.41165161132812,107.30212568338945,106.41165161132812,106.85688864735879,5436.519,0.4452454601537994,8.49461788732242e-06,8.424123137729111e-06,61.12520294314431,106.23355255126953,105.87736206054687,105.09819755554199,-24.999953279372566,0.34989919026770494,0.6315838130504167,False,50.0,66.66672043931825,84.72223832617073,0.013881296385935826,1.7809524536132812,582879.0795357126,130.9528744747767,1
2023-03-27,106.85688018798828,107.30211718877156,106.41164318720499,106.85688018798828,5442.223,-8.459370505420338e-06,-8.49461788732242e-06,-8.424123137729111e-06,63.35573403623169,106.41164703369141,105.9664093017578,105.29855384826661,-12.500214135503448,0.48848241491287653,0.9463693219276201,True,66.66666666666666,79.99968057945415,78.05546518598878,0.017639359858574677,0.890472412109375,582879.0795357127,114.58268447767882,0
2023-03-28,106.41165161132812,106.85688864735879,105.96641457529746,106.85688864735879,6976.169,8.459370505420338e-06,-0.44522854141277435,-0.44522861190752394,59.62368354411966,106.5897430419922,106.14450454711914,105.47664871215821,-24.999953279372566,3.5848493511870778e-06,0.38502394923732697,False,50.0,60.0001211446418,68.8888407211381,-0.01962268852121518,1.7809524536132812,582879.0795357127,35.71502064015759,1
2023-03-29,106.85688018798828,106.85688018798828,105.96640618642171,106.85688018798828,6256.395,-8.459370505420338e-06,-8.459370505420338e-06,-8.38887575582703e-06,62.06165452394689,106.67878875732421,106.23355178833008,105.69926719665527,-16.666956441511378,0.20876430896946013,0.7345194283405054,True,66.66666666666666,79.99968057945415,73.33316076785006,-0.023770390838755873,0.890472412109375,589135.4745357127,47.61850495431393,0
2023-03-30,106.85688018798828,106.85688018798828,106.41164318720499,106.85688018798828,5231.981,0.0,0.0,0.44523700078327977,62.06165452394689,106.67878875732421,106.32259902954101,105.85509986877442,-20.00031942054585,0.13907942324735753,0.5586564101683469,False,50.0,79.99968057945415,73.33316076785006,-0.035304503265075615,0.890472412109375,594367.4555357128,59.52336336011787,0
2023-03-31,106.41165161132812,107.30212568338945,106.41165161132812,106.85688864735879,4763.194,8.459370505420338e-06,0.4452454954011671,8.424123137729111e-06,57.90096991201423,106.67878875732421,106.45617065429687,105.94414749145508,-39.9998788553582,-0.20876430896946013,0.10471663629890546,False,33.33333333333333,50.000167591139416,69.9998429166826,-0.07919661873945216,1.3357162475585938,589604.2615357128,50.596350382800935,1
2023-04-06,107.30211639404297,107.30211639404297,106.41164239907167,106.85687939655732,9101.677,-9.250801468851932e-06,-9.289346479590677e-06,-9.212256458113188e-06,63.27311593419163,106.76783599853516,106.58974151611328,106.05545654296876,-0.00041727518575463535,0.48644566078881735,0.8368161738462632,True,50.0,99.9994784044381,76.66644219167725,-0.055647871538172966,1.3357086181640625,598705.9385357128,102.836221265083,1
2023-04-07,107.74736022949219,107.74736022949219,106.85688617800878,107.30212320375048,5004.463,0.44524380719316525,0.44524383544921875,0.44524377893711176,65.66315929590947,107.03497772216797,106.81236038208007,106.16676597595215,-0.0,0.7633609572122857,1.0438436114905665,True,50.0,100.0,83.3332153318592,-0.019349090380719636,2.2261886596679688,603710.4015357128,195.12419353219911,1
2023-04-10,109.08307647705078,109.08307647705078,107.74736533651547,107.74736533651547,5819.908,0.4452421327649887,1.3357162475585938,0.8904791585066931,71.6920220718118,107.48021697998047,107.07950286865234,106.32259941101074,-0.0,1.5895020829144175,2.0479064065448758,True,66.66666666666666,100.0,99.99982613481272,0.0799102924878825,2.6714248657226562,609530.3095357128,258.7418881223173,1
2023-04-11,109.52830505371094,109.52830505371094,108.19259401647057,109.08306804129748,9179.497,1.3357027047820083,0.44522857666015625,0.4452286799550933,73.39090169299423,108.014501953125,107.34664535522461,106.52295608520508,-0.0,1.5829301509066764,2.145327173600283,True,66.66666666666666,100.0,100.0,0.15641784535523717,2.6714248657226562,618709.8065357128,176.4701001365234,0
2023-04-12,109.52830505371094,110.41877907853785,109.08306804129748,109.52830505371094,12436.002,0.4452370124134575,0.890474024826915,0.890474024826915,73.39090169299423,108.63783264160156,107.65831069946289,106.76783638000488,-19.999987566263485,1.165179496431931,1.8985146131599338,False,66.66666666666666,80.00001243373652,93.33333747791221,0.18588438407298424,3.1166534423828125,614564.4725357128,148.3737528669316,1
2023-04-13,110.41878509521484,110.41878509521484,109.08307398519209,109.52831102186634,12558.793,5.9681554063217845e-06,6.016676991293934e-06,5.943894606730282e-06,76.71683847381485,109.26116638183593,108.01450119018554,106.99045524597167,-0.0,1.3624011597752628,2.444065751078126,True,83.33333333333334,100.0,93.33333747791221,0.24072652962011554,3.5619049072265625,627123.2655357127,117.88627314537325,1
2023-04-14,110.864013671875,111.30925067457329,109.97353966647842,110.41877666917671,11122.422,0.8904656473103643,0.8904655793584482,0.8904656812863294,78.20287809006918,109.8844970703125,108.45973739624023,107.30212097167968,-8.333332622457192,1.2195076362807362,2.5042847767624883,True,83.33333333333334,90.90909322157478,90.30303521843712,0.2796351252760787,4.452362060546875,630830.7395357128,120.28957200336211,1
2023-04-17,111.7544937133789,111.7544937133789,109.97354560639279,110.86401965988584,8994.658,0.44524299070913287,0.44524303880561433,5.93991437369823e-06,80.86725380334308,110.41878051757813,108.94949874877929,107.59152526855469,-0.0,1.4141422813230868,2.9391677542821135,True,83.33333333333334,100.0,96.96969774052495,0.33429479094957504,4.897613525390625,639825.3975357128,115.7895882842582,1
2023-04-18,112.19972229003906,112.19972229003906,111.30924830361018,111.30924830361018,9299.435,0.44522864372433446,0.44522857666015625,1.3357026972173855,82.06314072457509,110.95306396484375,109.48378295898438,107.9031909942627,-0.0,1.3404778442576566,2.892134922677134,True,83.33333333333334,100.0,96.96969774052495,0.3667847384185201,5.342842102050781,649124.8325357129,122.4487806285497,0
2023-04-19,110.864013671875,112.19972467996989,110.864013671875,112.19972467996989,7529.206,0.8904763763597145,2.3899308274621944e-06,-0.4452346317351754,68.12681870789893,111.22020568847657,109.92901916503907,108.19259490966797,-23.076918109871926,-0.06689180335624956,1.3568490532740287,False,66.66666666666666,74.99997412228329,91.66665804076113,0.26918473149080735,4.452362060546875,641595.6265357129,81.64782770972398,1
2023-04-20,111.30925750732422,111.30925750732422,110.41878344726562,110.86402047729493,8889.299,-1.335704202674961,-0.8904671726456712,-0.4452302246093751,69.98067356792431,111.39830017089844,110.3297332763672,108.45973739624023,-15.384494024633735,0.06671444890974641,1.4198809188417745,True,83.33333333333334,80.00010547318512,85.00002653182283,0.20820591355440898,4.00714111328125,650484.9255357129,54.3862235785327,1
2023-04-21,112.19972229003906,112.19972229003906,110.86401131039574,110.86401131039574,11372.827,-9.166899189949618e-06,0.8904647827148438,0.4452278631301141,73.36111733222546,111.66544189453126,110.77496948242188,108.79366493225098,-4.1290546876802747e-05,0.5987990363761307,1.7839061697391547,True,83.33333333333334,99.99994035805098,85.00000665117317,0.20131557515084086,4.452362060546875,661857.7525357129,87.00190772466163,0
2023-04-24,112.19972229003906,112.6449592832535,111.75448529682461,111.75448529682461,6702.384,0.8904739864288729,0.44523699321443644,0.8904739864288729,73.36111733222546,111.75448760986328,111.08663406372071,109.08306846618652,-7.692318067147353,0.3984033826227376,1.4084458481650106,False,66.66666666666666,87.49998349276005,89.16667644133209,0.17140182971284945,3.1166458129882812,661857.752535713,108.27230582033548,0
2023-04-25,112.19972229003906,112.6449592832535,111.75448529682461,112.19972229003906,10201.284,0.44523699321445065,0.0,0.0,73.36111733222546,111.75448760986328,111.35377578735351,109.35021057128907,-9.09093318181227,0.33178327395178087,1.0695144901375688,False,50.0,87.49996263336271,91.66662882805794,0.12823492730823327,2.671417236328125,661857.7525357131,98.55083246337414,1
2023-04-26,113.09020233154297,113.09020233154297,111.75449128038301,112.19972829743632,13959.6,6.007397260532343e-06,0.4452430482894698,5.98355839542819e-06,76.75894764030942,112.19972534179688,111.70996551513672,109.6841381072998,-0.0,0.9940385440411629,1.566146360558624,True,50.0,100.0,91.66664870870761,0.13556016581365382,3.5618972778320312,675817.3525357131,118.18252364027921,0
2023-04-27,112.64496612548828,113.09020314574714,112.19972910522944,112.64496612548828,9161.3,0.4452378280519582,8.142041707515091e-07,0.44523782484642993,71.76597576999251,112.46686706542968,111.93258361816406,109.97354240417481,-11.111105781396088,0.33047206893037645,0.9308533705262014,False,50.0,85.71427836915653,91.07141366750643,0.08859763945797239,2.2261810302734375,675817.352535713,105.2637267407318,1
2023-04-28,113.09020233154297,113.09020233154297,112.19972829743632,112.64496531448964,6732.342,-8.109986424642557e-07,-8.142041707515091e-07,-8.077931141770023e-07,73.63673486622828,112.64496307373047,112.15520248413085,110.30746994018554,-2.0318890111311726e-05,0.4614396067649778,1.0610094495339193,True,50.0,99.99996952166778,95.23808263027479,0.06669638414269863,2.2261886596679688,682549.694535713,103.70399227983519,0
2023-05-02,111.7544937133789,113.09020479361848,111.30925668663237,112.64496776687196,7866.694,2.4523823185518268e-06,2.4620755141313566e-06,-0.8904716108039565,60.51433758791131,112.55591735839843,112.15520248413085,110.55235061645507,-42.85706117760749,-0.6596271532845923,-0.23186103186275311,False,33.33333333333333,49.999984762300855,78.57141088437508,-0.05215660462876315,0.0,678616.347535713,0.0006810951258195815,0
2023-05-03,111.7544937133789,111.7544937133789,110.86401965988584,111.30925668663237,4079.566,-1.3357110802395908,-1.3357110802395766,-0.44523702674652554,60.51433758791131,112.46687164306641,112.11067962646484,110.7972312927246,-42.85714285714266,-0.5940571930917843,-0.2979112226859333,False,33.33333333333333,49.999984762300855,66.66664634875652,-0.14018591259222157,-0.44522857666015625,682695.913535713,-73.41223869864871,1
2023-05-04,112.64496612548828,112.64496612548828,111.30925506471175,111.30925506471175,5710.416,-1.6219206173673228e-06,0.890472412109375,0.4452354048259082,65.40549502221745,112.37782440185546,112.28877487182618,111.10889701843261,-16.666733188235582,0.13192587980068504,0.43003844429496785,True,50.0,80.00000128085665,59.99999026848615,-0.14713351170777766,1.7809524536132812,688406.329535713,16.432225917203013,0
2023-05-05,112.64496612548828,112.64496612548828,111.7544920849706,112.64496612548828,2785.395,1.3357110607765321,0.0,0.44523702025884404,65.40549502221745,112.37782440185546,112.42234573364257,111.37603950500488,-16.666733188235582,0.19801943914466788,0.39682694387744333,False,33.33333333333333,79.99992626921956,69.99997077079239,-0.15938898390486367,1.3357086181640625,691191.724535713,26.144102744587332,0
2023-05-08,112.64496612548828,112.64496612548828,112.19972910522944,112.64496612548828,4096.405,0.0,0.0,0.44523702025884404,65.40549502221745,112.28877716064453,112.4668701171875,111.62091979980468,-16.666733188235582,0.19801943914466788,0.2642020103804421,False,33.33333333333333,79.99992626921956,79.99995127309862,-0.17396559627969932,0.44524383544921875,695288.129535713,45.614177162918956,0
2023-05-09,112.64496612548828,112.64496612548828,112.19972910522944,112.19972910522944,5146.252,-0.44523702025884404,0.0,0.0,65.40549502221745,112.46687164306641,112.51139450073242,111.79901428222657,-19.999998719143356,0.26420030818238843,0.1649634553931861,False,16.666666666666664,79.99992626921956,79.99992626921956,-0.18883642145905188,0.44524383544921875,700434.381535713,38.19452583739969,0
2023-05-10,112.19972229003906,113.09019627646794,111.75448529682461,112.6449592832535,4920.094,0.44523017802406173,0.4452301509796541,-0.44524380840482536,60.130760570883695,112.55591735839843,112.51139450073242,111.93258514404297,-40.000379576982866,-0.19802509669133184,-0.23095155120220318,False,16.666666666666664,59.999620423017134,73.33315765381879,-0.2310961253010484,0.0,698794.3502023797,-0.0015734821922787513,0
2023-05-11,112.19972229003906,112.19972229003906,111.75448529682461,112.19972229003906,4854.031,-0.44523699321443644,-0.8904739864288729,0.0,60.13076057088369,112.4668685913086,112.42234649658204,112.06615600585937,-40.000379576982866,-0.26385628682736856,-0.23095155120220318,False,16.666666666666664,59.999620423017134,66.66638903841796,-0.25936618794869304,-0.8904800415039062,703648.3812023797,-56.73898524187625,0
2023-05-12,111.30925750732422,111.75449453735352,110.86402047729493,111.75449453735352,11515.431,-0.4452277526855397,-0.4452277526855397,-0.8904648195296829,50.44749347797787,112.19972686767578,112.28877563476563,112.11067962646484,-79.9999631346092,-0.8592162704338395,-0.9574088115598922,False,0.0,20.000036865390797,46.66642590380838,-0.3336220852601004,-1.3357086181640625,703648.3812023795,-161.01653760197811,1
2023-05-15,111.7544937133789,111.7544937133789,110.86401965988584,110.86401965988584,6093.072,-0.8904748774676818,-8.239746165372708e-07,-8.174090879720097e-07,54.44867720191198,112.02163238525391,112.15520477294922,112.15520362854004,-59.99999999999962,-0.3309038157772987,-0.46265499672888943,True,16.666666666666664,40.00015303638544,39.99993677493115,-0.346806687126648,-1.3357086181640625,709741.4532023795,-102.15055013293579,1
2023-05-16,112.19972229003906,112.19972229003906,111.30924830361018,111.30924830361018,6355.161,0.44522864372433446,0.44522857666015625,0.44522864372433446,58.13626178833419,111.93258361816406,112.19972763061523,112.17746505737304,-40.000379576982866,0.13244668772012486,-0.03306288931789665,True,33.33333333333333,59.99984997614249,40.00001329263961,-0.32023186983798557,0.44522857666015625,716096.6142023795,-18.23014672050642,1
2023-05-17,113.09020233154297,113.09020233154297,111.75449128038301,111.75449128038301,9862.783,0.44524297677283187,0.8904800415039062,0.44524297677283187,64.42072036493468,112.11067962646484,112.33329849243164,112.22198905944825,-0.00011059617085858433,0.8603592300338523,0.7603308953585342,True,50.0,100.0,66.66666767084267,-0.2409849332205476,1.3357086181640625,725959.3972023795,97.22224618835294,0
2023-05-18,112.64496612548828,113.53544016600598,112.64496612548828,112.64496612548828,9076.752,0.890474845105274,0.4452378344630148,0.890474845105274,59.54509114973493,112.1997283935547,112.33329849243164,112.3110366821289,-33.333353490311744,0.39682694387744333,0.2973252412410311,False,50.0,66.66664650968825,75.55549882861027,-0.2175714250366032,0.0,716882.6452023796,119.0477416726755,1
2023-05-19,113.53543853759766,113.53543853759766,112.64496450985179,113.09020152372472,7452.81,0.4452353982364343,-1.6284083272921634e-06,-1.6156364921471322e-06,65.27860443254812,112.64496459960938,112.42234573364257,112.42234573364257,-6.09566454836118e-05,0.9900983379833299,0.956779900325201,True,66.66666666666666,99.99993904335452,88.88886185101428,-0.14464291006933694,0.890472412109375,724335.4552023796,130.0812279335096,0
2023-05-22,111.7544937133789,113.09020479361848,111.30925668663237,113.09020479361848,11728.555,3.26989376731035e-06,-0.44523374397917337,-1.3357078232194226,49.86066815273819,112.64496459960938,112.33329849243164,112.40008430480957,-66.66664602397802,-0.6596282761440279,-0.5612386174335149,False,66.66666666666666,33.33335397602199,66.66664650968828,-0.2146563180330081,-0.890472412109375,718471.1777023798,-26.2621776538831,1
2023-05-23,112.64496612548828,112.64496612548828,111.30925506471175,111.7544920849706,9011.248,-1.3357127086478897,-0.44523866813020163,-1.6219206173673228e-06,55.582884830085,112.73401336669922,112.33329849243164,112.42234649658204,-33.333353490311744,1.128826088339006e-06,0.2311006502169091,True,66.66666666666666,66.66664650968825,66.66664650968828,-0.19961988323342472,0.0,727482.4257023798,-2.1365072396067313,0
2023-05-24,112.64496612548828,112.64496612548828,111.30925506471175,111.7544920849706,9281.82,0.0,0.0,0.0,55.582884830085,112.64496612548828,112.37782287597656,112.44460868835449,-33.333353490311744,-0.06583266441775479,0.2311006502169091,False,50.0,66.66664650968825,55.555548998466186,-0.18843698437989398,0.44524383544921875,736764.2457023797,0.0001548095938707982,1
2023-05-25,113.98067474365234,113.98067474365234,111.30925267934799,111.75448969006538,16137.128,-2.3949052092575585e-06,1.3357086181640625,-2.3853637571846775e-06,63.10042131840584,112.9121078491211,112.5559181213379,112.48913230895997,-0.0,0.9861914939927456,1.3192605158475335,True,50.0,100.0,77.7777643397922,-0.09458434368208635,1.7809524536132812,752901.3737023798,97.0694604806539,0
2023-05-26,113.09020233154297,113.09020233154297,111.30925426332969,112.64496531448964,19861.824,0.8904756244242549,-0.890472412109375,1.583981699582182e-06,56.18465632526659,112.82306060791015,112.73401260375977,112.51139411926269,-28.57141352431055,0.13140580500758872,0.4614373371999877,False,50.0,66.66678150810999,77.77780933926611,-0.09568991662039239,1.78094482421875,772763.1977023798,10.752709225293742,0
2023-05-29,112.19972229003906,112.6449592832535,111.30924830361018,112.19972229003906,17412.345,-0.4452430244505763,-0.4452430482894698,-5.959719516113182e-06,50.18441008891025,112.91210632324218,112.77853546142578,112.4668701171875,-57.143071842938284,-0.46083429653756064,-0.3296029390151709,False,33.33333333333333,33.33327742368347,66.66668631059785,-0.1560378924732776,0.44522857666015625,778567.3127023799,-71.6056645375725,0
2023-05-30,111.7544937133789,112.19973074012543,110.86401965988584,111.7544937133789,18380.988,-0.44522857666015625,-0.44522854312806714,-0.44522864372433446,47.42205733084345,112.73401184082032,112.73401260375977,112.4668701171875,-71.42853381077639,-0.8558235190022091,-0.7578228637442092,False,33.33333333333333,28.571466189223617,42.85717504033905,-0.22158376792456136,-0.44522857666015625,784694.30870238,-131.03415269653078,1
2023-05-31,112.19972229003906,112.19972229003906,110.86401131039574,111.30924830361018,30755.3,-0.44524540976873084,-8.450086369293786e-06,-8.349490101977608e-06,50.40041543716738,112.64496307373047,112.64496459960938,112.4891315460205,-57.14291875758821,-0.3952607184183425,-0.39526128060049304,True,33.33333333333333,42.85708124241179,34.92060828510632,-0.22961963355998405,-0.8904800415039062,815449.6087023801,-87.60755003635116,0
2023-06-01,111.30925750732422,112.19973156738281,110.86402047729493,111.75449453735352,9470.029,0.4452462337433474,9.277343750113687e-06,9.166899189949618e-06,44.856450120946995,112.11067962646484,112.51139373779297,112.4223461151123,-85.71401094589025,-0.9900949559977488,-1.1206296603878265,False,33.33333333333333,14.285989054109752,28.571512161915077,-0.28590556602152295,-1.3357086181640625,812292.9323690467,-115.64574482407734,1
2023-06-02,111.7544937133789,112.19973074012543,110.86401965988584,111.30925668663237,11646.265,-0.4452378507211563,-8.272573808199013e-07,-8.174090879720097e-07,47.977765668163585,111.84353790283203,112.33329925537109,112.37782249450683,-71.42834245490855,-0.26489791166075094,-0.6268535513390684,True,33.33333333333333,28.571657545091462,28.571575947204362,-0.2835901507428932,-1.78094482421875,816175.0207023801,-83.33270392834478,0
2023-06-05,111.30925750732422,111.75449453735352,111.30925750732422,111.75449453735352,5539.383,0.4452378507211563,-0.445236202771909,0.4452378474383778,45.18747413036188,111.66544494628906,112.28877563476563,112.31103706359863,-85.71401094589025,-0.39840337355650524,-0.9246999572957352,False,33.33333333333333,14.285989054109752,19.04787855110368,-0.3008474336094062,-0.4452362060546875,810635.6377023801,-85.71398907203503,1
2023-06-06,111.7544937133789,112.19973074012543,111.30925668663237,111.7544937133789,9385.811,-8.239746165372708e-07,0.445236202771909,-8.206918522546403e-07,48.45758790395368,111.66544494628906,112.1997283935547,112.26651344299316,-71.42834245490855,0.06644619949975265,-0.3968235394635225,True,50.0,28.571657545091462,23.809768048097585,-0.2719542880116826,-0.890472412109375,810635.6377023802,-31.40069698781909,0
2023-06-07,111.30925750732422,112.19973156738281,111.30925750732422,112.19973156738281,6769.69,0.44523785400390636,8.272573808199013e-07,8.206918522546403e-07,45.49651090834612,111.48735198974609,112.06615753173828,112.22199020385742,-85.71401094589025,-0.2659558196217226,-0.7608310866243146,False,50.0,20.000359030243043,20.952668543148107,-0.2718576045726405,-1.3357086181640625,803865.9477023802,-47.61876511306765,0
2023-06-08,111.30925750732422,111.75449453735352,111.30925750732422,111.75449453735352,6302.221,-0.4452370300292898,-0.4452370300292898,0.0,45.49651090834612,111.48735198974609,111.79901580810547,112.17746696472167,-85.71401094589025,-0.13315554618130676,-0.6622493108631443,False,33.33333333333333,25.000516787361565,24.524177787565378,-0.26078150105073156,-2.671417236328125,797563.7267023802,-76.92323617528099,1
2023-06-09,111.7544937133789,112.19973074012543,111.30925668663237,111.7544937133789,6700.966,-8.239746165372708e-07,0.445236202771909,-8.206918522546403e-07,49.1914067520132,111.48735198974609,111.66544494628906,112.19972877502441,-71.42834245490855,0.19960042975075906,-0.19880565802994876,True,50.0,66.66683374195357,37.22256985318609,-0.21439602906758803,-1.3357086181640625,797563.7267023803,48.612525824769385,0
2023-06-12,111.30925750732422,112.19973156738281,111.30925750732422,112.19973156738281,4169.733,0.44523785400390636,8.272573808199013e-07,8.206918522546403e-07,45.8039817447327,111.48735198974609,111.57639846801757,112.17746696472167,-79.99964096975695,-0.13315554618130676,-0.3984045068441039,False,33.33333333333333,33.333790859232934,41.66704712951605,-0.20465014919558505,-0.8904647827148438,793393.9937023803,0.0009384023868411598,1
2023-06-13,111.7544937133789,112.19973074012543,111.30925668663237,111.30925668663237,7482.332,-0.8904748807504461,-8.272573808199013e-07,-8.206918522546403e-07,49.59083528657295,111.48735198974609,111.57639846801757,112.15520553588867,-49.999527411557466,0.19960042975075906,0.09970185343988851,True,50.0,66.66662537745508,55.55574999288056,-0.16108584283780256,0.0,793393.9937023805,83.33464609535214,0
2023-06-14,111.7544937133789,112.19973074012543,111.30925668663237,111.7544937133789,6085.981,0.44523702674653975,0.0,0.0,49.59083528657295,111.57639923095704,111.53187561035156,112.08842010498047,-33.33316625804644,0.19960042975075906,0.13297904838708877,False,33.33333333333333,66.66662537745508,55.55568053804772,-0.12665530215370743,-0.44522857666015625,793393.9937023806,83.33333333333555,0
2023-06-15,111.7544937133789,112.19973074012543,111.30925668663237,111.7544937133789,3937.342,0.0,0.0,0.0,49.59083528657295,111.66544647216797,111.57639923095704,112.043896484375,-33.33316625804644,0.13297847796267195,0.13297904838708877,False,33.33333333333333,49.999953549651735,61.111068101520665,-0.09946586162652665,0.4452362060546875,793393.9937023807,66.66666666666576,0
2023-06-16,111.7544937133789,112.19973074012543,111.30925668663237,111.7544937133789,10413.804,0.0,0.0,0.0,49.59083528657295,111.66544647216797,111.57639923095704,111.95484924316406,-33.33337462254493,0.06644506016649696,0.16627837606676815,False,33.33333333333333,49.999953549651735,55.555510825586204,-0.07801361497661197,0.0,793393.9937023808,55.555555555562954,0
2023-06-19,111.7544937133789,112.19973074012543,111.30925668663237,111.7544937133789,6116.054,0.0,0.0,0.0,49.59083528657295,111.7544937133789,111.6209228515625,111.95484924316406,-33.33337462254493,0.06644506016649696,0.13297847796267195,False,16.666666666666664,49.999953549651735,49.999953549651735,-0.061104083709540014,0.4452362060546875,793393.9937023809,47.61904761905006,1
2023-06-20,112.19972229003906,112.19972229003906,111.30924830361018,111.75448529682461,8197.718,-8.416554294399248e-06,-8.450086369293786e-06,-8.383022191083e-06,54.502554222114824,111.84353942871094,111.66544570922852,111.93258705139161,-0.0010418324664305456,0.33177871059867425,0.4984973053318603,True,33.33333333333333,99.99895816753357,66.66628842227904,-0.019375547813924504,0.44522857666015625,801591.7117023809,139.78056498071803,0
2023-06-21,112.19972229003906,112.19972229003906,111.30924830361018,111.75448529682461,8003.105,0.0,0.0,0.0,54.502554222114824,111.93258514404297,111.7544921875,111.91032485961914,-0.0010418324664305456,0.26524696188892033,0.4317437669115012,False,16.666666666666664,99.99895816753357,83.33262329490633,0.007352293719473546,0.8904647827148438,809594.8167023809,130.94831774255505,0
2023-06-26,110.41878509521484,112.19973324191186,110.41878509521484,112.19973324191186,8697.239,0.44524794508724597,1.0951872795317286e-05,-0.8904632083953317,37.23263045868383,111.66544342041016,111.66544494628906,111.73223037719727,-100.0,-1.1295637713988425,-1.063826696488192,False,16.666666666666664,0.0,66.66597211168907,-0.09039513552474228,-0.890472412109375,800897.577702381,-294.87243636161514,0
2023-06-27,108.63783264160156,110.41878071769338,108.63783264160156,110.41878071769338,10887.767,-1.7809525242184776,-1.7809525242184776,-1.7809524536132812,27.668402292083428,111.04211120605468,111.35377883911133,111.50961189270019,-100.0,-2.2696922274804803,-2.465023938410735,False,16.666666666666664,0.0,33.33298605584455,-0.2608321162260251,-3.1166610717773438,790009.810702381,-279.026649073114,0
2023-06-28,108.19258880615234,109.08306278809599,107.74735181518052,108.63782579712417,12039.553,-1.780954920569215,-1.3357179295973935,-0.8904808264210402,25.856908079926583,110.32973022460938,111.04211196899413,111.30925521850585,-90.00002586708554,-2.1476551792688223,-2.6377356057137726,False,16.666666666666664,9.999974132914463,3.333324710971516,-0.3820586186817295,-3.116668701171875,785996.6263690477,-194.18524764532305,1
2023-06-29,108.8428726196289,109.30603377971244,108.37971145954538,108.37971145954538,15487.262,-0.2581143375787889,0.2229709916164495,0.632359644364854,32.86055444628448,109.65836029052734,110.75094985961914,111.16367416381836,-75.39472252150131,-1.1255690281649557,-1.8382135958853512,True,33.33333333333333,24.60527747849869,11.535083870471079,-0.39530124908585895,-2.91162109375,785996.6263690477,-109.0344700632243,0
2023-06-30,107.91654968261719,108.84287199748944,107.45338852518107,108.84287199748944,11194.566,0.46316053794406287,-0.463161782222997,-0.9263229343643076,28.654335353691422,108.80172576904297,110.36715545654297,110.94951553344727,-90.24172947650678,-1.3271780257724415,-2.424835565511978,False,16.666666666666664,9.758270523493229,14.78784071163549,-0.4398818679825563,-3.8379440307617188,782265.1043690476,-108.33643121020523,0
2023-07-03,106.52706146240234,108.37970600957455,106.52706146240234,107.9165448727815,11238.62,-0.9263271247079388,-0.4631659879148913,-0.926327062778725,23.691871237439642,108.02338104248047,109.84441223144532,110.71040573120118,-100.0,-1.7483009314715772,-3.3002964984834877,False,16.666666666666664,0.0,11.454516000664,-0.5303230878195049,-5.2274322509765625,771026.4843690476,-113.84557134465548,1
2023-07-04,106.99022674560547,107.45338790034835,105.60074328137684,105.60074328137684,8869.343,-2.3158015914046644,-0.9263181092262016,-0.9263181810255077,28.21276162522095,107.69385986328125,109.36798553466797,110.4721923828125,-78.94399790667391,-0.7982869032434367,-2.5285760662869983,True,33.33333333333333,21.05600209332609,10.271424205606467,-0.5253270336252237,-4.7642669677734375,775461.1558690476,-108.56462245580262,0
2023-07-05,106.52706146240234,107.9165448727815,106.52706146240234,106.99022259919539,8215.292,1.3894793178185552,0.4631569724331541,0.9263181810255077,26.50003450795434,107.36075439453126,108.84524230957031,110.2330825805664,-85.9627278331182,-0.904499987775157,-2.5638462155863,False,33.33333333333333,14.037272166881811,11.697758086735995,-0.5186935725104429,-5.2274322509765625,767245.8638690476,-84.22946482385898,0
2023-07-06,106.52706146240234,106.99022259919539,106.06390032560928,106.99022259919539,8362.459,0.0,-0.9263222735861092,-0.4631611367930617,26.50003450795434,106.89759216308593,108.27797622680664,109.97171096801758,-85.9627278331182,-0.6479503925510698,-2.174064591190568,False,33.33333333333333,14.037272166881811,16.376848809029934,-0.48064121954449734,-5.672660827636719,767245.8638690477,-91.53593102227906,0
2023-07-07,106.06390380859375,106.52706496059633,105.60074265659115,106.52706496059633,7512.264,-0.463157638599057,-0.463157638599057,-0.4631576690181305,24.714514865534582,106.52706298828124,107.66439437866211,109.70944328308106,-92.98133334160396,-0.6507578859219517,-2.1733743022261507,False,16.666666666666664,9.613065445494643,12.562536593086117,-0.4533530419546101,-6.1358184814453125,767245.8638690478,-100.71523561696357,0
2023-07-10,105.60074615478516,106.52706848947625,105.60074615478516,106.0639073221307,5665.286,-0.4631576384656313,3.5288799153931905e-06,3.498194004691868e-06,23.02230015748988,106.34179992675782,107.18259048461914,109.4240177154541,-99.99994698895294,-0.7256851265228684,-2.104026879537707,False,16.666666666666664,9.44107733630668e-05,7.883477341049967,-0.4332088490280368,-4.8180389404296875,761580.5778690479,-98.74226798214035,1
2023-07-11,106.52706146240234,106.99022259919539,106.06390032560928,106.06390032560928,6251.249,-6.996521420887802e-06,0.4631541097191416,0.4631541708241258,33.027353191020254,106.2491668701172,106.97151336669921,109.16264610290527,-85.96271969425497,0.14513559083949165,-0.8106178494059127,True,33.33333333333333,24.999892721813296,11.537684192693796,-0.32893807023428034,-2.1107711791992188,761580.577869048,-49.057928748523054,0
2023-07-12,106.52706146240234,106.99022259919539,106.06390032560928,106.52706146240234,4869.054,0.4631611367930617,0.0,0.0,33.027353191020254,106.2491668701172,106.80496063232422,108.92353630065918,-80.77394171520353,0.2178632818277074,-0.5101869497917293,False,16.666666666666664,28.57130942081847,17.857098851135074,-0.23576998623669332,-1.66552734375,761580.5778690481,-40.12370162064792,0
2023-07-13,106.52706146240234,106.99022259919539,106.52706146240234,106.99022259919539,6524.536,0.4631611367930475,0.0,0.4631611367930617,33.027353191020254,106.2491668701172,106.57337951660156,108.66216468811035,-75.0001072781867,0.2178632818277074,-0.3464784504406848,False,16.666666666666664,33.33325014224204,28.968150761624628,-0.1539075136685395,-2.3158111572265625,755056.0418690481,-4.97543971842198,1
2023-07-14,107.91654968261719,107.91654968261719,106.52706621030882,106.99022736774494,7492.747,4.7685495445648485e-06,0.9263270834217963,4.747906473312469e-06,46.55502490025104,106.61969604492188,106.57337951660156,108.47026748657227,-37.499998000825556,1.3043499227681217,0.975083419765069,True,33.33333333333333,100.0,53.96818652102019,0.005602133070615523,0.0,762548.7888690481,157.5763886622598,0
2023-07-17,107.91654968261719,108.37971084005332,107.45338852518107,108.37971084005332,4565.265,1.3894834723083846,0.46316115743613295,0.9263223148722517,46.55502490025104,107.08285675048828,106.71232833862305,108.27837028503419,-28.571417654040854,1.0115625821464784,1.048068713187935,False,33.33333333333333,83.33334076322151,72.22219696848788,0.11673110453440794,1.3894882202148438,762548.788869048,182.03326730552607,0
2023-07-18,106.52706146240234,107.9165448727815,106.52706146240234,107.45338373598845,9568.954,-0.9263271040648675,-0.46316596727182,-0.926327062778725,37.53279949798375,107.08285675048828,106.66601181030273,108.01699867248536,-66.66680779852827,-0.43290192494138174,-0.14471968908947913,False,33.33333333333333,33.333192201471725,72.22217765489778,0.10277049579321895,-0.463165283203125,752979.834869048,33.333021850326254,0
2023-07-19,106.52706146240234,107.9165448727815,106.52706146240234,107.45338373598845,9269.6,0.0,0.0,0.0,37.53279949798375,107.08285675048828,106.66601181030273,107.75562705993653,-66.66680779852827,-0.43290192494138174,-0.14471968908947913,False,16.666666666666664,33.333192201471725,49.99990838872168,0.09957765711446576,0.0,743710.234869048,33.333021850326254,1
2023-07-20,106.99022674560547,107.45338790034835,106.99022674560547,106.99022674560547,4926.441,-0.4631569903829842,-0.4631569724331541,0.463165283203125,41.99234567636827,107.17548980712891,106.71232833862305,107.49515228271484,-50.00000009776172,-0.07209632199732854,0.28943759028740107,True,33.33333333333333,49.99993696163975,38.88877378819442,0.13263239069634647,0.463165283203125,738783.793869048,45.16150037727751,0
2023-07-21,106.99022674560547,107.91654905509124,106.99022674560547,107.45338790034835,8068.597,0.46316115474287756,0.46316115474289177,0.0,41.99234567636827,106.99022521972657,106.80496063232422,107.23467750549317,-50.00000009776172,-0.1440911314278552,0.25316622204083494,False,33.33333333333333,40.00009561311504,41.111074925408865,0.1568131942016655,0.9263229370117188,730715.196869048,55.55573914092685,1
2023-07-24,107.45338439941406,107.45338439941406,106.99022325976142,107.45338439941406,7040.599,-3.5009342838066004e-06,-0.4631646556771756,-3.485844047190767e-06,46.53469604724521,106.89759216308593,106.9902244567871,107.08640747070312,-33.33346693754503,0.36048873577212676,0.6143821516705662,True,33.33333333333333,59.99990349548771,49.99997869008086,0.20336462303069247,1.8526382446289062,737755.7958690481,42.42377594346767,1
2023-07-25,107.91654968261719,107.91654968261719,106.99022736774494,107.45338852518107,5916.645,4.1257670062577745e-06,0.463165283203125,4.107983514245461e-06,50.7425706039925,107.17548980712891,107.1291732788086,107.0503433227539,-16.666680216968604,0.7930809193270395,0.9022034823060558,True,50.0,75.00006406914474,58.33335439258252,0.26103420137754796,1.3894882202148438,743672.4408690481,85.71439315270415,1
2023-07-26,108.37971496582031,108.37971496582031,107.4533926156851,107.9165537907527,4899.477,0.4631652655716323,0.463165283203125,0.463165247940168,54.63730753693014,107.5460205078125,107.31443862915039,107.0596996307373,-0.0,0.9345842203849115,1.1163183809226767,True,66.66666666666666,100.0,78.33332252154418,0.32205433610972145,1.8526535034179688,748571.9178690481,145.06196273271516,0
2023-07-27,107.91654968261719,108.37971084005332,107.91654968261719,108.37971084005332,4651.599,0.4631570493006194,-4.12576699204692e-06,0.4631570669320837,50.29868767157325,107.73128509521484,107.45338745117188,107.01338348388671,-20.00010169902539,0.28694423918228756,0.5755411490039264,False,66.66666666666666,74.99989704774102,83.33332037229526,0.32212547873164576,1.3894882202148438,743920.318869048,113.09489473077355,0
2023-07-28,107.91654968261719,108.37971084005332,107.45338852518107,107.91654968261719,5171.878,-0.46316115743613295,0.0,-0.46316115743611874,50.298687671573255,107.91654968261719,107.45338745117188,107.01338348388671,-25.000102952258977,0.14326657200363122,0.4671230181805891,False,50.0,74.99989704774102,83.33326469849403,0.3128151816734286,0.0,743920.3188690479,66.66652454792752,0
2023-07-31,107.45338439941406,108.37970667871936,107.45338439941406,108.37970667871936,7993.658,0.4631569961021711,-4.1613339618606915e-06,-4.1257670062577745e-06,45.955789340075796,107.91654968261719,107.40707092285156,107.0596996307373,-50.000205904517955,-0.35791299721536757,-0.035909328873622116,False,50.0,49.999794095482045,66.66652939698805,0.26784174571822617,-0.463165283203125,735926.6608690479,44.4437900868882,1
2023-08-01,107.91654968261719,107.91654968261719,107.45338852518107,107.45338852518107,3599.776,-0.9263181535382898,-0.4631569961021711,4.1257670062577745e-06,50.608086243834435,107.91654968261719,107.54601974487305,107.10601577758788,-25.000102952258977,0.0,0.3949742270480245,True,50.0,66.66656726459837,63.888752802607165,0.2613787141936744,1.3894882202148438,739526.4368690478,34.59127355199458,0
2023-08-02,107.45338439941406,107.9165455390667,107.45338439941406,107.45338439941406,6293.443,-4.1257670062577745e-06,-4.143550484059233e-06,-4.1257670062577745e-06,46.26352863606034,107.73128356933594,107.63865203857422,107.15233192443847,-50.000205904517955,-0.35791299721536757,-2.366729972423679e-06,False,33.33333333333333,33.333134529196734,49.99983196309241,0.2196800732558407,0.9263229370117188,733232.9938690478,-11.765471025323974,1
2023-08-04,107.91654968261719,107.91654968261719,107.45338852518107,107.45338852518107,4893.925,4.1257670062577745e-06,4.143550484059233e-06,4.1257670062577745e-06,50.865081798257776,107.73128356933594,107.7312843322754,107.22180633544922,-25.000102952258977,0.14326775366838657,0.3229289864578275,True,33.33333333333333,66.66656726459837,55.55542301946451,0.21669790397394018,0.9263229370117188,738126.9188690479,14.706090444132252,0
2023-08-07,107.45338439941406,107.9165455390667,107.45338439941406,107.45338439941406,5788.751,-4.1257670062577745e-06,-4.143550484059233e-06,-4.1257670062577745e-06,46.51939962018073,107.6386505126953,107.77760009765625,107.29128036499023,-66.66686547080327,-0.21505568322582677,-0.1792785061607297,False,33.33333333333333,33.33293743036355,44.44421307471958,0.17852864827728127,0.46315765380859375,732338.1678690478,-53.572083394832504,1
2023-08-08,107.91654968261719,108.37971084005332,107.45338852518107,107.91654968261719,8033.607,0.463165283203125,0.463165300986617,4.1257670062577745e-06,51.07895504860957,107.73128356933594,107.82391662597657,107.40707054138184,-33.33343273540164,0.21505568322582677,0.17914826646567686,True,50.0,50.0,49.999834898320664,0.17901505372717752,0.463165283203125,732338.1678690477,48.61099656045859,1
2023-08-09,108.37971496582031,108.37971496582031,107.9165537907527,107.9165537907527,5910.356,4.108135513547495e-06,4.12576699204692e-06,0.4631652655716323,55.24177512469513,107.82391662597657,107.87023315429687,107.49970321655273,-0.0,0.5010781961015146,0.5010781961015146,True,66.66666666666666,100.0,61.110979143454536,0.20329656900324306,0.463165283203125,738248.5238690478,139.39402655190065,1
2023-08-10,109.3060302734375,109.3060302734375,108.37970798298464,108.37970798298464,9831.879,0.46315419223194,0.9263153076171875,0.46315419223194,62.2501666637612,108.19444580078125,107.96286468505859,107.63865165710449,-0.0,1.142855569570992,1.215151560286861,True,66.66666666666666,100.0,83.33333333333336,0.27031331952815696,0.9263153076171875,748080.4028690477,245.42002602809438,0
2023-08-11,109.3060302734375,109.76919141866394,109.3060302734375,109.3060302734375,4976.743,0.926322290452859,0.4631611452264366,0.926322290452859,62.2501666637612,108.47234191894532,108.10181274414063,107.77760009765625,-19.999988832250008,0.8546990898108385,1.1067456954884354,False,66.66666666666666,80.00001116774999,93.33333705591667,0.30087118116088074,1.3894805908203125,743103.6598690477,190.4757766300083,0
2023-08-14,108.37971496582031,109.76919849102313,108.37971496582031,109.30603731595554,7211.16,7.04251803540501e-06,7.072359196058642e-06,-0.9263153076171875,52.472136509986946,108.65760803222656,108.14812927246093,107.8007583618164,-59.99978712614973,-0.0711703217507305,0.24991532659845214,False,50.0,40.00021287385027,73.33340801386677,0.2471743987882703,0.463165283203125,735892.4998690477,78.6521230388044,0
2023-08-15,108.37971496582031,109.30603731595554,108.37971496582031,109.30603731595554,3854.818,0.0,-0.46316117506759724,0.0,52.472136509986946,108.75024108886718,108.24076232910156,107.82391662597657,-59.99978712614973,-0.21321683037095995,0.21413702225073233,False,50.0,40.00021287385027,53.33347897181687,0.20203523033611298,0.92633056640625,732037.6818690477,47.10190123150365,1
2023-08-16,109.3060302734375,109.3060302734375,108.37970798298464,108.37970798298464,8335.561,-0.9263293329708944,-7.04251803540501e-06,-6.982835671465182e-06,59.957445765889744,108.93550415039063,108.3797103881836,107.96286506652832,-20.000233147550066,0.42552869348384614,0.9625648551691944,True,50.0,79.99976685244994,53.33339753338351,0.22328087803314653,1.3894805908203125,740373.2428690477,66.6663481371494,0
2023-08-17,107.91654968261719,108.84287199748944,107.91654968261719,108.84287199748944,8428.239,0.46316401450479816,-0.4631582759480608,-0.46315830036745353,47.67163756334688,108.65760803222656,108.4260269165039,108.03233947753907,-79.99989356307486,-0.7806954690033449,-0.35637884100355555,False,33.33333333333333,20.000106436925137,46.666695387741804,0.13672392404292494,0.463165283203125,731945.0038690477,-31.372546436832057,1
2023-08-18,108.8428726196289,109.30603377971244,107.91655029946185,108.37971145954538,8102.766,-0.46316053794406287,0.463161782222997,6.168446589072119e-07,54.45846445283689,108.56497650146484,108.51865921020507,108.12497177124024,-40.000010136849895,0.14204554926890353,0.4273513022745944,True,33.33333333333333,59.99991860051435,53.333263963296496,0.1346133958829904,0.9263229370117188,734645.9258690478,18.018103976396482,0
2023-08-21,108.37971496582031,109.30603731595554,108.37971496582031,108.84287614088792,5133.631,0.4631646813425476,3.536243099233616e-06,0.4631646663584661,50.86043521516969,108.56497650146484,108.61129226684571,108.19444618225097,-59.99978712614973,-0.14224526083154027,-0.0711709075413549,False,33.33333333333333,25.000166307916793,35.00006378178545,0.09656267242313288,0.92633056640625,729512.2948690477,3.1159305568400795,0
2023-08-22,107.91654968261719,108.84287199748944,107.91654968261719,108.37971084005332,5298.292,-0.4631653008346035,-0.4631653184660962,-0.463165283203125,47.44104064065478,108.47234344482422,108.61129226684571,108.21760444641113,-79.99989356307486,-0.4982215568059838,-0.49822097351875416,False,33.33333333333333,0.0,28.333361636143735,0.03775943987293439,0.0,724214.0028690477,-107.63965439932903,0
2023-08-23,107.91654968261719,108.84287199748944,107.91654968261719,108.37971084005332,3239.129,0.0,0.0,0.0,47.44104064065478,108.19444732666015,108.56497573852539,108.21760444641113,-80.00003608812062,-0.4273507131422725,-0.5336185774762724,False,33.33333333333333,0.0,8.333388769305616,-0.0014964357800817535,-0.463165283203125,720974.8738690477,-107.63944205667117,1
2023-08-24,108.8428726196289,109.30603377971244,107.91655029946185,107.91655029946185,6282.977,-0.46316054059147405,0.463161782222997,6.168446589072119e-07,54.691310730139136,108.3797119140625,108.51865997314454,108.24076232910156,-50.00007919424595,0.4989306063644997,0.2488445224398862,True,33.33333333333333,49.99992080575406,16.666640268584704,0.032676627504442016,-0.46315765380859375,723069.1995357143,3.831368934633735,0
2023-08-25,107.91654968261719,109.30603315492557,107.91654968261719,108.84287199748944,4936.546,0.9263216980275928,-6.247868640230081e-07,-6.168446589072119e-07,47.53757329031091,108.19444732666015,108.3797119140625,108.24076232910156,-100.0,-0.3563800109063243,-0.568990422646737,False,33.33333333333333,0.0,16.666640268584704,-0.0072238894911049595,-1.3894805908203125,718132.6535357144,-51.28216613006441,1
2023-08-28,108.37971496582031,108.84287614088792,107.9165537907527,108.37971496582031,2315.802,-0.4631570316691267,-0.4631570140376482,4.108135513547495e-06,51.03134844296166,108.19444732666015,108.3797119140625,108.26392059326172,-74.9998336920832,0.14265579606244563,-0.07117149333198552,True,33.33333333333333,33.333530438866575,27.77781708154023,-0.0027702837074034536,0.0,718132.6535357144,-39.99907883108364,1
2023-08-29,108.8428726196289,109.30603377971244,108.37971145954538,108.37971145954538,3080.588,-3.506274936171394e-06,0.4631576388245122,0.4631576687926753,54.3479141697846,108.3797119140625,108.42602767944337,108.33339500427246,-50.00007919424595,0.4989306063644997,0.39159781232624225,True,50.0,66.66651179803297,33.333347412299865,0.029255988724539467,0.46315765380859375,718132.6535357144,83.33333908125051,0
2023-08-30,108.37971496582031,109.30603731595554,108.37971496582031,108.84287614088792,6026.596,0.4631646813425476,3.536243099233616e-06,3.506274936171394e-06,50.60866901181495,108.47234497070312,108.33339614868164,108.35655326843262,-66.66646956113343,2.3465014422950485e-06,-0.03559724221210706,False,50.0,33.333530438866575,44.444524225255385,0.01770344511165535,-0.9263153076171875,712106.0575357144,57.14353431821506,0
2023-08-31,107.45338439941406,108.842867818372,107.45338439941406,108.842867818372,17010.33,-8.32251592441935e-06,-0.46316949758353587,-0.92633056640625,44.003102529412246,108.19444732666015,108.28707962036133,108.35655326843262,-100.0,-0.7840388418026484,-0.8193844813029014,False,50.0,0.0,33.333347412299865,-0.050156815668363025,-0.463165283203125,695095.7275357144,-150.0007746485749,1
2023-09-01,107.91654968261719,108.37971084005332,107.45338852518107,107.45338852518107,3802.356,-1.3894792931909308,-0.4631569783186791,4.1257670062577745e-06,47.72478682593043,108.19444732666015,108.19444732666015,108.35655326843262,-74.99988912830146,-0.21413349244386323,-0.2853074815655682,True,50.0,25.00011087169855,19.444547103521728,-0.060963619168118016,-0.9263229370117188,695095.7275357143,-120.15475980385892,1
2023-09-04,108.8428726196289,108.8428726196289,107.45338913937832,107.91655029946185,3869.11,0.46316177428077765,0.4631617795755858,6.141972477280433e-07,54.34509208928229,108.28707885742188,108.24076309204102,108.42602767944337,-25.000079194070718,0.4989306063644997,0.4989306063644997,True,66.66666666666666,74.99992080592928,33.33334389254263,-0.005747322591819627,0.46315765380859375,698964.8375357143,4.385946509535632,0
2023-09-05,108.37971496582031,108.84287614088792,108.37971496582031,108.84287614088792,3518.547,0.9263258414260775,3.521259017702505e-06,0.926325826441996,50.833627499967704,108.19444732666015,108.28707962036133,108.44918594360351,-49.99977825660291,0.07127881998999976,0.10695458495396745,False,50.0,50.0002217433971,50.000084473674995,-0.0007038613903690011,0.463165283203125,695446.2905357142,39.47438670984764,0
2023-09-06,108.37971496582031,108.84287614088792,108.37971496582031,108.84287614088792,4198.339,0.0,0.0,0.0,50.833627499967704,108.19444732666015,108.33339614868164,108.44918594360351,-49.99977825660291,0.14265579606244563,0.10695458495396745,False,33.33333333333333,50.0002217433971,58.333454764241175,0.002187095725191608,0.463165283203125,691247.9515357142,31.111715189110377,0
2023-09-07,108.37971496582031,108.84287614088792,107.9165537907527,108.37971496582031,5767.226,-0.46316117506761145,0.0,-0.46316117506761145,50.833627499967704,108.37971343994141,108.28708038330078,108.40287017822266,-49.99977825660291,0.14265579606244563,0.0712782325280758,False,33.33333333333333,50.0002217433971,50.0002217433971,0.003572371398002712,-0.46315765380859375,691247.9515357142,-5.049706699736887,0
2023-09-08,107.91654968261719,108.37971084005332,107.91654968261719,108.37971084005332,3607.873,-4.12576699204692e-06,-0.4631653008346035,-4.108135513547495e-06,46.89932797466004,108.37971343994141,108.28708038330078,108.33339614868164,-74.99988912830146,-0.3563811808090787,-0.35638059585770493,False,33.33333333333333,25.00011087169855,41.66685145283093,-0.02562497181994949,0.0,687640.0785357142,-82.25092484042209,1
2023-09-11,108.37971496582031,108.37971496582031,107.9165537907527,107.9165537907527,3614.763,-0.4631570493006194,4.12576699204692e-06,4.108135513547495e-06,51.03363516927225,108.28708190917969,108.28708038330078,108.33339614868164,-49.99977825660291,1.1732507008263024e-06,0.10695399707310435,True,33.33333333333333,50.0002217433971,41.66685145283093,-0.013285677931888527,0.0,691254.8415357142,-32.519524713701045,0
2023-09-12,108.37971496582031,108.84287614088792,107.9165537907527,108.37971496582031,4454.854,0.46316117506761145,0.46316117506761145,0.0,51.03363516927225,108.28708190917969,108.24076461791992,108.33339614868164,-49.99977825660291,0.07127647014235851,0.07127764506615877,False,16.666666666666664,66.66686377161716,47.22239879557096,-0.005086716367553663,-0.46315765380859375,691254.8415357142,23.80995320580099,0
2023-09-13,107.91654968261719,108.84287199748944,107.91654968261719,108.37971084005332,6076.447,-4.12576699204692e-06,-4.143398484757199e-06,-4.108135513547495e-06,46.70598284519001,108.19444885253907,108.1944480895996,108.26392211914063,-74.99988912830146,-0.285309238923929,-0.3208572931972108,False,16.666666666666664,33.333233934618484,50.000106483210935,-0.029459170685444406,-0.463165283203125,685178.3945357142,-11.111623922513974,1
2023-09-14,108.37971496582031,108.37971496582031,107.9165537907527,108.37971496582031,5435.47,4.12576699204692e-06,-0.4631570316691267,4.108135513547495e-06,51.21869691162409,108.19444885253907,108.28708114624024,108.28708038330078,-49.99977825660291,0.1426546194619645,0.1426552077622082,True,33.33333333333333,66.66675006211571,55.5556159227838,-0.013785717056284466,0.92633056640625,690613.8645357142,-26.66582970069869,1
2023-09-15,108.8428726196289,108.8428726196289,107.91655029946185,108.37971145954538,10367.822,-3.506274936171394e-06,0.46315765380859375,-3.4912908546402832e-06,55.343693261700814,108.37971343994141,108.37971343994141,108.28708038330078,-0.0002534206510624839,0.49892942641965493,0.5347582403102398,True,50.0,99.99961986846147,66.6665346217319,0.026197041065104933,0.9263229370117188,700981.6865357142,95.23676091012068,0
2023-09-18,108.37971496582031,108.84287614088792,108.37971496582031,108.37971496582031,2051.659,3.506274936171394e-06,3.521259017702505e-06,0.4631646663584661,50.66951294910558,108.37971343994141,108.33339767456054,108.28708038330078,-33.333235203538955,1.1732507008263024e-06,0.035626712844734836,False,50.0,50.0002217433971,72.2221972246581,0.020145450797294046,-0.46315765380859375,698930.0275357142,79.71029934375282,0
2023-09-19,108.37971496582031,109.30603731595554,108.37971496582031,108.37971496582031,4556.187,0.0,0.46316117506761145,0.0,50.66951294910558,108.37971343994141,108.33339767456054,108.31023864746093,-49.99990618006114,1.1732507008263024e-06,1.1732507008263024e-06,False,33.33333333333333,33.333530438866575,61.1111240169084,0.01506938104221833,0.0,694373.8405357142,133.33322977752374,0
2023-09-20,108.37971496582031,108.84287614088792,107.9165537907527,108.37971496582031,5369.871,0.0,-0.46316117506761145,-0.46316117506761145,50.66951294910558,108.47234649658203,108.33339767456054,108.3333969116211,-66.66646956113343,1.1732507008263024e-06,0.0356261258013362,False,33.33333333333333,33.333530438866575,38.889094207043435,0.01083649844230878,0.0,694373.8405357142,7.2468920073082215,0
2023-09-21,107.91654968261719,108.84287199748944,107.91654968261719,108.37971084005332,4352.431,-4.12576699204692e-06,-4.143398484757199e-06,-4.108135513547495e-06,45.662592141992,108.37971343994141,108.28708114624024,108.28708076477051,-100.0,-0.42735304961589676,-0.35638176576043257,False,33.33333333333333,0.0,22.22235362591107,-0.02222882099102343,-0.463165283203125,690021.4095357142,-53.3341218153811,1
2023-09-22,108.37971496582031,108.37971496582031,107.9165537907527,107.9165537907527,5569.613,-0.4631570493006194,-0.4631570316691267,4.108135513547495e-06,50.950096197384624,108.28708190917969,108.33339767456054,108.31023902893067,-66.66646956113343,1.1732507008263024e-06,0.07127705760426176,True,33.33333333333333,33.333530438866575,22.22235362591107,-0.012465497921453055,0.463165283203125,695591.0225357142,-66.6658759890311,0
2023-09-25,107.91654968261719,108.37971084005332,107.91654968261719,108.37971084005332,2525.486,0.4631570493006194,-4.12576699204692e-06,-4.108135513547495e-06,46.06054060233153,108.19444885253907,108.28708114624024,108.28708076477051,-100.0,-0.285309238923929,-0.32085787856572023,False,16.666666666666664,0.0,11.111176812955543,-0.03545766226786705,-0.463165283203125,693065.5365357142,-120.00040411289243,0
2023-09-26,107.45338439941406,108.37970667871936,107.45338439941406,107.9165455390667,6581.376,-0.463165300986617,-4.1613339618606915e-06,-0.463165283203125,41.69537408175407,108.00918273925781,108.1944480895996,108.21760635375976,-100.0,-0.5714336543529529,-0.7132725140378308,False,16.666666666666664,0.0,11.111176812955543,-0.07769422911490603,-0.92633056640625,686484.1605357141,-177.08420115770437,1
2023-09-27,107.91654968261719,107.91654968261719,107.45338852518107,107.45338852518107,5407.591,-0.4631570138856347,-0.4631569961021711,4.1257670062577745e-06,47.15843470231241,107.91654968261719,108.1944480895996,108.1944480895996,-74.99988912830146,-0.07148026458012303,-0.2497340623574136,True,33.33333333333333,25.00011087169855,8.333370290566203,-0.07048537046158158,0.0,691891.7515357141,-135.96468379503386,0
2023-09-28,107.45338439941406,108.37970667871936,107.45338439941406,107.9165455390667,4534.503,0.4631570138856347,0.4631569961021711,-4.1257670062577745e-06,42.78508718742031,107.82391662597657,108.10181503295898,108.1944480895996,-100.0,-0.35791299721536757,-0.6069309100517392,False,33.33333333333333,0.0,8.333370290566203,-0.09161857955829088,-0.92633056640625,687357.2485357141,-101.44961012471032,1
2023-10-02,107.91654968261719,108.37971084005332,107.45338852518107,107.91654968261719,5153.45,4.143550484059233e-06,4.1613339618606915e-06,4.1257670062577745e-06,48.0416132971552,107.73128356933594,108.00918273925781,108.1944480895996,-74.99988912830146,0.07158259944307352,-0.1785086760683423,True,50.0,25.00011087169855,16.666740581132384,-0.07008313995554917,-0.9263229370117188,687357.248535714,-51.8515869695326,0
2023-10-03,107.45338439941406,107.9165455390667,107.45338439941406,107.9165455390667,4165.567,-4.143550484059233e-06,-0.463165300986617,-4.1257670062577745e-06,43.66524331172452,107.6386505126953,107.91654968261719,108.12497367858887,-100.0,-0.21505568322582677,-0.5359098638896753,False,33.33333333333333,0.0,8.333370290566203,-0.08188926032526594,-0.92633056640625,683191.681535714,-103.70376921379803,0
2023-10-04,106.52706146240234,107.45338373598845,106.52706146240234,107.45338373598845,9023.191,-0.4631618030782505,-0.4631618030782505,-0.9263229370117188,36.42558648418235,107.45338592529296,107.7312843322754,108.03234100341797,-100.0,-0.8620707507661564,-1.2168976981450819,False,33.33333333333333,0.0,8.333370290566203,-0.1433453254704633,-1.8526535034179688,674168.490535714,-219.99902468136048,0
2023-10-05,106.52706146240234,107.45338373598845,106.52706146240234,106.52706146240234,8552.43,-0.9263222735861092,0.0,0.0,36.42558648418235,107.17548828125,107.5460189819336,107.93970832824706,-100.0,-0.7194261485136818,-1.0752724993315037,False,33.33333333333333,0.0,0.0,-0.17325690686210482,-1.8526535034179688,665616.0605357139,-158.19191400929068,1
2023-10-06,106.99022674560547,107.45338790034835,106.99022674560547,106.99022674560547,4833.588,0.463165283203125,4.164359893366054e-06,0.463165283203125,42.13448857456967,107.08285675048828,107.45338668823243,107.87023391723633,-79.99989863152562,-0.14408994636262337,-0.5382126132473636,True,33.33333333333333,25.00015862636591,8.333386208788655,-0.15187598855963882,-0.9263229370117188,660782.4725357139,-76.11509889827192,1
2023-10-11,107.91654968261719,107.91654968261719,106.99022736774494,107.91654968261719,10287.534,0.9263229370117188,0.4631617822688412,6.221394670546943e-07,51.61434639755265,107.08285675048828,107.40707015991211,107.87023391723633,-39.999917991452335,0.6479503925510698,0.3589389735632051,True,50.0,75.00006406914474,33.33340756517023,-0.06956295267283447,-0.463165283203125,671070.0065357139,14.493149457685329,0
2023-10-12,107.91654968261719,108.37971084005332,107.45338852518107,108.37971084005332,5922.957,0.46316115743613295,0.46316115743613295,0.46316115743613295,51.61434639755265,107.17548980712891,107.40707015991211,107.84707565307617,-25.000102952258977,0.6479503925510698,0.3589389735632051,False,33.33333333333333,75.00006406914474,58.333428921551814,-0.012331049033009966,0.0,671070.0065357138,77.38123587482262,0
2023-10-13,107.45338439941406,107.9165455390667,106.99022325976142,107.45338439941406,7220.713,-0.926326440639258,-0.463165300986617,-0.4631652654196472,47.02970871181588,107.36075439453126,107.40707015991211,107.80075912475586,-50.000094557221175,0.21598109234197654,-1.775047486514121e-06,False,33.33333333333333,49.999905442778825,66.66667786035612,-0.003349725523777436,0.0,671070.0065357138,-6.173194212401639,1
2023-10-16,107.91654968261719,107.91654968261719,107.45338852518107,107.45338852518107,4891.113,4.1257670062577745e-06,4.143550484059233e-06,0.4631652654196472,51.709091021710364,107.63865203857422,107.40707015991211,107.80075912475586,-24.999935930855262,0.4310359619648462,0.43103655619771053,True,50.0,75.00006406914474,66.66667786035612,0.03404214068238973,0.0,675961.1195357138,55.555831080651004,0
2023-10-17,107.91654968261719,108.37971084005332,107.45338852518107,107.91654968261719,6156.682,0.46316115743611874,0.46316115743613295,0.0,51.709091021710364,107.82391662597657,107.45338668823243,107.7776008605957,-24.999935930855262,0.21505449986630606,0.3949748208542234,False,50.0,75.00006406914474,66.66667786035612,0.057645325973557315,0.463165283203125,675961.1195357137,80.35717648340952,0
2023-10-18,107.45338439941406,107.9165455390667,107.45338439941406,107.9165455390667,4940.561,-4.143550484059233e-06,-0.463165300986617,-4.1257670062577745e-06,46.789984872331466,107.73128356933594,107.40707015991211,107.70812644958497,-50.000094557221175,-0.28653550733677313,-1.775047486514121e-06,False,33.33333333333333,49.999905442778825,66.66667786035613,0.041679203529159936,-0.463165283203125,671020.5585357137,28.845669476792537,0
2023-10-19,107.45338439941406,107.9165455390667,106.99022325976142,107.45338439941406,6904.498,-0.46316113965264094,0.0,-0.46316113965264094,46.789984872331466,107.6386505126953,107.40707015991211,107.66180992126465,-50.000094557221175,-0.21505568322582677,-1.775047486514121e-06,False,16.666666666666664,49.999905442778825,58.333291651567485,0.03121190710207028,0.0,671020.5585357137,-0.00040435127057356,0
2023-10-20,106.99022674560547,107.45338790034835,106.99022674560547,106.99022674560547,9628.037,-0.46315765380859375,-0.46315763871835713,3.485844047190767e-06,42.031544735328865,107.5460189819336,107.45338668823243,107.5923355102539,-74.9998413736341,-0.5025111366647408,-0.3594521031754149,False,16.666666666666664,0.0002508726307908756,33.33335391939617,-0.004888896427376055,0.463165283203125,661392.5215357137,-81.48089280550327,0
2023-10-23,106.99022674560547,107.45338790034835,106.99022674560547,106.99022674560547,4634.133,0.0,0.0,0.0,42.031544735328865,107.36075439453126,107.49970321655273,107.52286109924316,-74.9998413736341,-0.4310335952348871,-0.32362333798567294,False,16.666666666666664,0.0002508726307908756,16.666802396013487,-0.025595039601047587,0.463165283203125,656758.3885357137,-99.99954105193842,0
2023-10-24,106.99022674560547,107.45338790034835,106.99022674560547,106.99022674560547,5428.798,0.0,0.0,0.0,42.031544735328865,107.17548980712891,107.49970321655273,107.47654495239257,-74.9998413736341,-0.28776879690046026,-0.35945269315491907,False,0.0,0.0002508726307908756,0.0002508726307908756,-0.03550832139480117,0.0,651329.5905357137,-99.99954105193842,0
2023-10-25,106.99022674560547,107.45338790034835,106.99022674560547,106.99022674560547,5061.638,0.0,0.0,0.0,42.031544735328865,107.08285827636719,107.40707092285156,107.40707054138184,-99.99974912736921,-0.1440911314278552,-0.39525629936637724,False,0.0,0.0002508726307908756,0.0002508726307908756,-0.03805624550849457,-0.9263229370117188,646267.9525357137,-81.3950203211865,0
2023-10-26,106.52706146240234,107.45338373598845,106.52706146240234,106.99022259919539,7264.172,-4.146410077510154e-06,-4.164359893366054e-06,-0.463165283203125,36.73968279740978,106.89759368896485,107.26812210083008,107.3375961303711,-100.0,-0.4329031082841838,-0.7908008986468272,False,0.0,0.0,0.0001672484205461982,-0.06532552818069493,-1.3894882202148438,639003.7805357137,-125.92682958538921,1
2023-10-27,106.99022674560547,107.45338790034835,106.52706559086259,106.99022674560547,8936.659,4.146410077510154e-06,4.164359893366054e-06,4.1284602474433996e-06,44.37909223927139,106.89759368896485,107.22180633544922,107.31443824768067,-74.9998413736341,0.07220281011510132,-0.28776879690046026,True,16.666666666666664,25.00015862636591,8.333469832998919,-0.0473950358433865,-0.46315765380859375,639003.7805357137,-72.91653249866792,0
2023-10-30,106.99022674560547,107.45338790034835,106.99022674560547,107.45338790034835,7421.331,0.46316115474287756,0.0,0.46316115474287756,44.37909223927139,106.89759368896485,107.12917404174804,107.26812210083008,-74.9998413736341,0.07220281011510132,-0.2159816840217234,False,16.666666666666664,33.33361576298265,19.444591463116208,-0.03152424969408091,-0.9263229370117188,631582.4495357136,-29.535655531793257,1
2023-10-31,107.45338439941406,107.45338439941406,106.99022325976142,107.45338439941406,8133.572,-3.5009342838066004e-06,-3.5009342838066004e-06,-3.485844047190767e-06,51.36815775157783,106.99022521972657,107.08285751342774,107.26812210083008,-50.000094557221175,0.4328983543330562,0.2159804981008649,True,33.33333333333333,66.66668244485965,41.666818944736086,0.011853069271642425,-0.463165283203125,639716.0215357137,45.75112893854988,1
2023-11-01,108.37971496582031,108.84287614088792,106.99023144061749,107.4533926156851,8197.189,8.216271041305845e-06,1.3894917414738615,8.180856070794107e-06,61.832283066709095,107.26812286376953,107.17549057006836,107.29128036499023,-19.99992397364431,1.0799184940323323,1.0435460020642846,True,50.0,80.00007602635569,60.00012474473268,0.09972863706190466,0.92633056640625,643814.6160357137,250.00168944257658,1
2023-11-02,109.3060302734375,109.3060302734375,107.91654683775822,108.37970798298464,10269.115,0.9263153672995372,0.46315413254957605,0.9263153971407263,69.08814059831849,107.82391662597657,107.3607551574707,107.3839126586914,-0.0,1.5781909708172326,1.7972670184217647,True,66.66666666666666,100.0,82.22225282373846,0.21065998715281775,1.8526458740234375,654083.7310357137,226.18984078519787,0
2023-11-03,108.8428726196289,109.76919493979597,108.37971145954538,109.30603377971244,7831.908,0.9263257967277951,0.4631646663584661,0.46316462178715767,62.59722163838545,108.19444580078125,107.54601974487305,107.49970321655273,-28.571381364339693,0.7862770324197953,1.2567342412508762,False,66.66666666666666,71.42861863566031,83.80956488733868,0.24107399518906752,1.8526458740234375,651473.0950357136,148.32530231274123,0
2023-11-06,108.8428726196289,109.76919493979597,108.8428726196289,109.30603377971244,7297.053,0.0,0.0,0.4631611600835299,62.59722163838545,108.56497497558594,107.7312843322754,107.61549377441406,-28.571381364339693,0.49893178630935914,1.1477775543442088,False,50.0,71.42861863566031,80.95241242377357,0.24843512359359346,1.8526458740234375,644176.0420357137,115.38456720622348,1
2023-11-07,109.3060302734375,109.3060302734375,108.84286912821108,108.84286912821108,6007.182,-0.46316465150135855,-0.4631646663584661,-3.4914178286271635e-06,66.35865330871395,108.93550415039063,107.96286468505859,107.73128395080566,-14.285798829319265,0.5681798638875695,1.396346310077786,True,66.66666666666666,85.71420117068074,76.19047948066714,0.2699526766842145,2.3158035278320312,650183.2240357137,90.05823984363931,1
2023-11-08,109.76919555664062,109.76919555664062,109.30603439395438,109.30603439395438,6005.395,0.4631652657432994,0.463165283203125,0.4631652657432994,69.68455201565867,109.2134002685547,108.2407615661621,107.82391624450683,-0.0,0.6369436850049776,1.6077190173830858,True,66.66666666666666,100.0,85.71427326878036,0.29860042695763844,2.7789688110351562,656188.6190357137,99.4536763930997,0
2023-11-09,108.8428726196289,109.76919493979597,108.8428726196289,109.76919493979597,6419.91,0.46316054584158906,-6.168446589072119e-07,-0.4631617743254708,57.32050534338515,109.12076873779297,108.47234268188477,107.87023239135742,-28.571394954265532,-0.28288445758496295,0.6064943363395032,False,50.0,66.66670847881488,84.12696988316522,0.2408610213929058,2.3158111572265625,649768.7090357137,55.55563869514199,0
2023-11-10,108.37971496582031,109.30603731595554,108.37971496582031,108.84287614088792,5447.812,-0.9263187989080421,-0.4631576238404307,-0.46315765380859375,52.26260609784867,109.02813720703125,108.61129150390624,107.91654891967774,-42.85697477132766,-0.5665691149002096,0.07127999491385519,False,33.33333333333333,50.00019998829407,72.22230282236967,0.1610117705422254,1.3894882202148438,644320.8970357137,7.75234261100333,0
2023-11-13,107.91654968261719,109.30603315492557,107.91654968261719,108.84287199748944,7875.588,-4.143398484757199e-06,-4.161029963256624e-06,-0.463165283203125,47.6734535699192,108.8428726196289,108.70392379760742,107.91654891967774,-57.14286267296033,-0.8510643965167307,-0.4627981663435302,False,33.33333333333333,33.33322070114792,50.000043056085644,0.07112286139486734,0.9263229370117188,636445.3090357137,-47.325189689289004,0
2023-11-14,107.91654968261719,108.84287199748944,107.91654968261719,108.37971084005332,6298.683,-0.46316115743611874,-0.46316115743613295,0.0,47.6734535699192,108.56497650146484,108.75024032592773,107.91654891967774,-66.66658304237023,-0.7102277463444915,-0.5336179946039821,False,33.33333333333333,0.0001535563077796249,27.77785808191661,0.009049437027225327,0.463165283203125,630146.6260357137,-103.17501790342271,1
2023-11-15,109.3060302734375,109.3060302734375,108.37970798298464,108.37970798298464,13224.878,-2.857068679418262e-06,0.4631582759480608,0.46315830036745353,60.162452573633665,108.47234344482422,108.84287185668946,108.00918121337891,-16.666783030664302,0.5681786873227055,0.5681792756051275,True,33.33333333333333,74.99979409463411,36.11105611736329,0.056316990849492155,0.9263153076171875,643371.5040357137,16.666095453056705,0
2023-11-16,108.37971496582031,109.76919849102313,108.37971496582031,109.30603731595554,12982.942,0.9263293329708944,0.46316821758563265,6.982835671465182e-06,51.26402660716475,108.3797119140625,108.75024032592773,108.05549774169921,-50.0,-0.07117149333198552,-0.3548583331851071,False,16.666666666666664,25.000166307916793,33.33337131961958,0.021722466306434346,-0.9263153076171875,630388.5620357137,-16.665958946647624,0
2023-11-17,108.37971496582031,109.30603731595554,108.37971496582031,108.84287614088792,8133.467,-0.46316117506761145,-0.46316117506759724,0.0,51.26402660716475,108.3797119140625,108.70392456054688,108.12497215270996,-74.99971852529016,2.3465014422950485e-06,-0.3548583331851071,False,16.666666666666664,25.000166307916793,41.66670890348925,-0.003302351886766197,-0.46315765380859375,622255.0950357137,-41.26937837752576,1
2023-11-20,109.3060302734375,109.3060302734375,108.37970798298464,108.37970798298464,7897.49,-0.4631681579032829,-7.04251803540501e-06,-6.982835671465182e-06,58.55859002190058,108.65760803222656,108.75024032592773,108.24076232910156,-25.000324696408683,0.7112345135629764,0.49680306936391583,True,33.33333333333333,74.99967530359132,41.66666930647499,0.03810558440393974,0.46315765380859375,630152.5850357137,26.66608967615477,0
2023-11-21,109.3060302734375,109.76919141866394,108.84286912821108,108.84286912821108,8101.671,0.4631611452264366,0.4631611452264366,0.4631611452264366,58.55859002190057,108.93550415039063,108.75024032592773,108.35655250549317,-25.000324696408683,0.49680365681161126,0.4611535331473648,False,33.33333333333333,74.99967530359132,58.333172305033166,0.05977948251962989,0.0,630152.5850357136,85.7140839665258,0
2023-11-22,109.3060302734375,109.76919141866394,108.84286912821108,109.3060302734375,4045.569,0.4631611452264224,0.0,0.0,58.55859002190057,108.93550415039063,108.70392379760742,108.47234268188477,-25.000324696408683,0.2832839774531999,0.4255292800985773,False,33.33333333333333,74.99967530359132,74.99967530359132,0.06781203673261837,-0.463165283203125,630152.5850357135,101.75450464750263,1
2023-11-23,109.76919555664062,109.76919555664062,109.30603439395438,109.30603439395438,3927.052,4.120516877037517e-06,4.137976688411982e-06,0.4631652657432994,62.22851017664841,109.2134002685547,108.79655609130859,108.63444938659669,-0.00015838849188969922,0.6369436850049776,0.8153145556117248,True,33.33333333333333,99.99984161150812,83.33306407289693,0.09627695008591641,0.9263229370117188,634079.6370357135,139.3950720818124,1
2023-11-24,110.23235321044922,110.23235321044922,109.3060309145631,109.76919206250616,6102.974,0.4631576685517871,0.46315765380859375,-3.479391281757671e-06,65.55600240365898,109.58392791748047,108.98181991577148,108.79655570983887,-0.0,0.776286716439171,1.2048171672947883,True,50.0,100.0,91.6665056383665,0.13583637097955914,1.8526382446289062,640182.6110357136,146.4647122259515,1
2023-11-27,111.15867614746094,111.62183729807536,110.2323538462321,110.2323538462321,6961.903,0.46316178372593697,1.389484087626144,0.9263229316690058,71.10910893202858,109.95445709228515,109.30603256225587,109.00497817993164,-12.500005362124996,1.1946594148107013,1.874777557231718,True,66.66666666666666,85.71429126967242,95.23804429372687,0.20952437182021255,3.24212646484375,642503.2453690468,211.42887035114083,0
2023-11-28,110.69551849365234,112.08500198938856,110.69551849365234,111.15867965889775,11610.707,0.9263258126656524,0.46316469131319593,0.46316464742024266,65.36135107551269,110.23235473632812,109.58392944335938,109.16708488464356,-33.33331878306709,0.5610125103218394,1.2711884616790383,False,50.0,62.500047409605045,82.7381128930925,0.21158970497154184,2.7789688110351562,630892.5383690468,155.96348958598895,1
2023-11-29,111.15867614746094,112.08499844868979,110.69551499684653,110.69551499684653,7631.885,-0.4631646620512271,-3.5406987706210202e-06,-3.4968058173490135e-06,68.16822344674864,110.6028839111328,109.76919403076172,109.30603294372558,-22.222296760427536,0.6993000226490297,1.4441694279907646,True,66.66666666666666,74.99993683830115,74.40475850585956,0.22728809255307658,1.8526458740234375,628348.57670238,120.64673063352306,0
2023-11-30,110.69551849365234,111.62184082414316,110.69551849365234,111.15867965889775,15418.291,0.4631646620512271,-0.4631576245466249,3.4968058173490135e-06,62.63161404004509,110.78814849853515,110.00077438354492,109.37550735473633,-37.499952590394955,0.0697854418089506,0.8084378451775999,False,66.66666666666666,62.500047409605045,66.66667721917042,0.19107516468871677,2.3158035278320312,612930.28570238,74.46822444313408,1
2023-12-01,111.15867614746094,111.62183729807536,110.2323538462321,110.2323538462321,4484.014,-0.9263258126656524,-3.5260678004078727e-06,-0.46316464742024266,65.67309511142196,110.9734130859375,110.27867050170899,109.49129753112793,-25.000063161698847,0.2785505734491263,1.0880997973866664,True,66.66666666666666,71.42850458043236,69.64282960944621,0.18290335144962822,2.778961181640625,614424.9570357134,59.25915466606661,1
2023-12-04,112.08499908447266,112.08499908447266,111.15867677798941,111.15867677798941,5437.893,0.9263229317573121,0.46316178639729344,0.9263229317573121,70.8497093335356,111.15867767333984,110.5565673828125,109.65340385437011,-7.839906624063152e-05,0.8333327518409397,1.6450819271844375,True,66.66666666666666,99.9999104010839,77.97615413037379,0.22187679816425154,2.7789688110351562,619862.8500357134,102.56401121469766,1
2023-12-05,112.54815673828125,112.54815673828125,111.15867332175925,112.08499559944059,5771.655,0.9263188214511757,0.46315765380859375,-3.4562301607365953e-06,73.06524701005402,111.52920532226562,110.88078002929687,109.81551017761231,-0.0,1.0394977501534388,1.7445889354766386,True,66.66666666666666,100.0,90.47613832717211,0.25829309954549906,3.24212646484375,625634.5050357134,116.80877576818753,1
2023-12-06,113.01132202148438,113.47448317731013,112.54816086565862,113.01132202148438,6418.93,0.9263264220437861,0.9263264390288839,1.3894875438993637,75.12754149352966,111.89973449707031,111.25130920410156,109.9776165008545,-9.99999462208759,1.1049731299002055,1.8789151133758948,True,83.33333333333334,88.88889384760442,96.29626808289612,0.2906094137473829,3.705291748046875,625634.5050357134,177.17744050031416,0
2023-12-07,112.08499908447266,113.0113213909559,112.08499908447266,113.0113213909559,3778.882,-6.305284756535912e-07,-0.46316178635423455,-0.46316178118595985,64.37375297057427,112.17763061523438,111.48288955688477,110.13972282409668,-29.999997368255688,0.1379311284990701,0.8333333285669979,False,66.66666666666666,57.142854249572345,82.01058269905894,0.22932561107010652,2.3158035278320312,621855.6230357134,90.90916709257394,0
2023-12-08,111.62183380126953,112.54815607347923,111.62183380126953,112.08499493737439,4312.152,-0.9263264535815097,-0.46316531747666545,-0.463165283203125,59.71163339612217,112.2702621459961,111.6218376159668,110.30182876586915,-44.4445386264228,-0.4132256953874338,0.2426307696806881,False,66.66666666666666,42.85701812442557,62.96292207386747,0.14162262666149894,1.3894805908203125,617543.4710357134,30.630242066633162,0
2023-12-11,111.15867614746094,111.62183729807536,110.69551499684653,111.62183729807536,5985.391,-0.46315763929902687,-0.9263187754038711,-0.9263188044230048,55.33952040553991,112.08499755859376,111.6218376159668,110.46393508911133,-55.55556076640935,-0.8264457184468086,-0.27700849984776255,False,50.0,28.571417319765807,42.85709656458793,0.04163584660997044,0.0,617543.4710357133,-62.963124105818615,0
2023-12-12,111.15867614746094,111.15867614746094,110.69551499684653,111.15867614746094,3656.755,-0.4631611506144253,-0.4631611506144253,0.0,55.33952040553991,111.80710144042969,111.66815338134765,110.62604141235352,-71.42858268023419,-0.6896545142996349,-0.3460209979158415,False,33.33333333333333,28.571417319765807,33.33328425465242,-0.031345963414407096,0.46315765380859375,621200.2260357133,-77.47757317728794,0
2023-12-13,110.69551849365234,111.62184082414316,110.69551849365234,111.15867965889775,3183.826,3.5114368159838705e-06,0.4631646766822257,3.4968058173490135e-06,50.903841452816025,111.34394073486328,111.6218376159668,110.69551582336426,-85.71418348489395,-0.8298726683764514,-0.7268924787190166,False,16.666666666666664,14.285816515106042,23.80955038487924,-0.1130619499748472,-0.46315765380859375,618016.4000357133,-70.08524328031274,0
2023-12-14,110.69551849365234,111.62184082414316,110.23235732840693,111.15867965889775,9787.445,0.0,0.0,-0.46316116524540973,50.903841452816025,111.06604461669922,111.6218376159668,110.81130599975586,-85.71418348489395,-0.48577124080618345,-0.7268924787190166,False,0.0,14.285724454591902,19.047652763154602,-0.16615333163478996,0.0,614753.9183690466,-83.33313583009742,0
2023-12-15,109.76919555664062,111.15867904469937,109.30603439395438,110.69551788201312,19487.692,-0.46316177688463256,-0.46316177944379433,-0.926322934452557,42.74827701531636,110.69551696777344,111.48288955688477,110.88078002929687,-88.8888844086172,-0.9749287277307604,-1.4552995899138614,False,0.0,11.111115591382795,13.227552187026932,-0.2572572962665629,-1.3894805908203125,605010.0723690466,-136.2319342710568,0
2023-12-18,109.76919555664062,110.23235671932687,109.30603439395438,109.76919555664062,6474.565,-0.9263223253724959,-0.9263223253724959,0.0,42.74827701531636,110.41762084960938,111.25130920410156,110.90393829345703,-88.8888844086172,-0.6983233379440063,-1.3869606388807436,False,0.0,11.111115591382795,12.169318545785849,-0.30770888391399787,-2.3158035278320312,605010.0723690466,-126.56649037992945,0
2023-12-19,109.76919555664062,109.76919555664062,109.30603439395438,109.30603439395438,4347.336,-0.46316116268624796,-0.46316116268624796,0.0,42.74827701531636,110.13972473144531,110.9734130859375,110.92709655761719,-88.8888844086172,-0.489852792407143,-1.2842745901731476,False,0.0,12.500007774325118,11.574079652363588,-0.32933426285374745,-2.778961181640625,609357.4083690466,-117.28403657424529,0
2023-12-20,109.76919555664062,110.23235671932687,109.30603439395438,109.76919555664062,6074.672,0.46316116268624796,0.46316116268624796,0.0,42.748277015316354,109.95446014404297,110.64920043945312,110.95025482177735,-88.8888844086172,-0.2805050935303028,-1.1126549282849783,False,0.0,14.285742747142226,12.632288704283397,-0.33100767513120566,-3.24212646484375,609357.4083690466,-86.72087194681063,0
2023-12-21,109.3060302734375,109.76919141866394,108.84286912821108,109.76919141866394,6972.55,-4.137976688411982e-06,-0.4631653006629364,-0.4631652657432994,38.39239150423397,109.6765625,110.37130355834961,110.92709655761719,-90.00000560676,-0.4919217034702659,-1.2896502663781315,False,0.0,16.66663773166193,14.484129417709775,-0.3488915510896746,-2.7789688110351562,609357.4083690465,-102.77810779519919,0
2023-12-22,108.8428726196289,109.76919493979597,108.8428726196289,109.76919493979597,4845.803,3.52113202950477e-06,3.52113202950477e-06,3.4914178286271635e-06,34.55170601823444,109.49129791259766,110.09340744018554,110.85762252807618,-99.99991624186609,-0.6342493143883589,-1.398600613202148,False,0.0,0.00012563704170639705,10.317502038615306,-0.3752026479964991,-2.778961181640625,604511.6053690466,-101.85184603265722,1
2023-12-25,109.3060302734375,109.76919141866394,108.84286912821108,109.3060302734375,6138.696,-0.4631646663584661,-3.52113202950477e-06,-3.4914178286271635e-06,40.99142968622083,109.39866485595704,109.9081428527832,110.764990234375,-87.49999252236313,-0.1410461419192234,-0.7708501847822304,True,16.666666666666664,16.66663773166193,11.111133700121874,-0.3454460509333417,-1.8526458740234375,604511.6053690464,-75.60165190600274,1
2023-12-26,110.23235321044922,110.23235321044922,109.3060309145631,109.3060309145631,5217.099,6.411255952798456e-07,0.46316179178528216,0.46316178635201766,51.42046995143674,109.49129638671874,109.81551055908203,110.74183197021485,-50.00006353889478,0.6342481609025198,0.17537515650696117,True,33.33333333333333,49.99993646110523,22.222233276602974,-0.25176173172792016,-0.9263229370117188,609728.7043690465,6.578602304338643,1
2023-12-27,110.69551849365234,110.69551849365234,109.76919616316152,109.76919616316152,5593.487,0.463165248598429,0.463165283203125,0.463165248598429,55.69191096740407,109.67656097412109,109.81551055908203,110.71867408752442,-33.333276904071695,0.9148510573179561,0.6315805267758058,True,50.0,80.00006184664048,48.888878679802566,-0.15190366512082037,0.0,615322.1913690465,96.35435121635845,1
2023-12-28,111.15867614746094,111.15867614746094,110.2323538462321,110.2323538462321,5905.395,0.4631576830705768,0.46315765380859375,0.4631576830705768,59.569906114390115,110.04709014892578,109.8618263244629,110.74183197021485,-16.666764809451475,1.1235951156946602,1.0526299727703583,True,66.66666666666666,100.0,76.66666610258193,-0.053065005817274497,0.46315765380859375,621227.5863690465,174.47891954334955,0
2023-12-29,111.15867614746094,111.62183729807536,110.69551499684653,111.15867614746094,4810.112,0.9263223012288364,0.4631611506144253,0.4631611506144253,59.569906114390115,110.51025085449218,110.00077438354492,110.74183197021485,-16.666764809451475,0.8403355528408883,1.0171856144046343,False,66.66666666666666,83.33334092714547,87.77780092459534,0.01051672933065173,1.3894805908203125,621227.5863690464,156.86259484390578,0
