Date,Close,High,Low,Open,Volume,Open_diff,High_diff,Low_diff,RSI_12,MA_5,MA_10,MA_20,W%R_12,BIAS_6,BIAS_12,up,PSY_6,K,D,MACD,MTM_10,AD,CCI_10,UpDown
2021-01-04,41.408016204833984,41.408016204833984,39.002187330363185,39.18725108993786,205450.606,3.3774157075278595,3.7475433349609375,3.7475431941920974,86.73888940057842,36.78142166137695,33.00149421691894,29.60788736343384,-0.0,15.633078455317516,28.854231439998344,True,83.33333333333334,100.0,93.45239415001818,1.0501860026420244,13.09326171875,857036.8608557928,149.0696039687872,1
2021-01-05,42.10200500488281,42.10200500488281,39.927505845289964,41.63934560922476,213546.933,2.452094519286902,0.6939888000488281,0.9253185149267793,87.30216650060977,38.40072937011719,34.199781799316405,30.591038703918457,-0.0,11.770727440017858,26.169845685038716,True,83.33333333333334,100.0,100.0,1.170280679236142,11.98287582397461,1070583.7938557928,125.50544728684874,0
2021-01-06,39.372314453125,42.74972803136016,39.09471881655773,41.408015787951676,225659.62,-0.23132982127308566,0.647723026477351,-0.8327870287322341,73.84344874485107,39.17799758911133,35.34255027770996,31.32666711807251,-21.470584307195985,2.0995808672891503,14.818980103920248,False,66.66666666666666,76.2987033395046,92.09956777983486,0.980607879670429,11.427684783935547,879201.5844887038,92.01750050559096,0
2021-01-07,35.57850646972656,40.52896185628149,35.439708655150255,40.06630247436047,310278.912,-1.3417133135912067,-2.2207661750786727,-3.655010161407475,59.853432566098945,39.22426300048828,36.05967254638672,31.787013149261476,-45.58823299487404,-7.775337046360259,2.396803296128774,False,50.0,43.63637102962692,73.31169145637718,0.5365772965843796,7.171222686767578,585846.976779613,23.974952411570598,1
2021-01-08,37.29034423828125,37.706737660296795,34.42185621995193,35.62477055021906,219431.754,-4.441531924141408,-2.8222241959846954,-1.0178524351983285,63.27801924278112,39.150237274169925,36.92021884918213,32.314444828033444,-34.70589469705704,-4.142720994525251,4.970691542365889,True,66.66666666666666,49.13789925898066,56.35765787603739,0.30653148090798643,8.605463027954102,749648.1452584864,-7.570261001792528,1
2021-01-11,39.464847564697266,39.60364538731636,37.567943988902904,38.400730924617505,163255.217,2.7759603743984442,1.896907727019567,3.146087768950977,67.15996440781635,38.76160354614258,37.77151260375977,33.03156700134277,-23.051937416360712,0.6687688021590174,8.283090133892895,True,66.66666666666666,64.67663798762169,52.483636092076416,0.2514941414422429,8.512937545776367,890641.2872130323,39.76267494850068,0
2021-01-12,35.67103958129883,39.55737852400843,35.62477364150467,39.55737852400843,225105.275,1.1566475993909222,-0.046266863307934614,-1.9431703473982367,55.91074456718939,37.47541046142578,37.938069915771486,33.45258712768555,-55.63634674609534,-6.7338693147969,-3.6651373256398436,False,50.0,19.47367255015978,44.429403265587375,-0.07242301808185614,1.6655731201171875,670832.6069189145,-34.043203106481435,0
2021-01-13,34.65319061279297,36.226232643280234,34.32932901828089,35.06958409145136,189401.133,-4.487794432557067,-3.3311458807281937,-1.29544462322378,53.297871180973885,36.531585693359375,37.85479164123535,33.85972757339478,-75.43102251918283,-6.355485206694761,-7.187107210626846,False,33.33333333333333,3.846154962597759,29.332155166793076,-0.3705682811089104,-0.8327827453613281,546105.0315286701,-96.86465311900787,1
2021-01-14,35.20838165283203,36.55009396286111,34.884520060756046,34.93078600248119,140034.693,-0.13879808897016943,0.32386131958087816,0.5551910424751583,54.561429858810186,36.45756072998047,37.840911865234375,34.248361587524414,-81.09449061935214,-3.0367339489083562,-5.952621400615176,True,50.0,10.439560324703436,11.25312927915366,-0.535698612838702,-0.13879776000976562,460528.2746953368,-83.5220994802856,0
2021-01-15,31.692167282104492,35.162112604962644,31.692167282104492,35.162112604962644,228364.756,0.23132660248145243,-1.387981357898468,-3.1923527786515535,45.96851233883763,35.337925338745116,37.24408130645752,34.46812467575073,-100.0,-11.135139020535258,-14.624016699944942,False,50.0,0.0,4.761905095767065,-0.86740797397497,-5.968305587768555,232163.51869533682,-140.29742605371692,0
2021-01-18,31.460838317871094,32.10856145970961,28.916211689219754,30.53551954381606,232386.766,-4.626593061146583,-3.0535511452530315,-2.7759555928847384,45.454732291935045,33.73712348937988,36.24936351776123,34.62542886734009,-81.60535206150182,-9.31318366417779,-14.501258355500779,False,33.33333333333333,18.39464793849818,9.611402754400538,-1.0745263799541647,-9.94717788696289,370248.40863736626,-158.92169736687302,0
2021-01-19,29.610206604003906,33.589078116416935,29.425142812728883,33.26521648168564,195222.837,2.72969693786958,1.480516656707323,0.5089311235091287,41.41499650274289,32.5249568939209,35.00018367767334,34.59998273849487,-94.98323566026328,-10.405960148501617,-18.036272202927186,False,16.666666666666664,5.976146087707899,8.12359800873536,-1.2935871554013434,-12.491798400878906,192378.71270403283,-124.47142574874871,0
2021-01-20,28.175954818725586,29.980326309579933,27.759561397759196,29.88779443825407,175077.333,-3.3774220434315723,-3.6087518068370024,-1.6655814149696866,38.52058242228558,31.22950973510742,33.8805477142334,34.61154899597168,-97.22222286686907,-11.396711803677247,-19.5508657423691,False,16.666666666666664,3.515623676204261,9.295472567470114,-1.4791289077431569,-11.196359634399414,82955.37957903309,-134.27954115884984,1
2021-01-21,29.702730178833008,30.905644485140886,28.823677416531094,29.193804895395058,172135.019,-0.6939895428590113,0.9253181755609532,1.064116018771898,43.13568294578342,30.12837944030762,33.29297008514404,34.67632131576538,-87.03704349277791,-4.107552503245845,-12.613438711046237,True,33.33333333333333,16.4062394591856,8.632669741032586,-1.4415981116259762,-5.875776290893555,56178.821067922225,-84.26122537387513,1
2021-01-22,32.38615798950195,32.61748768942697,29.14754219055176,30.026595050266813,174527.413,0.8327901548717556,1.7118432042860867,0.3238647740206666,50.29043687224094,30.26717758178711,32.802551460266116,34.86138515472412,-63.76809853547222,6.16784827560377,-3.0582793118442453,True,33.33333333333333,39.2157001776959,19.712521104361922,-1.1891166391717642,-4.904186248779297,207435.91233458833,-40.1369372412152,1
2021-01-25,32.710018157958984,34.051730359629154,32.478688468015854,33.126411599856624,160975.372,3.0998165495898107,1.434242670202181,3.331146277464093,51.100493779730435,30.517013549804688,32.127068519592285,34.94929056167602,-58.20312685586689,6.6364980030688265,-1.3832414979915437,True,50.0,56.31577749740574,37.312572378095744,-0.9630156002594843,-6.754829406738281,93806.2379816468,17.50932480860028,0
2021-01-26,31.13697624206543,32.94134782221484,30.62805092458739,32.47868844268935,122423.324,-0.6477231571672775,-1.110382537414317,-1.850637543428462,47.03883479720151,30.822367477416993,31.673662185668945,34.80586605072021,-71.48437272748089,1.6872300100547921,-4.651715463351244,False,50.0,38.42104922874006,44.65084230128057,-0.8841628482544843,-4.534063339233398,25249.176541646826,-15.21073991518829,0
2021-01-27,30.026594161987305,31.599636074941955,29.656466653056796,31.36830638186039,97388.844,-1.1103820608289574,-1.341711747272882,-0.9715842715305953,44.32579829854467,31.192495346069336,31.211002540588378,34.53289709091187,-80.7843032319586,-2.160801818325511,-5.782726137184808,False,50.0,30.625019682701435,41.78728213628241,-0.87019500552477,-4.626596450805664,-35039.15545835297,-50.81035952140784,1
2021-01-28,30.720584869384766,31.090712397931572,28.869947226650744,29.24007475519755,102001.307,-2.1282316266628385,-0.5089236770103831,-0.786519426406052,46.432346848923,31.39606628417969,30.762222862243654,34.30156736373901,-66.31576699481529,-1.2639349082896405,-2.3409699792825727,True,66.66666666666666,47.05886776990789,38.7016455604498,-0.7804937779030775,-4.487796783447266,32961.7158749802,-49.39405659791742,0
2021-01-29,28.869943618774414,31.044442577239796,28.546082071768932,30.9519107066668,107430.668,1.7118359514692507,-0.04626982069177643,-0.3238651548818119,41.82825131006804,30.69282341003418,30.480000495910645,33.86204090118408,-87.36843060654375,-6.796123021249313,-6.796123977784271,False,50.0,17.647050289717992,31.77697924744244,-0.8086401820450808,-2.822223663330078,-46616.55671761244,-83.53013795962295,0
2021-02-01,28.869943618774414,29.610198583358375,27.944624913044464,28.684879877628426,87835.626,-2.267030829038376,-1.4342439938814202,-0.6014571587244681,41.82825131006804,29.924808502197266,30.220911026000977,33.2351372718811,-85.00000621495599,-4.998736342984971,-5.179188430675716,False,33.33333333333333,17.647050289717992,27.450989449781286,-0.7892290619491739,-2.5908946990966797,-36857.04271761252,-104.30299369016112,1
2021-02-02,31.55337142944336,31.73843519149288,29.05501064177482,29.240074403824345,143737.878,0.555194526195919,2.128236608134504,1.110385728730357,50.32756639985418,30.00808753967285,30.415227508544923,32.70770559310913,-39.70584619271432,4.494387274402642,3.6736802966817703,True,33.33333333333333,59.09094820717455,31.461682928870175,-0.5679784634170278,1.9431648254394531,87054.92107549107,23.42352281747163,0
2021-02-03,31.04444694519043,32.57122302446209,30.674319410821543,31.599638246743762,158696.089,2.3595638429194175,0.8327878329692133,1.6193087690467216,48.85085387125544,30.211658096313478,30.702076721191407,32.2913122177124,-47.794066444538,2.8615292975930515,2.1179517441072755,False,33.33333333333333,50.75763075090665,42.498543082599724,-0.4342510397923891,2.8684921264648438,-9710.98685133834,51.273829832062134,1
2021-02-04,31.414569854736328,31.692165464645633,30.76684676494795,31.044442374857255,75403.943,-0.5551958718865073,-0.8790575598164594,0.09252735412640689,50.01448513743484,30.35045509338379,30.873260688781738,32.08311538696289,-41.91178782505378,3.296138823619695,2.8268486543781113,True,50.0,56.81815996205503,55.55557964004541,-0.3053031620977148,1.7118396759033203,20450.59034866166,32.70637919641687,0
2021-02-05,31.18324089050293,31.877229931092756,30.99817714634564,31.69216618693547,57394.09,0.6477238120782154,0.18506446644712327,0.23133038139769013,49.25054272595887,30.81311454772949,30.752968978881835,31.777760219573974,-46.96970593049749,2.2761730846513997,1.2391998135474611,False,33.33333333333333,64.81480034673739,57.46353035323301,-0.2237980778422181,-1.2029170989990234,-12777.567019759103,37.62140696154811,1
2021-02-17,33.959197998046875,34.14426174735503,31.64590113169491,32.47868800358162,124383.181,0.7865218166461467,2.267031816262275,0.6477239853492698,57.7072620903635,31.830965423583983,30.877886962890624,31.502477741241456,-2.9850740334330643,8.366140902581098,8.996409517075456,True,50.0,97.01492596656693,72.88262875845311,0.016126204029132167,1.2491798400878906,93178.47605431505,173.73738053452934,1
2021-02-18,34.65319061279297,35.994902932914464,34.144265249988266,34.23679713413458,177374.201,1.7581091305529597,1.8506411855594322,2.498364118293356,59.54576842749052,32.45092926025391,31.22950839996338,31.451585292816162,-16.66665818012533,7.280981515249625,10.553514545022386,True,66.66666666666666,83.33334181987466,81.72102271105966,0.2098644776017956,3.516214370727539,13360.085604314809,198.68650360575677,0
2021-02-19,34.097999572753906,35.20838219113395,33.542808263563884,34.93078653653894,87257.705,0.6939894024043625,-0.7865207417805138,-0.6014569864243811,57.36928710789117,33.0616397857666,31.63664894104004,31.42382574081421,-23.563203102781657,4.194163784165997,8.382361678470572,False,50.0,76.43679689721834,85.59502156121998,0.2842998693832425,4.071405410766602,-15725.816062351856,116.66672089990283,1
2021-02-22,36.45756149291992,36.68889119782424,35.624774555264395,36.27249772899647,164523.401,1.341711192457531,1.4805090066902906,2.0819662917005104,63.546842920631946,34.07023811340332,32.21034660339355,31.486284732818604,-2.645501604942771,8.41550543574586,14.271908263445871,True,66.66666666666666,97.35449839505723,85.70821237071675,0.46542124751865604,5.736976623535156,77265.67145938595,136.04493113838734,0
2021-02-23,35.4859733581543,37.105281138513355,35.4859733581543,36.45755802636973,120747.496,0.18506029737326202,0.4163899406891147,-0.13880119711009797,59.66319397186699,34.93078460693359,32.87194957733154,31.675975036621093,-17.676766167220446,3.4389689834282047,9.662809016516965,False,50.0,79.885051303368,84.55878219854786,0.4902696496190122,6.616029739379883,-43481.82454061405,100.70705194203369,0
2021-02-24,34.00546646118164,36.04116785477619,34.00546646118164,35.7173062694316,99226.885,-0.7402517569381288,-1.0641132837371643,-1.4805068969726562,54.160844069550336,34.94003829956055,33.385501861572266,31.80320644378662,-33.838347396046395,-2.217293331461514,4.206053611708546,False,50.0,51.798583033329706,76.34604424391831,0.3822711533732358,5.135522842407227,-142708.70954061404,46.30263217824773,1
2021-02-25,34.838253021240234,35.2546464836455,34.32932767830047,34.97705084204199,56493.012,-0.7402554273896129,-0.7865213711306893,0.3238612171188322,56.616021672253524,34.97705078125,33.71399002075195,32.06460876464844,-24.747442339013027,-0.2428797220336935,5.155361515516796,True,50.0,64.2336264184131,65.30575358503694,0.34342596541684756,3.284881591796875,-137059.40834061455,40.67078072403386,1
2021-02-26,35.1158447265625,35.48597220721138,33.635334803966984,34.236791960021414,83160.223,-0.7402588820205764,0.231325723565881,-0.6939928743334889,57.44484097576692,35.18061981201172,34.12112979888916,32.41160326004028,-24.712665403688614,0.33046004572381216,4.353794811159602,True,50.0,67.42422571316483,61.15214505496922,0.3137470844793703,4.07139778137207,-87163.2745406148,29.466629322977983,0
2021-03-02,33.774131774902344,36.503821877257465,33.03387683189079,35.67103506636946,112136.611,1.434243106348049,1.0178496700460826,-0.6014579720761972,52.18780221871374,34.643933868408205,34.35708599090576,32.61517333984375,-51.79861900385808,-3.3539360270749565,-0.18232535402483332,False,50.0,38.98300980238413,56.88028731132069,0.18731394989351013,2.3595619201660156,-151454.9315139482,-2.914393996929933,1
2021-03-03,35.20838165283203,35.25464759455717,33.58907369245211,34.51439252695492,62134.988,-1.1566425394145412,-1.2491742827002952,0.555196860561324,56.79827061984081,34.58841552734375,34.75960006713867,32.75628452301025,-29.926940532702982,1.3540590667369252,3.000232591236897,True,50.0,53.40920864587639,53.27214805380845,0.18359349364564181,4.025140762329102,-92771.88729172584,-15.151272321791888,0
2021-03-04,34.51438903808594,35.16211215676315,34.14426154169896,34.69945278627943,44813.182,0.18506025932450854,-0.09253543779401951,0.5551878492468489,54.04722175197497,34.69020004272461,34.81511917114258,32.8465030670166,-42.42423419922445,-0.1784145137636381,0.21269087931008535,False,50.0,36.363674415408504,42.91863095455634,0.12074408867544828,0.5551910400390625,-104993.66420081681,-47.312050257854835,0
2021-03-05,34.51438903808594,35.11584621971478,33.95919779350547,34.14426154169896,46832.688,-0.5551912445804703,-0.04626593704836779,-0.18506374819349247,54.04722175197497,34.62542724609375,34.801239013671875,33.01537370681763,-47.45762517339964,-0.4226929424921775,-0.5885656388222408,False,50.0,36.363674415408504,42.0455191588978,0.06814226100414422,-0.13880157470703125,-106866.9717208169,-50.770019815430295,1
2021-03-08,34.5606575012207,35.62477413111103,34.375593739500644,35.11584878638087,58899.058,0.9715872446819134,0.508927911396249,0.41639594599517693,54.22314227895573,34.51438980102539,34.84750480651856,33.2420768737793,-62.499900418967314,-0.15593055255986701,-0.5987994059430654,True,50.0,37.500099581032686,36.7424828039499,0.027518326211267485,0.4626579284667969,-148314.456980076,-15.48843545303352,1
2021-03-09,35.53224182128906,35.53224182128906,34.00546580553055,34.6994549036026,59162.929,-0.41639388277827294,-0.09253230982196925,-0.370127933970096,57.91399277234928,34.86601181030274,34.75497283935547,33.48265972137451,-38.63628366914036,2.4455346531504505,1.9807480567757427,True,50.0,72.00013132007014,48.62130177217043,0.05552025286506457,-0.9253196716308594,-89151.527980076,44.22172176338971,0
2021-03-10,35.20838165283203,35.94863672043428,34.97705194420633,35.578509186633156,63502.016,0.8790542830305554,0.4163948991452173,0.9715861386757823,56.26438884328723,34.86601181030274,34.72721366882324,33.799581623077394,-46.59079135412361,0.816961893432185,0.783584326085888,False,50.0,62.66683744299641,57.38902278136641,0.04226884995355751,-0.2775917053222656,-122414.48874198095,208.86712932041146,1
2021-03-11,35.30091094970703,36.550091284755645,35.30091094970703,36.50382534642051,89811.37,0.9253161597873572,0.6014545643213651,0.3238590055007009,56.649249117138034,35.02331619262695,34.85675811767578,34.12112998962402,-44.318128412629655,1.037296968577118,1.3280207151522105,True,50.0,64.47371592961754,66.3802282308947,0.030331983374480287,1.2954444885253906,-212225.85874198095,188.4957378100708,1
2021-03-12,35.90237045288086,36.503827689849224,35.53224292243878,35.80983857027034,80569.435,-0.6939867761501759,-0.046263594906420735,0.231331972731752,59.195447259010166,35.30091247558594,34.96316986083984,34.338579940795896,-18.420970636391388,2.0828798891168976,2.9519123011113315,True,66.66666666666666,81.57902936360863,69.57319424540752,0.05225439705916357,1.064117431640625,-231409.0575515042,155.00481314074733,1
2021-03-15,37.01274871826172,37.01274871826172,36.133695936203004,36.41129155158996,98061.782,0.6014529813196248,0.5089210284124945,0.6014530137642211,63.511659627887646,35.79133071899414,35.15286026000977,34.636995029449466,-0.0,4.0086591431094485,5.3786986399507475,True,83.33333333333334,100.00000000000001,82.01758176440872,0.12660885063564664,1.8969039916992188,-133347.2755515042,168.367002693705,0
2021-03-16,36.64262390136719,37.19781517260002,36.365028265750766,37.105283294061216,68986.089,0.6939917424712547,0.1850664543383047,0.23133232954776162,61.15920201246333,36.013407135009764,35.43970947265625,34.898397731781,-13.333321144670723,1.9742486901133276,3.8802072410879287,False,66.66666666666666,82.85715148641441,88.14539361667435,0.13515809255090272,2.8684921264648438,-156342.6385515038,126.41123636986401,1
2021-03-17,37.10528564453125,37.47541318213256,36.642626222529614,36.87395593353043,62658.8,-0.23132736053078418,0.27759800953253944,0.27759795677884824,63.026701486939714,36.39278793334961,35.62939987182617,35.19449996948242,-8.333322265417571,2.5138528309846855,4.699745934127087,True,66.66666666666666,89.4736955307556,90.77694900572334,0.15485217735664492,1.8969039916992188,-149380.54966261526,120.21016009036236,1
2021-03-18,38.539527893066406,38.539527893066406,37.290347517180706,37.66047503596165,84984.28,0.786519102431221,1.0641147109338434,0.6477212946510917,68.19774039234865,37.04051132202149,36.03191375732422,35.4235164642334,-0.0,4.86781451437825,7.5416897352047245,True,83.33333333333334,100.0,90.77694900572334,0.24215029593421478,4.025138854980469,-64396.26966261526,152.9175501097422,1
2021-03-19,38.585792541503906,39.557377245786384,38.030601281913924,38.07686722021309,110260.236,0.41639218425143554,1.0178493527199777,0.7402537647332181,68.35349135087893,37.577195739746095,36.43905410766602,35.62014656066894,-17.35536905460607,3.4525506473876644,6.831765460545546,True,83.33333333333334,82.49999635733191,90.65789729602916,0.2781156041671622,4.071403503417969,-94467.24311716118,146.5483162853572,1
2021-03-22,42.425865173339844,42.425865173339844,40.43642983805782,40.714025466236706,160281.308,2.637158246023617,2.86848792755346,2.405828556143895,78.0758904773459,38.65981903076172,37.22557487487793,36.03653984069824,-0.0,10.52631369728212,15.358000736782465,True,83.33333333333334,100.0,94.16666545244398,0.5214992212248604,7.865207672119141,65814.06488283881,213.60601927389538,0
2021-03-23,39.557376861572266,44.045172833002106,39.04845154522455,43.39744970310501,235774.704,2.683424236868305,1.6193076596622618,-1.3879782928332673,62.44316342588132,39.24276962280273,37.62808837890625,36.19153060913086,-44.70046744541375,1.9272769681730397,6.343280071226215,False,66.66666666666666,48.677246503752734,77.05908095369489,0.4528167553021796,4.025135040283203,-121932.45867271675,122.23805071083369,1
2021-03-24,40.43642807006836,40.760289622116964,38.40072688576286,38.86338624583229,115462.364,-4.5340634572727225,-3.284883210885141,-0.6477246594616943,64.79939300192524,39.90899810791016,38.15089302062988,36.43905334472656,-35.94472182364656,2.521988282695087,7.294110716516243,True,83.33333333333334,57.60866351717741,68.76197000697671,0.4302649189149912,5.228046417236328,-38165.645574677736,66.15268408667679,0
2021-03-25,38.585792541503906,40.15883444367553,38.49326066490558,40.112568505376366,117466.153,1.249182259544078,-0.6014551784414337,0.09253377914271965,56.638533850056575,39.918251037597656,38.47938117980957,36.66806964874267,-60.20409695071006,-2.778316917464333,1.696980763525255,False,66.66666666666666,30.994170080847912,45.76002670059268,0.26262618065328924,3.284881591796875,-142580.0037969002,24.844313655793506,1
2021-03-26,39.8349723815918,40.436429572022334,38.770855813907,38.86338768935785,76395.68,-1.2491808160185158,0.2775951283468032,0.2775951490014208,60.31851421806441,40.168087005615234,38.87264137268066,36.91790561676025,-48.148151411766634,-0.17391297697671323,3.93320406168114,True,66.66666666666666,45.180713532882045,44.59451571030246,0.21006207967053303,3.9326019287109375,-121358.98157467788,39.14168799651562,1
2021-03-29,40.528961181640625,41.50054586750188,39.41857868351349,39.7887061828892,89084.954,0.9253184935313499,1.0641162954795433,0.6477228696064898,62.25968233978188,39.78870620727539,39.22426261901855,37.18856143951416,-41.30436510464355,0.7475557831528852,4.555398470662773,True,66.66666666666666,52.49997282844468,42.89161881405821,0.1964702598810537,3.5162124633789062,-115419.98464134487,63.965036237994646,0
2021-03-30,40.528961181640625,41.593077742345805,40.02003586999902,41.17668430554813,57801.092,1.3879781226589287,0.09253187484392811,0.6014571864855327,62.25968233978188,39.98302307128906,39.6128963470459,37.526302909851076,-44.44444061745415,1.5455950023923786,3.5257025015886025,False,50.0,47.945187522086165,48.54195796113763,0.16328147717888464,3.8863372802734375,-135820.37005310974,64.50121043500242,1
2021-03-31,42.10200500488281,43.30491943359375,40.71402681790865,40.89909057617188,135415.811,-0.2775937293762496,1.7118416912479475,0.6939909479096329,66.65930433758727,40.316138458251956,40.11256828308105,37.87098407745361,-25.301188162591277,4.377752140902547,6.391272997511366,True,66.66666666666666,67.69233167127712,56.045830673935995,0.21956533897761132,4.9967193603515625,-126147.81212453844,121.9753946646833,1
2021-04-01,44.32276916503906,44.507832919381606,43.07358882322689,43.48998227049761,135765.797,2.590891694325734,1.2029134857878532,2.3595620053182387,71.73414211087372,41.46353378295898,40.69089241027832,38.36140308380127,-2.3529420328726305,8.14675540364274,10.220518150217464,True,66.66666666666666,96.96969803170612,70.86907240835647,0.3698139928241755,5.783241271972656,-25418.349834215813,187.49996702788215,1
2021-04-07,46.728599548339844,47.83898211186475,44.69289818187751,45.47941916437432,143089.652,1.9894368938767073,3.331149192483146,1.619309358650618,76.04357937334979,42.84225921630859,41.50517311096191,38.972113609313965,-10.52631554878659,10.36241507744264,13.931194642408586,True,83.33333333333334,88.23529840076694,84.29910936791673,0.5820492883343531,8.142807006835938,16666.84193049014,199.63781065916243,1
2021-04-08,48.394168853759766,48.764296340212994,46.358467678267004,46.91365890794685,110184.521,1.434239743572526,0.9253142283482418,1.6655694963894945,78.5172124997848,44.41530075073242,42.102003479003905,39.66378917694092,-3.4482765202748435,10.570818925681868,15.675969249584574,True,83.33333333333334,96.42857137128276,93.87785593458527,0.7734425443955386,5.968303680419922,92948.4333920287,160.35656472085446,0
2021-04-09,46.26594161987305,48.76430246734619,45.34062278747559,48.579238700866696,155124.527,1.66557979291985,6.127133197253443e-06,-1.017844890791416,68.63800993720987,45.562696838378905,42.77285995483398,40.200474166870116,-24.10713202027372,3.448282038580428,8.922582162101163,False,66.66666666666666,75.67568221872604,86.7798506635919,0.6978651990143212,6.708564758300781,21675.00206770422,95.85591481232726,1
2021-04-12,50.89253616333008,50.89253616333008,48.20911152926358,48.9493666007302,139929.72,0.3701278998635047,2.1282336959838872,2.868488741787992,75.84553863768576,47.32080307006836,43.81847076416015,40.98468189239502,-0.0,9.561758511994151,17.85715137573169,True,83.33333333333334,100.0,90.70141786333626,0.8884041114421377,10.456108093261719,161604.72206770422,127.13689002140208,1
2021-04-13,52.65064239501953,54.593811973746085,49.96721773868286,51.1701322397993,171111.576,2.2207656390691,3.701275810416007,1.7581062094192816,77.94656386349837,48.98637771606445,45.22495574951172,41.85216846466064,-11.999996098140473,9.213057045468858,18.9236347151411,True,83.33333333333334,87.19512549453025,87.62360257108543,1.050666098674994,14.064849853515625,188982.5742277042,134.3737030222036,1
2021-04-14,55.42660140991211,55.889260854068304,50.152283746531495,54.223686855106,251670.15,3.0535546153067017,1.295448880322219,0.1850660078486328,80.8202155643286,50.72597808837891,46.78411865234375,42.828380012512206,-2.6595736900739984,10.720895044546689,21.758291083182936,True,83.33333333333334,97.08454921635652,94.75989157029558,1.2492609216823087,15.591629028320312,400060.76455028483,132.0630086976257,0
2021-04-15,54.59381103515625,55.889257398702334,53.85355597027278,54.59381103515625,113757.087,0.3701241800502473,-3.4553659702396544e-06,3.7012722237412845,77.51459827710984,51.9659065246582,48.19060363769531,43.70743312835693,-7.567584806369597,6.274392475728101,16.514444563270473,False,66.66666666666666,91.46339479295511,91.91435650128062,1.2270685197938245,14.064849853515625,369036.1044593753,118.01156733838657,1
2021-04-16,58.57267379760742,59.49799249899142,54.408739641379405,55.42659021290181,132667.868,0.8327791777455573,3.6087351002890884,0.5551836711066258,81.46571775572852,54.42725296020508,49.99497489929199,44.80393562316895,-4.608295390927855,10.374876712091126,20.97466526227257,True,66.66666666666666,94.36619606013838,94.30471335648333,1.3719260500286334,18.043712615966797,453461.11136846634,127.70114641554332,1
2021-04-19,62.92167663574219,64.30965479682473,59.86812468136058,60.14572031357709,173465.103,4.7191301006752795,4.811662297833308,5.459385039981171,84.67641396133453,56.8330810546875,52.07694206237793,46.09475517272949,-5.714285453649689,12.676051848095327,25.134178918960874,True,83.33333333333334,92.92452779872409,92.91803955060585,1.6343881482580054,20.819671630859375,518510.52499346674,156.72156806201278,1
2021-04-20,63.84700012207031,64.12459577477496,61.071043595023774,63.84700012207031,134061.144,3.7012798084932257,-0.18505902204977076,1.202918913663197,85.26873340203014,59.07235260009766,54.029365158081056,47.360128784179686,-1.9607644058798703,10.077110698700038,22.250115839034496,True,83.33333333333334,97.56100008410344,94.9505746476553,1.7345874953543508,19.52423095703125,628196.9155389218,132.17729883260978,1
2021-04-21,70.231689453125,70.231689453125,63.10673545063406,64.30964976274292,174126.55,0.46264964067260905,6.10709367835004,2.0356918556102883,88.58888789834444,62.03337020874024,56.37967414855957,48.94242362976074,-0.0,15.261948454127813,28.69858831560535,True,83.33333333333334,99.99999999999999,96.82850929427583,2.0722815766095515,23.503089904785156,802323.4655389218,144.52466995560903,0
2021-04-22,67.45573425292969,76.80145326465245,66.53041553889773,73.00764653712143,306298.843,8.69799677437851,6.5697638115274515,3.4236800882636658,80.03329439859789,64.60575485229492,58.285830688476565,50.19391708374023,-29.106632134737193,7.1796077026617295,19.39401268577538,False,66.66666666666666,67.31390839472401,88.29163615960915,1.9517961925045224,19.061565399169922,551213.6032596426,129.05816043984083,0
2021-04-23,64.6797866821289,70.50929535305039,62.45902147415881,68.93625333073824,231994.276,-4.071393206383192,-6.292157911602061,-4.071394064738918,72.40500998278733,65.82717742919922,60.127215194702146,51.45003757476807,-38.52939162339393,0.09547355577318954,11.527727926543617,False,66.66666666666666,54.827606060204474,74.04717148497616,1.5460007874100867,18.41384506225586,447216.16919067735,66.73426190066837,1
2021-04-26,71.06448364257812,71.06448364257812,65.88269837697347,66.4378896554311,157010.182,-2.4983636753071323,0.5551882895277345,3.4236769028146554,77.73074408543607,67.4557388305664,62.14440994262695,52.98144035339355,-18.235277120978065,6.543355023708579,18.67113071351453,True,66.66666666666666,78.47223862577297,66.87125102690048,1.5637383387433994,20.171947479248047,604226.3511906774,89.41766955780298,1
2021-04-27,71.71220397949219,74.85828776697959,70.78688521846648,72.6375227405179,234162.02,6.199633085086788,3.7938041244014613,4.904186841493015,78.19645052484806,69.02877960205078,64.05056610107422,54.637760925292966,-17.799344077023523,5.203618428139997,15.657252856181172,True,66.66666666666666,77.82258993111884,70.37414487236543,1.4763237887416443,19.061561584472656,476501.61300885933,107.09824965233092,0
2021-04-28,71.06448364257812,74.39563131332397,70.23169672489166,73.19271687666574,146715.626,0.555194136147847,-0.4626564536556117,-0.5551884935748177,76.45229336377022,69.19533843994141,65.61435432434082,56.19923648834229,-21.379292197544483,2.4455346531504505,11.587360375869535,False,50.0,74.38019474284789,76.89167443324656,1.2415475159523384,15.637882232666016,388472.23740885936,86.62974897023159,1
2021-04-29,73.10018157958984,73.10018157958984,69.02877906123294,71.98979907458342,130028.659,-1.2029178020823252,-1.2954497337341309,-1.2029176636587238,78.1251474942818,70.32422790527343,67.46499137878418,57.82779750823975,-13.88888191260823,4.658862590571973,11.792449596813505,True,50.0,78.14209021660008,76.78162496352228,1.0951348777192749,18.506370544433594,518500.89640885935,74.58958375618155,1
2021-05-03,80.13259887695312,80.4101944850719,75.50600540830686,77.72677027325707,220551.741,5.736971198673658,7.310012905482054,6.477226347073923,82.74480002438638,73.41479034423828,69.62098388671875,59.80797939300537,-1.045296481947737,11.35875627614977,18.80643878086986,True,66.66666666666666,98.56459257339151,83.69562584427983,1.328164968590368,21.559925079345703,714084.5157862181,170.0955290417235,0
2021-05-04,72.17486572265625,82.44590430626502,72.17486572265625,80.13260732797477,271183.337,2.4058370547176935,2.035709821193123,-3.331139685650612,65.63412394362514,73.63686676025391,70.54630279541016,61.31162242889404,-36.63365645696854,-1.4114148659495769,4.733135141831372,False,66.66666666666666,48.61110324262399,75.10592867753853,0.8271430498854748,9.253189086914062,442901.1787862181,96.5246878767077,1
2021-05-05,73.93296813964844,76.24626501510677,68.8437150136401,71.24954376411677,193079.702,-8.883063563858002,-6.199639291158249,-3.331150709016157,67.26557674008538,74.08101959228516,71.55489959716797,62.79213237762451,-37.70493072412834,0.3348674413946537,5.327912069191684,True,66.66666666666666,57.407384442451885,68.1943600861558,0.5104526512786407,10.085968017578125,515306.06703621824,33.34872167260531,1
2021-05-06,75.04335021972656,79.11475269773885,72.91511710622014,77.72677458023466,174877.359,6.4772308161178955,2.868487682632079,4.071402092580044,68.30236665699685,74.87679290771484,72.03606567382812,64.20786991119385,-34.63205766129453,1.0801818160673504,5.393110291802516,True,66.66666666666666,62.96293849960804,56.32714206156131,0.28339968882006517,4.8116607666015625,460493.7604839795,81.96593263892802,1
2021-05-07,78.65209197998047,78.65209197998047,74.48815769868737,77.72677325080423,140746.054,-1.3294304324062978e-06,-0.46266071775838213,1.5730405924672368,71.50247801050664,75.98717498779297,73.1557014465332,65.72076606750488,-18.98151081463443,4.166665122945913,8.579941649701302,True,83.33333333333334,77.0949395758263,65.82175417262874,0.28322577920120295,11.196357727050781,601239.8144839795,93.71041262767554,1
2021-05-10,86.51730346679688,86.51730346679688,80.78032719413227,81.89070969851896,175644.784,4.1639364477147325,7.865211486816406,6.292169495444895,77.01884617341574,77.26411590576171,75.339453125,67.73333415985107,-0.0,11.28744423501804,17.24137865674571,True,83.33333333333334,100.0,80.01929269181144,0.6962568063725527,21.83751678466797,776884.5984839795,191.13579706538692,1
2021-05-11,88.4604721069336,92.53187458884267,82.44590025865882,84.75919712337989,331014.988,2.8684874248609304,6.014571122045794,1.665573064526555,78.15836109831832,80.52123718261718,77.07905197143555,69.61173095703126,-13.53846429662873,11.791073130022308,17.09706863400819,True,83.33333333333334,82.81249976814942,86.63581311465857,0.9671070642651713,17.39598846435547,840658.1282821445,174.74872053586245,0
2021-05-12,79.6699447631836,88.36794105556368,79.6699447631836,86.51730354654664,176281.33,1.7581064231667511,-4.163933533278993,-2.7759554954752304,62.79272579904318,81.66863250732422,77.87482604980468,70.96269607543945,-48.263892750015046,-0.8825778068674872,3.745355902571513,False,83.33333333333334,45.70312740073187,76.17187572296042,0.44743911794976654,7.957740783691406,664376.7982821446,70.55216726958076,0
2021-05-13,71.71220397949219,78.65209468718498,71.71220397949219,71.71220397949219,200015.594,-14.805099567054455,-9.715846368378692,-7.957740783691406,52.58359493516952,81.00240325927734,77.9395980834961,71.77697620391845,-87.89062123317125,-10.370083559411515,-6.682720363664349,False,66.66666666666666,12.10937876682876,46.87500197857002,-0.48834178295997255,0.6477203369140625,464361.20428214455,-63.85343560031497,0
2021-05-14,64.8648452758789,73.93296915182204,64.5872496470235,72.63752288383016,250614.62,0.9253189043379706,-4.719125535362949,-7.12495433246869,45.621070136418275,78.24495391845703,77.116064453125,72.29052791595458,-99.0066224562564,-17.172113912355872,-14.961584147581766,False,50.0,0.9933775437436134,19.601961237101417,-1.5639040212312203,-8.235336303710938,228634.58150986768,-144.57344299724565,0
2021-05-17,58.38761520385742,64.77231480618097,58.38761520385742,60.14572089145376,205105.031,-12.491801992376395,-9.160654345641063,-6.199634443166076,40.136853413676846,72.61901626586913,74.94156608581542,72.28127498626709,-100.0,-22.082731021303008,-22.37826485073211,False,33.33333333333333,0.0,4.367585436857458,-2.6435105457438093,-21.744983673095703,23529.550509867695,-178.56119627780447,1
2021-05-18,64.21711730957031,64.21711730957031,60.33077879804012,62.736607400415956,105562.939,2.5908865089621926,-0.5551974966106599,1.9431635941826997,46.45641938117581,67.77034530639648,74.14579124450684,72.34604701995849,-82.92684565219656,-9.831101221847554,-13.779899344174012,True,33.33333333333333,17.073154347803435,6.02217729718235,-2.8776452004678177,-7.9577484130859375,129092.4895098677,-111.93747389309158,1
2021-05-19,70.60182189941406,70.60182189941406,66.71548307926284,66.99307870927363,169941.668,4.256471308857677,6.38470458984375,6.384704281222717,52.45355250720336,65.95672073364258,73.8126766204834,72.68378810882568,-64.22764202369031,3.45762859287076,-4.185850369501436,True,33.33333333333333,35.77235797630969,17.615170774704378,-2.527590280247927,-3.331146240234375,299034.1575098677,-44.92082526575483,1
2021-05-20,71.24954223632812,76.06119963410613,69.39890477564428,70.60181912508878,313730.345,3.6087404158151486,5.459377734692069,2.683421696381444,53.03570845719605,65.86418838500977,73.43329582214355,72.73468074798583,-62.33063108076473,6.598982598741864,-3.205532931169503,True,50.0,37.66936891923527,30.17162708111613,-2.190087152295308,-3.7938079833984375,159598.44862097836,-15.134996308708576,1
2021-05-21,78.37450408935547,78.37450408935547,74.11803751543533,74.95082445381101,236669.467,4.349005328722228,2.3133044552493374,4.71913273979105,59.05210459293574,68.56612014770508,73.40553703308106,73.28061923980712,-41.463398985636886,15.342721910001059,5.941220869334306,True,66.66666666666666,58.536601014363114,43.99277596996936,-1.459789643061642,-0.277587890625,396267.91562097834,28.065784295395144,1
2021-05-24,79.94754028320312,84.5741340495922,77.07905214804191,78.92968965459754,283680.797,3.9788652007865295,6.199629960236734,2.9610146326065774,60.27770176122098,72.87810516357422,72.74856071472168,74.04400691986083,-36.856369217876306,13.460275060570256,7.473825902568497,True,83.33333333333334,71.91357821122106,56.03984938160648,-0.8725633969027529,-6.56976318359375,329725.5064481382,68.15408687852806,0
2021-05-25,76.24626922607422,83.74135151650141,72.17486650041006,82.8160327152141,259902.61,3.886343060616568,-0.8327825330907928,-4.904185647631849,55.977117775178336,75.283935546875,71.52714042663574,74.30309619903565,-47.69646686180564,3.821927833062709,2.775183783627933,False,83.33333333333334,68.19789269212309,66.21602397256909,-0.740400035388113,-12.214202880859375,252794.33388813832,56.36716394929067,1
2021-05-26,79.20728302001953,80.50272923763667,73.56283878611627,77.17158182090688,233845.306,-5.6444508943072265,-3.2386222788647387,1.387972285706212,58.557560144666944,77.0050277709961,71.48087425231934,74.67785015106202,-39.0243976844979,4.305438232461626,7.6503840755390105,True,83.33333333333334,79.50529025568889,73.20558705301102,-0.47353051940402224,-0.4626617431640625,399337.39231480507,71.15888649800458,1
2021-05-27,81.15045928955078,83.09362878223101,79.20728979687054,80.31767236411639,230091.596,3.1460905432095103,2.590899544594336,5.644451010754267,60.226607488318095,78.98521118164062,72.4246997833252,75.18214893341064,-24.074060441214755,4.446212473426643,11.212094216209215,True,83.33333333333334,86.9258117880794,78.2096649119638,-0.20009627761419324,9.438255310058594,399337.3923148059,92.82104956374224,1
2021-05-28,89.20072937011719,89.20072937011719,81.15045607634104,82.81602986126025,277293.327,2.498357497143857,6.10710058788618,1.9431662794705034,66.35123025011568,81.15045623779297,74.85828819274903,75.98717632293702,-0.0,10.550457544508458,20.928288180757608,True,83.33333333333334,100.0,88.81036734792276,0.4533152519750949,24.33588409423828,676630.7193148059,120.61687163133179,1
2021-05-31,91.2364273071289,97.6211265811572,89.38578983639607,92.0692141689587,267915.11,9.253184307698447,8.420397211040012,8.235333760055028,67.72236416103577,83.40823364257812,78.14316940307617,76.5423677444458,-16.27358615095164,10.147082717287944,21.018713793869395,True,83.33333333333334,79.34131585502517,88.7557092143682,0.9257671318613312,32.848812103271484,529126.8947080642,166.9069484282143,1
2021-06-01,99.9344253540039,99.9344253540039,90.86630157188134,93.91985345769812,216669.151,1.8506392887394298,2.313298772846707,1.4805117354852655,72.87445672234048,88.14586486816407,81.71490020751953,77.93034572601319,-0.0,15.983531831166964,27.60929380855317,True,83.33333333333334,100.0,93.11377195167506,1.6830927189580471,35.717308044433594,745796.0457080642,160.5403597512711,1
2021-06-02,102.24772644042969,106.87432039701022,100.39708885779748,101.78506704477164,277290.146,7.865213587073512,6.939895043006317,9.530787285916148,74.07506420503351,92.75395355224609,84.87949066162109,79.34608364105225,-9.940356486930748,12.985688393252987,24.741301933971553,True,100.0,86.66666636781322,88.6693274076128,2.1679788151558768,31.645904541015625,626957.4117080636,150.7711026377116,1
2021-06-03,110.11294555664062,111.96358329708838,104.09837290018547,105.48635120552127,224272.185,3.701284160749637,5.089262900078154,3.7012840423879823,77.73094201481797,98.54645080566407,88.76583099365234,81.09956340789795,-4.089978875441695,15.124163528148884,28.348026245641282,True,100.0,95.34883783786098,94.00516806855806,2.80605576220064,38.8634033203125,745689.7449433572,140.25449481052235,0
2021-06-04,107.79963684082031,112.42623069664951,107.3369774552374,110.11293376873492,176064.39,4.6265825632136455,0.4626473995611349,3.2386045550519356,74.36613232217996,102.26623229980468,91.70834426879883,82.55694065093994,-10.752687406889425,7.704158743147054,21.269950329678785,False,83.33333333333334,88.50574645551654,90.17375022039691,2.850735282787955,29.425132751464844,601637.0622160838,110.35801795090063,0
2021-06-07,102.24772644042969,111.50091435359074,97.15847308819112,110.11293616661659,267290.158,2.3978816727776575e-06,-0.9253163430587676,-10.178504367046287,66.79582815165406,104.46849212646484,93.93836288452148,83.34346179962158,-25.287352266114667,-0.01508026085867528,11.776111504321033,False,66.66666666666666,73.80953191205856,85.88803873514536,2.3079652222925144,22.300186157226562,524036.69376447063,62.32431599436708,1
2021-06-08,106.87432098388672,107.33698038208537,102.24772700190029,102.24772700190029,132049.341,-7.865209164716305,-4.163933971505372,5.089253913709172,69.60837407978761,105.85647125244141,97.00116806030273,84.26415424346924,-13.793097013296979,1.9117646951836214,13.877250916149519,True,66.66666666666666,83.28691534894861,81.86739790550791,2.069754135698103,30.6280517578125,632077.0636735611,62.27483153058973,1
2021-06-09,107.33697509765625,111.50090947644463,105.48633759597251,111.0382501010237,190606.127,8.79052309912342,4.163929094359261,3.2386105940722274,69.8866334694367,106.87432098388672,99.8141372680664,85.64750576019287,-12.643684756077741,1.1627858064350514,11.654764886700011,True,66.66666666666666,83.72780319343833,80.27475015148184,1.76447179359943,28.12969207763672,558767.0148274077,69.58046267016395,0
2021-06-10,105.023681640625,109.65027554549835,99.93442834526432,108.72495676452368,183662.804,-2.313293336500024,-1.8506339309462874,-5.551909250708192,66.56242762782507,105.8564682006836,102.20145950317382,87.31307964324951,-19.04761445698254,-1.4471793757021088,6.589450707328338,False,50.0,67.87149559800964,78.29540471346553,1.251977815782416,23.87322235107422,567512.8626369315,32.99676172885879,1
2021-06-11,114.7395248413086,114.7395248413086,105.4863373541063,106.87431547718664,222727.181,-1.8506412873370408,5.089249295810248,5.5519090088419745,72.54574206043654,107.24444580078125,104.75533905029297,89.806813621521,-0.0,6.89654894634175,13.052723641322483,True,50.0,100.0,83.86643293048265,1.4012912687744716,25.538795471191406,790240.0436369315,112.58908262264265,1
2021-06-15,125.84335327148438,125.84335327148438,116.12750614390653,117.51548430498909,227010.725,10.641168827802446,11.103828430175781,10.641168789800233,77.55343587162376,111.96357116699218,108.21603164672851,93.17960052490234,-0.0,14.046121689925558,19.604250077961854,True,66.66666666666666,100.0,89.29049853266987,2.042969688628478,34.60692596435547,1017250.7686369314,218.86958835776227,0
2021-06-16,123.53004455566406,136.48450615700713,122.14206652694874,127.69397864181005,405588.453,10.178494336820961,10.641152885522757,6.014560383042209,74.46642626269775,115.29471588134766,110.57559356689453,96.14524688720704,-27.504914386963907,8.463092798017005,14.29793477985407,False,66.66666666666666,67.05881424990346,89.01960474996783,2.09870839897566,23.595619201660156,690163.306540157,186.58491065363165,1
2021-06-17,126.30602264404297,126.30602264404297,117.51549359555646,123.53006610241566,197761.976,-4.1639125393943885,-10.178483512964164,-4.626572931392275,75.73104334692574,119.088525390625,112.98142318725586,98.93045692443847,-22.31232817146632,7.83411095780471,13.789518523756264,True,66.66666666666666,74.11769578906421,80.39217001298924,2.1042725490179794,24.05829620361328,887925.282540157,101.07536556644499,1
2021-06-18,129.5446319580078,131.85792895725797,123.06740036010743,123.53005975995745,59223.407,-6.342458206631818e-06,5.5519063132149995,5.551906764550964,77.17011448147674,123.99271545410156,114.92459182739258,101.84521141052247,-17.6470232501085,7.211234707136067,14.169217056058732,True,66.66666666666666,82.3529767498915,74.50982892961973,2.1028245560006447,19.431686401367188,915978.4753296304,104.48991623164821,1
2021-06-21,140.64845275878906,142.03643091101395,128.61930877284001,128.61930877284001,60108.668,5.089249012882561,10.178501953755983,5.551908412732587,81.31432955262189,129.17450103759765,118.20947341918945,104.95890884399414,-3.092783672787865,10.948904728765568,20.555186612679826,True,83.33333333333334,96.70329659484173,84.39132304459913,2.5942040537476387,32.84881591796875,963650.8671916994,126.27450343541685,1
2021-06-22,142.0364227294922,148.0509943760179,137.87248851266668,146.66301630374275,58126.097,18.043707530902736,6.01456346500396,9.253179739826663,81.7656905815401,132.41311492919922,122.1883430480957,108.0633529663086,-11.818183682647248,8.162061144483932,19.03068780829312,True,83.33333333333334,87.49999814475221,88.85209049649514,2.7427637320440965,39.7886962890625,953082.4859189723,131.72800136867843,0
2021-06-23,128.15664672851562,139.26047171582383,128.15664672851562,136.94717484346796,68813.498,-9.715841460274788,-8.790522660194085,-9.715841784151053,64.71284637444113,133.33843536376952,124.31657562255859,110.65887184143067,-39.09090598005193,-2.6932096349302137,5.893594704656656,False,66.66666666666666,58.653849830457844,80.9523815233506,1.6880596521894624,21.282325744628906,884268.9879189723,55.804049743963226,1
2021-06-24,140.64845275878906,140.64845275878906,125.84335246839022,126.30601185246519,53485.425,-10.641162991002773,1.3879810429652366,-2.313294260125403,70.71035818180238,136.20692138671876,127.64772338867188,113.73093032836914,-15.384600830611086,4.527220064995231,13.221601909112657,True,83.33333333333334,82.60871310811189,76.25418702777398,1.6135878175038627,33.31147766113281,937754.4129189723,70.08247722099782,1
2021-06-25,148.05099487304688,148.05099487304688,139.723126411438,145.27503871917725,53838.562,18.969026866712056,7.4025421142578125,13.879773943047766,73.60996231162471,139.90819396972657,131.95045471191406,117.07595710754394,-0.0,7.142853199065935,15.97704119153818,True,83.33333333333334,100.0,80.42085431285658,1.8289478737659977,43.027313232421875,991592.9749189724,123.365676148071,1
2021-06-28,162.85610961914062,162.85610961914062,155.45355918190697,155.45355918190697,36923.025,10.178520462729722,14.80511474609375,15.73043277046898,78.29758071251013,144.34972534179687,136.76211318969726,120.75872611999512,-0.0,13.30472713542601,23.112800610434483,True,83.33333333333334,100.0,94.20290436937063,2.682925763724393,48.11658477783203,1028515.9999189724,189.45526338921312,1
2021-06-29,166.09471130371094,171.18396429630377,157.30418340741426,166.55737066667393,58946.898,11.103811484766965,8.327854677163145,1.8506242255072891,79.1801019379184,149.16138305664063,140.78724899291993,124.50164031982422,-7.746479179636874,12.245958848205671,20.909341816875855,True,83.33333333333334,90.51723865773957,96.83907955257986,3.148147235018513,40.25135803222656,1044235.1727189723,154.11475462491356,1
2021-06-30,182.2877960205078,182.2877960205078,167.9453552168638,167.9453552168638,49854.322,1.3879845501898558,11.103831724204042,10.641171809449531,82.9597658149731,159.98761291503905,146.66302413940429,128.61930885314942,-0.0,17.846461444292654,27.473712890193518,True,83.33333333333334,100.0,96.83907955257986,4.1648656150189005,58.75775146484375,1094089.4947189724,157.91037387547507,1
2021-07-01,197.09291076660156,199.868867256272,180.4371718285789,188.76504129759024,65657.654,20.819686080726456,17.5810712357642,12.491816611715109,85.57220044426943,171.27650451660156,153.74171295166016,133.361568069458,-3.3707866068814667,18.607896228521014,32.33239328062784,True,100.0,96.25000042536026,95.58907969436662,5.375883943417069,70.7868881225586,1140987.8190046865,153.35651046862068,0
2021-07-02,191.0783233642578,202.64480782940657,185.06375144238044,197.09289528613516,217246.595,8.327853988544916,2.7759405731345623,4.626579613801539,80.12796839323761,179.88197021484376,159.89508209228515,137.40983695983886,-13.586958345953127,9.45229548401334,23.621849056498068,False,83.33333333333334,84.93975874444197,93.7299197232674,5.304284653938421,61.53369140625,1072383.6311099501,118.82227184703069,1
2021-07-05,200.79417419433594,201.71949296942503,182.75045808009835,200.79417419433594,191153.488,3.701278908200777,-0.9253148599815404,-2.3132933622820815,82.13133153022875,187.4695831298828,165.90965423583984,142.05956382751464,-2.3255766855493603,9.50378452505098,24.892087559962725,True,83.33333333333334,97.5903664502561,92.92670854001943,5.424309124222187,60.145721435546875,1244887.9983294625,100.54644814245722,1
2021-07-06,207.2714080810547,215.5992771557399,196.16758264814104,202.1821547576359,210542.66,1.3879805632999762,13.879784186314879,13.41712456804268,83.35194514302547,195.70492248535157,172.4331527709961,147.3107479095459,-9.278350263443908,8.649960969833641,23.928080159640746,True,83.33333333333334,90.72164973655609,91.08392497708472,5.439103708648098,65.2349853515625,1274965.5211866056,106.3849109425005,0
2021-07-07,186.91439819335938,204.03279604770168,186.91439819335938,199.40620203301458,31351.452,-2.775952724621334,-11.566481108038232,-9.25318445478166,67.53484410621371,196.63024291992187,178.30892791748047,151.31275177001953,-31.95875822381608,-3.771336042421841,9.238399668404403,False,66.66666666666666,62.19513156505941,83.5023825839572,3.6622711171311195,58.75775146484375,1243614.0691866055,54.86350222170415,1
2021-07-08,192.003662109375,197.09291580384038,168.40803134412653,186.91440841490964,37133.774,-12.491793618104936,-6.939880243861296,-18.506366849232847,69.13235627409105,195.61239318847657,183.44444885253907,155.54608612060548,-26.288643483487512,-1.9684983240266987,9.54686302777455,True,66.66666666666666,60.769252007881185,71.22867776983223,2.471200512183568,51.35520935058594,1267571.3427349925,19.420113894002878,0
2021-07-09,173.03460693359375,186.4517288615997,173.03460693359375,173.03460693359375,40588.118,-13.879801481315894,-10.641186942240694,4.6265755894672225,57.606405794942596,192.00364990234374,185.94281005859375,158.9466323852539,-47.422685878857955,-9.807077349936396,-3.338361591896427,False,50.0,26.98412939190324,49.98283765494795,0.168733975926461,24.983612060546875,1226983.2247349925,-40.53576867377289,0
2021-07-12,169.3333282470703,182.75044988413325,161.46811901155064,180.4371530501569,24387.278,7.402546116563144,-3.701278977466444,-11.566487922043109,55.63209529750645,185.71148071289062,186.5905319213867,161.676322555542,-60.97561414861842,-10.036875186495491,-6.652501757347819,False,50.0,14.529911247361637,34.09443088238202,-1.735665649910004,6.4772186279296875,1220621.3261262968,-93.56901035052294,0
2021-07-13,152.67759704589844,173.03460998535158,152.67759704589844,173.03460998535158,31747.503,-7.4025430648053145,-9.715839898781667,-8.790521965652204,47.6201825807179,174.79271850585937,185.24882049560546,163.0180347442627,-100.0,-15.275996267390868,-16.012726332673363,False,33.33333333333333,0.0,13.838013546421626,-4.113499835291375,-13.4171142578125,1188873.8231262967,-156.14425970878975,0
2021-07-14,137.4098358154297,145.27504527287854,137.4098358154297,144.34972651317867,53835.501,-28.684883472172913,-27.759564712473036,-15.26776123046875,41.625448355928455,164.89180603027344,180.76102447509766,163.71202430725097,-100.0,-18.481246215659795,-23.519314793705473,False,16.666666666666664,0.0,4.843303749120546,-6.56547113428212,-44.877960205078125,1135038.3221262968,-178.3859040617958,1
2021-07-15,150.8269500732422,150.8269500732422,142.49908166429017,142.49908166429017,20223.119,-1.8506448488884928,5.551904800363644,5.089245848860486,47.911695070201006,156.65646362304688,176.13442840576172,164.93807067871094,-82.84024795698934,-7.210631672256833,-15.452783116961069,True,33.33333333333333,17.159752043010652,5.719917347670218,-7.0898079752890695,-46.265960693359375,1155261.4411262968,-108.20033665649733,1
2021-07-16,165.16940307617188,165.6320624685421,155.45355583639707,155.45355583639707,31780.493,12.954474172106899,14.805112395299915,12.954474172106899,53.72314592653595,155.0834228515625,173.5435363769531,166.71930923461915,-64.49703849408263,4.487808532010145,-6.666666091841214,True,33.33333333333333,35.502961505917376,17.554237849642675,-6.303242215436153,-25.908920288085938,1184152.798399024,-44.30857208675158,1
2021-07-19,172.1092987060547,174.8852551367975,169.79600168043567,172.1092987060547,18714.04,16.655742869657615,9.253192668255394,14.342445844038593,56.296942570642386,155.63861694335938,170.675048828125,168.29235153198243,-55.62129323881504,8.984380604882125,-1.5872980326600474,True,50.0,52.083339992173855,34.915351180367296,-5.194308732438035,-28.68487548828125,1182451.5220353876,3.1427859580690125,0
2021-07-20,156.84153747558594,169.33334134532288,155.4535592678374,169.33334134532288,24074.853,-2.775957360731809,-5.551913791474618,-14.342442412598274,49.667275476103455,156.47140502929688,165.63206176757814,169.0326072692871,-75.14792109131196,0.6432491929582594,-8.830118620655966,False,50.0,32.55814154351537,40.04814768053553,-5.34685543086762,-50.42987060546875,1163191.6396353876,-33.09464224296251,0
2021-07-21,143.42440795898438,169.79599264821698,141.57377043693296,166.557376984627,254244.228,-2.775964360695866,0.46265130289410195,-13.879788830904431,44.62884393349541,157.6743194580078,161.28306274414064,169.79599533081054,-92.30769264947554,-7.0464780366934265,-14.24619815786185,False,50.0,12.264151667009118,32.30187773423278,-6.151787160430253,-43.489990234375,942290.916946863,-67.780875794518,0
2021-07-22,132.78323364257812,145.73769546136623,129.0819588372101,145.73769546136623,246401.008,-20.819681523260783,-24.05829718685075,-12.491811599722865,41.02785075727998,154.065576171875,155.36101989746095,169.402734375,-95.06172987104415,-13.510804578980961,-17.54848623498119,False,50.0,6.896550905692412,17.239614705405636,-7.1322491943022275,-59.220428466796875,805401.4680579741,-131.1626326951187,1
2021-07-23,142.49908447265625,145.27504066368203,129.5446222478693,136.48451272543375,212535.496,-9.253182735932484,-0.4626547976841948,0.4626634106592178,45.41478877396742,149.53151245117186,152.30746765136718,169.12513885498046,-80.27211168043218,-6.335533534009674,-9.433965923699137,True,50.0,29.292925879587877,16.151209484096473,-6.855939156630413,-30.5355224609375,942924.4360579739,-89.6615609310616,0
2021-07-26,130.00729370117188,142.0364383140917,129.54463429298264,141.11111949771325,150019.795,4.6266067722795015,-3.2386023495903373,1.2045113322756151e-05,41.123953646967664,141.11111145019532,148.37486419677734,167.48269805908203,-98.38706889783872,-11.122821323812843,-14.568021344496602,False,33.33333333333333,2.020236399383586,12.736571061554628,-7.208007094751259,-39.32603454589844,804017.2184653817,-100.4242516838109,0
2021-07-27,117.0528335571289,127.2313408229662,117.0528335571289,123.53006545357081,207084.269,-17.581054044142434,-14.805097491125494,-12.49180073585373,37.15277879900751,133.15337066650392,144.8123878479004,165.03060417175294,-100.0,-14.623165872057472,-20.648190200406308,False,16.666666666666664,0.0,10.437720759657156,-7.948572163591352,-35.62476348876953,596932.9494653817,-138.0951824433639,1
2021-07-28,121.6794204711914,123.06739865147117,107.79963866839391,117.05282653692558,268536.363,-6.477238916645234,-4.163942171495037,-9.253194888734996,39.43154925484737,128.80437316894532,143.23934631347657,162.00018539428712,-79.31034619122165,-7.285544790178686,-15.229652238905986,True,33.33333333333333,20.689653808778345,7.569963402720646,-7.753720308383448,-15.730415344238281,816644.5191926542,-120.11133426054208,1
2021-07-29,133.70855712890625,133.70855712890625,121.67941358097696,125.8433478860294,231659.698,8.790521349103827,10.641158477435084,13.879774912583045,45.079740287357936,128.98943786621095,141.52750701904296,158.83096771240236,-61.37932417642001,3.152881650951704,-5.812062309922029,True,50.0,38.620675823579994,19.770109877452782,-6.492695975513845,-17.118392944335938,1048304.2171926541,-54.33627930282783,0
2021-07-30,122.14209747314453,139.26049749778977,121.21677855289343,134.17124343640876,309622.664,8.327895550379353,5.551940368883521,-0.4626350280835254,41.06304731207934,124.9180404663086,137.22477645874022,155.38415641784667,-78.62066481642049,-4.463196469340208,-13.18168064209859,False,50.0,23.13435852924258,27.481562720533642,-6.1205380337573425,-43.027305603027344,770437.7238593211,-55.303977311310945,1
2021-08-02,130.93260192871094,133.7085581533479,114.27686458088904,123.06739262557282,261267.825,-11.103850810835937,-5.551939344441877,-6.9399139720043905,45.11741995539203,125.10310211181641,133.10710678100585,151.89107780456544,-65.51725320849911,3.980397036652858,-5.823631723909899,True,50.0,37.31342534731274,33.02281990004511,-5.011929623774189,-41.17669677734375,957057.5988593217,-52.82057099563788,0
2021-08-03,130.46994018554688,135.55919317150793,127.2313246490262,130.0072808231868,228675.718,6.939888197613968,1.850635018160034,12.954460068137166,44.93991658651605,127.7865234375,130.46994705200194,148.05100440979004,-66.20691183805344,3.5495643920423725,-4.163132354341604,False,50.0,59.75609568213951,40.06795985289828,-4.078935660760722,-26.371597290039062,906240.7726370994,-2.043266390531486,1
2021-08-04,132.78323364257812,134.17121169459114,130.0072775385521,130.4699368892231,120366.83,0.4626560660363168,-1.3879814769167922,2.7759528895258967,46.09665135579819,130.00728607177734,129.40582962036132,145.34444618225098,-59.70150924953552,3.237402859940955,-0.05804577908789728,True,66.66666666666666,66.66664970618719,54.57872357854649,-3.1184708209375698,-10.64117431640625,946363.049303766,38.215205051608855,0
2021-08-05,128.15664672851562,133.70855922216973,126.76866860510209,132.78324047322738,109835.216,2.3133035840042737,-0.4626524724214107,-3.23860893345001,44.076327985822786,128.89690399169922,128.94317092895508,142.152095413208,-67.16418506361363,-1.1890618136749862,-1.77305138205206,False,50.0,59.45943625218423,61.960727213503645,-2.6269162483804127,-4.6265869140625,880461.9197037662,11.540132241943548,1
2021-08-06,131.395263671875,137.87249497964348,126.76866988061178,127.69398863886443,193181.727,-5.089251834362955,4.163935757473752,1.2755096889804918e-06,45.88740650067463,130.7475372314453,127.83278884887696,140.07012825012208,-37.8048666745315,1.6100172558214245,1.4889807855383306,True,50.0,74.99993923062969,67.0420083963337,-1.947107440862057,-11.10382080078125,848264.9652037666,65.25041593520199,1
2021-08-09,131.85792541503906,136.48451928925095,131.39526602761788,132.32058480246025,134569.07,4.626596163595821,-1.3879756903925227,4.626596147006097,46.15914185038411,130.93260192871094,128.01785202026366,138.1963581085205,-35.802458504194135,0.706717404754499,1.9070325624320408,True,66.66666666666666,76.47053399624927,70.3099698263544,-1.3576583510034208,1.8506317138671875,738162.9988401299,87.55772799385386,0
2021-08-10,129.08197021484375,137.4098392609627,127.6939920404906,136.02186108660953,164440.498,3.701276284149287,0.9253199717117582,-3.70127398712728,44.690223224594284,130.6550079345703,129.22076568603515,137.01657676696777,-37.83784767650096,-1.1806338550337736,0.6312000133904971,False,50.0,59.259218558000306,70.24323059495977,-1.0593314662415976,12.029136657714844,620705.5002687011,49.01017208803715,0
2021-08-11,122.14209747314453,130.93262721552992,117.0528434117635,129.54464883515328,202518.524,-6.477212251456251,-6.477212045432793,-10.641148628727095,41.12132074390587,128.5267807006836,129.26703338623048,136.25318984985353,-54.41173782786388,-5.489245757940318,-4.290016141567525,False,50.0,31.48154200958853,55.73709818794604,-1.2224301870569967,0.462677001953125,566700.560535368,-176.649204810385,1
2021-08-12,126.76866912841797,126.76866912841797,120.75409723546383,124.45537224651252,123148.003,-5.089276588640757,-4.163958087111951,3.701253823700327,44.353225123698195,128.24918518066406,128.57304458618165,135.0502758026123,-39.70593567426678,-1.142517347096852,-1.2909062417285404,True,50.0,52.94117739777931,47.89397932178938,-0.9252620079355411,-6.939888000488281,689848.5635353681,-100.00028122448074,0
2021-08-13,120.75410461425781,129.08197389799972,120.75410461425781,127.23133627939042,85264.154,2.7759640328778943,2.313304769581748,7.378793981160925e-06,41.14988861600212,126.12095336914062,128.43424530029296,132.8295108795166,-74.07406659026317,-4.918031670756832,-5.91768991718296,False,50.0,17.777728846358407,34.06681608457543,-1.0321690912034889,-1.3879928588867188,604584.4095353681,-102.16999328806759,0
2021-08-16,120.75410461425781,124.91803925612878,119.36612640030083,122.60474223286712,66177.422,-4.626594046523294,-4.163934641870938,-1.387978213956984,41.14988861600212,123.90018920898437,127.41639556884766,130.26175117492676,-74.07406659026317,-3.571428353840104,-5.119658244546828,False,33.33333333333333,17.777728846358407,29.498878363498715,-1.0005504964184206,-10.178497314453125,571495.698535368,-111.19757697925665,0
2021-08-17,120.75410461425781,120.75410461425781,120.75410461425781,120.75410461425781,0.0,-1.850637618609312,-4.163934641870966,1.387978213956984,41.14988861600212,122.23461608886718,126.44481201171875,128.45737953186034,-72.54898502855558,-2.1250004251406684,-5.0333501673115935,False,16.666666666666664,17.777728846358407,17.777728846358407,-0.8814837323320548,-9.715835571289062,571495.698535368,-97.68523956751889,1
2021-08-18,128.28781127929688,128.28781127929688,114.61006669437185,116.96829851935892,109188.963,-3.785806094898888,7.5337066650390625,-6.14403791988596,47.33528196741222,123.46375885009766,125.99526977539062,127.70054969787597,-41.20242127265385,4.092978586277977,1.0666886251335088,True,33.33333333333333,58.79757872734614,31.451012140020993,-0.23105518741997244,-4.49542236328125,680684.661535368,-43.30464407582202,0
2021-08-19,120.7414779663086,130.64605233073235,120.2698315680027,128.28782033920288,124973.126,11.319521819843956,2.3582410514354706,5.659764873630849,42.45883056537834,122.25832061767578,125.25375289916992,127.0984619140625,-73.64242805288396,-1.8442131261262478,-4.266973089098125,False,33.33333333333333,26.89242295741699,34.48924351037385,-0.24352221174605404,-7.415168762207031,567072.7288080952,-33.97939954583722,1
2021-08-20,124.98628997802734,126.40122910985407,121.21311895982275,124.04299722347619,89987.477,-4.244823115726689,-4.244823220878274,0.94328739182005,45.88009762075754,123.1047576904297,124.61285552978515,126.22282218933105,-55.3949262888213,1.852540586944882,-0.38819564277229124,True,33.33333333333333,45.510205215204905,43.73340229998936,0.08221259030405026,-6.408973693847656,607976.1274444587,-19.631184724881898,1
2021-08-23,135.83413696289062,137.2490758895874,129.23108863830566,130.17438125610352,131738.22,6.131384032627324,10.847846779733331,8.017969678482913,53.575467215177234,126.12076416015626,125.0104766845703,126.514164352417,-8.762447289492208,8.470915686042314,7.708135881849771,True,50.0,93.74999623660294,55.38420813640828,1.024053075463085,3.9762115478515625,693218.5050915175,196.3439522492213,0
2021-08-24,132.06097412109375,139.60731549944197,131.11768144880023,138.66402282714844,143512.999,8.489641571044928,2.3582396098545644,1.8865928104945624,50.832836221775295,128.38213806152345,125.30837707519531,127.26457138061524,-30.188687711975792,3.8943779760713895,4.670205931474289,False,50.0,69.81131228802421,69.69050457994403,1.3672711183984108,2.97900390625,581597.2836470729,168.16318876269528,1
2021-08-25,135.83413696289062,137.2490758895874,130.64602756500244,133.00425910949707,80488.59,-5.659763717651373,-2.3582396098545644,-0.47165388379778506,53.433382950603594,129.8914031982422,126.67758102416992,127.9723072052002,-15.094375248951556,4.790773683137146,7.378773032430261,True,66.66666666666666,84.90562475104844,82.82231109189188,1.7957647429250567,13.692039489746094,627590.7636470728,114.8600351571724,0
2021-08-26,134.41920471191406,136.7774363735266,131.11768038565654,135.36249737655908,75062.261,2.3582382670620063,-0.47163951606080445,0.47165282065409997,52.30170205244659,132.62694854736327,127.44263458251953,128.0078395843506,-20.754727162117202,2.8880844922241153,5.887951090046288,False,50.0,79.2452728378828,77.98740329231849,1.9200600865010973,7.650535583496094,640101.1404804059,81.40085006155063,0
2021-08-27,133.00425720214844,136.30578131709538,131.11767199360733,132.53261090001314,52102.883,-2.829886476545937,-0.4716550564312172,-8.392049210215191e-06,51.12056523825209,134.2305419921875,128.6676498413086,128.5509475708008,-26.415140117156614,0.2369615449149543,4.031537192890803,False,50.0,73.58485988284338,79.24525249059154,1.842796894473135,12.250152587890625,625891.2632985876,59.21684942383815,0
2021-08-30,132.06097412109375,135.3624984741211,132.06097412109375,134.4192058018276,37890.758,1.8865949018144477,-0.9432828429742699,0.9433021274864188,50.29453591351696,133.4759094238281,129.7983367919922,128.60736618041992,-30.188687711975792,-1.3505545996600488,2.938639806557745,False,33.33333333333333,69.81131228802421,74.2138150029168,1.6691513964280116,11.306869506835938,588000.5052985876,45.451634848324034,0
2021-08-31,128.28781127929688,133.94756765926587,127.81616491429946,133.00427492927102,53776.077,-1.4149308725565675,-1.4149308148552393,-4.244809206794287,46.98183762985984,132.72127685546874,130.55170745849608,128.4982597351074,-45.283000175000026,-3.2602180356965675,-0.48942629064535426,False,16.666666666666664,41.46340723395965,61.61985980160909,1.2597974712674547,7.5337066650390625,542497.6709139722,-8.744768252147923,0
2021-09-01,121.2131118774414,129.7027461723595,119.32652647857073,128.75945347292415,111739.578,-4.24482145634687,-4.244821486906375,-8.489638435728736,41.40367725857765,129.7970718383789,129.84423751831054,127.91975364685058,-73.58491234551269,-7.331727253471325,-6.005033400546468,False,16.666666666666664,9.302327423894445,40.19234898195944,0.5105973960648447,-7.074699401855469,471390.66673215386,-115.18873438268281,1
2021-09-02,122.15640258789062,124.04298795604336,116.96829282547056,118.8548781936233,78234.568,-9.904575279300843,-5.659758216316135,-2.3582336531001715,42.39844418339713,127.34451141357422,129.98572998046876,127.61974143981934,-69.81133422975662,-4.954127521802025,-5.359318014787861,True,16.666666666666664,22.916668431914932,24.560801029923013,0.09818828659797951,1.4149246215820312,507900.1317988208,-137.47658645776454,0
2021-09-03,118.38323974609375,123.57134985448829,115.55336150515127,123.09970348099787,91375.667,4.244825287374567,-0.47163810155507235,-1.4149313203192833,39.474204832091964,124.42030792236328,129.3254249572754,126.96914024353028,-88.23528871131057,-5.933785507468604,-7.6923017433925365,False,16.666666666666664,11.764711288689423,14.661235714832936,-0.3827244414544748,-6.603050231933594,481024.93562235025,-137.76133389620279,0
2021-09-06,111.30854034423828,118.38323570510089,111.30854034423828,117.91158934771005,80227.386,-5.188114133287826,-5.188114149387403,-4.244821160912991,34.593835233437076,120.26982116699219,126.87286529541015,125.94167098999023,-100.0,-8.938906033927594,-12.673447247437448,False,16.666666666666664,0.0,11.560459906868124,-1.091187714477897,-24.525596618652344,400797.54962235026,-139.72433557604492,1
2021-09-07,120.7414779663086,121.68477076292038,114.61007478833199,115.08172118663788,121169.737,-2.82986816107217,3.3015350578194926,3.3015344440937042,44.563151772086655,118.76055450439453,125.74091567993165,125.52464637756347,-66.6666222465966,0.32659115760344376,-5.009264964139174,True,33.33333333333333,37.03708873452062,16.267266674403356,-0.8491705777077412,-11.319496154785156,489655.35675568355,-69.0963495929265,0
2021-09-08,118.85487365722656,121.21310527740962,117.43993468511671,119.79816630529979,73858.902,4.716445118661909,-0.47166548551075493,2.8298598967847255,43.12886129857943,118.28890686035156,124.04298934936523,125.36028518676758,-73.33335710962517,0.06617423761444413,-5.44090434368277,False,33.33333333333333,30.188664905788446,22.408584546769692,-0.744548962184401,-16.979263305664062,471190.6312556839,-56.36785878833231,1
2021-09-09,119.32653045654297,121.68476228374738,118.3832377256612,120.26982318742473,55171.837,0.4716568821249467,0.4716570063377503,0.9433030405444924,43.62373158627494,117.72293243408203,122.53372192382812,124.98817825317383,-69.09088442569863,0.7299281355412566,-4.257327981242219,True,50.0,33.33335024951149,33.51970129660686,-0.5793329432481338,-15.092674255371094,447545.558255684,-41.47463017794972,1
2021-09-10,125.9295654296875,126.87285805462898,118.38322443015566,118.8548707426264,81520.037,-1.414952444798331,5.188095770881603,-1.3295505539190344e-05,50.236945140784776,119.23219757080078,121.82625274658203,125.24695129394532,-42.5926232977057,5.742564755696545,1.7142785190427532,True,50.0,64.58327419280911,42.70176311603635,0.007812225120516825,-7.0746917724609375,510950.0314779062,23.460261955329667,0
2021-09-13,124.51464080810547,129.23110447507918,124.51464080810547,126.87287264159232,79679.711,8.01800189896592,2.3582464204502003,6.1314163779498045,48.89612978947576,121.87341766357422,121.07161941528321,125.43497810363769,-47.16976774274071,3.664924292716279,1.2464084385163963,False,50.0,71.79489338799064,56.57050594343709,0.3169300347289665,-7.546333312988281,431270.3204779062,88.66554294191053,0
2021-09-14,116.49664306640625,126.87286228689587,116.02499673820216,125.92956963048772,82022.919,-0.9433030111046037,-2.3582421881833113,-8.489644069903306,41.9711596307491,121.02445068359376,119.89250259399414,125.22210502624512,-78.43139705260126,-3.703707985873633,-4.201685390841109,False,50.0,28.947324078703417,55.10849721983439,0.013466167578313204,-11.791168212890625,356379.82921703684,-18.707658109606946,1
2021-09-15,117.43994903564453,118.8548881806523,112.72348521895198,117.43994903564453,76078.276,-8.489620594843188,-8.017974106243571,-3.301511519250184,43.00711085535708,120.74146575927735,119.51518630981445,124.6797119140625,-72.91664254790543,-2.4804104309478667,-2.4485743677448246,True,50.0,34.21055517862764,44.984257548440574,-0.08618517404669435,-3.773162841796875,397345.0547554984,-99.31966727598497,0
2021-09-16,116.96829223632812,118.38323125531596,116.49664589666551,118.38323125531596,28631.146,0.9432822196714312,-0.4716569253363332,3.773160677713534,42.59235819519823,120.26981811523437,118.9963752746582,124.49105262756348,-69.23078960311966,-2.6178029427041847,-2.0730531451192133,False,50.0,31.578918344337918,31.57893253388966,-0.1429700700159655,-5.1881103515625,383029.48175549845,-60.00016462761811,1
2021-09-17,120.7414779663086,121.68477076292038,116.96830677986145,117.91159957647324,46218.257,-0.4716316788427264,3.301539507604417,0.4716608831959377,47.048867423639926,119.2322006225586,119.2321990966797,124.27881202697753,-47.36837009924129,0.32659327764539053,1.1191661443248118,True,50.0,48.57146644196161,38.12031332164239,0.10131144097302691,2.3582382202148438,410760.4359554984,9.271820284928786,0
2021-09-22,117.91159057617188,120.26982238769531,116.9682978515625,116.9682978515625,34751.086,-0.9433017249107394,-1.414948375225066,-8.92829895349223e-06,44.23903585274402,117.91159057617188,119.89250411987305,123.3826847076416,-63.157893124393084,-0.924702935008562,-0.9574109846094652,False,33.33333333333333,31.42854991215167,37.192978232817076,0.09986629294555183,6.603050231933594,395867.1133840699,-52.215199278055856,1
2021-09-23,120.26982116699219,122.15640659706266,119.79817480947457,120.7414675245098,31557.678,3.7731696729473043,1.8865842093673422,2.8298769579120773,47.11051789432208,118.66622619628906,119.8453384399414,122.79312705993652,-50.00000693353102,1.661128711104316,0.8902076898119204,True,50.0,45.71425976667838,41.90475870693056,0.27534614628322274,-0.47165679931640625,376932.5065840698,20.512866374772532,1
2021-09-24,126.4012222290039,127.8161612838062,122.15640506459707,122.15640506459707,74969.747,1.4149375400872657,5.65975468674354,2.3582302551224927,53.851124344592854,120.45848083496094,120.59997329711913,122.32148132324218,-17.142885368069614,5.373522531127028,4.926589308886135,True,66.66666666666666,82.85711463193039,53.33330810358681,0.7926875740840704,7.546348571777344,414417.3800840696,120.48198474224944,0
2021-09-27,124.04298400878906,130.64603258720368,123.57133768175943,128.7594472790852,80947.557,6.603042214488141,2.829871303397482,1.4149326171623642,51.11763778181209,121.87341918945313,121.07161865234374,121.80267028808593,-36.84213210735526,2.467526181529025,2.734369752857287,False,50.0,63.15786789264474,63.90974743041784,0.9535856803157801,4.716453552246094,344262.83068406995,99.0098435973747,0
2021-09-28,118.38323974609375,120.74147161354581,117.91159337260333,119.79817886656498,66913.829,-8.961268412520226,-9.904560973657865,-5.659744309156096,45.12111258412831,121.40177154541016,120.31698608398438,121.07161941528321,-68.42103741810969,-2.3979236231022303,-1.9211944969453352,False,50.0,31.57896258189032,59.197981702155154,0.6697696560754007,-7.54632568359375,299653.61135073676,-42.10520106790968,0
2021-09-29,116.02500915527344,118.85488742735328,114.6100700192335,114.6100700192335,49770.821,-5.188108847331478,-1.886584186192536,-3.3015233533698307,42.83695780678077,121.02445526123047,119.46802291870117,120.26982116699219,-81.57893591527154,-3.7181953961029377,-3.6553478902317047,False,33.33333333333333,18.421064084728457,37.71929818642118,0.33126188444846205,-8.489631652832031,283063.3376840703,-92.05544280436158,1
2021-09-30,118.85487365722656,119.79816630529979,116.02499571300687,117.91158100915332,31842.729,3.3015109899198194,0.9432788779465113,1.4149256937733696,46.389686239250054,120.74146575927735,119.7038459777832,119.79817428588868,-65.78952582858936,-1.4983771270361537,-0.8199479759078209,True,50.0,26.47052598184235,25.49018421615371,0.30655661750371,2.3582305908203125,298984.70218407037,-40.04877374907954,0
2021-10-01,107.063720703125,116.02500129061124,107.063720703125,115.55335494390144,124308.272,-2.358226065251884,-3.7731650146885443,-8.961275009881874,36.171159215473786,116.87396545410157,118.66622314453124,119.09070472717285,-100.0,-9.621765732990607,-9.5617547233126,False,33.33333333333333,0.0,14.963863355523605,-0.45394610917825773,-10.376228332519531,174676.43018407037,-196.1382268793637,0
2021-10-04,96.6875,108.00701219512194,96.6875,107.53536585365853,128959.231,-8.017989090242907,-8.017989095489298,-10.376220703125,29.857372133186743,111.40286865234376,116.63814392089844,117.81725959777832,-100.0,-14.81994587372213,-17.171719911469395,False,16.666666666666664,0.0,8.823508660614122,-1.5444333135298023,-20.280792236328125,45717.19918407037,-223.18486135888617,1
2021-10-05,97.15914916992188,99.04573459069705,90.36744165513122,91.59372217863509,132177.284,-15.941643675023442,-8.961277604424893,-6.320058344868784,30.459287011862827,107.15805053710938,114.27991104125977,116.75605506896973,-83.13817003617508,-10.88680575352899,-15.544926482510867,True,33.33333333333333,16.861829963824913,5.620609987941642,-2.0887774658020426,-23.58232879638672,120426.09883624445,-166.4253754302564,0
2021-10-06,92.2540283203125,98.5740895651601,91.97104050337903,98.5740895651601,90137.213,6.980367386525003,-0.471645025536958,1.6035988482478132,27.756924608071586,102.40385437011719,111.71415481567382,115.80332946777344,-95.31615525388438,-11.865423082053209,-18.34689958137315,False,33.33333333333333,4.683844746115633,7.181891569980187,-2.600646468802486,-25.657562255859375,38014.93266481577,-121.88554952474098,1
2021-10-07,96.6875,100.46067073170732,94.32926829268293,95.74420731707318,102303.38,-2.8298822480869177,1.8865811665472307,2.3582277893038963,33.568337910759865,97.97037963867187,109.35592269897461,114.600630569458,-84.30913743847893,-4.695491026605778,-12.877179966218922,True,50.0,15.690862561521083,12.412179090487214,-2.463433100502952,-23.582321166992188,14406.460357123393,-81.09265061845043,0
2021-10-08,94.32926940917969,98.10244018554687,93.57463525390625,97.15914749145507,58250.534,1.414940174381897,-2.3582305461604562,-0.7546330387766744,32.071299360032896,95.42348937988281,106.14872741699219,113.37435035705566,-90.16393656687279,-3.1164221233245106,-13.469859289174504,False,33.33333333333333,13.04347088441228,11.139392730683005,-2.3543963380999555,-32.07195281982422,-24427.228976209935,-74.21974634112527,0
2021-10-12,85.36798858642578,93.10298865724006,84.89634224064443,91.21640327411463,101594.63,-5.942744217340447,-4.999451528306807,-8.678293013261822,27.067268724517717,93.15958709716797,102.28122787475586,111.67642326354981,-98.96907204790114,-8.938454366175474,-19.543636720696142,False,33.33333333333333,1.3513515652008061,10.02856167037806,-2.684761108033964,-38.67499542236328,-114344.31529804919,-104.16666615993526,1
2021-10-13,87.63188934326172,90.93341369957406,87.16024300664567,88.66951128381703,79016.699,-2.5468919902975955,-2.1695749576660006,2.2639007660012425,30.074154887199256,91.25413513183594,99.20609283447266,109.76153945922852,-94.02062160006942,-4.994036737732012,-14.816231960728446,True,50.0,7.837834199008365,7.410885549540488,-2.5507320006976517,-30.75135040283203,-173606.83954804926,-90.14782338481132,1
2021-10-14,89.89579772949219,92.91433448431249,86.49994388031934,89.70713918231591,97262.139,1.037627898498883,1.98092078473843,-0.6602991263263362,33.0838034190308,90.78248901367188,96.59317169189453,108.03059730529785,-86.05262255622571,-1.2435195755572332,-10.129662972882137,True,50.0,16.060619510859038,8.416601758356075,-2.126841714092155,-26.12921142578125,-167885.53725393146,-74.41762041246757,0
2021-10-15,88.57518768310547,90.93341951705396,88.19787058967371,90.36744387690632,56239.062,0.6603046945904083,-1.9809149672585278,1.6979267093543768,32.20181532618382,89.16002655029297,93.56520309448243,106.63452453613282,-89.45944648724947,-2.03442548484571,-9.194936105122926,False,50.0,15.918385099642215,13.272279603169878,-1.7674011749330383,-30.279685974121094,-208610.37525393156,-76.09858044051612,0
2021-10-18,87.16024017333984,87.16024017333984,80.65152093961642,86.40560605928496,109832.31,-3.9618378176213582,-3.7731793437141192,-7.546349650057294,31.228719172512598,87.726220703125,91.57485504150391,105.12053909301758,-83.37349427282194,-1.8761116947387704,-8.38635526418245,False,33.33333333333333,32.85713572786514,21.61204677945547,-1.469191087621411,-19.903480529785156,-98778.06525393156,-115.13360540336667,0
2021-10-19,86.49993133544922,89.4241383925909,86.49993133544922,87.53755319443498,55016.931,1.131947135150014,2.263898219251061,5.848410395832801,30.75557382169795,87.95260925292969,90.55609817504883,103.59712104797363,-83.46668086430368,-1.1676032135708316,-6.428580364525883,False,33.33333333333333,29.52378298521355,26.09976793757364,-1.1734838661014795,-10.187568664550781,-153794.99625393155,-64.65530668564894,0
2021-10-20,86.21694946289062,89.14115672038473,86.12262019651985,87.5375591920815,43127.483,5.997646525202072e-06,-0.2829816722061764,-0.37731113892937174,30.53925272424297,87.66962127685547,89.46187820434571,101.87089462280274,-79.65516878753141,-1.6499294689318857,-4.948438059135066,False,33.33333333333333,28.095241752860517,30.158720155313073,-0.8680921210311805,-10.94219970703125,-194227.01156643152,-61.91492957274885,1
2021-10-21,86.9715805053711,88.85816576579128,86.68859271630807,87.25456829443412,36248.201,-0.2829908976473803,-0.28299095459344414,0.5659725197882182,31.93203245412073,87.08477783203125,88.93363342285156,100.32389411926269,-68.0952507700353,-0.6643961657113792,-3.2528909884174935,True,33.33333333333333,36.21619856632201,31.27840776813203,-0.5044428544067827,-5.282447814941406,-221019.1601316489,-48.271733030595286,0
2021-10-22,84.14170837402344,88.00920842260524,83.95304983506823,87.63189134469482,54780.895,0.37732305026069923,-0.8489573431860435,-2.7355428812398372,29.511272999503277,86.19808197021484,87.6790542602539,98.51748847961426,-82.3809326950492,-2.8322405024268344,-5.2575663211533765,False,16.666666666666664,28.030329544741573,30.780589954641368,-0.3509468885636071,-12.545791625976562,-270704.1579223466,-102.15385595594158,1
2021-10-25,89.89579772949219,91.3107368333142,83.19841930473463,83.29274857832277,83641.868,-4.339142766372049,3.301528410708954,-0.7546305303335998,39.658343012431644,86.74519348144531,87.23570709228515,96.69221725463868,-53.33329856707589,3.5494467941977574,1.4459385625918757,True,33.33333333333333,75.3846313994892,46.543719836850926,0.21139079486404633,-4.4334716796875,-216239.6857362999,32.38117303029983,0
2021-10-26,89.7071304321289,91.68804498425794,88.38652073070955,90.65042307599987,57657.568,7.357674497677095,0.3773081509437475,5.188101425974921,39.45518513699846,87.38663330078126,87.66962127685547,94.97542457580566,-48.10812333210324,2.829336703114472,1.9019517800363497,False,33.33333333333333,73.84609950649728,59.08702015024269,0.6207692271070435,4.339141845703125,-227771.1993362999,107.17665802830845,0
2021-10-27,87.53755950927734,89.5184741102416,87.44323024256477,88.66951070982834,42900.819,-1.9809123661715233,-2.169570874016344,-0.9432904881447826,37.072757221655536,87.6507553100586,87.66018829345703,93.43314056396484,-44.6969728724067,0.14388430184022724,0.08088336726601227,False,33.33333333333333,62.39318232631631,70.5413044107676,0.7849839698727905,-0.094329833984375,-266771.9438817547,20.57605029766511,1
2021-10-28,87.91487884521484,91.02774472707331,87.82054957606762,87.82054957606762,48649.103,-0.8489611337607244,1.5092706168317136,0.37731933350285374,37.785497150331366,87.83941497802735,87.4620964050293,92.02763404846192,-40.769237996446726,0.2509875231523632,0.2689634222797952,True,50.0,65.81200635470863,67.35042939584075,0.9476739025789538,-1.9809188842773438,-312559.3349405783,69.13578305100106,1
2021-10-29,93.85762023925781,95.74420557070017,89.235486177224,89.42414471036825,90324.307,1.6035951343006332,4.716460843626862,1.4149366011563842,47.920532199784276,89.78259735107422,87.99033966064454,90.77777137756348,-12.499998360509652,5.645016652343339,6.417111185409315,True,50.0,84.96239859784374,71.05586242628956,1.4538919321643329,5.282432556152344,-274596.9450420274,208.8707603930448,1
2021-11-01,94.80091857910156,98.10244310673197,94.3292722180115,96.21585766237173,58101.563,6.791712952003479,2.358237536031794,5.093786040787492,49.3493262905672,90.7636215209961,88.7544075012207,90.16463127136231,-18.91891153953907,4.614854594292801,6.990778988969994,True,66.66666666666666,77.84809946970189,76.20750147408476,1.826523442117976,7.640678405761719,-318173.11729202716,196.485443893424,1
2021-11-02,99.04573059082031,101.40396227155414,95.2725599016462,96.6874989100865,72723.779,0.47164124771477134,3.3015191648221673,0.9432876836347077,55.36124541473871,92.63134155273437,90.00898742675781,90.28254280090331,-11.363634971970923,7.490188811092979,10.691382204363224,True,66.66666666666666,87.04662813390507,83.28570873381692,2.302423423280085,12.545799255371094,-301390.7067535657,167.96648246807197,1
2021-11-03,105.6487808227539,108.00701253754752,100.46067105020796,100.46067105020796,122443.842,3.77317214012146,6.603050265993389,5.1881111485617595,62.8450047630533,96.25358581542969,91.95217056274414,90.70702438354492,-9.505705110576447,11.442786269845943,16.072201223152284,True,83.33333333333334,90.49429488942354,85.12967416434351,2.9633521833785803,19.43183135986328,-255474.26600356586,176.67889946486716,0
2021-11-04,103.2905502319336,110.3652454532989,102.81890388384257,109.42195275711686,98522.24,8.961281706908892,2.3582329157513726,2.3582328336346023,58.99173726884597,99.32872009277344,93.5840675354004,91.25885047912598,-26.04167002312558,6.019042290534584,11.763206670741251,False,83.33333333333334,73.95832997687442,83.83308433340102,3.126964333801304,16.3189697265625,-341681.2260035657,132.92586905297395,1
2021-11-05,107.53536224365234,107.53536224365234,101.87560633609169,103.76219163861191,76241.166,-5.659761118504946,-2.829883209646553,-0.9432975477508734,63.39848519457796,102.06426849365235,95.92343292236328,91.80124359130859,-10.416686859816007,6.7915656266003595,14.16172567244799,True,83.33333333333334,87.6543000969594,84.03564165441912,3.384555017367581,23.393653869628906,-265440.06000356574,105.22767304990232,1
2021-11-08,116.96829223632812,116.96829223632812,108.00701178273847,111.78018250003937,141156.146,8.017990861427464,9.432929992675781,6.131405446646781,70.96292006841246,106.49774322509765,98.63068237304688,92.93319473266601,-0.0,11.879698721384544,20.965774619397635,True,83.33333333333334,99.99999999999999,87.20421002461127,4.010925779205939,27.072494506835938,-124283.91400356573,142.79123739153553,0
2021-11-09,115.08170318603516,119.32652010683154,113.19511788790344,115.08170318603516,97050.818,3.301520685995783,2.3582278705034128,5.188106105164962,67.90114160695443,109.70493774414062,101.1681396484375,94.41888046264648,-11.749349748686507,6.627819697249068,15.923664037365395,False,66.66666666666666,86.52694441946633,91.39374817214191,4.104078387244208,25.37457275390625,-161611.15169587353,121.8141801161781,0
2021-11-10,113.19512176513672,117.43993883132934,112.72347542444865,114.13841444651285,72504.57,-0.943288739522302,-1.886581275502195,-0.4716424634547849,64.84881411240198,111.21420593261719,103.73389587402343,95.69704208374023,-19.230758079851068,2.637206840183285,11.835974628510817,False,50.0,79.62383626950772,88.7169268963247,3.8487834350679977,25.657562255859375,-219614.80769587358,94.047240212556,0
2021-11-11,103.2905502319336,115.55335528230013,101.87561118766052,113.66676988993605,111465.569,-0.4716445565768055,-1.8865835490292113,-10.847864236788126,51.57144440004139,111.21420593261719,105.2714630126953,96.36677970886231,-50.295844447565216,-6.008581590350746,0.9216607896638798,False,33.33333333333333,35.84905847947368,67.33327972281592,2.868009732490586,15.37567138671875,-308018.5348338045,16.518760485558797,1
2021-11-12,105.17713928222656,108.4786638336866,102.34726109526083,106.12043201121514,65173.723,-7.546337878720905,-7.074691448613535,0.4716499076003089,53.54771875105374,110.74256134033203,106.40341491699219,97.19687728881836,-44.91015698370203,-4.564902357325019,1.309916202100076,True,50.0,41.176501898615506,52.21646554919897,2.2298813299800786,11.31951904296875,-313031.89814149693,-18.162330656769132,1
2021-11-15,105.6487808227539,108.95030522346497,104.23384179387774,108.00701253754752,41926.462,1.8865805263323807,0.47164138977836956,1.8865806986169105,54.059011174548885,108.4786590576172,107.48820114135742,98.12130432128906,-45.4545341182832,-3.862660954138091,0.3359464514482031,True,50.0,27.50000679521211,34.84185572443377,1.7445871136182212,10.847862243652344,-329802.482941497,-22.817458943253584,1
2021-11-16,112.72348022460938,112.72348022460938,104.70549209147816,105.64878481302301,65710.336,-2.358227724524511,3.773175001144409,0.4716502976004193,61.07071059332497,108.00701446533203,108.85597610473633,99.43248176574707,-26.415067416982957,3.2397439095268004,5.479959544659497,True,50.0,62.16221128034248,43.61290665805671,1.797941788813669,13.677749633789062,-264092.146941497,20.83340665388512,0
2021-11-17,110.36524200439453,113.66676633785931,109.4219493376903,113.1951200045072,61524.311,7.546335191484189,0.9432861132499397,4.71645724621213,57.85952043451963,107.4410385131836,109.32762222290039,100.63989639282227,-37.25489701485918,1.8129046735532208,2.034881814017035,False,50.0,48.64865977698837,46.10362595084766,1.5800282986347347,4.716461181640625,-298272.31971927447,30.4093221253721,1
2021-11-18,112.2518310546875,114.61006279953388,109.89359930984112,110.83689200777968,49820.627,-2.3582279967275213,0.9432964616745636,0.4716499721508285,59.70846976342002,109.23329467773438,110.22375030517578,101.90390892028809,-37.49997697379116,3.703703529668995,2.7338142054830317,True,66.66666666666666,59.45948096507449,56.75678400746845,1.4708063185908071,8.961280822753906,-298272.31971927447,41.00161020237378,0
2021-11-19,110.36524200439453,115.08170533791566,109.4219493376903,113.1951200045072,51874.054,2.3582279967275213,0.4716425383817864,-0.4716499721508285,56.98109458210609,110.27091522216797,110.50673828125,103.21508560180663,-51.35134022301163,0.8620659902031265,0.645159360188834,False,66.66666666666666,48.64864550067973,52.25226208091419,1.1912879914087542,2.8298797607421875,-332855.02238594095,19.03731437160085,1
2021-11-22,112.72348022460938,115.0817120284715,110.83689478151967,111.78018750306452,50450.312,-1.414932501442678,6.690555835575651e-06,1.4149454438293816,59.50355723280307,111.68585510253907,110.08225708007812,104.3564697265625,-37.837788719657524,1.8465939199792873,2.064060673722474,True,66.66666666666666,69.69699742450162,59.26837463008528,1.0878637990301376,-4.24481201171875,-338460.61260816315,51.85196568462974,0
2021-11-23,112.72348022460938,115.0817120284715,112.25183386383695,113.1951265853818,42053.372,1.4149390823172752,0.0,1.4149390823172752,59.50355723280307,111.68585510253907,109.84643478393555,105.50728721618653,-37.83779923903146,0.7730171061656597,1.6660789525388353,False,50.0,79.31036698661586,65.88533663726574,0.9472569503110368,-2.3582229614257812,-366496.1939414965,74.16277318639479,1
2021-11-24,113.19512176513672,114.13841444651285,111.30853640238443,113.19512176513672,27817.273,-4.8202450813050746e-06,-0.943297581958646,-0.9432974614525165,60.06095416104703,112.2518310546875,109.84643478393555,106.7901653289795,-35.135123162318834,1.1235942803111942,2.3817975230729074,True,50.0,85.18514639359385,78.0641702682371,0.818655647372788,0.0,-357223.76960816304,69.5142062492563,1
2021-11-25,117.43994903564453,118.8548881806523,113.6667779822905,114.13842436395976,72699.243,0.9433025988230384,4.716473734139441,2.358241579906064,64.81575629947943,113.28945465087891,111.26137466430664,108.26641883850098,-8.333329773651629,3.8221046322424126,6.032654041007223,True,66.66666666666666,90.32258630758709,84.93936656259895,0.9432506973676551,14.149398803710938,-324178.6591536176,148.1483136989882,0
2021-11-26,111.78018951416016,118.85488505303105,111.3085431449021,117.43994594525688,83268.288,3.3015215812971235,-3.1276212411057713e-06,-2.3582348373883946,55.24860583149011,113.57244415283203,111.9216796875,109.1625473022461,-41.66666619204242,-1.112654101735915,1.0301986594691999,False,50.0,49.99999560472356,75.16924276863483,0.5857753884646932,6.603050231933594,-397038.4111536178,66.77896362773825,1
2021-11-29,113.19512176513672,116.02499980926513,112.25182908376057,113.19512176513672,65951.269,-4.244824180120162,-2.829885243765929,0.943285938858466,56.98039361511172,113.6667724609375,112.67631378173829,110.08225746154785,-34.2857661264,-0.277012201567356,1.5514782463540397,True,66.66666666666666,39.999967033196896,60.107516315169185,0.39504236480001653,7.5463409423828125,-430014.0456536174,50.08187714781272,1
2021-11-30,117.43994903564453,117.91159541731379,115.55336350896752,116.49665627230603,48135.949,3.3015345071693076,1.8865956080486654,3.3015344252069525,61.81631150522435,114.61006622314453,113.1479606628418,111.00196838378906,-9.677413692412916,2.751035773247471,4.40252165256306,True,66.66666666666666,85.000017825161,58.33332682102715,0.49851562299721497,4.716468811035156,-401132.4762536177,157.9330624959046,0
2021-12-01,117.43994903564453,118.8548881806523,116.02500989063677,117.91159541731379,38952.317,1.4149391450077644,0.9432927633385049,0.47164638166924533,61.81631150522435,115.45903167724609,113.8554313659668,111.59152679443359,-9.999996721346651,2.0491836698118586,3.498446456487973,False,66.66666666666666,85.000017825161,70.0000008945063,0.5089362621089757,7.07470703125,-401132.4762536177,127.54155954853483,1
2021-12-02,125.45792388916016,127.81615554121203,117.43993627218374,117.91158260259412,133912.314,-1.2814719667630925e-05,8.96126736055973,1.4149263815469766,69.5187331325235,117.06262664794922,115.17604064941406,112.69989547729492,-12.820513296194136,7.114086344196034,9.540145197906064,True,66.66666666666666,86.11110527467629,85.37038030833276,0.9710155101968443,13.206092834472656,-328089.39588998095,205.88201361762214,1
2021-12-03,125.9295654296875,129.23108961698267,124.51462649227528,127.81615067957046,90621.489,9.904568076976332,1.4149340757706454,7.07469022009154,69.9082557607587,119.89250183105469,116.73247299194335,113.61960563659667,-16.666670742629066,6.233412869001127,8.72072355245279,True,66.66666666666666,81.57894052390915,84.23002120791548,1.208160163386772,15.564323425292969,-364337.99148998095,187.87862110691913,1
2021-12-06,133.00425720214844,133.94754980641898,128.28779418079566,128.75944048293093,96628.852,0.9432898033604715,4.7164601894363045,3.773167688520374,75.11257251331875,123.85432891845703,118.76055068969727,114.4214038848877,-3.846154981906691,8.950409747802546,13.139407071555551,True,83.33333333333334,95.83333165877964,87.8411258191217,1.7105262540934234,20.280776977539062,-299918.7568233138,168.69919959402696,1
2021-12-07,135.83413696289062,138.19236850738525,132.06096649169922,133.94755172729492,108949.683,5.188111244363995,4.2448187009662774,3.7731723109035613,76.8589885743604,127.53316650390624,121.0716163635254,115.45902557373047,-8.620693496763817,7.932536299590116,13.497527977108334,True,83.33333333333334,91.22806552751386,89.54677923673422,2.078000521776982,23.11065673828125,-274776.5222848522,143.30222391241773,0
2021-12-08,135.36248779296875,140.550597081201,134.41919519510833,138.6640118854802,94156.469,4.716460158185271,2.358228573815751,2.358228703409111,75.89071956496463,131.1176742553711,123.2883529663086,116.56739387512206,-17.741941463074134,5.06405851075254,11.348195774517166,False,66.66666666666666,82.25805444605885,89.77315054411746,2.1262315528373357,22.16736602783203,-339961.77005408274,119.66529571982474,1
2021-12-09,137.72071838378906,138.19236467962395,133.9475480171099,137.24907208795415,52007.908,-1.4149397975260456,-2.3582324015770553,-0.4716471779984204,77.44088877832908,133.5702331542969,125.31642990112304,118.28890228271484,-9.677425707080735,4.161709612606712,11.379520319842786,True,83.33333333333334,89.9999932941678,87.82870442258017,2.147588961019423,20.28076934814453,-299511.17494297144,92.97228058412603,0
2021-12-10,132.06097412109375,135.83414481026787,131.11768144880023,135.3624984741211,78605.247,-1.8865736138330362,-2.358219869356077,-2.829866568309683,66.28269021060848,134.79651489257813,127.34450836181641,119.6330940246582,-29.03223890702449,-0.9433905037406953,5.461393933557261,False,66.66666666666666,66.0377499951139,79.43193257844685,1.6343996990267895,20.280784606933594,-346674.3231429716,51.60396460338356,0
2021-12-13,132.06097412109375,134.89085213797435,132.06097412109375,133.47591312953404,37634.783,-1.8865853445870755,-0.9432926722935235,0.9432926722935235,66.28269021060848,134.60785827636718,129.2310935974121,120.95370368957519,-29.03223890702449,-1.6968939062225803,4.445136329535472,False,50.0,65.38462914611284,73.80745747846485,1.1705356983087327,18.86585235595703,-384309.1061429716,40.76271398489858,0
2021-12-14,125.45792388916016,133.94755783654693,125.45792388916014,132.5326188453158,77807.352,-0.9432942842182399,-0.9432943014274144,-6.603050231933608,55.23305931133059,132.5326156616211,130.03289108276368,121.59042587280274,-53.33332247328205,-5.729471695215425,-1.6635855097914172,False,33.33333333333333,34.69389163397688,55.372090258401215,0.33784520568087206,8.017974853515625,-462116.4581429713,-25.898066562477762,1
2021-12-15,130.1743927001953,130.64603905055836,125.92957554692808,126.40122189729111,47474.398,-6.131396948024687,-3.301518785988577,0.4716516577679357,60.37972602630926,131.4949966430664,131.30633544921875,122.58088340759278,-41.50941083549105,-1.4872045328701928,0.9140813021042478,True,33.33333333333333,35.29419174557857,45.1242375085561,0.03924766815885583,12.734443664550781,-424136.9397429717,-45.19273840091458,1
2021-12-16,133.00425720214844,133.94754980641898,130.64602569147203,133.00425720214844,45699.337,6.603035304857329,3.301510755860619,4.7164501445439555,63.15249657396114,130.55170440673828,132.06096878051758,123.61850471496582,-30.76925261938634,0.9546490798954673,2.0814434488955422,True,50.0,49.9999782475106,39.99602054235535,-0.02942590880552043,7.546333312988281,-404551.5096001141,6.158483752838278,0
2021-12-17,132.53262329101562,135.83414771463524,132.06097694478424,132.53262329101562,43494.088,-0.4716339111328125,1.8865979082162596,1.4149512533122106,62.35903881037321,130.64603424072266,132.72127456665038,124.72687377929688,-34.69383180534996,1.2612639885671146,0.7469430350708923,False,33.33333333333333,46.87505859191553,44.05640952833491,-0.1610144674999674,6.603057861328125,-437172.0756001139,16.11302384028287,0
2021-12-20,131.11767578125,134.41919999156923,128.75944420245054,133.00426104428956,35922.766,0.47163775327393864,-1.4149477230660068,-3.3015327423337055,59.89608867579989,130.4573745727539,132.53261642456056,125.6465835571289,-58.8235133485795,0.30065840197074856,-0.6847283648072467,False,33.33333333333333,37.49999632321287,44.79167772087967,-0.3849719137614329,-1.8865814208984375,-443159.2032667805,-47.47781105144737,1
2021-12-21,133.4759063720703,133.4759063720703,128.75944324938231,132.06096743526393,38216.909,-0.9432936090256305,-0.9432936194989168,-9.530682234526466e-07,62.583036581419236,132.06097106933595,132.29679336547852,126.68420486450195,-46.87500099625518,1.92076532452451,0.6222207106429161,True,50.0,62.96297273543759,49.112675883522,-0.41341132945135595,-2.3582305908203125,-404942.2942667805,-23.280516102365297,0
2021-12-22,132.06097412109375,133.94755946568083,132.06097412109375,133.94755946568083,21880.601,1.8865920304168924,0.471653093610513,3.301530871711435,59.95381448935319,132.43828735351562,131.966641998291,127.6274974822998,-56.24996216431869,1.925725269589907e-06,-0.38541063015586874,False,50.0,63.636351171629386,54.699773410093286,-0.557665179951135,-3.301513671875,-426822.8952667805,20.434346057202987,0
2021-12-23,131.11767578125,133.94755367580936,131.11767578125,133.47590736004946,20897.356,-0.47165210563136384,-5.789871465822216e-06,-0.94329833984375,58.176277864038475,132.06097106933595,131.30633773803712,128.31138381958007,-62.50000367678713,-0.8323436295989486,-0.8028560735900205,False,33.33333333333333,54.54539134163979,60.38157174956893,-0.7355776431450227,-6.6030426025390625,-447720.25126678054,16.786403275385986,0
2021-12-24,131.11767578125,133.94755367580936,130.1743831497302,132.53261472852967,21848.171,-0.943292631519796,0.0,-0.943292631519796,58.176277864038475,131.77798156738282,131.21200790405274,129.27825813293458,-55.55555218154403,-0.5959492249617659,-0.5366744208217389,False,16.666666666666664,54.54539134163979,57.575711284969664,-0.8633845808201972,-0.94329833984375,-458644.33676678047,7.633438654172689,1
2021-12-27,131.58932495117188,132.5326176031516,130.64603229919214,132.5326176031516,14468.049,2.8746219413733343e-06,-1.4149360726577527,0.47164914946193903,58.90134213331632,131.8723114013672,131.16484298706055,130.19796829223634,-40.9091287433654,-0.11933053291325478,0.20951791879878348,True,33.33333333333333,57.14279535159358,55.41119267829106,-0.9210191186712811,-0.471649169921875,-458644.33676678047,7.285997285678899,1
2021-12-28,135.36248779296875,136.77742668975935,132.53260999938752,133.00425629831773,49639.788,0.47163869516612067,4.244809086607745,1.8865777001953745,64.30228168783066,132.24962768554687,132.1552993774414,131.09409523010254,-12.50000924701128,2.1958416977812374,2.8673781077683382,True,50.0,82.35293316190653,64.68037328504664,-0.7188555795916152,9.904563903808594,-442097.7407667802,181.06957152353766,1
2021-12-29,135.83413696289062,138.19236850738525,135.3624906539917,136.77742958068848,31887.622,3.773173282370749,1.4149418176259019,2.8298806546041817,64.93073131530072,133.00426025390624,132.72127380371094,132.01380462646483,-18.5185268395577,2.248518997356386,2.9797350530531173,True,50.0,74.9999975617967,71.49857535843228,-0.5735098581205627,5.6597442626953125,-463356.15543344687,192.8932595779984,0
2021-12-30,134.41920471191406,136.7774363735266,133.00426571494654,136.7774363735266,33780.643,6.792838121327804e-06,-1.414932133858656,-2.358224939045158,61.39354559962475,133.66456604003906,132.8627685546875,132.46186866760254,-30.769204109032938,0.8849591979773065,1.3333356339331572,False,50.0,60.00006686928828,72.45099919766385,-0.5904857807822648,1.414947509765625,-471801.31618344685,76.02353649860626,0
2022-01-03,131.58932495117188,134.89084923310094,125.45792271330366,134.41920290711107,74894.548,-2.358233466415527,-1.886587140425661,-7.546343001642882,54.871614516791745,133.75889587402344,132.76843872070313,132.74485664367677,-51.85183291825845,-1.2971681174631615,-0.8880981300580567,False,50.0,48.14816708174155,61.04941050427552,-0.7972646673367016,-0.94329833984375,-449332.95178344706,-94.65017544467334,1
2022-01-04,132.53262329101562,133.004269637247,130.17439155985878,131.5893305985529,27130.912,-2.82987230855818,-1.8865795958539309,4.716468846555117,56.550078899519875,133.9475555419922,132.9099334716797,132.7212749481201,-44.44437793280354,-0.7651510718503632,-0.1480555541717482,True,66.66666666666666,55.55562206719645,54.56795200607544,-0.8695561446512876,1.414947509765625,-431245.6771167806,-42.6272701022787,1
2022-01-05,133.00425720214844,135.8341350149601,131.11767199360733,132.53261090001314,30923.58,0.9432803014602484,2.829865377713105,0.943280433748555,57.41399925235081,133.4759094238281,132.8627685546875,132.579780960083,-40.74077026302959,-0.5875476173033711,0.17761617817661177,True,66.66666666666666,59.259229736970404,54.3210062953028,-0.881882508210996,-0.471649169921875,-437430.3931167807,14.18418228276234,1
2022-01-06,134.89083862304688,136.3057774897222,131.1176683119127,131.58931460080447,37300.349,-0.9432962992086686,0.471642474762092,-3.6816946362705494e-06,60.813969204968274,133.28724975585936,133.1457550048828,132.55619850158692,-25.925980115073273,0.8818281369751586,1.3585290292595014,True,66.66666666666666,74.07401988492673,62.96295722969787,-0.7636690987197685,2.829864501953125,-420475.6890258717,41.07718434564164,0
2022-01-07,132.53262329101562,136.77744040709797,131.1176842523215,135.83414771463524,42279.051,4.244833113830765,0.4716629173757667,1.5940408815140472e-05,54.84323482906944,132.9099334716797,133.28724975585936,132.29679374694825,-44.44437793280354,-0.47225022852788223,-0.35460442340796794,False,50.0,55.55562206719645,62.96295722969787,-0.8389852865221954,1.414947509765625,-441615.2145258717,8.65837435754544,0
2022-01-10,128.75946044921875,133.94757057720923,127.34452132340316,131.58933870084994,54600.708,-4.2448090137853,-2.829869829888736,-3.773162928918353,46.819732544813625,132.34396057128907,133.05142822265626,132.1317180633545,-74.07395822871618,-2.615924156785603,-2.990809565287028,False,50.0,25.926041771283824,51.85189457446901,-1.120040304918854,-2.35821533203125,-472815.61909730016,-124.36843600022254,0
2022-01-11,126.4012222290039,129.70274669020924,125.92957587740315,128.28780763540695,39013.042,-3.301531065442987,-4.2448238869999955,-1.4149454460000044,42.573080487057354,131.11768035888673,132.53261795043946,131.84873046875,-92.59253578087669,-3.7701940140734322,-4.484699335951464,False,50.0,7.407464219123304,29.629709352534533,-1.4224650857794998,-5.188102722167969,-502075.4005973003,-164.25138025363086,0
2022-01-12,121.2131118774414,128.28780712320648,120.74146552772375,127.8161607734888,62042.207,-0.47164686191814553,-1.4149395670027616,-5.188110349679405,34.96231954515186,128.75945129394532,131.11768035888673,131.63648986816406,-97.29729544501309,-6.375224756339143,-7.830240990803726,False,33.33333333333333,2.9411766560217028,12.091560882142948,-1.8997841556652308,-14.149375915527344,-556362.3317223005,-183.7243802593492,0
2022-01-13,118.85487365722656,123.09969057355607,118.85487365722656,121.21310527740962,37788.272,-6.603055496079179,-5.1881165496504025,-1.8865918704971847,32.11541098270138,125.55225830078125,129.4197540283203,131.0705139160156,-100.0,-6.493509455661002,-8.88822024891551,False,16.666666666666664,0.0,3.449546958381674,-2.276775902567761,-16.979263305664062,-594150.6037223005,-171.70032679836535,1
2022-01-14,124.51464080810547,124.51464080810547,116.96829894094756,119.32653077443442,55660.478,-1.8865745029752077,1.4149502345493943,-1.886574716279,44.044686416810734,123.94866180419922,128.42929763793944,130.6460330963135,-64.44441607423309,-0.6896521928375492,-3.8834885558442895,True,16.666666666666664,38.095249509187425,13.678808721736381,-2.0542422926786665,-9.904563903808594,-538490.1257223005,-102.76961578669558,0
2022-01-17,119.79817199707031,123.57134276863158,119.7981719970703,123.09969642218641,42559.532,3.773165647751995,-0.9432980394738877,2.829873056122736,37.97763406871249,122.15640411376953,127.2501823425293,130.00931053161622,-85.7143074021739,-2.8061237358959636,-6.5603906350662795,False,16.666666666666664,14.285692597826104,17.460314035671182,-2.1251084880332662,-11.791152954101562,-581049.6577223002,-90.75270430736022,0
2022-01-18,119.79817199707031,121.68475738285095,117.43994026484451,118.38323295773483,34666.815,-4.716463464451579,-1.8865853857806343,-2.3582317322257893,37.97763406871249,120.8357940673828,125.97673721313477,129.44333534240724,-85.7143074021739,-1.61394473919196,-5.663879604296648,False,16.666666666666664,14.285692597826104,22.222211568279885,-2.070319501055863,-12.734451293945312,-577197.7893889667,-87.67677675120994,0
2022-01-19,115.5533676147461,120.74147799744898,114.13842841946348,118.3832460053113,53173.228,1.3047576473468325e-05,-0.943279385401965,-3.301511845381029,33.0948994393726,119.70384521484375,124.23164825439453,128.547208404541,-93.74999582112746,-3.6697159305571674,-8.038775827379514,False,16.666666666666664,6.250004178872552,11.607129791508259,-2.2058192314874874,-17.450889587402344,-607582.4911032524,-103.8350488860278,1
2022-01-20,116.96829223632812,117.91158491565335,114.13841419835244,115.55335321734029,28452.358,-2.829892787971019,-2.829893081795632,-1.4221111044321333e-05,36.083135234745804,119.32652893066407,122.43939361572265,127.79257431030274,-87.500001051801,-1.911670650086941,-5.941846602510497,True,33.33333333333333,14.285706992530711,11.607134589743126,-2.0872669326238156,-17.92254638671875,-593356.3121032524,-100.99578108029105,0
2022-01-21,108.95030212402344,115.55335073760062,108.95030212402344,115.0817044080594,71028.154,-0.47164880928089303,-2.358234178052726,-5.188112074328998,28.275962246904257,116.21366119384766,120.08116149902344,126.6842056274414,-100.0,-7.352946137681371,-10.95406682117424,False,33.33333333333333,0.0,6.845237057134426,-2.4129237287660965,-23.582321166992188,-664384.4661032524,-162.43390085567265,0
2022-01-24,108.47865295410156,109.8935919056768,104.23383609937585,105.64877505095109,61013.83,-9.432929357108307,-5.659758831923824,-4.716466024647588,27.888739781767683,113.9497573852539,118.05308074951172,125.55225448608398,-86.95652511446472,-5.608761042049657,-9.715413497569966,False,16.666666666666664,17.647052332940408,10.644253108490378,-2.5128413219451495,-20.280807495117188,-633877.5511032523,-164.09186027464673,0
2022-01-25,103.76219177246094,107.53536238236862,103.76219177246094,107.53536238236862,41419.217,1.8865873314175303,-2.3582295233081823,-0.4716443269149124,24.26389495258853,110.74256134033203,115.78917770385742,124.16089782714843,-100.0,-7.563028617941797,-11.882514148194986,False,16.666666666666664,0.0,5.882350777646807,-2.7311988229262996,-22.63903045654297,-675296.7681032523,-149.13915426918948,1
2022-01-26,106.59207153320312,108.00701053585627,104.70548619633227,104.70548619633227,30841.95,-2.829876186036344,0.4716481534876493,0.9432944238713361,30.201948488062555,108.95030212402344,114.32707366943359,122.72237701416016,-89.09090507232746,-3.142858658127781,-8.036624646347521,True,33.33333333333333,13.636365307446697,10.427805880129041,-2.524530698638771,-14.621040344238281,-670890.7752461095,-96.26752652687975,1
2022-02-07,116.96829223632812,116.96829223632812,108.47865812240109,108.9503044620637,56831.972,4.244818265731425,8.961281700471858,3.7731719260688124,46.86579064630057,108.95030212402344,114.13841552734375,121.77908477783203,-46.15384660077145,6.058448060412762,1.6046423450373624,True,50.0,66.66666565578753,26.767676987744746,-1.5749548656888241,-1.8865814208984375,-614058.8032461095,1.6181048252652366,1
2022-02-08,121.68475341796875,125.92957039766534,116.49664377611738,117.43993643827217,101460.51,8.489631976208472,8.96127816133722,8.017985653716295,52.49024341582472,111.4971923828125,113.85542678833008,121.14236221313476,-19.14893525060387,9.55414041905855,5.665526541118622,True,50.0,80.85106474939613,53.718031904210115,-0.567120197437589,-2.8298873901367188,-603912.7522461098,96.40514456360049,0
2022-02-09,121.68475341796875,125.45792406658795,120.74146075581396,124.04298507335575,46548.462,6.6030486350835815,-0.4716463310773946,4.24481697969658,52.49024341582472,114.13841247558594,114.04408493041993,120.6471336364746,-19.14893525060387,7.500000224667952,5.449588686503114,False,50.0,80.85106474939613,76.12293171819327,0.12469666898931608,1.8865814208984375,-631841.82944611,108.0541496555218,1
2022-02-10,124.51464080810547,125.45793354150021,121.21311624122389,124.0429944414081,44579.196,9.368052346303557e-06,9.47491226099828e-06,0.47165548540992575,55.82891806902224,118.28890228271484,114.51573181152344,120.2462345123291,-6.382935995648554,7.462692955179182,7.901912851503834,True,66.66666666666666,93.61706400435145,85.10639783438124,0.7624861093770736,4.716468811035156,-607075.60944611,108.51854013208055,0
2022-02-11,124.04298400878906,127.34450829799637,123.57133768175943,125.92956931690752,61346.198,1.88657487549942,1.8865747564961595,2.3582214405355444,55.12457850698359,121.77908477783203,115.36469345092773,119.79817085266113,-13.999999896669808,4.021091747157294,7.16468274361106,False,66.66666666666666,86.0000001033302,86.82270961902593,1.1205435322064616,8.489616394042969,-653085.2579461095,99.35271222187504,0
2022-02-14,122.62805938720703,127.8161695920504,122.62805938720702,124.04299853398248,56169.684,-1.886570782925034,0.4716612940540301,-0.9432782945524139,52.93886487188686,122.91103820800781,115.93067016601563,119.18503189086914,-21.568616399979355,0.5802784386172976,5.726880795036217,False,50.0,78.43138360002065,86.01614923590076,1.2217492898295008,5.659767150878906,-709254.9419461092,75.30605644636503,1
2022-02-15,124.51464080810547,125.45793354150021,122.628055341316,124.0429944414081,26797.529,-4.092574386049819e-06,-2.3582360505501896,-4.045891017767644e-06,55.505058542916764,123.47701568603516,117.48710403442382,118.78413276672363,-13.725500242442976,1.084878945801119,6.666672331022053,True,50.0,86.27449975755702,83.56862782030264,1.3645698156406958,15.564338684082031,-700322.4322794426,61.51648802230368,1
2022-02-16,125.9295654296875,127.81615067957046,125.45791911721676,127.34450436709972,34191.098,3.3015099256916187,2.358217138070245,2.829863775900762,57.405384268082855,124.3259780883789,119.23219528198243,118.64263801574707,-7.8432107010028815,1.6497386160165086,7.193035073799104,True,50.0,91.83665783456476,85.51418039738081,1.4927766182874083,17.450912475585938,-720837.0910794425,72.81543901793806,0
2022-02-17,125.9295654296875,128.75944330451193,125.45791911721676,126.40121174215824,42334.65,-0.9432926249414777,0.9432926249414777,0.0,57.405384268082855,124.60896301269531,121.44893264770508,118.61905517578126,-11.320756088708466,1.072548363018809,5.917349731338102,False,50.0,86.04650732496987,88.0525549723639,1.5114034862248449,22.167373657226562,-751076.1267937282,77.17328334402765,1
2022-02-18,133.4759063720703,133.94755268433912,124.51462643896312,125.45791906350073,79461.471,-0.9432926786575138,5.188109379827182,-0.9432926782536413,66.48943249229583,126.49554748535157,124.1373161315918,119.2321949005127,-1.5625001590860756,5.860344011826535,10.331378280764897,True,50.0,97.29729657779262,91.72682057910909,1.9385163778497785,26.883834838867188,-679560.8028937283,162.49038894880084,1
2022-02-21,138.6640167236328,139.1356630390193,134.89084620054075,134.89084620054075,99109.717,9.432927137040025,5.188110354680191,10.37621976157763,71.11035123354122,129.7027389526367,126.30688858032227,120.222652053833,-1.369863180027991,7.889904270381462,11.928929231131818,True,66.66666666666666,97.43589687595681,93.59323359290643,2.4443553938869504,21.695724487304688,-602475.4674492832,231.3387098521436,0
2022-02-22,134.41920471191406,138.66402170281663,127.81615605939899,137.2490827058491,118977.206,2.358236505308355,-0.4716413362026799,-7.074690141141758,63.317312429419765,131.68365173339845,127.5803337097168,120.71788024902344,-15.384602442192898,3.012049795352447,6.508875060001035,False,66.66666666666666,73.68421809513481,89.47247051629476,2.365463253864265,12.734451293945312,-576610.8574492835,105.70430091730815,1
2022-02-23,136.77743530273438,139.6073132745151,136.30578897410425,136.77743530273438,61905.765,-0.47164740311472997,0.9432915716984667,8.489632914705254,65.60198399811048,133.8532257080078,129.08960189819337,121.56684341430665,-12.24489827945883,3.202849064679329,6.978172683497467,True,66.66666666666666,83.33332361806265,84.81781286305143,2.340207993434298,15.092681884765625,-620829.2610207117,121.82066551527687,0
2022-02-24,133.4759063720703,138.6640158070271,130.64602849845753,133.4759063720703,101190.263,-3.3015289306640625,-0.9432974674879802,-5.659760475646721,59.903824755995764,135.36249389648438,129.98572845458983,122.25073013305663,-32.500025622308385,-0.23501904692134418,3.5997514487681674,False,50.0,63.88884056907928,73.63546076075892,1.9833687746747102,8.961265563964844,-650591.1030795355,59.9776676043054,1
2022-02-25,135.36248779296875,138.6640118854802,134.89084149403854,138.19236558654998,58426.818,4.71645921447967,-3.921546920082619e-06,4.2448129955810145,61.96335789805152,135.73981018066405,131.1176788330078,123.24118614196777,-23.07698169082204,-3.7575128250963266e-06,4.142720698088732,True,66.66666666666666,74.99993522539906,74.07403313751367,1.763977839812362,11.319503784179688,-694411.2165795354,72.9096264009685,1
2022-03-01,141.96554565429688,142.43719198537428,136.3057896813681,137.7207286746003,89985.622,-0.4716369119496733,3.773180099894091,1.4149481873295713,68.20000295354207,136.40011596679688,133.0514274597168,124.49104881286621,-2.3809534940982817,3.793105916684749,8.014354966176922,True,66.66666666666666,97.36842178171389,78.75239919206409,1.9392117073791546,19.337486267089844,-618269.5364256896,108.23107122642148,1
2022-03-02,142.90882873535156,145.2670602326346,140.55059723806855,141.49388983698177,75775.397,3.773161162381456,2.829868247260322,4.244807556700437,68.9923282440657,138.09804077148436,134.8908462524414,126.18897514343261,-10.416674710765912,3.9451076087512047,7.446802764264753,True,66.66666666666666,88.63636178421544,87.0015729304428,1.9869892471030735,18.394187927246094,-618269.53642569,128.69346066264563,1
2022-03-03,151.39846801757812,153.2850532888252,144.79541956821333,145.73871220383688,91383.741,4.244822366855118,8.01799305619059,4.244822330144785,75.08686357374562,141.02224731445312,137.43773651123047,128.33496589660643,-6.153848705203542,7.8991603583831855,11.814223065818616,True,83.33333333333334,93.44262328434618,93.1491356167585,2.4294371248674835,25.468902587890625,-567500.7914256898,184.2342148658761,0
2022-03-04,149.9835205078125,161.3030314895342,149.9835205078125,152.34175196233784,171683.996,6.603039758500955,8.017978200708995,5.188100939599167,72.49611177915587,144.32377014160156,139.84313201904297,130.64603233337402,-30.76923548645656,5.239929913709065,9.059726119655839,False,66.66666666666666,66.19717176856955,82.75871894571038,2.4584381068414074,24.053955078125,-739184.7874256899,167.4139937169125,0
2022-03-07,142.4371795654297,152.81339794436826,142.4371795654297,151.398459074513,134593.268,-0.943292887824839,-8.48963354516593,-7.5463409423828125,60.375902153530824,145.73870849609375,140.7392593383789,132.43828773498535,-51.28205992668238,-1.0917061568188164,2.5466845976260455,False,66.66666666666666,43.66195208787106,67.76724904692894,1.829883822381312,8.961273193359375,-873778.0554256899,56.7577334713272,0
2022-03-08,138.6640167236328,144.7954188236574,130.6460293620622,139.60730935440583,155439.766,-11.791149720107171,-8.017979120710862,-11.791150203367494,55.330266722826416,145.07840270996093,140.7392593383789,133.5230739593506,-61.53845140821061,-4.078301789951981,-0.9267052375099623,False,50.0,26.153855376890828,45.33765974444381,1.0587612262796542,0.0,-853052.7532923565,-38.99083218400414,1
2022-03-09,147.15365600585938,147.15365600585938,140.55060733892978,143.85213167239456,104500.609,4.244822317988735,2.358237182201975,9.904577976867586,62.93361256745357,145.9273681640625,142.01270446777343,134.79651908874513,-42.25349574102587,1.1891946566849856,4.289697943053455,True,50.0,53.84618813589418,41.2206652002187,1.0188733475689196,12.734451293945312,-748552.1442923564,33.74495472024698,0
2022-03-10,147.15365600585938,153.28505833943683,147.15365600585938,151.8701193393805,97075.18,8.017987666985931,6.131402333577455,6.603048666929595,62.93361256745357,145.07840576171876,143.05032653808593,136.06996421813966,-42.25349574102587,0.6993049344374802,3.769405314734181,False,33.33333333333333,53.84618683574594,44.615410116176996,0.895289047759495,10.376220703125,-845627.3242923564,72.72735548476695,1
2022-03-11,150.92681884765625,150.92681884765625,146.210355758667,146.210355758667,77417.141,-5.659763580713502,-2.35823949178058,-0.9433002471923828,65.99506016112625,145.2670654296875,144.79541778564453,137.39057312011718,-33.846141597396674,3.336920746129864,5.407630078698135,True,33.33333333333333,66.15385744916091,57.94874414026702,0.9644778388128126,17.450912475585938,-768210.1832923563,62.988508218578765,1
2022-03-14,155.17164611816406,156.58658514051814,152.81341441424058,153.28506075502528,84776.113,7.074704996358292,5.659766292861889,6.603058655573591,69.12474205920175,147.81395874023437,146.77633361816407,138.94700622558594,-19.999950331592398,5.617982040330965,7.224340554252693,True,50.0,80.000049105011,66.6666977966393,1.1787683596852165,19.809158325195312,-747016.155042356,117.94881919756212,0
2022-03-15,149.0402374267578,157.52987120423134,148.56859110578705,155.64328592034835,119569.207,2.358225165323063,0.9432860637132023,-4.244823308453533,60.36956317723624,149.8892028808594,147.48380279541016,140.2676151275635,-39.99997785754657,0.6903866883284782,2.072679554738141,False,50.0,60.00002214245343,68.71797623220846,0.8078985806759151,7.0746917724609375,-853999.1297265663,59.835654628618855,0
2022-03-16,134.89083862304688,154.22833646760955,134.4191923341551,151.39845873425892,211888.739,-4.244827186089424,-3.3015347366217895,-14.149398771631951,45.774107243801,147.43663940429687,146.6820037841797,140.78642501831055,-86.15386708936921,-8.480006349655508,-7.592896787599589,False,50.0,13.846132910630788,51.28206805269841,-0.42382749297831523,-8.017990112304688,-1055797.9287741852,-104.10564667507015,1
2022-03-17,138.1923828125,139.60732188566553,130.6460410889505,137.72073645477815,124383.133,-13.677722279480776,-14.621014581944024,-3.7731512452045877,48.917778311077925,145.644384765625,145.36139526367188,141.39956588745116,-75.38456820056957,-5.280165910928224,-5.126813102760787,True,50.0,28.070219631335704,33.97212489480665,-1.0159080966194072,-13.206085205078125,-970693.6798794484,-131.1441241349483,0
2022-03-18,133.00425720214844,137.24907392136595,132.06096459787787,136.77742761923065,65771.991,-0.9433088355474979,-2.3582479642995793,1.4149235089273589,44.4956635999828,142.05987243652345,143.66346893310546,141.75330047607423,-92.30770239607669,-7.338448274038386,-8.16825253977165,False,50.0,8.771915316014104,16.896089285993536,-1.7155089011962072,-16.979263305664062,-1012548.5832430845,-121.21216086441824,1
2022-03-21,136.3057861328125,136.77743245161116,130.64603030722859,133.00426190122187,51182.108,-3.7731657180087836,-0.47164146975478616,-1.4149342906492848,47.773216749659326,138.2867004394531,143.05032958984376,141.89479446411133,-81.53845327988365,-3.398329383633207,-5.064330323446486,True,50.0,21.05263101082745,19.298255319392425,-1.9001271432714404,-6.1313934326171875,-969240.645704623,-89.20633632459108,0
2022-03-22,134.41920471191406,137.2490827058491,134.41920471191406,135.83414370888158,29639.216,2.829881807659717,0.47165025423794305,3.773174404685477,46.07709536728548,135.36249389648438,142.62584838867187,141.68255386352538,-85.96489530029379,-2.34151665011397,-5.52485950840194,False,33.33333333333333,14.03510167740259,14.619882668081388,-2.0790486068733056,-4.24481201171875,-998879.861704623,-75.51483764741577,1
2022-03-23,135.36248779296875,136.77742668975935,133.47590259724794,135.36248779296875,27507.834,-0.47165591591283373,-0.47165601608975294,-0.9433021146661247,47.101498427160706,135.45682373046876,141.4467315673828,141.72971801757814,-82.45615913604853,-3.7575128250963266e-06,-4.46602395513728,True,50.0,17.543837965005945,17.543856884412,-2.059686167558748,-11.791168212890625,-994950.1711331944,-63.70438677276446,0
2022-03-24,132.53262329101562,135.83414771463524,132.53262329101562,134.41920867594112,33766.215,-0.9432791170276289,-0.943278975124116,-0.9432793062323128,44.34442235977319,134.3248718261719,139.98462829589843,141.5174774169922,-92.98242765602227,-1.8054704774538126,-6.124717132292245,False,50.0,7.017572343977729,12.865503995462092,-2.153157252936816,-14.62103271484375,-1028716.3861331943,-67.1505829125543,0
2022-03-25,124.98628997802734,132.06098563716097,124.98628997802734,132.06098563716097,65503.518,-2.358223038780153,-3.773162077474268,-7.546333312988281,37.89202959044378,132.72127838134764,137.39057540893555,141.09299659729004,-100.0,-5.8614467799237735,-10.29618224280393,False,33.33333333333333,0.0,8.18713676966123,-2.6085368369651474,-25.940528869628906,-1094219.9041331944,-113.47507542934858,1
2022-03-28,125.45792388916016,126.87286288039128,119.79816792423563,120.74146058505639,37343.796,-11.31952505210458,-5.188122756769687,-5.188122053791716,38.502127430234516,130.55170593261718,134.41920318603516,140.5977684020996,-84.9999987466106,-4.602511067086615,-8.77393467602944,True,50.0,16.43836264639415,7.818644996790631,-2.749248586426703,-29.713722229003906,-1071813.6265331942,-163.0336116220538,1
2022-03-29,127.34451293945312,129.7027446605541,126.40122025101273,126.40122025101273,24376.151,5.659759665956344,2.8298817801628076,6.603052326777103,41.029938308122674,129.136767578125,132.2496307373047,139.86671676635743,-79.99998844680209,-2.055621384621442,-6.059724552619654,True,50.0,38.09524137129163,18.177868005895263,-2.588791065856606,-21.695724487304688,-1082260.548390337,-87.0726574709015,0
2022-03-30,127.34451293945312,128.7594519721137,125.92957390679253,128.2878056278935,22628.748,1.8865853768807739,-0.9432926884403798,-0.47164634422020413,41.029938308122674,127.53317260742188,131.4949981689453,139.0885009765625,-79.99998844680209,-1.159242501744827,-4.4247758220272475,False,50.0,43.24326323092489,32.59228908287023,-2.3624752570967713,-7.54632568359375,-1082260.548390337,-71.35251555401227,0
2022-03-31,127.34451293945312,129.2310983163339,125.92957390679253,127.81615928367331,15435.413,-0.4716463442201899,0.47164634422020413,0.0,41.029938308122674,126.49555053710938,130.41021118164062,137.88580322265625,-78.08217230853553,-0.12330530009342269,-3.11004527777205,False,33.33333333333333,43.24326323092489,41.52725594438047,-2.101360038860454,-10.847869873046875,-1084465.607390337,-54.79082904852733,1
2022-04-01,130.6460418701172,130.6460418701172,125.9295782646978,126.40122462523973,27459.704,-1.4149346584335802,1.4149435537832744,4.35790526864821e-06,46.06663166505344,127.62750091552735,130.1743896484375,136.91892929077147,-45.23807545237273,2.719408936412788,-0.32983027248853164,True,50.0,62.16220800820728,49.5495781566857,-1.6166360281818852,-2.35821533203125,-1057005.903390337,-20.651454656280194,0
2022-04-06,125.9295654296875,127.81615067957046,125.45791911721676,127.34450436709972,30262.213,0.9432797418599819,-2.829891190546732,-0.4716591474810343,40.65510130246939,127.72182922363281,129.136767578125,136.0935485839844,-64.86489343291049,-1.1111167805095783,-3.17316851220283,False,50.0,36.11110231679628,47.17219118530949,-1.5251741227715216,-10.376220703125,-1075163.231190337,-61.58376771352535,0
2022-04-07,121.2131118774414,125.92957537461812,121.21311187744142,123.57134362602977,29730.202,-3.773160741069944,-1.8865753049523306,-4.244807239775341,36.036950336784926,126.49554901123047,127.81615829467773,135.22100334167482,-91.89186371652801,-4.283052567689489,-6.090131637676957,False,33.33333333333333,8.823557847415563,35.69895605747305,-1.6815182293982651,-13.206092834472656,-1104893.4331903374,-130.93857577366052,1
2022-04-08,127.816162109375,128.75945481866927,123.0996985629036,123.57134491755073,38354.743,1.2915209595121269e-06,2.8298794440511443,1.8865866854621771,45.493245172683245,126.58987884521484,127.06152572631837,134.25412864685057,-54.05401788112999,0.8684885448233695,-0.4286560328855959,True,33.33333333333333,65.38459897914156,36.7730863811178,-1.2587697198913592,-7.54632568359375,-1079323.6045236706,-25.028333999724744,1
2022-04-11,128.28781127929688,130.64604310428396,127.81616491429946,128.7594576442943,35852.412,5.1881127267435545,1.8865882856146925,4.716466351395866,46.11401514520886,126.77853851318359,126.63704452514648,133.31083641052246,-49.99991770960336,1.1152453018601511,0.3381539131012693,True,50.0,78.26088717056403,50.823014665707056,-0.8836410537994746,-4.24481201171875,-1103225.2125236706,97.28187447964834,0
2022-04-12,126.87287139892578,129.23110320931474,124.51463958853682,128.75945684723695,30719.4,-7.970573392412916e-07,-1.4149398949692227,-3.30152532576264,44.456994394577386,126.0239044189453,126.82570266723633,132.10813903808594,-55.8823123553347,0.061998656491857915,-0.21638060136297999,False,50.0,60.000008325925606,67.88183149187707,-0.6764081566275837,1.8865814208984375,-1103225.2125236706,6.608111055195963,1
2022-04-13,132.06097412109375,132.5326204572405,128.28780343191966,128.75944976806642,40758.497,-7.079170529777912e-06,3.301517247925773,3.7731638433828323,51.43705459640542,127.25018615722657,127.48600769042969,130.9526054382324,-3.70370327993574,3.9603937204652446,3.8961011937875525,True,50.0,95.83333204951613,78.03140918200194,-0.16234014164426425,6.603050231933594,-1071524.1593014484,164.8349360693303,0
2022-04-14,130.1743927001953,133.94756350309953,130.1743927001953,132.53262445201045,29431.867,3.7731746839440348,1.4149430458590189,1.8865892682756567,48.99456220056024,129.04244232177734,127.76899566650391,130.0093132019043,-26.666657115308222,1.9076917563651714,2.064715841975367,False,50.0,70.37037075627336,75.40123704390504,0.0659780777591441,2.8298797607421875,-1100956.0263014485,131.51922043629827,1
2022-04-15,133.4759063720703,133.94755268433912,129.23108956165112,129.23108956165112,30935.385,-3.301534890359335,-1.081876041553187e-05,-0.943303138544195,53.23404648590782,130.1743911743164,128.38213500976562,129.93856658935547,-3.7037883129486007,2.846752087208161,4.107902128912522,True,66.66666666666666,96.29621168705141,87.49997149761366,0.4341667739469499,6.1313934326171875,-1076207.7183014485,117.01604719800585,0
2022-04-18,130.1743927001953,133.4759171527365,130.1743927001953,133.00427080237347,22670.434,3.7731812407223515,-0.4716355316026011,0.943303138544195,48.80837232483611,130.55170745849608,128.66512298583984,129.53766708374025,-29.62962924372664,9.768171379386823e-07,1.3463903630488245,False,50.0,70.37037075627336,79.0123177331994,0.44834318228157133,2.8298797607421875,-1098878.1523014484,73.05340399315256,1
2022-04-19,133.4759063720703,134.41919899660792,131.58932112299513,132.06096743526393,24934.894,-0.9433033671095359,0.9432818438714037,1.414928422799818,53.065086944809615,131.872314453125,128.94810943603517,129.56124954223634,-7.14286234844361,1.8596227481111454,3.5050223585043576,True,50.0,92.8571376515564,86.50790669829372,0.6602563105966701,2.829864501953125,-1090566.5209681152,99.42846163748611,1
2022-04-20,135.36248779296875,136.30578039082917,133.94754889617815,134.89084149403854,38708.922,2.8298740587746067,1.8865813942212526,2.3582277731830175,55.37808270903953,132.5326171875,129.8914016723633,129.51408462524415,-6.250005405099074,2.1958397356098827,4.426916671682654,True,66.66666666666666,92.85713499165412,85.36154779982797,0.8931956194369304,9.43292236328125,-1082824.7365681157,120.0715932703912,1
2022-04-21,137.2490692138672,139.13565435770042,136.77742292790887,136.77742292790887,30204.327,1.886581433870333,2.829873966871247,2.829874031730725,57.65461326684989,133.9475524902344,131.49499740600587,129.65557785034179,-10.526325413435243,2.9481062364120985,5.434772330880332,True,66.66666666666666,87.09675645898308,90.93700970073121,1.1250668939106103,16.03595733642578,-1100947.3327681154,166.6666955936664,1
2022-04-22,139.1356658935547,140.55060486874336,135.3624952930515,136.3057879431773,32538.712,-0.4716349847315655,1.414950511042946,-1.4149276348573778,59.887160893281646,135.07950439453126,132.62694778442383,129.8442367553711,-7.317075568302051,3.206999526450772,5.988022194644507,True,83.33333333333334,91.17646521138856,90.3767855540086,1.34155038852899,11.319503784179688,-1086157.0091317517,136.70435809996113,0
2022-04-25,131.58932495117188,136.77743453706037,131.117678625182,135.83414188508064,55642.333,-0.4716460580966668,-3.7731703316829908,-4.244816667869486,48.686385676161976,135.36249084472655,132.95709915161132,129.7970718383789,-51.35137259073295,-2.162476040758088,-0.4164198613755018,False,66.66666666666666,26.92306106611292,68.39876091216153,0.9319949916535077,3.301513671875,-1132525.619965085,3.3755372392701175,0
2022-04-26,131.11767578125,134.41919999156923,131.11767578125,133.00426104428956,19784.091,-2.829880840791077,-2.3582345454911433,-2.8439320090001274e-06,48.073344135873256,134.8908447265625,133.38157958984374,130.10364112854003,-58.82358138512925,-2.626969156015328,-0.9795216865388839,False,66.66666666666666,16.66666962689508,44.92206530146553,0.6008862126801635,4.244804382324219,-1152309.710965085,-42.6588395204737,1
2022-04-27,132.06097412109375,132.5326204572405,125.45792541503907,126.4012180873326,36207.641,-6.603042956956969,-1.8865795343287175,-5.659750366210929,49.46176457816591,134.2305419921875,133.38157958984374,130.4337936401367,-52.941189378406214,-1.7543814508082112,-0.5034031562042348,True,66.66666666666666,43.75000957456928,29.113246755859105,0.425232626641853,0.0,-1120929.7554317517,-106.28021663586674,0
2022-04-28,130.1743927001953,133.94756350309953,130.1743927001953,133.94756350309953,24533.039,7.546345415766936,1.4149430458590189,4.7164672851562415,46.73535419335928,132.81560668945312,133.38157958984374,130.57528762817384,-68.74996716372553,-2.530894860863999,-2.127654245088004,False,50.0,31.250032836274467,30.555570679246287,0.17465788871430352,0.0,-1145462.7944317518,-62.80177081721326,1
2022-04-29,136.77743530273438,137.2490816313645,132.0609720164332,132.5326183450633,45315.784,-1.4149451580362324,3.3015181282649735,1.886579316237885,55.99652163070984,132.34396057128907,133.71173248291015,131.04693374633788,-24.999998029395073,2.4734978831230205,2.533884314363447,True,50.0,75.00000197060493,50.00001479381624,0.4316494572718026,3.3015289306640625,-1108386.2438862976,45.66221014783955,1
2022-05-03,138.1923828125,138.1923828125,135.83415102389077,137.72073645477815,28336.69,5.18811810971485,0.9433011811354959,3.7731790074575713,57.71520438486895,133.6645721435547,134.51353149414064,131.58932723999024,-15.624939650226056,3.6556651754967757,3.0782833526697155,True,50.0,84.37506034977395,63.54169838555112,0.6612259059470146,8.017990112304688,-1080049.5538862976,83.22471959555388,1
2022-05-04,142.90882873535156,144.3237676337214,140.07895093861194,140.07895093861194,46099.772,2.358214483833791,6.131384821221388,4.24479991472117,62.97391843325976,136.022802734375,135.45682373046876,132.20246658325195,-7.500003879862047,5.697667332268964,5.974928989735835,True,66.66666666666666,92.49999612013795,83.95835281350561,1.0707711600314678,9.43292236328125,-1064682.9632196312,162.00706038779512,1
2022-05-05,143.8521270751953,146.68200498487127,141.96554180207798,145.2670660300333,48537.524,5.188115091421366,2.3582373511498815,1.88659086346604,63.9520530456035,138.38103332519532,136.3057876586914,133.09859466552734,-13.3333363190851,4.750998829710194,5.780346204659511,True,83.33333333333334,86.6666636809149,87.8472400502756,1.328414367755441,8.489639282226562,-1074390.468019631,139.69575653664916,1
2022-05-06,145.26707458496094,145.738720931016,140.07896477835519,141.02225747046532,49897.132,-4.244808559567986,-0.9432840538552796,-1.8865770237227935,65.44578187800212,141.39956970214843,137.1075881958008,134.30129280090333,-6.666627851892845,4.1126789212487616,6.054524339333109,True,83.33333333333334,93.33337214810716,90.83334398305334,1.5044140560794845,8.01800537109375,-1032809.5246862974,104.42063054036092,0
2022-05-09,138.6640167236328,145.2670651390439,138.6640167236328,143.85212619288438,57719.124,2.8298687224190644,-0.47165579197209695,-1.4149480547223732,54.044881901919645,141.77688598632812,137.0604232788086,134.84368553161622,-37.777790244601164,-1.6174035338329082,1.0309257146865827,False,83.33333333333334,62.22220975539883,80.7407485281403,1.1048957384476479,-0.471649169921875,-1090528.6486862975,54.463224589379536,1
2022-05-10,140.55059814453125,141.96553705202652,134.4191962120517,134.89084251455012,46069.572,-8.961283678334269,-3.301528087017374,-4.244820511581111,56.41160455847704,142.24852905273437,137.95655059814453,135.45682487487792,-28.88891751543926,-0.7218255671503213,2.2006235252549255,True,83.33333333333334,71.11108248456074,75.55555479602225,0.9048679594632367,8.961273193359375,-1061735.1661862973,20.143789994891453,0
2022-05-11,136.3057861328125,141.49389563959775,136.3057861328125,140.07895668320177,32680.232,5.188114168651651,-0.47164141242876667,1.8865899207607981,50.08083491008509,140.92792053222655,138.4753616333008,135.92847061157227,-48.88889912949382,-3.505842675049357,-0.7157186854446977,False,66.66666666666666,37.14282433389213,56.8253721912839,0.4470091901015092,5.1881103515625,-1094415.3981862974,-3.596172832486893,0
2022-05-12,131.11767578125,139.13566314916815,131.11767578125,137.2490778861286,48166.747,-2.829878797073178,-2.3582324904296,-5.1881103515625,43.562454464838304,138.3810302734375,138.38103179931642,135.88130569458008,-73.33335305500988,-5.869075271028508,-4.467355881231128,False,50.0,0.0,36.08463560615096,-0.2096692564435232,-0.94329833984375,-1142582.1451862974,-94.31656020921565,1
2022-05-13,135.36248779296875,135.83413409189896,133.94754889617815,134.41919519510833,25901.423,-2.8298826910202592,-3.3015290572691924,2.829873114928148,49.43657005020219,136.40011291503907,138.89984130859375,136.14071044921874,-53.333371440955325,-1.8244050278173392,-1.6281114593665915,True,50.0,27.272694866484397,21.47183973345885,-0.3540749087471262,5.1880950927734375,-1129631.4336862976,-85.91078819828151,0
2022-05-16,129.7027587890625,134.890869140625,128.7594659978693,134.890869140625,50804.357,0.4716739455166703,-0.9432649512739602,-5.188082898308835,42.93638679137936,134.607861328125,138.19237365722657,135.95205307006836,-94.73683504397845,-4.125493843131086,-5.6063939021536555,False,33.33333333333333,5.263164956021551,10.845286607501992,-0.801105575544969,-7.074676513671875,-1164803.6808401437,-142.68452175443556,0
2022-05-17,127.816162109375,131.5893329465521,127.34451575472785,130.1743938826107,32662.455,-4.716475258014299,-3.301536194072895,-1.4149502431414618,40.977132429415214,132.06097412109375,137.15475158691407,135.83414154052736,-97.56097418318433,-4.240277730356706,-6.84617078394783,False,33.33333333333333,2.4390258168156755,11.658295213107218,-1.1717632805101426,-10.376220703125,-1190207.8125068103,-133.4765813187814,1
2022-05-18,129.7027587890625,130.6460515802557,129.2311123934659,129.7027587890625,20390.631,-0.4716350935482012,-0.9432813662964179,1.8865966387380553,43.775958735292875,130.74036865234376,135.83414459228516,135.64548416137694,-87.80481268137643,-1.4925269353655526,-5.063278768774907,True,33.33333333333333,12.820575891882765,6.84092222157334,-1.2316543323443803,-13.206069946289062,-1197004.6895068104,-93.42237408602605,0
2022-05-19,128.28781127929688,128.7594576442943,122.6280548993279,126.40122581930723,52910.297,-3.3015329697552716,-1.8865939359614003,-6.603057494138,42.14098729003428,130.1743957519531,134.2777130126953,135.29175033569337,-76.47057402280663,-1.568152058537399,-5.528213876272207,False,33.33333333333333,25.000016873705746,13.419872860801405,-1.3015129264444938,-15.564315795898438,-1152234.438199118,-116.83623601035804,0
2022-05-20,127.34451293945312,130.6460373489945,126.87286659523292,129.2310983163339,28549.05,2.8298724970266846,1.8865797047002104,4.244811695905014,41.026597040714506,128.57080078125,132.48545684814454,134.79652252197266,-80.39216834095015,-1.818184812764006,-5.318526016729066,False,33.33333333333333,24.390238619907503,20.73694379516535,-1.340890920600548,-17.922561645507812,-1173646.2256991179,-77.15369665871353,1
2022-05-23,135.83413696289062,138.66401481628418,129.7027349472046,130.17438125610352,74971.93,0.9432829397696025,8.017977467289683,2.829868351971669,53.182089814493494,129.7970764160156,132.2024688720703,134.63144607543944,-42.85719829339726,4.663828688551478,1.497791148704711,True,33.33333333333333,69.99996578670273,39.796740426772004,-0.7540567758559328,-2.8298797607421875,-1146024.9883306967,40.93561108971609,0
2022-05-24,133.9475555419922,138.19237244297082,133.9475555419922,137.24907979830888,37327.597,7.074698542205368,-0.4716423733133581,4.244820594787598,50.651152608916775,131.02335510253906,131.54216461181642,134.74935760498047,-50.000019776455176,2.650596830542363,0.7985774454734678,False,33.33333333333333,68.5714155033563,54.32053996998886,-0.46595435258591644,-6.6030426025390625,-1183352.5853306968,66.0163141262945,1
2022-05-25,134.89083862304688,137.72071635639753,133.47589975637158,136.3057774897222,27564.892,-0.9433023085866807,-0.47165608657329017,-0.4716557856206123,51.89973860626447,132.06097106933595,131.40066986083986,134.93801574707032,-36.58541672134056,2.447750788287513,1.7491750792496559,True,50.0,76.47053115138068,71.68063748047992,-0.19853664437791174,-1.414947509765625,-1192540.8826640304,78.01410125038757,0
2022-05-26,133.9475555419922,136.77743347597794,133.00426289733028,136.30578715364697,18652.718,9.663924771530219e-06,-0.9432828804195879,-0.47163685904129693,50.505713741236036,133.192919921875,131.68365783691405,135.03234481811523,-40.000020150162825,1.1876479358403078,1.4587646998009225,False,33.33333333333333,70.58823233085751,71.87672632853152,-0.0780459329232272,2.8298797607421875,-1201867.2416640306,56.99487942634867,1
2022-05-27,136.3057861328125,137.24907877040982,134.41920085761785,136.3057861328125,23139.628,-1.0208344747297815e-06,0.4716452944318803,1.414937960287574,53.88395157220227,134.98517456054688,131.77798767089843,135.3389144897461,-17.142865117259124,1.9400355953920447,3.2450097839592686,True,50.0,85.29412211252716,77.4509618649218,0.15491023328882308,0.94329833984375,-1194154.0323306972,83.41716880822419,0
2022-05-30,135.83413696289062,137.72072219848633,135.83413696289062,137.2490758895874,23696.416,0.9432897567749023,0.4716434280765043,1.4149361052727727,53.09328008355319,134.98517456054688,132.39112548828126,135.2917495727539,-17.64707487452166,0.5235596182088194,2.582363052695622,False,50.0,82.35292512547834,79.41175985628769,0.2651962335780063,6.131378173828125,-1217850.4483306971,76.32401452916113,0
2022-05-31,132.53262329101562,137.72073309956073,132.53262329101562,136.77744040709797,34560.801,-0.47163548248943243,1.0901074404046085e-05,-3.301513671875,47.74352712097919,134.70218811035156,132.8627716064453,135.00876159667968,-38.23526347671448,-1.5186856546782166,0.2676198045235453,False,33.33333333333333,61.76473652328553,76.47059458709701,0.1116137987134238,4.716461181640625,-1252411.249330697,25.258061394395664,1
2022-06-01,136.3057861328125,136.77743245161116,133.00426190122187,133.47590822002053,25381.428,-3.3015321870774414,-0.9433006479495702,0.47163861020624154,53.57558255801134,134.98517761230468,133.5230743408203,134.67860946655273,-14.705877887472834,0.9900993457039091,2.694696489281207,True,50.0,80.00000814796451,74.7058899322428,0.25192972263789903,6.60302734375,-1233375.1783306971,44.27737822858117,0
2022-06-02,136.3057861328125,136.77743245161116,134.41920085761785,135.36249349521518,14272.495,1.8865852751946477,0.0,1.4149389563959858,53.57558255801134,135.45682373046876,134.3248718261719,134.3012924194336,-14.705877887472834,0.8139527600542527,2.150218615955823,False,33.33333333333333,73.68424245281503,71.81632904135503,0.32773121493567214,8.017974853515625,-1224811.6813306971,59.82918060167239,0
2022-06-06,135.36248779296875,139.60730448334058,135.36248779296875,137.72071928761977,28757.886,2.358225792404596,2.8298720317294226,0.9432869353508977,51.85378281814333,135.2681640625,135.12666931152344,133.806063079834,-25.00002529186372,-0.058042411517993824,1.0859945767216614,False,33.33333333333333,39.999887274399484,64.56137929172634,0.29817660979580674,8.017974853515625,-1253569.567330697,136.96339467722044,1
2022-06-07,136.3057861328125,137.24907877040982,134.89084717641651,135.83413981401384,13035.128,-1.8865794736059343,-2.3582257129307607,-0.47164061655223577,53.484584683822455,135.36249389648438,135.17383422851563,133.68815155029296,-25.925905639001783,0.6384214627138343,1.2850469409043492,True,33.33333333333333,53.333326820298694,55.67248551583774,0.3238547329621072,0.471649169921875,-1250962.541730697,56.666833860961475,1
2022-06-08,137.2490692138672,138.1923617857838,135.83413035599227,137.2490692138672,18960.191,1.4149293998533494,0.9432830153739644,0.9432831795757579,55.14210718829086,136.3057830810547,135.5039855957031,133.52307510375977,-23.8095685114792,1.1587424461817293,1.3642902585503023,True,50.0,66.66655068454882,53.33325492641567,0.38206646632170543,3.301513671875,-1247170.503530697,121.34455919165465,0
2022-06-09,132.06097412109375,133.94755946568083,131.589327784947,132.06097412109375,45914.854,-5.1880950927734375,-4.244802320102963,-4.244802571045284,45.42914795699473,135.45682067871093,135.22099914550782,133.31083450317382,-94.11763897690977,-2.6086908248282494,-2.240321540624445,False,50.0,5.88236102309023,41.96074617597926,0.06545704321947787,-2.829864501953125,-1274719.4159306972,-187.50021371826935,0
2022-06-10,131.11767578125,132.06096841276977,129.23109051821044,130.6460294654901,22272.366,-1.414944655603648,-1.8865910529110579,-2.358237266736552,43.8955265089487,134.41919860839843,134.9380111694336,133.31083450317382,-81.81817308914852,-2.683779903286588,-2.768871837896817,False,33.33333333333333,18.181826910851488,30.243579539496853,-0.19874200781853535,-2.8298797607421875,-1267295.293930697,-185.185521135848,0
2022-06-13,123.09969329833984,126.87286397415102,122.62804696386344,126.40121763967463,44029.32,-4.244811825815475,-5.188104438618751,-6.603043554346996,33.43067038942202,131.96663970947264,133.61740188598634,132.69769477844238,-97.22222050089428,-7.117433799316412,-8.044623997911597,False,33.33333333333333,2.7777794991057267,8.94732247768249,-0.8672783432019038,-13.206092834472656,-1301540.3205973636,-227.10626581424617,1
2022-06-14,124.04298400878906,124.51463033581867,121.21310604661136,121.68475237364098,42198.541,-4.7164652660336515,-2.358233638332351,-1.414940917252082,35.407035733172975,129.51407928466796,132.43828659057618,132.41470603942872,-84.61537765882176,-5.054150053931501,-6.765138690162285,True,50.0,15.384622341178247,12.114742917045163,-1.1803354528847085,-11.791152954101562,-1271398.5055973632,-158.4264111601398,0
2022-06-15,120.7414779663086,124.98629555106163,120.7414779663086,124.04300275444984,34874.832,2.358250380808869,0.47166521524296456,-0.4716280803027644,31.802052147581847,126.21256103515626,131.25917205810546,132.06097183227538,-100.0,-5.709010631475911,-8.35320768003419,False,33.33333333333333,0.0,6.0541339467613335,-1.5223768885818485,-11.791145324707031,-1306273.3375973632,-122.24974077528982,0
2022-06-16,112.72348022460938,123.09970016160271,112.25183386383695,122.62805380083029,77603.788,-1.4149489536195574,-1.8865953894589182,-8.489644102471644,25.04598162847033,122.34506225585938,128.90094146728515,131.21200790405274,-98.27586091523443,-9.067847226630105,-13.1698397127032,False,16.666666666666664,1.7241390847655724,5.702920475314616,-2.1621804378344356,-23.582305908203125,-1377128.9701191024,-138.91597197014582,0
2022-06-17,112.72348022460938,114.13841930692665,109.89360205997482,111.78018750306452,57691.048,-10.847866297765762,-8.961280854676062,-2.3582318038621253,25.04598162847033,118.66622314453124,126.54271087646484,130.43379135131835,-90.47618460899292,-6.640622597544995,-12.051512138225114,False,16.666666666666664,10.000007746112109,3.9080489436259036,-2.438458021023279,-23.582305908203125,-1357898.620785769,-131.38893415074796,0
2022-06-20,103.2905502319336,113.19512354184502,102.34725753575155,113.19512354184502,84319.936,1.4149360387804961,-0.9432957650816292,-7.546344524223272,19.304179934088893,114.70439453125,123.33551712036133,129.2310932159424,-97.46835344166661,-11.035884802354065,-17.643369158502498,False,16.666666666666664,2.631580283885471,4.785242371587727,-3.0688314599227047,-32.071937561035156,-1427554.2200901168,-146.82238680485773,1
2022-06-21,103.76219177246094,106.59206972989169,102.34725279374557,105.64877707741478,53628.255,-7.546346464430243,-6.60305381195333,-4.74200598432617e-06,20.300773857505206,110.64823608398437,120.08115768432617,127.6274959564209,-96.202530821742,-8.077999851080833,-15.438822431477117,True,33.33333333333333,4.477611541574055,5.703066523857221,-3.2490189998731003,-32.54359436035156,-1445430.305090117,-124.03378031240872,0
2022-06-22,96.21585083007812,103.76219207165288,95.27255817488127,103.76219207165288,104812.69,-1.8865850057619014,-2.8298776582388143,-7.074694618864299,16.700676856483355,105.74311065673828,115.97783584594727,125.7409107208252,-97.80219717744178,-11.111116332152463,-19.447187936503976,False,16.666666666666664,2.5641027951388784,3.2244315401994785,-3.6418767504030356,-41.03321838378906,-1526951.286201228,-129.50194491987753,0
2022-06-23,90.65042114257812,97.63078655834377,90.65042114257812,96.68749393459166,85582.41,-7.074698137061219,-6.1314055133091045,-4.622137032303144,14.615402393742045,101.32849884033203,111.8367805480957,123.52888984680176,-100.0,-12.183983409922378,-21.609683786540003,False,16.666666666666664,0.0,2.3472381122376547,-4.012720114061318,-41.410552978515625,-1612533.6962012278,-130.89458106555995,1
2022-06-24,93.10298156738281,96.68749352235804,92.06535968567947,93.29164009132889,56173.73,-3.3958538432627705,-0.9432930359857323,1.4149385431013428,19.450461473392195,97.40439910888672,108.03531112670899,121.48666114807129,-94.3355138011603,-6.857506730168985,-16.84336678158378,True,33.33333333333333,7.142851222098842,3.2356513390792503,-3.8294898662952335,-38.01469421386719,-1643486.5678338811,-100.77042326325214,1
2022-06-27,102.34725952148438,102.34725952148438,96.21585687734014,96.21585687734014,70700.304,2.9242167860112573,5.659765999126336,4.150497191660676,34.663613372762185,97.21574096679687,105.96006774902344,119.78873481750489,-71.75396330169747,4.193347693412355,-6.519238530452,True,50.0,34.06594001292206,13.736263745006978,-2.8664225173788624,-20.75243377685547,-1572786.2638338811,-48.68266507886129,0
2022-06-28,102.34725952148438,103.76219859320996,98.57408866354946,101.40396680700064,105185.243,5.188109929660499,1.414939071725584,2.3582317862093163,34.663613372762185,96.93275451660156,103.79049530029297,118.11439094543456,-67.70831157552182,4.360377401350987,-4.426335235412387,False,50.0,36.04652778894886,25.75177300798993,-2.04846902921739,-21.695724487304688,-1524974.7897429718,-28.96722110213674,0
2022-06-29,100.65087890625,108.22796754301264,100.65087890625,105.73996828915028,139126.565,4.336001482149641,4.46576894980268,2.0767902427005396,33.290507609964806,97.81976013183593,101.78143539428712,116.52030372619629,-70.87460874099358,3.176175737432981,-4.33932523555672,False,33.33333333333333,42.57688413332372,37.56311731173156,-1.4679387436374807,-20.090599060058594,-1664101.3547429717,3.1537203866393786,0
2022-06-30,95.67488861083984,100.31161489103421,95.56179772595705,100.19852400615142,66132.303,-5.541444282998867,-7.916352651978428,-5.0890811802929505,29.545396056109468,98.82465362548828,100.07657623291016,114.48875885009765,-85.36671177064795,-1.83393299010559,-6.978602603057174,False,33.33333333333333,22.286687929068,33.636699950446875,-1.2726043773272,-17.04859161376953,-1727084.5004572573,-57.4683408654737,0
2022-07-01,90.24652099609375,98.04979160853794,90.13343011765252,96.57961018880208,74497.432,-3.6189138173493376,-2.261823282496266,-5.4283676083045265,26.056849432660897,98.25336151123047,97.8288803100586,112.18579559326172,-99.65694972985887,-7.339644168002265,-10.03355680323961,False,33.33333333333333,0.6250001079481935,21.829524056779984,-1.354912241873592,-22.476959228515625,-1799453.4344001142,-104.09685874038357,1
2022-07-04,93.29998016357422,93.75234370376124,89.56798095703125,91.03816246263908,51253.53,-5.541447726163,-4.297447904776703,-0.5654491606212702,31.052420767050393,96.44390563964843,96.82982330322265,110.08267021179199,-84.81101902457978,-4.236796762760305,-5.464141807942412,True,33.33333333333333,20.00001012512351,14.303899387379909,-1.062547674412679,-9.990570068359375,-1759281.7487244385,-94.65444843988035,1
2022-07-05,99.18070220947266,102.34724686382297,92.73452202025949,96.35343019665987,77993.691,5.315267734020793,8.594903160061733,3.1665410632282374,39.62257949541732,95.81059417724609,96.37167434692383,108.226416015625,-59.314922581370745,2.353625288301827,1.6569394129871087,True,33.33333333333333,51.515156284534065,24.046722172535265,-0.3678208459363379,-4.581489562988281,-1732672.136500909,20.829922943060154,0
2022-07-06,97.031982421875,101.44252707741478,96.80580064466784,97.7105277534965,57248.814,1.357097556836635,-0.9047197864081937,4.07127862440835,37.75211765646998,95.0868148803711,96.45328750610352,106.21556167602539,-59.99996339519773,1.0600765022721135,-0.010916909334722346,False,33.33333333333333,40.00003660480227,37.17173433815329,0.031098242898586648,0.816131591796875,-1784335.7003545677,27.731076113273968,1
2022-07-07,99.97233581542969,100.99015371400307,96.35342773161322,98.16288177352146,50181.764,0.4523540200249556,-0.4523733634117093,-0.45237291305461724,41.850040976837434,95.94630432128906,97.38547897338867,104.61112976074219,-44.242431201880535,4.245278509509232,3.3554115078563096,True,50.0,55.757568798119465,49.09092056248528,0.5484006556874377,9.321914672851562,-1756184.9546960313,32.57260124720398,1
2022-07-08,104.83524322509766,107.09706077040721,104.1566979615048,104.38287971603575,69465.264,6.219997942514283,6.10690705640414,7.803270229891581,48.02353480426415,98.86404876708984,98.55870513916015,103.29700813293456,-18.18181541707978,7.603014265077275,7.583973024156308,True,66.66666666666666,81.81818458292022,59.19192999528067,1.234228585031639,11.732261657714844,-1793589.3276191088,141.59235505400486,0
2022-07-11,104.38288879394531,106.1923429875565,103.59125258424042,105.626888552053,34001.041,1.244008836017258,-0.9047177828507103,-0.5654453772643819,47.51167228352512,101.08063049316407,98.76226806640625,102.36116790771484,-20.6060102527405,4.60899544872743,5.876370128681965,False,66.66666666666666,79.3939897472595,72.32324770943308,1.6477121600733966,2.0356292724609375,-1806894.082793022,102.40390382307558,0
2022-07-12,97.37125396728516,101.32943502286585,94.99634533393673,100.76398058635432,57505.202,-4.862907965698682,-4.862907964690649,-8.594907250303692,40.256266545752624,100.71874084472657,98.26466751098633,101.02758140563965,-58.18178660366114,-3.0769193966188824,-1.5906250569269162,False,50.0,44.516158824831415,68.5761110516704,1.446466657295412,-4.976005554199219,-1821270.383293022,-19.85011088457429,1
2022-07-13,98.50215911865234,102.23415825862425,98.50215911865234,101.55561296044753,40093.907,0.7916323740932114,0.9047232357583965,3.5058137847156132,41.819536629750665,101.01277618408203,98.04979553222657,99.91561546325684,-52.12119729853914,-1.840721603508278,-0.12422384272630235,True,50.0,50.96775333753496,58.292633969875304,1.3868115884568581,-2.1487197875976562,-1861364.2902930218,26.98088671150833,1
2022-07-14,102.46033477783203,102.79960740954671,98.95451758344704,99.06760846068528,40234.027,-2.488004499762255,0.5654491509224613,0.452358464794699,47.10423277128262,101.5103759765625,98.72834014892578,99.40245819091797,-30.909093844224056,1.1913587609724214,3.8792237784185786,True,66.66666666666666,73.54837765621319,56.3440966061932,1.5962988524887987,6.7854461669921875,-1828230.3857047865,52.357654030400425,0
2022-07-15,100.99015808105469,102.68652131869838,100.76397631603552,102.46033955367922,29728.232,3.392731092993941,-0.1130860908483271,1.8094587325884817,45.43210768541429,100.74135894775391,99.80270385742188,98.81579208374023,-34.838695210301424,-0.4274297115515751,2.359346712639121,False,50.0,57.480339683750465,60.665490225832876,1.6134345943494957,10.743637084960938,-1850963.7395871393,40.118336373732376,0
2022-07-18,100.99015808105469,103.1388848487367,100.76397631603552,101.66870337611216,19967.51,-0.7916361775670566,0.452363530038312,0.0,45.43210768541429,100.06281280517578,100.57172164916992,98.70077247619629,-34.838695210301424,0.20572216557449194,1.9018640681275407,False,33.33333333333333,49.53271381833456,60.18714371943275,1.5992557430603807,7.690177917480469,-1867127.914349044,26.38399718334834,1
2022-07-19,103.59124755859375,105.40070166442072,101.89488433438098,101.89488433438098,44361.794,0.22618095826881301,2.2618168156840284,1.1309080183454512,49.22704126759169,101.3068115234375,101.01277618408203,98.69222526550293,-19.999984306867443,2.9213476729989107,3.366559305653595,True,50.0,71.02805011638195,59.347034539488995,1.728543216766103,4.410545349121094,-1868558.9399619473,74.88282082350378,0
2022-07-20,101.44251251220703,105.40069304501333,100.99014902274345,105.17451130028154,36883.745,3.2796269659005617,-8.619407395826784e-06,-0.9047353116375234,46.32377367060019,101.89488220214844,101.45382919311524,98.95355834960938,-39.37011663862019,0.11160050850367849,0.5417442323777244,False,50.0,53.27095916033299,57.94390769834985,1.6339127362647936,4.410530090332031,-1897876.7885516908,30.573332091841163,1
2022-07-21,105.17451477050781,105.17451477050781,102.3472428680748,102.3472428680748,37321.696,-2.8272684322067363,-0.2261782745055143,1.3570938453313488,51.71897221269571,102.43771820068359,101.97404708862305,99.67976303100586,-15.887870514705401,2.6678909136551416,3.7271076505061824,True,50.0,90.90899937157798,71.73600288276431,1.7754664049135185,5.202178955078125,-1860555.0925516908,71.0381611877382,1
2022-07-22,106.53160095214844,108.22796402463489,104.835237879662,106.19232833765115,36847.176,3.845085469576347,3.0534492541270737,2.487995011587202,53.57026763579529,103.54600677490234,102.14368286132813,100.35119400024413,-12.82052568276468,3.3083474603644754,4.251583407562527,True,50.0,87.17947431723532,77.11981094971544,1.9020270025330568,1.6963577270507812,-1860555.092551691,141.16879499021502,0
2022-07-25,104.15669250488281,106.07923731767653,102.68651117745233,106.07923731767653,30048.212,-0.11309101997461823,-2.1487267069583567,-2.1487267022096717,49.916261464594406,104.17931365966797,102.12106323242188,100.44166564941406,-30.769262740424818,0.49099434356466864,1.5808754053075347,False,50.0,58.139490159341456,78.7426546160516,1.7700534351607278,-0.2261962890625,-1864561.5208183578,68.24136907945908,0
2022-07-26,103.70433807373047,105.40070129194852,102.34724749915603,103.47815631130139,20682.157,-2.6010810063751393,-0.6785360257280075,-0.3392636782963052,49.218678372417884,104.20193176269531,102.7543716430664,100.50951957702637,-34.18800115578098,-0.38022326023856295,1.2327523048671891,False,50.0,51.21958185025132,65.51284877560938,1.6016125303361108,6.3330841064453125,-1866859.5382628022,37.42988364462807,1
2022-07-27,106.30542755126953,106.53160931201691,104.15670082416939,104.2697917045431,24470.31,0.7916353932417053,1.1309080200683894,1.809453325013365,53.311552008927244,105.17451477050781,103.53469848632812,100.79224700927735,-14.529866060279536,1.676586323440632,3.609811268562879,True,50.0,74.24250215269815,61.200524720763646,1.6103578133738545,7.8032684326171875,-1847050.2396913737,101.6524722001246,0
2022-07-28,104.04360961914062,107.21015425972317,103.7043369790782,106.98397249968156,27870.665,2.7141807951384607,0.6785449477062571,-0.45236384509118466,49.52503396647831,104.94833374023438,103.69302597045899,101.21068305969239,-43.02321963008305,-0.8976631979308654,0.8587627480400588,False,50.0,43.9394252930855,56.467169765345005,1.4156918026639138,1.5832748413085938,-1869526.5824333092,58.25845046959042,1
2022-07-29,108.00180053710938,109.47198211510144,106.07925539665821,106.19234628727298,49026.75,-0.7916262124085733,2.2618278553782716,2.3749184175800053,55.55199805375013,105.24237365722657,104.39419021606446,102.09844703674317,-13.9784790675287,2.4128789512050357,3.8984694487430938,True,50.0,82.66669996941253,66.94954247173207,1.497456033471439,7.0116424560546875,-1862989.6824333093,159.95685465500472,1
2022-08-01,109.24578857421875,109.47197033110119,106.87088012695312,108.4541524251302,23704.86,2.2618061378572207,-1.1784000250258941e-05,0.7916247302949131,57.30006402615933,106.26019287109375,105.21975326538086,102.89573745727539,-2.597535487481568,3.150024925950317,4.526599965730987,True,50.0,97.33319981164817,74.64644169138207,1.5715680760423782,8.255630493164062,-1843407.4067811354,143.20612712441053,0
2022-08-02,105.51378631591797,107.43633118984144,105.17451369110793,107.43633118984144,36479.588,-1.0178212352887641,-2.0356391412597503,-1.6963664358451922,50.765874828562175,106.62208251953125,105.41200714111328,103.21239166259765,-45.45467573767643,-0.5860468483093813,0.5929887964954939,False,50.0,44.444341582952084,74.8147471213376,1.3158608021649312,1.9225387573242188,-1868943.118381135,26.563694608236077,0
2022-08-03,105.40070343017578,107.09706668280737,104.83524901263192,106.75779403228104,22490.75,-0.6785371575603989,-0.3392645070340734,-0.33926467847601316,50.57523306951435,106.4411376953125,105.80782623291016,103.63082771301269,-47.99998585911604,-0.9564274283536706,0.13430469603034836,False,50.0,42.85711813301804,61.5448865092061,1.0947856351942822,3.95819091796875,-1880188.493381135,0.21461097409861304,1
2022-08-04,106.30542755126953,106.41851843164322,104.0436099437957,105.40070050828,23928.064,-1.3570935240010442,-0.6785482511641447,-0.7916390688362185,52.143762110804666,106.89350128173828,105.92091751098633,103.94748229980469,-37.333375101249395,-0.10627077637051476,0.7772732310375182,True,50.0,55.55547350851434,47.618977741494824,0.9694651549379594,1.1309127807617188,-1858539.2926192302,-20.094501883315957,1
2022-08-05,112.1861572265625,112.29924811086347,108.45415804463049,108.7934306975334,49396.269,3.392730189253399,5.880729679220252,4.410548100834788,60.93482382910187,107.73037261962891,106.48637313842774,104.31502799987793,-1.136362788624135,4.092342039068338,5.457127141902558,True,66.66666666666666,98.86363668257883,65.75874277470375,1.2260788063168735,5.6545562744140625,-1812048.6865015833,185.82452111495545,1
2022-08-08,114.22179412841797,115.35270298117459,109.69815871739152,111.05524934069945,44500.183,2.261818643166052,3.053454870311114,1.2440006727610324,63.468919200297144,108.72557373046875,107.49288330078124,104.80697326660156,-8.69564971653797,4.971422446698897,6.615064572920297,True,66.66666666666666,90.29126615223898,81.57012544777739,1.4604499408990332,10.065101623535156,-1785348.5767015833,169.50255911236366,1
2022-08-09,118.74542236328125,119.87633114769345,113.09087844122023,114.22178722563244,51986.71,3.1665378849329926,4.523628166518861,3.392719723828705,68.4330275445136,111.37190093994141,108.99699172973632,105.87568168640136,-6.451613826981531,7.563596516285355,9.794351158864927,True,66.66666666666666,93.0069923806494,94.0539650718224,1.824042908344604,15.041084289550781,-1750690.7700349167,185.2925889689883,0
2022-08-10,116.48360443115234,119.87633077380727,115.91815004070986,117.61451321203732,38486.643,3.3927259864048835,-3.738861806823479e-07,2.8272715994896345,63.710757722720714,113.58848114013672,110.0148094177246,106.77475395202637,-19.354843553525885,3.7957643153199037,6.6896819124384805,False,66.66666666666666,78.57142387054809,87.28989413447881,1.8123807879316207,10.178176879882812,-1778181.2293206311,129.66495116053014,0
2022-08-11,116.48360443115234,120.44178516424975,115.91815004070986,118.74542199292229,37829.041,1.1309087808849654,0.5654543904424827,0.0,63.71075772272072,115.62411651611328,111.25880889892578,107.47591743469238,-23.648651152235605,2.1150009264390413,5.659084285546342,False,66.66666666666666,75.86206587084018,82.48016070734589,1.7063405499575461,12.439994812011719,-1806553.0100706313,103.23072578000804,1
2022-08-12,117.61451721191406,118.17997162158672,115.91815398289607,117.0490628022414,19838.119,-1.6963591906808944,-2.2618135426630346,3.942186211247645e-06,65.1420726344108,116.7097885131836,112.22008056640625,108.30713539123535,-16.891869782399038,1.4304299843392057,5.780641519394304,True,66.66666666666666,82.75864287137796,79.06404420425541,1.6149878571811436,9.612716674804688,-1796633.950570631,77.11773607548201,0
2022-08-15,112.52543640136719,116.48361758131477,112.52543640136719,115.91816312703655,47379.06,-1.1308996752048444,-1.6963540402719417,-3.392717581528885,54.575099001265706,116.37051696777344,112.5480453491211,108.88389930725097,-48.27579079047899,-3.005678874450479,0.564313395822184,False,50.0,51.724209209521014,70.11497265057973,1.1370035483349814,3.2796478271484375,-1844013.0105706311,21.052159343004643,0
2022-08-16,109.81124114990234,113.09087657044526,109.81124114990234,111.9599678047408,31626.611,-3.958195322295751,-3.392741010869514,-2.7141952514648438,49.86851526716778,114.58368072509765,112.97779083251953,109.19489898681641,-64.82760350729474,-4.741664643581925,-1.9934430799510394,False,33.33333333333333,35.17239649270525,56.55174952453475,0.5907109472728567,4.297454833984375,-1875639.6215706312,-36.962179734776925,1
2022-08-17,111.1683349609375,113.09087991957018,110.82906232117878,110.82906232117878,30623.702,-1.1309054835620174,3.349124924056923e-06,1.017821171276438,52.1207613372301,113.52062683105468,113.5545539855957,109.68119010925292,-56.55172041182445,-2.496281225402439,-0.9239048911446344,True,33.33333333333333,22.641486002387566,36.51269723487128,0.28871539981244276,5.767631530761719,-1897076.212970631,-40.00002996013578,0
2022-08-18,110.60287475585938,112.41232873959531,110.26360213390889,110.71596562984287,17526.966,-0.11309669133591171,-0.6785511799748747,-0.5654601872698919,51.07768236368516,112.3444808959961,113.98429870605469,109.95260810852051,-60.00003217503092,-2.1510809671826716,-1.7990186702873674,False,33.33333333333333,8.4209558377974,22.078279444296744,0.03232067168215469,4.297447204589844,-1909068.34760221,-77.03425367990974,1
2022-08-19,110.82906341552734,111.84688134485361,110.37669989138233,111.62069958278111,14449.179,0.9047339529382441,-0.565447394741696,0.1130977574734402,51.50122250113018,110.98739013671874,113.84858932495118,110.16748123168945,-58.62067955422323,-1.1266182238889972,-1.9918323980076351,True,50.0,9.574507798013972,13.545649879399653,-0.1316041952424849,-1.3570938110351562,-1914625.7241406715,-79.14501997455703,0
2022-08-22,108.5672378540039,109.4719648361206,106.75778388977051,108.90651047229767,20899.2,-2.7141891104834457,-2.3749165087330084,-3.6189160016118223,47.05706699956192,110.1957504272461,113.28313369750977,110.38800849914551,-86.7768649831388,-1.823765640461891,-4.151765959573052,False,33.33333333333333,13.223135016861205,10.406199550890863,-0.387456834764939,-5.6545562744140625,-1907659.3241406716,-117.7833389499419,0
2022-08-23,107.54942321777344,108.68033197926422,106.87087796087897,106.98396883702804,15534.73,-1.9225416352696243,-0.7916328568563813,0.11309407110846337,45.14467725634048,109.7433868408203,112.16353378295898,110.58026275634765,-94.21485490885372,-2.0092740967765534,-4.725332571078688,False,33.33333333333333,5.785145091146275,9.527595968673822,-0.6072428395578575,-11.195999145507812,-1911543.0066406718,-107.766323863654,0
2022-08-24,104.15669250488281,108.22796387315185,104.15669250488281,107.54941864510701,26104.063,0.5654498080789665,-0.4523681061123739,-2.7141854559961587,39.33210924843857,108.34105834960937,110.93084259033203,110.47282600402832,-100.0,-4.278541901055949,-7.0401268814962945,False,33.33333333333333,0.0,6.336093369335831,-0.9430789973902407,-12.326911926269531,-1937647.0696406718,-137.94602426338454,1
2022-08-25,105.40070343017578,106.75779403228104,104.72215812912314,105.287612546667,15988.163,-2.2618060984400046,-1.4701698408708097,0.565465624240332,42.303594747651886,107.30062408447266,109.82255249023437,110.54068069458008,-92.36104484442443,-2.2719268105557964,-4.986828046664777,True,33.33333333333333,10.091818661828427,5.292321250991572,-1.0359925696709036,-11.082901000976562,-1942976.4573073385,-110.60424438691794,1
2022-08-26,105.73997497558594,107.0970655635079,105.73997497558594,106.64470203420058,13116.78,1.357089487533571,0.3392715312268564,1.017816846462793,43.132285132602846,106.28280639648438,108.63509826660156,110.4275894165039,-90.27771899232981,-1.2149987442992307,-3.905444324492472,True,50.0,17.721616944147435,9.271145201991958,-1.027153405490862,-11.874542236328125,-1956093.2373073385,-79.00483999144825,0
2022-08-29,99.4068832397461,100.7639737959201,97.82361092420975,99.51997411942726,34360.094,-7.124727914773317,-6.333091767587803,-7.916364051376192,33.3716491525186,104.45073547363282,107.32324295043945,109.93564414978027,-92.22222312193377,-5.449980327869007,-8.47722306164186,False,33.33333333333333,10.370370208434055,12.727935271469976,-1.3784745073369304,-13.118553161621094,-1953450.1531534921,-195.7839414050332,1
2022-08-30,99.51997375488281,100.42470078901812,99.06761023781516,99.63306463414973,13429.377,0.11309051472247234,-0.33927300690197626,1.2439993136054142,33.66408012521856,102.84484558105468,106.2941162109375,109.63595352172851,-90.90909847008464,-3.96507773354826,-7.0831497900942395,True,50.0,11.62790899200235,13.239965381527952,-1.5225981397357926,-10.291267395019531,-1957926.6121534922,-138.36905873395384,1
2022-08-31,99.85924530029297,100.65088144650142,96.69270071545922,98.61524564196543,30983.478,-1.0178189921843028,0.2261806574832974,-2.374909522355935,34.60343364450435,101.98535614013672,105.16320724487305,109.35888061523437,-80.68965739781704,-2.4309401010066543,-5.838442940558764,True,66.66666666666666,20.89551828814574,14.297932496194052,-1.5113945593015172,-11.309089660644531,-1939336.5253534922,-116.47093390528215,0
2022-09-01,97.48433685302734,99.2937909013434,97.48433685302734,98.61524563322487,20719.422,-8.740556722841575e-09,-1.357090545158016,0.7916361375681191,31.22671688886433,100.40208282470704,103.85135345458984,108.91782608032227,-95.17241440214497,-3.705084708719851,-7.178750868661542,False,66.66666666666666,6.19469266847854,12.906039982875548,-1.5731900536398562,-13.118537902832031,-1960055.9473534923,-99.17201068030877,0
2022-09-02,90.13343048095703,97.25815585147183,90.13343048095703,97.25815585147183,47026.495,-1.3570897817530465,-2.0356350498715727,-7.3509063720703125,23.487529585078008,97.28077392578125,101.78179016113282,107.815189743042,-100.0,-8.670741440036995,-12.721298720431701,False,50.0,0.0,9.030070318874763,-1.9914714762598753,-20.695632934570312,-2007082.4423534924,-144.70721881616765,1
2022-09-05,90.47270202636719,92.28215606689453,88.7763388633728,89.11561149597168,27616.966,-8.14254435550015,-4.975999784577297,-1.3570916175842314,24.43052706405753,95.49393768310547,99.97233657836914,106.62773513793945,-92.64705992780146,-5.900804638225446,-10.94619718992611,True,50.0,8.72093288936818,4.971875185948911,-2.1159562137322725,-18.09453582763672,-2007973.31222446,-141.4810172764953,1
2022-09-06,91.37742614746094,93.0737892566341,90.69888090379168,92.16906226507507,10179.463,3.0534507691033923,0.7916331897395708,1.9225420404188753,27.046200463439632,93.8654281616211,98.35513687133789,105.25933532714843,-87.43170519455042,-3.618293413342713,-8.597288037599512,True,66.66666666666666,14.197511521576036,7.6394814703147444,-2.0088606304973586,-16.1719970703125,-2012335.9392244602,-105.42508999553128,0
2022-09-07,91.37742614746094,91.37742614746094,91.37742614746094,91.37742614746094,0.0,-0.7916361176141322,-1.6963631091731628,0.6785452436692623,27.046200463439632,92.16906433105468,97.0772102355957,104.00402641296387,-86.93183187442213,-2.218638977446848,-7.268557085875043,False,50.0,14.197511521576036,12.371985310840088,-1.8153878962197658,-12.779266357421875,-2012335.9392244602,-85.47010914902954,0
2022-09-08,91.37742614746094,91.37742614746094,91.37742614746094,91.37742614746094,0.0,0.0,0.0,0.0,27.046200463439632,90.9476821899414,95.67488250732421,102.7487174987793,-86.62791780748151,-0.7167743331324518,-5.982743295190995,False,33.33333333333333,21.698085558361456,16.69770286717118,-1.573780161270785,-14.023277282714844,-2012335.9392244602,-68.4594036181128,0
2022-09-12,91.37742614746094,91.37742614746094,91.37742614746094,91.37742614746094,0.0,0.0,0.0,0.0,27.046200463439632,91.19648132324218,94.23862762451172,101.43686294555664,-85.80248847842397,0.3934549488656093,-4.941179800917466,False,33.33333333333333,21.904736674099514,19.266777918012338,-1.311080853804238,-14.362548828125,-2012335.9392244602,-57.4020423266428,0
2022-09-13,91.37742614746094,91.37742614746094,91.37742614746094,91.37742614746094,0.0,0.0,0.0,0.0,27.046200463439632,91.37742614746094,93.4356819152832,100.37946243286133,-85.80248847842397,0.16528873091138455,-3.771340492545699,False,33.33333333333333,21.904736674099514,21.835852968853498,-1.04594467061257,-8.029457092285156,-2012335.9392244602,-49.447931935953775,0
2022-09-14,91.37742614746094,91.37742614746094,91.37742614746094,91.37742614746094,0.0,0.0,0.0,0.0,27.046200463439632,91.37742614746094,92.62142715454101,99.45777168273926,-78.30191444163854,0.0,-2.5429711922125002,False,16.666666666666664,24.73115422535392,22.84687585785099,-0.7907960582890148,-8.142547607421875,-2012335.9392244602,-43.87127667458812,0
2022-09-15,91.37742614746094,91.37742614746094,91.37742614746094,91.37742614746094,0.0,0.0,0.0,0.0,27.046200463439632,91.37742614746094,91.77324523925782,98.46822624206543,-78.09526332590049,0.0,-1.8424798705708647,False,0.0,30.666628244134067,25.76750638119584,-0.5534803895868405,-8.481819152832031,-2012335.9392244602,-38.21909186268079,0
2022-09-16,91.37742614746094,91.37742614746094,91.37742614746094,91.37742614746094,0.0,0.0,0.0,0.0,27.046200463439632,91.37742614746094,91.16255416870118,97.5069538116455,-78.09526332590049,0.0,-1.121763429059359,False,0.0,60.52628991754791,38.641357462345304,-0.33852105019850764,-6.106910705566406,-2012335.9392244602,-14.897720693148372,0
2022-09-19,76.44943237304688,84.13961196086817,76.44943237304688,83.91343020828518,67824.165,-7.46399593917576,-7.237814186592772,-14.927993774414062,12.605458115955088,88.39182739257812,89.79415435791016,95.78797225952148,-100.0,-13.994909412694195,-15.49119617380238,False,0.0,0.0,30.397639387227333,-1.1007408789027746,-13.683998107910156,-2080160.1042244602,-333.3333333333333,1
2022-09-20,78.03270721435547,78.25888897439708,75.77088961393937,77.58034369427224,44902.449,-6.333086514012933,-5.880722986471085,-0.6785427591075006,17.69030274580605,85.72288360595704,88.55015487670899,94.26124572753906,-89.47368373709025,-9.960848707745894,-12.167175697213652,True,16.666666666666664,14.49275818217511,25.006349366574344,-1.3792614552905356,-12.439994812011719,-2043421.7368608238,-179.71993084080964,0
2022-09-21,75.31852722167969,78.48507190967823,75.31852722167969,77.80652661939283,60601.012,0.22618292512058247,0.22618293528114464,-0.4523623922596869,15.954330215242635,82.51110382080078,86.94426498413085,92.64970092773437,-100.0,-10.323155572896228,-14.027533950476467,False,16.666666666666664,0.0,4.830919394058375,-1.6111181143046478,-16.05889892578125,-2104022.748860824,-124.98914346074781,0
2022-09-22,70.56871032714844,74.41380031292255,69.66398327167217,73.96143678518442,75967.693,-3.8450898342084088,-4.071271596755679,-5.654543950007522,13.437017106102829,78.34936065673828,84.8633934020996,90.97030181884766,-96.13526461493336,-12.359547261491882,-17.894732310343734,False,16.666666666666664,4.166667905461797,6.2198086958789744,-1.927809952128043,-20.8087158203125,-2151050.368337014,-124.3842378955119,1
2022-09-23,71.47344207763672,73.2828963074503,70.34253318400323,70.34253318400323,53980.374,-3.618903601181188,-1.130904005472246,0.6785499123310643,16.18498719462609,74.36856384277344,82.87299499511718,89.2739387512207,-91.6666425664713,-7.421867511142673,-15.205715100505568,True,33.33333333333333,8.333357433528708,4.16667511299684,-1.9158193737461708,-19.90398406982422,-2163507.3777216296,-95.4954668006752,0
2022-09-26,65.81889343261719,70.11634695570903,65.81889343261719,69.66398342696252,80056.051,-0.6785497570407131,-3.166549351741267,-4.5236397513860425,13.305159266863427,72.2424560546875,80.31714172363282,87.27788467407227,-100.0,-9.767441568577574,-19.889879639080675,False,33.33333333333333,0.0,4.16667511299684,-2.1126770017387875,-25.55853271484375,-2243563.4287216295,-108.10004113324706,1
2022-09-27,69.43780517578125,70.11635050323189,66.72362386597872,67.62835096924624,58332.736,-2.035632457716275,3.5475228514769697e-06,0.9047304333615358,22.885065947520857,70.52347564697266,78.12317962646485,85.77943077087403,-85.84069052969426,-3.256298992696894,-13.561700947367076,True,50.0,14.159309470305743,7.497555634611488,-1.8334912415565316,-21.939620971679688,-2208563.78712163,-84.8921713333477,0
2022-09-28,65.14035034179688,68.98544046613905,64.91416856977675,68.75925869411893,61723.199,1.130907724872685,-1.130910037092832,-1.8094552962019748,20.019311051613357,68.48784027099609,75.49947204589844,84.06044960021973,-99.14529883044005,-6.442879373550552,-16.642542229480707,False,33.33333333333333,0.8547011695599409,5.004670213288566,-1.7715912105018,-26.237075805664062,-2263428.8528994075,-93.13197592836758,0
2022-09-29,65.14035034179688,68.5330769220988,65.14035034179688,66.9498045179579,48119.17,-1.8094541761610259,-0.4523635440402529,0.22618177202012646,20.019311051613357,67.40216827392578,72.87576446533203,82.32450485229492,-99.14529883044005,-4.106547930659694,-14.243172011502503,False,33.33333333333333,1.1764710307016033,5.3968272235224335,-1.570835224261364,-26.237075805664062,-2311548.0228994074,-82.19178997649156,1
2022-09-30,66.04507446289062,66.49743798660906,62.19998451128398,62.87852979686162,55165.166,-4.07127472109628,-2.035638935489743,-2.9403658305128957,22.4522871280237,66.31649475097656,70.342529296875,80.75254173278809,-86.82170287733815,-1.6835056349837456,-10.566615852256906,True,50.0,23.611110321617197,8.547427507292918,-1.2322533448985649,-25.332351684570312,-2267996.5760573023,-94.84906299060648,1
2022-10-03,67.62834167480469,69.66397737739078,65.81888771695039,66.04506946168217,68369.52,3.1665396648205544,3.166539390781722,3.618903205666406,26.708588703435282,66.67838439941406,69.46042022705078,79.62728729248047,-81.39536279016966,1.6430503297062766,-5.900872893733969,True,50.0,33.333300772189645,19.37362737483615,-0.778922297966151,-8.821090698242188,-2272018.312527891,-39.9262313433268,1
2022-10-04,68.0807113647461,70.5687107833913,67.40216606875195,70.11634725272853,50247.996,4.071277791046356,0.904733406000517,1.5832783518015674,27.94134545070017,66.40696563720704,68.46522064208985,78.50768775939942,-73.19586730916177,1.7464788989343414,-2.641509042835483,True,66.66666666666666,48.14815409835454,35.030855064053796,-0.3478289748287615,-9.951995849609375,-2300731.4530993197,-7.0922046271666215,1
2022-10-05,70.34252166748047,71.69961211765694,68.53306773391184,68.75924947560792,55155.503,-1.3570977771206145,1.1309013342656442,1.1309016651598824,33.996720654863466,67.44739990234375,67.96762008666992,77.4559425354004,-50.00004017786625,4.8903796793062035,1.3304273349656952,True,66.66666666666666,73.46929494659577,51.65024993904666,0.162994594820848,-4.976005554199219,-2292852.095527891,67.21285148426315,0
2022-10-06,70.34252166748047,70.56870340917655,67.8545225088236,69.89015818408832,47663.784,1.1309087084804048,-1.1309087084803906,-0.6785452250882287,33.996720654863466,68.48783416748047,67.94500122070312,76.40419731140136,-50.00004017786625,3.5516035702194046,2.2745865716662492,False,66.66666666666666,85.71427737581999,69.1105754735901,0.5522983755645594,-0.22618865966796875,-2253132.2755278912,58.71535779717225,0
2022-10-07,70.34252166748047,71.24724863426479,68.985431217304,69.43779470069616,28527.465,-0.4523634833921619,0.6785452250882429,1.1309087084803906,33.99672065486345,69.34732360839844,67.8319091796875,75.35245208740234,-33.33338828391278,2.2465718970543573,2.8949460955115005,False,66.66666666666666,85.71427737581999,81.6326165660786,0.8437691596546166,-1.13092041015625,-2247426.7825278915,98.31637054301146,1
2022-10-11,70.56871032714844,71.4734373826247,69.21161974393404,69.4378015078031,43962.542,6.80710694211939e-06,0.22618874835990255,0.22618852663003963,34.709061994972174,69.93539733886719,68.30689086914063,74.31201629638672,-24.489827494979473,1.4634209483057257,3.225808131620609,True,66.66666666666666,88.09530397012803,86.50795290725601,1.0711524478978767,4.74981689453125,-2238634.2741278913,88.0504523463027,0
2022-10-12,66.49744415283203,70.56871624382175,66.49744415283203,70.34253446098899,58550.119,0.904732953185885,-0.904721138802941,-2.7141755911020056,28.639754319261456,69.61874389648438,68.0128547668457,73.06801719665528,-54.761809413823336,-4.130423364833858,-2.13591262809748,False,50.0,45.23819058617666,73.0159239773749,0.9697522266552854,-2.9403610229492188,-2297184.3931278912,-15.094058643897068,0
2022-10-13,65.36652374267578,67.85452291627244,64.9141602565673,67.40215943016396,34130.624,-2.940375030825024,-2.71419332754931,-1.5832838962647315,27.198526112789565,68.62354431152343,68.0354721069336,71.76747207641601,-66.6667014476706,-5.142235829786407,-3.7468842590679383,False,33.33333333333333,33.333298552329396,55.555597702878025,0.8530281744150772,0.22617340087890625,-2320813.286666353,-87.65455495433295,1
2022-10-14,68.98543548583984,69.66398075291369,66.27125441754451,67.62834495169217,51922.445,0.22618552152820826,1.8094578366412435,1.357094160977212,38.076616304658224,68.35212707519531,68.41998062133788,70.64787254333496,-28.57140031464236,0.4390783813847833,1.6384331877930929,True,33.33333333333333,60.000060609357256,46.19051658262111,1.033997277264863,3.8450851440429688,-2289659.819666353,-3.880051982774886,0
2022-10-17,63.33089065551758,67.402162197658,62.19998189381191,67.402162197658,79179.26,-0.22618275403416988,-2.2618185552556866,-4.071272523732603,30.347304511958924,66.94980087280274,68.14856224060058,69.2455457687378,-88.09523386639857,-6.197656698559709,-6.484832888456449,False,33.33333333333333,11.90476613360143,35.07937509842937,0.7979009600561122,-2.714183807373047,-2334413.314448962,-180.3723543882257,1
2022-10-18,63.783260345458984,65.5927145396564,63.557078571184306,64.23562389400834,49153.43,-3.1665383036496593,-1.8094476580016021,1.3570966773723967,31.55979458308454,65.59271087646485,67.76405410766601,68.6122371673584,-83.33326230243271,-3.9727530337501418,-5.659317537996767,True,50.0,16.666737697567285,29.523854813508663,0.7006831166639707,-3.845081329345703,-2372643.7600045176,-129.92538442253564,1
2022-10-19,65.14035034179688,66.27125920189752,64.00944148169624,64.4618050257365,46834.621,0.22618113172815413,0.6785446622411229,0.4523629105119369,35.24865939206347,65.32129211425782,67.47001800537109,67.96761932373047,-69.04754839189063,-0.5753701874132228,-3.544509097219712,True,50.0,31.70736573364844,20.092956521605725,0.7517480679385393,-2.9403610229492188,-2372643.760004518,-77.48116662898573,0
2022-10-20,61.97380447387695,63.330895082793965,59.93816856050143,62.87853154648829,62619.855,-1.5832734792482057,-2.940364119103556,-4.0712729211948115,30.9960673184855,64.64274826049805,66.63314628601074,67.30038318634033,-82.69229535062414,-4.307330996328087,-7.588528842083423,False,50.0,17.647060894423337,22.007054775213025,0.6026756343398949,-8.368717193603516,-2360119.789004518,-135.56228423628818,0
2022-10-21,61.29525375366211,62.65234424267308,61.29525375366211,61.5214355018306,33493.109,-1.3570960446576876,-0.6785508401208844,1.3570851931606782,30.14586180200537,63.1047119140625,65.72841949462891,66.83671035766602,-88.46157628044693,-4.352946939963102,-7.8231328029342055,False,50.0,11.764660313402938,20.37302898049158,0.4933800067447409,-9.04726791381836,-2393612.8980045184,-111.11123227925127,1
2022-10-24,62.199981689453125,64.91416270862926,61.97379993785512,63.557072199041194,43133.46,2.0356366972105917,2.261818465956182,0.67854618419301,32.825914486364425,62.87853012084961,64.91416549682617,66.37303733825684,-80.39219402833675,-1.1976089994178871,-5.498284386065804,True,50.0,21.27654375230876,16.896088320045017,0.5146618001115808,-8.142539978027344,-2430110.4410814415,-65.78955121584681,1
2022-10-25,62.87852478027344,63.55707001171523,61.52143431738983,62.6523430364595,30408.935,-0.9047291625816953,-1.3570926969140302,-0.4523656204652866,34.870370600297164,62.6975830078125,64.14514694213867,66.22601890563965,-74.50985958703663,-7.077901145760234e-06,-3.5559471332646106,True,66.66666666666666,30.232500500739377,21.091234855483695,0.6010637577127564,-7.690185546875,-2419974.1294147745,-66.82912380590983,0
2022-10-26,62.87852478027344,63.10470652408737,60.39052559832017,62.42616129264557,47428.958,-0.22618174381393175,-0.4523634876278635,-1.1309087190696658,34.870370600297164,62.245217895507814,63.78325500488281,65.89805488586425,-74.50985958703663,0.2403797912319126,-2.6269765385535693,False,50.0,30.232500500739377,27.247181584595847,0.6790794585365623,-3.6189193725585938,-2380449.9977481076,-72.04790788630136,1
2022-10-27,64.46180725097656,64.46180725097656,61.973807672868695,63.557080131664605,31515.005,1.1309188390190386,1.3571007268891933,1.5832820745485279,39.945850832339694,62.742818450927736,63.69278335571289,65.86412773132324,-57.44679554400693,2.9500409445856235,0.6178376967739558,True,50.0,60.60614344519223,40.357048148890335,0.8472427331231867,-0.9047164916992188,-2348934.9927481078,-3.111762995035951,0
2022-10-28,62.199981689453125,64.00943570223723,61.521436434659094,63.33089044744319,30413.622,-0.22618968422141705,-0.45237154873933605,-0.4523712382096008,35.61990963068858,62.923764038085935,63.01423797607422,65.71710929870605,-76.74422367813885,-0.7220223970057361,-2.3668662791856905,False,50.0,35.71420743874102,42.18428379489088,0.8157765144535505,-6.785453796386719,-2362759.3663844713,-37.5514785814978,0
2022-10-31,62.199981689453125,62.19998168945313,59.71198242187501,61.29525468306108,42037.271,-2.035635764382107,-1.8094540127840943,-1.8094540127840872,35.61990963068858,62.923764038085935,62.901147079467776,65.52485466003418,-75.00000316701774,-0.9603851307604433,-1.9607870253359305,False,50.0,37.9309998802883,44.75045025474052,0.8033210116633924,-1.1309089660644531,-2320722.0953844716,-101.99776774986438,0
2022-11-01,61.06907272338867,62.65234497918023,60.61670922173394,62.42616322835286,28390.416,1.1309085452917813,0.4523632897270957,0.9047267998589348,33.46352473563647,62.56187362670899,62.62972831726074,65.19689121246338,-82.35294439036063,-2.468393778027239,-2.731915200556636,False,33.33333333333333,26.086952521985367,33.24405328033823,0.729431096040356,-2.7141876220703125,-2336494.5487178047,-85.38012965702919,1
2022-11-02,61.97380447387695,64.00944038725247,61.52144093757128,62.42616801018262,47039.08,4.781829758826461e-06,1.3570954080722402,0.904731715837336,36.80250664401853,62.38092956542969,62.31307373046875,64.89154586791992,-65.51720368180312,-0.7845458331823498,-1.112777863430363,True,33.33333333333333,43.47834806419487,35.83210015548951,0.7491560259961592,-3.166545867919922,-2366428.5087178047,24.472918589531428,0
2022-11-03,61.06907272338867,61.5214362250434,59.48580046759711,59.711982218424474,34074.404,-2.7141857917581476,-2.488004162209066,-2.035640469974169,34.892333015590964,61.70238265991211,62.22260055541992,64.42787342071533,-76.666688019365,-1.7586451400712855,-2.2034435844275406,False,33.33333333333333,29.166665478288312,32.91065535482286,0.7093397026000865,-0.9047317504882812,-2347498.2842733604,-141.21844400918587,1
2022-11-04,62.87852478027344,62.87852478027344,60.164343854506235,60.39052559832017,34982.129,0.678543379895693,1.3570885552300354,0.6785433869091264,41.51531275939648,61.83809127807617,62.380927658081056,64.05467357635499,-37.50003846406476,1.58343080457621,0.9990870042893687,True,33.33333333333333,68.18166574869822,46.942226430393795,0.8058874536659717,1.5832710266113281,-2312516.15527336,-22.222438233069308,1
2022-11-07,64.9141616821289,65.59270692619297,63.78325294202213,65.14034343015027,52448.33,4.7498178318301,2.714182145919537,3.6189090875158954,48.00634062353958,62.38092727661133,62.65234565734863,63.7832555770874,-11.11111245381812,4.111243560560013,3.8600702191972105,True,50.0,88.88888754618189,62.07907292438947,0.9954421800208229,2.7141799926757812,-2299404.07277336,187.02022460533667,1
2022-11-08,66.72361755371094,68.75925334348517,65.14034527277542,66.27125404487222,54107.97,1.1309106147219552,3.1665464172921958,1.3570923307532894,53.05836834388918,63.511836242675784,63.036854934692386,63.591000938415526,-21.951217276006187,5.734767852037863,5.988024505434022,True,66.66666666666666,78.04878272399381,78.37311200629131,1.2166519456249771,3.8450927734375,-2306167.56902336,197.51718881864042,1
2022-11-09,67.17598724365234,67.8545325693458,66.4974419179589,67.4021690188835,34426.079,1.1309149740112758,-0.9047207741393635,1.357096645183475,54.270217429911455,64.55227279663086,63.46660118103027,63.624928092956544,-17.073102338714445,4.7619132605832855,6.008337710144303,True,83.33333333333334,82.92689766128557,83.2881893104871,1.356727229526805,4.297462463378906,-2306167.5690233605,139.74993486060495,1
2022-11-10,68.306884765625,68.98542997852856,66.27124912691433,66.49743086454885,38621.243,-0.9047381543346518,1.1308974091827508,-0.2261927910445678,57.278089359386506,65.99983520507813,63.851108932495116,63.77194614410401,-7.142859751769683,4.8004561620727335,7.028934637997055,True,83.33333333333334,92.85714024823032,84.6109402111699,1.4788158195698609,3.8450775146484375,-2286856.9475233606,116.94394931456512,0
2022-11-11,67.85453033447266,71.92580215454102,67.62834856669109,71.47343861897787,60946.623,4.97600775442902,2.9403721760124597,1.3570994397767606,55.679990955725785,66.99503631591797,64.41656379699707,63.71540088653565,-32.72726099660631,2.330875771353167,5.633807981811656,False,83.33333333333334,67.2727390033937,81.01892563763653,1.4788206514608313,5.654548645019531,-2341388.136523361,114.0018794024836,1
2022-11-14,70.34252166748047,70.56870340917655,67.62834076712753,68.08070425051969,47117.704,-3.3927343684581786,-1.3570987453644676,-7.799563562116418e-06,62.03551145206222,68.08070831298828,65.2308177947998,64.06598243713378,-12.727333379080171,4.1294586009261485,8.677920971410654,True,83.33333333333334,87.27266662091982,82.46751529084794,1.586580961687328,8.142539978027344,-2301519.3100618226,98.70791034531236,0
2022-11-15,70.11634826660156,71.24725710961127,68.75925765498992,71.24725710961127,31346.168,3.1665528590915812,0.6785537004347191,1.1309168878623979,61.16566971025167,68.7592544555664,66.13554534912109,64.38263683319092,-14.545447287507379,2.4793438808148873,7.23552103245139,False,66.66666666666666,85.45455271249261,79.99998611226872,1.5794035531595085,9.04727554321289,-2298669.658425459,93.10109205182584,0
2022-11-16,69.89016723632812,71.02107609128488,69.43780369434542,70.11634900731947,29778.699,-1.130908102291798,-0.22618101832638615,0.6785460393554956,60.2441221191335,69.30209045410156,66.92718162536622,64.62012767791748,-16.3636225254643,1.366871950274568,5.8521334727565035,False,50.0,82.69232550688997,85.13984828010081,1.4969613937769737,7.916362762451172,-2311431.9579968876,84.5887155733879,0
2022-11-17,69.66397857666016,71.02106906841327,69.43779682803464,70.1163420739112,20296.993,-6.93340827240263e-06,-7.022871614026371e-06,-6.866310783948393e-06,59.26992327925663,69.5735092163086,67.78667221069335,65.00463638305663,-18.18185909295094,0.434779380633665,4.3772909759328416,False,33.33333333333333,72.22216877236202,80.12301566391487,1.3682541361925837,8.594905853271484,-2325929.8101397445,74.83990554587069,0
2022-11-18,68.0807113647461,70.11634725272853,67.85452959941472,69.89016548739716,21126.662,-0.22617658651404327,-0.9047218156847379,-1.583267228619917,52.75554473451548,69.61874542236328,68.30689086914063,65.34390926361084,-30.90908575864939,-1.7944513828805606,1.2331879342600787,False,16.666666666666664,43.33335460243292,66.08261629389497,1.1275717477132454,5.202186584472656,-2342831.139739745,12.544901538191683,0
2022-11-21,66.72361755371094,67.85452632580774,66.49743579929158,67.85452632580774,21562.418,-2.0356391615894154,-2.261820926920791,-1.3570938001231383,47.8389493186667,68.89496459960938,68.48783645629882,65.57009105682373,-44.230778770135124,-3.48964177352169,-1.4750913503974241,False,16.666666666666664,8.000074003841766,41.18519912621224,0.8411863789850356,1.8094558715820312,-2357206.085073078,-95.55556422213627,1
2022-11-22,68.0807113647461,68.30689313007748,66.27125724209503,66.49743900742642,16170.485,-1.3570873183813177,0.45236680426974374,-0.22617855719654756,52.652665250175744,68.48783721923829,68.62354583740235,65.83020038604737,-47.22219896298852,-0.9868407608698297,-0.11061631452253377,True,16.666666666666664,32.00009318139206,27.77784059588892,0.7124639411999453,1.3570938110351562,-2344629.0411841893,-73.33322486807614,1
2022-11-23,69.43780517578125,69.890168727415,68.53307807251375,68.75925984833061,21824.918,2.2618208409041927,1.5832755973375185,2.2618208304187135,56.983374491356116,68.39736480712891,68.84972763061523,66.15816440582276,-36.66660951668125,1.1532180440685105,1.3201388837092178,True,33.33333333333333,56.00004921203225,32.00007213242203,0.6876855675452724,2.2618179321289062,-2337354.0685175224,26.31612184471474,1
2022-11-24,72.83052825927734,73.28289178883807,68.98543825801114,70.11634708191298,40224.075,1.3570872335823623,3.3927230614230695,0.45236018549739754,65.57166322720438,69.03067474365234,69.30209197998047,66.5766004562378,-6.45160558476914,5.343512545488447,5.487307089201874,True,50.0,93.54838694822088,60.51617644721508,0.8576979729020644,4.523643493652344,-2305598.219833312,163.82451800209955,0
2022-11-25,72.60433959960938,74.63997528931804,72.15197611300745,72.83052134291033,39798.1,2.7141742609973534,1.3570835004799733,3.1665378549963066,64.63315810028794,69.935400390625,69.77707290649414,67.09681835174561,-24.32431949863182,4.277197933192721,4.4751759830099065,False,50.0,75.67565691397436,75.07469769140918,0.9079837734120174,4.749809265136719,-2330924.2834696756,175.96874620473744,0
2022-11-28,71.24726104736328,73.50907885839068,71.02107926626054,72.15198817177424,30359.503,-0.6785331711360953,-1.1308964309273648,-1.1308968467469072,59.09699858763128,70.84012908935547,69.86754684448242,67.54918231964112,-40.540429523498716,1.5583096201046907,2.1621706627338995,False,50.0,59.459570476501284,76.22787144623219,0.8063509630725012,0.9047393798828125,-2355763.8768333117,90.78336623748639,1
2022-11-29,72.83052825927734,73.28289178883807,70.34252884669334,71.2472559058148,20697.426,-0.9047322659594386,-0.22618706955260848,-0.6785504195672019,63.117759969374035,71.79009246826172,70.13896484375,68.13725509643555,-21.62155565321177,2.3305080430637988,3.8151543940319277,True,66.66666666666666,78.37844434678823,71.1712239124213,0.8006344309953515,2.7141799926757812,-2341434.8896025424,80.29198846779578,1
2022-11-30,73.7352523803711,73.9614341361391,71.92579833422703,72.37816184576305,21110.692,1.1309059399482493,0.6785423473010326,1.5832694875336841,65.24732946920477,72.64958190917969,70.52347335815429,68.72532749176025,-10.810770584476375,2.247774592420486,4.682897282030868,True,66.66666666666666,89.18922941552363,75.67574807960439,0.8102081913078503,3.8450851440429688,-2325015.4624914313,93.43622617223355,0
2022-12-01,73.28289031982422,75.54470792228793,73.05670855957784,74.86616264154881,25706.28,2.4880007957857657,1.5832737861488226,1.1309102253508172,63.25514767291561,72.74005432128907,70.8853645324707,69.33601837158203,-24.390247821069565,0.7253880033657784,3.6523583380396123,False,50.0,75.60975217893044,81.0591419804141,0.7404110402647344,3.6189117431640625,-2346047.873400522,94.74411797844444,0
2022-12-02,71.69961547851562,73.50906949690088,71.69961547851562,72.60434248770825,19367.632,-2.26182015384056,-2.0356384253870488,-1.3570930810622173,56.65078578412028,72.55910949707031,71.24725494384765,69.77707290649414,-41.46344846568291,-1.1948083516273487,1.197123028195506,False,33.33333333333333,58.53655153431709,74.4451777095904,0.5506648634657286,3.6189041137695312,-2365415.505400522,36.63839308849292,1
2022-12-05,71.92579650878906,73.05670525892725,71.47343300873379,71.47343300873379,20934.223,-1.1309094789744591,-0.4523642379736259,-0.22618246978183265,57.3448425089782,72.69481658935547,71.76747283935546,70.12765464782714,-39.02443155521897,-0.7284125762752754,1.2470101995204974,True,50.0,48.38701570055903,60.844439804602196,0.40990393914385237,5.202178955078125,-2374387.3152576652,20.715473793287856,0
2022-12-06,68.98543548583984,72.37816182120902,68.98543548583984,71.4734347984439,30171.797,1.7897101116659542e-06,-0.6785434377182327,-2.4879975228939486,46.73340537467892,71.92579803466796,71.85794525146484,70.2407455444336,-70.73173366261592,-4.2887032721117,-2.9949661757229995,False,50.0,0.0,35.64118907829205,0.10420937211253545,0.90472412109375,-2404559.112257665,-126.52477724184634,0
2022-12-07,68.5330810546875,69.89017176864171,67.62835391205137,68.30689926902846,22814.493,-3.166535529415441,-2.487990052567312,-1.3570815737884772,45.325764932162166,70.88536376953125,71.76747283935546,70.30860023498535,-75.60968521217801,-3.961954138358972,-3.8349545523316144,False,33.33333333333333,11.428583682162769,19.938533127573937,-0.1302961385203163,-0.90472412109375,-2409122.010857665,-204.0720095987938,0
2022-12-08,68.306884765625,68.75924824089404,67.1759760774524,68.08070302799048,14132.124,-0.2261962410379823,-1.1309235277476688,-0.45237783459896264,44.59306389212283,69.89016265869141,71.31510848999024,70.30860023498535,-86.48649868175072,-3.049767479937026,-4.1776934660918865,False,16.666666666666664,13.513501318249284,8.31402833347069,-0.2931587058570655,-4.523643493652344,-2403065.3862862363,-148.54055057352332,1
2022-12-09,69.89016723632812,70.11634900731947,68.30689483938865,68.53307661038001,16608.098,0.4523735823895265,1.3571007664254324,1.1309187619362433,50.68084191953294,69.52827301025391,71.0436912536621,70.41038208007812,-67.56747367224233,5.458131844122086e-06,-2.0084519613004033,True,33.33333333333333,32.43252632775767,19.124870442723246,-0.28643446422635055,-2.71417236328125,-2390609.3127862364,-69.27165414269255,0
2022-12-12,69.89016723632812,70.56871254930218,68.75925838137135,69.21162192335406,11976.863,0.6785453129740517,0.4523635419827059,0.4523635419827059,50.68084191953294,69.12114715576172,70.9079818725586,70.38776435852051,-67.56747367224233,0.43337352761293285,-1.6706398912005653,False,33.33333333333333,32.43252632775767,26.126184657921545,-0.27415753839488066,-1.3570938110351562,-2387615.0970362364,-46.80841860789884,1
2022-12-13,70.11634826660156,71.4734388782132,69.43780296079574,70.79489357240739,22067.912,1.58327164905333,0.9047263289110248,0.6785445794243827,51.5852148993376,69.34732971191406,70.63656387329101,70.38776435852051,-64.86478186102104,1.1969548275563056,-1.0638272390660812,True,33.33333333333333,35.13521813897895,33.333423598164764,-0.24398466898018634,-2.7141799926757812,-2394971.067702903,-18.219752531989645,0
2022-12-14,68.7592544555664,70.34252676210906,68.30689093941136,70.11634500403153,22547.689,-0.6785485683758594,-1.1309121161041418,-1.1309120213843755,46.057171542872396,69.39256439208984,70.13896408081055,70.33121871948242,-81.08102389382846,-0.7076787666017399,-2.6940529423060613,False,33.33333333333333,25.000079317508067,30.8559412614149,-0.3046614916425684,-4.9759979248046875,-2407497.561591792,-58.04666918757176,1
2022-12-15,71.02107238769531,71.02107238769531,68.98543655492698,68.98543655492698,21657.961,-1.1309084491045525,0.6785456255862528,0.6785456155156169,54.85358780518667,69.9354019165039,69.91278228759765,70.39907341003418,-54.054014616135916,1.9480511302297479,0.721731630784696,True,50.0,65.38468600723054,41.83999448790586,-0.1874554837630219,-2.2618179321289062,-2385839.600591792,20.24690309740326,1
2022-12-16,74.1876220703125,76.90180336556783,69.66398657822027,69.89016835282489,81350.779,0.9047317978979095,5.880730977872517,0.6785500232932975,63.85544575849209,70.79489288330078,70.16158294677734,70.7044189453125,-27.906945238190183,5.016011995654543,5.156297592283262,True,66.66666666666666,72.09305476180982,54.15927336218281,0.0932650191940031,2.488006591796875,-2365501.9058417915,197.56331419463763,0
2022-12-19,73.28289031982422,75.7708896825343,72.37816327883874,74.41379912105607,43931.274,4.523630768231186,-1.1309136830335262,2.7141767006184665,60.11912906999414,71.4734375,70.29729232788085,71.03238258361816,-37.20930814971163,2.911591115919866,3.8738971251896506,False,50.0,62.790691850288376,66.75614420644293,0.2017251675804087,1.3570938110351562,-2386003.1670417916,171.49209356557068,0
2022-12-20,71.69961547851562,75.09234176298797,71.47343372621746,73.28288774460272,38151.949,-1.130911376453355,-0.6785479195463324,-0.9047295526212764,54.07833425365404,71.79009094238282,70.56871032714844,71.21332778930665,-53.48838441136078,0.2635696550578216,1.6297044184167238,False,50.0,46.511615588639216,60.46512073357915,0.15276739544180118,2.7141799926757812,-2419386.1224167915,86.10847730985645,1
2022-12-21,74.1876220703125,74.86616739412634,72.3781678734756,72.83053142268483,38085.074,-0.45235632191788966,-0.2261743688616349,0.9047341472581394,60.82612642837162,72.87576446533203,71.13416442871093,71.4508186340332,-27.906945238190183,2.7676291423521344,4.876103971678538,True,50.0,68.42107096989847,59.24112613627536,0.26718104973355294,5.654541015625,-2402074.725144064,94.52353352953321,1
2022-12-22,77.5803451538086,77.8065269181054,74.86616398224677,75.54470927513722,60855.886,2.7141778524523943,2.940359523979069,2.4879961087711706,67.85310387921513,74.18761901855468,72.0615104675293,71.68830947875976,-2.127657989573356,5.322415547228651,8.572935641701877,True,66.66666666666666,97.61904808979949,70.85057821611241,0.5351229295238353,9.273460388183594,-2350581.283144064,146.75925143314595,0
2022-12-23,75.77088928222656,77.12797983653509,74.86616224602088,76.44943455938083,36715.409,0.9047252842436109,-0.678547081570315,-1.7362258972752898e-06,61.44076052779768,74.5042724609375,72.64958267211914,71.84663696289063,-19.14893843594844,1.772149563867702,5.153019500908897,False,50.0,78.57141431056509,81.5371777900877,0.5520368095539071,5.8807220458984375,-2357924.3649440636,100.82867682918994,0
2022-12-26,73.50907897949219,76.22326035719652,73.50907897949219,76.22326035719652,23661.784,-0.2261742021843105,-0.9047194793385671,-1.35708326652869,54.426896195773196,74.5495101928711,73.01147384643555,71.95972785949706,-45.238027522860996,-1.1156116145122466,1.4040629952825339,False,33.33333333333333,54.76197247713901,76.98414495916788,0.38059814244649837,3.6189117431640625,-2381586.1489440636,45.26763742360299,0
2022-12-27,73.50907897949219,75.54471501277044,73.28289719801683,74.18762432391827,19106.328,-2.0356360332782515,-0.6785453444260838,-0.22618178147536128,54.426896195773196,74.91140289306641,73.3507469177246,71.99365539550782,-45.238027522860996,-1.1657319393885857,0.9839525439168934,False,33.33333333333333,51.28212316527325,61.53850331765913,0.24356683537278934,3.392730712890625,-2396871.2113440637,26.494314483742816,0
2022-12-28,71.92579650878906,74.18761400906546,71.92579650878906,73.2828870089549,20189.077,-0.90473731496337,-1.357101003704983,-1.3571006892277637,49.70039307358223,74.45903778076172,73.66740112304687,71.9031826019287,-61.90479743124633,-3.3434729298575396,-1.4208282030995192,False,33.33333333333333,27.777693891052873,44.60726317782172,0.03368827600709223,3.1665420532226562,-2417060.288344064,-64.03752338935915,1
2022-12-29,72.37815856933594,72.83052206039429,71.24724984169006,71.92579507827759,17346.004,-1.3570919306773135,-1.3570919486711688,-0.678546667098999,51.02598075393303,73.4186004638672,73.80310974121093,71.85794601440429,-57.14290906456111,-2.3397840496292095,-1.056436629451073,True,33.33333333333333,17.24136234025226,32.100393132192806,-0.08101405296745723,1.357086181640625,-2409626.286629778,-118.3576624457349,1
2022-12-30,73.7352523803711,74.41379764767512,73.05670711306706,73.05670711306706,21686.678,1.1309120347894748,1.5832755872808377,1.8094572713769992,54.91457222939471,73.0114730834961,73.7578727722168,71.95972785949706,-46.15386953441597,0.35915564976616093,0.23058851237935726,True,33.33333333333333,37.931048036176705,27.650034755827292,-0.07212636486937907,-0.45236968994140625,-2409626.286629778,-18.084168657540324,0
2023-01-03,72.37815856933594,74.18761253356934,72.37815856933594,73.73524904251099,23603.78,0.6785419294439237,-0.2261851141057889,-0.6785485437311252,50.53708098025329,72.78528900146485,73.66739959716797,71.98234596252442,-66.66676641661007,-0.723894699255437,-1.7651645610174964,False,33.33333333333333,17.24136234025226,24.13792423889375,-0.15928947833114293,-0.9047317504882812,-2433230.0666297777,-57.85140069672245,0
2023-01-04,70.56871032714844,73.05670972970816,70.56871032714844,72.8305279658391,25203.463,-0.9047210766718905,-1.1309028038611757,-1.8094482421875,45.28624069986852,72.1972152709961,73.55430908203125,72.06150970458984,-100.0,-2.5507518865314998,-3.827381375656565,False,33.33333333333333,0.0,18.390803458809668,-0.3305912890311191,-1.1309051513671875,-2458433.5296297777,-132.49961448421487,1
2023-01-05,70.79489135742188,72.60434544962435,70.79489135742188,71.47343664199781,20371.487,-1.3570913238412885,-0.45236428008381324,0.2261810302734375,46.05061092190614,71.97103424072266,73.21503601074218,72.17460021972656,-96.87501019912509,-1.6238834252049101,-3.245749549137731,True,50.0,3.4482655416088757,6.896542627287059,-0.41498709215611607,-3.392730712890625,-2478805.016629778,-100.3506964192696,1
2023-01-06,71.92579650878906,72.15197825881671,70.56870600862324,71.47343300873379,12082.461,-3.6332640149794315e-06,-0.4523671908076352,-0.22618534879863716,49.87056857266571,71.88056182861328,72.64958114624024,72.35554580688476,-81.2500127160107,-0.05238504625766611,-1.725474845805254,True,66.66666666666666,23.999955018705155,9.149406853438025,-0.38180450659102017,-5.654548645019531,-2470174.6873440635,-81.87862587412724,0
2023-01-09,70.11634826660156,71.69962064681515,69.89016649799963,71.4734388782132,33000.304,5.869479409170708e-06,-0.4523576120015633,-0.6785395106236081,44.38505467318263,71.15678100585937,72.08412704467773,72.36685485839844,-97.142856608354,-2.0537076537531904,-3.7516136892514567,False,50.0,3.9999969583973116,10.482739172903795,-0.46344182550720603,-5.654541015625,-2494924.9153440637,-118.51827283511625,1
2023-01-10,70.34252166748047,71.24724863426479,70.11633992578439,70.34252166748047,12539.289,-1.1309172107327328,-0.45237201255035586,0.22617342778475802,45.206886402045804,70.74965362548828,71.76747131347656,72.38947257995605,-93.75011279895247,-0.9554199028335807,-2.6350190934918443,True,50.0,9.99982435599969,12.666592111034065,-0.4818015776220498,-3.1665573120117188,-2502448.488744064,-101.23489128102518,1
2023-01-11,70.79489135742188,72.37816368809904,70.79489135742188,71.02107311894719,19372.242,0.678551451466717,1.1309150538342436,0.6785514316374872,46.91838309280265,70.79488983154297,71.49605255126953,72.42339973449707,-85.71433047516882,0.053278130765879145,-1.4431896543559897,True,66.66666666666666,19.999969703258103,11.333263672551714,-0.4440042862260606,-2.7141876220703125,-2521820.730744064,-40.62115166011554,0
2023-01-12,68.98543548583984,71.4734347984439,68.98543548583984,71.24725304275263,21891.58,0.2261799238054465,-0.9047288896551322,-1.8094558715820312,41.29052032965069,70.43299865722656,71.2020164489746,72.43470878601075,-100.0,-2.139037780412697,-3.4555530921724538,False,66.66666666666666,0.0,9.999931353085945,-0.5163226920906137,-2.9403610229492188,-2543712.310744064,-136.90493089265294,0
2023-01-13,68.98543548583984,69.89016250860496,68.98543548583984,69.66398075291369,13580.48,-1.5832722898389449,-1.5832722898389449,0.0,41.29052032965069,69.84492645263671,70.862744140625,72.33292694091797,-100.0,-1.7185820938229248,-2.9435158276245788,False,50.0,0.0,6.666656567752715,-0.5372163830044447,-3.3927230834960938,-2557292.790744064,-136.88608886032293,0
2023-01-16,68.5330810546875,69.43780819732363,67.62835391205137,69.21162641166461,17000.205,-0.4523543412490767,-0.45235431128132575,-1.3570815737884772,39.86776466921954,69.52827301025391,70.34252700805663,72.05019989013672,-86.66664734265952,-1.570103143674379,-3.1948761110097466,False,33.33333333333333,16.666688275910925,5.555562758636989,-0.5524265552556896,-5.202171325683594,-2557292.790744064,-149.1089828798573,1
2023-01-17,68.98543548583984,70.34252601998752,68.75925373014857,69.4377989972224,17135.992,0.22617258555779074,0.9047178226638835,1.1308998180972054,42.04622790867028,69.25685577392578,70.00325469970703,71.8353271484375,-80.00010571653901,-0.6514673608541861,-2.165197616869263,True,50.0,27.272586047250154,14.646424774387041,-0.5042815678630153,-3.3927230834960938,-2569532.7850297783,-75.00016028285653,0
2023-01-30,68.0807113647461,69.43780195673439,67.85452959941472,69.211620191403,20560.721,-0.22617880581940142,-0.904724063253127,-0.9047241307338538,38.966185723032424,68.71401977539062,69.7544548034668,71.65438194274903,-93.10352771865487,-1.419213057206446,-2.7987056239178845,False,33.33333333333333,9.523696190442706,17.820990171201277,-0.5044068567164439,-2.4879989624023438,-2584219.0143154925,-109.09091891430442,1
2023-01-31,68.7592544555664,69.43779972979897,68.30689093941136,68.7592544555664,13682.31,-0.4523657358365938,-2.2269354218451554e-06,0.4523613399966422,42.417390967213244,68.66878356933594,69.55089111328125,71.38296356201172,-79.16679411772229,0.0548526072788563,-1.4054063397291257,True,33.33333333333333,23.809385993054764,20.201889410249223,-0.4325903918006254,-2.0356369018554688,-2586955.4763154923,-70.73966600400017,0
2023-02-01,68.7592544555664,69.43779972979897,68.30689093941136,68.98543621364394,14204.87,0.22618175807753005,0.0,0.0,42.417390967213244,68.62354736328125,69.23423690795899,70.94190902709961,-77.2728603942395,0.10976727711782934,-1.1917667050680913,False,33.33333333333333,23.809385993054764,19.047489392184094,-0.36176404097639814,-3.1665420532226562,-2589796.450315492,-59.7016221414025,1
2023-02-02,70.56871032714844,70.56871032714844,69.66398327167217,69.66398327167217,26405.172,0.6785470580282293,1.1309105973494695,1.3570923322608053,51.178499905923324,69.03067321777344,69.27947311401367,70.6818000793457,-38.095280574714934,2.351011227583417,1.435926988384127,True,50.0,61.904719425285066,36.50783047046488,-0.17897132889603556,0.452362060546875,-2563391.2783154924,63.80227523997321,1
2023-02-03,71.02107238769531,72.37816294287421,70.56870886930236,71.69961766528476,33929.688,2.0356343936125967,1.8094526157257746,0.9047255976301898,53.12362914323206,69.43780059814453,69.34732818603516,70.55739974975586,-28.571487372973564,2.3913039652409616,2.1969073645245802,True,66.66666666666666,71.4285238338561,52.38087641739867,-0.021781211488038132,0.6785507202148438,-2580356.1223154925,132.86713629334116,0
2023-02-06,68.306884765625,70.79488387960473,68.08070302799048,70.5687021419702,27857.547,-1.130915523314556,-1.5832790632694866,-2.4880058413118746,42.135419889828164,69.48303527832032,69.09852752685546,70.2972900390625,-85.71456783395142,-1.3609230149381284,-1.4949804014441084,False,50.0,14.285434407372087,49.206225888837764,-0.09091062943521533,-2.488006591796875,-2603570.7448154925,-32.25874247870598,0
2023-02-07,68.306884765625,68.75924824089404,68.08070302799048,68.75924824089404,10225.713,-1.8094539010761679,-2.035635638710687,0.0,42.135419889828164,69.39256134033204,69.03067245483399,70.1163444519043,-85.71456783395142,-1.4145875605221863,-1.2534148300059573,False,50.0,14.285434407372087,33.333130882866776,-0.12484855236809922,-0.6785507202148438,-2606979.3158154925,-85.99753757231905,1
2023-02-08,68.5330810546875,68.75926284034654,68.30689926902846,68.75926284034654,8760.868,1.4599452498487153e-05,1.4599452498487153e-05,0.2261962410379823,43.298622916373645,69.34732666015626,68.98543701171874,69.92409057617188,-80.95234699405587,-1.034282541622333,-0.6557263735371419,True,50.0,15.000142667483585,14.523670494075935,-0.12023017216137599,-0.45235443115234375,-2606979.3158154925,-60.013752094985946,0
2023-02-09,67.85453033447266,68.75925740559896,67.85453033447266,68.53307563781739,11986.342,-0.2261872025291467,-5.4347475781924e-06,-0.45236893455580685,40.626031787913575,68.80449066162109,68.91758193969727,69.63005447387695,-95.2381996633219,-1.8003233747124794,-1.5047849468716523,False,50.0,1.6249281987796364e-05,9.761864441379235,-0.14915236282408117,-0.6785507202148438,-2618965.6578154927,-89.63558879080662,0
2023-02-10,66.49744415283203,68.5330801983269,66.27126236999928,68.30689841549413,25130.873,-0.22617722232325832,-0.22617720727205892,-1.5832679644733787,35.804258411001555,67.89976501464844,68.66878280639648,69.33601875305176,-96.29629170913005,-2.8099082688295107,-3.183306576352307,False,33.33333333333333,3.7037082908699546,6.234622402545191,-0.24054358405305587,-2.4879913330078125,-2639070.356215493,-150.82357493596515,0
2023-02-13,64.9141616821289,66.27125217025704,64.4617981860862,66.04507042223568,20851.631,-2.26182799325845,-2.261828028069857,-1.8094641839130787,31.105537622657124,67.22122039794922,68.35212783813476,69.05329132080078,-94.285716867015,-3.6912802386407026,-5.0716698509758125,False,16.666666666666664,5.714283132985012,3.139335891045666,-0.38018537582826073,-3.1665496826171875,-2649496.171715493,-204.59816642390828,1
2023-02-14,67.40216064453125,67.40216064453125,65.59270666749686,65.81888841462616,24410.678,-0.22618200760952334,1.1309084742742073,1.130908481410657,43.758261843615784,67.04027557373047,68.21641845703125,68.88365478515625,-62.85716299361028,0.22420884940592625,-1.2427559312606096,True,33.33333333333333,37.14283700638971,15.52027614341491,-0.282063247800851,-1.3570938110351562,-2625085.493715493,-84.34735089108493,0
2023-02-15,66.27125549316406,67.40216428997573,66.04507373380173,67.40216428997573,16260.716,1.583275875349571,3.6454444796163443e-06,0.45236706630487333,40.10590967581174,66.58791046142578,67.96761856079101,68.600927734375,-77.14282549289665,-0.9577490676348885,-2.6847492706724814,False,33.33333333333333,22.85717450710335,21.904764882159373,-0.27036615210768256,-2.4879989624023438,-2635925.9710488264,-76.023392158081,1
2023-02-16,66.94979858398438,66.94979858398438,65.81888982411976,66.49743508003853,9969.02,-0.9047292099372015,-0.4523657059913546,-0.22618390968196422,43.20857655221689,66.40696411132812,67.60572738647461,68.44260025024414,-68.57142799332483,0.45248532094211574,-1.4701830584440285,True,33.33333333333333,39.28575292206249,33.095254811851866,-0.1973607946698155,-3.6189117431640625,-2625956.9510488263,-60.57151699500604,0
2023-02-17,66.04507446289062,66.49743798660906,65.8188927010314,66.27125622474983,10223.59,-0.22617885528869408,-0.45236059737531775,2.8769116369176118e-06,40.18097354062982,66.31649017333984,67.10812759399414,68.22772789001465,-79.99995799275392,-0.4545439909992746,-2.477037281654792,False,33.33333333333333,36.842101196453775,32.99500954187322,-0.19034625747170497,-4.9759979248046875,-2629364.8143821596,-73.52935327768704,1
2023-02-20,66.49744415283203,66.7236259356648,65.59271702150099,66.04508058716651,8806.97,-0.22617563758332437,0.2261879490557419,-0.22617567953041373,42.3831121701538,66.63314666748047,66.92718353271485,68.01285552978516,-74.28559661806469,0.22728349479105098,-1.314675411166538,True,50.0,47.36853308910343,41.16546240253991,-0.13802080735059885,-1.8094406127929688,-2624080.6323821596,-54.57691230976475,1
2023-02-21,70.11634826660156,70.11634826660156,66.49743996897051,67.17598527477634,42223.916,1.1309046876098279,3.3927223309367633,0.9047229474695229,56.39297571124731,67.17598419189453,67.1081298828125,68.06940116882325,-10.714139139118188,4.318567273392232,4.172504223443991,True,66.66666666666666,100.00000000000001,61.40354476185242,0.14235706527893022,1.8094635009765625,-2581856.7163821594,136.61171066123995,0
2023-02-22,68.98543548583984,70.56870777567879,68.75925373014857,69.66398075291369,35219.109,2.48799547813735,0.4523595090772261,2.261813761178061,52.076158624386075,67.71882019042968,67.15336532592774,68.06940116882325,-25.9259166459114,2.2346333974239796,2.4062644167724976,False,50.0,74.0740833540886,73.81420548106404,0.24752922852312687,0.45235443115234375,-2608271.0481321597,150.09729215053355,1
2023-02-23,71.47344207763672,71.69962385636342,69.43780606909644,69.43780606909644,34299.954,-0.22617468381724848,1.130916080684628,0.6785523389478669,59.51410951519571,68.62354888916016,67.51525650024413,68.2164192199707,-3.1249962216627236,4.5780529952041595,5.685624677905535,True,66.66666666666666,96.87500377833729,90.3163623774753,0.46775935955659464,3.6189117431640625,-2580831.0849321596,164.530050441212,0
2023-02-24,71.02107238769531,72.15198118367772,70.34252711010586,71.69961766528476,32154.792,2.2618115961883234,0.4523573273143029,0.9047210410094237,57.73671320555079,69.61874847412109,67.96761932373047,68.31820106506348,-14.705876262458187,2.8945892066657897,4.695746712866324,False,50.0,82.75862988822004,84.569239006882,0.5598467051314738,4.523628234863281,-2588869.7829321595,122.20394358365898,0
2023-03-01,70.56871032714844,71.4734373826247,69.66398327167217,71.24725561875563,21240.175,-0.4523620465291316,-0.6785438010530243,-0.678543838433697,55.91502480712206,70.43300170898438,68.53307418823242,68.44260101318359,-20.58820781020614,1.1345200016218633,3.683190456889237,False,50.0,75.86206596680405,85.16523321112048,0.5655137475008334,5.654548645019531,-2588869.7829321595,80.16192315195082,1
2023-03-02,72.60433959960938,72.83052134291033,71.24724913980359,71.47343088310456,33776.976,0.22617526434892454,1.3570839602856353,1.58326586813142,61.827551659564094,70.93059997558593,69.05329208374023,68.63485527038574,-2.702703137174748,2.555902279801725,5.882345087312583,True,50.0,96.87499505019896,85.16523030174103,0.6742060165840624,5.202178955078125,-2564743.371503588,112.3735528810221,1
2023-03-03,73.7352523803711,73.7352523803711,71.69961657845901,72.83052535729907,36959.064,1.3570944741945112,0.9047310374607633,0.45236743865542905,64.69708990689652,71.88056335449218,69.79969177246093,68.88365516662597,-0.0,3.2734936007232873,6.391077394248932,True,50.0,100.0,90.91235367233435,0.7825011286832111,7.463996887207031,-2527784.307503588,114.5298835216728,1
2023-03-06,74.4137954711914,74.63997722034397,73.05670497627605,74.4137954711914,29508.197,1.5832701138923397,0.9047248399728716,1.3570883978170372,66.35266743822186,72.46863403320313,70.54609146118165,69.07590942382812,-2.5000026989550346,2.919703908522103,6.472486471861144,True,66.66666666666666,97.49999730104497,98.12499745041465,0.8542176466035838,7.463996887207031,-2506707.0239321594,121.65444660045506,1
2023-03-07,75.09233856201172,75.09233856201172,73.28288462075842,73.96142984872841,24520.372,-0.4523656224629917,0.45236134166775344,0.2261796444823716,67.99027387357177,73.2828872680664,71.45081787109375,69.27947273254395,-0.0,2.998961534281691,6.325052266790722,True,66.66666666666666,100.0,99.166665767015,0.8973009771554163,9.047264099121094,-2482186.6519321594,119.25630804939195,0
2023-03-08,72.83052825927734,74.41380061273989,72.83052825927734,74.18761884795953,24727.61,0.22618899923111258,-0.6785379492718278,-0.4523563614810797,57.76667957939715,73.7352508544922,72.08412628173828,69.50565490722656,-23.80947802066621,-0.5149279391300495,2.411875890546909,False,66.66666666666666,64.28580442575617,87.26193390893373,0.7304874663950661,6.3330841064453125,-2506914.2619321593,63.56606947113365,1
2023-03-09,74.4137954711914,74.63997722034397,72.8305232271235,73.05670497627605,26309.649,-1.1309138716834752,0.22617660760407432,-5.032153836737052e-06,62.11669932404628,74.09714202880859,72.51387100219726,69.81100044250488,-7.142843406199863,0.765696066851176,3.622042654295959,True,83.33333333333334,88.00001429524939,84.09527290700187,0.6845782572424619,4.297447204589844,-2487182.025182159,74.91404998284368,1
2023-03-10,74.63997650146484,77.5803392121286,71.69961379080108,72.37815903172348,88291.71,-0.6785459445525674,2.9403619917846413,-1.1309094363224261,62.71519144746395,74.27808685302735,73.07932510375977,70.11634521484375,-26.530627466264868,0.6097541536493671,2.9641143122241806,True,83.33333333333334,62.85711844212215,71.71431238770926,0.6286897966014505,5.654541015625,-2487182.025182159,92.20675762265607,1
2023-03-13,77.12797546386719,77.12797546386719,74.41379450912699,74.63997625535534,48003.545,2.2618172236318514,-0.4523637482614191,2.714180718325906,68.65717383270675,74.8209228515625,73.64477844238282,70.58001747131348,-5.1282095518235336,3.177002937919271,5.545521055672587,True,83.33333333333334,94.28570731705456,81.71428001814205,0.7123873251078643,5.654533386230469,-2439178.480182159,146.51172102184177,1
2023-03-14,77.35415649414062,77.35415649414062,74.41379382038674,75.54470254106131,62807.494,0.9047262857059764,0.2261810302734375,-6.887402435040713e-07,69.14483907438954,75.27328643798828,74.27808685302735,71.1228530883789,-2.7777930284696914,2.8056090685299413,4.854364614620196,True,83.33333333333334,96.42855674868137,84.52379416928603,0.7332194734095612,6.3330841064453125,-2376370.9861821593,129.9368639692372,0
2023-03-15,75.54471588134766,81.19926048324493,75.31853409727177,79.84216977878958,147746.174,4.29746723772827,3.8451039891043024,0.9047402768850219,60.87831410084043,75.81612396240234,74.77568740844727,71.65438079833984,-49.01958139527286,0.3003128430420604,1.9328721421993684,False,66.66666666666666,40.47626417101411,77.06350941225003,0.5819769904941599,4.976005554199219,-2512752.069874467,147.12966632720486,0
2023-03-16,72.15198516845703,75.77089351546428,71.69962162508112,75.54471174377633,79852.301,-4.29745803501325,-5.428366967780647,-3.618912472190644,48.91616457495866,75.36376190185547,74.73045196533204,71.89187202453613,-78.43136449041053,-4.060144095863714,-2.7685983792067494,False,66.66666666666666,4.761981074683261,47.2222673314596,0.22844152462519474,-0.45235443115234375,-2574859.415096689,-82.0639645165275,1
2023-03-17,73.28289031982422,73.28289031982422,72.37816327883874,72.83052679933148,30665.332,-2.7141849444448525,-2.4880031956400614,0.6785416537576197,52.322778377528735,75.09234466552735,74.68521575927734,72.24245376586914,-79.54542946374174,-2.3115571245579916,-1.5446924740922563,True,66.66666666666666,16.66668856519157,20.634977936963,0.05481285779292033,-0.452362060546875,-2544194.083096689,-93.9737572345108,0
2023-03-20,73.28289031982422,75.09234440179519,73.05670855957784,73.96143560056333,31761.114,1.130908801231854,1.8094540819709692,0.678545280739101,52.322778377528735,74.32332763671874,74.57212524414062,72.55910835266113,-83.33331143480844,-2.0161293201890644,-1.6194314153108962,False,50.0,16.66668856519157,12.698452735022153,-0.06924846550395292,-1.1309051513671875,-2568897.1717633554,-45.83326557459675,0
2023-03-21,72.60433959960938,73.96143005941515,72.60433959960938,73.7352483161142,18432.225,-0.22618728444913927,-1.1309143423800379,-0.45236895996846727,49.94451232499011,73.3733642578125,74.3233253479004,72.88707160949707,-90.47621624151637,-1.9348343764489133,-2.406896415399922,False,33.33333333333333,9.523783758483628,14.285720296288943,-0.19888412906851105,-2.4879989624023438,-2587329.3967633555,-72.6790923101702,1
2023-03-22,73.05670928955078,73.50907281456348,72.37816400203174,73.05670928955078,21000.308,-0.6785390265634135,-0.45235724485166884,-0.22617559757763672,51.54626922941907,72.87576293945312,74.34594345092773,73.21503486633301,-85.7142529329101,-0.35989773932441155,-1.6493248557898972,True,33.33333333333333,14.28574706708991,13.492073130255056,-0.25259196972296616,0.2261810302734375,-2583129.335163356,-72.91659735080414,0
2023-03-23,72.15198516845703,72.60434871183294,71.24725808170523,72.15198516845703,26422.287,-0.90472412109375,-0.9047241027305404,-1.1309059203265122,48.182360438212335,72.87576293945312,74.1197624206543,73.31681671142579,-90.90909497156238,-0.8290111158465041,-2.545819225223133,False,33.33333333333333,9.090905028437618,10.966811951337071,-0.3419251165971975,-2.261810302734375,-2574321.906163356,-99.99988688829121,1
2023-03-24,72.60433959960938,72.83052134291033,71.92579436970648,72.3781578563084,15077.398,0.22617268785137412,0.2261726310773895,0.6785362880012542,49.963449262462404,72.74005279541015,73.91619873046875,73.49776191711426,-86.36373401905338,-0.31056499223691625,-1.9098607410245594,True,50.0,13.63626598094662,12.337639358824736,-0.3615196247314558,-2.0356369018554688,-2566783.207163356,-67.82406651648716,1
2023-03-27,72.83052825927734,73.05671002405771,71.2472559058148,71.47343767059516,24955.849,-0.904720185713245,0.22618868114737722,-0.6785384638916838,50.88434077307484,72.64958038330079,73.48645401000977,73.56561622619628,-84.09092016443395,0.1036301052254428,-1.4285685520722826,True,50.0,15.90907983556605,12.878750281650115,-0.34998552348966894,-4.297447204589844,-2548066.3204133557,-65.13400972945033,0
2023-03-28,72.60433959960938,73.50906657281323,72.3781578563084,72.83052134291033,13559.739,1.35708367231517,0.45235654875551745,1.1309019504936089,49.88281841337022,72.64958038330079,73.01147232055663,73.644779586792,-86.36371513662414,-0.051899221091574584,-1.508571943294343,False,50.0,29.99983223456604,19.84839268369292,-0.34761722547992047,-4.74981689453125,-2556202.1638133554,-34.76856075609764,0
2023-03-29,71.69961547851562,73.05670599230456,71.69961547851562,72.83052424000641,10533.533,2.8970960812557678e-06,-0.45236058050866745,-0.6785423777927804,45.93753599522834,72.37816162109375,72.62696228027343,73.70132484436036,-95.45458837783573,-1.0920454385791996,-2.1353255421453046,False,50.0,11.764607581170619,19.224506550434256,-0.3936282834530388,-3.8451004028320312,-2566735.696813355,-97.90238484223747,0
2023-03-30,71.47344207763672,72.60435097127021,71.47344207763672,72.37816919254351,11379.164,-0.4523550474629019,-0.4523550210343501,-0.22617340087890625,44.9676051024883,72.2424530029297,72.55910797119141,73.64477996826172,-97.72723002625135,-1.0438326916384637,-1.7870942630693343,False,33.33333333333333,5.882469858843939,15.882303224860218,-0.42334992857699827,-0.6785430908203125,-2578114.860813355,-110.4160581546419,1
2023-03-31,71.69961547851562,72.60434248770825,71.69961547851562,72.37816073541009,9825.495,-8.457133418460216e-06,-8.48356195604083e-06,0.22617340087890625,46.20665893409158,72.06150817871094,72.40078048706054,73.54299812316894,-90.000092586199,-0.6269607613859882,-1.0405855177209327,True,50.0,16.666564011774014,11.437880483929542,-0.4114710113097103,-1.5832748413085938,-2587940.355813355,-74.18739100607007,0
2023-04-06,71.47344207763672,72.8305327499969,71.47344207763672,72.37816919254351,14378.321,8.457133418460216e-06,0.2261902622886538,-0.22617340087890625,45.098947273298045,71.79009094238282,72.2198356628418,73.3959804534912,-94.11753014115605,-0.6809773059336598,-1.2757009481626556,False,33.33333333333333,10.000198112722407,10.849743994446806,-0.40207027040131266,-1.8094482421875,-2602318.676813355,-77.33272851756301,1
2023-04-07,73.96143341064453,73.96143341064453,71.69961587515081,71.92579762870018,25627.495,-0.45237156384332877,1.130900660647626,0.22617379751409317,57.36455028672832,72.06150970458984,72.35554504394531,73.33943519592285,-29.411832584162816,2.5078341896296057,2.081163137905604,True,33.33333333333333,100.0,42.22225404149882,-0.22058755278717584,1.3570938110351562,-2576691.181813355,141.02604420823874,0
2023-04-10,73.96143341064453,75.31852393194076,73.28288814999641,74.86616042484201,23952.687,2.9403627961418266,1.3570905212962288,1.5832722748455978,57.36455028672832,72.51387329101563,72.44601745605469,73.3959804534912,-33.33336229861475,2.187496442406771,2.0015576000984567,False,33.33333333333333,66.66663770138526,58.88894527136924,-0.099035840717144,0.90472412109375,-2584675.410813355,206.26194770191256,1
2023-04-11,74.4137954711914,75.09234071864907,74.18761372203885,74.4137954711914,10896.642,-0.45236495365060136,-0.22618321329169078,0.9047255720424374,59.33058244447074,73.10194396972656,72.67219848632813,73.3959804534912,-22.222277063155012,2.173907767750948,2.4124470937737175,True,50.0,77.777722936845,81.48145354607676,0.007674749150685445,2.261810302734375,-2590123.731813355,160.0001610181078,1
2023-04-12,75.31852722167969,75.77089074853662,74.41380016796582,75.09234545825122,29171.34,0.6785499870598102,0.6785500298875462,0.22618644592697024,63.048300147208046,73.82572631835937,72.94361724853516,73.42990798950196,-10.000000941383368,2.51411209091551,3.389394155158134,True,66.66666666666666,89.47367236937347,77.97267766920125,0.12834095017897568,2.7141876220703125,-2580399.9518133546,142.14238939474566,0
2023-04-13,75.31852722167969,75.77089074853662,74.41380016796582,75.31852722167969,15049.245,0.22618176342847107,0.0,0.0,63.048300147208046,74.59474334716796,73.19241714477539,73.33943557739258,-10.000000941383368,1.6793907596412356,3.016243768848495,False,50.0,89.47367236937347,85.57502255853068,0.19339835458417448,2.4879989624023438,-2575383.5368133546,105.827026969708,1
2023-04-14,76.90180206298828,77.12798383376177,75.09234789680032,75.5447114383473,41999.928,0.2261842166676189,1.3570930852251593,0.6785477288345021,68.95807233867033,75.18281707763671,73.62216339111328,73.31681785583496,-3.846152611458354,2.5641078691947796,4.6690658894020975,True,66.66666666666666,95.99999822216378,91.64911432030358,0.32079093352929156,4.297462463378906,-2542716.926146688,126.31597618272916,1
2023-04-17,78.93743896484375,78.93743896484375,77.35416655007612,78.25889364422905,39503.361,2.714182205881741,1.8094551310819753,2.261818653275796,74.64558608946969,76.17801818847656,74.3459457397461,73.48645401000977,-0.0,4.127304940384166,6.70064279137826,True,66.66666666666666,100.0,95.1578901971791,0.5087134052254525,7.237823486328125,-2503213.565146688,166.51458156541756,0
2023-04-18,76.90180206298828,79.38980154149672,76.4494385214413,79.38980154149672,34783.467,1.1309078972676758,0.4523625766529733,-0.9047280286348212,62.21104326302958,76.67561950683594,74.88878173828125,73.72394485473633,-31.428581406222516,0.790516264672283,3.448279224105545,False,66.66666666666666,68.57141859377748,88.19047227198043,0.46374499087807153,5.4283599853515625,-2527294.426915919,107.92225953272934,0
2023-04-19,75.9970703125,77.35416085379464,75.77088855561756,77.1279790969122,19470.553,-2.2618224445845243,-2.0356406877020845,-0.6785499658237342,57.56194002547568,76.811328125,75.31852722167969,73.85965385437012,-42.85721542187819,-0.7385566763617525,1.7411021305512906,False,50.0,55.8823235719246,74.81791405523406,0.34627715571113105,4.297454833984375,-2541201.9647730617,47.57138642819952,1
2023-04-20,77.12797546386719,77.35415721009554,75.99706673272544,76.22324847895379,19524.767,-0.9047306179584069,-3.6436991024402232e-06,0.22617817710788302,61.486652827050314,77.1732177734375,75.88398056030273,74.05190811157226,-28.571543371107516,0.3432978115711663,2.607816736098517,True,50.0,62.962859752070884,62.47220063925767,0.31864630192242993,5.654533386230469,-2528185.4534397284,52.272441789834616,0
2023-04-21,75.09233856201172,77.12797424592168,74.63997507669839,76.90179250326501,20317.849,0.678544024311222,-0.22618296417385864,-1.3570916560270518,52.036789128534096,76.81132507324219,75.99707107543945,74.17630805969239,-54.28584943753386,-2.2571224297069534,-0.47465175428940143,False,50.0,17.391237521046552,45.4121402816807,0.14596440704882696,1.1309051513671875,-2541114.9937124555,-25.000302446194084,0
2023-04-24,74.63997650146484,75.09233999541311,74.18761300751657,74.63997650146484,11609.147,-2.2618160018001703,-2.035634250508565,-0.45236206918181665,50.1676448515686,75.9518325805664,76.06492538452149,74.25547142028809,-61.76476415671273,-2.3668679503360766,-1.4189740534266237,False,33.33333333333333,8.695638210600755,29.683245161239416,-0.007872180854209154,0.6785430908203125,-2541114.9937124555,-91.78752631417669,0
2023-04-25,73.28289031982422,75.31852616204156,73.05670855957784,74.63998088130245,17674.97,4.379837605483772e-06,0.2261861666284517,-1.1309044479387325,44.89052634121757,75.2280502319336,75.95183486938477,74.31201667785645,-96.42857351230859,-2.9455789388170537,-3.139012593732903,False,16.666666666666664,3.571426487691407,9.886100739779591,-0.19955196481672777,-1.1309051513671875,-2555254.9697124553,-127.4374668425411,0
2023-04-26,72.37815856933594,73.28288555145264,72.15197682380676,72.83052206039429,17907.39,-1.8094588209081621,-2.0356406105889278,-0.9047317357710796,41.700356083586996,74.50426788330078,75.6577980041504,74.30070762634277,-96.87500382571625,-3.1770063399622366,-4.167711631257301,False,16.666666666666664,3.1249961742837487,5.130686957525323,-0.3755799376068981,-2.94036865234375,-2565999.403712455,-153.5911287914938,0
2023-04-27,71.92579650878906,72.60434175887198,71.69961475876143,71.92579650878906,15757.608,-0.9047255516052246,-0.6785437925806548,-0.45236206504533527,40.14425615680772,73.46383209228516,75.31852493286132,74.25547103881836,-97.05882631439565,-2.90076272979419,-4.504507744121284,False,16.666666666666664,2.9411736856043604,3.2125321158598577,-0.5028447817303211,-3.392730712890625,-2573878.207712455,-131.0993183809257,1
2023-04-28,73.05670928955078,74.18761810208252,72.83052752704444,73.05670928955078,16279.021,1.1309127807617188,1.5832763432105423,1.130912768283011,45.673213449572685,73.05670623779297,74.93401565551758,74.27808952331543,-82.35290547381668,-0.4622446763086598,-2.7596567014644076,True,16.666666666666664,17.647094526183324,7.90442146202383,-0.4906874215538921,-3.8450927734375,-2584730.888379122,-65.01366308193036,0
2023-05-02,70.34252166748047,72.60433908444126,69.66397644239224,72.37815734274518,45541.31,-0.678551946805598,-1.5832790176412601,-3.1665510846521983,36.77852030913461,72.1972152709961,74.07452392578125,74.21023483276367,-93.02326313527162,-3.1152688785660487,-5.8526799682235175,False,16.666666666666664,8.823523452599334,9.803930554795691,-0.6360471826522985,-8.594917297363281,-2609253.1322252764,-128.374770853165,0
2023-05-03,67.85453033447266,69.89016624450684,67.62834856669109,69.66398447672526,49056.854,-2.714172866019922,-2.7141728399344203,-2.0356278757011523,30.783565885781357,71.11154327392578,73.16979675292968,74.02928924560547,-98.07692324863199,-5.06328559933716,-8.256875749760752,False,16.666666666666664,2.3255831579099957,9.598733712230903,-0.8566306259590707,-9.047271728515625,-2648498.6154252766,-167.29547653757783,1
2023-05-04,68.0807113647461,68.98543842607162,67.62834783408333,67.85452959941472,20051.763,-1.809454877310543,-0.9047278184352194,-7.326077593461378e-07,31.884679951765577,70.2520538330078,72.3781608581543,73.848344039917,-96.15384677850123,-3.577144695523278,-6.811141102958437,True,33.33333333333333,4.761908637786366,5.303671749431918,-0.9376348934559362,-7.916358947753906,-2655182.5364252767,-133.5607711512502,1
2023-05-05,68.5330810546875,68.75926284034654,68.08071748336943,68.30689926902846,10333.122,0.4523696696137449,-0.22617558572508756,0.4523696492860978,34.16962265658249,69.5735107421875,71.51867141723633,73.70132598876953,-90.69760832569423,-2.0474035348827813,-5.287822808617893,True,50.0,11.764788565629802,6.284093453775408,-0.910335368669496,-8.594894409179688,-2651738.162425277,-99.50897717136417,0
2023-05-08,68.306884765625,68.75924824089404,67.62833955272144,68.53306650325952,11849.003,0.2261672342310561,-1.4599452498487153e-05,-0.4523779306479838,33.55561157418518,68.62354583740235,70.84012603759766,73.41859855651856,-93.02325792228805,-1.5217488863553035,-4.756905756494508,False,50.0,8.823520772320332,8.450072658578852,-0.8578138683516865,-6.785453796386719,-2649368.3618252766,-85.13534086029566,0
2023-05-09,68.306884765625,68.75924824089404,68.08070302799048,68.306884765625,8605.467,-0.2261817376345192,0.0,0.4523634752690384,33.55561157418518,68.21641845703125,70.20681686401367,73.13587112426758,-92.85714414482428,-0.38483486529296895,-3.770585616066496,False,33.33333333333333,10.344814720052597,10.311041352667596,-0.77584653617994,-6.333091735839844,-2652236.8508252767,-65.71107469596384,1
2023-05-10,70.11634826660156,70.34253003520351,68.53307588638798,68.53307588638798,22341.115,0.22619112076297654,1.583281794309471,0.45237285839749575,43.26188275636034,68.66878204345703,69.89016265869141,72.92099876403809,-67.64696566836521,2.3102346971707046,-0.6410199812640109,True,50.0,37.931133662900606,19.0331563850912,-0.5624759454704978,-3.1665420532226562,-2635481.014575277,-14.031940357315731,0
2023-05-11,68.306884765625,69.89015692906663,68.306884765625,69.4377934537976,15771.459,0.9047175674096195,-0.452373106136875,-0.22619112076297654,37.315274682221364,68.71401672363281,69.48303527832032,72.57041664123535,-91.17647922767966,-0.43956829701623823,-2.4757879073431397,False,50.0,10.344814720052597,19.54025436766862,-0.5075990472913661,-4.0712738037109375,-2651252.473575277,-37.303461394186606,1
2023-05-12,68.98543548583984,69.21161724153113,68.08070846307473,68.30689021876601,7563.891,-1.1309032350315817,-0.6785396875355048,-0.22617630255027166,40.65251345182174,68.80448760986329,69.18899917602539,72.25376205444336,-79.31028659774493,0.32894816532390364,-1.0008110008380988,True,50.0,27.272830804494816,25.182926395816025,-0.3950034866924068,-2.9403610229492188,-2646714.138975277,-31.847131583389924,0
2023-05-15,68.98543548583984,69.4377989972224,66.94979968461834,67.85452670738346,21625.99,-0.4523635113825577,0.22618175569127175,-1.1309087784563872,40.65251345182174,68.94019775390625,68.7818717956543,71.85794372558594,-71.87500868618501,0.21906104891867814,-0.5975012743580225,False,33.33333333333333,59.99992899142138,32.53919150532295,-0.29453666092570385,-4.0712738037109375,-2632952.1453389134,-43.859638146539666,0
2023-05-16,68.306884765625,69.21161171616308,68.08070302799048,68.98542997852856,17342.203,1.130903271145101,-0.22618728105932462,1.1309033433721396,38.23031065134246,68.94019775390625,68.57830810546875,71.326416015625,-81.25008113311964,-0.7667081293879198,-1.145670220722761,False,33.33333333333333,39.99979193078497,42.42418390890041,-0.24957074131648604,-2.0356369018554688,-2643357.4671389135,-15.545252033932215,0
2023-05-17,68.306884765625,68.98542997852856,68.08070302799048,68.75924824089404,17121.102,-0.2261817376345192,-0.2261817376345192,0.0,38.23031065134246,68.57830505371093,68.62354354858398,70.89667015075683,-76.00007737059614,-0.7667081293879198,-0.5761381765493925,False,33.33333333333333,39.99979193078497,46.666504284330465,-0.1978765583157811,0.45235443115234375,-2651918.0181389134,-32.8161470498295,0
2023-05-18,68.306884765625,68.98542997852856,68.306884765625,68.53306650325952,11669.514,-0.2261817376345192,0.0,0.2261817376345192,38.23031065134246,68.57830505371093,68.64616088867187,70.51216087341308,-60.000208069215034,-0.33003567312356846,-0.33003937168577663,False,16.666666666666664,39.99979193078497,39.99979193078497,-0.1442241239601778,0.22617340087890625,-2663587.5321389134,-23.941844470478376,0
2023-05-19,68.0807113647461,68.75925666074023,67.85452959941472,68.30689313007748,15244.624,-0.22617337318203568,-0.22617331778832295,-0.4523551662102818,37.2693624924833,68.3973602294922,68.60092391967774,70.05979766845704,-66.66662058973546,-0.605386014686964,-0.6873738057331492,False,16.666666666666664,33.33337941026454,37.777654423944846,-0.10626198696806388,-0.45236968994140625,-2671209.8441389133,-87.71763504779933,1
2023-05-22,69.43780517578125,69.890168727415,68.08071452088,68.53307807251375,21596.375,0.2261849424362623,1.1309120666747674,0.22618492146527558,46.13229614630443,68.48783416748047,68.71401596069336,69.77707099914551,-26.66657134323142,1.2644418081688902,1.1254563545838485,True,16.666666666666664,73.33342865676858,48.88886666593938,0.021158344883941194,1.13092041015625,-2660411.6566389133,91.19595895845316,0
2023-05-23,68.5330810546875,69.43780819732363,68.30689926902846,69.43780819732363,15769.005,0.9047301248098876,-0.4523605300913687,0.22618474814846934,41.833769200792005,68.53307342529297,68.73663558959962,69.47172622680664,-53.333120924388254,0.05504859147875775,-0.19213482487520014,False,16.666666666666664,53.84634877543327,53.50438561415549,0.05357759527586081,0.2261962890625,-2669873.0596389133,5.130217621683219,0
2023-05-24,68.5330810546875,68.98544462600557,68.5330810546875,68.5330810546875,8661.782,-0.9047271426361334,-0.4523635713180596,0.2261817856590369,41.833769200792005,68.57831268310547,68.5783088684082,69.2342357635498,-53.333120924388254,9.277022530947434e-06,-0.21952622934155486,False,16.666666666666664,53.84634877543327,60.34204206921172,0.08236780323999793,-1.5832672119140625,-2678534.8416389134,15.387273704879972,0
2023-05-25,67.85453033447266,68.53307563781739,67.85453033447266,68.53307563781739,18905.719,-5.4168701097978555e-06,-0.4523689881881836,-0.6785507202148438,38.62167034270293,68.487841796875,68.53307342529297,69.00805435180663,-73.33325798502467,-0.8810581033466226,-1.153208803690766,False,16.666666666666664,30.769289047942173,46.15399553293626,0.06388291281081804,-0.45235443115234375,-2697440.5606389134,-148.1449432748875,1
2023-05-26,68.98543548583984,69.66398075291369,67.62834495169217,68.08070846307473,23590.333,-0.45236717474266186,1.1309051150962972,-0.2261853827804856,46.140597319227446,68.66878662109374,68.53307342529297,68.86103630065918,-30.76937719064826,0.6047203244297475,0.6323882241323521,True,33.33333333333333,59.999835031974385,48.20515761844996,0.13206555950571852,0.0,-2689577.1163055804,60.18371099441141,1
2023-05-29,71.02107238769531,71.24725414689179,69.21161831412346,69.43780007331995,28507.123,1.3570916102452202,1.5832733939781036,1.5832733624312851,56.584218651165216,68.98544006347656,68.73663711547852,68.7592544555664,-5.263156624045373,2.838422327438043,3.261167090501245,True,50.0,93.7500018100343,61.50637529665031,0.30843235500815336,2.0356369018554688,-2667404.9095278024,274.579721028248,0
2023-05-30,69.43780517578125,71.02107760649939,69.43780517578125,71.02107760649939,20245.189,1.5832775331794409,-0.22617654039240165,0.22618686165779422,48.5899537760546,69.16638488769532,68.84972915649413,68.71401863098144,-42.105134260184855,0.5458534218717416,0.9038682717927256,False,33.33333333333333,50.00015547472914,67.9166641055793,0.3117084544079285,1.13092041015625,-2687650.098527802,122.80719791451844,0
2023-05-31,69.21162414550781,71.02107837153416,69.21162414550781,70.11635125852098,24900.767,-0.9047263479784107,7.65034769756312e-07,-0.2261810302734375,47.543158481974096,69.30209350585938,68.94020309448243,68.7818733215332,-56.24982257317159,0.0544994109254917,0.5476516632505459,False,33.33333333333333,43.75017742682841,62.500111570530635,0.2922185433623732,0.9047393798828125,-2712550.865527802,79.4394495130123,1
2023-06-01,69.43780517578125,69.890168727415,68.75925984833061,69.890168727415,17398.65,-0.22618253110597664,-1.130909644119157,-0.4523642971771977,48.74768759513404,69.61874847412109,69.05329513549805,68.84972801208497,-49.99984452527086,0.16313527285411403,0.7383141429372316,True,50.0,50.00015547472914,47.91682945876226,0.28768369609693367,1.13092041015625,-2709071.135527802,24.899701359127636,0
2023-06-02,68.98543548583984,69.89016250860496,68.75925373014857,69.89016250860496,19947.376,-6.218810042923906e-06,-6.218810042923906e-06,-6.118182042769149e-06,46.42193107514647,69.61874847412109,69.14376754760742,68.87234573364258,-62.500011441353244,-0.7592239338536635,-5.529713667555495e-06,False,50.0,37.499988558646756,43.75010715340145,0.24880090618654505,0.90472412109375,-2721039.5611278024,-1.8422117026325326,0
2023-06-05,68.306884765625,69.21161171616308,67.85452129035596,68.98542997852856,26154.661,-0.9047325300764015,-0.6785507924418823,-0.9047324397926104,43.06019511573274,69.07591094970704,69.03067550659179,68.87234573364258,-81.25015640533636,-1.5752422342857109,-0.9836199374711039,False,33.33333333333333,18.749843594663634,35.416662542679866,0.17542637881000445,-1.13092041015625,-2729757.7814611355,-76.54415763009496,1
2023-06-06,68.5330810546875,68.98544462600557,68.08071748336943,68.30689926902846,23209.86,-0.6785307095000945,-0.22616709015750303,0.2261961930134646,44.52122461292564,68.89496612548828,69.03067550659179,68.8836555480957,-74.9997567168738,-0.6557300358397332,-0.7099876112715768,True,33.33333333333333,25.000243283126196,27.08335847881222,0.14161852085210502,0.0,-2729757.7814611355,-63.491454014145326,0
2023-06-07,68.306884765625,68.98542997852856,68.306884765625,68.53306650325952,16597.224,0.2261672342310561,-1.4647477016183075e-05,0.2261672822555738,43.308927694072885,68.71401824951172,69.00805587768555,68.79318237304688,-81.25015640533636,-0.7123394011085038,-0.9023917414232316,False,33.33333333333333,18.749843594663634,20.83331015748451,0.10518913381115402,-0.2261962890625,-2746355.0054611354,-60.46573334508323,1
2023-06-08,69.66397857666016,70.34252382253672,68.53306983353255,68.53306983353255,36400.825,3.3302730315654117e-06,1.357093844008162,0.22618506790755077,51.884110274944796,68.7592529296875,69.18900070190429,68.86103706359863,-43.75007729765103,1.1494215948270323,0.9284477016894039,True,50.0,53.33332634246222,32.36113774008404,0.16982843981412732,1.8094482421875,-2737254.7992111356,29.332779177113927,1
2023-06-09,70.11634826660156,70.34253003520351,69.2116211921938,69.89016649799963,16501.183,1.357096664467079,6.212666789906507e-06,0.6785513586612524,54.392730750704274,68.98543548583984,69.30209197998047,68.91758270263672,-31.249910381568647,1.6393500639622016,1.3900273863952155,True,50.0,71.4285868929933,47.83725227670641,0.23630269218421218,1.1309127807617188,-2727354.0894111358,61.26136461600624,1
2023-06-12,70.34252166748047,70.56870340917655,69.21161295900008,69.66397644239224,20778.52,-0.2261900556073897,0.22617337397304027,-8.23319372500464e-06,55.65380143569281,69.39256286621094,69.23423690795899,68.98543701171874,-25.000143153948823,1.633981704651992,1.4130352526808212,True,66.66666666666666,78.57115199069091,67.7776884087155,0.28546846286887007,-0.6785507202148438,-2713501.742744469,91.08424591084702,1
2023-06-13,71.02107238769531,71.47343590608828,69.8901635917129,70.56870886930236,26214.563,0.9047324269101154,0.9047324969117341,0.6785506327128275,59.3339604758049,69.8901611328125,69.39256362915039,69.12114639282227,-12.499977657014469,1.948052991071578,2.1415012504017943,True,83.33333333333334,87.50002234298553,79.1665870755566,0.34942728492512165,1.5832672119140625,-2702266.9300301834,154.4303602941245,1
2023-06-14,73.05670928955078,73.50907281456348,71.02107342699364,71.24725518949998,42797.566,0.6785463201976256,2.0356369084751975,1.1309098352807325,68.01958176638618,70.84012603759766,69.77707214355469,69.35863761901855,-7.99998944347931,3.747327615090981,4.813413531625678,True,83.33333333333334,92.00001055652069,86.02372829673239,0.5051149321002594,3.8450851440429688,-2675032.1153029106,210.1450093436715,1
2023-06-15,73.28289031982422,74.1876173608097,72.6043450390851,73.73525384031696,28255.927,2.4879986508169765,0.678544546246215,1.5832716120914654,68.82662582955709,71.56390838623047,70.16158065795898,69.60743789672851,-14.285698983888276,2.8571443869049915,4.656797195121318,True,100.0,85.71430101611172,88.40477797187266,0.5935085204406764,3.8450851440429688,-2679068.6763029103,169.79650902787645,1
2023-06-16,75.09233856201172,75.31852030466838,73.28288462075842,73.73524810607175,54913.005,-5.734245206667765e-06,1.1309029438586862,0.67853958167332,74.45303135448015,72.5591064453125,70.77227096557617,69.9580192565918,-3.0303024186224308,4.075229087917073,6.495582990870783,True,100.0,96.87499441141074,91.52976866134775,0.7347774471327264,6.106903076171875,-2636358.5613029106,150.0285028464685,0
2023-06-19,73.28289031982422,75.09234440179519,73.28289031982422,75.09234440179519,37572.793,1.3570962957234372,-0.22617590287319445,5.6990657952837864e-06,62.205122894318855,73.14718017578124,71.26987152099609,70.15027351379395,-27.272645413548258,0.8298781103239844,3.4592892336214804,False,83.33333333333334,70.96782949557172,84.51904164103142,0.6691578353020289,4.976005554199219,-2673931.3543029106,93.7175936033495,1
2023-06-20,73.50907897949219,74.41380610539363,73.28289719801683,73.73526076096755,34859.911,-1.3570836408276392,-0.6785382964015554,6.878192607473466e-06,63.03438291942437,73.64478149414063,71.76747131347656,70.39907341003418,-24.24225032327231,0.4119555376906124,3.2292328591208155,True,83.33333333333334,73.3335121540824,80.39211202035499,0.6056888294998304,4.9759979248046875,-2694847.3009029105,70.83355621891164,0
2023-06-21,71.47344207763672,73.50907808617701,71.47344207763672,73.50907808617701,49054.154,-0.226182674790536,-0.9047280192166198,-1.8094551203801075,51.86243832349373,73.32812805175782,72.08412704467773,70.54609146118165,-53.124937525468454,-2.4691295259504242,8.005835720517876e-06,False,66.66666666666666,37.03722671084867,60.44618945350095,0.40117002139366276,3.1665573120117188,-2743901.4549029106,4.427817834329779,1
2023-06-26,72.37815856933594,72.60434031486511,71.47343158721924,71.92579507827759,48173.905,-1.5832830078994249,-0.9047377713119005,-1.049041748046875e-05,55.671637720169194,73.14718170166016,72.35554504394531,70.7722728729248,-41.93546169020655,-1.0819234676939042,0.8138566330626676,True,66.66666666666666,51.85186922120121,54.07420269537746,0.3056972804122511,2.7141799926757812,-2714997.1119029108,-8.09272067396286,1
2023-06-27,72.83052825927734,73.50907355361844,72.60434649449698,72.60434649449698,40054.088,0.678551416219392,0.9047332387533231,1.1309149072777416,57.505844821329454,72.69481964111328,72.6269630432129,70.96452751159669,-36.66657145276558,-0.3610096622038425,0.9140791208907376,True,66.66666666666666,54.16675474820726,47.685283560085736,0.2540128785128821,2.7141799926757812,-2735024.155902911,22.22230787376631,0
2023-06-28,71.24726104736328,73.28289707728794,70.56871570405505,73.0567152961852,48746.421,0.45236880168822324,-0.22617647633049387,-2.035630790441928,49.660265747960935,72.28769378662109,72.71743698120117,70.97583694458008,-66.6664651493835,-1.6649269272593772,-1.4598457732487242,False,50.0,14.285752791190834,40.101458920199796,0.10199500279193274,0.9047393798828125,-2759397.3664029106,-78.68817172777396,0
2023-06-29,70.11634826660156,71.69962064681515,69.2116211921938,71.4734388782132,115108.898,-1.5832764179720016,-1.583276430472793,-1.3570945118612485,44.88817772217076,71.60914764404296,72.6269645690918,71.0097640991211,-85.18504938112049,-2.5157238819729377,-3.0239805651697966,False,50.0,14.814835774176634,27.75578110452493,-0.07630518652415907,-0.90472412109375,-2790790.702221093,-165.62506201065733,1
2023-06-30,77.12797546386719,77.12797546386719,73.82838293065362,75.80813970927642,145846.948,4.334700831063216,5.428354817052039,4.6167617384598145,66.59781445827568,72.74005432128907,73.03409118652344,71.40558166503907,-0.0,6.34094804704892,5.8458279084632245,True,50.0,100.0,43.03352952178918,0.2580799636170299,4.071266174316406,-2644943.754221093,159.96609619686325,1
2023-07-03,84.55206298828125,84.55206298828125,81.25247028629954,81.49994225633763,74346.097,5.691802547061215,7.4240875244140625,7.4240873556459235,77.04332378825026,75.17483520507812,74.16100845336913,72.16129455566406,-0.0,13.17562425823354,14.266019120053967,True,66.66666666666666,100.00000000000001,71.6049452580589,0.9220113681036493,11.269172668457031,-2570597.657221093,265.4008981165302,1
2023-07-04,87.0267562866211,92.38859435167359,85.78940904083976,89.08900169625667,197611.521,7.5890594399190405,7.836531363392339,4.536938754540216,79.38731589412919,78.01408081054687,75.35445022583008,73.06336059570313,-23.134332633333575,12.80179003134342,15.788693758734343,True,66.66666666666666,76.86566736666643,92.28855578888884,1.4397313718919313,11.934417724609375,-2694104.8578460934,200.91603490901167,1
2023-07-05,88.26410675048828,88.67655584745317,84.5520648778042,87.43920855655848,76578.066,-1.6497931396981897,-3.7120385042204163,-1.2373441630355586,80.4747516445262,81.41744995117188,76.85257186889649,74.06122169494628,-17.7956266023388,10.71428645481745,15.516216207647998,True,66.66666666666666,82.2043733976612,86.3566802547759,1.7564233961559073,14.981216430664062,-2632842.4050460933,120.73024702703073,0
2023-07-06,87.85165405273438,89.08900129291374,86.61430681255501,87.85165405273438,40849.647,0.41244549617589144,0.4124454454605626,2.0622419347508156,78.95998374437443,84.96451110839844,78.28682937622071,75.02715034484864,-19.575206252001575,6.499998335199344,13.398398374164561,False,66.66666666666666,80.42479374799844,79.83161150410871,1.821223630451093,14.342575073242188,-2632842.4050460933,94.45994951496486,1
2023-07-07,89.08900451660156,89.50145361158583,87.4392081366645,88.26410632663304,41868.879,0.41245227389866557,0.412452318672095,0.82490132410949,80.18087785888008,87.35671691894531,80.04838562011719,76.06625633239746,-14.236500221006802,4.012843579285183,13.07309068983952,True,83.33333333333334,85.76349977899321,82.79755564155097,1.82588168187388,17.615562438964844,-2607721.0776460934,81.11003536435139,0
2023-07-10,86.20185852050781,88.67655302348889,85.78940943667763,88.67655302348889,31151.174,0.4124466968558522,-0.8249005880969378,-1.6497986999868743,69.86189539602232,87.68667602539062,81.43075561523438,76.89315032958984,-26.69345901466557,-1.1041018575569077,7.959340043415184,False,66.66666666666666,73.30654098533444,79.83161150410871,1.5252223132774807,13.823699951171875,-2629971.9162175218,53.776346453311916,0
2023-07-11,85.78941345214844,87.43920986468974,84.55206614274245,86.6143116584191,29063.648,-2.062241365069795,-1.237343158799149,-1.237343293935183,68.48827036461049,87.4392074584961,82.72664413452148,77.67680358886719,-28.47300574633479,-1.8095956494839995,5.8611096161386795,False,50.0,71.52699425366521,76.86567833933097,1.2034103033949912,12.958885192871094,-2634123.8659318076,36.65639839285257,0
2023-07-12,82.90226745605469,84.96451291516053,82.48981836423353,84.96451291516053,40813.56,-1.6497987432585717,-2.4746969495292177,-2.062247778508919,59.54736367401675,86.36683959960938,83.89214477539062,78.3047908782959,-40.92996453999356,-4.361617756699859,1.2032534681795326,False,33.33333333333333,48.88890713348575,64.57414745749516,0.724537697714597,11.655006408691406,-2661332.9059318076,-5.550619883836156,0
2023-07-13,79.10773468017578,82.90226495160427,78.77777415799211,82.48981587224304,62030.178,-2.4746970429174837,-2.06224796355626,-3.7120442062414156,50.158955334579346,84.61805572509766,84.79128341674804,78.70912399291993,-57.30195906131817,-7.103649607875487,-4.041704175086417,False,16.666666666666664,2.4242515696213918,40.94671765225747,0.11276717420975135,8.991386413574219,-2713438.2175915916,-94.47109928725119,1
2023-07-14,79.60267639160156,81.99488243304911,79.35520441392725,80.4275745925508,37176.765,-2.0622412796922447,-0.9073825185551527,0.5774302559351412,51.25257280437718,82.72079010009766,85.03875350952148,79.03642234802246,-55.16647006532155,-4.988511658498957,-4.2500389047693155,True,33.33333333333333,6.0606357432625,19.1245981487899,-0.27674394619717724,2.474700927734375,-2743644.278216712,-121.76866631754612,1
2023-07-17,81.16998291015625,82.07736965772784,80.26259616258466,81.16998291015625,26574.752,0.7424083176054523,0.08248722467872938,0.9073917486574032,54.68725912369133,81.71441497802735,84.70054550170899,79.43077697753907,-60.44441621398742,-1.5671876439116006,-3.4347374649162448,True,33.33333333333333,22.30772341262458,10.264203575169509,-0.4374617898700013,-3.382080078125,-2743644.278216712,-86.26648697182097,1
2023-07-18,81.33495330810547,83.72715911288246,80.75752714195762,81.82989092101407,36531.448,0.6599080108578192,1.6497894551546182,0.4949309793729668,55.05092020787841,80.82352294921876,84.13136520385743,79.74290771484375,-81.21215978372508,-0.38727926737185986,-3.640369798424466,True,50.0,23.846098358119,17.40481917133538,-0.5348480964048705,-5.691802978515625,-2765969.1079091243,-55.056302011851976,0
2023-07-19,80.9225082397461,83.31471416251296,80.26259348781029,82.40732744518029,40264.586,0.5774365241662167,-0.4124449503695047,-0.4949336541473315,53.871724131058315,80.42757110595703,83.3972053527832,80.12488861083985,-84.24243321684885,0.10203824986478408,-3.784228773408093,False,50.0,19.999983131118658,22.051268300620762,-0.6230645503972818,-7.3415985107421875,-2788822.0663137794,-54.1521084914955,1
2023-07-20,83.3147201538086,83.3147201538086,80.92251405901435,80.92251405901435,29802.583,-1.4848133861659392,5.991295637386429e-06,0.6599205712040543,59.377406855596554,81.26896820068359,82.94351196289062,80.61517066955567,-57.6922639710565,2.973667452259364,-0.5742363413718454,True,66.66666666666666,45.83339073903829,29.89315740942534,-0.5205023196051752,-4.536933898925781,-2759019.4833137793,-20.9778413488723,0
2023-07-21,83.3147201538086,84.96451659249787,82.40733337122428,82.90227104413628,30926.427,1.9797569851219379,1.649796438689279,1.484819312209936,59.377406855596554,82.011376953125,82.36608352661133,81.20723457336426,-57.6922639710565,2.088953341674989,-0.08243561446069549,False,66.66666666666666,52.380992591195884,39.40478882045096,-0.4552192324406894,-5.774284362792969,-2767998.1430525957,30.567820774431066,0
2023-07-24,81.91239166259766,82.9022669596518,81.49994257324616,82.9022669596518,25547.918,-4.084484487520967e-06,-2.0622496328460755,-0.9073907979781239,54.81328705298711,82.15985870361328,81.93713684082032,81.68394622802734,-70.7691980334691,-0.10060108961071595,-1.1776391144479326,False,50.0,50.66668829015117,49.6270238734618,-0.505180029091246,-4.289466857910156,-2778517.847015849,-8.938813361581413,1
2023-07-25,82.24234771728516,82.90226879222472,81.82989861881637,82.48981969375593,14952.392,-0.4124472658958638,1.8325729200796559e-06,0.3299560455702135,55.6875784351248,82.34133758544922,81.58243026733399,82.15453720092773,-64.99999033851364,0.0836531915085233,-0.09185945857346953,True,50.0,55.99996437494844,53.015881752098515,-0.5130526716948882,-3.5470657348632812,-2781968.426016424,30.964215903074546,1
2023-07-26,84.13961029052734,85.37695750068217,82.48981401032093,82.90226308037253,34940.747,0.4124433866166015,2.4746887084574496,0.6599153915045548,60.48361567243619,82.98475799560546,81.70616455078125,82.79915466308594,-38.09529604440656,1.8133368258890756,2.426773151990029,True,50.0,79.45204341113856,62.039565358746074,-0.39294138647174615,1.2373428344726562,-2776976.89073071,145.3289389986594,1
2023-07-27,84.96450805664062,85.78940619311287,84.13960992016838,84.96450805664062,20526.961,2.06224497626809,0.4124486924307007,1.6497959098474553,62.413157322929266,83.31471557617188,82.29184188842774,83.54156265258788,-11.764709447677626,1.980192443810575,3.51758309738716,True,66.66666666666666,85.07461387861375,73.5088738882336,-0.26644891064097376,5.856773376464844,-2776976.89073071,159.2088757983016,1
2023-07-28,88.67655181884766,89.08900089707485,85.78940827125727,85.78940827125727,48346.927,0.8249002146166475,3.2995947039619864,1.64979835108889,69.68083576112079,84.38708190917968,83.19922943115235,84.11899147033691,-4.000000084023834,5.306120599971506,7.410489145123177,True,66.66666666666666,95.32710128705055,86.61791952560095,0.0422704307721693,9.073875427246094,-2740716.69548071,204.14560035768628,0
2023-07-31,85.78941345214844,90.73880268977238,84.96451524587778,90.73880268977238,42770.928,4.949394418515112,1.6498017926975308,-0.8248930253794953,59.86017108545517,85.16248626708985,83.66117248535156,84.18085899353028,-43.4782492994861,1.380995649068496,3.2172728769645844,False,66.66666666666666,52.75591445141268,77.719209872359,0.027781733763645455,4.6194305419921875,-2771267.3583378526,127.54910929070783,1
2023-08-01,87.0267562866211,87.43920536854822,85.37695995891264,86.20185812276686,16990.092,-4.53694456700552,-3.2995973212241694,0.4124447130348585,62.34159232125366,86.11936798095704,84.23035278320313,84.18085899353028,-35.433106876636835,1.8175970796766587,3.932352562983836,True,83.33333333333334,62.184828270838665,70.08928133643398,0.0746234558190273,5.691802978515625,-2761073.303137853,82.13393918200111,0
2023-08-02,86.61431121826172,87.02676031930106,85.37696391514369,87.02676031930106,18194.205,0.8249021965341967,-0.41244504924715386,3.956231054758064e-06,60.97098571089157,86.6143081665039,84.79953308105469,84.09836921691894,-39.37007549198415,0.47847309191806103,2.8823421702963152,False,66.66666666666666,55.3571390897792,56.765960604010196,0.051994684199625496,5.691802978515625,-2751976.200637853,57.71154807763786,1
2023-08-04,89.91390228271484,89.91390228271484,87.02675863143502,87.43920772447498,33783.096,0.4124474051739213,2.8871419634137823,1.649794716291325,67.2540935376843,87.60418701171875,85.4594512939453,84.20148162841797,-7.874035265571493,3.1545754854632735,5.902356946682033,True,66.66666666666666,91.07140494981647,69.5377907701448,0.22378435821264997,6.59918212890625,-2718193.104637853,119.00826527428309,0
2023-08-07,87.85165405273438,88.26410313279416,85.78940865243545,88.26410313279416,32974.594,0.8248954083191791,-1.6497991499206819,-1.2373499789995606,60.602208114595435,87.4392074584961,85.91314468383788,84.13961410522461,-29.41181484814447,0.23529182366570908,2.774424511934608,False,50.0,67.59254994730018,71.34036466229863,0.16573614150033444,4.536933898925781,-2696210.041971186,53.18131807179771,1
2023-08-08,88.67655181884766,89.08900089707485,87.43920458416606,87.85165366239326,19805.973,-0.41244947040090096,0.8248977642806921,1.6497959317306083,62.23223608950077,88.01663513183594,86.5895606994629,84.2633487701416,-22.32148603739361,1.1764678231684886,3.1999976737185625,True,50.0,74.99995513314411,77.88797001008693,0.15054613740122846,6.76416015625,-2686307.055471186,84.43051050517228,0
2023-08-09,87.85165405273438,89.91389945303331,87.43920497267459,88.67655221285395,15935.907,0.8248985504606878,0.8248985559584554,3.885085249066833e-07,59.54469678064301,88.18161468505859,87.1504913330078,84.3664608001709,-31.250052502402927,-0.1562513683664287,1.7921134490743216,False,50.0,56.24997271884121,66.28082593309519,0.05738589403869687,5.609306335449219,-2696930.993471186,76.92300486482925,1
2023-08-10,88.26410675048828,89.08900494441808,86.61431036262869,87.85165765352339,14133.207,-0.8248945593305592,-0.8248945086152304,-0.8248946100459023,60.47573142731709,88.5115737915039,87.56294097900391,84.63455276489258,-27.777781863785904,0.07794444655262381,1.646614781590018,True,50.0,57.14283427471728,62.79758737556755,-0.0009269489953158683,4.1244964599609375,-2692219.924471186,42.78624512316621,1
2023-08-11,89.08900451660156,89.08900451660156,86.61430994669597,88.26410632663304,15754.199,0.41244867310965105,-4.2781651643508667e-07,-4.159327176012084e-07,62.36542728694199,88.34659423828126,87.975390625,85.13361625671386,-20.00000530101989,0.5430585167597807,1.9268603689057664,True,66.66666666666666,71.42854093771827,61.60711597709227,-0.008017867600428108,4.1244964599609375,-2676465.725471186,51.18126412229951,0
2023-08-14,87.85165405273438,89.50145037297352,87.0267558926148,89.08900129291374,21683.213,0.824894966280695,0.41244585637195996,0.412445945918833,57.84021336087232,88.34659423828126,87.89290084838868,85.5460651397705,-43.7500272811588,-0.4672909313773035,0.15673828498742964,False,50.0,54.545416652945434,61.038930621793675,-0.11422174854399048,-0.8248977661132812,-2683693.4631378525,34.35099059585772,0
2023-08-15,87.43920135498047,88.67654854396605,87.02675229198528,87.85165041797566,10783.812,-1.2373508749380733,-0.824901829007473,-3.6006295260904153e-06,56.353303716307245,88.09912414550782,88.05787963867188,85.85952606201172,-57.14300451531419,-0.8573701815558339,-0.5473080960921896,False,50.0,45.4543851549122,57.142780915191985,-0.22407694842007153,1.6497879028320312,-2689085.3691378525,-9.80438786453455,0
2023-08-16,85.78941345214844,87.43920986468974,84.96451524587778,86.6143116584191,24197.253,-1.2373387595565646,-1.2373386792763057,-2.062237046107498,50.6694439121708,87.68667602539062,87.93414535522462,86.08224906921387,-85.71428571428568,-2.1943533858600843,-2.156013639313816,False,33.33333333333333,16.66667407764126,38.88882529516631,-0.4089150586165333,-1.2373428344726562,-2697151.120137852,-156.48822624530888,1
2023-08-17,87.43920135498047,87.85165041797566,84.55205791401414,85.37695604000452,23057.628,-1.2373556184145826,0.41244055328591855,-0.4124573318636351,55.55927311853464,87.52169494628906,88.01663436889649,86.40808372497558,-46.15391192963798,-0.23529908111273526,-0.4305335952175714,True,50.0,53.84611648733034,38.65572523996128,-0.41955826553407105,0.82489013671875,-2679857.8991378522,-113.33357804348931,1
2023-08-18,88.26410675048828,91.15125042924257,87.02675945959359,87.43920855655848,53741.253,2.0622525165539685,3.2996000112669037,2.4747015455794497,57.83885235936789,87.35671539306641,87.85165481567383,86.65555305480957,-43.7499538328645,0.705885636884758,0.39093311469211744,True,50.0,56.2500461671355,42.25427891070238,-0.3721473636852064,-1.6497955322265625,-2701354.4003378525,102.98114700876181,0
2023-08-21,86.61431121826172,88.67655672345843,86.61431121826172,88.67655672345843,18006.817,1.2373481668999489,-2.4746937057841336,-0.4124482413318731,52.01733523030334,87.10924682617187,87.72792053222656,86.82053260803222,-68.74991448592111,-0.7092158676653639,-1.4855319516442445,False,33.33333333333333,31.250085514078897,47.115416056181594,-0.44791606171017273,-1.2373428344726562,-2719361.2173378523,-46.07010415528044,1
2023-08-22,87.85165405273438,88.26410313279416,87.0267558926148,87.85165405273438,9908.73,-0.8249026707240574,-0.41245359066427056,0.4124446743530825,55.668080521130385,87.19173736572266,87.64543075561524,87.11749572753907,-50.000001801644345,0.709218782997915,0.11750766886434556,True,50.0,49.99999819835565,45.83337662652337,-0.4116481092084987,-0.8248977661132812,-2716058.307337852,1.4682963526938144,0
2023-08-23,87.85165405273438,89.08900129291374,87.43920497267459,88.26410313279416,8650.435,0.41244908005978687,0.8248981601195737,0.41244908005978687,55.668080521130385,87.60418548583985,87.64543075561524,87.39796104431153,-50.000001801644345,0.6299194913767477,0.11750766886434556,False,50.0,49.99999819835565,43.750027303596745,-0.3850850803962538,0.0,-2720383.524837852,49.77365027033488,0
2023-08-24,87.43920135498047,88.26409948097086,87.02675229198528,87.43920135498047,9296.111,-0.8249017778136931,-0.8249018119428797,-0.41245268068931296,54.03709397570868,87.60418548583985,87.56294021606445,87.56294059753418,-56.250049770424205,-0.15699015188946205,-0.23529908111273526,False,50.0,43.749950229575795,47.91664887542904,-0.39144146841361094,-0.8249053955078125,-2723482.2285045185,-6.173305084257398,0
2023-08-25,87.0267562866211,88.26410353240244,87.0267562866211,87.0267562866211,9313.653,-0.412445068359375,4.0514315884365715e-06,3.9946358185716235e-06,52.3634879665657,87.35671539306641,87.35671539306641,87.6660530090332,-62.49998212817265,-0.5498826269761008,-0.6279439056262748,False,33.33333333333333,37.500017871827346,43.74998876658628,-0.4172052356042688,-2.0622482299804688,-2732795.8815045184,-13.20132626870049,0
2023-08-28,86.61431121826172,87.4392094203404,85.78941301618303,87.4392094203404,10139.854,0.41245313371931047,-0.8248941120620401,-1.2373432704380605,50.65210463624419,87.35671539306641,87.23298110961915,87.56294097900391,-68.74991448592111,-0.7092158676653639,-0.9433921312530756,False,16.666666666666664,31.250085514078897,37.50001787182736,-0.45283169770469645,-1.2373428344726562,-2732795.8815045184,-87.15576287366909,1
2023-08-29,87.0267562866211,87.43920536854822,86.20185812276686,87.0267562866211,6191.772,-0.41245313371931047,-4.05179218887497e-06,0.4124451065838315,52.35097903790372,87.19173583984374,87.19173660278321,87.62480812072754,-62.49998212817265,-0.314960478535088,-0.2756993248330321,True,33.33333333333333,37.500017871827346,35.41670708591121,-0.4390976514200595,-0.412445068359375,-2730731.9575045183,-45.92607548718964,0
2023-08-30,87.0267562866211,87.85165445047532,87.0267562866211,87.43920536854822,6091.256,0.4124490819271216,0.4124490819271074,0.824898163854229,52.35097903790372,87.0267562866211,87.31547088623047,87.62480812072754,-62.49998212817265,-0.15772863069254392,-0.19708343809882434,False,16.666666666666664,23.07685174161252,30.608985042506273,-0.4204658445002025,1.2373428344726562,-2736823.2135045184,-18.51857157272414,1
2023-08-31,87.85165405273438,87.85165405273438,87.0267558926148,87.43920497267459,7826.914,-3.958736272124952e-07,-3.9774094773292745e-07,-3.940062924812082e-07,55.95970566729228,87.10924682617187,87.35671615600586,87.68667526245117,-50.000001801644345,0.7886431534627523,0.709218782997915,True,33.33333333333333,62.49995040577157,41.02560667307049,-0.34613955117303274,0.41245269775390625,-2728996.2995045185,6.4514708929529565,0
2023-09-01,87.0267562866211,87.85165445047532,86.61430720469399,87.43920536854822,8951.882,3.958736272124952e-07,3.9774094773292745e-07,-0.4124486879208149,51.68911760376279,87.10924682617187,87.23298110961915,87.54231796264648,-62.49998212817265,-0.07892728964510237,-0.3541914558038611,False,33.33333333333333,37.49992928402706,41.02557714380374,-0.345298514451424,-1.2373504638671875,-2731980.2601711852,-43.4785033630349,1
2023-09-04,88.67655181884766,88.67655181884766,87.02675550593887,87.43920458416606,13673.752,-7.843821521191785e-07,0.8248973683723335,0.4124483012448792,58.58498143630022,87.52169494628906,87.43920516967773,87.58356285095215,-46.153928583649744,1.4948844600834899,1.415092923121869,True,50.0,87.49997152751608,62.499950405771585,-0.23184455133244541,2.0622406005859375,-2718306.5081711854,120.98787454608906,1
2023-09-05,89.50145721435547,89.50145721435547,88.2641098795948,88.6765589911817,11694.669,1.23735440701563,0.8249053955078125,1.2373543736559327,61.57657355304228,88.01663513183594,87.60418548583985,87.62480812072754,-0.0,1.877940585143421,2.2379335015302724,True,66.66666666666666,100.0,74.99996693718106,-0.10586857264483052,1.6498031616210938,-2706611.839171185,194.29638327320185,0
2023-09-06,88.26410675048828,89.91390313834788,88.26410675048828,89.91390313834788,8892.966,1.2373441471661835,0.41244592399240787,-3.12910651700804e-06,55.06752890792377,88.26410522460938,87.64543075561524,87.64543075561524,-40.000008219044005,0.2341940868169926,0.6664082681024212,False,50.0,59.999991780955995,82.4999877694907,-0.11001496140631306,0.41245269775390625,-2715504.805171185,126.12612636018095,0
2023-09-07,88.26410675048828,88.67655584745317,87.43920855655848,88.67655584745317,6230.568,-1.2373472908947036,-1.2373472908947036,-0.8248981939297977,55.06752890792377,88.34659576416016,87.72792129516601,87.64543075561524,-40.000008219044005,1.440637440975405e-06,0.6269618379677534,False,50.0,59.999991780955995,73.33332785397067,-0.11628660636676424,0.8249053955078125,-2713427.949171185,41.6667596541879,0
2023-09-08,88.26410675048828,89.08900494441808,87.43920855655848,88.26410675048828,8060.191,-0.41244909696489174,0.41244909696490595,0.0,55.06752890792377,88.5940658569336,87.85165634155274,87.60418586730957,-40.000008219044005,-0.07782025214625406,0.5875463101248148,False,33.33333333333333,55.555593185570025,58.51852558249402,-0.12329651004917597,1.2373504638671875,-2713427.949171185,45.33338516181262,0
2023-09-11,87.85165405273438,88.26410313279416,86.61430681255501,87.85165405273438,11844.819,-0.41245269775390625,-0.8249018116239171,-0.8249017440034692,52.65863096204723,88.42908630371093,87.975390625,87.60418586730957,-50.00009757645092,-0.6993039356918641,0.07830632369446701,False,33.33333333333333,37.499958116301926,51.01851436094267,-0.15644241918095358,1.2373428344726562,-2707505.539671185,-35.65902588778113,0
2023-09-12,87.85165405273438,87.85165405273438,87.0267558926148,87.85165405273438,6443.912,0.0,-0.41244908005978687,0.41244908005978687,52.65863096204723,88.09912567138672,88.05788040161133,87.62480850219727,-50.00009757645092,-0.5447504021216858,-2.171101514215211e-06,False,16.666666666666664,37.499958116301926,43.518503139391306,-0.1775539753377916,0.8248977661132812,-2701061.627671185,-49.122882579345614,0
2023-09-13,87.85165405273438,88.26410313279416,87.43920497267459,87.85165405273438,7208.394,0.0,0.41244908005978687,0.41244908005978687,52.65863096204723,88.01663513183594,88.14037017822265,87.72792053222656,-55.55560552087532,-0.2341940868169926,-0.1172350433373013,False,0.0,37.499958116301926,37.499958116301926,-0.18961124810991037,0.8248977661132812,-2701061.627671185,-23.52957892118065,1
2023-09-14,90.32634735107422,90.32634735107422,87.85165290309958,88.26410197776202,25924.684,0.4124479250276494,2.062244218280057,0.41244793042498884,64.69038016970993,88.42908325195313,88.38783950805664,87.87227783203124,-0.0,2.177291431467779,2.3763117898439536,True,16.666666666666664,100.0,58.33330541086796,-0.03700010195055792,2.4746932983398438,-2675136.943671185,152.10288977495173,1
2023-09-15,97.75043487548828,98.98778215239321,90.3263512140588,90.3263512140588,86935.826,2.062249236296779,8.66143480131899,2.4746983109592264,80.723668571578,90.32634887695312,89.46020736694337,88.34659423828126,-9.999997922338832,8.632546077113656,9.679908707545849,True,33.33333333333333,90.00000207766116,75.83332006465439,0.5267649981153988,10.723678588867188,-2613039.9250997566,311.3694308921634,0
2023-09-18,96.5130844116211,99.40022796239609,95.27573717557466,96.5130844116211,42843.945,6.18673319756229,0.41244581000287894,4.949385961515858,74.56741036344924,92.05863494873047,90.24386062622071,88.84153289794922,-22.58064567221956,5.643340235693518,7.421573867546533,False,33.33333333333333,77.41935432778044,89.13978546848055,0.7647265912931647,7.8365325927734375,-2630177.5030997563,184.51102424656736,0
2023-09-19,95.68818664550781,96.92553388661351,94.03839032403354,96.92553388661351,25884.571,0.4124494749924139,-2.4746940757825797,-1.237346851541119,70.64893159747369,93.62594146728516,90.86253356933594,89.2333595275879,-29.03225566141095,3.264094760037143,5.654647210806408,False,33.33333333333333,70.96774433858906,79.4623669146769,0.81058531930507,6.186729431152344,-2626479.707242613,99.99998327956969,1
2023-09-20,96.92552947998047,98.98777478806517,95.68818229512965,95.68818229512965,30032.826,-1.2373515914838578,2.062240901451659,1.649791971096107,72.97297956699256,95.44071655273437,91.72867584228516,89.68705329895019,-19.354870512762226,2.9197039490206436,6.2146830777622215,True,50.0,80.64512948723778,76.34407605120244,0.8633935922336895,8.661422729492188,-2633987.913742613,97.26084642954945,0
2023-09-21,95.27574157714844,97.33798706583131,94.4508433816753,96.51308887035816,17969.472,0.8249065752285105,-1.649787722233853,-1.2373389134543515,65.43651030874614,96.43059539794922,92.42983932495117,90.0788803100586,-32.258030820868285,-0.14408815180870663,3.8591265794978993,False,50.0,67.74196917913171,73.11828100165286,0.7315716209183829,7.011634826660156,-2641689.1160283275,57.59643177283134,0
2023-09-22,94.45083618164062,95.68818338052675,94.03838711534526,94.45083618164062,14852.407,-2.0622526887175354,-1.649803685304562,-0.4124562663300395,61.94680043031031,95.77067565917969,93.0485122680664,90.45008430480956,-38.709700480336394,-1.7167413491593928,2.3844968380503517,False,33.33333333333333,59.99997613569634,69.46235826735528,0.541911989790727,6.186729431152344,-2649115.319528328,33.28468945995283,1
2023-09-25,95.68818664550781,96.10063572587637,94.03839032403354,94.4508394044021,9249.993,3.2227614781277225e-06,0.41245234534962094,3.2086882839621467e-06,65.00102948488959,95.60569610595704,93.83216552734375,90.90377807617188,-29.03225566141095,-0.07178681117726227,3.03478896002063,True,33.33333333333333,68.96551975463842,65.5691550231555,0.4563163293531094,7.8365325927734375,-2643565.3237283276,34.86027502637367,0
2023-09-26,95.27574157714844,96.51308887035816,94.4508433816753,95.27574157714844,10900.595,0.8249021727463344,0.4124531444817876,0.41245305764175555,63.15771768346858,95.52320709228516,94.57457427978515,91.31622734069825,-32.258030820868285,-0.2877656539803537,1.949250213806238,False,33.33333333333333,64.28575504709153,64.41708364580877,0.3341068817887005,7.4240875244140625,-2645745.4427283276,29.64754457734639,1
2023-09-27,95.68818664550781,96.51308480624495,94.4508394044021,94.86328848477068,12854.748,-0.41245309237775984,-4.064113213075871e-06,-3.977273195232556e-06,64.26327652241531,95.27573852539062,95.3582275390625,91.74929885864258,-29.99999754275834,0.14388482315404813,1.680058306532488,True,50.0,59.0908999555402,64.11405825242339,0.247236107228185,7.8365325927734375,-2643174.4931283277,21.020996222439198,0
2023-09-28,95.68818664550781,96.10063572587637,95.27573756513924,95.68818664550781,8337.086,0.8248981607371348,-0.4124490803685745,0.8248981607371348,64.26327652241531,95.3582275390625,95.89441146850587,92.14112548828125,-31.03448024536157,0.3604894244548238,0.9793252193114681,False,33.33333333333333,30.76927453133922,51.381976511323664,0.1601840560173362,5.361839294433594,-2643174.4931283277,-11.904819861056078,0
2023-10-02,93.62593841552734,96.10063282298621,92.3885912117979,95.6881837550764,22189.53,-2.8904314177680135e-06,-2.9028901593619594e-06,-2.887146353341336,54.526886145956745,95.19324798583985,95.48196182250976,92.47108459472656,-50.00001746726742,-1.518440800673491,-1.6961414400877612,False,33.33333333333333,18.75000429112672,36.20339292600206,-0.054391159629898045,-4.1244964599609375,-2650571.0031283274,-166.66691770577802,0
2023-10-03,91.1512451171875,94.03838862768666,90.73879604425905,93.21349048182975,16134.71,-2.4746932732466433,-2.062244195299556,-1.649795167538855,45.50212361218182,94.28585968017578,94.9457778930664,92.59481925964356,-90.90913480525452,-3.5636380249515076,-4.3635068166773685,False,33.33333333333333,5.00000164551457,18.17309348932685,-0.3638443490994838,-5.361839294433594,-2662672.0356283276,-227.54467869690626,0
2023-10-04,90.73880004882812,91.5636982310902,89.50145277543501,90.73880004882812,12526.979,-2.4746904330016264,-2.4746903965964577,-1.2373432688240342,44.172851733034385,93.37847137451172,94.45083923339844,92.65668640136718,-87.4999962114204,-3.1548033774322977,-4.208995871684944,False,16.666666666666664,15.789470543241105,13.17982549329414,-0.5841060278107335,-4.9493865966796875,-2660166.6398283276,-185.04420166585746,1
2023-10-05,92.38859558105469,93.62594284330095,91.97614649363926,91.97614649363926,12130.304,1.2373464448111378,2.0622446122107476,2.47469371820425,50.484926679760534,92.71855316162109,93.99714584350586,92.8629108428955,-69.56520343948146,-0.8849539655466249,-2.112161462573677,True,33.33333333333333,41.17644964076419,20.65530727650663,-0.6039790411929518,-4.536933898925781,-2666231.7918283273,-67.7859965536271,0
2023-10-06,91.5636978149414,93.62594326122387,91.15124872568491,93.62594326122387,12748.517,1.6497967675846041,4.1792291938236303e-07,-0.8248977679543543,47.552299908207466,91.8936553955078,93.62594146728516,93.02789039611817,-78.26085771955974,-1.040116996155374,-2.6315770080615204,False,16.666666666666664,29.41175228702449,28.79255749034327,-0.6537630996784243,-3.7120437622070312,-2674730.8031616607,-71.6782778049435,0
2023-10-11,85.37696075439453,90.3263497836348,84.96451166862451,89.91390069786476,36400.463,-3.7120425633591054,-3.2995934775890703,-6.186737057060398,32.23283342265022,90.24385986328124,92.71855392456055,92.88353309631347,-96.6666674274624,-5.98031715229888,-8.271786700591113,False,16.666666666666664,3.571427705467517,24.71987654441874,-1.0603750583409657,-9.073875427246094,-2705531.1949308915,-188.18567598443022,1
2023-10-12,87.43920135498047,87.43920135498047,84.55205791401414,84.55205791401414,12547.915,-5.361842783850619,-2.887148428654328,-0.41245375461036815,39.339183537793566,89.50145111083984,91.8936553955078,92.86291046142578,-75.86208537120278,-2.603373477634754,-5.3923431165957485,True,33.33333333333333,24.137922830368762,19.040367607620265,-1.140477268694428,-8.248985290527344,-2692983.2799308915,-149.27545088258614,0
2023-10-13,86.61431121826172,87.02676031930106,85.78941301618303,86.61431121826172,7924.523,2.0622533042475766,-0.41244103567940726,1.237355102168891,37.61784411958933,88.67655334472656,91.02751235961914,92.80104331970215,-82.75856561382966,-2.7026992282152675,-5.617973417989919,False,33.33333333333333,17.857205777574737,15.188852104470348,-1.1933809645241602,-8.661430358886719,-2690341.772264225,-109.32570176445012,0
2023-10-16,85.78941345214844,85.78941345214844,84.55206614274245,85.78941345214844,8934.816,-0.8248977661132812,-1.237346867152624,-1.2373468734405861,35.90398016508762,87.35671691894531,90.0376350402832,92.69793128967285,-89.65510964188239,-2.727977774284227,-5.668930068046897,False,33.33333333333333,10.71435694782562,17.569828518589716,-1.2237443894944424,-9.898773193359375,-2681406.956264225,-103.03554891587976,0
2023-10-17,84.96450805664062,86.20185526134898,84.96450805664062,85.78940619311287,5708.023,-7.2590355699730935e-06,0.4124418092005442,0.41244191389817786,34.2039699303711,86.03687896728516,88.96526718139648,92.42983932495117,-96.55171628370482,-2.2924941135368604,-5.684856360110558,False,16.666666666666664,4.347836429864544,10.973133051754976,-1.2355996343459315,-10.723678588867188,-2687114.979264225,-82.73816841075963,0
2023-10-18,84.55206298828125,86.61430842701982,84.55206298828125,85.37696116377668,16989.483,-0.4124450293361832,0.4124531656708399,-0.412445068359375,33.342852802451475,85.8718994140625,88.05787963867188,91.76992073059083,-99.99995606154116,-1.4423069868402043,-5.1657660762528765,False,16.666666666666664,5.5921657742678264e-05,5.0207497664493115,-1.2060944029381635,-9.073875427246094,-2704104.462264225,-72.91665206051871,1
2023-10-19,85.37696075439453,86.6143080117046,84.55206258285449,84.55206258285449,7505.091,-0.8248985809221949,-4.1531522754212347e-07,-4.05426760607952e-07,36.8136675423958,85.4594512939453,87.48045120239257,91.21311454772949,-92.85710274313134,-0.4807689956134014,-3.3086798923502294,True,33.33333333333333,9.09095507399211,4.479615808504808,-1.07049867713248,-5.774284362792969,-2705605.4804642247,-58.21282274261944,0
2023-10-20,85.37696075439453,85.37696075439453,84.13961349708447,84.96451166862451,13268.541,0.41244908577002093,-1.2373472573100628,-0.41244908577002093,36.8136675423958,85.21198120117188,86.94426727294922,90.69755325317382,-87.4999963027265,-0.0804512268994346,-2.550019454967449,False,16.666666666666664,13.043477172673589,7.378162722774491,-0.9257188020575906,-5.361839294433594,-2692336.9394642245,-67.70832574098797,0
2023-10-23,85.37696075439453,86.20185892593457,84.96451166862451,85.37696075439453,6958.906,0.41244908577002093,0.8248981715400419,0.8248981715400419,36.8136675423958,85.12949066162109,86.2431037902832,90.12012481689453,-86.95652282732641,0.16129024318067783,-2.0118344231520466,False,16.666666666666664,19.999999999999954,14.04481074888856,-0.7806621800325861,-7.011634826660156,-2694656.5747975577,-45.97701380906548,1
2023-10-24,86.61431121826172,87.02676031930106,84.96451481410435,85.37696391514369,7273.349,3.1607491592922088e-06,0.8249013933664884,3.1454798374852544e-06,42.63095605521008,85.4594512939453,85.74816513061523,89.68705329895019,-73.91301185277997,1.4492791180828002,-0.1980164074254046,True,33.33333333333333,75.00020692751774,36.01456136673044,-0.5622921032542367,-4.9493865966796875,-2690292.565397558,46.925904902826375,1
2023-10-25,87.0267562866211,87.43920536854822,86.61430720469399,87.0267562866211,5279.534,1.6497923714774032,0.41244504924715386,1.6497923905896386,44.48934145717708,85.95438995361329,85.91314468383788,89.31584930419922,-69.56522847802827,1.52365527741582,0.7961772147597921,True,50.0,87.49999703011291,60.8334013192102,-0.3607798513869058,1.6497955322265625,-2690292.565397558,138.36465775755298,1
2023-10-26,87.85165405273438,87.85165405273438,85.78940865243545,86.61430681255501,11548.977,-0.41244947406607935,0.41244868418615965,-0.8248985522585315,48.15370436316696,86.44932861328125,85.95438995361329,88.92402267456055,-40.00001965948174,1.8326676808365996,2.1174576390006505,True,66.66666666666666,100.0,87.5000679858769,-0.1532533049440168,0.41245269775390625,-2678743.588397558,128.0989097589189,1
2023-10-27,89.08900451660156,89.08900451660156,87.4392081366645,87.85165723164877,10940.885,1.237350419093758,1.2373504638671875,1.6497994842290495,53.208149409419065,87.19173736572266,86.20185928344726,88.6146858215332,-0.0,2.531647236821667,3.184715486430295,True,66.66666666666666,100.0,95.83333234337097,0.07383506322455524,2.4746932983398438,-2667802.703397558,178.7149099561267,1
2023-10-30,90.73880004882812,90.73880004882812,88.67655459317294,89.91390186656605,13508.344,2.0622446349172776,1.6497955322265625,1.2373464565084333,59.019287674243614,88.26410522460938,86.69679794311523,88.36721649169922,-0.0,3.3672675221353865,4.761905321172641,True,83.33333333333334,100.0,100.0,0.3274330504416114,4.9493865966796875,-2654294.359397558,177.87118370632896,0
2023-10-31,88.67655181884766,90.73879720998364,88.26410274062046,90.73879720998364,15219.329,0.8248953434175945,-2.838844480379521e-06,-0.4124518525524792,50.471788645156174,88.67655334472656,87.06800231933593,88.01663475036621,-31.250036861521597,0.3891027058487797,2.1782156457855066,False,83.33333333333334,68.7499631384784,89.58332104615947,0.34671248071302796,3.7120437622070312,-2664440.5787308915,104.40245627821432,1
2023-11-01,89.91390228271484,90.32635137575483,89.0890040966349,89.0890040966349,8172.693,-1.6497931133487498,-0.4124458342288193,0.8249013560144363,54.7602873313502,89.25398254394531,87.6041862487793,87.83103294372559,-12.499991622381463,1.160094380763471,3.1952679820087697,True,83.33333333333334,87.50000837761854,85.41665717203232,0.4278973717040495,5.361839294433594,-2661716.3477308913,99.08365061140111,1
2023-11-02,91.1512451171875,91.1512451171875,89.91389789840215,90.32634697133061,8140.568,1.2373428746957131,0.8248937414326747,0.82489380176726,58.66473204284341,89.91390075683594,88.18161468505859,87.83103294372559,-0.0,1.7651543352689565,3.99999657609627,True,83.33333333333334,100.0,85.41665717203232,0.5426518084736365,5.774284362792969,-2653575.7797308913,107.61144070481578,1
2023-11-03,93.21349334716797,93.21349334716797,91.56369700474022,91.56369700474022,11578.121,1.2373500334096121,2.0622482299804688,1.6497991063380653,64.27128902241044,90.73879852294922,88.96526794433593,87.95476760864258,-0.0,3.0395135880919697,5.484247189865562,True,83.33333333333334,100.0,95.83333612587285,0.723838090962102,7.8365325927734375,-2641997.6587308915,147.07382472032026,0
2023-11-06,89.91390228271484,91.15124956183477,88.67655500359491,90.32635137575483,18205.636,-1.2373456289853948,-2.0622437853331945,-2.887142001145307,51.9680458118958,90.57381896972656,89.41896209716796,87.83103294372559,-36.36361863908482,-0.7587235652546648,1.3168101737530848,False,66.66666666666666,55.555584289141684,85.18519476304724,0.5933346520610581,4.5369415283203125,-2641997.6587308915,34.42035516674622,0
2023-11-07,89.50145721435547,90.73880454911614,89.50145721435547,89.50145721435547,6218.068,-0.8248941613993566,-0.412445012718635,0.8249022107605555,50.64601245371779,90.73880004882812,89.70767669677734,87.7279209136963,-44.99993183968306,-0.9885877388551092,0.46296844088065303,False,50.0,50.00008370801267,68.51855599905146,0.45720992302022834,2.88714599609375,-2648215.7267308915,22.727538472784136,0
2023-11-08,88.67655181884766,90.32634813175645,88.26410274062046,89.91389905352925,10256.655,0.4124418391737805,-0.4124564173596923,-1.2373544737350102,47.98272800463087,90.49132995605468,89.87265625,87.89290046691895,-55.000040430888596,-1.9011432517274365,-0.7692332319536092,False,50.0,21.428516899934476,42.32806163236295,0.2973334330593377,1.6497955322265625,-2654369.7197308913,-42.857249069724816,1
2023-11-09,89.91390228271484,90.73880046879479,88.67655500359491,89.0890040966349,8125.043,-0.8248949568943544,0.4124523370383457,0.4124522629744547,52.10415208337239,90.24386138916016,90.07888107299804,88.01663551330566,-44.444415710858316,-0.5323184224728927,0.30674973250202814,True,50.0,33.33338734493653,34.92066265096124,0.2618814573902468,2.0622482299804688,-2652744.7111308915,-18.087796113526856,0
2023-11-10,89.91390228271484,90.73880046879479,89.0890040966349,90.32635137575483,10114.766,1.2373472791199305,0.0,0.41244909303998156,52.10415208337239,89.58394317626953,90.16137084960937,88.18161506652832,-44.444415710858316,-0.30487789403623483,0.038241959769781265,False,33.33333333333333,33.33338734493653,29.365097196602523,0.22671311117974363,0.8248977661132812,-2652744.7111308915,-20.114877053815693,0
2023-11-13,89.50145721435547,91.15125366070303,89.08900810276857,89.91390632594236,11999.551,-0.41244504981246166,0.4124531919082415,4.006133679013146e-06,50.516400193617635,89.50145416259765,90.0376365661621,88.36721725463867,-64.28563878452489,-0.07674238199335687,-0.5727328060106284,False,16.666666666666664,25.000137837133394,30.555637509002164,0.166728115484826,-1.2373428344726562,-2659944.4417308914,-18.518083874445484,1
2023-11-14,94.03839111328125,96.92553470009251,92.8010438617907,92.8010438617907,52257.713,2.887137535848339,5.774281039389479,3.712035759022129,63.76619485056815,90.40884094238281,90.57382049560547,88.8209114074707,-33.333328718860535,4.188877568094424,3.9908763384977015,True,33.33333333333333,66.66667128113947,41.66673215440314,0.40981083320591255,5.361839294433594,-2680847.5269308914,216.2163744157474,1
2023-11-15,95.27574157714844,95.27574157714844,93.21349608846558,94.86329247941187,25225.109,2.062248617621165,-1.6497931229440752,0.4124522266748727,66.43976560375725,91.72867889404297,91.11000442504883,89.35709533691406,-19.04757932249157,4.4461202882922315,4.920516481956851,True,50.0,80.95242067750844,57.53974326526045,0.6186019763787748,5.361839294433594,-2655622.4179308913,136.24133283277578,1
2023-11-16,96.5130844116211,96.92553349030324,94.86328809689253,95.6881862542568,25057.764,0.8248937748449379,1.6497919131548002,1.6497920084269566,68.93991659551669,93.04851531982422,91.64618835449218,89.9139015197754,-4.761918010801523,4.309060327652657,5.524235876216611,True,66.66666666666666,95.23808198919849,80.95239131594882,0.7935442423022704,5.361839294433594,-2640587.759530891,130.75057484945134,0
2023-11-17,94.86328887939453,96.51308520773183,94.86328887939453,96.51308520773183,12074.843,0.824898953475028,-0.412448282571404,7.825019991969384e-07,62.19991947118704,94.03839263916015,91.81116790771485,90.38821792602539,-23.80952514950753,1.6200272764684314,3.254767942451674,False,50.0,76.19047485049248,84.12699250573314,0.7520408515426957,1.6497955322265625,-2652662.602530891,89.49962988327349,0
2023-11-20,94.03839111328125,94.86328928094161,92.8010438617907,94.86328928094161,12967.599,-1.649795926790219,-1.649795926790219,-2.0622450176038285,59.05090896315397,94.9457794189453,92.22361679077149,90.82128944396973,-33.333328718860535,-1.3521772525284867e-06,2.089550495753402,False,50.0,66.66667128113947,79.36507604027683,0.6279781878469469,4.124488830566406,-2650069.082730891,40.56435238157945,0
2023-11-21,93.62593841552734,94.03838748343715,93.21348934761753,93.62593841552734,10249.494,-1.237350865414271,-0.8249017975044666,0.4124454858268223,57.464033034143746,94.86328887939453,92.63606491088868,91.171870803833,-38.09527454587649,-1.1611065138849888,1.6038738625492321,False,50.0,59.99994658774429,67.61903090645875,0.4835625325472488,4.124481201171875,-2650069.082730891,25.81614350319248,0
2023-11-22,92.38859558105469,94.03839193071637,91.97614649363926,93.21349375588552,11198.615,-0.412444659641821,4.4472792239957926e-06,-1.2373428539782623,52.81878161781685,94.28585968017578,93.00726928710938,91.4399627685547,-52.380935857566534,-2.1834050553316007,0.03721586349105617,False,33.33333333333333,42.105258709306305,56.257292192730034,0.28021582544159473,3.7120437622070312,-2656788.251730891,-8.84544683078461,0
2023-11-23,92.38859558105469,93.62594284330095,91.97614649363926,92.8010446684701,8390.398,-0.41244908741542474,-0.41244908741542474,0.0,52.81878161781685,93.4609619140625,93.25473861694336,91.6668098449707,-52.380935857566534,-1.682514974579623,-0.2227170391151731,False,16.666666666666664,42.1052291127663,48.070144803272306,0.12891770763870358,2.4746932983398438,-2660983.450730891,-28.248608909904906,1
2023-11-24,93.21349334716797,93.21349334716797,91.97614609034716,93.21349334716797,6080.018,0.4124486786978707,-0.41244949613297877,-4.032921054886174e-07,55.66240732806742,93.1310028076172,93.58469772338867,91.87303428649902,-45.000005934074785,-0.2207497646432412,0.25877956675178726,True,16.666666666666664,25.00000210903772,36.403496643703456,0.07052315339422877,3.299591064453125,-2654903.432730891,-43.72761897978694,1
2023-11-27,93.62593841552734,94.03838748343715,93.21348934761753,93.62593841552734,8371.666,0.412445068359375,0.8248941362691795,1.2373432572703678,57.07358736747159,93.0485122680664,93.99714584350586,92.01739120483398,-42.105319962756575,0.44247493655811604,0.3684555676489337,True,33.33333333333333,33.3332631265604,33.47949811612148,0.04693738783507384,4.124481201171875,-2654903.432730891,-27.61362737144853,1
2023-11-28,94.03839111328125,94.86328928094161,93.21349294562089,93.62594202945107,11771.528,3.613923723833068e-06,0.8249017975044666,3.598003360139046e-06,58.51406908256318,93.1310028076172,93.99714584350586,92.28548316955566,-36.84213344975031,0.8849566938335331,0.4405284189743434,True,50.0,41.66667218153892,33.33331247237902,0.04629900855862967,0.0,-2654903.432730891,6.369450298960906,0
2023-11-29,92.38859558105469,94.03839193071637,92.38859558105469,94.03839193071637,12549.384,0.4124499012653047,-0.8248973502252426,-0.8248973645661977,51.04028149866502,93.1310028076172,93.70843124389648,92.40921783447266,-91.6666577787928,-0.66518746363674,-1.5745137285501976,False,50.0,9.090919671527072,28.030284993208806,-0.07163631771931378,-2.88714599609375,-2667452.816730891,-66.23919437293978,0
2023-11-30,92.38859558105469,93.62594284330095,91.97614649363926,93.21349375588552,11281.643,-0.8248981748308495,-0.41244908741542474,-0.41244908741542474,51.04028149866502,93.1310028076172,93.29598236083984,92.47108535766601,-91.66665574185625,-0.66518746363674,-1.4301419815238583,False,50.0,14.285730338944763,21.681107397336927,-0.1514593629738017,-4.124488830566406,-2673093.638230891,-77.55103063700088,1
2023-12-01,94.45083618164062,94.863285247936,92.80103991645913,92.80103991645913,14983.874,-0.4124538394263908,1.2373424046350578,0.8248934228198692,58.857578780628586,93.37847137451172,93.25473709106446,92.53295249938965,-50.00007291174202,1.1781999540851733,0.844033238639838,True,66.66666666666666,85.71414467267671,36.36359822771619,-0.07125732902217585,-0.41245269775390625,-2664103.313830891,90.5981389504024,1
2023-12-04,97.75043487548828,98.16288396778992,94.45084213707518,95.27574032167846,42094.729,2.4747004052193233,3.2995987198539183,1.6498022206160528,67.82466174923107,94.2033706665039,93.62594146728516,92.92477912902832,-6.666665057937199,3.871441878715602,4.252202112849843,True,66.66666666666666,93.3333349420628,64.44440331789477,0.18416871391210488,3.7120437622070312,-2631362.9690531134,257.7783857693938,0
2023-12-05,96.92552947998047,98.98777478806517,95.68818229512965,98.16287666483129,25706.241,2.8871363431528323,0.8248908202752432,1.2373401580544652,64.01923468884925,94.78079833984376,93.95590057373047,93.29598274230958,-29.411787146627887,2.396509660008293,3.183310473712038,False,50.0,70.58821285337211,83.21189748937054,0.27239594263985856,3.299591064453125,-2637789.5293031135,173.27447604618294,0
2023-12-06,96.5130844116211,97.33798256898538,95.27573717557466,97.33798256898538,12622.561,-0.8248940958459059,-1.6497922190797851,-0.4124451195549881,62.118220733897644,95.60569610595704,94.36834945678712,93.68780937194825,-35.294087624027796,1.5184381256503117,2.5191673930035825,False,33.33333333333333,64.7059123759722,76.20915339046906,0.2769025857265415,4.124488830566406,-2635265.0171031132,92.59260099784778,0
2023-12-07,95.27574157714844,96.10063977262159,94.86329247941187,96.10063977262159,10421.878,-1.2373427963637909,-1.2373427963637909,-0.4124446961627939,56.616132862242615,96.18312530517578,94.65706405639648,93.95590133666992,-52.94109786681717,-0.2877656539803537,1.0572404758542098,False,33.33333333333333,47.05889908813739,60.78434143916058,0.17542437666692967,2.88714599609375,-2638738.9764364464,37.037204668480456,1
2023-12-08,97.75043487548828,97.75043487548828,95.6881894139801,96.10063850628174,13615.084,-1.2663398507584134e-06,1.6497951028666904,0.8248969345682298,63.64238589382482,96.84304504394531,95.11075820922852,94.3477279663086,-17.646968570648752,1.3542435567388513,3.1930358657691658,True,50.0,82.35303041433978,64.70594729281648,0.24933021731722338,4.5369415283203125,-2625123.8924364466,87.90567450049481,1
2023-12-11,100.6375732421875,100.6375732421875,98.16287881819929,98.98777695952869,31568.822,2.8871384532469477,2.8871383666992188,2.474689404219191,69.85584465408333,97.42047271728515,95.81192169189453,94.9045337677002,-0.0,3.244002771484801,5.475501695785802,True,50.0,100.0,76.47064316749241,0.45504212299775926,7.011634826660156,-2593555.0704364465,153.53530894192292,1
2023-12-12,106.411865234375,107.64921250454215,100.22512888353924,100.63757797359496,64169.145,1.64980101406627,7.011639262354649,2.0622500653399527,78.04296868597616,99.31773986816407,97.04926910400391,95.52320747375488,-7.894736545525902,7.574706789215506,10.256412570491428,True,50.0,92.1052634544741,91.48609795627131,0.9157980251303166,12.37347412109375,-2550775.6404364463,221.96977225183952,1
2023-12-13,106.82431030273438,106.82431030273438,104.34961585556678,106.82431030273438,34241.988,6.186732329139417,-0.8249022018077738,4.12448697202754,78.49802232511732,101.37998504638672,98.49284057617187,96.10063591003419,-5.263183356938169,6.220093298124739,9.436617775326866,True,66.66666666666666,94.44441935925617,95.51656093791011,1.1679891440901105,14.435714721679688,-2516533.6524364464,160.98640772539346,0
2023-12-14,106.411865234375,108.06166159459787,105.17451796420785,107.23676341448643,24392.354,0.41245311175205757,1.2373512918634901,0.8249021086410693,76.76251392266816,103.60720977783203,99.89516754150391,96.59557495117187,-10.256409880990052,4.102220327577984,7.874566454131192,False,66.66666666666666,87.87878742076013,91.47615674483013,1.2209309773956614,14.023269653320312,-2520018.2744364464,122.06576562185617,1
2023-12-15,110.5363540649414,110.94880314727328,107.23676140628645,107.64921048861832,46618.054,0.4124470741318902,2.8871415526754163,2.0622434420785964,81.27806966575815,106.16439361572266,101.50371932983398,97.37922821044921,-2.173913173371399,5.511810775134641,10.363761231477165,True,83.33333333333334,97.43589687111431,93.25303455037688,1.432965693827311,16.08551788330078,-2483759.787992002,124.5530299701791,1
2023-12-18,116.72308349609375,119.19777784583425,112.18614385490284,114.24838914635325,99453.667,6.5991786577349245,8.248974698560971,4.94938244861639,85.79499576347283,109.38149566650391,103.40098419189454,98.51346282958984,-9.37500063970626,8.152861221543088,14.228046633308807,True,83.33333333333334,89.83050468305701,91.71506299164383,1.8619428957389097,18.97264862060547,-2454508.7094625905,153.73487527551782,1
2023-12-19,121.2600326538086,121.2600326538086,117.13554174721646,118.3728890191941,82304.365,4.1244998728408575,2.062254807974341,4.949397892313627,88.09315630167033,112.35112915039062,105.83443450927734,99.89516754150391,-0.0,8.888891477056376,16.129034850716366,True,83.33333333333334,100.0,95.75546718472378,2.2948788835446097,24.334503173828125,-2372204.3444625903,152.05678284185467,1
2023-12-20,122.0849380493164,122.0849380493164,119.19779424409609,121.67248893428493,58886.721,3.2995999150908233,0.8249053955078125,2.0622524968796228,88.463365265978,115.40325469970703,108.39161987304688,101.37998466491699,-0.0,7.117016106896133,14.691645744419377,True,83.33333333333334,100.0,96.61016822768568,2.4654764877058692,25.571853637695312,-2313317.6234625904,124.55613807357265,1
2023-12-21,125.384521484375,126.20941965203536,120.84758156224301,122.49737789756374,82930.423,0.8248889632788092,4.124481602718959,1.6497873181469203,89.8415886221064,119.19778594970703,111.40249786376953,103.029780960083,-2.6315792158873115,7.105107835840946,15.224257277851583,True,83.33333333333334,97.05882385800254,99.01960795266751,2.615011318583445,30.108779907226562,-2255904.25369336,116.05889536084722,1
2023-12-22,126.20941925048828,126.62186833300622,123.32227567286273,125.79697016797034,60587.58,3.299592270406606,0.4124486809708543,2.4746941106197227,90.16212071981177,122.3323989868164,114.24839630126954,104.67957725524903,-1.2987014418382932,4.854368132037045,13.403334519960335,True,100.0,98.43749989157746,98.49877458319334,2.5796167504587544,28.458984375,-2210463.56869336,100.63108383449166,0
2023-12-25,117.13554382324219,121.67248390090298,115.8981965293347,120.43513660699548,88809.584,-5.361833560974858,-4.949384432103244,-7.424079143528033,65.39930156655794,122.41489105224609,115.898193359375,105.85505752563476,-30.6666547312268,-3.5653627291575334,3.555153439351745,False,83.33333333333334,57.40743097550123,84.30125157502708,1.7925714112268558,16.497970581054688,-2261211.9024076457,30.241418223242963,1
2023-12-26,120.84758758544922,121.6724857942236,117.13554564596443,117.54799475035162,39276.996,-2.887141856643865,1.8933206291649185e-06,1.23734911662973,69.1772512513106,122.33240203857422,117.34176559448242,107.19551734924316,-20.289830545644282,-1.0692156704070814,5.049302289470354,True,83.33333333333334,73.07695054043865,76.30729380250578,1.3875460073598074,14.435722351074219,-2236217.4504076457,37.37571954147335,1
2023-12-27,121.2600326538086,124.97207446974151,121.2600326538086,122.90982901644546,32800.217,5.361834266093837,3.29958867551791,4.124487007844166,69.57985166801102,122.16742095947265,118.78533782958985,108.63908920288085,-20.312492341950573,-0.7315712463773996,3.8563443617776887,True,83.33333333333334,72.34043794823204,67.60827315472399,1.029460220767218,14.435722351074219,-2269017.667407646,60.551540919737874,0
2023-12-28,117.96043395996094,122.08492465786168,117.1355358203808,122.08492465786168,28617.739,-0.8249043585837796,-2.887149811879837,-4.1244968334277985,62.45974309246404,120.68260345458984,119.94019470214843,109.91768112182618,-38.88890170322394,-2.8862522002235798,0.20437541043479035,False,66.66666666666666,40.00000217388983,61.80579688752019,0.4803264165781558,11.548568725585938,-2288096.1600743127,-11.289467126481654,1
2023-12-29,118.37289428710938,119.19779250513801,116.7230978510521,117.96044517809506,16608.138,-4.12447947976662,-2.887132152723666,-0.4124379693286926,62.97638726143635,119.11529846191407,120.72384872436524,111.11378402709961,-38.46150645208586,-1.5999960171626926,-0.2606382351838221,True,66.66666666666666,23.076962845201976,45.13913432244129,0.07603409120079352,7.836540222167969,-2282560.1140743126,-68.27291694999562,0
