article_title,date,message_count,messages,content
[新聞] 2021年，中華電、中鋼、鴻海、0050和005,2021-01-08,58.0,"我覺得這篇蠻理性的 有錢就台積電  沒錢就0050 | 嘉偉比較強 | 0050就等於是台積電與他沒用的伙伴們這樣 | 你錯了~有錢台積電買整張~~沒錢買台積電零股~是這樣 | https://i.imgur.com/27RSEns.jpg | 這是業配啦，只有節錄部份否定的段落，沒叫你怎麼做 | 沒錯啊 無腦2330就對了 | 被他點到的最近都噴 笑鼠 | 買0050真的不如直接gg啊 | 講的很好 一堆ETF漲翻天 說穿了就是靠GG阿 | 鴻海要打你打成麵龜了 | 樓下T大會出來嗆你不懂鴻海價值 | 翻譯:買2330就好 | 完全不賣30年台灣50可能就贏GG | 如果GG走下波的話 | 這誰的文章 好爛 鴻海都噴成這樣又轉型 還在利遜 | 唉 | 鄭對公公的看法有他自己的意見我不評論 但他對金金 | 的看法我舉雙手贊成 | 中華電確實不若過去獨大 但去年股災來的時候 股價 | 根本堅硬無比 沒什麼崩 相比其他腰斬再腰斬 若年紀 | 大的 資金多的 分配一部分在上面 還是可以 | 我覺得可憐的人是因為意識形態或成見太深 加諸自己 | 對個股的好惡 做股票做成這樣滿可笑的 | 直接買2330心態正確 | 其實我覺得他沒說錯 公公可能是寫書的時候還沒考慮 | 到轉型吧 | 0050那段我覺得他沒搞清楚 權重又不是不會調整 | 哪天公公轉型""真的""成功的話能夠吃掉10%-20%權重 | 又不是不可能發生的事 | 中華電至少可當閒錢放的保本標的 | 還不錯的利息，8000點到15000點漲跌不到5% | 隨時要賣有買盤願意接，我家老人也覺得台積好，但 | 他們看股價起伏不能好好睡就乾脆都買金融跟中華 | 鴻海100台幣 立訊60元人民幣 你敢買哪一個？ | 只有上面兩個能選的話 鴻海  黨的財報不可信 | 但小兒的做法可能就不一定 | 同樣代工廠，立訊的本益比和台灣電子五哥比像屎 | 2330 難道不可能在10/20年後, 也成為他口中的過去 | 式 | 看完心得只有，講了一堆沒營養的廢話 | 書名叫做養一檔會掙錢的股票 內容卻是講了一些股票 | 以前好但是今非昔比 | 害我期待一下能有推薦什麼飆股 結果完全沒有 失敗！ | Apple Car 與 Hyundai Car. 呵呵。 | 南韓發大財。 | call 訊來了，下個交易日全部買進 | 跟這種笨蛋對做就對了 | 這樣看待0050實在不太對吧！ | 原本以為是舊聞 這時機寫這些內容以後回來看會被笑 | 吧 | 每支股票都有風險啊！不然怎麼會說投資一定有風險， | 如果這樣解釋的話，每支股票都不能買了 | 2412價格真的超硬的  3月股災也只有跌到105元上下 | 而已 | 中華電4塊才是正常的,我從1x年前就陸續買了就是4塊 | 這樣的文章 真的有客觀在寫？ | 中華電是股災時 投信買來避險用的 當然不太會諜",1.原文連結： https://money.udn.com/money/amp/story/12040/5108409 2.原文內容： 編按：不要和趨勢作對，市場永遠是對的穿梭大學講堂、和學生打成一片的僑光科大 億元教授鄭廳宜，曾是個平凡的郵局和金融業專員。14年前，他曾因重押和擴大槓 桿賠光2千多萬元。之後，他悟出一套穩健的投資法，捲土重來，如今是人人稱羨的台股億 元大亨，以下摘自著作《養一檔會掙錢的股票》： 忘了吧有些人、事、物，相見不如懷念，尤其是投資人啊，不要一直緬懷過去的豐功偉業 ，宏達電（2498）、宏碁（2353）這些個股，就留在過去吧 2010年11月，我有一個朋友要嫁女兒，想送女兒一輛價值約90萬元的轎車作為嫁妝。這位朋 友有八檔股票，其中宏碁股票持有十張。到底該賣哪一檔股票，他思考很久，最後決定以94 元的價位賣掉宏碁。這個決定，讓他逃過了宏碁在2010年12月9日股價來到99.4元後，隨即 反轉往下崩跌至27.3元的命運。 後來，我對朋友開玩笑：還好你有賣掉宏碁，否則現在賣掉的話，只能買到轎車的四個輪 子。 重點來了，在宏碁股價崩跌期間，融資水位持續大幅增加，這說明了，許多曾經投資宏碁賺 到錢的散戶一直往下攤平，大多數人總是一直緬懷過去的豐功偉業，沒有向前看。 我時常到各地演講， 每次都會有聽眾問起：中華電信 （2412）、中鋼（2002）、鴻海（23 17）、0050及0056是否可以作為存定存股的標的？ 我的答案是：這些標的都是過去式了。 中華電（2412）還能集三千寵愛在一身嗎？ 作為定存股的好標的，中華電可說是集三千寵愛在一身，因為： 1. 過去產業是獨占的。 2. 資本與技術密集，進入門檻較高。 3. 服務商品是民生必需品，不受股市崩盤的影響。 4. 獲利與配息都相當穩定。 可是現在要以中華電作為退休養老股已不可靠，原因有二： 1. 中華電已經從過去的獨占變成寡占產業。 2. 各家電信紛紛推出上網吃到飽促銷方案，造成中華電傳統業務持續衰退。此外，4G投資 還未完全回收，隨著時代變遷快速，又不得不面臨5G的挑戰，而5G的標金極有可能是另一個 錢坑。 這兩個利空反映在中華電上，導致連續五年在EPS與殖利率都快速下滑，EPS從2015年的5.52 元下降至2019年的4.23元；殖利率也從2016年的5%下滑至2020年的3.85%，跌破4%的關卡。 表313 中華電（2412）2010年至2020年的EPS與年平均殖利率 中鋼（2002）今非昔比 中鋼的股價在2001年來到最低點11元，我在股價約13元附近買了三百張，賣在股價19元左右 。買中鋼其實並不是為了存股，當時也不知道什麼叫存股。2001年之前，銀行的定存利率都 還在6%以上，許多優惠存款利率之高，就更不用講了。存股在當時並不流行。 中鋼股價之所以一路水漲船高，主要是拜2000年後中國鐵路、公路、機場、水利等重大基礎 設施建設如火如荼展開，對鋼鐵需求大幅提高所賜。2008年5月，股價最高來到54.4元。在2 008年前中鋼的平均殖利率相當高，投資不但賺了股息，期間還能賺進龐大的價差，再加上 許多新聞大力吹捧：買中鋼可以作為養老金在媒體的推波助瀾下，許多散戶就在景氣 高峰時跳下來買中鋼，卻不知道鋼鐵是景氣循環產業。 表314 中鋼（2002）2010年至2020年的EPS與年平均殖利率 值得注意的是，事實上，國際鋼鐵市場競爭激烈，鋼鐵業很容易受到國際競爭態勢影響，廝 殺的結果導致獲利下降。2003年至2007年五年間，是中鋼獲利最好的時期，EPS平均約在4.4 元，平均殖利率更高達11%。但近五年的EPS約在1元上下，將來EPS為1元左右勢必成為一種 常態。不論是透過國際競爭力、獲利、配息穩定度、殖利率來評估中鋼，都可以確知：中鋼 已經不適合存股族。 鴻海（2317）股價有隱憂 台股突破三十年前高點12682點，鴻海股價卻長期在原地打轉。鴻海股價長期的弱勢背後， 存在著隱憂，當然也就不適合作為定存股。 隱憂一：減資股價不漲 從表316可以得知，鴻海（2317）近十年來，每年的EPS都高達8元以上，且2019年與2020年 平均殖利率分別為5.28%與5.1%，都超過5%。但是2018年與2019年EPS維持在8元，是來自公 司在2018年減資兩成，如果沒有減資，鴻海的EPS就無法維持在8元，股價極可能比現在還低 。公司殖利率超過5%，也是來自減資後，公司股價不漲。 鴻海（2317）2005年至2020年的EPS與年平均殖利率 隱憂二：中國立訊直接挑戰鴻海 近年來在中國崛起的立訊，正在聯合戰友，意圖搶奪鴻海集團的客戶。立訊成立於2004年， 董事長王來春從生產PC連接器起家，再透過收購崑山聯滔，進入蘋果供應鏈，而後再進軍天 線、無線充電、線性馬達、聲學器件等模組產品，甚至收購台灣的宣德，到了2017年進入整 機製造，在業務不斷擴充之下，逐漸成為電子代工的鉅型企業。 緯創、鴻海富士康、和碩是蘋果iPhone最大代工廠，也是全球三大ODM代工廠之一，如今立 訊收購了中國緯創的生產線，準備在崑山擴產，這是不是要直接挑戰鴻海？後續動向值得注 意。 回想當年，鴻海由連接器代工開始，一路開疆闢土，積極爭取各種代工業務，尤其在進入NB 代工時，即直接與台灣的廣達、仁寶，產生競爭關係，一直到蘋果iPhone的代工，成就了鴻 海帝國。 但現在情況好像不一樣了。努力扎根，甚至往雲端事業發展的廣達，股價開始超越鴻海，這 是一個重要轉折。再看到台積電的股價也一路上升，2020年創下歷史最高的股價466.5元， 逐漸逼近500元。 不論是廣達或台積電，股價紛紛創下新高，對照鴻海股價相對弱勢，這種差異性越來越明顯 。 一直以來，鴻海不斷分割旗下業務、掛牌上市。反觀台積電，不斷地集中資源，持續增強實 力，與一再分散力量的鴻海，形成完全不同的方向。現在可以看到，不僅聯發科的市值超越 鴻海，廣達的股價也超過了鴻海。 股價會說話，看看鴻海股價走勢圖與立訊股價走勢圖，勝負立判。 鴻海（2317）股價走勢圖 立訊（002475）股價走勢圖 你知道嗎？ETF有內扣費用成本 國內ETF與股票一樣，都在證券交易所進行買賣，交易時都會收取千分之1.425的手續費；而 在賣出的時候，除了手續費之外，還會收取千分之3的證券交易稅。但ETF也算是基金，因此 跟基金一樣，需要付給基金公司、經理人的管理費、設備、行銷等費用，會從管理的總資金 （淨值）中直接扣除，又稱為內扣費用。 不推薦台灣50（0050）的理由 我之所以不推薦台灣50（0050），有以下兩個原因： 1 台灣50持股權重較不平均，單一檔台積電就占40%，績效受到單一持股的影響較大。我認 為如果要買台灣50，倒不如直接買台積電，台積電比台灣50成分股中的四十九檔更具有長期 的競爭力。 2 台灣50依市值高低挑選成分股，無法即時剔除虧損的公司，例如之前宏達電（2498）在20 13年已發生虧損，但一直到2015年9月才被剔除。 不推薦台灣高股息（0056）的原因 根據以下兩個理由，我也不推薦投資人買進台灣高股息（0056）。 1.0056不一定發放股息 0056成分股的跌幅損失過大時會影響配息金額，甚至不配息。 簡單來說，只有當0056投資收益所得之現金股利、已實現的股票股利和資本利得（股價價差 收益），高於已實現和未實現的資本損失（股價價差損失）並扣除一切費用後，剩下的才是 可分配的收益，也就是餘額為正數才會配息，否則就會減少股息，甚至乾脆不配息。0056於 2007年成立，2008年與2009年兩年無法配息、2013年與2017兩年配息不足1元。 2.0056沒有考慮個股未來的成長 0056所謂的高股息，並不是全部都挑選每年穩定獲利且高配息的公司，而是在台灣50和 中型100指數裡挑選股息殖利率最高的前三十檔股票，以股息殖利率為加權標準，因此很可 能挑到一時缺貨、題材賺錢， 或是適逢景氣循環高點的股票， 如台化（1326）、福懋（14 34）、豐興（2015）、大成鋼（2027）、國巨（2327）、南亞科（2408）及華新科（2492） 皆為景氣循環股。 本文摘自今周刊出版的《養一檔會掙錢的股票》 作者：鄭廳宜 僑光科技大學財務金融系助理教授 日本名城大學經營科財務金融博士 國家合格證券分析師 經濟日報台股擂台賽105年連續三季冠軍 PressPlay 70萬訂閱作者 3.心得/評論： 照他這樣子說，不就只有2330能買？但問題這價位，零股也是啊 
[新聞] 電信三雄獲利大洗牌 中華電拿下三冠王 ,2021-01-11,96.0,"推10萬篇! | 靠電商的還 | 厲害，今天大爆噴 | 台灣大發生什麼事了 | 台灣大不積極建設 活該如此 | 看來2412要上115了 | 台灣大漲不回100是有原因的，好險跳車了 | 光名字就停留在30年前，什麼大哥大 | 2412今天大漲1元嚇死人 | 變成Momo大了 | 108t抱著等股息 | 2412是真定存股,不會吃你的本金能穩穩賺股利 | 3045 稅後純益也掉太多了.... | 110的2412終於解套了... | 台哥大收訊越來越差想換別家了 | 台哥大前陣子負面新聞一堆... | 中華電 EPS 真的是逐年下滑，股利越發越少 | 200見 | 猜4塊股利，應該變長態了~ | 111套到已經麻痺了，賣不賣都沒差 | 遠傳最好給我噴 唯一從去年套到今年的持股 | 2412為何還能撐在100以上？ 靠資產？ | 993045 | 2412殖利率比富邦金還慘 | 一年比一年低～大概就是固定這樣 | 逐年下滑 去年不就比前年還高了嗎 睜眼說瞎話 | 怒漲0.5塊 | 我還想這頭牛今天怎麼動了，正在翻農民曆呢 | 想說牛動了!!!!還漲了!!!!是不是什麼天啓徵兆 | 台灣大真的不行了嗎QQ | 2412就不是強在殖利率 是強在他不動如山 | 殖利率低 又不動如山 那為何還要買他？ | 2412就4%殖利率債券啊 為什麼還要動 | 以前是5% 現在變4% | 中華電4%仔 | 105 年還有五塊啊! 你看 EPS 一年比一年低 | 老人會說美金定存現在利率還不是掉到剩0.3% | 等到變3%股價就會掉了 | 去年收盤最低105，跌幅超過1%不超過5天，沒有跌過2% | 2412如果開始找到新出路那EPS重返農藥不是不可能 | 台灣大不標好頻譜以為用喊的用戶就會黏住 | 有新出路啊 中華電以後也是銀行股了 | 也是  2412最近插旗超多產業，資安、網銀、AI...還 | 搞數位身分證 | 台灣大連遠傳都輸 廢到笑 | 2412是個...會放到忘記自己有的股票 | 台灣大網路破的跟什麼一樣 等我約到馬上轉遠傳 | 建議台灣大哥大改名台灣大電信，改名改運XD | 現在中華都搞專標案了 不然固網業務一直萎縮 | 只差沒找到一家電商可以合作 | 台灣大賣的手機內建木馬害人警局跑不完，賣的行動 | 電源又發生自爆。GG也是理所當然 | 4G還沒回收完 又要花錢弄5G 獲利越來越差是一定的 | 台灣大已是半個電商的形狀，為啥獲利GG？！ | 台哥到底在搞甚麼才可以把自己搞廢 | 連徐徐東都要笑了 | 台哥變廢 幹 押錯寶 | 台哥已經在轉型 電信已是中華跟遠傳的天下 | 中華電被政府逼的不得不佛 4G未回收撒錢弄5G | 去google一下蔡董當初找林之晨當總a的文章 | 就知道台灣大的轉型是必做的 | 台灣大已跌落神壇，自從去年5G開始就走下坡，然後出 | 的白牌手機還有藏木馬變人頭戶，現在跌落神壇不意外 | 遠傳套在65 | 今天猛動一塊還想說準備發生什麼大事嗎！ | 出貨文嗎？ | 台灣債券概念股還能有這種利多 真的不錯 | 台灣大哥大喔 市占率節節下滑的公司有什麼好投資 | 的 | 遠傳早就是老二了吧？ | 垃圾中華電信，網路那麼貴，還把持著資源，結果自己 | 賺那麼多 | 電信業整體EPS被當年499之亂害慘 應該有學到教訓啦 | 當年中華要搶回流失客群，不得已才用499 | 說垃圾中華電的，可能先了解狀況，雖然打劫比自己 | 賺快 | 遠傳早在五年前就穩定老二了 台哥沒救了 | 最近從台哥大換去遠傳，多點評估後，我覺得沒有比 | 較穩，速度倒是差不多... | 獲利王頭銜什麼的對用戶不重要，相較下還是會選用起 | 來表現最好的，我遠傳市郊區就都很給力 | 推樓上，網路上酸是一回事，但實際上就是選個對自己 | 來說最好用的就是，不是全台每個地方都能等同視之 | 我家這邊用遠傳就是不太行，換台哥真的好一點 | 所以對我來說，台哥好用，我何必執著別人酸獲利王呢 | 比較關注有沒有多的建設，像遠傳5G就一直有持續投入 | 很不錯 | 換過蠻多家的，生活圈是遠傳網路最好 | 不是台哥靠電商，是台哥本來就要轉型成電信電商了 | 這樣理解  就不會覺得台哥現在的策略很怪了 | 說台灣大不積極建設的　應該都沒特別看近期5G的建設 | 狀況  憑著舊有4G網速印象來酸，我覺得不是很優... | 台灣大就在轉型阿，轉型過程中還要獲利保持第一有點 | 強人所難吧。至少林之晨在過程中該做得我覺得沒有少 | 台哥還是穩，去查公司財報細節就知道，除非你買股 | 只是想炒短線，不然只因一季就論斷優劣，乾脆去買GG",1.原文連結： https://reurl.cc/WE425D 鉅亨網記者沈筱禎 2.原文內容： 電信三雄獲利大洗牌 中華電拿下三冠王 遠傳單月首超車台灣大 電信三雄今 (11) 日公布去年營運表現大洗牌，中華電 (2412TW) 睽違 8 年重返獲利王 寶座，去年 12 月每股純益 0.36 元、第 4 季 1.06 元、全年 4.31 元拿下三冠王；值 得注意的是，遠傳 (4904TW)12 月 EPS 0.19 元，單月首度超車台灣大 (3045TW) 0.14 元。 中華電 12 月營收 245.9 億元，月增 25.18%、年增 22.1%；營利率 13.78%，月減 5.68 個百分點、年減 2.42 個百分點；EBITDA 65 億元，月減 2.54%、年增 5.7%；稅 後純益 28.1 億元，月增 6.04%、年增 14.7%，每股純益 0.36 元。 中華電第 4 季營收 594.8 億元，季增 14%、年增 7.7%；營利率 17.65%，季減 2.9 個 百分點、年減 0.35 個百分點；EBITDA 198.9 億元，季減 1%、年增 6.1%；稅後純益 82.3 億元，季減 1.44%、年增 5.8%，每股純益 1.06 元。 中華電去年營收 2076.1 億元，與去年相當；營利率 20.4%，年增 0.8 個百分點； EBITDA 787 億元，年增 3.8%；稅後純益 334.2 億元，年增 1.9%，每股純益 4.31 元。 中華電表示，儘管固網語音營收下滑、行動服務與漫遊收入受到市場競爭及新冠肺炎影響 營收減少，但因資通訊專標案、網際網路應用加值銷貨收入等三大項營收成長，推升整體 營收上揚。 遠傳 12 月營收 81.25 億元，月增 1.47%、年增 14.11%；EBITDA 23.66 億元，月增 2.82%、年增 2.02%；稅後純益 6.26 億元，月減 2.94%、年減 8.34%，每股純益 0.19 元。 遠傳去年第 4 季營收 228.08 億元，季增 22.4%、年增 7.51%；EBITDA 69 億元，季增 1.3%、年減 2.69%；稅後純益 18.86 億元，季減 8.36%、年減 11.6%，每股純益 0.58 元。 遠傳去年營收 795.01 億元，年減 5.2%；EBITDA 275.99 億元，年減 5.33%；稅後純益 83.54 億元，年減 4.36%；每股純益 2.56 元。 遠傳表示，去年全年新經濟營收年增 13%，其中資通訊業務營收年增 17%，包括雲端服務 營收年增 68%、物聯網收入年增 57%、資安服務營收年增 29%，行動金融服務也有 5% 年 增幅。 台灣大 12 月營收 127.2 億元，月減 16.69%、年增 14.76%；營利率 9.52%，月增 1.73 個百分點、年減 3.62 個百分點；EBITDA 26.11 億元，月增 2.15%、年減 4.6%； 稅後純益 4.04 億元，月減 53%、年減 54%，每股純益 0.14 元。 台灣大去年第 4 季營收 384.23 億元，季增 22.98%、年增 12.65%；營利率 9.36%，季 減 2.94 個百分點、年減 3.43 個百分點；EBITDA 77.2 億元，季減 0.97%、年減 6.46% ；稅後純益 21.05 億元，季減 25.32%、年減 28.67%，每股純益 0.74 元。 台灣大去年營收 1328.6 億元，年增 6.78%；營利率 12.1%，年減 1.72 個百分點； EBITDA 313.29 億元，年減 6.2%；稅後純益 112.87 億元，年減 9.6%，每股純益 4.01 元。 台灣大受惠第二引擎 MOMO 電商事業成長持續加速，且全年營收比首次過半達 51%；行動 業務部份，5G 開台及 iPhone 12 系列等 5G 手機問世帶動用戶升轉，累計至去年底，高 資費 5G 用戶已逾 40 萬戶，帶動智慧型手機用戶月租費逐月成長，行動服務營收年減幅 也持續縮小；獲利方面，因 5G 頻譜開始攤提及相關建設與業務推廣，全年電信業務營業 利益較前一年下滑。 值得注意的是，遠傳 12 月單月每股純益為 0.19 元，超越台灣大的 0.14 元，第四季單 季每股純益則為 0.58 元，仍低於台灣大的 0.74 元，今年是否會持續維持超車局面，有 待觀察。 3.心得：中華電睽違8年拿下電信EPS王 遠傳單月EPS首超車台灣大 台灣大受惠MOMO電商成長，且全年營收比首次過半達51% 到底是電商股還是電信? 3045憑什麼股價快100 遠傳只有62? 
[新聞] 國際行動網速調查 中華電奪三個第一,2021-01-20,7.0,買中華電至少比中小好多了 至少不會跌 | 但有GG 何必去買中華電呢？ 奇怪耶 | 我全都要 | 避險股之一 | 結果今天....... | 中華電 始終如一 | 今天種花怒跌1塊，不過他之前有怒漲幾塊了=v=,國際行動網速調查 中華電奪三個第一 1.原文連結： https://urrl.cc/yuKop 2.原文內容： 據國際測速品牌Ookla旗下網站Speedtest公布台灣行動網速最新調查，中華電信（2412） 獲得2020年下半年台灣行動網速第一名、台灣行動網路涵蓋第一名，並奪得iP hone 12台灣最快行動網速冠軍。 中華電信表示，持續加碼4G/5G行動通信基礎建設，搭配最大頻寬、最廣涵蓋、以及全台 唯一5G NR 4G5CA先進技術等優勢，持續以4G/5G雙網服務，提供客戶最有感的行動上網 體驗。 Speedtest公布2020年下半年台灣電信業者整體行動網路調查報告，分析超過600萬筆消費 者實測數據，中華電信奪台灣行動網速第一名，同時，手遊族群最在意的下載速度 和延遲度，均為業界之冠。 此外，經過Speedtest網站超過5.6億次測量樣本的分析，中華電信也拿下2020下半年台 灣行動網路涵蓋第一名。 中華電信董事長謝繼茂強調，4G/5G行動網路建設有成，獲得Speedtest肯定，展現中華電 信對於行動網路品質第一的努力，更顯示致力提供客戶涵蓋最佳體驗的堅持。 依據Speedtest分析40萬筆以上實測數據顯示，中華電信拿下iPhone 12台灣最快行動網 速冠軍；去年底中華電信全台5G基地台已超過4500座。 中華電信行動通信分公司總經理簡志誠表示，今年中華電5G基地台將再加量、加速建設， 預計年底前可超過1萬座，針對全台都會區、重要商圈、科學工業園區，超過150所大專院 校、120處百貨室內人潮聚集場域，並擴大對於高鐵沿線、捷運和機場等地的行動通信建 設，預估5G人口涵蓋率將超過7成，皆有5G涵蓋。 3.心得/評論： 雖然涵蓋率網速測試第一，但2412營收這五年真的不太行，這樣還能繼續定存下去嗎？ 
[新聞] 《各報要聞》431億！中華電資本支出破紀,2021-01-27,59.0,"5G元年 | 中華電是真定存股,大盤一萬五還是八千都不關它的事 | 現在109，去年三月最低才跌到103.5，今年配個4.5元 | ，風險趨近於零啊 | 趕快買起來 | 最強防禦股 | 永遠的109 | 用4g吃到飽就很划算了 忙著換到5g的都有錢 | 這支真的牛，存股讚 | 以後車子如果都要5G，他成長可以期待 | 執照跟設備更新都幾次了 不花錢還不行啊 | 5G企業專網發展起來這隻牛就動了 | 萬年不動真存骨 | 淦 台哥小 真的雖小了 | 先把光纖加大點吧！最近家裡的光世代越來越不穩 | 真存股 大盤重挫500點 2412重挫5角 | 引擎準備發動 | EPS被499之亂吃掉，超北七 | 台股之守鶴，最強防禦啊 | 外面行情再熱 再冷 都沒有他的事 | 何時這垃圾要被空下100阿?... | 融資怕斷頭就融資買幾張這支 | 我等好久了阿~~ | 比債券還債券,穩！ | 這真的最穩的存錢牛皮股 | 配息下降竟然還不會跌.. | 他的支出是負擔 | 進去施工過看了員工素質，回家馬上賣光。 | 5g站台政府好像要補助？ | 這之 質押 有賺頭嗎 | 買這隻就是每年準時領股息 領到進棺材傳下去的那種 | 推19樓 笑死 | 空手仔唯一無法酸的股票 | 有些金融股也很抗漲抗跌不輸阿 | 這表示這幾年股利會縮水阿 5g建設的錢回收還要好久 | 進去施工過看了員工素質=>巴菲特最愛這種蠢貨能run | 唯一不用盯盤的定存股 | 有啊樓上還是有空手仔在酸啊 | 這檔哥酸不下去，真護國神山 | 這隻融資買你算上利息根本不划算 XD | 閒置現金可以放在這邊 每次崩盤一定會大漲 | 員工...其實都不差 你看到通通是外包 | 這支真的超威，大盤殺到8500，也沒破百 | 噴噴 | 這隻去年三月到五月只跌了幾塊。真的穩 | 管理層很強，外面那些所謂員工多數外包，直接幫公 | 司省錢用的 | 沒用的老員工一直退，優秀年輕人一直進，這公司未來 | 沒道理不強大呀！ | 就怕以後配息越來越少... | 進出過那麼多隻股票，唯獨2412 不曾虧過錢，這不推 | 不行 | 推 好股票 | EPS越來越差，以前都還將近5元的...唉 | 配息下降不跌是因為你錢存銀行根本沒利息啊！ | 穩穩領3%抗通膨比存銀行全軍覆沒被通膨吃掉好啊 | 那個5元是蔡力行時期吧,蔡那時就costdown有名的啊 | 原本一直資本支出的企業突然costdown短時間當然帶來 | 良好的獲利假象,可之後呢?你都沒建設怎麼繼續造營收",1.原文連結： https://reurl.cc/GdbyEx 2.原文內容： 《各報要聞》431億中華電資本支出破紀錄 時報台北電中華電信搶先於26日公布今年財務預測，估營收2092.62097.2億元 ，較2020年自結數成長。每股稅後盈餘（EPS）4.204.40元，與2020年自結數相當。最 受矚目的，則是2021年資本支出高達431.5億元，年增82、創下新高紀錄，顯示2021年 中華電信將加速加量全面衝刺5G網路建設。 5G轉型雙軸並進 中華電信董事長謝繼茂表示，展望2021年公司將延續5G轉型雙軸並進的營運主軸， 促成全民升級、百業升級、工業務管理升級，並結合投資與併購，提升公司競爭優勢 ，以掌握後疫情、前瞻2.0建設與中美科技變局等成長契機，並在獲利優先的原則下，慎 選優質專標案，開創業務佳績。 另外，謝繼茂強調，中華電信5G建設定調加速加量，並將積極拓展5G企業專網，與企 業夥伴共同發展5G智慧應用，不僅確保5G品質與網速第一，並拉升行動業務營收，帶動資 通訊業務成長。除此，將透過寬頻上網升速及三網整合策略，提升用戶平均貢獻度，促成 營收成長，MOD自選餐結合東京奧運等熱門運動賽事，將推升客戶數成長，帶動MOD與廣告 營收向上。 較去年資本支出增82 總經理郭水義表示，2021年資本支出431.5億元，較2020年實際資本支出236億元，大幅增 加195.5億元、年增82，主要因為5G擴大建設、IDC機房擴建、新建海纜、PSTN網路IP化 、MOD平台加速汰換等策略投資，以及無形資產的變動。 2020年以473.7億取得5G執照後，標金攤提成本每月落在2億元左右，且基地台折舊攤提也 開始，因此拉抬資本支出。 由於中華電歷年資本支出最高是落在2013年的364億元，2021年的431.5億元將是歷史新高 今年EPS估4.24.4元 中華電2021年財測，合併營收較2020年自結數增加約0.81.0，稅前淨利預測數 420.8436.1億元，歸屬於母公司業主之淨利為326.0340.9億元、每股盈餘預測4.20 4.40元，約在年減0.11元至年增0.09元之間。（新聞來源：工商時報記者林淑惠台北 報導） 3.心得：台積電資本支出破紀錄股價創歷史高 中華電支出也破紀錄 怎麼股價沒動? 
[新聞] 中華電信資本支出令人驚訝，外資目標,2021-01-28,378.0,"外資欠嘎是不是 | 好喔！請空到90塊↓↓↓ | 吃貨文 | 中華電主要籌碼應該不在外資手上  我猜不太可能給他 | 倒到90 | 中華電90元世界早就崩盤了吧 | 種花終於要噴惹 | 絕對中立的中華電信： ...... | 萬年不動的中華電信 | 哪個喜憨外資 | 你能倒下來我感謝你... | 呵呵 | 明天外資大買中華電信 要開漲了 | 丸子要噴了  我還沒上車阿 | 你去問持有種花的，是有誰想賺價差? | 要噴啦~~~~ | 趕快下來 | 台股牛皮股之王可不是這麼好變動股價的 | 賣不動好嗎 世外桃源股非浪得虛名 | 政府持股3成5、最大股東的公司......嗯 | 你下來，你下來，保證買五張 | 這篇讓大家知道外資目標價都亂掰的 | 下來我all in好嗎 才5張... | 可能在做6g了？現在4g超常斷 | 那外資還不空！ | 去年股災都沒跌了 會因為降評跌嗎 | 這個資本支出跟台積電的完全是兩種效果 | 快下來 | 中華電籌碼有夠穩，想跌也難。 | 倒下來只是被存股散戶買走 散戶笑呵呵 | 103關卡跌破再說 | 目標價就是一個目標，像子瑜就是我目標老婆，能不能 | 娶到就是另一回事 | 這批外資壞掉了 | 反著看 | 90? 去年股災他只跌到103 | 現在誰信? | QQ我等著接下來啊！！ | 他媽的 外資想吃貨都會這樣 | 換炒種花？ | 90塊大盤腰斬可能有機會啦 | 你跌到103我買10張 | 90塊2412你他媽是在講啥幹話 | 中華是外資下一個目標? 那我還不買爆 | 外資手上還有16% 拜託外資趕快倒貨 XD | 種花是超然獨立於台股的存在 | 不用90  只要看到103就買爆 | 吃貨文 | 我爸買了一輩子只進不出的 就算跌到90大概也無感== | 讓PTT法人跟GME一樣把外資嘎到怕 | 哪個外資啊 | 台股跟中華電信是脫鉤的好嗎 | 種花電信90還有哪隻股票還活著？ | 這隻90時不知道外面的世界怎樣了 | 萬年不動股= = | 公營時期老員工 買到現在都還沒賣過 | 在野之前才在靠腰NCC又要補助經費給電信業，等於回 | 吐部分頻譜拍賣金 | 吃貨文 | 外資要買貨的意思 | 資本支出那麼多結果獲利不變 | 神經病 90元林北從2011年後就沒再看到了 少在那胡 | 扯 我還不買爆? | 我就問大盤漲了4000點都不動的股票要怎麼跌到90 | 中華90...那GG會到哪裡 | 買這支=賠手續跟稅金 | 不會吧 難道要用種花店噴200 ? | 外資價格懶趴亂喊 | 哪個智障外資 | 不動如山 | 林北當時93買了之後就沒再看它跌過了 | 90都嫌太高了 | 難得會認同法人目標價 | 外資千算萬算還是算不到2412信徒的信仰 | 上次指數跌到6000時2412搞不好都沒跌到90咧 | 外資持股16趴 想賣到90？ | 腦x喔 90我歐印 | 買爆中華電 | 有種空到90阿出張嘴 | 退休就靠這張了，外資快賣阿 | 乾你的外資整天在騙 | 我主管抱10年帳面獲利3百萬  她說大跌在買 | 外資要賣自己要考慮清楚 以這支的股性 賣了可能就難 | 這太唬爛了 | 拜託外資幫忙空 105以下跌一點我買一張 | 買回來了 因為人家根本不賣 | 台股唯一對利空免疫的股票,外資還是省省吧! | 散戶股東的堅定度算是台股數一數二的 | 白痴小兒，賣太多買不回來xd | 發這種消息根本就是要騙你手上的股票換它接 | 90就真的是幹話，當初減資完的價格怎麼可能還買得 | 到 | 外資氣焰太旺直接打到散戶主場還好 | 資本支出 噴 | 中華電：又有我的事？換我了嗎？ | 別瞎掰好嗎 | 小額可能想吃CHT的ADR 故意來台灣喊低母股的價格 | 笑死 這隻老牛根本不會動 | 請外資放空倒90 給我買拜託 | 兩年前買的種花現在股價還是一樣 超牛.. | 賣下來，我買爆！ | 按照慣例 可以準備進場了 | 資本支出過高侵蝕獲利 殖利率往下掉 股價就會掉了 | Surprise | 別檔不敢說  2412笑你小兒賣不到90... | 我真希望它到90 | 外資說到要作到，我就看你們放空到90。 | 笑死 | 講白一點外資只剩下16% 能賣沒有多少張120W張而已 | 反著看就對了 | 當初外資下降中華電時候有200W多張吧 | 看了一下 這個搞不好是真出貨文 我看外資一直賣 | 價格會不會跌不知道 但殖利率高機率會跌 | 但是股價雷打不動 笑死 | 當初中華電真的被狂賣下來110->8X 我還被洗出去 | 初期5g建設花錢 回收也慢 | 千萬不要被騙了 我10年前的經驗 我被洗出去不感追 | 88左右停損 超嘔的 後來就回90+ | 外資剩下這麼少張 賣也賣不動 不要被騙了 | 自己看每年殖利率就知道 一直降 只是價格沒變多少 | 種花崩到90   GG大概也崩到90了 | 有種就到90 | 為啥這隻交易量每天都一萬多但60ma跟現在一樣109呀 | XD為啥他股價怎麼一直不動 | 中華電超然的存在 你跟我說他股價會動? | 說到要做到阿 | 有人一直萬張高牆擋在那...外資倒光可能還破不了100 | 好  外資快點賣 | 記得只有08年金融海潚那波有跌比較多,之後就一路視 | 大盤如無物 | 殺小 | 外資持股16%...你倒看看啊  呵呵呵呵呵呵呵呵呵呵 | 哪家外資喊的拉出來溜溜 | 掉下來50 小收100張 | 中華電才是台股最猛的吧 大盤漲跌不關他的事 | 他就完全超然的存在 我兩年前買108就放著不管結果現 | 在109XD | 不過可能要孫子幫我買了 | 趕快倒，散戶接爽爽 | 快倒 我拜託你把他賣下來 求你 | 所以目標價真的都是亂喊的吧 | 哪家野雞外資 報出來啊 | 原來債卷還有目標價喔 | 是錢太多現在亂槍打鳥只要沒噴過的都想複製一通割是 | 吧？外資是賣了很多天沒錯，但股價就沒變過，你再賣 | 啊 | 我就看外資小鵝動不動的了種花 | 比債券還債券的神股耶 | 殺下來一定買爆 | 而且這支發完息後第二天就填上了根本沒機會讓你撿 | 便宜 | 小鵝想偷接? | 外資割台積韭菜爽過頭了，居然想進國家公園割韭菜 | 想割三星蔥 ??? | 明天大跌五毛 | 笑死 | 快賣啊 | 看完籌碼分佈會笑死 | 到底是那個喜憨外資XD | 好喔 下跌5毛預約單排好 | 看來要掃貨了 | 跌到90馬上歐印了 | 我等100都不知道要等多久 你說90？？ | 中華電雖然殖利率不高但是波動低  乖乖抱著忍受持 | 有時間，成本最後越降越低 | 拜託跌到90早就想撿了 | 外資是不是赫然發現散戶信仰股更好割韭菜 | 威武我大種花電 | https://i.imgur.com/CoAUEYr.jpg | 哪來的外資小兒還沒睡醒膩 | 低能小兒 刻憐納 | 拜託，根本亂喊，中華電根本老人股，只要一跌就被買 | 上去 | 有種把16%都倒完 可能連100都破不了 | 這支比gg還穩，有本事來啊 | 外資過去10年持股倒了12% | 有種外資一次賣光他外加空爆 | 所以到底哪家外資 | 哦 新聞有創意 10分 | 我以為股版最愛資本支出 | 網通業賺翻。 | 指數剩下2000中華電可能就90 | 90 來啊！ 買爆！ | 我們散戶跟你拼了 | 說真的這利空有發現，難得外資提到，但他少考慮 | 中華電信基本優勢太強大了(不是基本面喔) | 他跟其他電信的電信收入，多一項那就是他的基本優勢 | 去年疫情都沒跌 難道現在比去年還利空? | 資本支出也要看他是內銷的這種資本支出短期是大利空 | 說話算話啊等小二倒倒90塊 | 籌碼面和基本優勢在那邊，跌到90我都想多接幾張了 | 趕快空，我等著買呢！ | 外資不要快賣出來@w@ | 這個白痴都看的出在亂喊 | 問題在於買種花的不看新聞（？ | 一堆阿公阿罵錢寄在那當生活費 是要把他們洗去哪裡 | 快點跌，不然我每天的預掛單都買不到...... | 趕快來倒貨,等著加碼. | 麻煩請外資賣 台灣人會接手買回來 | 由此可知外資臉皮真厚 定存股也可以喊成這樣 | 這目標價是想騙誰.. | 這隻散戶還不用零股買螞蟻搬象，小二賣一張散戶就買 | 一張 | 這的確是一個隱憂啦；去年最大股東交通部預算編列 | 吃貨文 | 當退休阿公阿嬤吃素 | 2412是預計配4.3，但接下來董事會拍板後才能確定 | 小兒有種來啊！笑你不敢 | 現在外資是都亂喊是嗎 | 看來前年4.23應該是底部了，接下來IDC和ARPU提高 | 台股跌到5000種花都還是三位數吧 | EPS應該會緩慢上升的。可以理解，在超低率環境下 | 請外資用力空下來給上車 | 成長股炒完了，這隻會慢慢有些吸引力了XDD | 不要說90,這支要摸到100的可能性都很低 | 想想裡面那些公務員，這麼說也蠻有道理的 | 另外，去年5G頻譜約500億，沒算進資本支出裡，那才 | 外資可能是找股本夠大的不然一吸就直接往生 | 中華電信高層在亂搞 | 我買過七十塊的中華電 放到現在 | 是影響現金流最大筆的XDD 今年應該還能舉債100億 | 配4.3應該沒啥問題，就看董事會怎麼決定了 | 拜託外資把16%持股全賣光啊 | 去年股災也才103，都準備100以下準備接 | 同樣資本支出大增兩樣情  一個目標價上看800 一個 | 下修變90 | 大家都想撿就知道這支多強 | 外資vs種花 都幾 | 目洨價啦，目標 | 別的我不知道啦，我只知道小兒每天上千在倒已經快2 | 星期了，然後老牛的股價一度怒漲1.5塊 | 基本資本支出不能這樣看，內外銷有差 | 說好的90呢，倒2星期連107邊都沒見過 | 大盤再暴跌500點 中華又要漲到120啦 永遠的避風港 | 內銷上限就這樣，尤其最近電信資費被電信商自己玩爛 | 明顯想吃貨 | 真的下來我會補 養老股 | 除非5G比4G多更多額外需求，不然4G還是主流 | 台積電1000 中華電90 我話說完誰反對 | 電信商eps最大的敵人就NCC阿 | 中國華可以到90還不狂買 | 不重要 | 真 傳子傳孫 股 | 最近一次見識過的種花店單日崩跌 是2015年的824之役 | 哈哈 誰叫台灣不能用華為 | 講白點 外資不要 一堆人搶著接 根本難壓下去 | 外資：我說中華90元 誰贊成 誰反對 | 可憐啊 看看k線 超平 | 一點都不意外。5G的花費三大電信都會把調整目標價 | 吃貨喔 | 怎不是跟台積電一樣  支出暴增  反而調高目標價 | 看來很快85 | 吃貨囉 | 90？認真? | 90元的話我不但不賣,還加碼買 | 中華電：讓我跌到100就算你贏 | ...不可能90吧,政府手上一堆,外資反而沒多少 | 減資過後才沒這麼容易讓你賣到100咧 | 到90我就買爆 | 對比去年三月 誰換算一下 大盤多少中華電才有90? | 連署名哪間外資都不敢 怕被笑 | 190啦！大家有默契 | 外資砍價想吃貨484 | 股災都破不了百，目標價90在搞笑喔 | 大跌0.5元 | 拜託趕快90 我抵押房子ALL IN | 外資只是想吃貨而已 | 肥貓太多 | 來阿 有種賣到100來看看 | 90我all in | 明天大跌 1元 | 90...腦袋有問題吧亂講一通 | 外資想挑戰牛皮的韌性嗎 | 90?2020武漢肺炎最恐慌的時候也沒破百～不動如山 | 想也知道5G多燒錢，建置效益又差 | 這要怎麼跌... | 4G盈利又被價格戰打死了，能賺錢算很厲害 | 放這種新聞，吃貨嗎！ | 種花萬年不漲不跌 這分析文很費 | 騙我就算了 連你自己都騙！ | 外資看你各位台灣人吃素的欸 | 因為外資想避險了 | 笑死 中華電信 90？ | 代表中華要彈了 | 設備弄好後 訊號最好 | 5G是不用錢喔 | 中華要到90比台積到1000還難阿 | 種花90，我還不買爆XD | 90我歐印當存錢... | 想知道哪一家外資+1，記者王憶紅，名字有股感 | 這告訴你外資智障很多啊 | 倒到90我就買一半資產配置= = | 信心喊話讚喔，不過我還是觀望。 | 太扯 …… | 外資想買 買不到 | 中華上次低於90是什麼時候呀... | 交通部35%股份....是要怎麼跌 | 外資報告反著看就對了！ | 外豬能賣到破百就很厲害了XD | 可惡，還沒上車阿 | 中華91路過，唯一每年配爽爽的股票 | 一句話，外資不敢 | 外資故意喊價吧 想買人家對不對？ | 90？ | 那家外資？非洲部落的外資膩 | 大跌大漲卻默默漲回110左右欸 | 這個新聞只寫外資誰知道是誰，有夠不負責任的新聞 | 垃圾外資不意外 | 想吃貨喔 | 我先準備好啦，你快點空，我要抄底 | 外資的目標價... 呵呵 樓下信嗎 | 試試看啊 | 這是買給孫子的 | 90是在做夢逆 | 90都嫌太高，定存找別隻 | 垃圾外資喊爽想偷買4吧？我手上的死握不放啦 | 90我all in | 種花跟台股根本平行時空 | 快空我接 | 欸 不是耶 這隻八方吹不動 什麼事件都跟它沒關係 | 似的 | 這外資真的知道自己在講什麼嗎 | 哦哦哦 新聞出來要空了 | 快快快空別只會喊目標 | 我ok你先空 | 這告訴你外資都虛有其表、只會騙吃騙喝的白痴 | 買爆 | 外資喊低就是買 喊個就是賣 一群垃圾孤兒 | 拜託你快空到90 我讓我可以買來當定存啦 | 存股台積電不如存股中華電 | 放消息嚇散戶？ | 90 要去抵押房子買了 | 欠教訓 | 喊爽兼嚇人的，中華電的主要持有又不是外資 | 終於要拉了 | 中華電信？？？？90？？？？我無法想像連這支也跌台 | 灣會有多少股民崩潰 | 提款完想放定存 | 幹你娘垃圾外資，目標價都亂喊的 | 倒下來 我接 | 吃貨文 | 外資欠教訓 | 買美債不如買中華電 | 我相信你，說到做到喔！ | 外資加油 希望中華電有打折行情 讓我存爆 | 中華90 大盤不敢想像 | 到90還不買爆？ | 而且聽說外資喊台積電到800，怎麼一路倒？ | 當阿公阿嬤存款假的？ | 100就被買光了還90 | 我看中華電20年，都等不到100元以下 | 金融大鱷快來空中華電啊 我等著進場 | XD | 90大概一年剩賺3.5才有可能吧... | 不動神股叫假的？ | 下來90, 還不買爆 | 剛提款回來滿手現金 想買債卷是吧 | 種花沒辦法貼行事曆，連超自然力量都拿他沒輒 | 外資擺脫 快賣 散戶等著接唷 | 拜託 | 早上到現在才成交3千多張,小兒想買來避險結果沒得買 | 只好唱衰中華電看會不會有散戶真的信把持股賣掉 | 你銀行存款利率也一直降啊都快0了,它殖利率還有4%耶 | 固定股利超牛神股  https://i.imgur.com/QPrWdtg.jpg | 中華電也能玩？這外資.. | 台股10萬點時，中華電信才會掉到90吧 | 等外資賣我90的 | 科科，下去惹 | 萬年牛皮股小兒敢賣試試看 | 中華電信ADR28日上漲0.27美元漲幅0.69%折台股111.50 | 劇本大概是,假設下週大盤又跌,可能糖漿會進場,依照 | 過去手法多半就是會拉權值股 | 超強定存股 | 增加支本支出是要養一堆廢物員工吧XD | 沒辦法成長的市場，這麼大的資本支出 | 種花是空頭時期最佳的資金避風港,不過電信類股獲利 | 越來越差，只能期待子孫公司能夠開枝散葉多貢獻一 | 些EPS給母公司，不過我已經全部出脫,將來3年改存GG",1.原文連結： https://reurl.cc/Q7j9RM 2.原文內容： 中華電信資本支出令人驚訝 外資目標價 90 元 記者王憶紅台北報導中華電信昨日公布2021年財測，其中，2021年資本支出431.5 億元，較2020年的236億元，增加195.5億元，外資對高達431.5億元的資本支出相當Sur prise（驚訝），恐未來配發的股利可能減少，因此，給予 劣於大盤 評等，目標價 為 90元。 中華電信2021年每股獲利目標4.24.4元，與2020年每股獲利4.3元相當。外資在報告中 指出，中華電的每股獲利高於預期，主要是受惠EBITDA利潤率較高，但是，資本支出達43 1.5億元，大大高於市場預期的300億元。 外資指出，中華電信2021年的資本支出增加令人驚訝，反映出5G投資高於預期。 外資進一步指出，2020年的資本支出為236億元，比原預算的307億元低23，這可能是 由於COVID19期間網絡部署推遲所致。中華電信預計2021年的總資本支出為431.5億元， 較去年同期增長83，其中包括5G網絡的布建、互聯網數據中心、新的海底電纜建設、MO D平台升級等，高於外資預估的298億元，以及市場平均預期的312億元。 外資指出，儘管淨利潤高於預期，並且CHT的股利在2019年支付了100的淨利潤，但鑑 於資本支出遠高於預期下，股利存在減少的風險。同時，儘管5G的競爭有所改善，但考慮 到較小的業者仍持續競爭，而台灣大、台灣之星、遠傳均與有線電視系統業者合作提供固 定寬頻服務，這也存在競爭風險。 3.心得/評論： 5G建設花很多錢，這大家都知道 問題是你給目標價90元 ？？？？ 現價109元 去年3月股災才跌6元的牛皮神股欸... 
Re: [新聞] 中華電信資本支出令人驚訝，外資目標,2021-02-02,75.0,"90買爆 | 中華電信就是那種買了之後真的不能賣的東西，進出 | 成本相對於他的漲跌幅實在太高了XDDDDD | 瑞士信貸啊 目標價84 | 空空 挑戰台股牛皮股之王 結果就是這樣 | 美丁美當 | 每家電信資本支出都令人驚訝，5G標金緣故。 | 太小看中華電信了，當年中鋼套多少人，還是一堆人抱 | 中華電信就是飆股玩夠了 想找個安定的家的人買的 | 他的漲跌幅會被稅費吃光光 | 籌碼很穩XD | 台積電腰斬中華電都跌不了多少 | 一堆外資亂喊芭樂價 | 中華上一次90是幾年前了 | 外資是沒看到NCC要把標金回貼給電信嗎 | 中華電一堆退休金在裡面 要怎麼跌啦 | 外資也想買中華電信?? | 台灣人退休靠他了 | 中華電個人覺得有隱憂，不過目前仍有超前優勢 | 四年前，有看過99.X一下下 | 這支90我all in | 有退休金無限補錢 外資佔比又少 不要想跌了... | 台股可能真的無腦多了...退休金無限補錢之術... | 有種90我定存全解all in | 中華電90不買嗎？ | 這篇也太快回覆了,先等今年公布股息再來看 | 新聞這麼多，看來中華電要衝一波了 | 中華電只要有二位數就直接整張整張買 | 中華電信就是穩 | 中華電有可能自己射一顆衛星上去做6g嗎？ | 中華電內部研究院好像已經在研發低軌道衛星 | 2412這樣回推股價還真的沒什麼問題 高於價格真的就 | 不划算 不過多頭時期你也等不到那個價格 | 真定存股 | 真的弄出來不用花錢租基地台 | 每年員工認股就不知道買多少張了 籌碼穩 | 剛來台灣想吃電信的傻B吧 | 他們也有20％的股票補助嗎？ | 身為中華電的用戶 每個月還要上貢資金給他,.. | 90的時候反而不敢買，現在當然喊的很大聲XD | 中華電信的隱憂應該在現在連MOD開機率都下降了 固 | 網業務應該會衰退 以後的家庭可能門號四五支但是不 | 裝ADSL光纖 連MOD都沒吸引力了 | 我家現在開電視都是看youtube netflix | MOD已經不怎麼開了 | 這句話你去跟退休金說 不要檔 讓他跌到90... | 如果殖利率真的降到受不了,慢慢會有人賣出,這是市場 | 沒什麼用的股票 越存越差 | 自然平衡,一切就看能發出多少錢,現在是還沒讓人受不 | 我用美股買我也是外資 | 了 | 配息從5%一路降到3%多 | 未來starlink影響不知道會多大 | 之前想要NP去別家 中華電信店員只差沒說門在那邊自 | 己出去 | 根本沒在怕客戶出走 反走你最後還是會回來 | 東西都是他家的 別家也只是跟他租用 要怎麼輸? | 不過去年沒填息 | https://i.imgur.com/GX99VnB.jpg | 我上次去親戚家說我家都在看mod,他說mod沒有NBA厚 | 那我去年看的是啥?(笑 | 90我也all in | 這股神話破滅要從殖利爆炸開始 = = 但還早啦 | 網飛看得到桌球、羽球、排球、NBA嗎? | 我自己有mod+網飛,網飛有孤獨美食家12季,mod有3-8季 | 中華電 年年都有隱憂 但是說要賺個4塊還沒問題啦 | 近幾年人事有瘦身 一些單位整併 原有高薪的退休 | 反正這隻金牛擠一擠 提升效率 都還榨得出錢 | 超級牛 怎麼喊都不會動 | 這隻根本活存股 | 好幾年前外資的目標價就是八90 ，他們根本也沒動過 | ，目標價就是他心目中的合理價，又不代表要賣下來 | 或拉上去，井底之蛙 | 100就被買爆了還90 | 配息越來越差，已先出場改存股GG",所以這間外資到底是誰啊？ 回顧一下上週盤整， 中華電至今，跌幅.....0% 最低價，108.5，最大跌幅......0.45%， 因為交易級距0.5。 等於根本沒動。 這間外資可以報上名，讓人笑一下嗎？ 只會算預計股利，用殖利率5%回推合理股價 會加減乘除就能預測盤勢，那PTT每個都股神了。 : 1.原文連結： : https://reurl.cc/Q7j9RM : 2.原文內容： : 中華電信資本支出令人驚訝 外資目標價90元 : 記者王憶紅台北報導中華電信昨日公布2021年財測，其中，2021年資本支出431.5 : 億元，較2020年的236億元，增加195.5億元，外資對高達431.5億元的資本支出相當Sur : prise（驚訝），恐未來配發的股利可能減少，因此，給予劣於大盤評等，目標價 : 為90元。 : 中華電信2021年每股獲利目標4.24.4元，與2020年每股獲利4.3元相當。外資在報告中 : 指出，中華電的每股獲利高於預期，主要是受惠EBITDA利潤率較高，但是，資本支出達43 : 1.5億元，大大高於市場預期的300億元。 : 外資指出，中華電信2021年的資本支出增加令人驚訝，反映出5G投資高於預期。 : 外資進一步指出，2020年的資本支出為236億元，比原預算的307億元低23，這可能是 : 由於COVID19期間網絡部署推遲所致。中華電信預計2021年的總資本支出為431.5億元， : 較去年同期增長83，其中包括5G網絡的布建、互聯網數據中心、新的海底電纜建設、MO : D平台升級等，高於外資預估的298億元，以及市場平均預期的312億元。 : 外資指出，儘管淨利潤高於預期，並且CHT的股利在2019年支付了100的淨利潤，但鑑 : 於資本支出遠高於預期下，股利存在減少的風險。同時，儘管5G的競爭有所改善，但考慮 : 到較小的業者仍持續競爭，而台灣大、台灣之星、遠傳均與有線電視系統業者合作提供固 : 定寬頻服務，這也存在競爭風險。 : 3.心得/評論： : 5G建設花很多錢，這大家都知道 : 問題是你給目標價90元 ？？？？ : 現價109元 : 去年3月股災才跌6元的牛皮神股欸...
Re: [新聞] 中華電信資本支出令人驚訝，外資目標,2021-02-02,26.0,傻傻的，低調撿 | 幾年前一堆上電視喊4G會賠 然後跌不破100... | 大股東交通部 不賣股怎麼跌 | 5G應會讓EPS慢慢彈起來，電信現在不太打價格戰了 | 4G有一波殺到90  然後之後都沒跌破100過了 | EPS彈起來不看好 但是各種大股東都當傳家寶的情況 | 要跌是能跌到哪 = = 319都演給你看了 | 319的時候可以賣中華電買台積電 | 主要是二哥去搞電視購物網拍了 只剩中華跟遠傳雙雄 | 這個十年 電信局時代的都慢慢退了 新進其實薪水不高 | 打價格戰真的北七 | 每年抱著配息降低成本 | 剩下的65%由忘記帳戶密碼的退休老人持有，當然不會 | 跌 | 這新聞都幾天了 2412動都不動 | 13樓笑翻XD | k大正解 | 90我張來擺，殖利率起碼有個四趴多，而且他馬的還 | 不會跌 | 忘掉帳號密碼所以所以不能賣股wwwww | ㄜ..老人都是直接電話跟營業員說 沒在用電腦的＝ ＝ | 哈哈哈 樓上突破盲點 | 就算不跌，將來股息變少，還是虧阿… | 如果升息也會跌吧 | 升息的話 你手上所有東西都會跌爆 就金融漲 | 所以買中華當然也買點金融阿xd~,: https://reurl.cc/Q7j9RM : 2.原文內容： : 中華電信資本支出令人驚訝 外資目標價90元 : 記者王憶紅台北報導中華電信昨日公布2021年財測，其中，2021年資本支出431.5 : 億元，較2020年的236億元，增加195.5億元，外資對高達431.5億元的資本支出相當Sur : prise（驚訝），恐未來配發的股利可能減少，因此，給予劣於大盤評等，目標價 : 為90元。 : 中華電信2021年每股獲利目標4.24.4元，與2020年每股獲利4.3元相當。外資在報告中 : 指出，中華電的每股獲利高於預期，主要是受惠EBITDA利潤率較高，但是，資本支出達43 : 1.5億元，大大高於市場預期的300億元。 : 外資指出，中華電信2021年的資本支出增加令人驚訝，反映出5G投資高於預期。 : 外資進一步指出，2020年的資本支出為236億元，比原預算的307億元低23，這可能是 : 由於COVID19期間網絡部署推遲所致。中華電信預計2021年的總資本支出為431.5億元， : 較去年同期增長83，其中包括5G網絡的布建、互聯網數據中心、新的海底電纜建設、MO : D平台升級等，高於外資預估的298億元，以及市場平均預期的312億元。 : 外資指出，儘管淨利潤高於預期，並且CHT的股利在2019年支付了100的淨利潤，但鑑 : 於資本支出遠高於預期下，股利存在減少的風險。同時，儘管5G的競爭有所改善，但考慮 : 到較小的業者仍持續競爭，而台灣大、台灣之星、遠傳均與有線電視系統業者合作提供固 : 定寬頻服務，這也存在競爭風險。 : 3.心得/評論： : 5G建設花很多錢，這大家都知道 : 問題是你給目標價90元 ？？？？ : 現價109元 : 去年3月股災才跌6元的牛皮神股欸... 很驚訝這外資是來做什麼的 90元這目標價 對於這等於是把銀行存款3~5%放在股票界的不動神股 看得太小了 要知道 中華電信等於是電信業的Iphone 如果這樣都垮的話 台灣應該也不存在了 更別說很多人是拿著退休金All in 2412 而且買了就沒再賣的 死忠粉絲堪比果粉 何況有政府背書35% 要怎麼大跌 我真看不出來 有炮可打直需推，莫待平時空打槍 想當初打價格戰的...就被換下來了
[新聞] 外資看好中華電營運轉佳 調高目標價,2021-02-05,144.0,好幾年前80以下無腦買，然後…就沒看過2位數了 | 笑死 樓下跟上 | 沒用啦 會買這隻沒在看股票新聞的 | 調高目標價為107，所以要賣啊 | 調三小 中華電有在管你的嗎 | 108.5溢價囉 | 不是說好賣到90嗎 | 調高三小 不是要空下來90元嗎 | 過完年準時出貨！ | 前幾天目標價才調降至90元，怎麼還沒到。 | 1樓的80幾塊應該是好幾十年前的事囉 | 溢價該賣囉 | 外資好了啦，中華電不是你放消息就能炒作的 | 笑死 | 想太多 種花電抗糗的 | 對外資的智商感到懷疑   怎麼會把腦筋動到這支上 | 2412就是台股姆斯 | 暴漲個0.5反映一下 | 本業不行 | 嗯 | 35%政府持有 另外65%忘記自己有這支的老人持有 | 好，大漲0.5慶祝 | 不會去買ADR喔 肏 | 外資目標價1000=中華電105元=外資目標價70 | 漲跌根本超微弱心電圖 | 中華電這死魚股 喊有屁用 | 中華電信 調高目標價??? | 2412是台灣債權好嗎  XDDD | 103→107？何時外資喊得這麼保守 | 臥槽今天上下震盪1塊錢已經很可怕 | 連這個也在喊= = | 可以倒貨到90給我買嗎= = | 台哥大表示： | Ok，暴漲1元發大財 | 要不是股息穩定我根本不想買這一家 | 一張放到忘記昨天買個20股提醒一下 | 出貨阿，看你怎麼把中華電賣下來 | 認證不懂喊一個股價不會動的幹嘛 | 說好的90塊中華電呢? | 一下好 一下不好 雖然說種花的股價也不會鳥你 | 我買不到90的2412好生氣 | 我又調高啦，我又降低啦，怎樣？你咬我啊？蛤？ | 一下升一下降科科 | 丸子 | 前幾天才在降評 到底 | 買中華電的連股災都沒在看，還管你目標價 | 評估中華電幹嘛 湊報告數的吧 | 等等上一篇不是說要調降到90 倒底? | 外資調降 有種賣出阿 | 大漲0.5元慶祝 | 喊衰90沒人想進場買..喊高點就有人買了 | 去年大崩特崩的時候中華電才微微浮動 有種賣到100↓ | 外資+10才是真正的目標價 | 怕 | 不是永遠方波+0.5 -0.5嗎 | 發現調低目標價沒人要賣 只好轉調高目標價 笑死 | 沒人要理你們外資喊來喊去的清流股 | 外資也才16%，我期待外資全部出清看有沒有兩位數可 | 以買 | XD | 有莫銘的笑點，我還真想看看外資炒不炒得動 | 怎可能跌到90...回到100以下還不買爆 | 一人一張把中華電買回來XD | 根本懷疑玩這隻股票的是殭屍 根本不會動 | 台灣大媽發佈目標價給你們外資看還差不多 | 見9字頭我馬上解定存買爆 | 別說90了，100就一堆人壓身家買了 | 掛三天108買不到 只好市價進一張 | 每天1萬多張108在排隊.... | 丸子 | 喊這張是有個屁用?他是會動? | 去年股災後100上下買賣過，很不刺激，還是台GG好玩 | 還以為前幾天買108.5太高，終於解套了 | wwwwwwwwwwwwwwwwwwwwwwwwwwwwwwwwwwwwwwwwwwwwwwww | 我都快忘記這個傢伙了wwwwwwwwwwwwwwwwwwwwwwwwwwww | 又有人在帶風向了 | 不動如山 | 去年修正都沒跌 台灣最強債券 | 笑死 外資再亂喊啊 | 沒調個20%不要出來搞笑好嗎 | 108可以抽插一天的傢伙 | 買台積電不如買中華電 | 之前某家外資喊看90，你們外資的分析員怎麼程度差這 | 麼多？證照雞腿換的嗎？ | 林北上次看到90好像是2011年的時候 92賣了一張 真 | 是後悔 | 外資在那邊動來動去 種花電也不會動啦 | 2011年2月買過90.3，出掉後就回不去了QQ | 風險係數0.22你敢嘴 | 存股你敢嘴 | 上星期說好的90呢??? | 不是被資本支出嚇到了嗎 | 大概是看到自結淨現金和發現去年資本支出沒算標金XD | 這隻想掛低一點就買不到 價格很硬的股票 | 認真說買他的連去年有股災都不知道，喊給誰聽 | 是不是找不到東西炒了？ | 調高 但還是建議賣出 | 外資趕快出貨好嗎 我想買90的中華電 | 外資空失敗只好多 但種花根本不會動 別浪費時間做 | 了 | 這支股價為什麼那麼穩啊 幾乎沒波動 | 樓上 因為他叫中華電 | 種花哪有什麼目標價可言 | 不用破100，低於108就一推人搶了 | 籌碼太穩了啊 | 價格硬梆梆 | 定存股好選擇 | 台灣最強 | 公司的阿姨有價位6X中華電信... | 賭場關了喊多也沒用 | 前陣子不是喊90嗎？外資根本神經病，一檔不會動的 | 股票還一直喊 | 不愧定海神針，連唬爛王法人喊價都喊很保守，其他 | 股票都幾倍在喊的 | 不用多 拜託外資把種花空回100內好嗎 | 好 大漲0.5 | 比債券還安全的標的 | 這隻除了領股息還能幹嘛？ | 6年前買過90就沒在看過這價位了 | 嗯？ | 大戶持股太高 股價根本沒啥在動 | 出看看啊 | 傻了，中華電是有名的抗漲概念股 | 調低調高，搞得我好亂啊 | 去年疫情股災時不動如山 | 要買這隻就真的要有十年以上計畫再買 抗跌也抗漲 | 這個有什麼好出貨的 大家都滿手 | 這個就是買到自己都忘記的股票  一放放10年 | 目標價這麽低，根本沒漲到還害我賠 | 2412還會賠錢....凹單就會賺錢啦 凹個兩年 | 10x就買 11x就賣 每年都在這邊抽差 | 2412去年104嘻嘻 | 內需的東西 | 種花籌碼都是你各位的退休金跟壽險公司..更不用說政 | 府35%籌碼定在那..外資小兒才站16%  還整天想動這隻 | 債券概念股 | 這檔叫中華電 搞不好留言的有人每個月還要上貢月租 | 費 | 垃圾外資 | 阿不是調降到90？ | 這隻可以當主力的避險工具XDD | 外資喊這支 是不是已經弄到沒股可以玩了? | 四五年前買過101附近的 現在根本無感 | 你看過死人心跳嗎？~~~沒看過~來看2412~~~~夠平！,https://bit.ly/ 縮網址，連結能不能點擊者板規122處份。 3.心得/評論請盡量充實，心得過短或濫竽充數將會以123一行文規範水桶處份。 4.發文請依照格式文章標明段落，不符合格式者依41刪文處分。 以上注意事項請勿刪除 違者41 刪文處分 外資看好中華電營運轉佳 調高目標價 原文連結： https://reurl.cc/R6Xem6 發布時間：2021年2月5日 週五 下午12:22 原文內容： （中央社記者江明晏台北2021年2月5日電）3家外資針對中華電信 (2412) 出具報告指出 ，ICT營運成果亮眼，且今年資本支出達高峰，其中2外資將中華電目標價提高，看好營運 趨勢穩步改善。 中華電信4日舉行法說會，2020年全年營收為2076.1億元，與2019年同期持平，總成本與 費用為1668.5億元，與2019年相較持平，2020年歸屬母公司業主淨利為334.2億元，增加 1.9%，每股盈餘4.31元。 亞系外資認為，中華電信趨勢穩定、寬頻和wifi固定成長，而行動電話顯示出良好的成本 控制跡象、資訊與通信科技ICT業務強勁成長，維持中立評等，目標價從103元提高至 107元，而增加資本支出的報酬率，將是2021年的重點，看好營運趨勢穩步改善。 歐系外資指出，中華電在艱難的環境中實現合理的營收成長，第4季營收年增7.7%，來自 大型ICT項目認列，年增50%，抵消了行動服務收入下降3%，占2020年總收入的約30%，儘 管成長率在2021年可能會更低，但隨著公司對這些業務的選擇更嚴格，利潤率可能會提高 。 歐系外資表示，中華電去年由於內部優化和與設備供應商的關鍵談判，資本支出為新台幣 233億元，低於先前預期，而2021年的資本支出估計為431億元，年增成長85%，主要來自 於5G和光纖建設；寬頻ARPU在去年成長3%，其中用戶使用300Mbps或更高方案的年成長率 高達69%。 截至去年12月，中華電已取得50萬個5G用戶，今年底目標200萬5G用戶、5G滲透率約為20% 。歐系外資指出，雖然可能會有更多的5G用戶簽署新台幣999元以上的方案，但鑑於台灣 行動市場歷史，認為這可能是短暫情況。 歐系外資將中華電目標價從98元上調至103元，但仍維持賣出評等。 美系外資表示，給予中華電信低於大盤評等，目標價90元，指出去年中華電ICT營收 成長強勁，將在2021年挑選ICT項目，更有助於利潤，且中華電看到了5G的重大機會，加 快2021年資本支出，將是歷史高峰，此後的總資本支出應會下降。 截至2020年底，中華電已構建超過4.5萬個5G基地台，目標到2021年底將累計超過1萬個。 心得：蒸的丸子 外資要出貨了 才在那邊調高目標價 99中華電 
[新聞] 電信業1月獲利 中華電每股賺0.4元勝遠傳,2021-02-09,52.0,好少 | 長榮：他們在爭什麼? | 每股賺0.4……，要飯要到老嗎 | 樓上，這是1月單月。 | GG:股板還有人買這檔喔 | 不多 | 來囉 連財報年什麼時候開始跟結束都不知道的韭菜來 | 囉 糕點 | 記得你這篇的評論，七月漲上去記得再發文 | 韭菜真的笑死人 單月就要賺一整年??? | 看來很多人升5G惹 | 開盤大長0.5慶祝 | 0.4*12 全年保守也有5 | 沒關係 趕快拋售 我想接便宜的 | 沒多久前才看到外資喊90元 ㄏ | 中華要回到5了 | 真5G受害股 難怪去年買電信股的只能看別人賺 | 配合政策燒錢搞5G 給個補助立萎在那靠妖圖利財團 | 樓上單月看全年也太搞笑了吧xD | 中華電那麼有錢 還要拿國家補助 不是圖利財團是什 | 麼 | 휱2夠維持股利水準了吧！？ | 會補助是因為當初5g標金收太狠 退一些吧 | 補助是為了加速建設阿 不然電子股不補助你水電匯率 | 還不崩到哭? | 一個月0.4 一年4.8 股息派發率95%+ 差不多吧 正常 | 回不去的中華QQ | 第一次聽到中華電信是財團，笑死 | 中華居然開始月增年增了  我看了什麼 | 偏鄉建設需要補助，不然誰要做賠錢生意 | 某樓邏輯怪怪的？有錢的公司不能拿補助？你知道台積 | 拿了政府多少補助嗎？ | 不補助沒關係啊！其它電信公司走中華網路的租金全 | 漲，偏鄉請其它電信公司去蓋...還有當初光世代要大 | 降價殺有線電視網路，NCC是怎麼擋的？？ | 我2412有15張，每張平均成本降到7X元了，沒跟上大 | 盤上漲，還是有點嘔XD | 勝遠傳很難嗎? | 大漲0.5 | 贏遠傳好像不難 創新能力三雄最差 | 中華電哪來的國家補助?反過來都在幫國家做賠錢案吧 | ?轉公開上市後當初公營的硬體基建都換成股票繳給政 | 府了 哪來的政府補助?根本在胡扯 還財團咧?你是在 | 講富邦這種的吧? | 它還是政府機關辦活動主要的公關金主 | 去年5月將中華電全換台積電，中華電殖利率太低了 | 跟去年比大噴爆 | 那今年應該可以保4%殖利率了 | 都在幫國家做賠錢案，一年還能賺半個股本，好屌喔 | 。 | 中華電信光以前老本的線路費就不知道賺多少了好嗎 | 這間就是壟員清一清，每年至少配10以上,原文標題：電信業1月獲利 中華電每股賺0.4元勝遠傳 (請勿刪減原文標題) 原文連結： https://money.udn.com/money/story/5612/5244775 (請善用 https://bit.ly/ 縮網址) 發布時間：20210209 18:36 (請以原文網頁/報紙之發布時間為準) 原文內容：中央社 記者吳家豪台北9日電 電信業者今天公布1月財報，中華電信單月每股盈餘（EPS）達新台幣0.4元，超越遠傳電 信的每股盈餘0.18元。 中華電信1月合併營收為171.2億元，年增2.5%，主要因手機銷貨收入與資通訊專案營收增 加；營業成本及費用131.7億元，年增2%，主因商品成本與資通訊專案成本隨銷貨收入與 專案營收增加而增加；歸屬於母公司業主淨利30.9億元，年增3.3%；每股盈餘0.4元。與 第1季財測達成率相較，營業收入、營業淨利、稅前淨利及每股盈餘達成率皆超過預期。 截至1月底止，中華電信光世代寬頻用戶數為362.1萬戶，60Mbps以上客戶數231.7萬戶， 其中300Mbps以上客戶達45.1萬戶。MOD客戶數達206.9萬戶，行動通信總客戶數達1133.1 萬戶。 遠傳1月合併總營收為74.17億元，合併稅息前折舊攤銷前利潤（EBITDA）與稅後淨利分別 為22.62億元與6.03億元，1月每股盈餘為0.18元。 遠傳數位轉型效益持續發酵，1月新經濟營收延續強勁成長動能，較去年同期成長43%，其 中資通訊業務營收年增71%，主要受惠於物聯網專案收入年增163%、資安服務營收年增 102%、雲端服務營收年增46%。(編輯：趙蔚蘭) 心得/評論：電信三雄裡，唯一值得買來當定存的大概只有中華電而已，配息穩定，股價 不動如山，反觀遠傳跟台灣大，股價最近直直落，買來當定存可能會先吃掉本金，中華電 買來當避險或是比銀行高的定存cp值還算是不錯啦。 https://bit.ly/ 縮網址，連結能不能點擊者板規122處份。 [m3.心得/評論請盡量充實，[m心得過短或濫竽充數將會以123一行文規範水桶處份 [ [m4.發文請依照格式文章標明段落，不符合格式者依41刪文處分。 [1;33m以上注意事項請勿刪除 違者41 刪文處分[m 
[新聞] 台灣大1月每股獲利0.31元 落後中華電,2021-02-18,57.0,"台灣大填息都填不了了... | 掉到60元再來考慮買 | 中華電信永遠的108 | 幹 我98的台灣大 竟然也可以套 雞巴 | 哈囉樓上我跟你一樣。嘻嘻 | 98+1 幹有夠烙賽 最失策就是這隻 | 98元套台灣大股利領個一次就差不多能回來了吧 | 到底填不填得了息XD | 笑死 當年一堆人吹捧台灣大 其實到現在還一堆人看衰 | 80都嫌貴 | 中華電 無言 它可能不會漲啦 但它會填息就夠了!!!! | 有富邦媒就夠了 不用管台灣大0.0 | 2412都當祖產一代傳一代，賣了晚上祖先會托夢 | 獲利王笑死人 | 換總經理之後就一直落賽 還能當喔? | 好險去年漲到115賣了 | 電信股實在太慢 不然其實能撿了 | 台灣大太澇賽了 | 我套在102…我對這隻真的很不滿 | 套109..... | 5G 前幾年不賺阿 | 我都跳槽遠傳，印象中付手機月租費就用台哥大，前後 | 加起來也二十年了吧？ | 不看好後市，連創新的技術都不如遠傳 | 中華卡死108~109，還好只是用來存股 | 這家管理太垃圾， | 靠摳撐出來的獲利王， | 當初買80幾 | 本來110想賣， | 90初頭有想加碼， | 但是太死魚 | 就放著了 | 還好跳船了，難怪外資會超級賣，momo都救不了獲利了 | 看起來在打底，應該是有機會吧 | 中華電比較像是類定存、類債券的性質。 | 沒看到外資狂賣，從45%剩18%了，當心了 | 1月營收創新高，獲利衰退25%，要買的人好好想一下。 | 連momo都救不起來。 | 以前都贏中華電  這業績衰退太多? | 台哥大原來還有在做電信喔 我還以為只有電商咧 | 一年賺不到4塊錢的日子不遠了..... | 總經理倒是常出來刷存在感 | 阿5G標輸人，電商又撐不起來 | 你講的都對,前提:台灣大抗跌 | 事實將證明願意持續資本支出投入建設的會是最終贏家 | 中華電要回到5塊了 | 為什麼會覺得有MOMO就要衝天XD 台哥就還在整合跟發 | 展階段  怎麼很多人都以為電信為主轉電商為主 | 是一兩年就能搞定的? | 5G普及後比較能看得出來優劣吧  現在就4G末期 | 5G還青黃不接  沒什麼變化  就是吃過去老本 | 這樣看  台灣大略輸中華很合理 | 我算蠻看好台哥的，但不是現在　要等5G普及一點 | 同某樓 5G前幾年不會賺的  這個要時間發酵 | 不過是還蠻肯定林之晨的努力  有看得出台哥的改變 | 台哥是真的做蠻多事的，我相信有些人跟我一樣， | 因為支持才買的吧。如果要發大財，怎不去買台G就好",原文標題：台灣大1月每股獲利0.31元 落後中華電 (請勿刪減原文標題) 原文連結： https://ec.ltn.com.tw/article/breakingnews/3441566 (請善用 https://bit.ly/ 縮網址) 發布時間：2021/02/17 17:47 (請以原文網頁/報紙之發布時間為準) 原文內容：記者王憶紅台北報導 台灣大哥大今日公佈1月表現，單月營收124.9億元，稅後淨利 為8.7億元，每股稅後盈餘0.31元，落後中華電信的0.4元。 中華電信2月9日公布1月營收171.2億元，稅後盈餘30.9億元，每股稅後盈餘為0.4元， 創近年單月新高。 台灣大哥大財務長兼發言人俞若奚表示，1月份受惠春節買氣成長，第二引擎電子商務 營收年增四成，推升合併營收成長16%。行動電信事業方面，用戶升轉5G高資費動能持續 ，帶動智慧型手機用戶月租費逐月成長。獲利方面，雖5G折舊攤銷與業務推廣成本年增擴 大，但在電子商務規模經濟與營業槓桿助攻下，合併營業利益年減縮小，排除折舊與攤銷 ，合併EBITDA月增4%，年減則持續縮小至僅2%。 另外，台灣大哥大永續成果則傳佳音。國際永續評比機構SP Global ESG （前身為 RobecoSAM）最新公布2021年永續年鑑 （The Sustainability Yearbook 2021），在全球 61個產業、逾7000家大型企業的評比中，台灣大首度獲得金獎（Gold Class）殊榮，為 全球電信業表現最優異的企業。 台灣大哥大董事長蔡明忠表示，進入5G時代，台灣大哥大更加重視節能減排，陸續推動 自建太陽能電廠與綠電採購，並啟動綠能投資，規劃投資4.2MW陸域風電，預估首年發電 近1300萬度。此外，承諾2030年IDC雲端機房100% 使用綠能，公司總綠能使用占比達20% 。 心得/評論：台灣大跟中華電的獲利一向都很穩定，是很多人的定存股選擇，但是電信業 雖然算是民生必需產業，獲利普遍都有衰退的跡象，台灣大也從一百多元跌到九十幾元， 電信業只有中華電股價還維持在一百元以上，不過同樣發四塊股利的前提下，說不定存九 十幾元的台灣大CP值會比存一百多元的中華電來的高就是了。 必需填寫滿20字 發文提醒 [m1.發文前請先詳閱[新聞]分類發文規範，未依規範發文將受處份。 [m2.連結過長請善用 https://bit.ly/ 縮網址，連結能不能點擊者板規122處份。 [m3.心得/評論請盡量充實，[m心得過短或濫竽充數將會以123一行文規範水桶處份 [ [m4.發文請依照格式文章標明段落，不符合格式者依41刪文處分。 [1;33m以上注意事項請勿刪除 違者41 刪文處分[m 
[請益] 現金800萬存中華電信？,2021-02-22,128.0,"可以 | 歐印0050 | 殖利率4% 一年可賺32萬 還不錯... | all in台積刪app | 唯一推薦 存股宏達電 上看1300 | 生技又要起飛了不衝一波？ | 可以阿 | 一半中華 一半0050 | 哥 最近 在研究 狼牙股 | 可以啊 | 買2412 不如買2498 | all in 2330說不定明年就變一千萬 | 大力光 | 扣掉利息也每年幾十萬  夠爽了  反正多的 | 中華每年5%  夠了啦 | 可以 | 中華電現在明明只有四趴而已,哪來的五趴 | 不如明天歐印陽明 一天10% | 2412最多買100就好了其他壓GG或0050都好 | 一半分批買0050 一半分批買美股VTI/QQQ之類 | 要是我一半直接買長榮 | 現金 800 萬       貸款 800 萬   是不同概念好嗎 | 現金800 我是支持買啦   貸款........ 不可能 | 員工會感謝你 | ALL IN 生技 直接翻好幾倍 | 複委託買GME啊 | 分批買進 | 歐印2330....睏霸數錢 | 買中華好處就是買完後刪app | 0050/00850追蹤指數 | 0050 | 買宏達電啊不會喔 | 低基期股票 | 提早退休 羨慕 | 興農跟臺鹽啦 | 當然要all in 航運三雄啊 | 貸款跟現金差很多吧 借錢不用還膩 | 考慮好自己還款的現金流 | 華票固定5%穩的很 | 中華電連4%都沒有了 | 去澳門直接賭大小,一次show hand  不用謝我 | ok | 航運  三代不用工作 | 糕點!! | 利差太小 不要借錢 | 貸款買存股 有想法 | 選我，最中肯建議：All in友達，人生翻倍，股海老船 | 長 | 只需要每隔1週看一下老船長賣友達沒有，還沒有賣， | 就等著800萬翻倍吧 | 笑死 | 為何大家都忽略貸款兩個字 | 不到4%   但我可以 | 自有現金可以,貸款的利差太小 | 非常值得，買中華電信就對了！ | 越多人貸越接近崩盤屢試不爽 | 買etf吧，貸款不要單壓牛皮股 | 買陽明試試 | 600拿去存股 | 200拿去買夢想股 | 00692 | 歐硬TSLA | 崑鼎 | 請問貸款利率是多少？ | 貸款買存股真的是很有想法捏 | QQQ比較好 | 利率沒說，跟廢文差不多... | 不如存att 7% | T-Mobile 7% 美國版的中華電信 | Sorry I meant at&t | 可以啊 | 貸款喔 三思啊 | 現在普遍是高檔還是低檔看不太出來 | all in 比特幣，困霸數錢 | all in ark | 除息前一個月無腦買，除息前一天賣，除完後分批買進 | 有股價8X每年穩配4元的 | 貸款買中華電的殖利率拿去付利息就沒剩多少了吧 | 你知道貸款要每月本利攤還嗎？你打算先買定存股然 | 後用薪水換貸款？ | 美股股息扣30%稅 領息要算清楚 | 2330啦幹 | 利率很重要 | 貸款下去 結果過幾年遇到升息gg | 你工作有辦法還貸款就可以 | 歐印合一啊 | 看你的利息 | 種花的好處是電梯向下的速度比較慢 | 華固 | 2330的股利，你貸款買下去是想手嗎XD | 2330的股利，你貸款買下去是想斷手嗎XD | 貸款要還欸 不是可以給你一直放 | 你買0050比較快 | 兆豐 中華各五十 穩 | starlink | 賭力積電了啊 | all in 台gg | 晚上要睡的好的確是買中華電信比較ok | 你的薪水付得起每月本金嗎？你以為800萬不用還本是 | 不是 | 早就很多老人這樣做 | Smi1e, T的股息要扣30趴稅金，不如買BTI和PM | 20年貸款的話第一年比較累而已 領到股利就輕鬆了 | 人家搞不好房子租出去了，本息都是房客在出的，大家 | 幹嘛幫他擔心還款 | 買房 | 歐硬比特幣 | 你貸款利息是幾趴 | 也是可以啦，看你自己的做法，畢竟現在的貨幣一直 | 在貶值 | 好奇這要怎麼賺？ 不用還本金？ | 貸款還買股，笑死 | 1101 | 可以,建議留500買炭精,身心感到寒冷時可以用來取暖 | 貸款存股??? 你不用還本金? | 中華電4% 穩定填息 睡得著還睡得飽 | 還沒填息吧 | 中華電信不用考慮，你看三月根本沒什麼跌 | 別害人了，人生真的要這賭運氣？ | 貸款利率1.4的話買中華好像穩賺 | 貸款玩 建議真的別鬧 | 中華電要買110以下不是常識嗎？平常不買,除權前才 | 要去追110以上,甚至115的,當然會賠錢！ | 貸款寬限期前兩年只要繳息… | 多少人都舉債投資 說別鬧的真的只能當螞蟻的命 | 除息前追根本不會賠 記得棄息就好 短時間幾趴穩穩 | 賺不好嗎 提早買只是資金卡住而已 忘記賣的話擺一 | 兩年也會回本",小弟剛好可以貸款800萬 因為不想要每天看盤 該存中華電信嗎？ 請各位大哥大姐幫忙開釋一下 Sent from JPTT on my iPhone 
[新聞] 中華電重訊！,2021-02-22,80.0,"中華電要動起來了嗎 | 大賺880萬  明天噴... | 中華電？？？？ | 政策任務持股 | 賣10萬張都沒跌是怎樣 | 很聰明  趁運送疫苗的利多出貨華航... 操盤手厲害 | 賣10萬張賺880萬？ | 分批賣吧，公告裡面有交易區間 | 穩了 | 崩跟漲都沒這支的事情 | 一張賺880塊，連繳證交稅都不夠 | 明天大漲0.5謝謝 | 中華電 | 1塊就算漲停了 | 如果明天動都不動，我就來存股！ | 華航一路飆上去 讓中華電哭死 | 航空慘業，早賣早超生啦 | 明天要漲停了嗎 X做夢! | 鄰居最近要辦光世代100M, 中華竟然說我們這區滿了, | 要排1-2個月等機房調整--中華電要起飛了嗎@@ | 幫忙護盤的終於解套 | 不會起飛  也不會跌落 | 當初是被交通部逼買的，終於解套快跑 | 中華電的起飛=上下抖動0.5 | 中華電信常常動1塊   我常觀察 | 種花利多呀 | 怪不得漲不動 明天補漲啦 | 分點是元富吧，中華電還有約11萬張要賣 | 幹就你在賣，難怪長不動 | 起飛=破110 | 滾一滾吧 干預市場的傢伙 | 無聊！ | 大漲0.5 | 明天大崩0.5 | 真廢，賣成這樣也沒有殺一波便宜價 | 乾難怪漲不上去 | 我還以為中華電解盲成功 | 之前被政府強迫買的 | 重訓我都買喬山 | 套辣摸久解套了當然發表一下 | 這樣華航是利多還是利空啊 | 有生之年能看到中華電亮燈嗎 | 種花店，有漲停過嗎？有資深股民能回答嗎~ | 完全看不懂為什麼航空業會漲 今年大家敢出國嗎 明 | 年病毒有機會變種嗎 可能是敢吧 不然航空業在噴什 | 麼 | 什麼爛政府 強迫買 | 難怪一直卡在11.85 每次直接倒2000張 | 中華相輕 | 目標價109塊 | 他漲任他漲清風拂山崗，他跌任他跌明月照大江 | 被逼買這種受疫情影響的類股沒賠就不錯了 | 明天大漲1元 | 中華電常常動一塊這種事不用觀察也知道吧 = = | 中華有中華的內褲線 正常吧 | 完全不會動的股價好嗎 | 難怪 這幾天漲不太動 | 元富幫他賣的齁 | 明天華航該噴了吧 | 其他綜合損益不影響EPS | 難怪今天元富倒了一堆垃圾出來 幹 | 難怪今天華航一噴就被殺下來 一直噴不上去 | 華航真的很爛 今天長榮航漲快七趴 他才兩趴? | 就被中華電賣啊 所以才小漲 | 考翻譯嗎? | 明天大漲0.5塊 | 丸子 | 帳列其他綜合損益 | 明天電梯...不動 | 明天依舊不動如山 | 為啥內文華航 標題中華電？ | 樓上你沒看第一行 是中華電賣華航持股啊 | 明天大漲0.5 | 中華。空 我懂了 | 中華去年還前年，派發股利前有亮燈啊 | 我記得是 113.5 元 | 現在賣華航傻了嗎？ 才剛要飛高高耶 | 880萬大概夠發給裡面老人，共三人一年薪水 | 感覺就是預期會飛高高才賣,是不是有特定人買盤啊?? | 不然這樣賣還漲就很奇怪了一定是有人買啊",主旨：公告本公司處分中華航空股份有限公司普通股 事實發生日：110/02/22 說明： 1.證券名稱: 中華航空股份有限公司普通股 2.交易日期:110/1/4~110/2/22 3.交易數量、每單位價格及交易總金額: 交易數量：106074000股 每股價格：新台幣11.85元 交易總金額：新台幣1256936仟元 4.處分利益（或損失）（取得有價證券者不適用）: 處分利益：新台幣8811仟元(表列其他綜合損益) 5.與交易標的公司之關係: 無 6.迄目前為止，累積持有本交易證券（含本次交易）之數量、金額、持股 比例及權利受限情形（如質押情形）: 數量：216639116股 金額：新台幣2567173仟元(以公告日收盤價計算) 持股比例：4.0% 權利受限情形：無 7.迄目前為止，依公開發行公司取得或處分資產處理準則第三條所列之有價證券投 資（含本次交易）占公司最近期財務報表中總資產及歸屬於母公司業主之權益之比例 暨最近期財務報表中營運資金數額: 占總資產之比例：6.00% 占歸屬於母公司業主之權益之比例：7.45% 營運資金數額：新台幣10582813仟元 8.取得或處分之具體目的: 營運資金運用 9.本次交易表示異議董事之意見: 不適用 10.本次交易為關係人交易: 否 11.交易相對人及其與公司之關係: 不適用 12.董事會通過日期: 不適用 13.監察人承認或審計委員會同意日期: 不適用 14.其他敘明事項: 無 來源： https://reurl.cc/v57M3y 心得：空軍起飛？降落？ 
[其他] 中華電(2412)現金股利：4.306元,2021-02-23,109.0,"3312 一張1.5W 發1.2 一張中華電可以買7張3312 | 爛死，一直往下 | 今天還怒漲1元 | 2412今日大漲一元 | 很好啊，說不定今年金融股發不到4% | 把種花空到90好噗好 | 感覺電信配股只會越來越低 | N年前買在最高123.5 現在還是賺了WOW | 但是3312 104,105,106 沒配息... | 4% | 盈餘分配率以後應該都是100%，如果獲利不提升的話 | 可憐啊 大行情還在定存 | 123.5那年台積電才一百多，少賺好幾倍，還以為自己 | 賺XDD | 連續23年配息, 未來還會繼續配下去, 長持 | 穩 | 90的話加碼~ | 感覺3312是低調鑽石 | 穩定好啊 100多塊台積是幾個人有買== | 樓上 我有買啊 可惜那時候比較窮 只買5張 | 有些人就喜歡穩穩賺小錢 喜好問題而已 有賺就好 | 台積不到100時,去買的還不是被板上股神酸... | 這個就4%債券 | 公告價110 | 台積2016年股利也比中華電信高。給你時光機讓你回 | 去重選你一定會選台積電，所以不用硬拗了 | 說買台積電的沒在200多時買大立光  少賺幾倍自己算 | 存股不一定要電信股或金融股...唉~ | 比去年高 不錯啊 | 爛到爆 | 3312你能做價差啦~我覺得有彈性很重要 | 還可以呀!買了可以安穩睡覺的好股 | 買了都不用看大盤  專心工作 | 前面不是還有個卜蜂3元的 買台積賺很多嗎? | 漲高才追才說好笑死人  去年三月沒看到哪個說好 | 9103 不就賺更多,不到2元漲到80 | 無腦反覆抽插3312的概念 | 這支就純避險用，小賺價差 | 金融不好是吧 永豐是不是要漲個兩年回到淨值才追阿? | 中華電比0050穩定拿股息耶。 | 漲個20%說好 追高仔永遠學不乖 | 台股裡面可以無腦抽差的存股真的一大堆~ | 再賣華航啊 今天才賣不曉得賺多少了 | 中華股價還真穩.... | 一堆馬後炮  去年3月 這隻穩的咧 | 空頭時避險用的，大多頭買這個幹嘛 | 這支股連股災都不怕 | 至少比去年好一丁點點了！ | 買這隻賺不了大錢 不過可以睡的比誰都安穩 | 阿就 定存阿  噓啥 | 越來越少的症狀沒人害怕? | 怕就會跌 有買的都不怕 今早又買一張 | 已經套到忘記他的存在了 | 債券XD | 明年會配5塊 | 常常忘了有買這個，安心放 | 買了放 30年零成本比（誤 | 2021 還有人買定存股 | 明天加碼！ | 明年2% 後年1% | 睡得安穩少一兩趴可以了啦 中華電信不該跟其他股票 | 比 應該跟存銀行比 | 有時光機買什麼台積電當然買彩券啊笑死 | 買679台g的 應該寧願當初買的是2412吧 lol | 那我推2527 營建股 穩個一逼 年年發 又是日月光集 | 團 | 看成4,306 嚇死 | 多少啪 | 加碼！ | 3.9% | 穩定配息 股價不會大起大落就是退休族群要的 | 存種花也沒啥不好在市場存活夠久的才是贏家 | 好穩 每年都差不多XD | 成本 62 路過 | 一堆馬後炮 早知道這句話大家都會講 跟樂透開講獎一 | 樣道理 | 穩定變少吧...雖然我知道一堆人無腦存 不該混為一談 | 再這樣發下去會不會哪天比定存還少XD | 誰知道會不會溫水煮青蛙 | 比定存少就會崩了 股東又不是白癡 | 明明就發比去年多 哪來越來越少 | 台灣的十年期公債XD | 這支就債券阿 | 3月股災根本不會跌 | 避險用 遇到股災賣掉加碼股票 | 假股票 真債券 準備領第八次股息了 | 分配率常常接近100%  蠻好的阿 | 台積600配10塊，殖利率比較高？ | 唯一支持 3312 | 力積外資用生命在買欸  早上震那波不知道洗多少人XD | 比去年多發一個便當錢,還不錯啊 | 明天暴跌0.5 | 比去年多在那邊勒 | 領第六年了 這個要放保證進棺材前 | 廢 | 去年4.22 | 除息後再進幾張好了 | 領10年了...繼續擺到天荒地老 | 讓你可以安心入睡,不好嗎?比很多銀行定存好了啦 | 存到宏達電的話，怎麼不馬後炮一下 | 沒賣沒賺啦 存在裡面有什麼用 | 笑那些只會台積電的 胃納量大台積電根本不夠用 | 當初看台積電200元配8元 還比中華電高 | 立馬全數出清中華電 | 一堆談事後諸葛的根本沒意義，還時光倒流哩，呵呵 | 要扯當年就比特幣辣 還屁什麼台積電大立光 | 樓下推存股中華電不如存股宏達電 | 台GG與中華電股性完全不同，沒什麼好比的 | 中華電信可以出一出了。至少股價是沒空間了。",1. 董事會擬議日期：110/02/23 2. 股利所屬年(季)度：109年 年度 3. 股利所屬期間：109/01/01 至 109/12/31 4. 股東配發內容： (1)盈餘分配之現金股利(元/股)：4.30600000 (2)法定盈餘公積發放之現金(元/股)：0 (3)資本公積轉增資發放之現金(元/股)：0 (4)股東配發之現金(股利)總金額(元)：33403564823 (5)盈餘轉增資配股(元/股)：0 (6)法定盈餘公積轉增資配股(元/股)：0 (7)資本公積轉增資配股(元/股)：0 (8)股東配股總股數(股)：0 5. 其他應敘明事項： 6. 普通股每股面額欄位：新台幣10.0000元 以今天收盤價109.5來看殖利率不到4%，不過存中華電就不用管大盤也是挺安穩的 
[標的] 2412 中華電 除息前買入 除息前賣出,2021-03-06,109.0,"標題改一下 | 可行 | 你找到聖杯了！恭喜 | 張數多利息多 稅和手續費也多阿  XDD | 這種東西可以發一篇文？除息填息不是本來就這樣嗎？ | 你是少年股神ㄅ！！！！ | 低調  不要跟別人說 | 它通常除息前就先漲 除後會慢慢下去      通常 | 低調 我已經信貸準備買了 | 它的低點 通常在除息後一兩個月 跟農曆年前 | 恭喜我們的史前朋友剛發現了火 | 被你找到賺錢的方法了 2021年股神稱號非你莫屬 | 又不保證填息...無腦定期定額etf還是比較輕鬆啦~~ | etf也不保證漲  股市裡如果有保證的東西 定存沒人要 | 做了      投資有賺有賠 | 糕....... | 本草綱目：除息後填息，得銀數兩，快哉 | 股利超過多少，二代健保費 | 100%賺錢的話 你不會是第一個發現的 | 重點是多快填息吧?我查了一下去年到現在還沒填息耶 | 2萬 | 1.91% | 你可以查查 哪一家填息快 | 已知用火 | 笑了 | 要賺錢之前必須累積本金, 而定期定額可以累積本金 | 好久沒看到這類型的糕點了 | 股市真經被你發現了 無限洗錢之術 建議信貸歐滿 | 無腦定期定額etf = 早睡早起, 知易行難, 做到恭喜 | 二代健保我記得今年要漲了 不知道有沒記錯 | 用0056可以 必填息 | 2.11%我剛查了，有夠坑 | 你知道2016年到今天都還沒填息嗎? | 乾脆用選擇權賣Call跟Put賺固定權利金啊乾 | 已知用火 | 漲好兇 | 可年 | 第一次買股票就上手 | 好聰明 | 小心我進場讓他波動 | 丸了，我的股市聖經被發現了 | 2412殖利率其實不高,加油 | 你怎麼把這麼重要的操作方式給說出來了 幫低調 嘻嘻 | 還要扣健保補充費 | 買中華電期貨就不用補充保費了 | 我也這麼覺得 看起來沒問題呀 | 哇靠,廢到不知道怎回 | 低調 | 糕點.. | 買幾張 放十年 不要想太多 | 對 | 低調 | 股市真經: 歐印台積 睏霸數錢 一張不賣 奇蹟自來 | 突然發現你內文跟標題不一樣 | 那這樣不行啊 除息前一天通常是高點 | 好神！all in！ | 應該現在買除息前一天賣? | 股價去除息阿 不然你除息錢哪來 | 好聰明喔 | 就封你為少年股神 | 除息後去買 除息前去賣 | 0056去年花28天填息 今年會花幾天呢 0056今年我考慮 | 不好意思 0056的利息今年我要了 | 應該是除息後買 除息前賣 | 政府感謝你斗內稅金 | ...... | 要填息你才有機會這樣賺.... | 我手機看標題怎麼有中出 | 其實我覺得除息後調降一開盤的建議價還是有必要的 | 不然忘記哪天除息就慘了 | 你還要考慮股利對所得級距的影響 | 哇~ 發現新大陸啦 | 天啊，被你發現了 | 孔明又用火攻了 | 笑了 | 感覺你很適合參加line群，風往哪吹就往哪倒 | 過獎 過獎 XDDDDDDDDDDDDDDDDDDDDDDDDDDDDDDDDDDDDD | Genius!!!!!! | 2016的冤魂路過..... | 這馬上可以回測，不做功課？ | 這種操作應該還是比車輪黨強啦 | 幾歲了 現在才發現 | 噓，我媽用這招養大一家人.. | 多買一點 | 你好神！！！！ | [財富自由]的方式被你發現了！ | 唉... | 今年的諾貝爾獎已經決定了！ | 不如買台積..... | 放着放著就紅了…… | 糕點到了 | 對你最強 大家都不知道這件事 你是電你是光 | 不忍噓，除權息前一天買，你會賠到脫褲… | 看來真的是菜雞 | 偷偷告訴你，我用你這個概念正在操作呢，我買了80張 | 了，你呢？ | 太強了啦 中華店都還沒有發現耶 應該會被你弄垮 | 殖利率 會扣稅 | 股市聖經 買低賣高 | 你發現天火惹 可喜可賀 | 吉尼爾斯! | 哪來的信心一定會填息呢？ | 低調 | 恭喜財富自由了！ | 糕 丸子 | 政府感謝你 | 我建議現在買,除息前一天賣.. | 我要是你 今晚就去專利局門口排隊 1早第1個申請專利 | 可以拿諾貝爾獎了XDDD",1. 標的:2412 中華電 2. 分類:請益 3. 分析/正文: 不知道大家有沒有想過利用2412中華電股價不太波動的這個特性 在除息前買入 就我所知 除息前買入就算持有一天的話 也可以一樣領有利息的不是嗎? 然後在除息過後 等股價跟買入時候價格差不多然後賣出 利用2412股性賺取利息 我知道會有交易稅跟手續費問題 但是張數多利息多的話不就可以抵過交易稅跟手續費了嗎 不知道這個方法可不可行的呢 謝謝 4. 進退場機制:除息前買入 除息後賣出 
[新聞] 中華電信前2月EPS0.78元 與老二拉開差距,2021-03-11,74.0,"噴噴爽啊 | 哇-.- | 明天大漲0.5慶祝 | 沒反應 | 這張是4%公司債 不是股票 | 明天大漲0.78% | 這消息昨天就新聞稿 真的是已反應 | 0.5?想得美! | 大漲0.78趴 | 中華電當債券看比較實在 | 4%定存給過 | 遠傳相對比較優吧？ | 老二 | 你怎麼在股板貼債券資訊 | 好貴一直漲 | 0.5 阿 可以啊 花1個月吧 | 難怪台哥大一直回不到百元 | 大爆噴0.5 | 股價黃色的 | 債卷 | 推算12個月4.68 發99% 4.63。4%回推117，噴爆LOL | 台哥大在省成本阿 越來越不務正業 | 明天大漲0.5 | 大盤都與他無關 | 499之亂後  台灣大 本業沒救了吧 | 不要漲那麼快，再給撿一點啦 | 沒差 反正沒反應 | 農曆年前的108撿太少了,可以再回去一次嗎…… | 難怪最近外資也回頭買 | 90歐印 | 老二啊老二 | 中華電的股價真的穩的可怕 買了放十年再看都沒問題 | 993045 | 好，明天大漲0.5 | 中華電不用發新聞,利多利空都一樣已反應 | 低頭看看老二? | 股災那時候也才意思意思跌個6元左右，要他大漲大 | 跌真的難 | 劇烈波動0.5 | 大漲1就要放鞭炮了 | 中華電已反應到現在10年後了 | 噴 | 去年三月跌的量跟除權息差不多 | 中華電怎麼都沒感覺 QQ | 種花店明天開盤大漲[1元]慶祝。 | 去年發的還沒填息捏= = | 真定。存股，0.5上上下下 | 阿罵 阿罵  妳怎麼都沒感覺 | 要除息前就會漲到11x了，每年都這樣演 | 台哥大有夠廢 靠電商還只賺這樣 | 傷敵一千自損八百的499之亂去年終於陸續約滿了 | 樓上是不是不知道三大去年給299/499的用戶續約30個 | 月 | 今年的劇本好像是每個月漲0.5漲到除息前 | 已反映 | 去年還有499 | 去年新辦599-30個月 優惠價購買周邊 | 大漲0.5塊普天同慶 | 收訊變差 成本變低 | 不看好這公司，去查他十年的獲利就知道，是越來越低 | ，而5G的投資又大，對未來不看好 | 如果不是有減資過eps早就慘不忍賭了 | 獲利跟配息趨勢就是向下的，慢慢往下等到有一段落差 | 時股價其實還是會反映 | 從剛減資完到現在已經掉一塊多了，如果十年後 | eps再少掉一塊，那麼股價還能維持？ | 如果你存股是要存一年那ok，要存長期找衰退的公司 | 並不適合 | 現在不跌不代表以後也不會 | 樓上的,你這理論幾年前的499之亂後就一堆人說了,可 | 是這幾年股價還是撐在那, 因為它叫中華電信 | 不然台灣大幹嘛要搞購物遊戲影音 電信本業就是越來 | 越難賺啊 | 大漲0.5XD",原文標題： 中華電信前2月EPS0.78元 與老二拉開差距 (請勿刪減原文標題) 原文連結： https://money.udn.com/money/story/5612/5308945 (請善用縮網址工具) 發布時間： 20210310 (請以原文網頁/報紙之發布時間為準) 原文內容： 電信三雄昨（10）日公布2月營運表現，電信龍頭中華電信（2412）2月每股稅後純益0.38 元，前2月每股稅後純益0.78元，均拿下每股獲利王，台灣大（3045）前2月每股稅後純益 0.58元，遠傳（4904）則為0.36元。 過去電信每股獲利王競爭激烈，台灣大蟬聯八年每股獲利王寶座，而中華電信也緊追在後 ，單月每股稅後純益都差不多，但近期中華電信獲利明顯回溫，前2月每股稅後純益0.78 元，與台灣大每股獲利0.58元，拉開差距。 中華電信2月合併營收入167.6億元，較去年同期成5.5%，主因資通訊專案營收及行動銷貨 收入增加，行動服務營收約略持平，歸屬母公司業主淨利為29.8億元，每股稅後純益0.38 元，較去年同期增加，累計前2月營收338.8億元，年增4%，每股稅後純益0.78元。營收獲 利都超過第1季財測預估。 中華電信目前光世代寬頻用戶數為362.3萬戶， 300Mbps以上客戶達46.3萬戶。MOD客戶數 達206.8萬戶，行動通信總客戶數達1134.6萬戶。 中華電信去年與韓國LG U展開戰略合作，昨日再宣布加入由韓國LG U、日本KDDI、加拿 大Bell、Felix Paul及Altas V等電信營運商及內容合作夥伴共同成立的全球XR內容 電信聯盟，中華電信也計畫將在今年推出VR國內影視內容與3D AR內容。 心得/評論： 中華電的獲利漸漸復甦了 感覺eps有機會回到5塊 每年穩穩配息45塊 抱著不怕崩盤 
[新聞] 看好5G前景 中華電總座上任以來首度增持,2021-03-16,26.0,"存股 | 共35張 ..... | 漲不動還能當存股 | 看好+1 | 明天大漲0.1%慶祝 | 明天大漲0.5元！ | 按錯了..待會推回來 | 350張也不太需要報 | 推回來～ | 有生之年能看到中華電亮燈嗎 | 大漲0.5已示慶祝 | 中華電有亮燈過 那次最後一盤有那種調節 收漲停 | 不過隔天就繃回去了 哈哈 | 大前年?  有人說胖手指按到什麼鬼的 | 35張有需要特別報導嗎 | 父親也是中華電持股也100張。 | 說下看90的外資跑去哪了 | 我等外資說的90，等到現在110了 | 有差嗎 | 套到麻痺 | 35張..........有屁用 | 成本90塊 放到現在 | 比35股有誠意多了 | 以前我100張2412,賣掉後轉買宏碁 賺了600萬 | 大漲0.5慶祝 | 20年35張?",原文標題： 看好5G前景 中華電總座上任以來首度增持自家股票 原文連結： https://news.cnyes.com/news/id/4613294 發布時間： 2021/03/16 原文內容： 中華電 (2412TW) 積極布局 5G 跨領域業者合作，看好公司營運發展，總經理郭水義 2 月增加自家持股，共 35 張，是 2019 年接任總座以來首度增加持股。 郭水義是財務背景出身，2019 年 5 月接下中華電總經理一職，據公開資訊觀測站資料 顯示，郭水義上任後並未持有中華電股票，今年 2 月首度買進 35 張，市場推測，近 期中華電在 5G 創新應用動作頻頻，看好 5G 發展前景。 中華電今年以 5G 與轉型做為雙軌策略主軸，除加速 5G 建設，也擴大與跨領域業者發 展 5G 智慧應用，郭水義上任共有三大目標，分別為穩定公司經營、達成財測目標，以 及推動公司策略轉型，他多次公開喊話，5G 有無限可能，透過廣結盟的策略性投資， 才能抓住 5G 應用商機。 郭水義認為，創新應用服務預計 23 年能挹注公司營收，且 5G 應用涵蓋食衣住行育 樂，其中，育與樂發展最快、可以先發酵，另外也看好智慧醫療、智慧交通及智慧健康 等領域的創新應用服務。 郭水義畢業於政治大學銀行學系與會計研究所，曾任職勤業會計師事務所及勤業管理顧 問公司；郭水義已在中華電信任職近 20 年，擔任過董事長特別助理、經營規劃處與投 資事業處協理、會計處副總經理、子公司光世代建設開發股份有限公司總經理、投資事 業處副總經理、投資執行副總經理及執行副總經理暨財務長等。 心得/評論： 總經理自掏腰包加碼中華電股票 表示看好公司未來發展 eps可望破5了~~ 
[請益] 萬六定期投資 建議中華電還是0050,2021-03-29,150.0,"獲利安全穩定且比較高  你不覺得是空集合嗎 | 要高獲利又要風險低 | 0056退休股 | 老人就中華電就好了啦 | 何不兩個都存 | 敘述是2412中華電比較合Y | 中華電阿 漲跌都不甘你的事 | 2412剛在動，除息前先擺這比較安全。 | 小孩子才做選擇...... 全都買 XD | 中華電 | 現在紅燈，6j 說0050減碼 | 想賺價差就0050 | 養老求穩定就是中華電穩穩每年領3% 4% | 雞蛋分開放 | 雞蛋分開放+1 你各一半才不會心驚膽跳 | 各一半 | 都買 | 中華電沒波動 | 2412沒什麼波動不需要定期定額, 0050相對比較適合 | 推0052，台灣的主體是科技股 | 同 8F 意見, 可考慮除息後入 2412 以免被念買了就跌 | 0052你不如買台積電就好  70%都是2330=.= | 長期投資2412我也覺得除息後買較好, 因為股價較低 | 台G vs 中華 | all in | 2498 | 台G 3成，中華電信 5成，另外2成準備金 | bmans       : 小孩子才做選擇...... 全都買 | 中華電就不用定期定額了 成本差沒多少 直接all in | 歐印台積啦 台積垮了你家銀行大概也沒救了 | 中華電只有當股災發生 才會顯現它的價值 | 說真的心臟小就不要買股票，即使0050去年也有跌過 | 中華 | 2412就 四趴債券 | 30%，會不會跌50%以上其實都很難說，但長期一定會漲 | 心臟小到不行就買中華電啊：） | 一半一半啊 | 0050 十年後感謝自己 | 定期定額0050啊 一筆投入才中華電ㄅ | 薪水投資去5成回血很快, 退休金投資去5成會想不開 | 應該說妳親戚離養老還有多久 , 如果超過10年0050 | 退休後才以股息為主 , 離退休還很久要拚成長增值 | 存？不要跌了又一堆理由 散戶就是這樣 | 0050 end | 早就all in了 | 儲蓄險 | 中華電 | 分散 中華電 台灣大 台泥 | 台泥比較好 | 中華電不就跟定存一樣..這還上來問？ | 為何不買中信金或玉山金，我覺得金融股配更多 | GG要再加金城武跟呆泥 剛好電金傳三本柱 | 歐印台積啦 台積垮了你家銀行大概也沒救了 | 0050 定期定額扣 沒事不要去看損益 | 歐印威鋒 人生巔峰 | 006208+2412+2889就可以了，還能分散風險 | 如果要存股穩定只領股利，我會0050,0056,中華三份 | 請問金城武是哪一家阿？ | 年輕人想進的科技業第一名台GG, 第二名種花店, 風向 | 就是這個而已, 年輕人想進=不太會倒,可走得長長遠遠 | 一間公司如果沒啥年輕人或者流動率高,這種的我不敢 | all in中華 定期定額0050 | 0056 | https://imgur.com/SxxlI8g.gif | 萬六還在存股？嘎尾老蘇勸傻多 | 這只是剛開始 | https://money.udn.com/money/story/5612/5350628 | 其它鴻海大立光華碩等等也都是穩中之穩 | 中華電就不用定期定額了 成本差沒多少 | 種花股價又不會波動定期定額個頭 | 0050+0056好了 躺著玩 | 回十年線再存吧！！ 這時候存股只會被嘲諷 | 有一大筆中華買下去 沒救0050 | 然後山app認真工作每個月放錢扣就對了 | 關鍵是你親戚到底是不是用5年以上閒錢投資吧 | All in 高端，人生高端 | 越長期定期定額成本就會趨近均線 ,沒啥必要考慮 | 投顧每個都說要存長期的就買ETF連台積電都不建議存 | 進場價格 , 越考慮只會越不敢買 . | 20年以上就0050吧  如果投入的錢夠多vt也行 | 中華電越發越爛又是個股，到底有啥好買的 | 要投20年就別買中華電了 , 成長性不足 | T | 那麼年輕沒多少錢吧  歐印航運吧 先賺一波 | 美國ATT 不香嗎 | 現在才要0050是不是搞錯了什麼 | 不過要記得決定要長投就別看盤 一直買就對了 | 不用考慮直接中華電下去，每天安心睡早起運動 | 當然是0050 | 30歲+投資20年...選中華電幹嘛???老人臭 | 中華電是退休領股息用的 , 成長性已經不足了 ,30歲 | 到退休有35年 買0050不香嗎? | 現在才要？ ETF永遠不嫌晚 還能定期定額幾十年 怕啥 | 中華電 穩翻 | 中華電讚 下跌可以殺肉出來撿便宜 | 定期我選0050 | 中華電112會不會太高 | 0050啊...中華電信現在穩以後可難說。不要高估單一 | 個股，永遠不要。 | 0050。十五年前中鋼可是定存股首選，現在？ | 不過依你們的投資常識程度，我建議歐印定存。 | 當然是中華電，穩穩領股息 | 說個笑話 萬六存股 | 台泥 | 0050吧 0056今年漲很多，不知道是不是因為成分股一 | 直漲的關係 | 0050 中華電毫無成長性 | 0050 中華電只是現金停泊處 | 0050，刪app，看「漫步華爾街」 | 0050裡面就有包中華電 幹嘛還買中華電 | 雖然我有0050 006208 也還是買了一些零股台G | 0050啊有那麼急著進場被當九菜割嗎 | 0050定期定額蓋牌刪APP | 0050 定期定額 | 中華電在衰退 我選台泥亞泥 | 中華電可以啊 就算台股崩到8千點 他還是百元以上 | 遇到股災你就知道中華電有多強了 | 現在最值得投資的是抗通膨債券 | 笑死一堆韭菜年前說2330屌打，結果現在一面倒0050， | 600以上套蛙會怕就好^^ | 所以每月多少錢? | 缺點就是台股噴到3萬點 中華電可能還是這個價格 | 想穩幹嘛不選基金 | 中華電信根本沒在動 不用定期定額這麼麻煩 | 0050吧 中華電殖利率還能抗通膨嗎 | CHT就員工定期定額鎖籌碼 | 好公司但是電信產業前景黯淡 | 中華電強在 武漢肺炎來守110左右 不過萬六還是110.. | 年輕50 老人56 | 2/3中華 1/3 50 | 無腦0050 | 養老金兆豐吧 | 種花一直衰退 | 不動明王中華電信，去年除息後就套到現在 | 006208比較香啦 | 台GG 跌下去的都漲回來啦 | 但中華這間公司真的頗呵 | 定存骨 | 我會選中華電欸，中華電跌的幅度都不是很大 | 臨時缺錢賣掉也基本能回收回來 | 其實股市在多頭行情怎麼買怎麼賺，反過來說進入空 | 頭怎麼買就怎麼虧，我曾經定期定額買基金連續買了1 | 0年，結果虧了三成，我就停掉扣款，到第12年還是虧 | 三成，就全數出清了。 | 還是要自己多做功課，錢是自己的，放長、放短、放多 | 、放少取決於持股信心... | 連GG都沒信心還買股票?? | 0050從70幾看到130了 中華電從108等他到9開頭等了7 | 年都沒有 | 中華電根本死魚，八方吹不動。",我的親人最近計畫定期每月一筆閒錢 想慢慢放入股市當養老金 但是因為不是很了解股市狀態 也不像板上高手有辦法每月看盤 所以初步的想法是可以長期放入中華電信或是0050 我自己的錢則是主投台積和中華電 但目前我年前的台積電處於套牢狀態QQ 我也不好意思再跟親人說可以買台積電（好想哭） 加上現在是萬六關卡 許多存股容易變成存骨 中華電和0050應該是台股萬六比較安全一點的選項 不知道對於心臟小 想定額投資的人來說 不知道板上比較建議存中華電還是0050 相對獲利較為安全穩定 或相對比較高 謝謝大家 我語意不對 更正一下 我親人才30歲 所以大概至少要投20年以上吧
Re: [請益] 萬六定期投資 建議中華電還是0050,2021-03-29,72.0,"0050理論上這這樣沒錯 | 但是台積電GG了  台股可能也沒投資的必要了 | 中華電就4% 公司債 股東性質也是抱到死的類型 不買 | ？ | 一狗票半導體大概都死光了 | 竟然講正經的話 | 我建議歐印定存。沒投資常識人的首選。 | 買VT才是最穩的 | 買VRWA拉 | 種花電信其實很適合老人 | 其實aoa更穩 我比較喜歡vti+vxus組合 | 其實以這理論VT最穩 全世界都包 | 台g崩了0050也是沒什麼價值了吧XD | 超級長線台股有阿共打過來的風險 | 去年三月中華電回檔6% 要退休穩定現金流誰比他穩? | 拿中華電比紅茶，酷 | 存單一公司持倉比例要控好，不論當下多有前景或優 | 勢  ，都有下坡的可能 | 本來保守一點就該存0050，存2330的只能多拜拜囉^^ | VT也是定期定額,假設有退休金1千萬,all-in VT嗎?? | 中華電我覺得超穩耶，去年三月沒看都不會有事 | 歐印理論上報酬最高機率大 不過人性不敢 還是會慢慢 | 定期丟 | 為啥股板講得好像0050永遠不會調成分股，GG 怎麼了0 | 050就會調整比例啊 | 中華電直接all in,0050的話用定期定額，看喜歡那種 | 中華電除息後再all in | 那就要祈禱台灣還有動能出現第二個gg或特斯拉 | 要不然0050再怎麼調也沒屁用 | 看到一堆人以為2330腰斬0050也完了，真的是快笑死^^ | gg 又不用倒 只要持平或是稍微下跌 市場的錢又不會 | 消失 大多頭一定還是往其他股票灌 0050就不會縮水 | 太多 這幾天不就很好例子 台積跌 大盤沒什麼跌 | aa大認同~ | 2330崩到0050把他踢出成分股的時候，我看0050也沒 | 剩多少錢了 | 市場的錢是可以消失的，不然台幣跌假的嗎 | 腰斬應該也是0050成分股吧 | 紅茶店比中華電?懶叫比雞腿 | 存股族當然要挑固定配息的 | 不配息的只有在賣出時才會實現賺賠 持有是有屁用? | 樓上一堆..假設台GG真的不行 1.錢也會流向其他權值 | 股 2.0050其他股票相對比重也會慢慢拉高呀 | 重點在權重調整，gg市值下降，在0050中權重下降， | 對0050影響也下降，隔壁f大都做過探討了。 | 兩者的風險分散完全不是同個層級。 | 外資的資金應該沒有一定要留在台灣，所以才說台幣貶 | 了是資金被移出的意思，不一定一定會流向其他台股？ | 看來這邊一堆人不知道0050在幹嘛的 | 這邊看不起0050龜速爬，只想買到就漲停的快感而已 | 但0050在GG跌的時候會先痛好一陣子 | 如果0050都抱不住的話，真的定存比較適合你 | 理論上是vt比較好 , 但一般人資金規模又沒那麼大 | 先0050等資金到一定規模再轉VT比較適合 | 0050抱不住改抱0056,還是抱不住改2412,最終才定存 | 永豐豐存股買VT不貴,一次買約台幣4萬,手續費0.3%. | 要無腦放就選官股銀行了 | 0050比較穩 之前台積破600 不到130 現在135... | 其他支股票漲上來補了 | 推一下XD | 最好台積破600，0050沒到130，查數據很難嗎 | 等金融股崩 | 營建啦，目前最穩定選擇。 | 麥當勞啊MCD | 0050大部分都台積電喔，要存建議中華電 | 不過會不會有更好的選擇呢？ | 自己去查啊 1/29 笑死 | 台G591 0050 128 | 3/25 台G 575 0050還有131.95 | 我有朋友曾經2008股災後買了台積電、AMZN、GOOGL， | 直到去年才想起來XD | 樓上朋友有沒有很後悔去年就想起來XDDDDD",: 我的親人最近計畫定期每月一筆閒錢 想慢慢放入股市當養老金 : 但是因為不是很了解股市狀態 也不像板上高手有辦法每月看盤 我看到這裡嚇一跳 我以為不能每天看盤算是很低度參與股市的了。 原來還有不能每月看盤的喔。 那你就是超長型投資。 : 所以初步的想法是可以長期放入中華電信或是0050 : 我自己的錢則是主投台積和中華電 : 但目前我年前的台積電處於套牢狀態QQ : 我也不好意思再跟親人說可以買台積電（好想哭） : 加上現在是萬六關卡 許多存股容易變成存骨 : 中華電和0050應該是台股萬六比較安全一點的選項 以超長型投資前提來說， 台積中華電這兩個都不行。 你看10年前紅茶店， 如今安在哉？ 科技類股的生命週期沒那麼長啦。 我預設你的作法是買了就忘記的作法。 那買台積電放那麼久，真的很難說 中華電信，雖然每年配息 但實際eps 逐年降低。 5G花一堆錢搶頻段， 過幾年又要花錢鋪真5G跟6G。 抱個三五年我覺得ok 要到超長期不建議。 : 不知道對於心臟小 想定額投資的人來說 : 不知道板上比較建議存中華電還是0050 : 相對獲利較為安全穩定 或相對比較高 : 謝謝大家 0050 理論上股市長期向上。 遇到大崩盤不理他，隔一年就漲回來。 就算台積電不見了，0050也會自動更換台積電。 是個選擇啦 再不行承擔這種風險，就買債券吧= = 
Re: [請益] 萬六定期投資 建議中華電還是0050,2021-03-29,9.0,有辦法隔天就漲停嗎?沒有就不要 | 沒什麼本金的都只看隔天能漲停的，失敗XDD | 巴爺爺又活不到那時候... | 去看看中華電多穩就知道 | 十萬點老巴搞不好還有機會 一百萬點就比較難了 | 千萬不要ARK....特斯拉下來短期沒救 | 請問VTI和VOO比較推薦哪一個？ | 樓上推VTI，產業比較分散！ | 十萬點，市值是多少？我看在目前是海市蜃樓,: 我的親人最近計畫定期每月一筆閒錢 想慢慢放入股市當養老金 : 但是因為不是很了解股市狀態 也不像板上高手有辦法每月看盤 : 所以初步的想法是可以長期放入中華電信或是0050 : 我自己的錢則是主投台積和中華電 : 但目前我年前的台積電處於套牢狀態QQ : 我也不好意思再跟親人說可以買台積電（好想哭） : 加上現在是萬六關卡 許多存股容易變成存骨 : 中華電和0050應該是台股萬六比較安全一點的選項 : 不知道對於心臟小 想定額投資的人來說 : 不知道板上比較建議存中華電還是0050 : 相對獲利較為安全穩定 或相對比較高 : 謝謝大家 巴菲特你跟你親人應該都聽過吧 人家巴爺爺已經開示 道瓊上看10萬點 永遠不要做空美國 如果那筆閒錢每月可扣幾個萬的話 就選台股大盤和美股sp500 你一個月看一次盤都沒啥問題 台股就0050 006208 美股就SPY IVV VOO 扣到天荒地老 供你參考 Sent from JPTT on my Google Pixel 3a. 
Re: [請益] 萬六定期投資 建議中華電還是0050,2021-03-30,64.0,"痾..... | 歐印2412還真的打敗不少賠錢的咖 | 萬六很高嗎? | 唉 你拉到10年20年30年中華電信會贏0050才怪 | 眼前的個股再穩波動再小 長期都是極大的風險 | 存骨買中華電就對了 | 大家真的覺得長期2412風險比0050小XD? | https://i.imgur.com/evsaAhk.jpg | 優點就是真的很抗跌 不會因為波動傷神 | 存股我只服 2412 | 養老的話 買 0050 股市崩盤 應該會過的蠻鬱卒的 | 去年 3 月一堆年輕人存金融股以為快財富自由 結果 | 心態崩掉覺得全是一場空 | 老人家的心態就是求絕對的穩 中華電真的很適合 | 定期定額選0050,退休金有1,2千萬,我不信你敢0050. | 所以依你手邊的資金而定... | 每天當沖比較好 | 2412那個股價加計通膨就是烙賽啊..... | 存股要選有成長性的存, 終身一筆定輸贏才選2412~~ | 老人退休都是求保本 加減賺 | 金融股年輕人都可以存到心態崩 | 馬斯克衛星網路Starlink首波Beta測試上路！ | 大家都知道長期一定是向上 可是在崩的時候心態就是 | 會撐不住 | 尤其是最近兩年熱錢湧入 下一次崩一定炸翻天 | 樓上說的沒錯 | 沒有人能保證什麼，都要自己做功課 | QE下，下次崩 只要記得先停損 隨時再加碼就好... | 兩者相比 絕對是0050 | 大部分的人都沒辦法在股災一開始就意識到要出場 | 去年一堆 3 月 18 號那週跌到忍不住的畢業文 | 要馬腳麻過得很痛苦 要馬砍在阿呆谷 | 0050完虐... | 今年三月一堆號稱存股族不是通通砍在阿呆股 | 現在漲起來了又看不起中華電了 笑死 | 觀念完全錯誤，2412、2330風險分散完全被0050輾壓.. | . | 0050現在權重有夠分散？ | 等衛星網路出來，看電信還能秋到哪裡 | 真的齁 都市區進大樓也可以用衛星網路嗎？ | 0050回測績效向來都屌打中華電吧 | 中華電比較適合退休族  要累積本金還是0050好 | 你怎麼不回測到去年三月底看績效？ | 回去年三月 繼續買0050贏更大阿 | 反正物價越來越貴 股市只會越墊越高 | https://i.imgur.com/gAMrO9P.jpg  過去十年績效 | 老人就中華電吧.. | 2412波動不大抱得住，0050要承受波動，挑適合自己 | 個性的吧。 | 投資股票講抗跌就是個天大笑話。股票叫高風險資產 | ，風險來自波動。想要報酬又不要波動？只有詐騙集 | 團可以滿足你。 | 中華電持續買入十年了，複利下來加上價差，其實不 | 錯 | aa大用的這網站還是app? | https://reurl.cc/zbXXWk  沒業配喔XD | 厲害的網站 | 年被動收入80萬可以退休？ | 有本當然2412歐印啊 沒本年輕當然大盤買下去就對 | 了 | 拿股息但股價還是死人樣 | 我大0050可能已經飛天了你們還在111 | 去年三月都有人0050可以心態炸裂惹 | 要放30年,不會考慮個股,過去30年有多少個股殞落",: 我的親人最近計畫定期每月一筆閒錢 想慢慢放入股市當養老金 : 但是因為不是很了解股市狀態 也不像板上高手有辦法每月看盤 : 所以初步的想法是可以長期放入中華電信或是0050 : 我自己的錢則是主投台積和中華電 : 但目前我年前的台積電處於套牢狀態QQ : 我也不好意思再跟親人說可以買台積電（好想哭） : 加上現在是萬六關卡 許多存股容易變成存骨 : 中華電和0050應該是台股萬六比較安全一點的選項 : 不知道對於心臟小 想定額投資的人來說 : 不知道板上比較建議存中華電還是0050 : 相對獲利較為安全穩定 或相對比較高 : 謝謝大家 你想要買了股票以後 放一年後再回頭看 還有賺的 就買中華電信All in 就對了 109/12/31他價格在109 現在是112 但是累積十年後 說不定就120了 還可以拿平均4.5%利息 這麼好的投資 怎麼會想要買0050 要買0050不如你在571的時候買了台積電 抗漲 抗跌 也抗旱 除非 世界毀滅 中國打台灣 隕石撞地球 哥吉拉跑出來大戰金剛 要不然真的是65歲以上 老人家的最愛 而且還沒有之一 https://www.ptt.cc/bbs/Stock/M.1597893950.A.1DD.html 回顧過去鄉民說的 放到現在也是一樣的 除非MOD沒有A片預覽 業界也有說一句 存200張中華電信 就可以財富自由退休了 
Re: [請益] 萬六定期投資 建議中華電還是0050,2021-03-30,20.0,"我覺得這篇寫得不錯  可能有嘗試幫家人操盤過XDDDD | 看起來是經驗談 | 別說30%了 10%就家庭革命了 千萬別給人意見 | 中肯 | 0050身邊推半天只有我在買 | 分析的不錯 | 一半2412一半美金 | 我幫家人操盤都是投2330，一年後假如跌了我賠給他 | 還在2412殖利率 3.79有夠可笑 | 2412 eps近年有機會回彈  到時候看現在股價就不會 | 覺得可笑 | 如果股市回一萬點.....應該是很多股票都么斬.... | 腰斬如果是一千萬...就是少500萬吧... | eps回彈的同時股價也會更往上,除下來仍是差不多,但 | 是理論上都會比定存好,因為咱們央行根本沒升息打算 | 20210319 利率連四凍! 楊金龍：升息還不到時候! | 個人有2412,我覺得這支低調最好沒事別上新聞,穩定獲 | 定存就乖乖存銀行，股票就是有投資風險 | 這比喻牛逼 | 2412光是固網就吃不完了，5G只是沒4G賺的多",推文很多人都提到了兩者優點， 0050： 成長性較好， 長期來說一定贏2412。 2412： 穩定到可比擬定存， 官股跟一些老人沒在賣的， 定期還有員工持股信託在吸籌碼。 今天你是給人意見， 先想想這個人跟你感情到什麼程度？ 若發生最差情況， 以去年三月股災為例， 他的資產瞬間少30%， 你們感情會因此生變嗎？ 他會受不了就停損嗎？ 或是會不會急用錢不得不抽回來？ 還是完全信任你， 好好抱住或甚至還找時機加碼？ 如果是前者，選2412 雖然賺不多， 但賺再多他會分你嗎？ 而跌超過10%在有生之年都不一定可以看到 如果是後者，選0050 跟對方說好要對你完全地信任， 入金後不是隨時能拿， 而是要看市場狀況而定。 歷經上上下下的波動都要試而不見， 當做綁約的概念就是。 如果是你代操的話， 可以綜合兩者做資金分配， 這樣臨時要出金可以拿2412的來出， 再找時機重新分配兩者比例。 : 我的親人最近計畫定期每月一筆閒錢 想慢慢放入股市當養老金 : 但是因為不是很了解股市狀態 也不像板上高手有辦法每月看盤 : 所以初步的想法是可以長期放入中華電信或是0050 : 我自己的錢則是主投台積和中華電 : 但目前我年前的台積電處於套牢狀態QQ : 我也不好意思再跟親人說可以買台積電（好想哭） : 加上現在是萬六關卡 許多存股容易變成存骨 : 中華電和0050應該是台股萬六比較安全一點的選項 : 不知道對於心臟小 想定額投資的人來說 : 不知道板上比較建議存中華電還是0050 : 相對獲利較為安全穩定 或相對比較高 : 謝謝大家 沒錯， 就算是2412仍有一點風險， 只要你錢拿來股市， 風險就是比定存高， 2412只是相對較低， 且這個風險蠻多人還能接受而已。
[新聞] 中華電5G專網 商機大爆發,2021-03-30,28.0,噴 | 你要買5G專網買肉鬆就好啦 買這個不會動的幹嘛 | 明天掛漲停買 | 也沒有暴漲機會 | 可以買6516 中華電是他的大股東 | 5G權利金都超高價洗下去了，不熱炒5G怎麼回收？ | 好 明天狂噴1塊 | 不只中華電信會拼死命炒熱5G應用，台哥大遠傳台星 | 每一家電信商都得為了回收5G權利金做更多投資 | 5G應用要是熱不起來，這些電信商通通賠死 | 可以做企業內無線vpn之類的應用 保證頻寬 | 然後股價繼續死魚 | 大長0.5慶祝 | 大漲1塊 | 'zzzzzzzzzzzzzzz | 這次智慧城市展 5G應用強勁！中華跨境網路整合也是 | 獨家 | 牛皮電信！ | 大漲0.5 | ncc  還是識相點讓陸牌解禁吧 | 增加5G 的滲透力 | 連中華電信都要炒？ | 點名空 | 讓中共牌的5g解禁蔥三小 | 要定存請找銀行 | 種花電信連4g都還沒回本 | 中国牌愛用自己去用 | 這支只有崩盤的時候可靠,原文標題： 中華電5G專網 商機大爆發 發布時間： 0329 原文連結： https://ctee.com.tw/news/tech/436974.html 原文內容： 電信三雄經營5G企業專網有成，中華電信除已攜手高通，為日月光打造全球第一座5G mmWave（毫米波）智慧工廠， 外傳台積電、中鋼等產業指標大廠積極與中華電洽談委託 中華電建設5G專網事宜，加上超微上周末宣布委由中華電完成5G企業專網合作，以及本周 由中華電為中華精測完工5G製造工廠正式啟用，中華電手握超過五家指標大廠委建5G企業 專網，商機大爆發。 據了解，台積電對於隱密性要求十分的高，中華電信計畫直接在廠區建設MEC Core（多接 取邊緣運算核心網），避免走公眾網路，展現對客戶的高度重視。 中華電信針對此表示，該公司已累積多年豐富的技術能量，確實獲得許多企業客戶信賴， 近期為許多高科技製造業、醫療和文創產業規劃及建置企業專網，以落實5G垂直領域產業 應用。不過基於與客戶的保密協定，中華電信不宜透露與客戶任何相關資訊。 台灣大哥大與遠傳在5G企業專網亦大有斬獲，台灣大哥大企業用戶事業群副總經理暨商務 長吳傳輝指出，台灣大除了已與諾基亞攜手合作，為台朔汽車建構CVX車聯網，開啟台灣 大在5G企業專網先例之外，台灣大目前在製造業、醫療、零售三大產業，正與多家企業洽 談5G企業專網合作中，其中製造業合作商以高科技大廠為主。 遠傳電信企業暨國際事業群執行副總經理曾詩淵則強調，遠傳5G專網主要著墨於智慧城市 、醫療及交通三大領域，除台達電預定本周啟用的5G智慧工廠委託遠傳建造，該公司也已 為聯發科打造5G毫米波互連互測的垂直場域，同時亦為與聯發科合作的IC封裝廠包括京元 電、日月光、矽格等產線建置5G基站提升晶片檢測效率及品質管控。除此，遠傳已與國家 衛生研究院、新北市政府及亞東醫院合作國內第一座採用邊緣運算（Edge Computing） MEC的遠距醫療專網。 電信三雄積極布局5G企業專網，除著眼國內市場，未來都有拓展國際市場的打算。中華電 信技術長林榮賜表示，以與美商超微合作為例，在台灣5G專網市場開創出好成績之後，未 來希望這樣的實力能共同拓展到海外市場。 資策會MIC預估，2019年全球行動專網市場規模為148億美元，2025年成長至372億美元， 年複合成長率為18.5，商機潛力龐大。 心得/評論： 定存股唯一指定2412 套現方便，比銀行利率高的殖利率 股票裡面最沒有崩跌危險的 要定存請唯一指定2412 發文提醒 1.發文前請先詳閱[新聞]分類發文規範，未依規範發文將受處份。 2.連結過長請善用 https://bit.ly/ 縮網址，連結能不能點擊者板規122處份。 3.心得/評論請盡量充實，[m心得過短或濫竽充數將會以123一行文規範水桶處份 4.發文請依照格式文章標明段落，不符合格式者依41刪文處分。 以上注意事項請勿刪除 違者41 刪文處分 
[新聞] 員工放連假辦公室空無一人　中華電信辦,2021-04-05,61.0,已反應 | 這部我看過  鬼影實錄對吧 | 2412目前相對高點 所以不 | 這樣可以畫線嗎 | 星星 強茂 現在中華電也有樣學像.... | 不是起火就會漲欸.. | 台積電，跟中華電信現在都學壞了 | 挖礦吧 | 訊號來了 | 這個marvel版看過，學長回來了 | 噴噴 大漲0.5 | 要大漲了，我也想買了！ | 學壞了 | 燒辦公室是要漲啥=  = 又不是廠房 | 信號來了嗎？ | call訊？ | 發爐，買進扣訊拉惹 | 明天爆噴一塊 | 大漲0.5？ | 勿忘欣興之火 | 辦公室要被指定古蹟了嗎？ | 用公司的電挖礦過熱? | 噴 | 小的細電線老舊嗎 | 甕嗡嗡 | 連中華電也想靠火災利多漲噴？ | 學壞了 | 下個公司董事長 抽根菸 應該股價就會噴了... | 好在不是機房 | 發爐了 | 干我屁事 | 現在都要燒一下就是了 | 大漲0.5塊笑死 | 大漲0.5塊已經是極限，不能再多了 | 大漲0.5XDDDD | 中華電信真的學壞了 | 最近大漲都1塊 學壞了 | 除息前，[上看115]..... | 猜用公司電挖礦XD | 跟流行喔 | 火之意志 | 又要漲停了 | 欣興:你也懂火之意志? | 訊號 | 炎之呼吸 | 等等 這個和其他家在不同次元過自己生活的也能信號? | 旺爆 | 大爆噴 我們150見 | 我們單位都規定下班要拔插頭 | 摳訓來了 | 噴 | 只等那信號一響 | 訊號來了 大家都知道這招惹 | 懂火的人 火就會幫你   這樣XDDDD | 大漲0.5太少了啦，大漲1塊才夠 | 偷挖礦吧 起火點 通風不良的主機 | 不會是挖礦 比較可能是老鼠咬電線 | 所以 電信費要漲價了  利多啊 | 最近還真多火，GG冒煙一下，筆電電池也小火， | 現在缺水，公司真的要好好注意啦 | 現在公司想拉股價都會先釋放訊息,原文標題： (請勿刪減原文標題) 員工放連假辦公室空無一人 中華電信辦公桌竟起火自燃 原文連結： https://bit.ly/3rYUMWt (請善用縮網址工具) 發布時間： 2021/04/05 11:57 (請以原文網頁/報紙之發布時間為準) 原文內容： 員工放連假辦公室空無一人 中華電信辦公桌竟起火自燃 2小時前 位於新竹市東區建新路上的中華電信，今天（5日）上午7時許發生火警意外，一樓辦公 室書桌，不明原因起火燃燒。翻攝畫面 圖片來源 : 蘋果新聞網 位於新竹市東區建新路上的中華電信，今天（5日）上午7時許發生火警意外，一樓辦公 室書桌，不明原因起火燃燒，瀰漫的煙霧觸動了火災警報器，新竹市消防局獲報後，立 即出勤救災車輛14車與警消40人、義消56人前往搶救。警消人員到場後發現，原來是位 於1樓的辦公室起火燃燒，立即拉水線入內搶救，所幸並無人員傷亡，由於現正值連假辦 公室空無一人，至於為何會突然引發火警，已由待火調人員調查中。 熱門新聞：台鐵出軌直擊畫面爆陰謀論網瘋傳李義祥故意的 如縱火犯重回現場 看戲 據了解，今天（5日）是兒童節連假，中華電信並無人員上班，不過上午7時許位於辦公 室1樓的辦公桌，突然起火燃燒，瀰漫的煙霧觸動火災警報器。新竹市消防局表示，消防 人員到場後有中華電信員工在場引導，其中一處辦公桌已燒得焦黑，燃燒面積約1坪，並 無人員傷亡，財務損失約5000元。火調人員初步勘查，發現有一條電線疑似短路有燒熔 痕跡，目前不排除是因電線短路或電氣因素引起的火警，不過詳細起火原因，仍需進一 步調查。（突發中心黃羿馨新竹報導） 心得/評論： 2412發爐了，你各位不要不信邪。 台塑越燒越旺，煙怎麼漂。線型就會怎麼走呦 發文提醒 1.發文前請先詳閱[新聞]分類發文規範，未依規範發文將受處份。 2.連結過長請善用 https://bit.ly/ 縮網址，連結能不能點擊者板規122處份。 3.心得/評論請盡量充實，心得過短或濫竽充數將會以123一行文規範水桶處份 4.發文請依照格式文章標明段落，不符合格式者依41刪文處分。 以上注意事項請勿刪除 違者41 刪文處分 
[心得] 換中華電信漲停了吧？,2021-04-14,174.0,"請問種花電信漲停vs跌停哪個比較難？ | 你錯了 沒有題材 | 沒差吧，月租費又沒漲 | 今年台積電還沒有漲停過 | 前幾年有一次差點漲停吧 | 不可能 | 2412能漲去哪 奕漲馬上拉回 | 等其他家電信倒光是有機會漲停 | 天網真的實現種花不跌停就不錯了... | 等網路塞爆時看有沒有機會 | 宏達電有漲停嗎？ | 有夢最美 希望相隨 | 爛中華電信 不給我家牽光纖 | 還有人在發夢覺得天網幹得過中華電 | 你做了一分鐘的美夢 | 宏達電好久沒漲停了 | 好，明天漲停 | 不會，這種大多頭行情電信股一定最弱 | 等台哥大宣布退出他就漲停了 | 中華電信漲停 只有一個可能 | 靠北 還真的想不到 | 種花就不要想漲了 跟你沒有關係 | 利多再多也很難漲停 持股幾乎都在國家手上 | 你以為會有法人想拉他嗎 | 買什麼中華電 當然是買長榮船票啊 | 股價飆高 殖利率下 說不定 反而讓萬年存股族 考慮解 | 中華的價格比美金還穩定 | 台積電該漲停了吧 | 比定存還定存 | 這如果漲停我要裱框列印照片 | 昨天電信合約跳槽中華 是該漲停了 | 台積去年還真的漲停過 | 今年gg有亮嗎 忘記了 | 我都雙NP,中華対老客戶真的摳 | 開個漲停給你... | 等著大漲0.5% | takataka.             打什麼簡體字 滾 | 別家漲有營收  中華電有？ | 月租費改成1299馬上噴 | 好 明天漲停 | 好，明天停漲 | 今天113.5就出光了 等109再接回 | 樓下問為什麼中華電萬年不動 | 今天一度漲到114嚇死我持股都靠他平衡損益 | 不無可能XD | 怎麼可能 | 中華電信漲停大概台股準備大崩跌了 | 定存是想漲啥？ | 中華電漲停？ 我看了什麼 | 哈哈哈哈哈哈 | 真有天漲停，我覺得台股發生大事了 | 中華電宣布進軍電動車都不會漲停 | 漲的有題材、有營收、有未來性 中華電有什麼? | 想太多 | 中華電信漲停跟獵人整部結篇哪一個比較難？ | 下一篇 0050漲停 | 你說的沒錯 該輪到中華電了！ | 這才是不動神山，大盤怎樣都不會動 | 蔡力行如果還在中華電信.搞不好股價早破150了 | 中華電宣布處分國內房地產就可以漲停了 | 他接董事長時曾發下豪語說要投資人別再把中華電信 | 當成定存概念股..也確實他任內是中華電股價最強時 | 中華電除了本業跟網飛還有什麼 | 民國77年，還曾經加權指數漲停勒 | 比GG上千點還難。 | 外資今天買6365 ， 今天上漲1% 。 | 馬的今天吃到炸藥，之前便宜賣了 | 中華電才是最佳的避險工具（無誤 | 吃到飽全部電信一起改成1499，馬上漲停 | 中華電信沒題材 | 漲停？停漲比較可能 | 夢裡什麼都有 | 2412 漲停的話 我看大盤不知道跌多少 | 台積電今年漲停？ | 最主要是沒什麼東西可以炒的吧 | 499以上沒人用了 怎麼噴 | 去年都沒跌停了！ | 不要幻想 | 集鄉民之力量，漲停沒問題啦 | 當種花漲停的那一天，就是 | 等到大崩盤到時候才有可能漲停 | 種花店就算挖到石油 可能都不會漲停 | 絕對不可能ㄗ | 中華電 可能要等2萬點 | 都輪到它漲停，就真的有問題了，錢太多，牛皮都不 | 牛皮 | ………哪天真的所有上市都漲停的時候看看他有沒想 | 漲停吧 | 定存怎麼漲停?除非銀行當機 | 漲停我反而會怕... | 金融股龍頭好像也還沒漲停過... | 台積電有漲停？ | 說真的，台股真的瘋狂了，連中鋼都可以漲停，資金 | 到處找低價股拉抬 | 死魚價，不動如山。 | 這檔是台灣公債 | 台積電有漲停？ | 地很多啊 挖到石油就可以漲停了 | 等其他家業者放棄5G | 台積有漲停過啊 | 2330 不是去年7/27 漲停過嗎XD | 說的沒錯 該輪到中華電了 | 開個燈給他 | 你有沒有注意到你說的標的都是漲價題材 中華電是要 | 漲啥價 還不被幹爆 | 中華電信漲停樓下屁股榨甘蔗 | 有夢最美 | 改名，中華電信生技電動車面板航運半導體股份顯示卡 | 有限公司（外加馬斯克讚聲） | 利率回到以前存郵局就10幾啪 | 等崩盤就會看到了啦，急什麼 | 下一個 宏達電 | 今天不就漲停了 | 一種可能 尾盤調整權重時 讓存股族沒還手時間 | 中華電漲2.5元  就可以算漲停了  各位覺得呢? | 馬思克宣布攜碼中華電信可能有機會 | 第二種 電信用地無償變商業用地 | 敗登再印個兩兆美元看看有沒有機會 | 第三種 數據機/頻寬挖礦 | 漲停那天我全部持股賣掉直接爆買 | 零分... | 超過三塊就很多了 | 中華電連股災都可以死魚 | 今年台積最多日交易5%吧 還沒漲停過 真想念去年超猛 | 的台積 | 五個字   哈哈哈哈哈 | 你想太多了吧 中華電信漲停 =_= | 台灣公債有笑有推 | 哪天股東會紀念品送一年吃到飽 | 改名中華海也許有機會 | 明天掛漲停賣 | 一年吃到飽還不被法人賣爆？ | 半年前跟我說中鋼漲停我也不信哪哈哈哈 | 馬斯克發twitter稱讚中華電 就會漲停了 | 有道理 中鋼都能當飆股了 | 中華電信要漲停應該是台股中難度最高的吧 | 等遠傳跟台哥宣布退出的那天 | 一天2元可以算漲停了吧 | 台灣公債蠻像的阿XD | 聯發科啦 | 央行說要大印鈔 印到兌美金1：40的話有機會… | cht 以前漲停過啦但那是股價100以下,7%就算的年代 | 這支久久看一次居然113...財產又增加了 | 他在任的時候都不建設 EPS當然漂亮 | 天網要幹掉中華電信 月租費要499以下才有機會 | 才一天下殺，就一堆人嚇到不想玩股票 | 一堆tick流在裡面 拉一檔花的錢不知道是其他股的幾 | 倍 | 大漲0.5 | 有外資在市場喊話要放空2412之時(恁北絕對歐印對作) | 沒有不可能的事 | 先前108,109有進的人,放到今天4%,一兩個月而已,賣掉 | 等跌回108附近再回補,再一兩個月就除權息了 | 兩三個月 | 今年跟去年沒漲停還有台塑四寶阿 | 股市三幻神..漲停通常伴隨大盤大跌 | 咖砸睏咖舞眠 | 之前外資不是說目標價90.....等好久了耶 | 可能每隻漲停完再看看有沒有輪到他 | 中華電信如果能漲停 高端應該股價破3000了 | 中華電漲停我就要空手一年惹 | 上次差點漲停是季度調整，隔天就跌回去了 | 中華電漲就是其他股吃土的時候 | 中華電信漲停？2/3都跌停了！這畫面太美我不敢想像 | 真的漲停是不是要空手了？ | 挖到石油嗎 | 好哦 歐印中華電 | 好的，開個跌停給中華電 | 好哇~大漲0.5塊 | 你先說你手上有幾張 | 今天盤中急殺250點時它漲二元, 那它如果漲停？我不 | 敢算大盤是要跌多少…… | 中華不好用，又沒得選，唉 | 宏達電還真的漲停",今年以來 幾乎不漲停的都漲停過了 什麼聯電 台積電 台泥 長榮 華航都漲停過 今天連中鋼這種傳產都噴漲停 每個營收都創新高 這波之後 接下來類股輪轉應該換電信股了吧 中華電信漲停的日子是不是不遠了？ 
Re: [心得] 換中華電信漲停了吧？,2021-04-14,58.0,"? | 中華最大股東交通部 不會去中國發展 | …一本正經的…… | XDDDD | 87 才買支那 | 媽的 幹話 讚 | 我笑了 | 好聞，有梗推 | 你明天先ALL IN 貼個對帳單看看 | 這篇勝過90%的股板文章 | 最後這篇文章實際參考價值0 | 中華國分有可能還行 香港分公司東華聽說很慘 整體來 | 說中華國際業務做的不好 | 而且台灣根本不做基地台啊 == | 反攻大陸後就有13億用戶用中華電信了！ | 噴爆 | 好認真的分享 給推 | 不錯 有笑有推 | 看完才發現……我到底看了什麼 | 笑了給推 | 我認真的 笑了，給推 | XDDDDD | 有笑有推 | 一本正經的練肖話 | 圖文並茂的蔣幹畫 | XDDDDDD | Ok,至少我知道你用中華電信 | 有基地台概念股嗎 | 以後大陸ADSL網路線會牽到台灣接中華的最後一哩路 | 現在是布局電線電纜股的好時機 | 醒醒 | 看圖說故事 原po有當分析師的資質 | 前面不錯 後面笑了 | 話說中華電跟將來銀行好像出了問題 | 一本正經的講幹話XDDD | 最後一段是在搞笑嗎？真可惜 | 根據英英陸資法，大概有99%機會 | 這整篇根本只是想酸中國5G ETF吧！ | 前面聽起來很有這麼一回事 後面你是老蘇親傳? | 不錯，幹話正經講 | TXXA攜手CXT成立火星電信 | 優質 | XDDDD | 有笑有推 | ？ | 好der | 這支脫離大盤很久了 大漲大跌都不干他的事 | 一本正經蔣幹畫哈哈哈哈哈 | 肺紋 | 有笑有推 | 照這說法，沒有買100張，是欠噓 | 辛苦了 打這麼多廢話 給你推 | 認真分析給推XD | 中華電就是垃圾股啊～ | 中華電信統一中國 | 第一句話就想吐槽 | 廢文共賞 | 笑了",: 今年以來 幾乎不漲停的都漲停過了 : 什麼聯電 台積電 台泥 長榮 華航都漲停過 : 今天連中鋼這種傳產都噴漲停 : 每個營收都創新高 : 這波之後 接下來類股輪轉應該換電信股了吧 : 中華電信漲停的日子是不是不遠了？ 任何股票要漲停一定要有題材 根據我的觀察 中華電信目前題材就是5G但是題材之外還要擴大需求 但國內市場內需是很難再擴大的 所以我們要放遠國際 當你的同業競爭對手衰敗的時候 必定是你壯大的機會 像我拿最紅的護國神山台積電 之前這麼強 一定是他的競爭對手變弱 我們比較一下台積電跟三星的股價 https://i.imgur.com/c7FQ9YH.jpg https://i.imgur.com/0bkqH1V.jpg 嗯....好像都很強 那我們看看是不是之後不讓我們台積電製程代工的intel https://i.imgur.com/udTXKwe.jpg 看不出來 我們拉遠看一下 https://i.imgur.com/ZnCGYFU.jpg 嗯.....果然intel之前犧牲了他的發展 到最近股價才創新高。 台積電都已經比前年股價300多的時候 成長快100%了 那說這個幹嘛呢？ 我們來看看中華電信的股價 https://i.imgur.com/YUnPbe9.jpg 近幾年確實是很牛 因為國內市場就這樣 而且台灣人口反而還越來越少 總有一天使用手機人數一定會飽和 但是有想到對岸也有在用電信 我們看看有一檔 叫fh中國5G 沒錯這檔就是追蹤中國5G的股票 你們一定以為是越來越高價 錯 https://i.imgur.com/cr2QJl8.jpg 已經從發行到現在貶值了30% 看到商機了嗎 當這檔股票下市的時候 也代表大陸5G滅亡的時候 也就是我們大中華電信進攻 取代的時候 當大陸5G滅亡的時候 那些人還是拿著他們的小米機要打電話就不得不用台灣的基地台了 想想只要他們人口的十分之一要用我們的電信 想想就興奮 那中華電信還不暴漲 甚至天天漲停還不指日可待 大家不是最喜歡價值型投資 還不快買暴中華電信今年的高點就是明年的低點了 
Re: [心得] 換中華電信漲停了吧？,2021-04-15,15.0,林北年輕人 誰跟你65歲 | 入股一天 如隔十年 所以可以領十年的股息了嗎 | 而且 券啦 | 券 ㄑㄩㄢˋ | ....老人都打電話買賣的 誰跟你密碼 | 昨天長榮60套10年的大概半小時就解套了 | 看到紅卷就封鎖 | 老人家最喜歡去銀行刷簿子了 | 再啦 | 無聊 | 有點像 | 我領股利十年了，意想不到的多阿 | 研發ADSL疫苗成功就噴啦 | 國文程度跟文章程度一樣啊 | 誰老人家...,: 今年以來 幾乎不漲停的都漲停過了 : 什麼聯電 台積電 台泥 長榮 華航都漲停過 : 今天連中鋼這種傳產都噴漲停 : 每個營收都創新高 : 這波之後 接下來類股輪轉應該換電信股了吧 : 中華電信漲停的日子是不是不遠了？ 如果中華電漲停 就是要擔心股市的時刻 肯定很多預測到了風險 所以將資金投入中華電休息一下 等股市重挫到底部後 再從中華電信提款出來投資 基本上正常漲跌1元沒問題 但如果中華電突然上漲2.5元以上 就要注意了 畢竟這股票現在都是65歲老人家與交通部持有至少占50% 那是不動的根基 很多老人家忘了證卷操作的密碼 只會買著放十年 但不會賣 十年到了以後 打開銀行帳戶看一下領了多少現金股利後 在關起來再放十年 除非中華電把大量的土地認列 並且大把的賣出土地與房子 或者遠傳台哥大不見 自然奇蹟就會發生 
[心得] 終於知道為何大家愛中華電了,2021-04-15,164.0,"ETF | 呃，抱歉，我沒有愛中華電喔 | 買台積電也能虧，這樣不行喔 | 中華電也要漲停QQ | 鴿 不買 個股 | 拜託別，這樣我會想賣掉 | 沒能 | 追高殺低......你不適合玩股票 | 你可以買0050就好 | 你說你買前面三檔的原因是什麼，為了要賣給其他人 | 的話本身就有問題 | GG這個巨人要清醒囉 再等一下 | 以後跟自己對做 | 下次要買什麼可以報一下標的嗎謝謝 | 你是不是很喜歡追高 | 你的文讓我覺得你該回去看書 | 萬七還真的有人賠… | 買股票根本不需要追高 | 何不買遠傳 買60現在穩65 有股利有價差 | 韭菜就是愛跟風 看到什麼很紅 一開始不敢追漲高才追 | 萬七還有人賠錢？ | 反串的吧 | 好哦  建議all in | 200塊水餃？ | 這個id是上次合一漲停想當沖賣不掉的那個嗎== | 找個定存股放吧 很多是個性問題，不適合就不適合 | 不看書或研究為何不買0050 | 追高而且都買討論到爛的標的?不做功課就是這樣 | 抱歉 我們都在玩鋼鐵 | 中華電漲停跟庫拉皮卡下船哪個比較難 | 0056每年等配息 元大幫你控 | 中華電信宣布處分台北市土地應該就漲停了 | 傻眼 每次都追到最高點 今天早盤買台積就穩賺 | 你如果當初買中華 現在應該在嫌他漲沒航運快吧.. | 鴿 只買 0050 | 有笑有推 | 會去買耀登的真的跟邪教沒什麼兩樣 | 台灣大 回到98想買 | 反串啦 怎麼可能有人賠錢 | 怕就0050存錢刪app | 萬七誰賠錢? 世芯套牢仔表示: | 你是不是專找人多的地方 | 嗯嗯嗯 | 下次買什麼先講一下 謝謝 | 真的不要追高... 你可以先買個配息定存股休息一下 | 嗯嗯，你乾脆直接定存算了 | 耀登這種股價不值3位數的炒作妖股也敢買 | 中華電很多人愛, 但也很多人看不起 ！ | 反串 萬七賠錢? | 謝謝99 | 挖你都買在山頂 ... | 你買的標的怎麼落差這麼大 | 你不適合做價差＋1 | 還好我都買金融股的中華電 華票 | 有帳單嗎 真的有人這樣買！？ | 一堆人說中華年年衰退 | 時間錯了 2008金融海嘯2020三月股災大家才會愛2412 | 買什麼可以PO標的文嗎 拜託  我要跟 | 等大盤開始飆 你就會後悔買了 | 繼續保持就好   之後反著做  就賺錢拉 | 拜託，繼續買股票，這樣我才能割韭菜 | 金融股的中華電 是元大金吧... | 我愛賭客 科科 | 存股紅茶店 煩惱變不見 | 你就是之前合一那個? | 會被嫌卡資金 但其實對大部分散戶來說是保資金 | 拍拍 | 恭喜 | 反串吧 不要追高啊 == | 你萬七賠錢？你覺得我很好騙？？ | 買飆股要會看技術面!沒那本事遲早輸光光 | 定存不如買台泥，現在就算高只要你願意放一年以上 | 還是一定贏定存 | 買耀登天天燈，不是紅燈就是綠燈 | 330這價位破季線了，世芯新聞鬧那麼大還不會看嗎 | 推對帳單 | 買遠傳 台哥的話兩年未填息喔！ | 沒有對帳單... | 對帳單呢? | 675學長好 | 中華電這種殭屍型的股票誰愛 | 為什麼不買富邦金，比中華電好很多 | 反串仔吧，基本上沒對帳單的我都不信 | 跟我虧的差不多... | 只有你愛 | 銀行股買彰銀台企吧 買在別人不愛的時候 不用一窩蜂 | 拜託先別回來 | 彰銀每三年就炒一次董監改選 | 笑死 | 怎麼航運股沒跟到...搞不好狀況不一樣了 | 歡迎加入存骨族的行列~ | 耀登就炒作股阿,月線就是最後機會了... | 哥不買個股 | 你買的時候記得講一聲 | XD | 買台積電有啥好虧的，又不是買公公 | 投資穩就好..其實不需要太貪心 | 不是中華電多好，是你不適合主動選股 | 連這檔也有糕點快遞文? | 耀登的EPS算一下   wow | 你就不是那塊料 乖乖存股吧 | 60萬買中華電  一年後可能還是60萬 | 台積可以買在那麼山頂....你確定還要買股票嗎 | 對帳單？ 真的這麼準 | 建議就算買定存股也不要追高，不然被套很多人也是 | 抱不住。 | 你可以當股海冥燈 | 買一堆投機肖貪股 | 耀登還有的跌  這種沒體質的 快進快出就好 | 我也買台積，賺了不下百萬…我不知道你怎麼了 | 你可以考分析師去找投顧 然後每天三點準時開節目 | 你還有攤平大法 | 看他之前的文，都說要穩定，都說要買定存股，然後 | 做的都是妖股和價差？黑人問號！ | 定存股參考遠東王的遠東新，不過現在是高點等他回檔 | 110.5買的話 今天賺價差 60萬 可以賺12000... | 種花店上看120↑↑↑↑↑ | 就你這種操作的話 就算買了中華 也是虧的 | 當初問自己買的理由是啥 | 一年之後再來看啊 | 上萬七 還有人虧錢？ | 股市唯一心法買低賣高，撿那些低檔有機會回檔的股票 | ，勝率比追高來得大多了，我自己是2個月前撿了寶成 | ，現在也是10%以上了 | 這盤也可以玩到賠錢，你厲害 | 多頭都能賠錢真的乖乖買中華電就好...近一年根本隨 | 便買都賺，大賺小賺而已 | 自己要買體質差還追高的 逃太慢當然被當韭菜割 | 整天想追高，肉最肥的都被吃光了，抱著高風險吃魚 | 尾真的傻 | 得 | 等漲到2萬點 你發現他完全沒動 你又會去買飆股然後 | 套在高點了 | 又是你==不要亂追股票好嗎 | 都走空頭了你還進去接刀... | 好啦 好好工作 賺比較快 | 恭喜 | 反串爛文 | 施主 苦海無涯 回頭是岸 | 大大你那張對帳單我有看到 | 台積電上700根本是遲早的事 | 中華電真的是超硬 但就是別人暴漲他也漲一點點 | 萬七賠錢很難嗎？ | 大家都知道台積電遲早漲起來…可是不知道還要等多久 | 一張不賣奇蹟自來 | 水餃一顆50算貴吧！我給你交換 | 追高只能拿你獲利去追 | 就算台積電倒了，中華電也不可能會倒 | 可惡賣太快少賺 | 不賣就不算賠 | 每隻股票都有資格登高一呼 | 不忍噓 怎麼會買耀登... | 炒作股 | 2412現金股利很低 但好處是脫手的話價格不太會賠到 | 覺得你唬爛，有對帳單補推 | 真的虧錢的早就把股版刪除了 | 資金避風港，但是沒有什麼肉啊 | 認真的跟你建議定期定額買零零五零吧 | 愛追高 活該 | 明年星鏈台灣開通後再來看看中華的股價如何 | 這反串啦 找點正經事做 | 當你想買時候，記得放空 | 你不就是0050賠10多萬那個嗎，反串的吧",台積電買在675 合一買在316 最近又買了耀登 連跌停賣也沒能要收 變水餃股了 來來回回虧了六十萬 心裡覺得好累 看了一下 只有當初嫌他漲的慢的中華電是紅的 好像沒第一次虧錢那麼難過了 只是覺得有點疲倦 股海無涯 我之後只純定存股了 我鄭重的跟諸位前輩致謝 之前慘遭滑鐵廬後資產三成放定存股還維持住 四成放定存 最後三成試著買飆股沒想到慘賠 我也有聽進去各位前輩的話 耀登是買在330以為夠低了 沒有追高的意思 沒想到還是套 慘
[請益] 當中華電漲停時是不是就要崩盤了,2021-04-19,91.0,"金融漲多久了還在最後一棒 | 這我真的會怕喔 | 有沒有近一年沒漲停概念股阿 | 下輩子吧 | 還在喊空喔 停損自己設好不會? | 富邦有漲停過嗎 | 中鋼都會漲停  中華電為何不會 | 股市先甚麼都漲，接著萬物齊漲~~~ | 金融鋼鐵業績獲利都有創高，別預設立場 | 不然來炒房好了,呵 | 當所有都狂漲的階段 還有啥不可能 | 去年這時候，有人分享大盤看法，然後人就消失了 | 時空環境已經不同，目前就是上漲無極限不用去猜高點 | 今年民用5G售價減半再說 | 售價減半是利空呀，別人在漲價他降價 | 宏達電再度漲到1300 | 多頭的時候中華電不會漲停 | 我覺得打仗 中華電可能都還不會跌停.... | 現在景氣好到炸~不漲才怪 | 力積電漲停的時候才是 | 4 | 中華是有什麼報價漲停嗎 | 我覺得富邦金漲停那天 | 準備大崩盤了 | 安啦 塑膠還沒炒到 | 5G電信業自己搞出一個1400天花板 價已經沒救了 | 只能用手法增加4g→5g的顧客數 | 輪不到他啦 還有一些類股沒動的 | 好奇空軍有多少 | 要漲停 起碼給一點利多消息吧？ 有嗎？ | 但中華電也不能空啦 1月外資賣爆沒動 | 現在誰沒門號？價錢敢上去？ | 對  快放空大盤 | 連統一實這種三線傳產都漲停就知道了 | 其實富邦國泰從2月到現在已經漲了30%以上，只是大家 | 看不上眼而已 | 現在大家只看漲幅100%以上的股票 | 等到金融漲停漲到沒股票買就有可以 | 明天就.. | 這跟水淹大佛溪，火燒凌雲窟，豈不是同樣邏輯 | 好 每天掛漲停等他2412 | 該組一個類股龍頭ETF了 要不然好沒參與感 邊緣人 | 沒錯 | 中華電漲停時就是兩岸開戰的時候 | 就沒啥話題啊 中華電現在宣佈7G技術 可能有機會 | 中華電漲停比川普當選總統還難 | 這我真的會抖..+1 | 營建有輪過高了嗎? | http://i.imgur.com/FIFYiQK.jpg | 不要以為不可能喔 | 嗯...所以中華電才是我的避險阿XD | 巴菲特指數創高 S&P500本益比創高 樓下沒穿褲子 | 再漲一個月就可以殺了 | 之前喊中鋼不可能漲停的已經....還兩根了耶 | 中華電[漲停]，就是地球所有人類滅絕的時刻。 | 應該是中華電都跌停大概是世界末日了 | 買兩三年還在負的是不是該砍一砍了 | 台塑漲停還差不多 | 就沒辦法漲停一直提 | 中華電漲停我真的不相信啦 | 中華電信獨家發行6G，這樣會漲停吧 | 中華電漲停就跟水淹大佛膝一樣 | 這話題上周不是有人po過了嗎 | 台股的字典裏沒有崩盤好嗎 | 連宏達電都可以浮起來了你說呢 | 根本是有股就買 | 怎麼最近一堆人問2412，這樣很難低調耶 | 錢太多 | 0056漲停的話，就 | 去年中華超硬直接死撐 | 沒什麼股票好炒 只能炒中華電 那還真的很恐怖 | 怕東怕西 滾出股市啦 | 愛之味 | 萬三最後一棒萬四最後一棒 萬七了你買+~會員了嗎？ | 宏達電漲到1300時才是 | 上星期已經單日大漲2元了 | 還在幻想崩？ | 鋼鐵是因為獲利提升 電信怎麼升？ | 你可以趕快買遠傳 因為會補漲 想想鋼鐵 | 電信費又不會通膨 最好中華電會漲停啦 | 對比，然後中華電不會漲停所台股不會崩 | 電信費不會通膨，但是其他原物料會通膨 | 這波通膨 絕對10趴以上。 沒有資產的，準備勒緊褲子 | 民生物價通膨通常比原物料上漲慢3-6個月 | 物價漲停 | 不會找舊文章嗎 | 117還沒到，不要緊張 | 中華電信不知道在穩甚麼的  股災也是掉一點點 | 金融股漲停才是最後一個信號 | 把不可能變可能 | 中華電",從去年疫情崩跌到現在 各產業輪流漲 個股各個破高 台股來到歷史新高萬七 來到最後一棒金融開始漲 以前沒有激情的死魚，都主動開始動了 但拿往年的經驗來套用似乎沒有用 是不是中華電漲停了就是崩盤訊號了 因為已經沒有股票能炒，才會選到中華電 現在存股還來得及嗎 把看到中華電漲停當畢生目標的 今年有辦法畢業嗎 
[其他] 台泥是不是跟中華電信一樣穩,2021-04-26,56.0,"叫57t情何以堪 | 很強好嗎 之前外資天天倒 40跌不下去還爬回來 | 要比穩我只服2412 | 你看看去年3月中華電跟台泥的跌幅不就知道了 | 台泥線圖很漂亮，去看還原權息K線圖，很穩的爬山\ | 現在是4開頭要all in了 | 不是 不要亂買 | 現在水泥再漲 跟中華電不太動的不一樣 | 低調 | 今天大盤大漲  呆泥只在平盤 | 自己拉月線 | 台泥58.7梯跟中華電信115梯你覺得哪個半夜會睡不著 | 但玩短期的可能不用進來了，穩但不見得飇 | 飆股翻倍請走別路 | 現在最穩的叫統一超 | 因為我賣了 | 57t的也套很穩 | 台泥殖利率>>中華電 其實中華電應該當成國債才對... | .. | 配的比種花多 越跌越買阿 | 台泥波動很大吧 | 99妮妮 | 2018年一個升息就跌停，到底誰在賣 | 台泥撿這種大跌的時候最爽，但沒人敢 | 集團很會洗股票，當然可以跟法人拼 | 台泥變電池股 會從傳產股變成長股 估值據說到80以上 | 99 亞泥 | 種花店那殖利率 同樣價格我寧可收海公公 | 台泥電 | 40檢到53 | 外資賣不動應該覺得很肚爛吧 | 2887也穩如泰山 | 去年除權息後想撿40以下等不到= = | 樓上我也是 所以最後一眼是40.1 哈哈 | 30年前買300元的放到現在成本剩25、26耶（用還原月 | 線看） | 39.9跟40.1是有什麼差嗎？ 早就該買了，還在等那個2 | 毛 | 本業穩  殖利率高  又有能源夢 60不是問題 外資就是 | 先騙大家賣低再接手吧？ | 比中華穩多了啦 | 台泥的外資都亂賣 跟外資操作幹嘛 問號 | 沒有 等幾天你就知道了 | 外資狂賣台泥跟亞泥 | 我只知道合庫在45-47買了好幾萬張呆泥,至於是合庫 | 自己在買？還是大戶透過合庫下單？就不知了 | 跌到四十又回五十 中華電近年應該沒有短時間125%的 | 能力 | 我覺得亞泥不錯 | 那時候40外豬一直壓不下去 | 後來就在41入了幾張放著 | 2412根本石頭 | 沒 兩者波動差那麼多 | 41t 天天掛58，總有一天等到 | 有在轉型 | 台泥科 台泥電",台泥穩如泰山 外資一直倒 看到今天到最後不上不下 猶如中華電信附身一樣 有沒有台泥穩到跟孔固力一樣的感覺 其他紅通通一片 咱們泥土業綠油油一片 
[請益] 現在穩穩存股首選中華電信嗎？,2021-04-30,175.0,"走錯板了啦 Tech_Job問啦 | 阿 靠邀 我以為還在八卦 =_______= 對不起....... | OK啊  除非台灣人不用網路了 | 星鏈計劃啊 | 電信股都沒什麼漲你就該知道有問題了 | 無腦0056 不要自己選股 | 現在存股...之後殺下來有信心抱的住嗎 | 分批分散吧。話說星鏈計畫對台灣這種幾乎在都市的 | 影響不大吧... | 完全沒影響 星鏈對很多地方有用 但台灣沒太大用處 | 而且星鏈還會受到氣候影響 第四台當初氣死多少人 | 不想動腦就0050 | 星鏈計畫還是打不過499吃到飽啦 | 放到2025的話選GG，一年穩定漲15% | 應該是針對光纖網速啦。不過平均80M也沒贏光纖 | 要說衛星比光纖穩那我是不信的= = 更何況它安裝費 | 499鎂，月費99鎂還頗貴... 相對光纖而言 | 特斯拉波動太大，妳母親受不了 | 價格反而不是重點 因為價格跟很多因素都有關 | 0056分批買進，先投1/3資金，後續依據市場行情判斷 | ，再陸續酌量投入 | 00878 | 利率低 所以現在存股 不怕賺股利 賠價差嗎 | 怎麼感覺最近也有篇類似的== | 存2330啊 | 隨便找隻飆股賺個波段都比存股十年賺的多 | 0050也好 | 中鋼死魚幾十年都大爆發了  搞不好之後飆到500 | 宏達電 | 0050 | 2498重返榮耀 | 你問版上不準 你看都說找存股 還不是有人叫你玩飆股 | 投資的前還是先想好買賣理由吧 | 你買理由是他不太會漲 這不是很奇怪嗎 | 如果是退休金 我勸你不要動用 寧可少賺也不要不能退 | 有些老人家被騙進來玩 可能連退休都不用退休了 | 4， 中華電信倒了台灣也差不多了 | 存股唯一只有2498 | 中華電信我覺得就政策風險，電信法沒修法，第一類 | 電信業者，算是穩定優勢的，其他技術來台灣也得找 | 他們合作 | 興農啦 | 存發哥 4年17塊 | 這串看起來賭徒居多 你可能來錯地方了XD | 存股首選GG | 0050 | 17000點存股可能要考慮 | 存股不就0050 有什麼好想的 | 金融 中華 興農 | 中華電 兆豐金 | 星鏈對都市而言一點搞頭都沒有 何況台灣都市化程度 | 這麼高 完全沒有威脅電信公司的可能性 | 中華電信穩到大多頭都漲不起來 要穩還有什麼更好選 | 擇？ | 複委託美國公債債券etf | 台泥 | 台泥 | 2330台股送分題 | 聯發科 | 壽險業怎麼買跟著買吧，他們也買中華電 | 中鋼吧  根本送分題 | 006208或0050 | 統一 | 50% 0050  50% 2412 | 特別股 | 成交量放這麼大，普天同慶不意外，這時點，良心建 | 議買抗漲抗跌的 | 萬七存股怎麼沒人笑了 | 現在ALL IN 當航海王 2個月後財富自由 | 0050 | 電信股不是沒輒，而是還沒輪到 | 興農不錯 | 不要吧 退休族買金融股啦 | 本大就金融，本小就殖利率稍高的飆股 | 不要在高點存股，先去存定存，等崩盤後再來存股 | 怕就不要選個股，追蹤大盤的ETF才是正解。 | 我之前買中華電信均價90元，現在都到114元了，現在 | 當存股不妥 | 心臟小顆就是買2412囉，微漲微跌最安心。 | 萬七存股 驕傲十輩子 | 金融股有些都變飆股了 真的很難選 | 存陽明啊 | 什麼時代了還在存股買種花，台泥才是首選吧 | 歐硬魚翅金控 | 種花店存股連肉鬆都不如 | 沒有任何一支股票能保證年年有股利可領，心臟小顆都 | 是藉口，懶才是真的，不做功課就想爽領過下半輩子， | 跟著市場波動變換部位本來就很重要 | 某樓講什麼中華電均價90，90根本七八年前的行情了 | 還拿出來講。114價格跟前幾年沒差多少啊。真的存中 | 華電不用懷疑。再這麼波動我看只有30元左右來來回回 | 。 | 台泥 亞泥 | 一個多月前買3張110.5，昨天出掉兩張114，來回操作 | 可以每年低點存賺價差4%就跑，不參加除息 | 我買美國VZ，比中華電好多了 | 中華電的問題是太貴了 | 我家情況類似，我是想60%/0050、40%/債券etf(美公 | 債） | 退休族買0056，0050是給上班族懶人買的 | 真的要顧好心臟就中華電信 別理其他賭徒 | 衝兩萬沒在存股 | 股票不是不動產 沒有承受風險的能力乾脆放銀行 有 | 什麼穩穩領股利的標的 | 存股終究還不是賺價差0.0 | 股息只是避險手段0.0 | 直接0056或分散買成份股都可 | 0056今年那麼大一波  我是不敢存啦 | 真要存股賺股利，就分批買進0056，最安全 | 中華電的問題是 萬一馬斯克的星鏈計畫用成了 就哭哭 | 看到星鏈真的吐血，電信法鎖在那，想經營電信市場 | 一樣要領執照，講白了這就是特許市場，更何況中華 | 已經莫莫在搞衛星了 | 中華電不是強在股利 是強在穩 | 等到哪一天證交所不用中華電 在來煩惱中華電好嗎 | 先放2330 1000之後再放台泥 | 台股萬點也有人笑存股 萬七不要怕 等台股兩萬的時候 | 就知道 | 中華電我從103領股息領到現在 超爽ㄉ | 電廠也不錯，瓦斯也可以，都不輸種花 | 2498 | 我買過48的中華電信 一周後漲到53賣掉了 | 0050 | 還可以啦 也算資產股 地超多又精華 | 0056吧 | 大盤跌回10000點中華電股價大概也不動如山 | 國泰高股息 | 存股我首推元大金 會順便賺差價 | 萬點存股被一堆人笑 當初說的人還笑得出來嗎 | 台哥大 | 買航運就對了，其他都是垃圾尤其是電子股 | 不虧本錢 首選中華電。 | 首先 你要確定這150萬 你花掉了還能生活 才買股票 | 中華電就老人股 金融股隨便選一隻都比較好 | 不要單筆買，一定要分散3-5年慢慢進場 | 150萬買中華電信寧願放著現金等大盤修正再檢便宜。 | 或是台積電目前價位一年內漲超過5%的機率也很高， | 何必為5%股利買中華電。如果連台積電都怕，就等金 | 融股或0056除權息完再買吧，往年經驗來看除權息前 | 很難跌。 | 150只想存股是能領多少 | 去年0050也是要跪下 雖然復甦後會回來 但心臟小的人 | 還是買中華吧 去年表演過萬人跪下我獨站了 | 確實不會賠，不過你可能會看到很多鋼鐵人航海王翻倍 | ，然後你只賺3-4趴覺得慢 | 兆豐金等除權息後買 | 台泥 有股利 有題材 | 0056 30% 美債20 30%  0050 40% | 中華電信可能缺點是殖利率普普 好處應該是股價浮動 | 小 要出脫比較不用擔心虧本 | 但要說建議是除權息後再觀望何時入手會比較好 現在 | 應該算2412的近期高點 | 找一個跟網購有關的閉著眼睛存,網購這東西在台灣只 | 會越來越熱 | 2412可以進，但以目前來說，110以下(含)我才會推薦 | 到時有機會賺股利兼賺貼息價差 | 無聊賺便當錢用 | 2412你只要看他有沒有正常資本支出就行,它資本支出 | 的目的都是為了賺更多的錢 | 最近狂電銷光世代，想把月入909拉到1x99，拉高ARPU | (或是省更多的錢) | 中華適合銀行定存族，所以適合原po | 一萬二的時候，一堆人說高點到了，現在萬七，還是有 | 人再說等跌下來，ㄏ | 特別股 了解一下 | 00881 0050 | 2412 | 我只服0050 | 遠雄吧 | 3702A | 有支最新的ESG 00888採季分紅 | 之前持有2412超過十年，現在換00881 | 150怎麼退休啦XD | 中華電換台泥 | All in GG bj4",家母去年退休 最近股票多頭時代 她也聽到朋友在討論 她才知道錢放銀行利率低的可憐 最近問我要存股的話推薦哪間 本金150萬 希望不要波動太大的 她心臟不好 想要每年穩穩領股利就好 本來想推她金融股元大富邦的 可是最近金融實在漲的太誇張了 想想多頭時代與世隔絕的好像只有2412 想問問你們有其他更好的標的嗎？ Sent from JPTT on my iPhone 作者 lolly200 (lolly) 看板 Tech_Job 標題 [請益] 美光生產工程師 時間 Sat Apr 15 21:01:22 2017 1OyXcbuv (Tech_Job)
Re: [請益] 現在穩穩存股首選中華電信嗎？,2021-04-30,103.0,"基金跟中華電比""穩"" 中華電贏過多數好嘛 才150萬捏 | 應該推薦買台幣儲蓄險吧 | 問題是他得到的只是穩  不一定會賺  這樣不如定存 | 明明最好的是2330，儲蓄險只會被通膨吃了 | 要比穩，近二十年有比GG穩的嗎? | 在股市尋求穩定是不是搞錯了什麼 | 股市為何不能尋求穩定? | 退休人士需要穩定的現金流吧 拚最大報酬率幹嘛 | 其他不論 基金內扣就穩賠了... | 壞人真多 | 股市哪有穩定的 GG最近679跌到591 人家老媽心臟不好 | 這句話一堆人都跳過不看 | 對於退休金來說 能打平通膨其實就夠了 | 要這樣操作我寧可少放點部位,改丟0050 | 儲蓄險無法打贏通膨，你也別拿啥cpi，那是騙不懂的 | ，專業的都看M2 | 季線之下的GG不存股，那要等何時? | 看M2的話，台股隨時會爆炸XD 3月M2比2月少 市值/M2 | 已經來到2000年以來的新高 真刺激XD | 基金內扣爛死，最好是適合存 | 崑鼎如何？180看到220不回頭QQ | 基金比較穩？XDD 還遇過只買基金的，股票很多種， | 有的比基金波動更小 | 前年賣了十年的儲蓄險(20年)，還賠錢出場，買崑頂 | 看市值/M2要幹嘛... 市值畢竟是由佔相對少的成交量 | 決定。而且大部分市值成長是由GG貢獻，股價都已經 | 計入未來幾年的成長了... 有些比例的歷史值並不適用 | 09年低利率環境都不一定能參考了，更何況還看到2000 | 年去...要是按照這類數據來操作，那真的是萬點放空 | 到萬八，驕傲八輩子... | 去年三月我帳上中華電信以外的跌幅三成... | 中華電這種股票就是要在剛除完息進場啊 | 基金只是拉長戰線而已，拖命留口氣，走空終須陣亡 | gg穩，你要不要去看2008年的時候 | 說基金穩的 肯定沒買過 | 基金金磚四國風暴後-70%停損 | 基金一天震幅可以超過10% | 基金的非系統風險大部分都做得西巴爛 還要收你內扣 | 要穩請去買債券啦 債券玩法也很多 | 何況基金贖回時間世界久 等空頭一到 要跑都先吃好 | 幾根再還給你 | 講基金肯定沒玩過虧30%up的 | 基金比中華電信穩？笑了 | 笑死 股版壞人多 | 存股 波段越小越好 | 到底在供三小 | 都退休了應該很多時間可以看股票吧，為什麼每個老人 | 都只想著放進去就等爽領錢，功課都不用做嗎？就算一 | 很壞喔 | 支股票穩也不見得可以撐十年二十年 | 30歲凹十年容易 還是60歲凹十年容易 風險承擔度不同 | 不然你叫你爸all in 他退休金去個股看看 | 你如果買在平均價110以下  不是傻子除息前才追高 | 早就填息了wwwwwww | 2008買某礦業基金，套到今年才解套 | 這種定存股除息前會拉一波除息後跌回來都不知道? | 基金又不發息的超級爛 | 連定存股都不知道該怎麼買  我也不知道該說什麼 =.= | 推薦買基金XDDDD   要當壞人也練一下好嗎 | 別鬧了去年三月那種殺法不會常常出現，中華電在那次 | 的表現根本穩如泰山 | 其實她要的就是崩盤不會跌太兇，未來有機會漲賺一波 | 的股票 | 目前看起來的確是中華電 | 0056比較適合 | 中鋼10天就把10年來都填完 夠猛吧 | 基金...上星期-30%停損出場了！基金沒有比較好 | 存股0050、0056比較好 | 笑死我 去年就到106講的被大殺一樣 | 這幾年不都在110左右嗎穩到靠北 還沒填息勒要笑死 | 我了 | 除息前本來就比較貴你拿那個價位來說沒填息？ | 股票型基金波動要比2412少真的很難 | 你要說2013開始存的話 放到現在股也領了37了股價還 | 也從90幾到了現在114 | 2013到現在股利也領了37塊 股價也漲 被你講到沒填 | 息 到底在亂講什麼 | 感覺心在穩穩作痛 | 本來就要個人式填息了啊，你買到最高點，攤不平的機 | 率，應該要好好檢討 | 就不懂裝懂啊 笑死人 | 最不怕系統性風險的應該就是中華電了，想要當定存 | 推基金是三小，你先把你推薦的基金講出來再說 | ok,只是千萬不要想要安全又嫌不會動就是 | 去年就表演過大家都跪下只有中華站著 你還能睜眼說 | 瞎話他不穩 | 降本金投0050 | 其他部分存定存 | 推56f,定存股每次除權息前都會被炒一波，自己要買在 | 波段高點？才在說填息難？ | 要穩定配息填息，我只推中鋼特 | 基金？？？工三毀 | 推，每次都等 股息公布才買 然後說沒有填息 | 買不到一個月就想要配息  再怪填不了 | 假設113投入150萬,結果掉到106,解:106再投入150萬 | 這才叫""存股"",歐印哪叫存股,歐印叫賭博 | 你是不是缺業績？ | 去年3月只跌到105還不買爆? | 等衛星洗牌 中華電信？ | 退薦買基金真的笑死人 | 呃你為啥只看106而不看它最近113?有填1000多天嗎 | 剛剛才發現你講11年,13年,那個幾年以前的事了 | 連中華電信都被抬出來要大家抬轎了?",股票存股其實跟本沒有什麼最好的標的 中華電只是波動較小的一個而已 而且你是因為利率的關係想到中華電的穩定配息 但你卻沒想過發股利沒填息什麼都是白搭 中華電去年發的到現在還沒填息 13年填了400多天才填完 11年更是填了1100多天 更何況中華電並不是填息率100% 加上去年三月大盤崩跌 中華電一樣殺到了106元的價位 等於你150萬在帳面上會賠掉10萬多 雖然相對其他個股來說波動小非常多 但一個會把錢綁在定存的人絕對受不了這種殺法 基金這種大幅度分散風險的投資反而更適合你們 : 家母去年退休 : 最近股票多頭時代 : 她也聽到朋友在討論 : 她才知道錢放銀行利率低的可憐 : 最近問我要存股的話推薦哪間 : 本金150萬 希望不要波動太大的 : 她心臟不好 想要每年穩穩領股利就好 : 本來想推她金融股元大富邦的 : 可是最近金融實在漲的太誇張了 : 想想多頭時代與世隔絕的好像只有2412 : 想問問你們有其他更好的標的嗎？ : : Sent from JPTT on my iPhone
[標的] 2412.TW、CHT.US  懶人多,2021-05-11,9.0,八風吹不動 | 萬七買了領股利躲崩盤 等崩到7千賣了換飆股 | 中華電: 你們在幹嘛?? | XDD | 真 睡覺股 | Brk.B 推推 | 根本就沒在管大盤的1支股票 | 所以呢 這種全台灣都知道的事 還要你發文喊多? | 可是股利會先被扣稅,1. 標的：2412.TW、CHT.US 2. 分類：多 3. 分析/正文： 給不想空手又怕大爆崩的人 漲不關他的事，跌也不關他的事 股價長期穩定上漲、殖利率都在3%左右 4. 進退場機制：隨便 反正根本不會動 沒錯 https://i.imgur.com/8IvGRi7.jpg β甚至是負的
[標的] 2412.TW 中華電信抗通膨多,2021-05-11,26.0,"我高中同學兄弟倆愛吃麥當勞常跑去偷吃 他爸有次生氣 | 就射了 | 了說愛吃就讓你們吃個夠 然後連續兩個禮拜晚餐都吃麥 | 克阿瑟為子祈禱文 | 我同學還是吃得很開心然後他爸先崩潰了 | 世界越快，心則慢。 | 之前就說了,中華電才是最棒的~ | 真債券 | 種花4%債卷 | 除了戰爭沒有可以讓中華電動的方法了~ | 大統益跟中華電都不錯 | 網速是真的慢 | 大統益前陣子也飆很多了 | 世界的中心:中華電信！ | 除了2412還有2883啊…上個月被狂倒還能亮紅燈漲停 | 給你看咧 | 1712其實也是定存好股 今天殺聲震天也跟他沒關係 | 這麼樂觀 如果他們的維修員中獎 或是門市中獎也很可 | 怕 | 這種抱得住的人很少吧... | 看到傳產拉漲停就賣掉去追了 | 真的很屌 | 已經放10年了，就當定存，不過看好6G已籌備 | 今天大跌還能還漲0.5塊 | 放了一年只賺了700塊...修身養性用的 | 放在著比放銀行好",1. 標的：2412 中華電信 2. 分類：多 3. 分析/正文： 台股位階相對高檔 當沖盛行助漲助跌 波動大 大盤巨量長黑K還是不動如山 去年三月股災也才回一點點 資金停泊好去處又有穩定配息抗通膨 屌打放銀行定存 4. 進退場機制： (非長期投資者，必須有停損機制。請益免填) 隨時買 股利抗通膨 股價穩定不怕殺盤 放到下次股災再賣掉換現金去抄底 
Re: [標的] 2412.TW 中華電信抗通膨多,2021-05-11,42.0,"買高賣低  老夫不玩了把錢還我  之術 | 中華電就是股市大跌的時候才會想起他的好 | 加碼攤平啊 27你都敢買 20你不買? | 不賣怎麼買中華電 | 面板沒救了 | 連GG都敵不過的中華電 | 波動大很多時候就是法人在亂啊 先殺 抓最後一個 最 | 好的方法是沒人陪他玩 但這很難 散戶看到爆殺爆漲 | 手就癢了 | 本多終勝 一張不賣 加碼攤平 越攤越貧 | 所以才會推分批 心情起伏大時做的決定很多時候是錯 | 的 | 中華電是台股的定海神針 | 買中華電 晚上好睡 | 不能讓你大賺 也不會讓你大賠 | 開盤痛一下就不動如山了也是還不錯 | 中華電信真的是定海神針 完全不會動XDD | 明天再送你一根 不用謝 | 今天沒開盤吧 | 中華電就真正的定存股 股價死魚 股利還不錯 | 存銀行不如存中華電 | 不怕，中華電有員工持股大軍穩定股價 | 中華電拿出來討論的時候是100塊，也是10幾趴上去了 | 賣中華電買陽明的大媽都看三套房了 | 中華電=台灣國債 超穩心電圖 | 等等中華電信漲起來的時候 大概就是真的崩盤了 | 早說了散戶買中華電信不會賠，一堆人還狂笑？回頭看 | 多少散戶後悔不買中華電信去買個股賠死了 | 員工認股每月幾億在買的   買了就不動... | 中華電信 真˙定海神針 | 很久以前講把股票當定存那位就是買中華電信 | 老人就心臟不好啊 | 三十幾還是四十歲買一堆2412然後領股利 那時還沒有 | 一堆定存股達人到處教人買各式各樣定存股 | 不要在那邊早知道啦，彩晶漲回去你又會罵老人只會 | 買中華電了 | 去年7月到今年初,版上股神哪個推這檔??? | 去年底買中華電,還會被恥笑嘞.... | 慘晶真的悲劇 | 去年到現在的漲幅 中華肯定就是被笑啊 | 中華電就跟心律圖一樣，穩 | 買2412被笑是你張數太少",: 1. 標的：2412 中華電信 : 2. 分類：多 : 3. 分析/正文： : 台股位階相對高檔 當沖盛行助漲助跌 波動大 : 大盤巨量長黑K還是不動如山 : 去年三月股災也才回一點點 : 資金停泊好去處又有穩定配息抗通膨 屌打放銀行定存 : 4. 進退場機制：(非長期投資者，必須有停損機制。請益免填) : 隨時買 股利抗通膨 股價穩定不怕殺盤 : 放到下次股災再賣掉換現金去抄底 在今天 看著我均價27.8的彩晶 https://i.imgur.com/UyPyZZ0.png 然後再看看 不動如山的中華電 https://i.imgur.com/PWJMSzj.png 我突然發現 老人家愛買中華電 真的不是沒有原因的 可以請大家別再賣彩晶了嗎 球球你們了 
[新聞] 《熱門族群》電信三雄4月獲利讚 中華電EP,2021-05-11,46.0,"有點扯 | 中華電存錢的好標的 | 中華電:接下來要換我表演了是嗎? | 本版要的是貸款all in 資產翻倍，定存股都滾，謝謝 | 不會動 | 長期持有中華電 就問你how to lose | 中華電 最穩的標的 | 才比友達多一點而已 明天崩 | 自以為能代表本版   無聊 | 大漲0.5慶祝 | 不管+650還是-650都沒2412的事情 | 友達：乾不是跟我差不多 | 明天中華漲停 | 中華電:我股利每年4塊起跳，你小貓也敢吠 | 中華電信是最穩存股 大盤怎麼漲還是崩 都不關他的 | 事 | 根本台灣的優質債券 | 騷年股神才不屑一年至少4千的股利 | 這年頭2412連單月0.37都可以上新聞 | 看來外資也很怕它跌啊,至少在它套限時不要差太多錢 | 有生之年，希望能看到種花店(漲停)。 | 有個上千萬  歐印2412刪app 無腦存 | 有種漲停 | 貸款不敢買，all-in這檔也是賺 | 跌到100以下覺得信貸歐印 | 中華店要漲停了嗎 | 難怪收盤大漲5毛 | 今天大漲0.5太神啦 | 遠傳穩個屁! | 只有台股大跌 | 才會想起中華電的好 | 哈哈 | 有種當沖 | 崩盤神股 | 2412:明天再大漲個0.5表示一下好了 | 最後指標要來了嗎? | 今天大漲0.05元，讚讚讚^_^ | 大漲0.5元 | 只能選1隻當定存的話 唯一真的就是CHT 沒第二隻了 | 中華電 真護國神山 | 有種漲停 | 今天114.5代表外資急著找短暫的資金避風港而已 | 有種跟中鋼一樣當飆股啊！ | eps大概就5 股價可以到上百… 我的友達卻還在地上 | 爬 | 你友達有持股信托每天無腦只買不賣嗎？",原文標題： 《熱門族群》電信三雄4月獲利讚 中華電EPS王 原文連結： https://reurl.cc/9ZjZXn 發布時間：2021年5月11日 週二 上午7:31 原文內容： 時報台北電電信三雄10日公布4月營收及獲利，隨著5G高資費占比提升，帶動行動服 務營收轉正，電信三雄獲利均超前財測。中華電（2412）4月每股盈餘（EPS）以0.37元重 返單月每股獲利王寶座，14月EPS為1.51元，掄冠電信每股獲利王。台灣大（3045）4月 EPS為0.30元、14月EPS為1.31元。遠傳（4904）4月EPS為0.20元、14月EPS為0.75元 中華電4月合併營收163.4億元，年增4，主因行動銷貨收入增加，行動服務營收轉為正 成長，抵銷固網語音營收之衰退，營業淨利37.5億元，稅前淨利37.4億元，歸屬於母公司 業主之淨利為28.9億元，EPS為0.37元。 與第二季財測達成率相較，營收達成率符合預期，營業淨利、稅前淨利及每股盈餘達成率 皆超過預期。累計前4個月EPS達1.51元，年增5.6。 台灣大4月自結合併營收112.4億元，營業利益12.8億元，稅後淨利8.6億元，EPS為0.30元 。自結前4個月合併營收465.5億元，營業利益49.3億元，稅後淨利37.0億元，EPS為1.31 元。 台灣大財務長兼發言人俞若奚表示，4月受惠電商及5G兩大成長引擎推動，合併營收年增 13。電子商務表現持續亮眼，營收年增23。獲利方面，4月電信EBITDA轉為年增，合 併EBITDA年成長進一步提升至5。 遠傳4月合併營收63.59億元，歸功於用戶升級5G、手機銷售動能強勁，年成長率達3.6 ，達成月營收連續6個月正成長。合併EBITDA與稅後淨利分別為22.99億元與6.46億元，單 月EPS 0.20元。14月合併營收271.95億元，自結EPS為0.75元。（新聞來源：工商時報 記者林淑惠台北報導） 心得：今天大盤跌652點 中華電 0.5 台灣大 平盤 遠傳 0.1 電信三雄真的是好穩 
[心得] 今天中華電信是不是展現不動如山,2021-05-12,118.0,"美國2電信業也是這樣 | 去年三月都沒有動了 | 哦 | 中華電今天盤中明明也跌半根 | 他跌兩塊錢耶！ | 日盛金才是 | 中華電盤中跌6塊可以叫不動如山嗎？ | 明明就跌了二元 | 台泥都漲多少了 我還嫌他今天不跌 | 平行時空 | 跌6塊 不動如山? | 好奇大盤通殺，是沒人想賣嗎 | 相較去年的不動如山，今天算是跌很多惹! | 這隻根本死魚股   不會有想鳥她吧 | 太雲了吧 盤中跌了好幾塊 | 跌六塊錢耶 (6塊？！ | 股中IE   遲來不是不會來 | 不是有到110以下嗎? | 今天皮卡丘表示:大家在跌甚麼... | 跌2塊6塊也沒差啊，買這檔的人有在賣嗎？？ | 今天中華電失常啦 太震了XD | 沒吧 原本往下探 應該是主力逃過去有在拉 | 我這邊已經跌了喔，你那邊放空還來得及 | 沒收紅叫不動如山？ | 沒空 | 今天他跌1.75%耶 一度還掉到108 | 平行時空？那裡不動了，不動是日盛金好嗎。 | 108.5時沒看到，浪費了 | 第一次看過中華電盤中波動這麼大= = | 昨天殺還小漲 今天殺跌2元很厲害了 | 很久沒看到中華電有這麼長的綠K棒了 | 我認為會賣中華電的誘因只要我去抄底跌深股然後賣 | 中華電的錢去交割 不然我想不到賣這個幹嘛 | 中華電只能上下0.5，你不知道嗎 | 賣掉換其他股票 跟 賣掉轉用融資買 因為超跌 | 要撿的時候已經110了 猶豫的時候變112了 | 盤中跌六塊馬上有人抄底 | 兒子被斷頭 老爸忍痛賣股救駕 | 真有跌到100我all in | 阿呆股吧 | 中華電根本另一個世界 | 超穩的 | 基金要調整權重啊 盤中不賣中華電會超出應有權重 | 防禦型的本來就該配置一定的比例~ | 王者風範。 再大盤急殺時就想到他得好 | 定存股領股利來的 | 中華電沒有輸 他守住了跌幅 是你輸了 | 網路爛 | 跟跌不跟漲，還捧成這樣 | 剛去看319中華電才上下4元  今天6元  真的崩盤 | 存股最愛 | 盤中殺6塊直接大單灌進去 | 2塊錢算很多耶 | 今天下影線有夠長(對他來說) | 108的時間有夠短來不及反應 | 經過這兩天後一定要配置一些中華電。 | 100以下買一買收工領股息 | 今天有殺啊 | 盤中跌6塊 哪來不動如山 | 跌超過兩碼就是爛 | 想買100中華電 兩年都沒買到== | 超過1%就是暴漲爆跌 | 去年3月 中華電比台灣大還抗跌不少 | 沒看到108.5, 氣…… | 不動如山VS護國神山 | 鐵打的沒看過嗎 | 如果把昨天和今天一起看,大盤跌7.7%, 中華電跌1.3% | 中華電今天有到-3.9%，台灣大-5% | 去年過年還有人問中華電和GG哪個穩，一堆人說GG | 這還用問，一定中華電啊 | 今天撼動中華電 跌2元 可見賣壓之大 | 最後分別收斂到-1.75%和-2.09% | 比較好奇還有那隻比中華電還抗跌 | 重裝神坦 堪比債券了 | 沒有喔 盤中也跌了2塊的樣子 1417這種跌幅還是撼動 | 了一下異次元的2412 | 有夠穩 | 6塊才對 | 108.5才成交21張 根本秒閃過 | 股災時才會發現CHT的好 穩穩領股息外面怎樣都沒牠 | 的事 | 中華電沒跌停都還不算股災 | 我媽有70塊的 | 皮卡才是好嗎 | 會買中華電的人不看跌也不看漲 | 我有89塊的，然後就再沒這個價了，當年應該壓身家al | l in | 昨天沒事，今天跌了兩元 | 哪有人買中華電還看股價的 | https://i.imgur.com/tX2KVHP.jpg | 跌兩元誒。對中華電來說很慘了好嗎 | 大盤澇賽 中華電打了個噴嚏 | 跌兩塊超多的 平常就是平盤上下0.5 | 法人持股比很低 不會被亂 | 中華電表示：午覺小抖 | 不過以中華電來說算大啦 | 電信都很穩不會大跌買電信最不擔心 | 跌6塊沒接到真的可惜,瞬間即逝 | 中華電信的主力  平常在做什麼 | 今天皮卡反而比中華電強哩，皮卡硬梆梆的 | 日盛金才不會動吧 | 種花航空問種花電信是不是兄弟啊 一起跌啊 | 笑死 我大立光才是不動如山 | 第一次看過中華電盤中波動這麼大= = | 抗跌抗漲股 | 跌2元是有股東忍不住賣了去抄底吧XD | 別想騙我賣中華電 去年外資喊90想騙我賣 | 中華有員工信託持股大軍，我就問怎麼跌 | 還好當初買這支 只是最低到108.5有嚇到 | 台泥不是吧...... | 沒撿到108.5的2412我氣到發抖 | ""不動"" 的 ""王者"" 中華電 - 他漲由他漲 他跌由他跌 | 看我心平靜 八風吹不動 | https://i.imgur.com/Sc6WyHC.jpg | 第一次看到那麼震的中華電 | 我的中華電就買108.5大家搶GG我正好可以買 | 50元的中華電你見過嗎？ | 買中華電的人只有領股息才會想到有股票",今天上演大逃殺 無論是咱們航海王 鋼鐵人 沒有一個僥倖躲過大逃殺的 不過在這地方看到了一個 平常萬七也沒在理 就算跌到1400也一樣 悠哉喝著星巴克的中華電信 他今天再度展現了 蛤?大家在逃怎麼的概念 一樣站在那邊 雖然有受到一點攻擊 但是連流血都沒有 有沒有中華電信又展現了他的霸氣 台泥今天也展現出平常漲價沒他的事 跌價也沒啥感覺的FEEL 
[請益] 跟中華電信一樣低波動高配息的股票 100p,2021-05-31,120.0,"中保 新保 | 封測隨便挑一支 | 2890 | 6176啊 | 8422 | 推文XDDDDD | 那為何不就選中華電？ | 0056 | 2420 | 00713 人家名字都說了 | 台泥 天下第一號 | 中鋼特，金融特別股考慮一下 | 期貨股 | AT&T(美股代號：T) | 2886 | 興農，便宜哦 | 3702A | 明明很多... | 對p幣沒興趣啊 | 台新金 | MVOL | 興農 | 增你強 台哥大 | 9943 | 黑松 台肥 台泥 兆豐 興農 中再保 | 當然要穩定都比不上中華電信 | 樓樓上的中再保也不錯 | 不會挑股就選官股金控銀行 華南台企目前位階都不錯 | 美吾華本來也是，但是最近隔日沖進來玩 | 長期持有進場點位階最重要 買股不用追高 | 宏達電 穩定的低 | 2414精技  3213茂訊 | XX金選一個吧 | 持有三年以上 還原股價就會很有感 | 這種主題不是最好找的嗎...隨便估狗就一堆文 | 茂順 | 英業達 | 我真的有收到100p紅包吔，謝謝啦 | 2498 | 台中銀 | reit，樂富1號 | 2633 台灣高鐵 | 1737 臺鹽 | 台中銀好像不錯 | 別看國外 qe讓美元光匯損就快10%了 | 直接中華電信啊 | 阿就中華電阿怕啥 等到5G用戶越來越多eps遲早重返農 | 藥 | 鎰勝 聯強 中華電 | XX金+中華電+台泥 | 光寶科 牛皮到不行 | 股板只推 萬海  長榮  陽明  電子都垃圾 | 台汽電 | 台泥現在波動很大了吧 | 不想買2412 是單支11萬覺得太多嗎 就買零股啊 | 你要5K的中華電 還是5萬的中華電 都有啊 | 永豐金 新光金 開發金。0056則有波段，套牢也會解套 | ，跟指數漲跌。 | 第四行那條件中華電也沒達到吧 太嚴苛了 | 這些推薦都不行巴 他們推薦的 你自己回頭看 | 2000年 2008 , 2012 2020 哪一個不是跌超過30 40 % | 仁寶跟緯創 | 以今年獲利來說,雙泥要選亞泥,台泥只是炒電能題材, | 台泥Q2若還是比去年差,除權後大概就打回45以下了 | 同問 為啥不中華電 | 台灣大 遠傳 | 櫻花建 | 可能買幾百張覺得太多了 他說不想重壓 | 定存股就是要重壓100張以上才有肉啊 | 存那種兩三張的 真的不如鋼鐵航運買一買就好 | 力成 認真 | 潤泰新不錯 殖利率快10趴 | 電子的話，封測很多都是，例如力成，穩到不會動 | 增你強 | 存種花店真的不符經濟效益 | 三大電信 台泥亞泥 | 瑞儀阿 | 金融特別股吧 | 大台北 大台北 大台北 | 台灣高鐵  窮人版中華電信 | 大台北瓦斯 | 佳醫（績優股） | 你直接買種花電信不就好了 XD | 波動要小可能買債券（美國公債）  不然就種花電最穩 | 潤泰新我也推  但股災還是會波動自己斟酌 | 要穩定真的拼不過種花 | 華票 | 00712 | 種花真的很穩，但殖利率年年下降，我已經捨棄他了。 | 股利越發越少但股價卻越來越高 | 00878 | 遠東新 | 聯邦銀甲特，新保，元大期 | 特別股 | 遠傳、好樂迪 | 6189 豐藝 | 打不贏就加入2412 完全跟台股脫節 | 聯華 | 大統益 | 台鹽 死魚 | 中華是穩，但殖利率不高 | 聯華，已經配股配息超過30年囉 | 中聯 | 第一金 增你強 大聯大 湧德 | 沒有，中華官股地位不得動搖，市佔難撼動 | 大聯大特 | 大統益變很貴 | 去年3月到現在高低點落差沒超過2年的股息好像不多 | 新光保全 興農 | 6547 | 力成真的牛 | 中華電還有無腦多的自家持股信託只買不賣 | 台汽電 | 去看高息低波ETF 裡面的成份股 自己做功課選自己喜 | 歡的 | 中華不算高配吧... | 想請教fj彰銀怎麼看 | 收到100p thanks | 我猜是他覺得2412的股價太高,想找低一點的 | 台灣高鐵從36盪到29 太可怕 另一點不看好宜蘭賺錢",問題 定存放不下去了 又不敢重壓單一個股 想請問國內外有跟中華電信2412一樣的牛皮股嗎? 高配息低波動 即使從去年3月低點到現在高低點落差也沒超過2年的股息合計 除了2412還有這種股票或相關etf?國內外都可以 每個有用不重複回答100p感恩 請救救被無限QE嘎空手的定存族 感覺這族群最多 所以下面金融股不給p了 抱歉Q_Q
[標的] 中華電 實聯制概念股,2021-06-01,102.0,"一折簡訊0.7元 | 中華電信130和100哪個比較難 | 要錢就沒人要傳了 | 實聯制業者會照收3元? | 中華電130????那台股可能已經20000+了 | 民眾不用錢，但搞不好政府要出錢 | 不過買這隻也沒啥問題拉... | 誰說民眾要付錢了 | 已有80張求抬轎 | 不是自行吸收？ | 簡訊3塊是搶錢逆 | 電信業者一則簡訊的成本應該不到0.1 | 你不知道簡訊多便宜嗎... | ... | 怎麼不想是WFH概念股 發現網速太慢升速 | 流量不夠升高資費 | 反正交通部也是大股東 剛好回收一點 | 實名制簡訊不是不用錢嗎 @_@? | 中華電有傳簡訊給用戶 需要光世代升速只要回傳Y即 | 會辦理 這也賺不少吧 | 應該是政府補貼吧 總不會叫四大業者做白工 | 簡訊是電信吸收，應該要空吧 | 不是 這隻我是沒在觀察 但是市場已經熱到連這種定存 | 股都開始炒了嗎... | 自行吸收的話 翻臉叫ncc權利金吐回一點 | 獲利應該是會有增加 之前固網死水一攤 WFH幫了一點 | 當初公布政策是說業者自行吸收 | ....空到爆...好啦簡訊其實根本沒成本 | 呃…你知道傳送1922 簡訊不用錢嗎= = | 等你130停利的時候 台股應該破2萬 | 中華電130 我這輩子看的到嗎? | 大家都不用錢 就是電信公司出錢呀 XDD | 實名制是補助還是廠商吞? 這差很多 | 中華電信在業內的特殊地位讓他有這樣的股性 | 補助的話代表只是政府幫你出錢 廠商只是收錢對象改 | 為政府 廠商吞就是廠商自行吸收 | 不過中華電根本定存股 沒差吧 | 就是業者自行吸收啦 新聞隨便找都有 | 先前有噴到125 130應該可以啦 隨便拉三天都會到 | 我猜是種花電信相忍為國自行吸收啦哈哈 | 你知道1922是由電信業者完全吸收費用嗎 | .....可憐 相忍為國 又被政府凹 雖然交通部佔35% | 用一下google找資料很難嗎? | 簡訊很貴 對個體戶來說 | 中華電130 可以在我這輩子看到嗎？ | 簡訊費能有多大的幫助… | 1922免錢 | 簡訊成本超低吧 | 科科 你以為政府會給2412多少補助 | 硬要說，對電信業未來還是投資5g設備比較虧，畢竟69 | 9之後多少人願意辦高價資費也不確定 | 純噓簡訊3元 0.7還嫌多了 | 看看台星玩法，常常有奇怪的網路方案，幾乎通話免 | 錢還送網路，通話時間和流量對電信商成本差異沒那 | 麼大，反而是相對的基地台分佈,導致的使用品質 | 你根本連看中華電股價均線都沒看吧... | google: 簡訊費用由電信業者完全吸收費用，完全免費 | 130其他類股要哀鴻遍野了吧？ | 一根漲停就125了　有很難嗎? 航運每天都漲停啊 | 簡訊要錢？ | 應該是少賺很多吧 | 中華電是要存股嗎.. | 簡訊是電信業者吸收 | 你先問問是吸收還是政府付錢 | 就算要錢,你知道大量議價的簡訊1通多少錢嗎? | 更何況是特許行業,這些重大事件配合措施說不定是標 | 頻譜時就承諾會是屬於義務性配合的 | WFH升速需求強 公司伺服器端頻寬也要升級 | 大家都用台北通了 | 簡訊3元www | 實聯制簡訊不收錢好嗎，老實說，你套了多少 | 沒有人在乎中華電信幾塊 反正他不會漲也不會跌 | 害我嚇到以為要收錢 | 不忍噓 | 中華是賠錢做吧?政府要求不收費耶..除非政府有給錢 | 如果政府沒給錢,則最大網應該最虧 | 中華電要噴高1.除權息行情 2.股災避險 3.有外資公然 | 喊要空死中華電 | 政府也沒要付錢吧 | 簡訊是各電信自行吸收…… | 人家自己吸收拉 你484搞錯了 沒賺錢還倒貼耶 | 幹嘛退場 就一直放著啊 | 笑死 | PO文記得作功課喲… | 我怎記得這東西是業者貼阿== | 沒關係啦，買了再賣損失手續費而已，股價不動如山 | 那個簡訊不用錢好嘛！ | 噓要啥概念，不就放著領股利 | 業者共體實煎，標頻譜來開基地台賣網路已經賺很多了 | 買了不太會動 | 空 | 業者吸收 | 中華電ADR 創新高了 | 沒事 買了領股利 | 亂放假消息桶一桶 | 什麼年代了簡訊還要錢？ | 好中華電信漲停 | 政府案子中華電沒倒貼就不錯了 | 中華電只能聽政府的話，政府現在這種狀況和人民收錢 | ？ | 大量發送，統包，沒那麼貴吧！ | 去買航運賺比較快啦",多空理由不充實 者，板規115或44處份 2.進退場機制若非長期投資，請 輸入停損價 ，否則依板規116處份 3.請依格式輸入內容，未依格式者板規112砍文處份。 標題請使用以下格式：股號.市場碼股名分類 (市場碼：TW US HK CN JP KR...) ex [標的] 2330.TW 台積電 長期不停損多 ex [標的] TSLA.US 特斯拉 馬斯克火星多 按ctrly 可刪除 以上內容。 1. 標的：中華電信 / 電信三雄 2. 分類：多/空/請益/心得 多 3. 分析/正文： 現在全台灣三級實聯制我想就算三級解除實聯制應該沒那麼快取消 一則簡訊3元算好了全台灣2300萬人假設1000萬人都用手機操作實聯制 平均一人至少會去2~4個地方消費或店家平均算3好了一人可收9元 等於9元1千萬人 = 9千萬 扣掉政府補助等等..長期來說都是賺的 4. 進退場機制： (非長期投資者，必須有停損機制。請益免填) 130 停利 100 加碼 105 退場 等六月財報出來就知準不準了 還有一個很重要的現在是政府補助以後沒補助電信業者賺翻 現在不用錢但也要政府補助以後要收錢啊
[請益] 鴻海和中華電那個適合當定存股,2021-06-08,122.0,"0050 | 買中鴻 一次兩個都買 | 鴻海很穩定啊 | 鴻海哪有中華電牛皮...... | mini57 | ....... | 鴻華電 | 2樓XDD 笑死 | 有些大媽會選鴻海 | 2樓八奇思考 | 牛逼 | 2F XDDDDDDDDDD | 你可以問自己，哪一檔你願意持有10年，連五年都持 | 有不了，不要跟我說存股，你只想賺資本利得而已。 | 存股賺的是資本所得 | 單純比董事長年紀我會選2412,郭董之後換誰?有底嗎? | 2樓不錯 | 長榮陽明萬海才適合 | 我選鴻海 有未來題材 殖利率也不錯 中華電就萬年不 | 變 沒什麼可以期待 | 郭董早就交棒給劉董了好嗎... | 臺GG | 海公公 | 前提是你真的要長抱 不要像大部分的人說自己要存股 | 又每天羨慕飆股 | lae大 你那邊還來得及.. | 二樓笑死 | 有哪支股票比中華電牛的~大漲跟大跌都沒他的事 | XDDD | 買中華電 可以安心上班出遊 | 看你還有幾年可以活 | 2F 專業 | 2F XDDDDDDDDD | 台50買姓「台」或姓「中」的，十年來穩定 | 鴻海穩定??這什麼菜鳥評論？回測只看一年？ | 穩定的話肯定中華電啦 | 但鴻海成長性可能高一點 | 第一次聽到有人選鴻海當定存股 | 二樓xdddddddddd | 我以前也買鴻海當定存股，直接碰到減資QQ | 郭董就鴻海定存第一人呀 每年股利70億 | 0056 | 我買萬海 | 你這樣跟要航運跟電子都有就去買海韻的差在哪 | https://youtu.be/5dDDVkW4nhc | 買台積電比較好 | 2F = 我全都要 | 中鴻，秒懂！ | 中華電已超脫定存股，根本就債券 | 0050還可以直接當航海王！ | 中華 穩中之穩 | 中華電 | 2樓笑死 說不定真有人買 | 我的意思是提到鴻海還是想到郭董居多.. | 2F好強 全都要 | 當然是紅茶店 | 二樓計畫通 | 2609 這麼簡單還要問 | 2樓超過100分 | 二樓 八奇的思考領域 | 另外兩家根本不是中華電對手 | 怎麼會有人覺得鴻海是定存股...... | A了ID看了發文 只能說多念點書 | 推2樓 | 大推生技股 好安心 | 二樓天才 | 2F XDDDDD | 大開眼界 | 2樓 厲害了 | 2F專業，只推2014 | 2F 透露太多了吧 | 二樓好好笑 XDDDD | 二樓專業 | 快被2樓笑死 | 中華比臺gg還穩。 | 鴻海存了10年還沒回到成本價，給你參考 | 海韻電也不錯 | 存股台積電不如存股紅茶店 | 2樓 | 上次看到中華電信跌5塊，覺得震驚 | http://i.imgur.com/LXrpUV0.jpg | 中鴻all in | 2樓 救了這篇 不如就選中鴻吧 | 買洋腸 | 2樓厲害 | 二樓笑死wwwwww | 2樓狠角色 | 二樓笑死XDD | 二樓有料~ | 此篇一出 完了  中鴻要繼續被關了 | 鴻海，看168 賺價差：） | 打8折還有134，穩，耐心 | 大驚小怪，一年內漲30幾趴的中華電沒看過嗎？ | 都說是定存了怎麼會去想到鴻海 | 中華電信不期不待，鴻海目前的價位放久也難賠啦 | 痾，鴻海八十幾不買，買三位數是要套多久 | 二樓邏輯怪物 | 2樓救了這篇 | 2886 | 二樓XDDD | 鴻海 168 | 這種問題還需要問嗎 | 二樓好冷 | 大跌一千四百點才看得到中華電出現一下下5%跌幅，誰 | 牛的過中華電？ | 2F XDDD | 笑了XD | 2f真的太神了 | 2F最佳解！ | 媽的就是有2F這種人 害我把股板當就可版XD | 2樓厲害XD | 2樓xd | 中華電阿 你看那少得可憐的法人比 和滿滿的信仰之 | 力 以及穩穩的股利 | 你去看去年3月股災那一個沒受影響 | 五年內，我選台積電 | 選鴻海 | 推二樓 實用 | 推2樓 傑出的一手 | 中鴻最佳解 | 2樓好強 | 2412",兩者股價接近 股息也接近 郭董認真在經營公司 但股價似乎像牛皮股 中華電還有競爭對手 會有人選鴻海當定存股嗎 
[新聞] 中華電：尖峰上網量暴增70% 寬頻用戶半個,2021-06-10,58.0,明天漲停 | 什麼類股都飆過了  該換電信股了 | 明天大漲1塊 | 吃到飽無感 | 我最近4G速度爆慢... | 世外仙股大漲1塊 大盤不知道要漲多少點 | 明天燈 | 最近4G超級慢，頻寬都被吃掉了 | 好啦 反正不動如山 | 每天晚上連海外都卡爆，白天都沒事 | 債券概念股 懂？ | 明天大漲1% | 中華電 漲停 | 明天大漲0.5慶祝 | 明天大漲0.5 | 沒用啦，一樣毫無反應 | 有生之年看得到中華電漲停嗎XDDDD | 利多 後勢看漲 | 5G用爽爽 不用跟低端擠 hehehe | 如果連中華電這種都亮五個紅燈，那就真的最後一波 | 已無反應 | FTTH用起來就是舒服 | 改5g速度差很多 | 覺得有變慢 有人直接分享4G給電腦用吧 | 有生之年，能看到[種花店漲停]，此生足已。 | 中華品質越來越慢 | 4g有夠慢 爛死 | 就是要你換5g啊 | 明天大漲1.5 | 菜雞發問 上一次中華電漲停什麼時候 | 中華電衝起來就準備無限下坡惹 | 明天大漲0% | 推樓主結論，這時覺得父母真的偉大 | 4g真低爛 | 營收加70趴才有用 | 大漲明天大漲0.5塊 | 4g 不夠。  可以換5G喔 | 呵呵 早說了 明天漲0.5 | 而且升速通常就不會降速 加上MOD今年推大禮包 | 果然萬7就是要買中華電 | 中華電漲停還不買爆 | 我只有辦6個月的方案 | 有種讓中華電漲停啊 | 故意卡4G要人換5G | 廢話 不是要WFH嗎 | 明天漲停 | 已反應 大跌0.5 | 上網量暴增  問題是收一樣的錢啊 | 重點是新增客戶啊，上網量暴增不就耗電費而已 | 難怪最近的網速越來越慢... | 2480！ | 已經在車上，等抬轎 | 難怪我有夠慢 | 2412漲停就捐2412給動物協會 | 種花店有漲停過? | 世界奇蹟 中華電漲停 | 誰買的? 不是我~~ | 大漲0.5,中華電：尖峰上網量暴增70 寬頻用戶半個月增逾2.3萬戶 https://reader.turnnewsapp.com/cm/20210610/A04AA4/Q01fMjAyMTA2MTBfQTRfNw2 工商時報 20210610林淑惠台北報導 通傳會（NCC）於9日公布，三級警戒發布後，中華電信光世代寬頻上網用戶數， 半個多月來增加超過2.3萬，其中以300Mbps上網增加11665戶最多，其次是100Mbps 用戶新增約6738戶。500Mbps用戶也成長了4890戶，至於1Gbps的超高速寬頻用戶 則爆量增加343戶。 根據中華電信統計至5月31日，整體上網訊務量相較4月增加了15左右，其中， 尖峰時段的上網量，5月比4月暴增70，尤其TaNET學術網路大多透過HiNet介接 國際大型網站如Google、臉書、Amazon，因為全國學校居家學習，視訊上課帶動 整體網路的頻寬需求及上網量均大量暴增。 中華電信表示，三級警戒實施後，每個家庭同時居家工作及居家學習比例遽增， 且由於升速只需從機房直接調整設備進行擴頻升級即可，不需要到府安裝、特別 受到民眾青睞，但仍有不少用戶原本家庭就沒有安裝寬頻上網，新客戶的申裝量 也增加不少。NCC指出，目前中華電信的平均供裝時間為56天。 另外，1Gbps的超高速寬頻上網申裝量過去申請的案件量不多，但最近也呈現數倍 的增長，並明顯出現在大專院校宿舍及附近的學生公寓，主要因為目前仍有不少 學生沒有回到戶籍地，學生宿舍或出租給學生租用的公寓大樓，出現爆量申請1Gbps 上網服務需求。 根據NCC截至今年第一季的統計，國內整體寬頻上網用戶已突破600萬，其中中華 電信ADSL加上光世代用戶合計約418多萬用戶數，市占七成左右、仍高居龍頭地位。 感想/心得: 真防疫概念股，500Mbps用戶成長4890戶 300Mbps上網增加11665戶 100Mbps用戶新增約6738戶 看來台灣家長為了小孩，再貴的網路、再貴的筆電、平板，都會咬牙買下去哩。 2412今天收盤漲0.5元，收114.5元，成交量3250張，今天外豬倒貨倒那麼大， 怎麼不倒一下2412，想撿便宜。 漲停我把20000p拿出來發給上面所有的人看一人分稅後多少，下面不算。
[新聞] 長榮市值超車中華電 挑戰市值破兆,2021-06-28,58.0,賣書叫主：憑什麼 | 買入長榮 欣欣向榮 | 明天開高走低給你看QQ | 等長榮回檔  250的時候 回檔240就可以出手了 | 長榮的榮 是榮華富貴的榮 | ko榜排名第五了 我看最多第四吧 能超越發哥嗎？ | 剛突破前高 這段漲幅至少180~200元 | 陽明的陽 是三陽開泰的陽 | 長榮有新船，EPS應該會是最好的 | 長榮300就會第二了 當然不可能第一 第一要3000 | 我認真想看長榮300一堆分析師氣炸的樣子哈哈哈 | 303的話市值第二，樓下說有沒有機會 | 金庸都說注意了 就是開盤拉高注意倒貨訊號 | 張榮發老先生真的厲害..... | 超越台塑化要幾元? | 金庸在那裡說要注意長榮的? | 300會超越鴻海 198會超越台塑 | 長榮的榮 是融資融不到半張的榮 | 那些大股東賣股票的全部嘔死 | 前幾篇有發文啦自己爬 | 長榮想上300需要的不是新船下水，而是大量的防空砲 | 聯發科瑟瑟發抖 | 行事曆貼出來了啦 | 長榮新船的威力要Q3Q4才會顯現吧 | 長榮想上300要先脫離萬海的箝制 | 哪時會超過波克夏阿 | 就算金庸說話我也不會太擔心長榮 真的穩 | 在萬海那篇 | 不buy就是不buy | 明天台塑化跌2.5 長榮亮燈就超車了 | 萬海被關一關 限制住 長榮就會逼近了 | 擠進台股前五名 可怕哦 | 賣掉高端換陽明 | 誰在買，外豬洗洗睡 | 國巨之前最強時的排名如何 | 好奇+1 | 國巨有擠進前五名過嗎 | 剛看一下發行量 國巨約50萬張 | 若以當時最高價1160元 市值估算5800億 | 以現在排名大概15名吧 | 未來調到500真的會稱王 | 長榮 即將新船下水，優質航運公司 | 配息會比中華電高嗎？ | 長榮獲利是台股第二名，市值第五名剛好而已 | 長榮300 萬海應該800了 | 長榮：台塑化你等著，這禮拜就叫你退到我後頭。 | 台灣這麼多電子股都賺不贏海運股 | 慘哦 | 照獲利能力的話長榮真的要挑戰一人之下萬人之上惹 | 萬海600長榮300 | 航運這樣下去，早晚變234名 | 一堆科技打不贏跑船的 | 在漲上去，我的股票就囊括市值1-4名了，爽！ | 明天跌停 | 航運三雄要超過台積電的日子不遠囉 | 金庸不就有點錢的路人而已？ | 被關反而漲超兇 | 金庸 股票技術就路人等級，,原文標題：長榮市值超車中華電 挑戰市值破兆 原文連結： https://reurl.cc/En6Ybn 發布時間：2021年6月28日 週一 下午2:01 原文內容： 航運股股價跟著景氣熱度不減，貨櫃三雄市值持續攀高，3檔今天同步亮燈漲停，市值跟 著創高，長榮(2603)市值衝上9000億元，超越中華電(2412)，位居台股市值第5大；萬海 (2615)今天攻上300元，市值達到6654.9億元，一舉超過聯電(2303)、台塑(1301)及南亞 (1303)，擠進台股第10大市值。陽明市值為4368.5億元，排名第19大市值。 航運進入第3季旺季，景氣能見度高，上周運價指數再創新高，航運多頭氣勢不滅，長榮 、陽明及萬海全數漲停作收，收盤價都來到176元、166元及300元，萬海更為首檔300元的 航運股。 這波航運景氣還沒看到降溫情況，不管是航運指數或者旺季效應，都讓市場有相當大的期 待，預料股價創高機率仍大。長榮市值今天收盤來到9189.9億元，接下來市值將挑戰1兆 元，也有望力拚台塑化的1兆335.7億元。 貨櫃三雄市值飆升，在6月18日進入台灣50成分股，也讓連結台灣50指數的元大台灣 50(0050)、元大高股息(0056)、富邦台50(006208)等被動型基金建立持股，進一步帶來支 撐力道。 目前法人給予的目標價，以萬海342元最令市場驚艷，長榮及陽明在200元以上，今天最新 報告約落在208元及203元，隨股價漲勢不停，後續應該還有被持續調升的空間。 心得/評論： 今天沒有賣掉高端... 反正都套著 就放著吧QQ 然後今天工作太忙 盤中才看到漲停 掛176...一張都沒成交是不是 明天要193.5才能成交~~~ 該不會這周會破200... 還是買便宜的陽明? 
[請益] 閒錢放銀行不如去買中華電?,2021-07-12,167.0,"他其實講的非常好 | 存銀行不如存銀行股 | 你來這會被噓 怎麼沒去當水手 | 你不買中華電 也可以看你錢放哪家銀行改買股票 | 本來就是啊 | 我也這樣做~的確是如此 | 穩到靠北 連股價也慢慢北上 | 是滴 不然通膨吃光光 | 定存1% 股息至少也比較多 | 這裡會叫你去當水手 | 中華電鐵的跟石頭一樣，前幾年股市大跌200點他還收 | 紅 | 中華電超過10萬喔 | 每年領過4-5000也爽 | 富邦： | 前幾天 | 這樣本來就是不錯 | 沒啥問題 不然你買八大長老或0050 定存股就那些 | 大盤大跌大漲.他都穩穩的~而且搞不好哪一天就噴了 | 就多幾千塊...本金不大差不了多少 | 現在流行當航海王 | 正確作法 | 你來這邊會被噓 因為都叫你買航運 | 跟台積電一樣~ | 股市大跌只有中華跟鬼一樣不存在 | 中華電殖利率有夠爛，隨便一家金融都屌打 | 中華電就是拿來避險的 | 萬八存中華電跌到八千五都不怕 | 講真的 扣掉緊急備用金 剩下分批買金融OR中華電 | 要殖利率我記得有10幾%的 | 每年9.10月撿金融 隔年除息前賣這樣如何？ | 現在才發現嗎 | 要鐵的跟鬼一樣還是唯有中華電 | 沒錯啊 | 就像債券一樣穩啊 而且報酬率又算高的 | 中華電還沒填息 幫QQ | 中華電就是境外桃源 | 那不如買台積電 季配比較爽啊 | 那不如買銀行股就好了 | 台積配太少啦 | 認真說 正確 | 當然買航運 | 沒有錯吧 爽爽領 然後又穩定 不好嗎 | 比較的 中華電比金融股還是穩太多了 | 如果這筆錢短期兩三年內不會用到，我會買0050 | 正確 5/12台股大逃殺 收盤也有112.5 根本沒差 | 0050就是作價差的 別當她存股了 | 你跟長期放銀行來說的確是沒錯啦... | 請問大家緊急預備金抓資產幾趴？ | 台積電殖利率才多少 == | 0% 我都ALL IN | 有閒錢想無腦的買這支準沒錯 | 我絕對沒說謊 | 可以學arkk把錢先放中華電 | 其實甲特也不錯 | 懷念100的中華電 | 已知用火 | 也是穩到炸 | 說的沒錯啊，我有買一支，有夠穩。不過我覺得近期有 | 點貴，等110以下在賣會比較好 | 存股很多檔可以買啦 好好研究吧 | 很多有錢人,現金多到不行都買這種 | 很合理呀，雖然有更好的存股標的就是了 | 中華電就老人持股有錢人持股啊，根本不會賣 | 目前台積電打混中 0050漲不太動 | 認識的有錢人~他可能投資很多標的~但是一定有一部分 | 便宜他還加碼，怎麼下去 | 打錯字，110以下再買，不是再賣 | 閉嘴，你要害我虧本嗎 | 中華電..大跌大漲 都沒他的事 穩到靠北 | 放中華電~想想1000萬*4%=40萬~一年 | APP都不用看 | 110以下中華店才買....都不知道要多久 | 無腦投資法 屌打定存4-5倍 | 發的越來越少，之後有4%嗎 | 躺在家就有40萬 根本爽 | 確實 國家公園的韭菜不管怎樣都不會被割到 | 中華電2008有跌到50元附近... | 老人最愛 | 不動如山，金融股你除權息後買，隔年損益可以到20 | %、30 %，中華電信的股價就是買完睡好覺 | 超抗跌 | 覺得高點買不錯，反正都要空手不如買2412，當債券 | 有錢應該歐印的 | 其實沒錯 你看去年疫情剛爆發3月中大家跌的狗吃屎 | 的時候中華電才跌多少 穩到一個靠北... 但就是無聊 | 這樣 | 中華電比一堆債券還穩，防禦性第一名 | 五月大逃殺那時候中華曾有跌到108.5 那也是一瞬間 | 好股票  多少買一點很好 | 其實放台哥大也可以，也可以自幹電信股ETF | 金融股 一般年底都滿低的 年底買 除權息前賣 穩穩 | 110以下的2412差不多今年除完息就會出來了啦 | 看哪天電纜被咬光就會跌停了 | 兆豐金啊 | 中華抗不了通膨 還是定期0050好 | 中華電整個比債券還像債券 | 今年要買金金 不要做再種花店惹 | 長期來看 擺定存是真的不如擺中華電信 | 當然買長榮陽明阿= = | 是喔 | 國泰金 富邦金更穩吧 中華電信殖利率一年不如一年 | 傻了才存銀行 | 建議買車王電 現在車用電子夯 當然買車中之王車王電 | 本來就是 錢存銀行會變薄不如買銀行的股票 | 不過中華最近兩年獲利有稍微回穩 | 真的其實沒錯 4%總比1%強 | 放中華電當定存ok，但要關注星鏈發展狀況，不要認定 | 固網或傳統基地台網路永遠不會被顛覆。 | 不然等兆豐30以下也是可以 | 正解。 | 金融股還是會有波動~現在行情好當然說金融好 | 金融還是有系統性風險 中華電跟石頭一樣 | 穩到不行 | 國泰金在疫情發生時~也有跌到30幾~ | 買大盤 | 中華電信真的就是來賺股息的~ | 我也好奇 如果真的有一堆閒錢 該丟哪裡才好 (幫人問 | 買台灣50比較穩，單押個股長期而言還是有風險 | 萬一這間公司出什麼意外不就完了 | 雞蛋不要放在同一個籠子裡 | 個股只能挑大到不能倒的 中華電倒了 台灣大概也完了 | 中華電倒了台灣也倒了+1 | 就算不會倒，但也可能長期衰退，電信公司又不是只有 | 中華電信一家？ | 中華電比較穩+1 同樣都是衰退 0050絕對摔的比中華電 | 重 | 2412可以當配置的一部分啦 | 建議你看一下中華電最大股東是誰...中華電要倒 你乾 | 中華電2019、2020的eps連4.5都不到了 | 0050不會長期衰退，反而是長期穩穩往上 | 92塊的中華電當初只買一張 | 脆點說台灣沉了 | 個股就沒人可以保證會長期穩穩往上 | 4 | 你去哪裡買4%的債券 而且這債券價格起伏不到+10% | 事實 | 買0050跟買2412的出發點又不同 | 去年疫情剛開始大家在那邊大摔特摔的時候。中華電 | 信也大跌了………2塊。從109到107 | 穩得跟鬼一樣、銅牆鐵壁 | 萬八存股 笑死 | 說不定公務員信貸買中華電還是穩賺前提每個月要準 | 備還款錢 | 中華電當債券避險用就好 大部分資金請拿去買0050 | 中華電倒了的時候 你應該也用不到錢了 | 不是才3點多趴 | 中華電現在股價太高，殖利率已不到5% | 說的沒錯 啥時買賣都差不多價 一年不保證 3年以上穩 | 勝定存阿 | 中華電穩就是優勢，隨時需要錢都可以領出來 | 中華電穩到靠北啊，他說得沒錯 | 隨時需要錢，兩個工作天後領出來。不是隨時 | 我選台灣大 | 買放高利貸的，真心不騙，合法地下錢莊。 | 本來就是，中華電信要倒很難 | 是 | 拿0050跟2412比也真是搞笑 | 買中華電 不如買0050這句話我不同意，成長性相對 | 的就會有風險，0050的波動性高於中華電太多 | 以波動率相對低然後配息相對高的兩個條件下去篩選 | 跟排序，中華電信不二之選 | 中華電信輸定存？定存現在利息多少 我怎麼沒看到 | 過？ | 不如買00878 10張一年說不定可以領破萬 | 你完全不想看盤的話真的可以 屌打定存 | 買中華電不如買中華",得刪除 違者41 問題 那天聽長輩在跟我表姊說 你有閒錢存在銀行 不如拿去買中華電領股息 他說存銀行 10萬 一年1%也才1000元，不過中華電過去的股息都還不錯 而且台指上上下下 中華電的股價也沒甚麼波動 很穩 長輩走了之後看的出來表姊有心動 他轉過頭問我 我說我窩不知道QQ 這種做法穩嗎 雖然是閒錢 但錢還是錢阿QQ 
Re: [請益] 閒錢放銀行不如去買中華電?,2021-07-12,6.0,是因為你的內文嗎？我廣告跳AV帝王2。 | 精準行銷 | 講的真好！難怪我每天都一直在抽插，原來我是在看a | 片 | 存股真的心要靜 不然台股崩崩會停損 | 是像看肉片的說純欣賞 手一直動,心才是關鍵 股票買了 可以三個月不去看它 才有一點點資格說自己是在存股領股利 存股還每天開App看股價？？ 這種的就像肉片裡的AV女優 嘴巴明明一直說不要 下面卻一直噴水流個不停 
[標的] 2412 中華電,2021-07-22,58.0,"老人臭 | 不要讓我的持股被狙擊== | 長期投資不停損的好嗎 | 2412就是一條水平線 啥時買都差不多 | 中華電停損 這篇文沒有參考價值了 | 存股還有停損喔 | 中華電100應該是加碼吧 | 這就不用標了好嗎..... | 台股最抗跌神股 大盤被砸到骨折 他只有破皮 | 九十幾買到現在 | 上300叫我 | 最近漲好多 | 中華電信可以被狙擊 我也認了 這隻主力是誰XD | 還在10x元時，不是說電信要降價競爭、沒人用電話了 | ，股價會跌！ | 散戶圖都沒看 停損以後 只會淡出股市 | 幾乎沒辦法撼動的股XD | 中華電信沒跌過 | 縮減QE可能就會100以下了，殖利率比以前差太多 | 這枝買完真的可以刪APP | 你這麼討厭中華電？ | 100停損 還是100歐印 你要說清楚欸XD | 殖利率連4%都沒有實在不知道買這幹嘛 | 大漲1塊☺ | 大概要花一年才填息 | 5/17也才跌到108吧 | 殖利率算+3%,貨櫃1週-40% 要選哪個 | 樓上當然選貨櫃-40%的，彈起來隨便都超過10% | 快填息了 每年都這樣演 | 買這隻幹嘛停損 | 水手靠中華電撐維持率嗎？ | 中華電我進股市以來唯一支買了不會跌的 | 108也是碰一下就回去 | 光看到停損就可以給噓了 | 100要歐印！ | 成本100，5張，股息拿來付每年電信費剛好 | 中華電有人在停損的嗎？ | 大盤跌到8千點也看不到100吧 永不停損了 | 種花店，明天要漲停了!!! | 低調 | 2412沒有人在停損的啦 | 這隻主力就政府跟超猛員工持股信託啊  誰的財力能 | 撼動？前陣子有外資喊崩也是吃一臉灰 | 去年一度跌到103.5，但很快就回升，真的是存股好 | 標的 | 看這隻的日k會以為是哪支股票的一分k | 這支我在2009-2019存股，後來殖利率下降就換股 | 這支2016以前常在100以下 | 2412不是不會跌耶..真的跌下來也是好幾塊 | 真要買113.5就要買 https://i.imgur.com/AJVKf1S.jpg | 你大盤如果回測17000，2412至少跌...2元吧 | 真正死亡心電圖 | 中華電一百一定加碼買爆 | 這支是抗跌，2008股市大跌時這支只跌三成多吧 | 這隻外資也沒法撼動啦 看看才占多少 | 水手一天漲幅都屌打這支 | 沒空 | 停損 應該要寫 Book能！",1. 標的：2412 中華電信 2. 分類：多 3. 分析/正文： 為什麼要買中華電？ 這禮拜就告訴你原因了 廣大心靈受創的水手 嚇到的都會來買定存股 說到定存股 最穩的就是2412 雖然說不會飆 但很多水手來買 12塊還是有的 4. 進退場機制： (非長期投資者，必須有停損機制。請益免填) 停利：等受創的心情平復 停損：100 （硬要填就填大盤跌5000點都看不到） 今日收盤116 達到全年最高點
[標的] 2412 中華電 突破前高!,2021-07-29,57.0,這個停利跟停損不如別打 | 明天漲停 | 可以 | 會買這支的根本不用看股版 一年不看盤都沒差 | 五月股災 我賣了中華電買其他 現在都賺翻了 | 上看123 | 定存概念股不需要來ptt吧，恭喜 | 買這支可以把軟體刪掉 每年8月等領錢就好了 | 這檔會停損的都是什麼人 | 中華電不是115嗎 竟然116了 大漲一元 可喜可賀 | 好猛 | 中華電就防禦型股票 大崩大漲都沒他的事 | 這檔我都當銀行   有錢就存  沒錢就提款 | 中華電下市台股也差不多倒了 | 真的不動如山 | 今天115好像有四發499 看不懂XD | 明天大漲0.5 | 中華電信這輩子知道什麼叫做漲停嗎？ | 世外桃源 | 記得有一次XXXX調整有尾盤漲停  雖然隔天就吐回了 | 中華電漲停的話 大盤不知道會跌成什麼鬼樣 | 買這檔超爽搭 都睡到自然醒 完全不用看盤 | 抗漲抗跌神股阿 | 中華電反應的就是利率、通膨...有可能換存股要漲 | 這檔差不多都股利前漲一波 發完後回水平線 | 中華電：編制內體制外 | 訊號爛到爆，客服等到爆 | 配息年年下降，不算是頂級的標的 | 漲真多 | 20張不賣 奇蹟自來 | 站穩前高頸線回測又守住，一定噴！！ | 除息前，上看120 ↑↑↑↑↑↑ | 這隻不就自己存款，買股買到沒錢就找他提款 | 它也默默漲了7% | 通膨概念股 | 加一元停利 減一元停損 | 高點買中華電，滾啦 | 來亂的膩 | 這個股票不是當銀行用的嗎 | 來亂的 | 避險概念股 | ....這也能當標的 | 中華電債券 | 萬8存中華電領股息 跌破萬點賣中華電買飆股 | 這支除息前會漲一波 | 笑了 | 明天大漲0.5元吧 | 我買了10年 都沒看他 給你參考 | 拜託不要來亂~ | 很可怕 漲到中華電信是不是最後一棒了 | 都忘了有買這支 | 大漲0.5，然後隔天大跌0.5，大起大落好可怕啊 | 奧運mod | 買遠傳爽爽 | 可以XD | 傳家寶概念股，沒在停損的，好嗎？ | 奧運轉播概念股,1. 標的：2412 中華電 2. 分類：多 3. 分析/正文： 基本面:不多說了就是中華電 技術面:突破前高116 多頭排列等待上攻 籌碼面:投信外資連續買超 今天大漲0.5元 過前高了技術面籌碼面完全沒問題沒理由不進場了吧 配息穩定 進可攻退可守 4. 進退場機制： (非長期投資者，必須有停損機制。請益免填) 停利:問我孫子 停損:下市 
[新聞] 戴資穎李智凱東奧摘銀 中華電平台375萬人,2021-08-02,42.0,已反應 | 不是吧。這樣也算利多消息？！ | 中華電每年都是一路漲到除息前一天  不意外 | 只記得安博 有沒有安博概念股 | MOD的奧運畫質真的讚，雖然我沒在看奧運，但搞不懂 | 有錢人連這種錢都在省是省什意思的？ | 奧運 世足年 新訂戶開機數就會增加 | 我朋友在中華工作說錢都被奧委會收走啦 沒什麼賺頭 | 支持正版 | 就權利金太貴 沒賠就不錯了 | 免費仔也要支持免費正版 | hami video兩個月19元爽爽看 | 支持正版，用盒子的吃屎 | 應該是實聯簡訊制的收入大增吧~~ | 一篇一根  疑？ | 東森收視率也是爆炸高 | MOD推一個 | 但是昨天一開賽真的太卡重登完全登不進去～出現錯誤 | 但是愛爾達的講評專業很多～所以就算了～有用心 | 愛爾達也有股票 沒人愛而已 | 可悲身價好幾億結果連200或者mod都簽不起來 其實運 | 動界的人更要愛爾達的 轉播賽事算很全面了 | 花錢支持愛爾達 不如當它的股東 | 支持買中華電 | 昨天真的超卡 | 安博要是有股票早就是台灣網飛了，本益比1:100000 | 支持愛爾達就買台達電就好啦，母集團 | 支持正版、不要說謊 | 原來愛爾達母公司是台達電 今天才問同事沒人知道 | 我有貢獻19元hami | 原來是台達電啊 今天才知道 | MOD最大問題是沒有TLC頻道 | 全台灣都在看 | 樓樓上 有啊 | 加上安搏不知有多少 | 就飯飯嘿壬，那麼有錢，還愛用盜版，人民幣賺那麼多 | 越來越討厭這對假面雙人檔了 | 我怎麼用的是HAMI 99/月QQ | 就一日行情 | 這麼便宜還要盜版 | mod+1,原文標題： 戴資穎李智凱東奧摘銀 中華電平台375萬人收看創新高 原文連結： https://www.cna.com.tw/news/aspt/202108020231.aspx 發布時間：2021/8/2 17:29 原文內容： （中央社記者吳家豪台北2日電）羽球世界球后戴資穎和體操好手李智凱昨天分別獲得東 京奧運羽球女單和鞍馬銀牌，在兩人加持下，中華電信旗下MOD、Hami Video平台一舉刷 新轉播收視紀錄，雙平台總計有375萬人收看。 根據新媒體業者愛爾達統計，戴資穎金牌戰的MOD平台收視率高點逼近20，締造新紀錄； OTT（串流影音）服務ELTA.TV最高在線人數近40萬人。 7月31日至8月1日中華隊比賽期間，大量民眾下載Hami Video App，連續10天蟬聯蘋果 App Store下載數第1名。東京奧運開打至今，Hami Video新增付費用戶數近20萬戶。 在東京奧運開賽第8天，Hami Video總瀏覽量超過2 億次，改寫新高；昨天戴資穎羽球女 單金牌戰，帶動Hami Video單日最高流量衝破2000萬次。 戴資穎昨天在東奧羽球女子單打金牌戰歷經3局苦戰，以18比21、21比19、18比21惜敗世 界排名第2的中國名將陳雨菲，雖然與隊史首面奧運羽球女單金牌擦身而過，但仍為台灣 奪下首面奧運羽球女單銀牌，同時刷新自己過去兩屆奧運16強止步的成績。 昨天體操鞍馬王子李智凱和戴資穎接連出賽，愛爾達電視體育頻道收視率翻倍成長， 每個年齡層收視率平均都在5以上，戴資穎羽球金牌戰的MOD收視率高點逼近20，締造新紀 錄。 愛爾達旗下OTT服務ELTA.TV的在線觀賞人數從昨天傍晚開始增加，李智凱的出賽締造第一 個收視高峰。昨天晚間8時後，在線觀賞人數大幅增加，戴資穎羽球女單金牌戰時段最高 在線人數逼近40萬人，遠高於4強戰約18萬人。 也因為台灣選手的好表現，昨天ELTA.TV網站單日總瀏覽數超過1300萬次，是東京奧運開 幕以來最高的一次；ELTA.TV瀏覽數累計7600萬次，有機會在奧運結束前突破1億次。（編 輯：楊蘭軒） 心得： 這大概是外資今天大買中華電的原因了 2412也大漲1.5元 記得支持正版 不要去用什麼安博盒子...XD 
[情報] 中華電信Q2 EPS 1.15,2021-08-05,78.0,"明天大漲0.1%慶祝 | 不敗傳說要破滅惹嗎 | 該不會是實名制利多？ | 除息前上看125↑↑↑↑↑ | 明天中華電漲停 | 這根本飆股的形狀 | 簡訊費吧 | 飆起來 | 最近開飆的感覺 | 明天鎖漲停 | 每天漲0.5 | 中華電 本益比給幾倍合理? | 我剛賣台灣大他就衝上天 | 不如買中國移動 黨贏企業 | 上看125塊 | 實名制簡訊? 賺好幾E | 明天漲0.5 | 優於預期 明天井噴 | 已反應 | 中華電漲停，那畫面太美了 | 噴噴 | 哎呀 我還沒買 | 台灣大狂噴 嘻嘻 | 好啦 大漲0.5 | 中華電漲停我絕對清空持股xd | 穩中穩 菜雞我等三年 沒等到100以下 | 低調好嗎 不要買 | 上看150 | 連中華電都可以賣了就漲 哭啊 | 噴爆 大漲0.5 | 暴漲0.5慶祝 | 大漲一塊…大跌也是一塊= =+ | 問一下定存中華電的都有幾張，近年還有加碼嗎 | 要漲停了!! | 2412都有月結啦，大家都知道Q2 BTAX 1.475元/股 | 現在這樣漲，大概是除息行情和ARPU愈期上升行情XD | 實名制扣維運成本 利益貼水而已 | 現在是奧運MOD戶數增加行情 | 可以跌一下嗎 現在好貴 | 就外資不願意抬轎，就買慘戶不愛的中華電 | 比確診數還穩 | 電信營收觸底反彈，加值服務和MOD、固網業務持續增 | 長，市話衰退已漸漸不再威脅財測，近年老人大退潮 | 外加明年組織轉型頗有轉骨意味 | 鬧，買110以上中華電根本不喜歡自己的錢 | 想太多了啦，就外資不願意買破線的電子垃圾，只好買 | 電信股了 | 拉完這波中華電大概又要110以下躺好幾年了 | 明天再大漲0.5！不要不信 | 樓上好喔  我明天空十張種花 | 基本上1.1就符合預期了,全年4.3~4.8左右就可以了 | 滿是慘戶的三貓航運三雄跟肛門，業績再好都只有反彈 | 一天後繼續殺 | 這支也是每天開門賺一億的那種,所以也是景氣循環股? | 種花越來越辛苦了，這什麼爛殖利率啊 | 一直買中華電，大盤真的要當心了，尤其這波反彈無量 | 可是每年配息一直在減少，已經不是好的定存股了 | 看下禮拜金融有沒有要點火，金融也是一日反彈，那大 | 盤可能真的要gg了 | 存股用的在那邊買什麼110以上 | 明天大漲0.5 | 這支牛動的起來嗎？ | 噴 | 只要在來個蔡力行般的董座  還不飛天 | 明天爆噴0.1後收平盤 | 要是我有幾個億大概也只敢買中華電 | 買中華電 不如定存 廢到笑 | 上看125！大牛這幾日爬很快說 | 7月初早就自結了吧 | 中華電類似債券丶定存 | adr已經噴了好多天了 | 委屈了 | 疫情關係吧WFH固網 MOD全包餐 小朋友看卡通媽媽看劇 | 台灣大也漲好幾天了 | 明天大噴0.5慶祝 | 中華電以前會在股市跌前漲，因為法人來躲避風雨 | 臺灣大 | 金融下週有一波除息 除完開跌",1.財務報告提報董事會或經董事會決議日期:110/08/05 2.審計委員會通過財務報告日期:110/08/04 3.財務報告報導期間起訖日期(XXX/XX/XX~XXX/XX/XX):110/01/01~110/06/30 4.1月1日累計至本期止營業收入(仟元):99702130 5.1月1日累計至本期止營業毛利(毛損) (仟元):36750983 6.1月1日累計至本期止營業利益(損失) (仟元):22386668 7.1月1日累計至本期止稅前淨利(淨損) (仟元):22785290 8.1月1日累計至本期止本期淨利(淨損) (仟元):18391091 9.1月1日累計至本期止歸屬於母公司業主淨利(損) (仟元):17752472 10.1月1日累計至本期止基本每股盈餘(損失) (元):2.29 11.期末總資產(仟元):517759939 12.期末總負債(仟元):145100892 13.期末歸屬於母公司業主之權益(仟元):361222414 2020 4.31 21Q1 1.14 21Q2 1.15 0.8% 12季以來最佳獲利 難怪本週大漲3元 總是有人早知道 
[心得] 航運的成交量只有中華電可以比,2021-08-13,30.0,咕嚕咕嚕的人太多了，他們根本忘不了 | 謝謝你 多發幾篇  剛漲了 | 咕嚕咕嚕 | 買航運下一個景氣循環要十年之後，他們怕死了 | 阿明衝啊 | 我愛中華 我愛中華 中華悠久~ | 記得不要自刪，你五六月常常自刪最近比較有自信 | 營收一直破表的公司要怎麼讓人無視？ | 海上冤魂那麼多 怎麼可能忘記 | 咕嚕咕嚕 | 可是一個城牆會破，一個不會啊 | 拜託你再發文 | 你為什麼要這麼著急呢 | 連對岸遊戲都能跟上時事 | https://i.imgur.com/95WMyUP.png | 電子拖累大盤 | 你是不是賣在阿呆股轉職航酸？ | 我也好想遺忘海運 可是營收太好了耶 讓人忘不了 | 鄉民: 主力怎麼可能拉上來給韭菜解套 | eps30但是股價130，檯面上沒有啊 | 不要再自刪啦 | 廢文咖 | 別再當航酸了 這週給電子表現 結果撐不起來R | 咕嚕咕嚕 | 還當水手啊～換股才實在 | 你沒有發現最近航運文有變少趨勢嗎？因為自己的股 | 票也跌，早就沒心情當航酸了 | 直接把電子本吹得多好，那些聲音全部消失了 笑死 | 甚麼時候中華電成交量大了... | 發文是要水手大家救救你的華泰嗎,中華電在上下二檔每天掛千張成交量 航運二雄則是每一檔都是千張成交量 共通點 百元股 股本大 成交量大 請問你是主力你想的是拉還是撐？ 説真的航運慢慢盤跌讓大家慢慢遺忘他 對大家才是最好的 
Re: [請益] 存股族中華電信和ETF(0050)該選哪一個?,2021-08-25,22.0,"正解，另買0050還能當水手 | 0050 景氣燈號 | https://youtu.be/UrDMPyhiOp0 | 都買一點分散風險不行嗎？ | 中華電就是穩定 0050風險比較大，去年跌到8千多沒 | 中華電的事 | 下一篇，買0050不如買2330 | 買2330又不如買航海王 | 空頭買2412,多頭買0050不就好了 | 哥 不買個股 | 中華電信有一特性 除息前都會漲一波 | 0050定期定額就對了~~~ | 推 | 我是覺得退休前0050，退休候選高股息，簡簡單單 | 當然你退休後還是可以0050，但是要賣的時候可能會遇 | 到波動，那就不如高股息較穩定的現金流 | 不知道這樣理解對不對 | 應該是赚股息生活費的部分中華電 , 其他0050 | 中華電貼息耶~~ 有夠遜~~ | today股市大漲哦!! | 0056無論股價還是股息也是隨市場波動阿，熊市大家 | 一起囧，沒有誰能逃過。",網誌連結 (要看圖再點) https://ethanbloggg.blogspot.com/2021/08/0050ptt.html 我是強烈建議0050啦。基本上存股就是只進不出。換句話說你平常並不靠這筆錢吃飯、花 用。在這樣的前提下要考慮的就是長期年化報酬率與風險。而風險不在於波動 而是在於 永久損失資本的機率。這兩個標的長期下來(我指十年以上)要永久損失資本的風險趨近於 零，但是報酬率0050一定會勝出。 以歷史績效來看0050基本上是碾壓中華電信。就算撇開歷史績效不談，我們也可以合理推 論0050績效一定會比較好。中華電信雖然有寡佔優勢與特許經營的護城河，但是成長空間 實在有限，再怎麼做就是台灣之王。它唯一的優勢就只是長期現金流穩定而已，而且因為 產業趨於成熟，我認為現金流的成長率只能勉強退抗通膨而已。 0050則是包含台灣前50大規模的公司。這些公司雖然有些已經處於成熟期，甚至是步入衰 退期，但仍有些公司仍是屬於成長期，再怎麼樣想比同樣是成熟期的中華電信好。 接著來談波動。許多人都會說0050波動很大，所以不適合年紀大的人存股。其實這句話我認 為並不精確。因為這並未考慮到長期持有的時間因素。類似0050這種ETF幾乎與大盤指數 連動性都很高。也就是說我們可以從整體股票市場的波動來看待這個問題。長期投資股票 市場會有個特性就是波動性隨著持有時間降低。下圖是美國1802年到2008年期間，股票市 場報酬率在不同持有時間下的波動性。從圖中可以看見，如果只持有一年，波動會高達 36%。然而如果持有5年以上，波動只會剩下15%，而且幾乎不會賠錢。要是能持有超過十 年，則勝率超過100%，而且波動會只剩下8.8%。更長時間我就不說了，因為這時候很多人 就會跳出來說我又不一定會活那麼久。但我想對大多數人來說都是可以期待的。即使是剛 退休的人應該也不會認為自己活不過十年吧。就如同John Bogle說的，投資人不應該低 估自己的時間架構。即使自己退休後必須要仰賴自己的資產來生活，投資壽命也都會超 過五年，甚至更長。事實上，我認為台灣人更有資格做退休後的長期投資，主要的原因是 因為台灣的勞退制度其實相比美國真的好太多了。美國政府是不會強制企業幫員工存退休 金的。台灣一個正常上班，領取中位數薪資的勞工只要做完法定年資，搭配穩健的股票投 資計畫，基本上退休生活都不會太差。不過說到這些就扯遠了。 總結來說，我認為存中華電信不如存0050，而且不需要太過擔心波動。堅定的持有5年以上 ，報酬率波動自然會變小，報酬率會逐漸趨於穩定。 : 中華電信： : 殖利率近4%，股價不太動 : ETF比如0050： : 10年回頭看，平均殖利率保守估5%，樂觀估10% : 存股另一個重要因素是穩定不會倒 : 理論上兩者應該都不會倒，倒了大概台灣也完了 : 但硬要比，理論上0050應該比中華電信更穩 : 所以單論中長期存股，0050似乎勝出中華電信 : 但如果這樣的話，為什麼還是有人存中華電信呢？ : 謝謝 0050已經夠分散了 不是呀 你要是抓得準又何必買2412 你就多頭買0050 空頭放空0050就好啦
[新聞] 《通信網路》耀登攜手中華電 搶O-RAN門눭,2021-08-25,22.0,要燈 | 不賣加買 | 不賣+買 反向加碼 綿延不絕 | 咕嚕咕嚕 | 不賣加買 | 大戶倒的票 我們散戶通通接起來 有多少接多少 | 又要炒了嗎 | 上看一萬 | https://i.imgur.com/L38FzUE.jpg | 股本才多少大家散戶都買一張不賣，給大戶好看 | https://i.imgur.com/lncjQOQ.jpg | 耀登要帶領中華電當飆股嗎 | 要燈了 | 耀燈的燈是綠燈的燈 | 不賣加買 千金股 | 2412大漲0.5 | Steven概念股 | 買耀登天天燈，不是紅燈就是綠燈 | 這支在山頂的只有一個慘字 | Oran業內都知道只有台揚有搞頭== | oran有搞頭? | 今天開盤秒紅燈 怕～,1.發文前請先詳閱[新聞]分類發文規範，未依規範發文將受處份。 2.連結過長請善用 https://bit.ly/ 縮網址，連結能不能點擊者板規122處份。 3.心得/評論請盡量充實，[m心得過短或濫竽充數將會以123一行文規範水桶處份 4.發文請依照格式文章標明段落，不符合格式者依41刪文處分。 以上注意事項 得刪除 (請勿刪減原文標題) 原文連結： https://ctee.com.tw/livenews/aj/chinatimes/20210825004781260410 (請善用縮網址工具) 發布時間：2021/08/25 17:25 (請以原文網頁/報紙之發布時間為準) 記者：時報記者王逸芯台北報導 原文內容： 耀登(3138)集團傳出捷報旗下耀睿實驗室成為全球第一家榮獲ORAN Alliance認可為Open Testing and Integration Centre (OTIC) 的第三方公正實驗室，同時也是全亞洲唯一的OTIC實驗室，於今(25)日協同重要策略夥伴中華電(2412)共同舉辦揭牌儀式。 根據SCF market status report預估，到2026年全球5G小基站數量將達2000多萬台，到2030年專網相關設備規模將可達180億美元。日前ORAN聯盟總部的全球五個合格OTIC實驗室，除耀登集團的OTIC實驗室外，其餘四家都隸屬於歐洲四大電信商，身為全球第一個獲得認證的第三方實驗室，耀登瞄準全球各大網通廠的5G白牌基站，提供全球唯一ORAN(國際開放網路架構組織)聯盟認可的第三方實驗室檢測認證服務。 耀登董事長張玉斌表示，全球ORAN風潮是台灣產業轉型契機，耀登身為5G國家隊一員，旗下的耀睿實驗室能被ORAN Alliance認證，將有助於台灣打進全球5G行動基礎設備市場。他表示，與中華電信合作，可望加速5G開放網路系統整合速度，為網通業者提供安全可靠的測試環境，有助於5G網路佈建及產業數位轉型，具體落實政府亞洲矽谷計畫政策目標。 以往行動網路設備多依賴大廠提供，當5G開始導入ORAN架構之後，過往這種被國際設備大廠綁死的情況可望被打破。中華電董事長謝繼茂也表示，與耀登集團攜手合作亞洲矽谷5G開放網路整合驗證計畫，期望進一步提升國內5G開放網路系統整合能量，為國內網通業者提供安全可靠的測試環境。 耀登強調，ORAN產業將加速台灣通訊產業鏈走出純代工市場，旗下耀睿OTIC實驗室定位在第三方公正實驗室，可提供一致性測試、互通性測試、以及端對端測試，為企業提供可靠、經濟有效且一致的測試環境。 耀睿實驗室為亞洲唯一獲得ORAN聯盟認可的實驗室，認為在台灣5Ｇ發展戰略上有重大意義，不僅幫助台灣5Ｇ國家隊拿到關鍵門票，更可助攻接軌國際供應鏈。 心得/評論： 5G毫米波的時代要來了嗎 不賣加買準備重返榮耀 救救518T大學長QQ Sent from JPTT on my iPhone 
Re: [請益] 存股族中華電信和ETF(0050)該選哪一個?,2021-08-25,6.0,0050 景氣燈號 | 2412應該都是110... | 買台中銀 | 推這篇 | 中華現在是除完才110，前一陣子高點都118了 | 看空幹嘛買中華電?一放10年喔?,: 中華電信： : 殖利率近4%，股價不太動 : ETF比如0050： : 10年回頭看，平均殖利率保守估5%，樂觀估10% : 存股另一個重要因素是穩定不會倒 : 理論上兩者應該都不會倒，倒了大概台灣也完了 : 但硬要比，理論上0050應該比中華電信更穩 : 所以單論中長期存股，0050似乎勝出中華電信 : 但如果這樣的話，為什麼還是有人存中華電信呢？ : 謝謝 穩定度 中華電 >> 0050 成長性 0050 >> 中華電 要買哪一隻 也是要看多空的想法啦... 雖然說已經要存股了 還看多空有點奇怪... 但股價基本上是這樣 中華電 0050 漲到 20000 115 155 17000 (現在) 110 135 跌到 14000 105 115 如果你看多 就買0050 如果看空 就買中華電 雖然說存股不用看指數 定期定額即可 但真正能做到的 又有幾人? 
Re: [請益] 存股族中華電信和ETF(0050)該選哪一個?,2021-08-25,11.0,台股還原權值早就三萬點 | 其實大家都知道這個觀點 | 但沒有人願意做 | 因為大家只願意用100元賺到100萬 | 異想天開的人很多 | 幻想一夕致富的人比比皆是 | 巴老說道瓊遲早上10萬，不如投S&P500 | 其實我都買，現在指數高點，買2412避險 | 看年紀啦 你可以十年不賣就0050 年紀大或非閒置資金 | 中華電信不會讓你賣在低點 | 兩萬? 你有生-年可能看不到....,: 中華電信： : 殖利率近4%，股價不太動 : ETF比如0050： : 10年回頭看，平均殖利率保守估5%，樂觀估10% : 存股另一個重要因素是穩定不會倒 : 理論上兩者應該都不會倒，倒了大概台灣也完了 : 但硬要比，理論上0050應該比中華電信更穩 : 所以單論中長期存股，0050似乎勝出中華電信 : 但如果這樣的話，為什麼還是有人存中華電信呢？ : 謝謝 0050 跟大盤連動性很高 這點應該沒甚麼問題吧? 如果你相信台股長期向上 終究會破2萬點 甚至3萬點 那你就選0050 如果你對台股沒甚麼信心 覺得2萬點是放屁 沒有8500 3955 小朋友才買個股 那你就選擇中華電信 大概是這樣 
[新聞] 耀登、中華電信聯手 全球首座5G開放架構,2021-08-26,39.0,"樓下steven | 要燈沒在唬的 | 亂碼 | 不賣+買 | 不賣加買 | 不賣加買 | 不賣加買 | 一張不賣 奇蹟自來 | 反向加碼，綿延不絕 | 漲到爆 不到1000不停 | 重返農藥了嗎 | 明天還不快漲停買 | 要燈沒燈，忘紅不紅 | 不賣加買 | 什麼千元 當初目標是當台股第一支萬元股! | 種花有人在賣的嗎 不是都留給子孫 | 散戶一起收集籌碼 讓大戶高價買回 | 我現在一年就買2412大約2~3次,看到不錯的價位就進了 | 每次大概250-1000股 | 妖登的登 是紅燈 | 要噴了 | https://i.imgur.com/dVT03uc.jpg | 這檔垃圾又在騙 | 名字取對了  一切都對了 | 要紅燈 | Steven Hsu還在躲啊 | S大早就改名+刪除舊文章了 | 目標一千 | 跟ptt反著做 這隻可以買了？ | 買阿~~ 請幫我抬轎 | Steven出來XD | 炒起來 | steven跟林媽媽是親戚吧 | s大完全就同學會的教科書 | 當初勸世的都被嗆爆 | 哈哈哈 梗圖 好笑 | 上看10000 | 史蒂芬許的帳號找不到了 | 改名而已",原文標題：耀登、中華電信聯手 全球首座5G開放架構第三方實驗室就在台灣 原文連結： https://www.mirrormedia.mg/story/20210825ind006/ 發布時間：2021.08.25 20:28 文/ 唐子晴 原文內容： 電信商要擺脫愛立信（Ericsson）、諾基亞（NOKIA）等巨型網通業者長達數十年的綑綁? 根據市調機構SCF market status report預估，在2026年，全球5G小基站數量將達2000多? 但是，在開放架構尚未純熟前，不同廠商的不同設備若要能順利運作，互通測試成了目 就在今（25）日，耀登集團旗下座落在桃園青埔的耀睿實驗室正式對外亮相，不僅獲得 以目前來說，ORAN聯盟已公布全球共計有5個合格的OTIC實驗室，分別坐落在德國、義大利、西班牙、法國，且皆由電信商主導，耀登科技董事長張玉斌透露，在這些實驗室中，電信商的目的是為測試自家設備、自家網路而生，但由耀登主導的第三方實驗室，則是開放不同業者都能前來，讓設備可互相介接，若其中一端異常，可立即更換為另一家廠商設備，進行互通互連測試。 因為是我們是第三方，除了希望能透過實驗室做出全球第一份5G開放架構研究測試報告外，未來也會發放證書給通過測試的廠商，讓他們有更好的立足點與各大電信商洽談合作談起協助台廠接軌國際供應鏈的願景時，張玉斌說道。 據了解，截至目前已有1112家台廠前來測試，包括廣達、仁寶等電子五哥，以及中磊、啟基等網通大廠，都積極地搶食5G開放架構大餅。 中華電信董事長謝繼茂也出席記者會現場，並表示正與耀登集團攜手合作亞洲矽谷5G開放網路整合驗證計畫，協助本土網通業者自主研發設備。 該計畫分為兩階段，在第一階段中，耀睿實驗室負責網源測試，並進行資安評估；第二階段，中華電信研究院則在桃園楊梅及高雄，進行端到端的場域測試。透過兩階段測試提供專業5G開放網路設備驗測服務，加速國產設備發展進程，提升關鍵技術自主能力，進而促進5G創新應用服務發展。 心得/評論： 今天ㄧ開盤強勢紅燈連買的機會都沒有 是不是真的要強勢上千元了 耀起飛了嗎？ Sent from JPTT on my iPhone 
[新聞] Starlink牽手中華電最快2022年登台！,2021-08-30,204.0,"買爆中華電信 | 不大懂,starlink本身不就ISP,跟中華有啥關係? | 設備放中華,從中華下車? XD | 費率是多少 | 中華電要漲停了嗎？這絕對是世界奇觀 | 有生之年系列 | 台灣訊號那麼好,如果合體誰沒事會加購...  = = | 1. 有錢人 2. 登山客 | 中華電1000 | 跟中華合作衛星會被鯊魚咬吧 | 5g要涼了嗎 | 中華電to the moon | 台灣走的到的地方幾乎都有訊號了 有需要這個的沒幾 | 個吧 | 新聞出了 該脫手了 | 一堆登山客都會買,身邊已經有人預購天線了,這個買了 | 台揚已漲幾天了 | 2412準備漲停板！？ | 之後登山的(社會)成本會大幅降低,不知是好還是壞 | 國內航線全面無限wifi？ | 星鏈目前還是要靠地面收發站做中繼 | 就算所有星座間已部署雷射通訊 還是需要地面站 | 台灣的網路覆蓋率太高 這個幾乎沒啥用 | 推 但整個運作基本跟中華沒扯上啥關係阿XD | 資料中心吞吐不可能靠那個民用碟盤 | 星鏈雷射星座搭起來延遲會比海纜低很多 | 有低延遲垮洋需求就很實用 | 水手需要 | 以後在玉山頂峰開1080直播就不是夢了 | 最多就是設備統一從中華出去 | 只要能連上LEO衛星 有電接碟盤就能高速上網 | 台灣覆蓋率高但靠北基地台的人也很多 | 用這個就不怕基地台被拆光了 | 中華電也開心到爆 不用鋪光纖就能租網路給用戶 | 這個東西就是未來 以後全球氣象預測能直接上升檔次 | 另外 2412不可能飆上天 這個對他沒啥轉頭 | 還不用維護光纜 根本超爽 | 你大洋大氣都丟這種小型接收器 想想就很猛 | 不太懂 感覺類似wifi 是否會受天氣影響？ | 中華難得有正確的投資 | 會 像是雲層就能干擾 | LEO是超高頻通訊 氣候影響比地面通訊來得嚴重 | 相對遇颱風等級天災損害基礎建設 重建速度就快多了 | 以後登山帶iphone就好 不用多帶一支衛星手機 | 就是把碟盤裝回去而已 線路不用重拉 | 碟盤需求95W 目前手持設備功耗還沒辦法跟LEO通訊 | 噴上太空概念股 | 勿忘當年太電銥計畫 | 目前你還是得有獨立的供電才能用星鏈 | 不用鋪光纖就能租網路給用戶開心的絕對不是中華電 | 2412 繼續盤 | 這東西如果好賺,其它家競爭對手絕對會想分一杯羹 | 然後中華電就又要被政府恩吸吸kobe | 問題是目前能每週打上60顆衛星的只有馬哥哥 | 藍色起源光火箭就落後2年了 | 好 買美股Tesla | 以後吵要補助金的地方 網路改接Starlink啊 | 關鍵字：耀登 | 同欣電要出貨了 | 一些偏遠山區小社區就不用搞固網啦 | 就手機基地台骨幹網路改走Starlink 不用自己拉啊 | 中華電大漲0.5元慶祝 | 偏遠地區建基地台都馬賠錢 但是法規有涵蓋率要求 | 法規規定好像不適用台灣大遠傳那些厚? | 講沒用的 你來外島試看看 | 海上 山上 吧 | 為什麼要跟中華電合作 | 鄉下離島好用啊 | 這個要line of sight 所以城市的表現會比4g/5g差很 | 多吧 看起來就是基礎建設不好的地方用的 | 代理商吧，有個人幫忙處理本土業務啊，接收器也是 | 要送審NCC吧 | 好奇手機支援的話低軌衛星訊號的話 那出國還需要漫 | 遊或是買網卡嗎 | 這個室內訊號要怎麼解決~?用轉接的方式嗎? | 只有偏鄉高山有需求 城市鄉鎮都有延遲更低的固網 | 因為第一類電信是特許經營，Starlink進來一定得跟 | 只有手機收不到吧==starlink天線很大一個欸 | 台灣電信業者合作，第一類衛星通訊這塊，首選就 | 中華吧 XD 不過，會對2412有多少營利貢獻? XD | 星鏈延遲不太可能比纜線低 | 目前看來要吃這塊紅利，2412應該不是首選? | 山弄個starlink的基地台收訊號 再給中華的4g基地台 | 搞不好這業務不賺錢  台灣偏遠地區有需求 商機不大 | 山上就有網路啦 | 無線雜訊多衛星到地面站再到手機 不比固網一條線好 | 什麼登山客買  你說山屋有買我還相信 手機又沒有直 | 接收星鏈訊號的產品 | starlink的faq 就有寫了 要把天線裝在不會擋到天空 | 視野不會積雪的地方 不過它會發熱把雪融掉就是 | 海上的水手很需要用  低空衛星網路監看家裡偷客兄 | 台灣多山 做為救難用途是蠻看好的 | 依照目前的發展  手機使用 可能要先出一個星鏈漫遊 | 盒子把衛星訊號轉wifi給手機 | 代理商吧 不然又沒有台灣電信執照 | 現階段出國要靠星鏈漫遊 你他媽60cm天線盆最好給我 | 頂在頭上 | 延遲大概在20ms~35ms左右 固網還是樂勝 | 遠傳台哥： | 星鏈根本不適合台灣,台灣有線和地面微波這麼發達 | 對內延遲是假議題，starlink重點是對外連線品質 | 一堆連山上都有訊號了 | 練到美國伺服器ping 30ms，蒿吐露絲？ | 還有台灣山區多雨多雲.....你確定ping30 XD | 之前延遲慢已經申請降軌了 離地更近  一千多顆衛星 | 目前正靠離子引擎緩慢降軌中  預計10月完成全數衛 | 星降軌 | 只有熱門的山有鋪線 絕大多數山區都沒訊號 | 它最後還是得回到地面接收站再藉由當地電信業者提 | 供的地面設備接入互聯網路 且必須遵守當地法規 | 新發射的衛星也開始使用雷射通訊互聯，以後也不用 | 廣布地面站了 | 中華準備暴漲 0.5 | Starlink現在在玩衛星間通訊，對外連線品質是重點 | 之前還需要地面站橋接，以後可以大幅減少地面站台 | 數量 | 互联网路 Internet 網際網路 | 買爆中華電 大漲0.5啦 | 人口密集區根本不需要== 感覺只是想炒作 | 好  中華電大漲0.5慶祝 | 現在衛星可以移動了? 這什麼黑科技? | (╮⊙▽⊙)<種花已經漲0.5了 已反映 | 不接入地面站哪有那麼多電力做網路轉傳？這樣頻寬 | 肯定小到不行又慢 | 又不是人人都能在屋頂架碟盤，中華統一發送可能性 | 還高一點 | 衛星本來就有姿態調整的功能  20年前就有了 | 泰金寶-DR 噴噴噴 | 低軌衛星本來就一直在動啊 看reddit有人寫十分鐘會 | 從地面視野一邊出現然後消失 然後starlink這個還會 | 改變軌道 所以會對地面天文觀測造成困擾 | 感謝告知 真沒去了解過衛星分類 | 我記得接收器挺大的 應該是固網那樣定點用的 | 偏鄉 登山客 漁夫 | 排雲山莊4G比我家還快… | 美國費用是機台499鎂，每月使用費要99鎂，對一般人 | 其實不是太便宜 | 哇靠，厲害啦 | 反對基地台的老人會叫里長議員上太空拆衛星 | 種花是怕以後星鏈普及自己會被淘汰吧 | 當然要趕快先佈局 | 台灣5g都還沒成熟 | 不然要怎麼當大家最愛的定存股 | 目前大漲0.5塊 | 台灣這個東南亞小島根本到處都有水電網路醫生（除了 | 深山） | 要這個幹嘛 | 難怪泰金寶又漲停 | 這個沒半點用處，除非大陸打台灣，不然沒用 | 華通這波應該可以衝到8、90了 | 垃圾中華電 不給我簽1G光纖 有機會空爆 | 300M就很好用了 | 最多是提供另一種選擇給消費者吧 | linkstart!! | 股版水準可見一斑 | 中華電：老子十年磨一劍，要噴啦！ | 中華電自己想蹭而已，starlink沒找你 | 所以是降低偏鄉的建置成本? | 20~30ms的延遲 光纖固網頂多2ms 要被淘汰還早 而且 | 最後你封包還是得回到地面接收站轉傳 中華電信應該 | 就是被選擇成為台灣區域的地面接收站合作夥伴 | 與其說中華電信多了了一個新的競爭對手不如說中華電 | 信又多開創了一個新業務 | 中鋼漲了 換中華漲 | 漁船跟飛機吧 | 利多大漲一塊 | 天網 | 彰化和美鎮有救了嗎？ | 泰寶寶13.75的家長 還活著嗎? | 誰家有地方裝小耳朵？ | 彰化沒訊號的那個里可以買啊 | 中華電終於要噴了? | https://i.imgur.com/sKkA6nY.jpg | 已申請 | 台灣網路建置完整，幹嘛溢價用延遲網路啊？ | 有的地方只能用手機網路 但是速度跟屎一樣 | 市區或許不需要，但高山、航海、偏遠山區極度需要， | 而且低延遲特性，市區也很適合 | 難怪今天中華電暴漲 1塊錢 | 少數地方有點用 | 不看好 台灣網路覆蓋廣 有這種需求的大概就是航海 | 或高山吧 市場小 | 而星鍊衛星每隔幾年就會自動墜毀 要補射 維護成本 | 真比電纜低嗎 | 爬山有差。之前有衛星電話 | 管它的 潮就好 | 說星鏈每隔幾年就墜毀的 他要卯起來射一週就能打上 | 百個上去 | 跨國電信費用會比較低嗎？讓國外電信公司賺不到漫 | 遊？ | 群電呢? | 不知道衛星間雷射通訊頻寬能撐多久頻寬多少? | 以拉一段海纜的工期 星鏈都射好幾打衛星上去了 | 如果被勾斷要派船去修起碼是兩週起跳 | 跨國漫遊暫時還威脅不到 因為手機功率不夠沒法用 | 期待 | 在對岸靠這個就不用翻牆了? | 使用頻段還是要符合當地法規吧? | 可是海底電纜的頻寬是T在算的 衛星雷射我查到目前是 | 100gbps左右 | 而且看起來是hop-to-hop 若想跨洲要跳好幾個hop | 延遲不見得比海纜低 | 這感覺在人口密集基礎建設完備的國家找不到應用場景 | 主力發的新聞吧，等各種韭菜進來",Starlink牽手中華電最快2022年登台這幾檔星鏈概念股衝鋒 https://ctee.com.tw/livenews/aj/ctee/A09613002021083011152926 鄭郁平台北報導2021.08.30 星鏈計畫（Starlink）來了特斯拉執行長馬斯克旗下SpaceX計畫，積極推動的衛星網路 服務Starlink低軌道衛星，將攜手中華電信（2412）進軍台灣市場，最快2022年開始提供 服務。相關台廠供應鏈股價衝鋒，公準（3178）大漲逾5、台揚（2314）、華通（ 2313）、啟碁（6285）也連袂上漲。 中華電、Starlink將攜手合作，且雙方已展開相關整備工作，法人指出，屆時國內產業鏈 中，天線、地面接收站、PCB、訊號接收器、能源供應器等零組件，均有望喜迎商機。 觀察30日盤面，星鏈概念股包括公準大漲逾半根漲停板，股價突破70元大關、台揚早盤也 開高，最高價一度攻上61.6元，為逾一個月來新高價位；包括昇貿、華通、金寶、昇達科 、啟碁、同欣電、台光電等，均呈現上漲態勢。 SpaceX計劃截至目前已在全球發射逾1800顆衛星，且預計2027年將完成1.2萬枚。法人預 期，Starlink衛星訊號未來也會覆蓋台灣市場，低軌道衛星網路潛在成長預期樂觀，投資 人可布局相關受惠廠商，惟由於部分個股獲利尚不穩定，建議可逢低承接、切勿過度追高 。 心得： 特斯拉執行長馬斯克旗下SpaceX計畫，積極推動的衛星網路服務Starlink低軌道衛星，將 攜手中華電信（2412）進軍台灣市場，最快2022年開始提供服務。 
[新聞] SpaceX攜手中華電合作 搶Starlink低軌道,2021-09-01,48.0,"8/30就有新聞了 | 蔡明忠:比較沒有這個需求，因為台灣5Ｇ的涵蓋率比 | 較夠，不像歐美或大陸等有這種需求。 | Op | 省錢還不用理刁民跟電磁波蟑螂，怕電磁波自己帶法 | 拉利網 | 超適合出海或登山的,只是不知市場多大 | 感謝面具男~ | 對台灣大應該是薄利 中華電則帶有一點夢想性 | 蔡明忠是對的 | 臺灣就這點鳥地方大，用什麽衛星 | 樓上用了衛星就不用基地台了 也不用理刁民了 | 阿低軌衛星就一個蘿蔔一個坑 有獨佔性 | 山上跟海上有需求吧，省蓋基地台的成本 | 台灣基地台只是拆一座就像世界末日了 | 電磁波恐影響健康 里民將要求馬斯克擊落衛星 | 5樓法拉利網是啥啦…我還藍寶堅尼網勒…法拉第拉 | 用衛星 地方鄉長村長 收不到回扣 很不方便阿 | 我比較想知道什麼時候可以用手機連上衛星 | starlink網站上有faq  說對著北方要有100度的圓錐 | 視野淨空 25度仰角 | 這樣是不是北方視角被遮蔽就不能用了？ | 在城市不住頂樓幾乎不會有北方視野100度圓錐淨空 | 幾年前去玉山，真的只剩中華有訊號，有點神 | 幾年前?? 玉山哪點? | 海運貨船很好用喔? | 玉山攻頂後只有中華電信有訊號，一直都是這樣吧， | 中華電信有官股，偏鄉賠錢也得建設。 | 星鏈不會搶中華電的市場嗎？ | 中華電代理，沒有什麼搶不搶的問題吧 | 幹嘛代理 信用卡就能付費了 | 股價大漲0 | 用途完全不一樣怎麼搶 根據starlink網站faq 要有向 | 上仰角25度的淨空100度視野 看reddit使用者討論 說 | 北半球收發裝置要對準北方 這麼多限制 想取代中華電 | 信還早 倒不如說中華電信可以利用它省下偏鄉網路佈 | 建成本 | 以後大家不用住都市了 | 傳說中的 6G | 下雨天颱風天也收不到信號吧，不過聽裡面的員工說 | 有人給自己父母家的農場安裝，100M速度是夠用的， | 衛星ping比較高，至少50ms | 屌 | 中華電代理是因為打不過就加入 | 那麼貴 是要賠錢幫用戶裝嗎 | 很多年前台哥大推過銥衛星，慘賠收場，的確沒什麼 | 好推的。今天如果是全球每個地方都可以用，就有價 | 值，否則正在台灣這麼大的地方，沒有競爭力",原文標題： SpaceX攜手中華電合作 搶Starlink低軌道衛星商機 (請勿刪減原文標題) 原文連結： https://bit.ly/3Bur8gz (請善用縮網址工具) 發布時間： 2021年8月31日 (請以原文網頁/報紙之發布時間為準) 原文內容： SpaceX執行長馬斯克（Elon Musk）積極推動Starlink低軌道衛星將來台發展，中華電信 董事長謝繼茂證實，中華電信會與Starlink合作，預期最有可能在2022年，未來中華電將 代理Starlink相關服務在台販售。據知，目前開放的地區包括美國、加拿大和英國的部分 地區，包含Starlink天線和路由器套件價格為499美元，每月網路衛星租費99美元，網路 速度約為70至130Mbps。 SpaceX旗下Starlink是全球最大的衛星網路群，截至目前已在全球發射超過1720顆衛星 ，全球已有9萬名訂戶，預計2027年完成12000顆，Starlink的衛星訊號也會覆蓋台灣市 場。SpaceX於8月18日向聯邦通信委員會（FCC）提議使用Starship快速部署其第二代 Starlink 星座，提供更密集的農村覆蓋，而無需超過其先前為後續網絡設想的30000顆 衛星，目標是將它們更均勻地分佈在9到12個傾斜軌道上，以提高對農村、國家安全和急 救客戶的覆蓋範圍。但是，該提案遭到競爭對手亞馬遜反對，認為會使運營商在干擾審查 和增加軌道碎片問題。 中華電信方面，全台擁有18000座基站，及年底可以達到12000座5G基地台，未來由中華 電提供地面行動基站的覆蓋，再加上Starlink的衛星網路，可以大大提高衛星傳送速度以 及影像清晰度，甚至偏遠地區或海上及天空區域，網路訊號不佳之地區都可以接收打電話 及上網。 由於低軌道衛星被視為6G發展的核心技術，因此中華電信內部早已成立衛星策略發展小組 ，過去又擁有發展高軌道衛星的技術與經驗，還有已投入研發低軌道衛星，將率先搶得低 軌道衛星先機，同時帶動我國低軌道衛星相關產業鏈包括碟型天線、地面接收站等衛星訊 號地面設備等商機。 全球已有多家業者發展低軌道衛星，並以Starlink最積極也最成熟，低軌衛星與5G行動通 訊在技術面可以互補，可利用衛星涵蓋廣、地面站建置時間較短等優勢，提供台灣偏鄉網 路普及服務，或是作為緊急救難時的備援機制。 心得/評論： 必需填寫滿20字 Starlink衛星網路最快有機會2022年進軍台灣，將由中華電信代理，可以為偏鄉地區提供 網路服務。 
[標的] 2412.TW 中華電信 請益,2021-09-06,55.0,"嗯…定存而已 | 實聯制簡訊很賺錢啊 | 買來倒的 不要不信 | 坐等便宜價 | 可能有點搭上未來通訊題材(? | 真心不騙 他的資金暫時沒地方放 就準備來提款中華電 | 簡訊當初不是說業者吸收 還是又變惹 | 外資看其他地方套了太多人 不想回去 | 等著瞧吧 | 錢借放一下而已 | 錢沒安全的地方放，先擺一下 | 外資 ：不知道買什麼。借放一下 | 中華電才是實實在在的死錢 獲利再怎樣就那樣 | 匯進來的錢 不買股票會被請去喝咖啡～只好避風頭 | 算是保險箱概念 放進去再拿出來頂多付點保管費 有 | 買了也沒漲，誰在賣？ | 時候可以免費或有紅利點數 | 資金暫存區...等要錢時就倒出來了！ | 線上保險箱啊 | 崩盤時中華電最保值 | 看Verizon的股價波動，就本業這塊應該沒有甚麼爆炸 | 性的應用吧? XD | 真的穩 穩到爆 股價不會亂噴也不會亂倒 哪支比這支 | 穩？ | 中國信託不是除權息前每天都買差不多的張數嗎 | 他就是資金暫存區 反正不會跌也不會漲太多 | 就沒好標的先放錢啊 反正大盤崩破萬點中華電也沒差 | 放錢而已,比方等到現在匯出就很划算,台幣很強 | 前陣子則是快28.1,應該沒興趣匯出 | 預測股市變得不確定時 資金會往電信這種防禦型類股 | 躲 中華電信可以說是首選 | 金融股我覺得也算是 | 避險用的 | 中華電就股市崩盤的時候提款來買超跌股 | 100初投才是進場時機啦 | 100出頭才是進場時機啦 | 現在111 我認有一點點的高 而且今年股息4.3 | 10張 111萬 一年43000塊錢的現金利息 覺得沒有很優 | 2412 本金要多 張數要多 利息才會有感覺 30~50張 | 我記的前幾天有到107 還是106不是嗎? | 沒有吧 | 除息後最低就109而已 | 我記得我有看到107這數子耶 沒有嗎? | 要等到100出頭 大盤腰斬都不一定有機會 | 之前疫情崩到最低那時候有到103吧 幾乎極限低點了 | 哪有107 感覺派喔 | 最低109而已 | 買完刪app種花，其他所有分析都是多的 | 匯率問題，所以最近外資買進權值股而已，沒什麼特 | 別意義 | 中華電信擁有全台灣最多的土地是資產概念，當... | 太高 | 2412不是買完就可以刪app了嗎 | 這檔看外資動態？？…買著就放到死啊 | 2412只要20張利息就很有感了,穩定往21張前進中",多空理由不充實 者，板規115或44處份 2.進退場機制若非長期投資，請 輸入停損價 ，否則依板規116處份 3.請依格式輸入內容，未依格式者板規112砍文處份。 標題請使用以下格式：股號.市場碼股名分類 (市場碼：TW US HK CN JP KR...) ex [標的] 2330.TW 台積電 長期不停損多 ex [標的] TSLA.US 特斯拉 馬斯克火星多 按ctrly 可刪除 以上內容。 1. 標的：2412 中華電信 (例 2330.TW 台積電) 2. 分類：請益 3. 分析/正文： 外資最近連續十天買超 最近30個營業日27天買超，3天賣超 是想要定存嗎？ 還是外資看到了我們不知道的東西開始佈局了？？ 
[情報] 中華電信公佈110年8月營運績效,2021-09-10,56.0,"這個還要po? | 我只知道我下次絕對不會再NP到台哥大...收訊爛... | 買了可以睡覺砍APP | 我要回歸中華電信... | 大漲一元 | 好 下週爆噴0.5 | 明天漲0.5元慶祝一下~ | 公不公佈有差？ | 以現在大盤的指數，買中華電避險也不失一個好選擇 | 長榮電信今天倒是噴了 | 只看配多少 | 傻B繼續辦5G當盤子 尤其老客戶 ㄏㄏ | 4分吃到飽三四百就有了-.& | 中華電靠老人存股不倒 | 折舊+攤銷+稅將近一半,台灣大遠傳愛用EBITDA,現在連 | 2412也跟進了 | 長榮電信笑了XDDDDDD 好靠北 | 電信業務頂多就那樣了吧 現在都看資通訊標案 | 一年賺不到五塊了 殖利率越來越低 | 中華電過去穩定衰退 今年開始改善了 | 無所謂 | 中華電: 大漲0.5元 | 長榮電都噴了 你還在睡 | 長榮電 陽明光 萬海資？ | 今年看起來會比去年好一些了 | 不重要 | 可以啦 反正我也不敢把100%的資金投入其他股 放一點 | 在這裡賺點小利息我可以接受 | 牛皮股，明年股利4.3元左右。 | 中華電不是110買個幾張放著，就忘記這件事嗎 | 4元金 90我還嫌貴 寧願存9917 | 9917 股息穩定嗎? | 看起來都4~5塊 除上股價大概5% | 這家營收也太穩定了吧..XD | 訊號真的沒話說    我是老客戶，依然用499吃到吐 | 4%債券 | 不重要，去年股市跌30%的時候，他只小跌5% | 8個月1333相當於12個月2000億,印象中低標還高標2K億 | 買2412只是1.每年股利 2.不太可能賠到一根跌停 3.它 | 緩跌的時間相當長絕對有時間跑 4.錢沒地方放不放銀 | 這檔無關營收 | 行 5.它幾乎不會倒不可能倒倒了反正死一片有人陪你\ | 這隻背後有千萬個公務老人在支撐根本沒啥好怕 | 連我認識的醫生都砸300萬下去領股息也爽...當作每年 | 旅遊資金 | 最穩的避險標的沒有之一 | 這支的價值在於大崩盤的時候才會展現 | 毛毛蟲股 | 這檔買了不用看 不用討論 | 外資持續吃貨中 | 種花有需要算eps? | 我只知道我要ＮＰ去中滑了耶 | 穩到不重要 | 線圖超噁一堆毛... | 買了一百張每年領股息也爽 | 每年越領越少 爽在哪",本資料由 (上市公司) 2412 中華電 公司提供 中華電信公佈110年8月營運績效 1.事實發生日:110/09/10 2.公司名稱:中華電信股份有限公司 3.與公司關係(請輸入本公司或子公司):本公司 4.相互持股比例:不適用 5.發生緣由: 中華電信公司公佈110年8月自結合併營運績效： 單月營收約為170.4億元、營業淨利約為37.6億元、歸屬於母公司業主淨利約為29.5億 元、稅前息前折舊攤銷前淨利(EBITDA)約為69.8億元、每股盈餘為0.38元。 累計營收約為1333.0億元、營業淨利約為297.9億元、歸屬於母公司業主淨利約為 236.8億元、稅前息前折舊攤銷前淨利(EBITDA)約為552.3億元、每股盈餘為3.05元。 6.因應措施:無 7.其他應敘明事項:無 台股穩定一哥 穩穩的八月賺0.38 累積3.05 種花電信這樣有符合期待嗎? 
[新聞] 快訊／中華電信iPhone 13預約殺瘋！,2021-09-16,188.0,"噴 | 中華電明天大噴0.5 | 哪年不搶光-.- | 不是沒新意 沒人要買嗎 | 每年一定預約滿的看缺貨到幾月吧 | 這次零件升級賣更便宜真的很划算 | 今年賣點是零組件升級，價格變低 | 飢餓行銷嗎？ | 這次賣顏色就飽了 | 營造「有人搶」的氣氛 有助於提昇買氣嘛（笑） | 身體很誠實 | 十三香 | 我用安卓 但看規格覺得13p 還不錯啊 | 搶爆了 | 降價一定搶爆啊 | 這什麼飢餓行銷爛新聞 | 哪次不爆呢？ | 繼續用華碩 | 哪年不搶爆 | 別這樣 果酸在廁所哭暈 | 敗筆就是看不出來是I13 跟不是typec | 還好啦  不像安卓機首發後一個月就跳水 搶的像盤子 | 折折： | 安卓有再搶嗎?但三星搶首發 還可以啦 | 好多X子 | 每次都這樣玩不膩 | 沒有盤子怎麼撐起蘋果供應鏈，加油喔 | 黃牛先掃完啊  繼顯卡之後又有生意了 | 每年不是都這樣 小改款還是賣爆 | 這樣當然蘋果給你擠牙膏賣 | 不然一下改太多 下一代沒人買怎麼辦 | 抓到了，老蘇反指標 | iphone不錯了啦 新機用了一年賣掉還有6~7折 | 明天大噴0.5 | 我就問誰手上有中華電...0.0? | 匯率優勢 | 我就問誰手上不是哀鳳 | 搶完後轉賣啊 哪年沒這樣 | 不知道會不會出像三星fold那種折疊螢幕的機子 | 樓上等每家都出折疊出到爛惹 蘋果才有可能 | 笑死 是只有十隻是不是 | 每年都說搶爆，問身邊認識要不要換蘋果，只有少數 | 直接去換約店買手機快多了，為啥要搶阿 | 掛個13 出清庫存零件 | 限量該不會是限量100台而已吧 | 就賣信仰和長期用IOS的客群，其他沒創新 | 明年只要把晶片上數字加一說是iPhone 14一樣搶爆你 | 信不信 | 近幾年一堆人拿銷售數在吹，就看到差不多了 | 機海這樣，市占和銷售也拉不太起來 | 信念堅強 | 哪年不搶光 還敢質疑果粉信仰 | 反正就老果迷久久換一次，一年凹一年壞了才換阿 | 騙自己最少系統穩定，理由都差不多啦 | 真那麼好用，安卓群早就被打爆了，其實也沒有啊 | 口嫌體正直 | 與我無關 | 降價有感 原本附的豆腐頭跟耳機真的沒啥用 | 哪年沒有搶光 手機板酸水果文結果發文也是用水果XD | A15 就海放S888 發燒機 | 通常也只進個百台貨 賣完就說熱賣 | 99aapl | 我只知道台灣市佔已經超過5成，這樣算打爆嗎？ | 重點要看共同富裕那個國家還有沒有錢啦 | 記得A13就贏S888這個啦嘰SOC | 台灣是能買幾隻 | 沒人買新的 哪來二手舊機賣呢XD | 從三星 華碩跳來就回不去安卓 現在都三年一換 | 哪年不屠殺銷售榜 手機廠牌只有蘋果跟其他 | 還是會賣的很好啦 光搶華為的扣搭就多賣多少了 | 哪年不唱衰? 哪年不賣爆? | iphone13根本不是男人在用的在高興甚麼 | 老婆好棒棒 最美相機配美人 | 一直只有Apple跟Others Others加起來都打不贏... | 台灣8+9人數很多，光賣他們就飽了啦 | 光降價這點就足以大賣了 | 兩分鐘太慢了吧 PS5都用秒算的 | 送給高中妹子啊  把妹神器 | 再等一年iphone14 | Ptt反指標 | 真香～～～～～ | 了無新意 但還是要用手機 | 2萬出頭就買的到其實挺香耶 | 讚 | 原來這樣還不算打爆喔 | 機子很香 但是5G現在月租費真的很臭 | ..... | 每次都說賣不好 結果都搶不到 | 5g關鍵應用還沒有，現在手機用不到 | 希望iPad mini超級缺貨 | 我就是這樣缺貨→再等一年 然後就哀5一直用到現在 | i5現在還在服役好猛 | 反正只用到電話跟簡訊功能而已 | 哀5這麼耐用 身為蘋果股東我感到難過 | 看到台灣有人在哭窮就覺得好笑 | 馬的，為啥一堆人說不要，我預約叫我等下個月 | ios已經不支援更新了 我很擔心換新機原來的資料搬不 | 過去XD | 明年有規格更香的出來這隻會很慘 | 每次文案都差不多 填空？ | 每年都喊一次 然而跟股價一點關係都沒有 | 拆機實測完又賣爆 習慣了 | 中華電信其實沒有比較便宜啊 | 出貨文 | 所以呢？佈局蘋果概念股？呵呵 | 規格越來越好不是正常嗎，一直等是要等到世界末日 | 哦XD | 明天股價狂噴五毛 下禮拜再暴跌五毛 上沖下洗 | 規格更好，價格更便宜，這沒有什麼好說嘴了 | castlewind你資料要不要先備份到icloud上 | 嫌貨才是買貨人 還不快買？遵循自己的內心 | 有啊 我有備份在icloud上 | 沒多少隻吧 | 趕快搶啊不然到時候缺貨 | 一直等是要幹嘛呵呵 | 果粉不是塑膠做的 | 搶爆 i13 大換機潮 | p@55 | 沒興趣-.- | 沒殺手級應用 | 買了 | 香 | 屌泡 | 真的沒興趣 | 是阿，每一年都搶光，但某卻說換機率肯定下降？？ | 為什麼換不過去？呵呵 | 我當兵時做過調查 八成同梯都用iPhone | iphone就是太耐用才不能像安卓整天製造換機潮 | 每年看衰每年賣爆 | 非果粉表示了無新意 果粉表示真香 | 每年穩穩賺就很強了 | 就說了就八卦白痴沒買 什麼都嫌棄 | 難怪今天中華電硬邦邦沒見綠 | 提供幾台給人搶？？ | 你今年要賣股買鳳還是買股賣縫？ | 不都黃牛先掃... | 自導自演 | 發的股利該來買iphone，還是繼續買股複利滾下去?XD | 天人交戰捏~XDDDD | 飢餓行銷也越來越沒創意了 | 天峰藍 買起來 | 欸欸欸 說好的抵制勒 | 6萬多的手機也買的下去，厲害 | 所以勒也沒漲停啊 | 盤子 | 6萬多覺得貴不是蘋果的問題 是你的問題 哈哈哈 | 升級算什麼，顏色好看腦粉就買單 | https://i.imgur.com/au0HXJn.jpg | https://i.imgur.com/a6po9wV.jpg | 沒說總共幾台阿 | 不是說不買嗎 | 越嫌越買 | 根本沒看到頁面打開 | 有買到的出來證實一下嗎 根本沒看到有開 | 每年看衰每年銷量爆好 | PTT酸民真的反指標 笑死 一代酸一代 | 中華電明天漲停 | 高階只有蘋果賣的動 | 一堆盤子 | https://youtu.be/d6Fh0MhZhQQ | 今年連製程都不改了 | 可憐啊 電子垃圾也在搶Zzzz | 海龜：幹 | 真便宜,樓下買10隻送樓上 | 早上10:02搶到一隻13，我登進去的時候iphone 13的 | 256GB早已完售秒殺畫橫線，超扯的 | 噴哭 | 預購不搶光才有問題 | 我不信 | 不怎樣的手機，但該買還是要買。 | 限量3支小豬 | APPLE官網就好了 | 跟車版一樣，結果銷售量都第一名 | 標準的用PTT看世界 | 預購就是黃牛票啊 搶來轉手賺一波 | 有錢人一年換一隻 窮人只能酸別人盤子 | 真的就是窮人酸人盤子 別人根本不痛癢 | 13香 | 削完蘋果要用什麼端？盤子 對 就是盤子 | Ptt本來就反指標，系統是真的穩定可以用很久 | 我的4s還可以開機使用，iOS 9.3.6 | 就。很。破。 | 阿不是說不會熱賣….操 | 就說價格太便宜了 哪可能不熱賣 | 謝謝果粉為我們工作 | 演幾次 新聞複製一下 等14繼續用 | 陳聾:今年iphone一定賣不好 | 品牌信仰無價",快訊中華電信iPhone 13預約殺瘋 iPhone 13 Pro Max不到2分鐘搶光 記者陳俐穎台北報導 中華電信今日下午2點起，開放iPhone 13系列限量網路預約活動，結果不到兩分鐘， iPhone 13 Pro Max各規格直接搶光，其他型號新色也幾乎搶購一空。 中華電信開放預約iPhone 13全系列5G機型(iPhone 13 Pro Max iPhone 13 Pro iPhone 13 and iPhone 13 mini)限量網路預約，活動自9月16日14點起至18點止，搶先登 記。 此次也舉辦iPhone 13全系列線上預約返購抽獎活動，只要於中華電信預約網站登記 iPhone13系列新機，9月22日前至網路門市完成申辦精采5G 月繳1399以上資費，有機會 獲得最高50倍優惠Hami Point 69950點(1點等於1元、1名)。 還有最搶手的iPhone 13 Pro 128G (1名)、iPhone 13 128G (1名)及Hami Point 6995點 (10名)，共13個大獎。 中華電信同時宣布iPhone 13全系列5G機型將於9月24日上午8點，在全台500間指定服務據 點及中華電信網路門市正式開賣。 https://finance.ettoday.net/news/2080997?redirect=1
[新聞] 網家宣布引進中華電、開發金,2021-09-17,322.0,"21世紀不是賣烤雞的嗎 | 丸子 | 笑死準備跌停 | 這算利多還是利空？？ | 看不懂 | 烤G好吃 | 感覺不妙 | 開賣炸雞 @@ | 這年頭連烤雞也能數位化喔？ | 本業沒改善沒用 下去吧 | 先把低端執行長換掉吧 | (づ′・ω・）づ106地板 | 怎麼感覺怪怪的 | 靠背 | 私募去投資？ | 噴到106QQ | 106.65.... | 押身家空下去啊，不要只會嘴砲 | 加入賣烤雞？ | 不錯阿 一個金流一個網路基礎一個服務 | 不要害開花金好嗎? | 種花電開花金認那麼貴...出大事，下週腳麻 | 盤子價 | http://i.imgur.com/gGF3CmU.jpg | 開發金…… | 看不出有什麼搞頭 | 金控跟電信 果然有錢 | 笑死丸子 | ???? | 感覺有一點強 | 24小時送烤雞 | 以後股性 中華電信化嗎 | 理想很好 但不知道市場買不買單XD | 轉行賣烤雞 | 21世紀是做什麼的 這麼讓人看好? | 開發金利多還是利空 | 開發金跌是利空吧 | 開發金今天被外資倒 洩題了？ | 哇 好棒 | 在玩什麼? | BNPL 話題 懂炒股 | 推文一堆誤導 害我以為真的跟烤雞聯手 | 看來是利空 快逃 | 利空 | BNPL跟信用卡是競爭還是不同客群阿? | 太慢了，早5年這樣做今天也不會淪落成這樣 | 錢坑所以找中華電信 | 什麼意思～ | 不是，跟這兩家扯上邊的有好事嗎？ | BNPL 那呆帳也是PCHome | 還好吧，既然中華跟開發金認這麼多，那也代表他們有 | 看到甚麼吧 | 富邦台哥大vs中信中華電 | 看了陣容看了那家網頁 恩 掰掰 | 這兩家的眼光跟轉投資績效好像不用多說吧 | 錢坑找中華電 中華電網購網路門市也做不起來 | 沒改善 被momo打趴 | 無聊 下去吧 | 開發金+pchome+中華電 結盟抗 富邦+Momo+台哥大 | 中華電信網路門市換pchome算大升級吧 | 樓上的富邦媒隊好像山王工業的強度 | momo to the moon | -.-||| | 三家合體要對抗宇宙邦財團了 | 但是山王後面輸了（？ | 要變成台灣walmart了 | 老二聯盟抱團完，還是老二 | =.=106.5元，準備下去 | pc很強阿 | QQ塊陶啊啊啊啊啊啊啊啊啊啊啊！ | 噴爆 | 利空吧 | 開花金花1億元認購 小case吧 | 電商只有那101招就是砸錢把對手砸出場，5年前詹宏 | 志敢這樣做的話，現在早就台灣NO.1了，5年前10億很 | 好用。現在要追上去恐怕要花100億才夠 | 別說了，我開發股東T ,T | 公務員聯盟 | 期待啊，灑金搶海鮮市占，消費者得利 | 開發金是花3億喔 凱基證+開發資本 | 這家沒救了 期待外國競品讓詹宏志徹底退休 | 21烤雞好吃 | 強強聯手，幹翻海鮮 | 還在玩台灣島內老頭大結盟 看了真難過 | 開發金是來接花旗的坑嗎 | 10年前的富邦跟現在也根本沒得比 現在富邦可恐怖了 | 中華電股東應該也很抖 | 其實真的該引進國外合作廠商 國內真的前景有限 | 富邦和SE 太有錢了 pchome目前差異化行銷只有好退貨 | 除了方便快以外 我實在看不出pchome到底有啥優勢 | 沒創新只吃老本 網頁風格還在10年前的樣式 | pchome太貴，品項也少 | 引這二咖可以做什麼 | 中華門市領包裏嗎? | MOMO網頁也是有夠破但至少人家也很快 而且便宜 | 這三家就根本不sexy啊 | 這樣富邦集團一直作大 | 不是好事 | 古蹟與老古董激起的火花 | 一群老人思想的公司能迸出啥火花 | 水 | 現在才作真得手腳太慢，祝福成功，不希望宇宙邦獨大 | 烤雞好吃，一定要喝蜂蜜綠茶 | 所以21世紀到底如何 | 看不懂 | 電商互相競爭很好啦 受惠的都是消費者 | 借錢去投資新創金融... | 富邦人家就跟得上時代而已 是網家自己不進則退罷了 | 引進開發 中華 能改變什麼？ | 完全沒聽過...炸雞？ | 是那個樂分期吧？ | 是21.6e加持有的拍付股份換50%? | 本質越來越爛 搞什麼都沒用  可憐中華跟開發金的股 | 東 | 21世紀數位 買的這家幹嘛？ | 106.65......好的 下禮拜先來一根☺ | 露天一堆假貨不處理，真的是有夠難用 | 2883 2412 8044都有   怕! | 不好好改善自己，就繼續這樣吧 | 當pchome塞單時間比momo還久時就註定沒救了 | 漲漲漲 | 本來就比較貴了  唯一贏的物流速度也輸了 | 雙11大戰在即  pc家這次又要塞240hr以上了吧 | 21世紀看起來是做BNPL 的服務，拉中華電信金主，開 | 發金為銀行端保證人，網家當消費平台 | 老古董聯盟 還好已經賣了 | 種花開花  種果得果 | 一堆人嘴的像個專業經理人一樣 下禮拜如果是一根 | 漲停 會被笑死… | 募資10億，花20億，不投資物流，搞股權投資幫開發 | 金創投出場？ | 樓上說到重點了 我也覺得這種結盟很奇怪... | 如果是去結盟什麼物流倉儲業者那還比較合理... | 電商平台投資bnpl為什麼不好？ | 不過這家有料嗎 | 訊號 | 有不有料看不出來，但是應該是要朝這方向發展 | 為何網頁不改版的問題終於有救了 | 我以為是亞馬遜 | 種花電信去嘴詹志宏比鄉民嘴有用 | 種花 開花 那是進軍花卉市場嗎? | pc網頁改版是大利多 看了真的憂喜參半 | 種花這麼穩 有Iphone PChome Starlink | 現在111元是不是太過低估了 | 駭客任務 你吃的烤雞不是烤雞 | 中華電大漲0.5元慶祝 | 21？房仲嗎XDD | square也是去跟電商整合，這樣原本在信用卡的肉就 | 分到這四家了 | 21世紀的烤雞是大成的，大成噴噴 | 丸子 | 辜家VS 富邦少東 | 那應該拉中信金啊 中信資源更多吧 還有職棒捏 | 被momo電假的 | 大利空 | 找股東集資買公司 | 看不出來是不是好事== | 老人團隊能搞出什麼？令人期待或失望？ | 宇宙邦瑟瑟發抖 | 沒救了 下去 | 中華電可以把pc的網頁改好一點嗎？ | 21世紀應該不錯，但是為何要出一半給網家？經營團 | 隊不玩了嗎？這是一個隱憂。網家懂得怎麼玩嗎？ | 哈哈哈哈 怎麼不順便祝大家中秋節快樂 | 廢到家 | 新的CTO應該懂吧，背景那麼強大 | 烤雞好吃 | 募資然後拿募資的錢去買股票 這? | 中華電本業沒那麼賺，錢多亂投資救營收 | 拉錯隊友的感覺 | 噴 | 所以評估企業手上有多少現金也沒用 | CTO是遊俠吧，連續換了幾家公司了。 | 等等買烤雞吃了 | 五告齁糗 | 應該先改進平台吧. | 難怪開發… | 這合作看得到最大優點就是廣告簡訊可以傳到飽 | 無聊 對公司本身是重大決議 但看不到利多不就是… | 看來中信 要徹底跟富邦開戰! 從籃球到電商 到處對戰 | 那開發跟中信還是不一樣吧，畢竟分家了 | pchome好幾個平台個做各的，優惠做的像智力測驗。 | 要弄個優惠比買東西還困難，看一看就去蝦皮買了… | 禮拜一拉一根又如何 你看企業是只看一天嗎 笑死 | 這行銷高層不砍掉應該是沒救 | 化身死魚股 | 這高層大概只想撈一筆大的出場了 | 還不錯吧 怎麼大家這麼不看好 | 笑死了，是放棄急救嗎 | 21世紀不是賣房子的嗎？ | 這個決定不錯，歐美正夯 | peko | 十億？對中華電及中華開發來說，就像是零頭而已 | 2412自己的將來銀行都還沒孵出來 | 21世紀真的有好到需要吃一半掉？又不是烤雞！感覺 | 不出有什麼加分 | 詹是錢砸錯方向= = | 烤雞股 | asi很對 超氣 還亂投新創 害死這群認真的年輕人 | 希望pickupp不要被這群老人搞壞 | 這整合想學富邦電信銀行一條龍吧  不過像上面說的你 | 先搞好你的網頁跟行銷吧XD | CTO再強能幫什麼 30M USD在國外Series B耶 | 要學富邦媒了 | 中華電有mod | 可能也要搞電視購物 | 開發金當靠山 | 不過股本澎漲到府20幾億 | 營收沒有倍數成長 | Eps不會太好看 | 基本上已經把IT當cost center壓外包商成本 還能用 | Grindr的價碼請工程師？物流不好好弄淨搞這些 | 用了那麼多年到現在還沒習慣批西轟的網頁 | 現在只期待國泰跟Coupang合作徹底讓這群老人退休 | pchome的網頁真的不好用 買過幾次東西就不用了 | 看來網家只有跟好市多合作才有救了 | 噴 | 另一個將來？ | 還不錯吧？ | UI不改有屁用 | 首先改善陳年破舊的網站比較重要 | 再噴一次，很明顯逼pickupp提早關掉series A, 讓他 | 們白花力氣從其他SEA市場轉來台灣 就是要讓這群老人 | 吃飯聚會可以說笑有投資新科技 | 禮拜一不是放假怎麼拉一根XDDD | 這個要停牌？ | 中華不思長進老科技 都快火化了 | 一群老人合體決心開始搞幾年前就該搞的東西，重點是 | 完全看不出搞起來的可能性 | 21世紀就是樂分期 | 利多 | PChome 24h 要從等24小時變成 21世紀內送到府了嗎 | 開發金買起來 | 先拉一波再往下衝 | 難怪中華電最近有點軟 | MOMO爽死 笑翻PC這群老人 | 摸摸：一起上省時間 | 下周 momo 走低就要進了！ | 不看好，似乎會步上將來銀行的後塵 | 重點在BNPL吧，不過台灣的金管會....... | 看不出來這對誰是利多或利空 | 找中華電... | 數位金融科技? 要pk綠界藍星? | 開發金在南軟一樓有很潮的辦公室啊，但有沒有做出 | 東西就不知道惹 | 引進烤雞? | 這認購價還真高 下禮拜進場等抬轎 不然這私募誰要認 | 什麼東西 電商一起跌起來 | 只能說 大家太小看中華電了 | 過氣 | 利空 網家跟不上潮流 趕快引進外部資金轉移話題 | 這樣想跟momo拼？ | 可能要學阿里巴巴 淘寶＋支付寶模式吧 | 欸不是 momo退貨雷 pc介面爛 今晚選哪道？ | 看不懂 | 是一群老人想玩電商嗎 | 欸不是 momo退貨雷 pc介面爛 今晚選哪道？ | 中華電信就跟中鋼一樣愛投資XD | BNPL 應該不用監管吧.... | 跟中華合作 然後弄對手的網路讓它卡卡 | 年輕人敢用 廠商敢挨打 | 全新型態借貸 | 不過有些日本商品 pchome比momo多倒是真的 | 可能還不太好介入  看起來也沒有信用問題 | 只有收不到款  NMSL的問題 | ……幹 我開挖才出到剩一張 | 無聊 | 爛到沒人用 | 我猜是網紅經濟，直播銷售，物流支援，或大數據共 | 同行銷。 | 電信化？ | 看來介面不會改了 | 笑死，超爛，網購龍頭不保了就開始想東想西 | 已 | 就這樣？ 組織規劃或企劃都不公布 炒啥？ | 拖累中華電和開發金吧 | 爛到沒救了 | 宵夜文 | 搞什麼大合體？ | 開發金系列不知道認了多少，連中壽也公告認一億 | 上次這麼多股東在一起合作，結果搞砸有純網銀將來銀 | 行的例子，自己評估看看吧 | 老屁股公司又跟一堆老屁股公司合作能搞出啥花樣!? | 開發金：這樣也要幫我拉股價？ | 中華電信可不可以先把將來銀行搞定…. | 自己本業做不好還想斜槓啊？ | 超久沒在這家買東西了 | 酷喔 | 結論，沒有要改介面 | 賣烤雞 | pc比mo 好用很多 | 開發金集團總共才投資3億 講得好像開發金跟網家併購 | 一樣 | *合併 | 才剛宣布而已 具體內容都不清楚就能喊利多利空也是 | 很厲害 | momo好用到不行 pc24加油 | 以前只在pc買 現在只在momo買 | 可以收一收讓Amazon黑船開進來了嗎 | 我看是放棄治療給別人救 | 這兩家喔…那完蛋了 | 有競爭才有進步 | 不務正業,賣烤雞 | 我以為是網頁要大改欸 | momo 山西不是還是為人詬病 | 沒什麼打國際賽的競爭力 | Amazon 已經開始針對台灣市場行銷了 | 種花開花 | 台灣的bnpl功能需求不大吧… | 別的我不知道，開發金中華電，21.6億還是合資，根本 | 就是零頭小錢，投資本土企業ok啦 | 微妙 | 可以啊 不然被MOMO看沒有 | 又要借錢發免運券了，加油啦 | 老人+多頭馬車，這機會讓給你們 | 下一步 趕蝦皮 | MOMO竄起 很久沒開PCHOME了 | 你pc家就一堆平台不整合 各玩各的 好棒嘻嘻 | 然後網頁跟app都爛得要命 | 推電商平台 疫情改變了消費模式 | 烤雞哈哈哈哈哈哈哈哈哈 | 開花金 小錢而已 不管怎樣 對網家是利多",網家宣布引進中華電、中華開發資金 將砸21.6億取得二十一世紀數位5成股權 2020/09/17 18:09 https://reurl.cc/52o7zV PChome網路家庭（8044）因為有重大事項將宣布，今天暫停股票交易，下午6點舉行重大訊息記者會，說明引進中華開發金控、中華電及二十一世紀數位公司經營團隊，借重其金融服務等經驗，帶動公司朝數位金融科技方向發展。 據了解，網家將辦理私募案，預計募集10億元，每股認購價106.65元，且為有效整合各方資源，將等私募案完成後，將投資21.6億購買二十一世紀數位公司約5成股份。 Pchome 240hr 是不是不讓了 所以這波是開發金利多？網家利多？ 
Re: [新聞] 網家宣布引進中華電、開發金,2021-09-18,58.0,"主要是中華電信 還有純網路銀行 | 多多少少會有點效果 但老人當政就難講好不好 | 大學生想買IPhone 但信用卡學生額度只有2萬就會用了 | BNPL早就討論過 台灣太小信用卡普及 根本假議題 | 老人不下台，公司沒未來 | 市場上有類似的，有點像小額信貸，但不只做商品 | 我個人覺得開發金去淌這個混水，讓股價下跌 | 很多低端人口辦不起信用卡就會用 | 不然電信的小額付費就不會這麼賺了 | BNPL在美國做得起來是因為信用卡分期會傷信用分數 | 台灣的信用分數沒啥鳥用..所以不需要BNPL這模式 | 在中國 叫白條 | 京東早有 | 開發金要是因這跌 那就太好了 加碼買 | PChome不把錢花到修改網頁和app 持續被momo屌打 | 更不用說24hr優勢已經輸了 | BNPL跟信用卡沒有衝突 一樣可以分小額用信用卡扣 | 假設用BNPL分期的商品信用卡分期還要更便宜，這有 | 什麼理由不用？少了信用卡那塊，應該有肉吧，要不然 | 整條信用卡業務，上到vista，下到發卡銀行都在賺什 | 麼 | 目前BNPL，還有預存一定金額進去然後回饋，這種新 | 興服務只是把原本在銀行體系賺錢換一個地方而已 | 開發金是因為砍金融跌吧 和這有啥關係 想太多 | 如果預期BNPL會減少信用卡業務 那銀行預先進去 | 吃這一塊 尤其是網家的所有用戶 那也是合理的 | BNPL美國很熱啊，就算只看台灣，幾乎每間通訊行都 | 有無卡分期，市場應該不用懷疑，就看估值合不合理 | 你太小看21世紀 | 而且你只看你的同溫層 | 像Payday Loan那樣就有搞頭了，發薪日直接扣款，扣 | 款不足就有高額的費用，吸血到了極致。 | 辜家入股21不是最近的事情了 入股很久了 | 21做的這塊目前只有中租在競爭 | 遠傳也有吧，不過好像GG了 | 無卡分期？ | 中租 也是辜家吧 | 先買後付是電商趨勢吧 但效益有限 | 17,樂分期，分期趣都是同一家，只是改名字 | bnpl沒有比較便宜啊 把費用轉嫁到商家 會比信用卡多 | 收3%左右 | 由bnp替商家l承擔帳務處理 商家覺得量>手續費才會 | 導入 | 既然跟信用卡沒差別就使用習慣的問題了 就看pchome | 能不能讓會員用起來 | 這玩法沒有銀行在後面擔保，難道不爆炸 | 21體質比你想像中的要好很多，台灣這塊玩得起來的 | ，壞帳率都抓的很好。但是回到網家本身，投資21固 | 然不算壞事，但是體質上不去改變，本業能有什麼競 | 爭力？介面永遠爛，物流還是慢，只會被競爭者拋開 | 然後中華電信有什麼創新？開花金有什麼創新？加上 | 連改版都跟不上的網家，我覺得像是三個老人隊而已 | 。 | 平台不改善 物流不改善 弄個數位金流是搞錯順序吧 | 21.6e還要再加拍付的股份 | 動作既然頻頻的話 你就能期待他做這些細部改善啊 | 不然發重訊說我要改網頁跟介面嗎 | 消費者體驗都不改耶 詹董退休直接三根漲停信不信啊",這次訊息的兩大重點， 1.私募普通股案將募集新台幣10億元，私募每股認購價格為106.65元 2.PChome以21.6億元收購21世紀數位股份 比較好奇的是收購21世紀數位一半股份， 這家公司2021年旗下無卡分期支付品牌分期趣正式在PChome上線。 分期產品 : 線上分期消費解決方案，為用戶提供 先消費、後還款 的分期服務。適 用於多種線上消費場景。 https://www.104.com.tw/company/1a2x6bk038 看到很多網友說是BNPL，但覺得跟阿里的花唄也非常像， 相較信用卡，目標是小額客群，而且也更容易借到錢，門檻較低， 但同時也容易產生壞帳問題， 在台灣大家感覺比較習慣使用信用卡， 除了申請門檻低， 想不到什麼用BNPL而不用信用卡的理由。 : 網家宣布引進中華電、中華開發資金 將砸21.6億取得二十一世紀數位5成股權 : 2020/09/17 18:09 : https://reurl.cc/52o7zV : PChome網路家庭（8044）因為有重大事項將宣布，今天暫停股票交易，下午6點舉行重大訊息記者會，說明引進中華開發金控、中華電及二十一世紀數位公司經營團隊，借重其金融服務等經驗，帶動公司朝數位金融科技方向發展。 : 據了解，網家將辦理私募案，預計募集10億元，每股認購價106.65元，且為有效整合各方資源，將等私募案完成後，將投資21.6億購買二十一世紀數位公司約5成股份。
Re: [新聞] 耀登、中華電信聯手 全球首座5G開放架構,2021-09-19,26.0,不賣+買... | 上看一萬 台股股王 唯有耀登 | 這支炒不起來了，韭菜都套在500元以上 | 等6G實驗室出來 重返600 | 這檔不知道套了多少人 那個s真的被找出來會被打死 | 4G5G都一樣 通訊已死有事燒紙 | 好奇符合規範但未參與互通測試的裝置，是否也能直 | 接使用？ | 都套500以上.那這波漲到499就好 | 沒有 因為還是會用N跟E牌 | 有比華為厲害嗎? | 上面都是亡靈 | oran我只推台揚 | 測試的錢好賺嗎？還不如等家登XDD | Key man 走了之後 它就不行了… | 而且認證之後也不會只有它一家 | 認證實驗室不是很好賺嗎 大家都不看好? | https://i.imgur.com/dVT03uc.jpg | 要燈可以訂規格  這才是他厲害的地方 | 你可以問耀登 京復好不好賺 | 耀登又要妖了嗎? | 5G假議題 看電信業者強推把4G方案都下架就知道 | 為何我得上傳速率永遠低於10M?? | 上面套了幾十萬的散戶 我朋友他媽還被群組的人慫恿 | 去買在400 | 不賣加買,: 原文標題：耀登、中華電信聯手 全球首座5G開放架構第三方實驗室就在台灣 : 原文連結： https://www.mirrormedia.mg/story/20210825ind006/ : 發布時間：2021.08.25 20:28 : 文/ : 唐子晴 : 原文內容： : 電信商要擺脫愛立信（Ericsson）、諾基亞（NOKIA）等巨型網通業者長達數十年的綑綁? : 根據市調機構SCF market status report預估，在2026年，全球5G小基站數量將達2000多? : 但是，在開放架構尚未純熟前，不同廠商的不同設備若要能順利運作，互通測試成了目 : 就在今（25）日，耀登集團旗下座落在桃園青埔的耀睿實驗室正式對外亮相，不僅獲得 : 以目前來說，ORAN聯盟已公布全球共計有5個合格的OTIC實驗室，分別坐落在德國、義大利、西班牙、法國，且皆由電信商主導，耀登科技董事長張玉斌透露，在這些實驗室中，電信商的目的是為測試自家設備、自家網路而生，但由耀登主導的第三方實驗室，則是開放不同業者都能前來，讓設備可互相介接，若其中一端異常，可立即更換為另一家廠商設備，進行互通互連測試。 : 因為是我們是第三方，除了希望能透過實驗室做出全球第一份5G開放架構研究測試報告外，未來也會發放證書給通過測試的廠商，讓他們有更好的立足點與各大電信商洽談合作談起協助台廠接軌國際供應鏈的願景時，張玉斌說道。 : 據了解，截至目前已有1112家台廠前來測試，包括廣達、仁寶等電子五哥，以及中磊、啟基等網通大廠，都積極地搶食5G開放架構大餅。 : 中華電信董事長謝繼茂也出席記者會現場，並表示正與耀登集團攜手合作亞洲矽谷5G開放網路整合驗證計畫，協助本土網通業者自主研發設備。 : 該計畫分為兩階段，在第一階段中，耀睿實驗室負責網源測試，並進行資安評估；第二階段，中華電信研究院則在桃園楊梅及高雄，進行端到端的場域測試。透過兩階段測試提供專業5G開放網路設備驗測服務，加速國產設備發展進程，提升關鍵技術自主能力，進而促進5G創新應用服務發展。 : 心得/評論： : 今天ㄧ開盤強勢紅燈連買的機會都沒有 : 是不是真的要強勢上千元了 : 耀起飛了嗎？ : : Sent from JPTT on my iPhone 曲博科技教室 在2021/9/2有聊到耀登5G ORAN實驗室 居然會特別提這個妖妖登 那就讓大家知道一下好了 影片如下，如果不想看影片的可以直接看這篇的文字 https://youtu.be/We6HtvUQ2tA?t=1248 內容有點多 請多包涵 什麼是Open RAN？RAN叫做無線接取網路，指基地台相關設備， 基地台相關設備為何叫做ORAN？O叫做Open開放， 因此有人稱ORAN或Open RAN，意思相同但為不同的組織。 基地台相關設備以往都是專用設備， 某公司譬如說Nokia或西門子他們的專用設備， 電信公司就只能使用他們的設備。 新聞報導上提到台灣的廠商搭上5G順風車， ORAN（開放網路架構聯盟），理由如下面報導內容， 電信業者要提供4G、5G的行動通訊， 通常要仰賴國際的通訊設備廠譬如華為、Ericsson、Nokia這些公司， 而且包含核心網路、基地台、接取網路， 都是同一個公司的產品才能運作。， 這是因為以往電信設備是不Open的且Close的， 所以愛立信的設備是愛立信的設備，Nokia的設備是Nokia的設備， 不同的設備接起來也不會通，到了5G之後， 很特別地他們成立了組織叫做ORAN或Open RAN， 這些組織成員只要符合這個組織制定的規範， 基本上不同公司的電信設備就可以一起運作， 但問題是怎麼確定這個設備是好的、可以運作的、符合ORAN的規格？ 就需要實驗室來認證。 報導內容中華電信聯手耀登旗下建立亞洲第一座5G ORAN的認證實驗室， 其概念是將來任何公司產品欲做出5G電信設備皆可送到該實驗室做驗證， 這個耀睿實驗室，全球第一家榮獲ORAN Alliance （註：ORAN Alliance是個組織，專門制定基地台間通訊設備之規範） 認可的OTIC第三方公正實驗室，也是亞洲唯一的OTIC實驗室。， 將來中華電信需要使用ORAN設備時， 若有公司想賣給中華電信該公司的設備， 憑什麼中華電信相信你這個設備和其他人的設備相容？ 因此該公司就要送到實驗室做驗證， 報導說這個實驗室成立以來至今年6月， 國內相關ORAN電信設備商都已經進駐實驗室開始進行測試和認證。， 這是一件好事。 報導內容2026年預估全球5G小基站 （註：5G 是small cell小型基地台，基地台通訊範圍越小， 使用人數越少，每人分到速度才會越快）數量將多達2000多萬台， 資本金額大概180億美元。， 因此這樣的實驗室確實能協助廠商來驗證，至於為什麼是選擇耀登？ 曲博認為應該只是其本業為通訊相關的設備， 從公司官網上可見其進行儀器的設備銷售還有無線檢測實驗室、 無線通訊和天線的產品、毫米波天線的設計等， 很明顯地該公司本來就是在做測試和驗證還有通訊相關的產品， 因此中華電信選擇與耀登合作是很合理的一件事。 大家覺得這個有未來性嗎 哈哈哈 還是要問問S大? 以上 
[新聞] 中華電信工會要求加薪！將啟動罷工程序,2021-09-29,167.0,"大跌0.5 | 哥 不買個股 | 這邊都馬股東當然資方嘴 不爽別看阿 | 抄低 | 拼了命要擠進去  死也不走  然後再來靠背待遇差  到 | 底是貪還是貪呢 | 一個月加薪5000??? | 應該的啦 經濟20年來最好，今年經濟成長也好 | 8%？？？政府調薪有要調這麼多？ | 笑了 中華電信根本不缺員工 全都外包了... | 不要像建商一樣開來讓人砍捏 | 有本事跳槽去台積、發哥啊 | 跳啊 哪個公司可以容忍一堆人在公司裡發呆的XD | 先把你們訊號搞好和增加客服人員再來說吧，打個客服 | 要等15分鐘以上 | 可以做到65歲 每年穩定調個3~5%就不錯了 | 住在市區訊號跟山上差不多 | 冗員一大堆，現處理一下吧～ | 罷工啊，快罷 還以為自己獨大嗎 | 台鐵呢，為什麼不能像韓國海運一樣有種集體請辭 | 趁現在砍掉一些人 | ：不爽不要幹 | 加薪沒問題 先裁冗員 | 快啟動罷工啊！跌下去 | 雖然我不是中華客戶，他們服務真的很公務員 | 要噴了嗎 | 到時候10人響應就好笑了 | 種花的人員平均年齡應該是最高的 | 外包人員快罷工吧整死這些冗員 | 會不會罷工發現有些人其實是沒必要的? | 我打傳說被你們搞死幾次 | 電視就一堆老人,走了都没差吧 | 主要業務都外包出去了，結果沒人發現他們在罷工 | gogo | 冗員罷工沒影響吧 | 一堆冗員 | 營收每年都在下滑是要加啥薪 | 罷起來 | 罷工看看吧，搞不好高層會發現根本沒差(？) | 來囉 套用跟航空一樣，不爽不要做 | 嫌福利不好又愛考？ | 結果發現揚言罷工的都是外包 | 結果罷工之後根本沒影響公司運作XD 因為平常也在發 | 呆 | 外包全罷工吧 | 頂級的養老環境應該不會有正職耍智障黑掉吧 | 發現罷工了還能正常運作 ：） | 種花電正職應該一半米蟲 | 這種官股公司都差不多 | 罷工快跌啊 | 愛考又愛吵，可悲 | 哇靠... 5000... 比中華電配息還多耶... 真爽 | 好的 | 外包的不含在工會內拉 | 外包就好 | 平常在家上網 訊號機常常亮紅燈 有夠爛 | 台塑、中鋼賺多少，你賺多少？ | 罷阿！面對民眾的不是都外包了 | 被發現罷了沒影響民眾，直接叫你走人 | 爽成這樣 真爽 | 跌 | 不都外包??外包人員要加薪 | 暴跌五毛 | 快罷工 | 公務員加3％不知有沒有1000 | 加5000太貪心了 | 加薪加起來沒啥不好，要有人帶頭整體的薪資水平才 | 會起來 | 是說那個NEXT Bank呢  看徵才資訊覺得這家慘了 | 資方典範 該噴了吧 | 讓全台嚐嚐斷網的厲害，種花最強大的伺服器業務。 | 要公司調薪這麼多，會想理你公會嗎？ | 現在客服早就跟罷工沒兩樣啊，網路也常常沒事就罷 | 工 | 集體罷工發現公司一樣能運作就不好玩了哦 | 先關ptt主機，搞不好大批鄉民上街頭助陣。 | 跟立法院一樣，被佔據了幾個月發現完全沒影響 | 你就不是公務人員，現在面試比重也高 | 新聞是寫台塑（1301）、中鋼（2002）是早就響應加薪 | 而不是台塑中鋼要跟中華電一起去抗議 | 工會加油 | 快罷工 | 小花老屁股爽領薪水 誰跟你們玩啊 | 可以效仿某科技業結構性減薪 | 不然支持勞方學中國嗎？ | 多用點腦思考 | 沒網路用 大家就嚇死了 | 中華電信我外包那麼多，誰會怕？？ | 工會力量很小，很難加薪吧 | XD | 股息越發越少還敢叫 | 裡面一定一堆混飯老屁股 | 冗員不會參加罷工，懂？ | 種花一堆無所事事的，沒裁就偷笑了 | 笑死 | 樂觀其成！ | 外包罷工才有用吧 | 股東表示不准 | 罷工後發現自己在不在公司根本沒差  不就QQ | 快霸阿  會停擺嗎 | ====最好全部罷工從新招人 反正不用垃圾中華======= | ====最好全部罷工從新招人 反正不用垃圾中華======= | ==========2412跌破100元 全民接低點接到笑呵呵==== | 快辭職，讓年青人進去做 | 罷工後發現沒影響 工作都是外包在作 | 快罷 新人更多好用，老人沒用又貴 | 中華老員工都領股票優退了吧 | 給你們加薪啊，順便資遣啊 | 想當初我老師還在fb炫說他哪個親戚高層在種花，平常 | 日都請特休，禮拜六再特別去公司騙加班費，一個月 | 都十來萬，垃圾 | 要霸快霸 | 丸子 | 加薪8%好爽 | 外面很多等這進去，快霸吧 | 好喔請罷工，資方嘴臉，你不做一堆人搶著做 | 中華電信的缺有多爽還要說出來嗎？工會主張罷工的 | 都是主管級吧？拜託請罷工下面的人很想升上去 | 笑死 完美示範什麼叫自取其辱 | 中華電信這種公司加薪五仟可能實質減薪 懂薪資結構 | 就知道為什麼 | 說真的 不怕 兩張sim 家裡兩固網 不同家 | 中華電年薪中位數147萬 | 要出走遠傳台哥大嗎？ 呵呵 | 中華年薪達到中位數的年齡都至少50啦 | 中華電信要是斷網、斷話  應該大家都要跑號子交易了 | 中華最低薪的工作 老早外包給宏華了 | 中華電30-40歲的普遍在100-130萬  到40-50才有機會 | 上140萬 | 推文大家都是資方嗎 | 不要錯誤意識好嗎 | 罷工就是大家一起跟老闆談待遇的法律保障的行為 | 自己談可以一起談沒毛病吧 | 要談判當然先喊高一點 | 先把董座官派改掉阿 他媽酬庸位 | 咦，我以為已經罷工好幾年了 | marsh大推 不過再等等吧 台灣勞工彼此牽制 見不得別 | 人更好 | 罷工就只是談判手段一部分 有勞工階層網內互打輿論 | 幫忙牽制 這樣管理方的壓力更小 | 台灣工會意識這方面還很薄弱 | 不管過得到底好不好 去談判都是他們的權益 | 來股版談勞工權益是甚麼概念? 加薪對股東有利嗎? | 中華電信就仗著國營，會吵有糖吃 | 罷工是權益但自身也要有籌碼談判 | 所以才說罷工結果不影響營運不就超尷尬 | 知道公務人員加薪 但是他們知道公務員不能組公會嗎? | 工會 | 不是啊 在這裡唱雙簧有屁用 看戲也不行 | 與其在這互相按讚 先離開座椅 | 中華電股價太高了 求你們快罷 | 跌個2位數讓大家撿一下 | 外包的錢省下來，員工全自己做，再和資方談加薪才 | 站的住腳。 | 罷工？不爽做外面還一堆人搶著進去阿 | 早就該加了 平均十年才能升一次 | 外包也是公司政策!難道是員工要求外包!?扯外包的人 | 邏輯是? | 太多外包 不怕你罷 | 不缺員工，缺預付卡:D | 哭r 剛買 | 不敢吵加薪是個人選擇，拜託不要去扯敢的人的後腿 | 那正好可以把罷工的砍掉，把外包的找進來 | 明明都是勞工卻有資方的意識  可憐哪 | 看推文就知道為啥台灣資方這麼爽 | 垃圾公務員 | 官股的員工什麼懶覺樣大家心知肚明啦",作者: combo999 () 看板: Gossiping 標題: [新聞] 中華電信工會要求加薪將啟動罷工程序 時間: Tue Sep 28 11:55:50 2021 中華電信工會要求加薪將啟動罷工程序 記者黃晶琳台北即時報導 2021年9月28日 週二 上午7:15 中華電信（2412）工會要求加薪，但中華電信臨時董事會並未列入加薪提案，中華工 會表示，政府擬對全體公務人加薪，台塑（1301）、中鋼（2002）集團紛紛響應進行加薪 ，但中華電信卻無正面回應工會對加薪等多項勞動權益的議題， 當公司鴨霸成為事實、工會激烈抗爭就是必然中華電信工會今（27）日發出採訪通知 ，中華電信工會將啟動罷工程序首場抗爭，地點就在中華電信公司總公司大樓一樓。 中華電信工會理事長洪秀龍表示，工會透過各種管道希望跟公司展開加薪、組織調整等諸 多議題展開協商，包含一個月加薪5000元，平均調薪幅度約8%，但卻未獲得正面回應， 中華電信同仁年年為公司盡心盡力，讓公司持續獲利，但去年卻僅發出一次性的5000元 獎金，今年至今未對調薪有正面回應，因此將走上街頭，展開罷工程序的首場抗爭。 中華電信工會表示，中華電信將在9月28日召開臨時董事會，諸多勞動權益議題本會已窮 盡各類管道迄今苦等不到中華電信公司展開協商，僅得於臨時董事會召開當日動員會員包 圍中華電信總公司大樓進行宣告罷工後首場抗爭行動，期盼公司與會各獨立董事能撥亂反 正於董事會要求公司與工會展開協商。 中華電信工會強調，在政府擬對全體公務人員加薪並多次呼籲給勞工加薪的情況下，台塑 、中鋼集團紛紛響應進行加薪，而中華電信工會亦多次利用各種管道向中華電信公司提請 加薪，中華電信公司依舊無視本會所提之加薪提案，中華電信公司係不願與工會進行實質 協商之累犯，歷來只會把員工是公司最重要的資產當成口號加薪、組織改造 、員工酬勞、五一勞動節加班方式變動等多項重要勞動權益全然不願與工會協 商，中華電信公司片面強橫執行，中華電信公司這些行徑形同沒有胡蘿蔔只有棍子，種種 鴨霸作為本會絕不會姑息也不會屈服，必然全力反擊抗爭到底。 中華電信工會也發出嚴正聲明 一、要求中華電信公司儘速與本會展開實質協商，未事先與工會勞資雙方協商獲致共識不 得辦理各項勞動權益調整。 二、本會合法踐行罷工程序，消費者電信利用或有影響還請見諒：本會已全面撤銷對中華 電信公司之加班同意，並啟動罷工程序，本可合法進行阻礙事業正常運作及與之對抗之行 為，期間如對電信利用產生影響亦屬必然，除請消費者海涵，中華電信公司必須為此負最 大的責任。 https://tinyurl.com/4xj7yvuc 心得： 罷工隱憂？ 中華電（2412）台塑（1301）、中鋼（2002）可能利空 板上都是支持資方的吧 能允許嗎 https://www.ptt.cc/bbs/Gossiping/M.1632801352.A.CB0.html
[新聞] 成立第六隊有譜？聯盟證實拜會中華電信,2021-10-14,111.0,"你牛皮中華電信是賺得有比宇宙邦多逆 | 利空消息 | 職棒燒錢事業 | 大利空！ | 養球隊 利空來了 | 反觀蹭仔崇越 | 直接叫中華隊！ | 台灣人這麼少，這麼多對幹嘛，不如縮減成2對明星隊 | 終於要跌了 每年賠一億 | 間單的防守也在那邊失誤 | 吉祥物不知道是什麼 | 烏龜 | 每年好多花幾億 利空來了 | 叫中華電組球隊還不如直接拉合庫上來打算了 | 中華電信存股隊 | 何必呢? | 笑死 明天跌停 | 快賣股 | 要燒錢了，大利空 | 不務正業 | 終於要跌惹 | 重大利空，今天重挫1元 | 雖然養職棒不便宜，但當成廣告費也不是那麼不能接受 | 說實話現在還太多隊 去看觀眾人數 | 比日韓回來都少 | 種花下去 | 中華龜龜隊 這隊名不錯的感覺 | 直接叫中華隊很好阿 | 長榮水手隊 | 亂花錢企業完蛋 | 那就期待球員不要有酒駕家暴那種負面消息 不然變成 | 負面廣告 | 中華種花隊 也不錯 有疊字諧音 | 成立  中華不能當定存股了 | 取中信隊嗎 | 中華電信那需要什麼廣告…… | 大利空 慘 | 種花隊 | 還好我把我那張賣了 | 賣了賣了 | 2412最多就是找自家球員拍廣告代言啥的比較方便這點 | 看看兄弟象的下場.... | 未來標題棒球員簽賭 股價大跌 | 中華隊 | 叫中華的冗員去打職棒就變利多了XDDD | 不會像兄弟象那麼慘,不會的,每年稅後盈餘幾百億,玩得起 | 小心退休金蒸發 | 但是直覺就是不太可能讓2412獲利 | 中華電信轉投資都不太妙 不過他們閒錢是真的多 | 若是就職棒發展的角度我是贊成的,球員退休轉中華電正職員 | 中華如果養業餘還有可能 職業應該很難吧== | 工，保障球員退休後的生活 | 其實現在應該是逢低買球隊，別忘了今年進場人數還是 | 有限制，現在也只能坐五成，之前還有25%及零觀眾的 | 啊沒，剛把業餘跟職業的部份搞混，球員退休跟業餘較有關 | 不過我是覺得中華電信可以再等一下，搞不好過兩年 | 就職棒發展的角度是2412不太可能倒,錢多,養得起,但很花錢 | 樂天會賣球隊，到時低檔撿便宜就好 | 終於要跌了 | 樂天 上一個哪家？ | 乾脆叫台灣之星也來組一隊，看台灣隊跟中華隊，哪一隊比較 | 強 | 難怪今天大跌一元 | 臺灣之星就味全 | 看到某樓說中華電信需要廣告就笑了 | 黑天鵝事件跌0.5元 傳言進軍中職跌1元 | 明年要選舉了 還等兩年勒 | 老話一句 快逃 | 100見 | 一年燒個2億還能接受吧，未看先猜領隊是趙自強 | 為什麼不叫兆豐金出來組棒球隊 叫中華電好笑 | 兆豐金才是真正的大政府 | 對中華電信未來獎金沒好處 | 跌到100的時候叫我 | 90身家收 | 種花隊 | 養球隊 利空來了 | 我還奇怪怎麼今天重挫1元 | 哩空 | 中華電 皮卡丘 ？咦～～ | 利空 | 這一定利空 | 乾 浪費錢 | 對此，蔡其昌今日受訪時說：「中華電信能不能成為中華職 | 殖利率又要掉了？  定存骨快失格了 | 職棒的第六隊，目前還言之過早。 | 真。中華隊 | 如果打假球算是業務合法範圍 我是滿看好的 | 浪費 中華電信錢太多了 | 乾脆再找台積電 | 影響多少EPS | 80見 | 馬的 | 真 中華隊 | 說個笑話 中華電信需要廣告 | 每年賠二億 | 台積電要不要玩球隊？ | 還差遠傳？ | 打輸一場，隔天全台斷訊一天 | 隊名 中華隊 | 加盟的話就空 | 如果拿冠軍可以5g吃到飽499一年嗎 | 恐怖情人，這樣去找，你是立院副院長，種花能說不嗎？ | 要虧了… | 今天大跌1元的原因？ | 賣鬧了. 不要來蹭中華電信好嗎.. | 騎虎難下，給你戴高帽子 | 中職三到四隊就夠 | 完了!!中華電會大虧損 | 每年賺三百多億 | 還沒看過2412吃跌停  有機會了",原文標題： 成立第六隊有譜？聯盟證實拜會中華電信董座 原文連結： https://preview.tinyurl.com/yjgg7j8t 發布時間： 2021年10月14日 週四 上午10:19 原文內容： 中華職棒目前進入爭奪季後賽的階段，下半季賽程剩下不多，而在中職32年和以往最不同 的是加入全新的味全龍隊，尤其是旅美回台的大將王維中受到廣大注目，另外曾仁和、陳 冠宇也陸續返台加盟，加上強力洋投留隊，比賽更添可看性，不過最令人感到可惜的還是 聯盟球隊過少，缺少了那麼一點競爭力。 加入味全龍中職不過也只有五隊，雖然投打陣容精采，但奪冠含金量往往不高，但就在稍 早傳出現好消息，據13日中華職棒聯盟高層前往中華電信總部拜會，中華電信對聯盟打造 第六隊表達興趣。這表示在未來聯盟第六隊確實有譜，若能在短時間內迅速增加球隊，想 必聯盟的競爭力和可看度會大大增加。 中職會長蔡其昌表示：目前對第六隊企業有興趣的有二種，一是對高雄市政府配套有興 趣，市府爭取第六隊在高雄當主場，規劃澄清湖球場整體開發配套方案，二則是對減稅有 興趣，不是看中高雄市配套，對土地開發不內行的企業，目標最快年底可以向大家報告。 看來蔡其昌並非說說而已，對於聯盟第六隊早有實質規劃。 而13日正是由中職會長蔡其昌帶領聯盟人員首度前往中華電信拜會，對方董事長謝繼茂也 親自接待，據悉其實不少企業對組第六隊表示興趣，但都未有實質進度，中華電信則表達 對棒球的興趣，才促成這次中華職棒與中華電信的見面，雖然後續如何都還要再商討，但 這肯定是個好的開始，相信球迷們對此也相當期待。 中職證實昨日前往拜會中華電信，並且對此表示：主要感謝中華電信今年對中華職棒的 大力支持，同時也向中華電信簡報相關加盟資料，是純粹拜會交流行程。看出聯盟對此 也相當積極，但目前尚處商討階段，不急於進行下一步，畢竟能找到對棒球如此有興趣的 企業已相當不簡單，若幸運的話，中華電信有可能在未來創辦第六隊。 心得/評論： 中華電信最棒了 佛心企業 相信認養第六隊指日可待 讚啦 
[標的] 2412.TW 中華電 請益,2021-10-19,75.0,"中華電是一種信仰 | 搞職棒註定虧錢 | 沒地方賠錢~找個職棒來賠錢 | 殖利率也沒這麼高了，可以考慮別隻吧 | 又有假球案的話 科科 | 中華食也是越漲越高 | 真心想搞好以後有機會賺錢吧 但如果只是有某些壓力 | 那duck不必勉強 | 搞職棒，看台灣觀賽人口，很大機率賠錢，還要養球 | 團，球員薪資也不低 | 你反應也太大 八字都還沒一撇... | 中職是減稅、做廣告、做公益、放現金的，還沒搞懂喔 | 壞消息，絕對是賠錢的東西 | 無腦買2412就對了 | 看看中信跟國泰，辦了多少賽事，有影響股價？ | 還有富邦也贊助大專高中聯賽 | 小錢怡情啦 | 至少買5%...的投資標的啦 | 要信仰幹嘛...賺錢才是真的 | 找地方花錢 | ID | 廣告預算拿去養職棒 對中華電小兒科 | 中華應該好好重視本業比較好，偶爾贊助一下體育賽 | 事即可，真的跳下去一定是一個火坑 | 廢文王ID，天天假請益洗廢文 | 現金滿手等待再一次假球案歐印進場 | 一年虧3E以種花來說還好吧 | 絕對的壞消息 | 就廣告經費挪動一下就有了阿 看看統一 有差嗎? | 中華點需要什麼廣告嗎 | 去年某金控賠了兩億八 有影響股價？ | 你覺得建設5G有侵蝕獲利了嗎？ | 當作公益吧 | 什麼年代了還在假球環境不同了好嗎 | 中華電信一天約可賺1億,養一隻球隊一年約3億,就拿 | 三天賺的錢來花而已,有差嗎？更何況如果球隊形象好 | ,代言自家電信,搞不好業績會更好 | 往下噴 | 來洗廢文的吧 | 中華開頭的有很多公司 | 進軍職棒是廣告與形象 | 賠錢。官股都不會搞行銷。中華本業不賺呀，現在猛 | 接專案。富邦momo，遠傳friday | 統一獅2020的營業利益是-18,731仟元，稅後是885仟元 | 中華電也要問 您問中華化還比較有梗 | 大概就是個，不賠不賺的廣告 XD 但是CHT的廣告效應 | 很難評估 XDDDD | 賠錢穩的 | 台灣職棒早該廢一廢 這樣半死半活只會每況愈下 | 國內通信部門2021H1部門淨利131億 這樣叫本業不賺喔 | 補一個，富邦育樂2020認列損益是-5,452仟元，看來就 | 還是要像遠傳整間公司半年賺38億才叫賺? | 中華化 中華食 中華電 中華中華我愛中華 | 是個小賠的投資；至於財報有沒有內部轉移，就不是 | 我能力範圍內的了 XDDD | 現在連中華電都能問......欸欸不是你輸錢就能一直po | 廢文耶 | 中華電每年賺300億 職棒就算每年燒10億 EPS也才0.12 | 中華電信等過兩年樂天賣球隊吧，到時不用自己創立球 | 隊會比較省錢 | CHT根本不需要廣告 | 台灣電信業根本暴利 不賺是平行時空嗎 | 廢文 | 這算賺錢嗎？ | 事實上就是獲利越來越低了阿 | 職棒是賠錢貨 幫母企業打廣告的 | 就賠錢但中華一年賺多少 | id | 獲利沒有越低，越低的是營收不是稅後盈餘 | https://i.imgur.com/vTtu3F0.jpg | https://i.imgur.com/257Y5wb.jpg | 而且今年營收應該有機會彈起來 | 怎麼還會有人推+認真回答.. | 推 lamgirls~ | 加碼噓",多空理由不充實 者，板規115或44處份 2.進退場機制若非長期投資，請 輸入停損價 ，否則依板規116處份 3.請依格式輸入內容，未依格式者板規112砍文處份。 標題請使用以下格式：股號.市場碼股名分類 (市場碼：TW US HK CN JP KR...) ex [標的] 2330.TW 台積電 長期不停損多 ex [標的] TSLA.US 特斯拉 馬斯克火星多 按ctrly 可刪除 以上內容。 1. 標的： 2412.TW 中華電 2. 分類：請益 3. 分析/正文：請問大家目前棒球界有傳出中華電信可能進軍職棒想問一下如果中華 電信真的進職棒會對本業營運造成什麼影響嗎?中華電信一直都是電信龍頭每年的獲利 跟股利都跟定存一樣穩定但是如果進軍職棒這樣的決定對股東算是好消息還是壞消息啊 ?如果真的進軍職棒而虧錢會侵蝕到原本穩定的本業整體獲利嗎?原本我打算穩穩地低接 中華電但是看到中華電可能有意進軍職棒不曉得這算是利多還是利空想請益一下大家 的看法這樣子謝謝。 
Re: [標的] 2412.TW 中華電 請益,2021-10-19,48.0,120張好難 我只買了76張 | 簽名檔回味一下 | 要50萬其實不用那麼多本金啦 | 大概兩年後等樂天賣球隊比較划算啦 | (╮⊙▽⊙)<這個簽名檔 齁齁 | 不過突然想到，等到樂天賣球隊的時候 | 除了中華電以外，東森好像也想要買 | 以上都是我個人推測 | 2412就是常常被政府吃豆腐，然後還要扮演各種帶領 | 產業前進的角色，固網、行網、MOD都嘛率先燒錢來逼 | 其他安逸圈的財團不得不跟進 | 簽名檔意圖使人回味 | 簽名檔235沒看過 | 當你知道跟銀行打交道。就知道質押的好處 | 一張要11萬   120張一年能領多少? | 最後一哩、光纖、基地台共構，財團共享，中華電建構 | 一張4-5千阿 120張就48萬-60萬 有啥問題 | 股票公務員有什麼好算的..股利固定、股價還固定勒 | 台股只有2412跟其他 | 選有配股的..還是殖利率高一些的...還能越來越多張 | 自己錢撥給自己到底有啥好爽的 | 簽名檔客服有沒有人可以私.. | 樓上，您為什麼要那麼著急呢 | 目標一年存5張 | 感覺金融比較有爆發力 找官股也不輸這個 | 意圖使人複習 | 求私訊解密簽名檔，只知道456 | 簽名檔笑死 | 牛奶都當媽了還在鞭 | 牛奶不是我們鞭的吧…刑事案勒 | 百分之五 客服。解不出來 | 5%有點普，不知道沒差 | 我只想上車簽名檔 車呢？ | 廣大人民養出來的 就算民營化 也是特許行業 | 本來就應該承擔責任 | 簽名檔少一部 哪有人這樣的 | 這種可能中華電變成不適合存股 | 淡江ashley超讚 | 5% 解不出來~老濕機可以關鍵字一下嗎 | 以前沒買2412應該現在買入成本都超級高的 | 但是這波看了心癢癢的大有人在 | 惠美梨 | 20張路過，目標30張，30張以後再訂新目標 | 2412無腦買，管成本高低的是？ | 12沒看過 | 為了你 一直走在最前面 | 要買2412放10年不如買0056 | 回樓上 今年2412大退潮不一樣喔,: 1. 標的： 2412.TW 中華電 : 2. 分類：請益 : 3. 分析/正文：請問大家目前棒球界有傳出中華電信可能進軍職棒想問一下如果中華 : 電信真的進職棒會對本業營運造成什麼影響嗎?中華電信一直都是電信龍頭每年的獲利 : 跟股利都跟定存一樣穩定但是如果進軍職棒這樣的決定對股東算是好消息還是壞消息啊 : ?如果真的進軍職棒而虧錢會侵蝕到原本穩定的本業整體獲利嗎?原本我打算穩穩地低接 : 中華電但是看到中華電可能有意進軍職棒不曉得這算是利多還是利空想請益一下大家 : 的看法這樣子謝謝。 玩職棒的沒有賺錢的阿 真正有賺的大概是La new集團 趁熱賣掉才有賺 沒賣之前都是虧 雖然中華電信不缺錢 大筆的土地 空間 閒置資產在那 政府要找人出錢贊助 第一順位就中華電 沒有之一 而當國家有難的時候 找不到人投入職棒 中華電就是永遠的備胎 當然 中華可以說幾乎贊助了所有台灣主要運動行業 舉凡網球 羽球 桌球 籃球 職棒 MOD可以說是進入了台灣運動比賽的核心 至於MOD有沒有賺錢 也不是那麼重要了 但相信2412穩如泰山 買就對了 聽說買120張中華電 就可以放著養老 每年領50萬 放十年後 再去銀行刷簿子 然後再放十年 財富自由不是夢 我老公呢 楊冪 百分之五 客服 會不會死掉 牛奶 吹樂器 熊熊 硬啦 閃亮亮 淡江 Ashley 
[新聞] 「499吃到飽」時代正式道別！中華電 4G「,2021-10-28,116.0,"這不算聯合壟斷？？？公平會不查嗎？ | 股票要漲了嗎? | 馬的姆咪電信 ***OO+1 ，感謝___,穩教訓一波的 | 老客戶都辦2699 才沒在辦499 | 台灣之腥洗白的機會來了 | 樓下說一下，明天漲多少？ | 亞太11元釘子戶笑而不語 | 下個月開始滷肉飯不能加點滷蛋了 ㄏㄏ | 好的OOO 種花不用負社會責任嗎 | 開盤漲停 | 可惡，我只能繼續用111吃到飽了 | 我很好奇，當初低價吃到飽4G終身約要怎麼退場 | 2412漲停我就……    賣掉他換別檔 | 繼續用遠傳188吃到飽 爽 | 聯合壟斷 | 促銷互砍後調回原價怎麼可能算壟斷… | 我用遠傳398 限速不限量爽爽 雙月才繳一次帳 | 好明天大漲0.5慶祝 | LM 111持續服役中 | 我499吃到飽還有兩年合約才到期超爽 | 中華電信最近收訊那麼差，常常斷線跟網路龜速，還 | 敢漲價 | 這是聯合騙錢吧 | 連跌兩天 | 哭啊 你今天還跌 CNM | 刷一排499 | 同時取消？不用查？ | 目前遠傳319方案繼續用，但是這種方案到期後不見得 | 能續，約到明年七月，也不知道到時候方案會不會全部 | 不見剩下高價吃到飽... | 早綁約第二次： https://i.imgur.com/9OhsodS.jpg | 還沒雙11，不好說! | 到時候要強制驅逐4G用戶嗎？ | 我最近辦到亞太288吃到飽，覺得速度很快又好用，感 | 覺不錯 | 我自己用種花店跟呆丸大門號 其他沒一家訊號是穩定 | 特別是走到深山處或者海邊的時候最有感 | 因為遠傳承接LM111跟211合約，到時候停止合約會產 | 生糾紛，這個很難解決 | 4G訊號最近那麼爛還敢漲 | 聯合漲價 忽然發現不用削價競爭XD | 中華在彭佳嶼跟金門一些特殊區域有訊號@@ | 限速也沒差 反正本來就跑不滿 穩才重要 | 沒漲價吧?沒記錯的話499之前要699才有網路吃到飽 | 還好台星就是188，干我屁事 | 5g沒人用改4g漲價 | 還好上個月換遠傳319了 | 中華殺499時另外兩雄逼著跟進現在跟著上漲就變壟斷 | 喔… | 直接打電話到遠傳319，誰跟你499當盤仔 | 台星188再戰3年 | 要噴了? | 遠傳跟台灣大 跟著中華電屁股後面幹嘛 可以獨當一面 | 嗎! | 大漲0.5慶祝 | 該買台灣大了嗎? | 通膨了 | 遠傳跟台灣大 費用一直跟著中華電屁股後面 那用中華 | 就好啦 | 中華電就一家獨大阿，三雄是講好聽的 | 遠傳211繼續當釘子戶 | 中華電信說話啊 當初也是中華打開499之亂的 | 188爽用中 嘻嘻 | 漲到大家改用5G啊，5g噴起來 | 壟斷啦 | 有差嗎 反正到了晚上還不是降速限速 | 我都換5G約了然後最近在家常變剩3G… | 明天跌停 | 經濟這麼好，應該的啦 | 中華收訊越來越爛 | 我台哥大488吃到飽還送網內外通話欸 | 不知道星圓通訊綁中華4G可以撐多久... | LM繼續用== | 無框通訊 | 我來這裡看窮鬼為100塊崩潰 | 種花員工表示 吃到飽只要400啦 | 99吃到飽表示? | 台灣之星188吃到老 | 種花：那你有沒有要用嘛？要用就乖乖繳錢啦！ | 亞太199用爽爽 | 來看一堆窮鬼為了幾百在那炫 | 改499 21mbps不是已經很久了嗎？月經文？ | 種花店 最近似乎會針對老人 做不當行銷 | 聽到蠻多個案例 | 499哥畢業了 | 抗議 | 台星屌打，三雄都是垃圾 | 5g很多地方都沒訊號... | 讚啊 | 讚哦～188+94+88用爽爽 | 真希望電信商不要那麼在意客戶數 那些網路用量大 又 | 不願多付錢的 趕快去兩小... | 還在188www我49吃到飽爽用笑你www | 國內一直cht 獨大多久了 其他業者還跟他租線的 | 2018LM211大贏家 | 還好存了一點2412，你漲電信費我就賣漲的2412補回來 | 台星188 | 這是聯合壟斷吧 | 大漲0.5應該的 | 為了生一支棒球隊出來 開個財源錯了嗎？ | 亞太好用 半年沒繳費也沒停話 | 成本攤提都要過了，資費漲價是怎樣？ | 雙11攜碼省下錢可以買中階手機 跟4g分享器 | 不降價599 但攜碼499 印象中2年前玩過？ | 看！下個月合約到期要續約… | 先看看5G頻譜誰售出發照的 | 再來回頭說協調三大電信業者 笑話 | 大漲0.5！ | 訊號這麼差還敢漲 | 通訊行499卍解 | 台星雙11。188不限速的時代來了 | 199吃到飽表示 | 台星速度真的慢... | 中華品質還是比較穩 4G 499 21M限速方案夠用了 | 平常看電影、用line也很順OK | 5G資費方案 大多數時間都是4G 真的很騙",作者: mason710 (我不是妳想像的那麼勇敢) 看板: Gossiping 標題: [新聞] 499吃到飽時代正式道別中華電 4G 時間: Wed Oct 27 09:06:11 2021 備註請放最後面 違者新聞文章刪除 1.媒體來源: 自由時報 2.記者署名: 文記者黃敬淳 3.完整新聞標題: 499吃到飽時代正式道別中華電 4G不降速雙飽衝上 999 元 4.完整新聞內文: 台灣大哥大稍早更新自家 4G 499 費率，確定跟進中華電信和遠傳電信，調整為降速 21M bps 吃到飽，想使用 2018 年全台民眾風靡一時的499雙飽方案，即上網不限速吃到 飽和網內互打免費，目前電信三雄費率都已取消， 且將不限速吃到飽門檻拉至 599 元 ， 形同 499 時代正式退場。 和中華電信和遠傳電信的既有 4G 方案相比，台灣大哥大仍提供攜碼和新申辦用戶網內免 費，且有額外的每月網外通話金，成為一大特色，至於台灣大的4G不降速雙飽，費率 則從以往的 499，改為 699 元。 中華電信則從學生教職員方案開始，先將 488 吃到飽為 588 月租，並刪除網內互打免費 ，同時將原先 4G 469降速21M吃到飽費率改為 499。至於一般用戶若想體驗中華電信 4G 雙飽，費率則已衝上 999 元起，與過往的 499 費率及同業差異不小，且也和 5G 費 率相當。 遠傳電信方面，則將原先 499 即享全速吃飽，改為需加價 100 元至 599，而新的 499 費率則與中華電信相同，改為降速 21M 吃到飽，不過，遠傳仍在 499 費率保留網內互打 免費，同時加碼 500 ~ 1200 不等的遠傳幣吸引用戶，而若想體驗 4G 雙飽，費率 則為與台灣大相同的 699 元 5.完整新聞連結 (或短網址): https://3c.ltn.com.tw/amp/news/46428 心得： 壟斷？吃定消費者？ 中華電作多？ 還是要加碼其他業者？ https://www.ptt.cc/bbs/Gossiping/M.1635296774.A.FF1.html
[新聞] 中華電信第3季每股賺1.21元,2021-11-01,56.0,明天大漲0.5 | 明天繼續魚 | 完了 大跌1元 | 明天大漲0.5還是大跌0.5？ | 年減 那就是要噴了 | 一百一以上不考慮 | 定存股 | 股息別再掉了 | 除息後每天掛108，不信等不到 | 繼續死魚 | 不是感覺幾周股價沒動 是幾年股價沒動吧 | 這隻真的很好玩XD別人飛來飛去的都不關我的事 | 長榮陽明被低估了 | 明年調薪4% | 累積3.5了  今年會到4.7嗎 | dead money~ | 499走入歷史 寡占巨頭又能賺錢了 | 一季才1.2  啊股利發完不就幾乎沒了 | 長榮陽明委屈了  超委屈 | 中華電基本上就是賺多少配多少啊 不夠還拿公積配你 | 完全不用等他召開董事會決議配多少 | 2412發放率97-99%啊…他什麼時候留過錢 | 不重要好嗎 | 資訊大臣搞一堆系統都沒吃到喔 笑死 | 聯電委屈了 | 明天大漲一元 | 樓樓樓上 請洽關貿 | 營收越來越差 股價卻一直飆 妖股 | 最強存股 | 台灣還有人口這檔就不會倒啊 | 中華電吃政府的案子都是別人不要的那種硬塞來的吧 | 哪會給賺錢的 | 110 111 反正都不會跳.. | 覺得起伏不會超過1元，超過應該可以發新聞了 | 噴 | 債券股 | 營收變少不意外，獲利增加才是真的 | 明天掛110買 | 這隻也是奇葩 台股上沖下洗好像都跟他沒關係 那天他 | 大漲還是大跌3塊發新聞還比較有可看性 | 中華吃政府的案子有些是牽涉到機敏資料 外人吃不了 | 政府也不敢給外人做 | 明天大漲0.5元 | 中華債券 | 結果中華電發包給外人做... | 戶政系統都給大陸做了...機敏資料 科科 | 大漲0.5以資鼓勵 | 種花電信還能賺啊 | 什麼時候填息阿 一直110-111 | 股價不動如山 | 也太爛 | 中華電營收一直減但股價一直漲 超強存股 | 死魚盤 | 成本95路過。這裡的人股齡都都好年輕。 | 今日果然大跌0.5了XD | 默默已經114了!!!,原文標題：中華電信第3季每股賺1.21元 原文來源：自由時報 原文發布：11011011758 原文連結： https://reurl.cc/WXbKV7 原文內容： 記者楊雅民台北報導 中華電信（2412） 今日召開法說會，公布自結 第3季合併營收為508.9億元，較去年同期減少 2.5 % ；稅後淨利為94億元，年增12.8%， 每股 盈餘1.21元。 其中，行動通信業務營收為228.4億元，年增5 .6%，主要因智慧型終端銷售及 行動服務營收 增加；網際網路業務營收為82.8億元，年增11 %；國際固定通信業務營收為21.1億元，年減 1.5%；國內固定通信業務營收為 156.6億元， 年減16.9%， 主要因資通訊專案營收減少， 抵 銷寬頻接取營收的增加 。 中華電信董事長謝繼茂表示，行動服務方面月 租型客戶數及行動服務營收持續成長並帶動AR PU推升，iPhone 13於第三季末推出亦推升 5G 用戶數及高資費申辦數， 5G基地台於第三季累 積已建置超過1萬座，預期年底可達1.2萬座。 他並指出，隨處工作趨勢將持續帶動固網寬頻 需求，300 Mbps 以上寬頻用戶數增加48%，截 至2021年9月底，中華電信光世代寬頻客戶 數 為368萬，佔寬頻客戶數之84.4%；100Mbps 速 率以上客戶數達194萬，年成長約13%； HiNet 寬頻客戶數為362萬，較去年同期成長0.5%。 行動電話客戶數為1174萬，較去年同期增加4. 1%；市話客戶數累積為973萬， 持續維持固網 市場的領導地位；MOD 業務因成功的定價策略 及東京奧運賽事轉播，第三季亦表現亮眼。資 通訊專案業務利潤成長， 未來將持續發揮資通 訊技術優勢，爭取更多新興數位商機 。 謝繼茂指出，展望未來，中華電信將持續保持 各項業務營收和ARPU的成長動能，提升產品及 服務，滿足客戶需求，並在符合 ESG標準的架 構下，追求企業永續發展。 心得： 感覺最近幾週的股價沒什麼波動。 另外昨天與夫人要從遠傳攜碼到中華搭配IPHO NE13 PRO MAX，在月租費999的方案之下， 給 的優惠其實還好。 
[新聞] 《通信網路》中華電5G加速器 應用遍地開,2021-11-19,11.0,回來110給我買好嗎 | 今天殺這根撿得好爽 | 阿斯拉 打開加速器 | 買多一點 | 今天跌這樣不像這麼威 股災都沒跌這麼多 | 大牛在動了 | 中華電是前幾天超漲了好嗎 | 才幾天就噴5塊 回檔剛好 | 中華電-2%真的少見 | 今天到底為何大跌2塊？不懂 | 跌回105讓我買，好嗎！,原文標題： 《通信網路》中華電5G加速器 應用遍地開花 原文連結： https://reurl.cc/jgemvZ 發布時間：2021年11月19日 週五 上午8:5 原文內容： 時報記者王逸芯台北報導中華電(2412)自2018年成立5G加速器以來，持續為台灣優秀 5G新創團隊爭取更多曝光機會及市場商機，不只連續3年前進亞洲最大創新創業嘉年華 Meet Taipei，在會場上打造中華電信5G加速器專館，展示各種5G創新解決方案，中 華電5G加速器最重要的目標就是，協助台灣更多創新創業團隊將技術商用化，搶攻全球的 5G商機。 中華電表示5G加速器成立3年多以來，至今已吸引39家新創團隊加入，藉由帶領新創參加 國際展會、提供創業培訓輔導及5G實證場域、媒合新商機與訂單等方式，為推動台灣5G新 創的發展，做出不少貢獻。例如，透過策略投資方式，協助農譯科技搶攻海外智慧農業專 案；專標案合作，引進碼卡實境的AR智慧教育解決方案；透過中華電自有通路銷售與推廣 谷林運算智慧監控系統；與極限科技介接合作無人機機隊管理平台，讓極限科技3D建模技 術有更多發揮空間。 本次參與Demo Day活動的15家新創團隊分別是台灣資料科學、伍碩科技、谷林運算、旺德 賽斯科技、杰悉科技、智慧貼紙、極現科技、鉑鑉、滿拓科技、網聯科技、碼卡實境、憶 象、環球睿視、獵戶科技及邊信聯科技，解決方案類型涵蓋智慧製造、智慧零售、智慧教 育、智慧運動、智慧長照、直播等不同產業，透過多元化的5G解決方案，加速促成台灣乃 至於全球5G應用遍地開花。 心得： 中華電才是最純的5G元宇宙概念股 今天竟然盤中大跌2.5元 怎麼了? 今天是否超跌 是最佳買點呢? 
[新聞] 蔡其昌透露組第6隊好消息！中華電信待修,2021-11-22,145.0,"明天放空 | 利空... | 看看富邦 一攤爛帳 | 這對中華電是利空吧XD | 還好吧！一年頂多賠兩億而已 | 又要大利多大漲0.5？還是沒開盤？ | 股民的股利少了，慘 | 快逃啊 | 499調成599 | 根本是國家隊吧 | 簡稱 中華隊 | 可以賣股了 | 簽賭到時候 虧空 | 獲利大減 空 | 是獲利衰退吧 | 存股族表示： | 如果加入組頭元素，也許組棒球隊可以獲利 | 暗 | 吉祥物要用什麼 | 去存別家 | 可以放空中華了嗎 | 本業每年賺300億起跳 每年燒5億影響也不大 | 利空 | 中華隊 | 利空XD | 崩崩 | 這會長我可以，真的有做事 | 真的利空 | 連中華電都能被外資買上再出貨 真好玩 | 快桃 要大跌了 | 不用把，某支買大量KY股虧一屁股的公司，等他什麼時 | 候認賠出場，就直接接收就好，組第六隊太花錢又傷神 | 難怪最近跌 | 中華電信黑豬 | 中華鍋貼隊 | 職棒球隊就是賠錢貨啊！！在想啥 | 這幾年職棒應該是有賺錢啦 但新球隊會痛很久吧 | 超大利空 | 利空來了 | 這輩子只進場看過2場CPBL | MLB/NFL/NHL都進場看超過CPBL | 大利空來了 | 真的是大利空了...... | 每年先虧2億 | 完了股東們一定覺得 與其燒錢打草創職棒 不如多發一 | 點股利 | 明天跌停給我撿謝謝 | 樓下幫算 eps一年要減多少 | 管他幾隊，兄弟亞是一定的 | 還不如投資SPACEX 射衛星 做全球寬頻 | 看看興農和統一這10年的走勢就知道了...... | 拿冠軍 資費半價嗎 | 投資籃球比較容易賺錢，而且幫助臺男脫單，功德無量 | 台廠一大堆有作衛星相關公司先哭死在辦公室... | 前兩周分點重壓中華電的大戶們不知道現在心裏如何 | 在台灣搞職棒就是賠錢保證。沒票房沒周邊沒全球市 | 場 | 台灣人會去美國看MLB，美國人會來台灣看CPBL? | 難怪上周跌 | 難怪崩崩 要養一堆米蟲了 | 跟甲組企業聯賽有什麼差別嗎？ | 獲利大減吧…. | 出貨 | 固定虧錢很可怕 | 利空 | 臺灣人比較喜歡籃球，尤其是NBA | 藍球才是臺灣的國球，棒球早不是了 | 彰化電信 | 笑 | 職業運動賺錢靠的是轉播權利金，這點在ESPN退出亞洲 | 之後，台灣運動轉播市場就注定死去了，只剩一堆本土 | 組隊成功 中華電就準備崩 | 頻道 | 難怪上星期大跌兩塊 | 中華電大利空== | 但是台灣籃球也不怎麼樣啊 | 台灣不要搞體育才是真的啦，市場不夠大啊 | 對員工是利空，據說現在已經在縮減福利，再養一隻 | 虧錢球隊更慘 | CPBL收起來算了...... | 利空 | 亞洲排不到八強的運動是國球？笑死 | 你看美國球隊你家的事，這邊幾乎沒人進場看過你說的 | 成立棒球隊只是為了成立拉拉隊啦，靠拉拉隊的經濟就 | 賺回來了 | 中職就是給台灣人看，好好經營就好 | 吞下去。 | 台電：幸好我已經有了 | 慘 | 丸子。崩崩 | 給台灣人看的，我超過十年沒進場看中職了 | 中華電信存股者隊 | 浪費錢 | 大灑幣 | 搞棒球隊的沒一個賺，這不是利空消息嗎？ | #政治歸政治 | 空中華 | 感謝股東讓利 | 吉祥物選這個應該沒人會反對吧 | https://i.imgur.com/725ZcsD.jpg | https://i.imgur.com/vtCN5ja.jpg | 全隊要被警察列管？ | 有夠慘，政治干擾 | 會長本身就真的球迷 知道要做啥XD | 一年賠個一兩億 應該還好吧 | 當股東是利空，當球迷是利多啊，希望可以先組，後賣 | 給有意接手的企業也不錯啊～ | 讚 | 有問過股東意見嗎? | 他們就是席次過半的大股東當然隨他玩 | 中華電信？！ | 台電不先上嗎？ | 要什麼要種花那兩億組球隊 投資其他運動更好吧 | 公務員棒球隊 | 賠錢貨，小股東倒楣 | 幹嘛拿國家人民的錢去搞球隊，中華電信，台灣誰不 | 知道，還要搞宣傳。 | 水拉 快跌下來我想撿 | 學日本實業團，運動員就是員工 | 富邦金 統一 中信金 味全 | 各位妳先賣 我等著接 | 球員還沒找要先花好幾億加盟…..利空 | 這是利空吧 | 小心塔仔出沒中，特徵就是冷不防的講幹話那幾隻 | 利空 | 中華電子雞隊 | 公務員隊要換人當了嗎 | 中華電再跌都想加碼了 | 純網銀才是錢坑吧 棒球隊小錢 | 拜託不要亂花錢好不好 | 我看棒球，但是不喜歡好公司浪費股東的錢 | 被組隊 | 種花又被強暴了，唉！就像GG被那個恐怖情人硬上過去 | 不是說GG去高雄不好，而是之前一直在放話要GG去這事 | 真的沒人在乎你中職，笑死 | 政府找不到金主硬要中華電信贊助？ | 全民打棒球 | 中華隊不是世界第二嗎 哈 | 說籃球是國球ok,麻煩把字打對好嗎 | 這明擺著是利空，爽什麼？ | 難怪中華電信一直跌XD | 種花隊？ | 中華隊來了= =  綽號要叫啥?  花花? | 台灣的國球是贏球 | 隊名 中華隊",原文標題： 蔡其昌透露組第6隊好消息中華電信待修法通過做最後評估 原文連結： https://sports.ettoday.net/news/2129496?redirect=1 發布時間： 2021年11月22日 18:02 原文內容： 中華職棒會長蔡其昌稍早連同體育界人士拜會各黨團，呼籲儘速通過運動產業發展條例 第26條之2修法， 如果順利三讀通過，將成為新的誘因，吸引第6隊，中華電信也正在 等立法院通過，將做組隊最後評估。 早上與各體育界領導者一同拜會，各黨團回應正面。蔡其昌表示，先求有再求好， 如果順利的話，將能提供企業贊助更有友善的環境。 運動產業發展條例第26條之2修法，增訂企業捐助運動產業的抵稅額度，如果通過， 將提升企業擴大參與體育的誘因。 尋找第6隊必須務實看待。蔡其昌苦笑稱，要說服企業進來，並不容易，屆時可能 面臨長期虧損，就像統一獅32年以來還是虧損狀態，假設立法通過，加上有更好的加盟辦 法，這兩方面如果做到，營造更友善的環境，我想會更有希望。 聯盟先前曾拜會中華電信，蔡其昌透露，中華電信正在等待立法院三讀通過，他們有在 詢問立法進度，目標是本會期過關，我想很快就有好消息，如果過關之後，會進入評估是 否組隊階段。 蔡其昌期待在修法通過之後，有更多企業表達意願，希望是如雨後春筍般地來詢問，目 前確實是還有其他企業表達有興趣，不過都是間接轉告，假設有正式提出，我們會像拜訪 中華電信那樣，再和秘書長一同去簡報，期待明年有一個好消息。 心得/評論： 必需填寫滿20字 中華電信認真看待籌組第六隊 倘若成功 形象上升，客戶增加，獲利更豐 對公司是大大的幫助 中華電的股東有福了 
[新聞] 兄弟奪冠「中華電信有意加入中職」　交,2021-12-02,291.0,"幹爆爪爪 就在下季 | 交通部也管棒球？ | 盈餘?定義?虧錢怎麼辦? | 乾 好想支持中華電信 吉祥物會是啥 樓下你說呢 | 已經確定了吧 | 蹦蹦 | 昨晚彩帶放槍還滿好看的 | 中華電信舞雞 | 奪冠的時候股利發多一點就好XD | 吉祥物一定是色情守門員 | 要搞企業形象也不用組球隊啊 掛名贊助就好 | No…..我的股利 | 球隊很燒錢會吃掉一堆獲利 利空該賣了 | 守門員隊 | 問題是中華電信有盈餘？ | 中職沒開放冠名權吧 不然會有娘家滴雞精中信兄弟 | 大利空。 | 利空吧  打職棒很燒錢 捐錢給社福機構比較實在 | 一定虧錢 你各位鼓勵要拿去鼓勵支出了 | 又不會因為加入中職我就把電信改去種花 | 5G建設還沒好 組一個燒錢棒球隊 | 守門員ＸＤＤＤＤＤＤ | 某樓不知道今年冠軍賽就是冠名中華電信嗎 | 垃圾投資 | 吉祥物是啥？一朵花 | 養棒球隊超貴的  不組籃球嗎 | 富邦金跟中信金跟統一跟味全都很賺錢啊 | 雞吧，中華五雞隊 | 87%會加入了 中華隊 | 空 | 統一光下線統一超 就吸收的多少商品 | 吉祥物柴犬守門員 隊呼不可以色色 | 第六隊真的要趕快進來 不然現在五隊 賽程很尬XDD | 叫花農隊啊，本土精神也代表企業形象XD | 要不要看一下疫情很慘的時候門票跟週邊虧多少 | 某樓不知道比賽冠名跟球隊冠名是兩回事嗎 | 中華電信吉祥物昨天就上場了 | 比賽冠名 才給多少而已 養球隊最少1億 | 應該是會長要選台中市長了 | →  ofpurity :  https://i.imgur.com/ORGvAPe.png | 哇 公股企業要大撒幣了嗎 | 這樣2412每年內建虧損多少？ | 會賠死 | 一年基本要噴一億元 | 其實也還好 | La New都撐過來了 | 其實也算很有愛了 | 中鋼讓利完準備換中華電信上場 | 這吉祥物看起來就是個北七OMG | 魚頭君好有喜感 | 魚頭君前身蠻獵奇的，根本邪神 | 完蛋了 | 對中華電信而言養隻球隊是還好啦 只是股東就多擔待 | 完了 | 交通部跟職棒有關聯嗎?第一次知道 | 職棒不就敗在打假球嗎？現在還有人想看？ | 幫會長拼成績啊  累積選台中市長的聲量 | 文中有寫交通部是中華最大股東 | 是中華電信跟交通部有關聯 | 很常打季後賽的一年聽說賠三億，如果少了季後賽票 | 房保證，應該賠更慘 | 看中職的人多了 | 中華鍋貼隊 | 中小企業都養的起，中華電信 還好啦！零頭而已 | 奪冠會降資費慶祝嗎？ | 主場不要再無情高雄應該還行 | 割長輩存股韭菜嗎 | 大股東是交通部 哪能不支持 | 修法讓球團支出可以減稅就有誘因了 | 小利空而已 | 原來最近在崩這個 有人早知道 | 不要再高雄就好，來新竹好了 | 那這樣配息會不會縮水啊,股東們小心了 | 色情守門員隊 | 最好種花店會說很有興趣成立棒球隊.. | 利空吧這是 | 就算說要成立也不會是錢坑職棒球隊 | 被逼的吧？ | 內政部沒有興趣嗎？ | https://i.imgur.com/nCMX8z6.jpg | 當然是被逼的阿 國家的可沒有權力拒絕 | 五隊也能打的這麼爽 什麼時候再打假球 | 中華電信姊妹隊 簡稱中信姐妹 | 別人現在還在看台灣職棒關你屁事 | 留下來的清白球員還要承擔這些酸言酸語 慘 | 台鐵整天出事不去整頓整天只想蹭 | 高雄起飛，台積電、中華電雙雙進駐! | 股價終於要波動了 | 要讓利了 | 正統中華隊 XDDD | 爛政府 | 幹嘛那麼累自己成立第六隊，去問日本樂天要不要把臺 | 灣那支路人乙棒球隊賣掉不會嗎 | 現在就打電話，開個兩三億搞不好就會成交了 | 股東要哭了 | 投資這種鳥事業真的是錢太多 | 多虧了桃吱賣給樂天,兄弟才能終結連亞 | 交長都發話 中華電該組隊了吧 | 華信豹 | 中華電信天線寶包隊？ | 種花電信奪冠 老客戶續約多送10杯咖啡 | 謝繼茂再做也沒幾個月吧剛查他已經67了沒啥好怕了 | 砍股息養球隊 | 種花有賣家電,還有賣口罩,他把這些特價賣就好了 | 成立第六隊的最大支出就是先期投資，一堆沒辦法回收 | 的，買現有五隊中的其中一隊不需要這麼累 | 殖利率準備下滑 | 第二步就錯了加入中職形象不一定變好 | 當你發現 省下稅金還超過職棒支出，投資人還會有意 | 見嗎 | 買現成五隊是認真的嗎 你也要看有沒有人要賣捏 | 公股不會灑大錢買球員啦啦隊包緊緊 作風保守吸引不 | 了人 | 龍隊花2年付出= = 以為棒球隊跟加盟一樣隨地開店 | 中華小烏龜隊 | = = | 而且成立新球隊，還要自己培養球迷。雖然我一直路人 | 摳憐 | hinet hawks | 甲路人乙喊的，但老實說人家至少還有一點球迷，也好 | 過完全沒有 | 統一都被酸公務員了，更像公務員的要加入 | 中華電信還能搞到虧錢也不簡單 | 中油台電那種比較容易虧 | 先跌再說-.- | 除息要少了 | 中華高雄隊，這不用公投嗎? | 中華隊來了，四海遊龍～～～ | 吃中華電信小股東豆腐，總仔只想有官可以做，又不是 | 他出的錢 | 中華電信的隊要叫什麼？ 中華隊嗎 | 可憐 | 中華老牛 | 推文好幾個都不看內文是怎樣啦 | 可以養活一大群人 呵呵 | 奪冠會整年不限費率 流量吃到飽就支持 | 小股東表示? | 種花天牛隊 | 超讚的好  台灣半導體大廠再組個幾隊 當作公益 | 花錢的東西 | 中華鷹 | 賠錢貨 | 吉祥物守門員剛剛好 | 笑死人 誰不知道是被強迫的 | 一季淨利就多少億了…這根本小錢 | 中華色情守門員隊 | 除了兄弟以外 其他幾乎都虧錢或打平吧 | 死魚隊 | 看樣子一定會組了 | 中華電鷹隊聽起來蠻順,其它電熊,電豹,電虎,電子雞 | 公家色彩的吉祥物設計你能期待什麼？ | 太棒了對中華電真的是小錢 | 叫中華愛國者啊~ 這麼簡單... 高潮了吧 | 一年噴個2億小錢吧 | 中華一番隊 XD | 中華一番隊有搞頭喔 | 燒燒錢 | 期待囉 | 中華電信總冠軍的慶祝是什麼 | 通話費限時半價嗎 | 賣鬧啊 | 交通部領的股利不分配挹注職棒剛好 | 中華電信可以空了 | 說下季的是不是在雲 新加入要先打二軍一年 | 簡稱中華隊 | 養球隊對中華電信根本小菜一碟 | 中華色情手淫員隊 | 幹爆頂腥黑龍跟爪爪我就看 = = | 手上幾千億的現金 養球隊根本無感 | 早該組隊了 | 坐等中華郵政鴿隊 | 買現成五隊就沒有意義了 推文某人是在搞笑? | 這個政府有些地方是有在做事 | 中華電鰻 | 中華種花隊 | 中華豆花 | 馬的加入足球拉 棒球落伍了 | 中華特級廚師 | (╮′_>`)<台灣大哥大隊 | 兩支中信隊 | 先組一隊正妹啦啦隊 | 網內互打，物理 | 不用擔心虧錢吧 教育部買票規定學生必須入場就好 | 班班有冷氣 生生有平板 年年看球賽 | 5G都還沒攤回來 繼續挖下一個坑 | 我要是2412股東我會反對寧願拿去建基地台 | 中華北京隊 | 當然列管交通部員工進場啊，公務員支持國球，理所 | 當然吧 | 種花農夫隊 | 到底什麼時後才要宣佈貸款免還 | 哈哈哈哈哈哈哈哈哈哈哈 | 基層員工被迫拉更多客戶 | 一年燒三、四億養一支球隊 隊名就叫中華5G隊 廣告 | 做起來～ | 球迷綁MOD只要XX元 | http://i.imgur.com/wZqiOUD.jpg | 球隊吉祥物 | 要燒錢啦 | 老人啦啦體操加油團 | 根本就浪費錢 | 種花奪冠優惠是啥？5G限時499？ | 廣告費的零頭都不只了 | 被有意 | 要空的拜託快點空 價格太高買不下手 | 超商中信ATM的折價券 可能會出好康的~~~ | 你們把種花想得太簡單,奧運期間它有弄VR 4K奧運轉播 | 中華犀牛 中華蛇 中華鷹 中華虎 感覺都不好聽~ | https://www.youtube.com/watch?v=bPjqqV_xckc | 他以後說不定也會弄身歷其境的VR職棒轉播 | 哈哈股東的錢要拿去做公益做政績了XDDD | 奪冠守門員就演出 | 就移除 抱歉挑字 | 中華鴿 | 可以色色守門員 vs 不可以色色守門員 | 中華隊贏了！ | 中華加農隊 | 吉祥物是色情守門員xD | 弄個球迷俱樂部專屬4G優惠方案，馬上一堆球迷加入 | 未看先猜 中華光速隊 吉祥物就是那個 光速21跑者~ | 奪冠 5G 99元終生吃到飽 XD | 奪冠全用戶 本月 電信費用打 9%...舒服~~~ 加起來~ | 這樣股價要多少才合理? | 中油中鋼表示：還好閃過去 | 中華電蜥如何  用蜥蜴   99股東 | 中華黑毒蛇 XD | 超台... | 中華電 明天大跌 1元 | 中信兄弟不就是中華電信兄弟嗎 | 來個半導體隊吧 台灣半導體這麼強 沒錢組球隊? | 中華灰熊 | 一年至少賠一億 | 豪洨啦 先搞定高鐵吧你 | 員工表示 獎金縮水 | 台鐵放推 來蹭棒球的交長 | 球場內全5g無線網路 | 直接買富邦 吉祥物剛好不用換 | 養球隊只會賠錢，股價崩崩 | 被逼的？ | ('ω')真的加入，我立馬買一張支持 | 盈餘，股東：... | 臺灣科技業比較喜歡玩籃球隊，已經有一支工程獅了 | 攻城獅 | 要說到做到喔 | 種花準備大崩1塊 | 球場訊號好蠻重要，我都同步看mod和上ptt實況 | 大利空!  中華電明天跌1塊 | 長官都說可以，這不能收回了 | 這標題好怪，中信奪冠跟中華電信有無意願加入中職的 | 關聯在？ | 全家虎，統一獅 啥時來打一場 | 明天中華電信大跌0.5，怕爆 | Poi 講那些言論可以桶了吧 | 投資國營 哈哈 | 只會虧錢而已==喊爽的吧 | 叫中華隊直接代表中華台北出賽了 | 來個半導體隊吧 >>> 台積雞隊 | 不要叫中華雞就好 中華5G元宙隊 噴爆!!! | (滑稽) | 沒意義的投資 | 澄清湖棒球場建置5G專網 MR365度沉浸式體驗看球 | 股價噴爆 | 邊緣人在看的 錢真多 | 又加薪又要組燒錢球隊，eps不要給我掉咧！ | 加職業足球吧 守門員隊感覺很猛 | eps安啦 老人退一堆 營收降 毛利升 還不知道原因嗎? | 中華英雄隊 | 拜託不要.. | 因為色情守門員的關係 所以沒有啦啦隊 | 穩賠不賺的啦 被政府壓著做給高雄而已 | 資本額700多億，職棒每年虧個1、2億根本看不出來啦 | … | 哈哈 存股族ＱＱ | 啦啦隊都找色情守門員 | 色情守門員笑爛 | 中華電信年營收2000億，多支出一、兩億是有什麼差？ | 反之只要廣告效益能讓營收多個千分之一就能打平支出 | 。這勝算超大的好嗎！ | 色情守門員 會讓中華電信啦啦隊變成馬賽克嗎 XD | 解散一隊賽程就不會很尬了 | 難得2412爆文...尊重一下啊 | 頭條：中華電信暴漲1塊 | 種花電信隊名就叫台肥新產品好了 | 歷屆這個就這部長最無能的，但也是沒辦法臨時找不 | 到人，難怪有人常說戲棚下站久舞台就是你的 | 會重談這話題表示獲利有餘裕 是利多 | 中華電吉祥物用皮卡丘就好了啊！ | 中華鍋貼隊 | 一直墊底 一直拿狀元 | 慘了。  花農快逃 | 名字取電豹",原文標題： 兄弟奪冠中華電信有意加入中職 交長表態：一定支持 原文連結： https://www.ettoday.net/news/20211202/2136812.htmixzz7Dr2eoloJ 發布時間： 2021年12月02日 10:48 原文內容： 記者李宜秦台北報導 中信兄弟昨晚直落四橫掃統一7ELEVEN獅，拿下隊史第8座總冠軍，這是中信集團接手後 的第一座冠軍。交通部長王國材今日表態，支持中華電信成為中職第6隊。 立法院交通委員會今日邀請王國材列席報告。立委洪孟楷表示，中華電信曾表示，很有興 趣成立職棒球隊，而交通部身為中華電信最大股東，是否支持或接獲相關報告。 對此，王國材表示一定支持，初步規劃主場選在高雄，只要公股企業有盈餘的話，交 通部都會支持各項職業運動。 心得/評論： 必需填寫滿20字 只要有盈餘，交通部會支持公股公司參加各項職業運動 看來中華電加入中職是越來越穩了 加入中職>企業形象上升>客戶增加>營利增加 這是一個對中華電有利的正向循環 
[請益] 中華電信(2412)的股價,2021-12-08,83.0,"已經漲很多了好嗎 | (╮′_>`)<你可以試試把120前的貨全部掃下來看看 | 就跟穩定幣一樣啊 | 一下跌票馬上被買走... | 比台積還死錢的就這個 | 台版債券懂？  每個月都會有老人定期定額 購回債 | 金額只會越墊越高 | 元宇宙概念股 | 等大跌一塊的時候一定要加碼 | 五角股 | 你看得不夠遠，先拉個十年再說 | 你可以拉兩 三根啊 | 獲利這麼差還能不下跌 | 債券是要跌什麼啦 | 這隻 主力真的厲害 | 已經漲很多了 九月十月都在110-111之間 | 漲超多了好嗎，前陣子想再加買一張貴到買不下去 | 你把時間軸拉到十年再跟我說話 | 糕點到了 | 公司有專人在穩定股價，避免不必要的波動 | 這隻超洗的啦 | 真的很佩服把中華電信當定存的老人 一直漲還能買下 | 去，唉 | 金融也是一直漲  還不是一堆人買 | 妳可以敲499拉看看啊 | king of dead money | 鴻海不是一樣，這有什麼大驚小怪的 | 你下499我不信不會動 | 已經漲很多了耶~很難得一年內還有動耶 | 因為你才看5天阿 | 配息越來越差，也沒波動，沒意思 | 糕點到 | 想空的快點去空中華電 拜託空到100以下 | 十年看一次就好 | 2021配息已經比2020好,預估2022也會比2021好 | 沒掃個十筆499還真的很難會動 | 2412當沖佔3成求高手解答 | 漲很多了 之前都在110 111跳跳蠻久的 | 真正的死錢 | 中華電就是類公債，官股之外，壽險資金、勞退基金 | 籌碼很安定。 | 想賺大的就別看這支 | 糕 | 7年前買9放到現在漲20塊XD | 90 | 崩盤才會漲 | 阿不就持有的覺得賣比前一天低就虧，想買的覺得比 | 前一天高就貴？ | 漲好多 | 5G頻譜 | 這個是第二預備金的概念 | 最近漲很多了！想回補一些補不下去 | 一個字 穩 | 嘲諷買中華電跟金融股的人，是不知道他們從來不可能 | 賠錢的嗎？每年穩定4.5%報酬率，缺錢時隨時賣一張都 | 不太會因為價格波動而有損失，根本是高利定存。 | 去年才108，表示投資者預期股市風險越來越高，所以 | 笑死 這篇是在酸存中華電的咖吧 | 提早卡位躲進避風港。就算台股跌到8000點，中華電 | 大概還是110吧 | 不知道台積電會剩多少就是 | 亞太被遠傳收編了,台星只剩頂新自己玩,我是看好不 | 會再有價格戰了,三雄的獲利未來幾年會慢慢回升 | 我10年前買94，你說他不會動？ | 員工認股每月買進億元以上，買了就鎖櫃子不動 | 這隻最大主力就是你各位的政府，有一直看不見的手 | 在穩價，連外資都難以撼動 | 114配4.3，若用0056換算同殖利率，配1.8等於股價47 | .7，結果還一堆人強?天才，要也是去買0056。 | 棒球隊買下去就會動了啊，只是不知道往上還往下而 | 已 | 連去年3月崩崩都沒參與到的邊緣人 | 上下5檔看一下好嗎 一檔1萬多張你吃一下 | 資本小的買這只是浪費生命 | 那個幾樓的,照你這比法,買航運不是更快,買什麼0056 | 等崩盤就知道中華電的厲害 | 我也不知為何營收跟殖利率穩定下降 還一堆人買 | 也太無腦存了吧 還好我成本低 但沒再買進 | 我家族的公教國營長輩超愛花店，有閒錢就買 | 也幾乎不賣，這些人其實也不缺錢 | 就是看到股票越來越多很開心，一種網路遊戲農道具 | 種田的概念XD | 台指剩8000點時，不知道0056剩多少？",請問為何中華電信的股價都不會動啊？ https://i.imgur.com/h7pFvO2.jpg 基本就是在113.5~114.5之間浮動 而且幾乎每天都一樣 股價不是由買賣雙方交易時成立的嗎 不可能所有的投資人都講好用這種穩定的價碼下單吧 成交量雖然不多但是也不少啊 怎麼股價就完全不會動 想請問是有何特殊原因呢？ 感謝 
[新聞] 3045台灣大11月營收首次超過龍頭中華電,2021-12-10,30.0,這樣比合併營收有意義嗎 之晨哥momo 不歸你管欸… | EPS連4塊都守不住 | 營收沒用唉  EPS狂掉 | 中華電：喔（挖鼻 | 身邊的人幾乎都不用台灣大了。 | 2412 怒漲0.5元以示尊重 | 不過可以去比價電腦家嗎？ | 之前到晚上會降速 | 宇宙邦？ | 假如中華電被政府要求認養中職第六隊才是大坑！看好 | 台哥大未來反超 | 本業momo 雙12噴 | 台哥大獲利王 | 笑死本業是MOMO吧 | 營收高有屁用  eps越來越低 | 養球隊一年大概花一億吧 挪點廣告費去就好了 說成 | 大坑看來是不知道中華電營收有多少 是說富邦那邊也 | 有球隊 如果中華也有球隊 那就只差遠傳沒有球隊了P | S.油龍跟台星有關 | 獲利王 | 若中華電用福利金康樂費發動兩萬員工看球 你不怕嗎 | ？看空的淺了 | 台哥 MOMO跟富邦就已經是企業集合體了 怎麼還有人 | 硬要拆成完全不同的企業來看... | 推文不意外，PTT超多人反台哥+喜歡酸林總 | 我也笑死XD 都要5G大時代了，結果好多人還在3G時代 | 的思維 | 找林之晨來的任務不就是消弭關係企業的距離，拉近共 | 通合作距離？依這點來看他其實做得不錯　會把MOMO | 拉進來看也合理,原文標題：momo雙11建功 台灣大11月營收首次超過龍頭中華電 (請勿刪減原文標題) 原文連結： https://udn.com/news/story/7240/5953064 (請善用縮網址工具) 發布時間：20211210 17:56 (請以原文網頁/報紙之發布時間為準) 原文內容： 台灣大哥大（3045）受惠旗下電商momo購物雙11檔期業績亮眼，推升11月自結合併營收18 3.0億元，寫下單月歷史新高，更超過電信龍頭中華電信（2412）的182.4億元，為台灣大 成立以來，首次單月營收超越中華電信。 台灣大11月單月稅前息前折舊攤提前獲利EBITDA為27.8億元，營業利益13.3億元，稅後純 益8.6億元，每股稅後純益0.31元。累計前11月合併營收1423.1億元，EBITDA為302.4億 元，營業利益146.2億元，稅後純益101.5億元，每股稅後純益3.61元。 台灣大哥大財務長兼發言人俞若奚表示，5G、電商及家用寬頻三大成長引擎合力推動，尤 其雙十一檔期買氣暢旺，電子商務十一月營收創歷史新高，年成長34%，使合併營收年增 達20%。 俞若奚表示，行動業務方面，台灣大哥大獨家結盟Disney，並於本月推出全產品線夢幻 資費方案，加上mo幣多及好速成双5G方案的申辦動能，以及獨家代理Google新機Pixel 6 系列熱賣，使5G月租型用戶滲透率穩步成長，帶動行動服務營收連九個月年增，智慧型手 機用戶ARPU續創年度新高。 俞若奚表示，獲利方面，受惠電商、電信及有線電視業務EBITDA同步年成長，本月合併EB ITDA年增9%，自今年三月至今均維持成長，合併營業利益則年增達12%。累計前11個月， 電信業務營收年成長符合展望，合併營收及合併EBITDA分別維持18%及5%年增，皆優於年 度業績展望目標。 ꀊ 心得/評論： 台灣大有 momo這隻超級大補師加持，營收只會越來越高， 林總曾說 台灣大的營收將在2023年超越中華電信、2025年挑戰統一超商，不是說說而已 
Re: [請益] 定存解約買中華電信比較好還是0050比較,2022-01-05,25.0,買的問題解決了，下一篇問什麼時候賣 | 跟著谷大屍反著做 | 歐印，年底等鼠錢 | 長輩...只有這兩隻可選嗎？？ | 原原PO會問這種問題 一定看不懂你寫的分批投入 | 剛入股市的人 損5%就睡不著了 大家都是過來人 | 謝謝您！跟母親討論後她比較想買中華電信 | 中華電才佔  0050 的1.36％...嗯... | 以現在的主流投資觀念 其實可以兩個都買 | 長輩一定這樣啦xdd還會嫌0050配息太低 | 假如分四份 開複委託 買VOO VTI QQQ 0050 會不會比 | 較好？ | 是說如果想分散風險應該可以考慮不同市場的股票 | 家人的錢真心不建議動 賺了不感謝你 賠了保證幹翻你 | 現在0050快150，你推薦老人家買…. | 要買0050不如買金融股 | 老人家只想安穩領息 | 原po 媽媽既然說要放中華，我覺得很合理而且應該要 | 尊重，留言不用再算複雜的數學了，長輩這樣放滿ok | 的。 | 金融股比較適合老人家 | 不然就是vti長期穩定向上 | 也可蹭價差： https://i.imgur.com/XTCj9iH.jpg | https://i.imgur.com/wABXLtw.jpg | 00878值得推薦給長輩嗎?,只推0050 但是要怎麼買呢? 看你心臟夠不夠大顆 1. 如果你抱的住 直接all in. Buy 0050. Strong Buy. Buy them all 2. 如果你覺得風險太大 我建議你搞個ladder 比如一年內分四期買完0050 第一期 = 30萬買0050 30萬3個月定存 30萬6個月定存 30萬9個月定存 第二期 = 3個月定存剛好解約買0050 第三期 = 6個月定存剛好解約買0050 第四期 = 9個月定存剛好解約買0050 如果定存利率比活存利率好笑的話 你放活存就好 當然你可以問如果以後台股大跌怎麼辦? 風險好高我好怕 那你就拿一半出來買0050 剩下一半一直放定存 如果還是有點怕 25%直接買0050 其他放定存 還是好怕? 幹 那就放定存阿 : 大家好小弟是股市菜鳥，母親在郵局有一筆一百二十萬的定存，我跟母親經過討論後，想 : 換來股市買股票，想說殖利率比較高一點，請問大家存中華電信比較好還是買0050比較好？ : 謝謝各位 : 阿等 看太快 現在才發現是母親的錢 那這樣要保守一點 起手式就是一半0050 一半定存 然後0050看你要一次買或分批買 如果母親 > 60歲的話 0050建議在買少一點 (除非母親本身另有存款) 原原PO應該列一下母親的年紀 跟母親現有的資產分布 另外還有看子女孝不孝順 子女會不會賺錢 這樣比較好給建議 可 老人家說好就好
Re: [請益] 定存解約買中華電信比較好還是0050比較,2022-01-05,17.0,金控民營前兩大也很棒 | 人家又沒問0056 | 都沒人覺得是反串喔，菜雞真的會上PTT發文問? | 中華電在2020大逃難時期 沒什跌 0056不能比的 | 真的不懂 其實買官股....跟定存一樣是放銀行 | 又不用預測高低... | 看看2020年三月股災 中華電跟0056跌幅 就知道要比穩 | 一定是中華電 | 不如買強茂 電動車 元宇宙  低軌衛星 三重利多 | 信的話幹嘛不買那三檔 買0050幹嘛 | 強茂今天破半年可以撿了喔 | ？問號 | 強茂算了吧 大漲沒他的事 大跌他跟著殺 | 00878內建中華電又季配息，供參 | 推強茂的是被套在山頂？ | 不要跟我搶臺泥啦!!我等他跌! | 感謝原po,: 大家好小弟是股市菜鳥，母親在郵局有一筆一百二十萬的定存，我跟母親經過討論後，想 : 換來股市買股票，想說殖利率比較高一點，請問大家存中華電信比較好還是買0050比較好？ : 謝謝各位 你問你媽 相不相信台G發哥鴻海 能帶領台股上2萬 相信的話就0050 不相信的話就2412 再不然就分批買台泥.公股銀行 不相信台股會繼續上攻的話 其實也不推0056.. 20年3月 它也是跌爛... 100萬丟進去高點也是30趴.. Sent from JPTT on my Google Pixel 3a. 
Re: [請益] 定存解約買中華電信比較好還是0050比較,2022-01-05,52.0,"好喔0056 | 這篇也寫得太認真了吧== | 0056錯誤 你知道0056在崩盤的時候 跌的不輸0050 | 對0056的觀念錯誤 | 0056在崩盤的時候 根本不抗跌 | 要比抗跌能力 中華電 屌打 0056 有十條街 | 2020三月股災時 0050跌29.4% 2412跌4.5%半根都不到 | 推認真回 | 基本上 只有0050 跟 中華電 二選一 沒有0056出場的 | 份 | 其他部分 都還算正確 | 沒人再問0056啦 | 2412已經填息了不如分配一半買3045 還有合併話題 | 應該是說 0056連出場的機會都不會有 | 兩支股災都跌不到哪 | 其他部分 都還算正確 | 現代人叫人家老木一直提你媽 像吵架 | 買銀行股 | 0056  我吐了 | 選個折價或溢價不多的金融特別股 | 如果要承受0056的風險 那倒不如買0050  跌幅差不多 | 我會噓 不是指你有講錯0056風險比中華電高的這件事 | 而是指0056完全沒有購買的價值 | 你期待0056可以 每年""""穩穩""""獲取高於5-8%的股利?? | Seriously???? | 是金融【特別股】不是金融股 | 你都知道銀行股不安全那你還推0056? | 0056崩盤時也沒在客氣的崩阿 | 如果崩盤 買0056的話 應該會被老母嘴1輩子吧 | 單一國家股市長期向上未必吧 | 只要來一次五年盤跌 就沒人扛得住了 | 中肯 | 不然買中鋼特好了 現在買2.6% 還可以傳家只要中鋼在 | 跨年前買了一堆雞腿etf 直接達標5% | 2008金融海嘯時 銀行股跌65%>0050跌50%>2412跌25% | 當時買銀行股 120萬剩40萬 不知老人家受不受的了 | 0056風險比0050還高 別鬧 | 金融海嘯時候金融股有沒有配息啊?如果一兩年沒配 | 特別股應該還撐得住... | 自己回 金融海嘯只影響到1年配息 | 50% 2412 + 50% 0050 如何 | 如果要求只是比定存好且抗跌,就選中華電信 | 存種花店 我是覺得不如存公公或肉鬆 | 一堆電子股績優生 長線配息紀錄跟存股效益 都優於 | 種花店 | 那就特別股吧！裕融 台泥 或是金融特別股看起來還 | 可以 | 0050 年化報酬率十幾趴 屌打2412 | 感謝推！ | 中華電現在每年股利沒有5%了，有沒有4都存疑 | 用舊思維看2412 你可能會錯過退休潮效應 | 台G歐印",你媽年紀多大？ 如果很大 又是股市菜鳥 又是退休一族的話 通常0050相當於買台積電 不一定可以在短期內看到好績效 這時候中華電或0056 反而會比定存更有效果 0050要長期持有 比如說 20年後 你媽不見得會享受到這個效果 如果是年輕人的錢 建議0050不會錯 但是想要讓長輩有感的話 中華電的股利可以讓長輩馬上知道定存真的太低 其實中華電相當於股票裡的定存 它已經20年連續發放4~5%的股利 但是它也不會漲 從萬點到萬八 它只有漲10元 然後因為股利不變 分母漲了10元 所以萬點到萬八 中華電的殖利率反而下降到4%左右 不過現在5G整併 中華電的未來獲利可能會稍微好一點 雖然如此 但股災如果來臨 就算從萬八跌回萬點 相信中華電也只會跌10元 所以 如果你媽年紀太大 建議是中華電 相當於4%定存 如果你很年輕 你媽也不太老 40幾或50初 建議是0050或台積電 如果你媽雖然太老 但是可以冒一點風險 那0056也不錯 0056的股利會比中華電好 但風險也會比中華電高 股市難免會修正 中華電修正時 頂多跌10元 0056就會比較跌比較多 但股市長期是向上 終究會漲回來 只是等待漲回來的那段時間 你媽怎麼辦 怎麼看你 不過重點還是你自己 要多瞭解股市 看相關的書 危機來臨時 你才有辦法做判斷 父母的錢 會有壓力 你有仔細看內文嗎 我也是說0056風險比中華電高 銀行股難道就一定安全嗎 金融風暴就在不遠前 要安全 除非腦波通話被發明 中華電才是目前看不到危機 假設他老木已經670歲 每年穩穩獲取高於58%的股利 這點我也說了 修正時 他老木怎麼看他 現在的問題就是不知道他老木的背景 是不是股市菜鳥 是不是退休一族 重點是他自己要做功課
Re: [請益] 定存解約買中華電信比較好還是0050比較,2022-01-05,12.0,"推感謝! | 當然0050 未來十年上三萬都沒問題的 | 股板壞人多 | 馬上就看到壞人.....不是自己的錢講風涼話都不心虛 | 你看得準中華電>0050, 那就all in賺翻 | 主要是老人都覺得領股利佳 | 不過也不錯啦！至少績效比定存高 | 幫老人買中華電很正確阿，就算台股腰斬，中華電 | 股價也很難跌破100，頂多最低95吧 | 我比較喜歡遠傳，台灣大我也認為比中華電好 | 還8000點真的是股板壞人多 | 推分析",目前買0050長期平均真的要拉長10年以上才看得到績效大於中華電 這二年 因為台股從8000噴到18000，所以0050績效大贏中華電 假設明後二年 大盤又從18000跌倒至8000，那0050肯定 慘不忍睹 而台股最硬 中華電 肯定跌幅小於10 2020年3月 股災，最抗跌股票排行榜前三名別是： 中華電 台灣大 統一超 買股票一定要晚上睡得覺，這點很重要，尤其是老人家。 2021年3月我老媽 定存解下來，我也是幫他分批買進中華電台灣大，參加了一次除權息 ，目前她看到帳面上績效 很是滿意。^ ^ 電信股 對老人家而言 就是買個安心，睡得好覺 
[新聞] 攻元宇宙商機，宏達電攜中華電、神腦、,2022-01-14,39.0,"炒完了還在發新聞 | 摳訊來了 | 可憐啊 割韭 | 元宇宙爆炸 | 周2 | 泡沫綠茶 | 現在要66了 | ??? | 某神：誰會沒事把一個螢幕綁在頭上一整天 | 陳尬偉 真的好可憐帶會員追高 | 好耶 下去 | 好的，買中華電 | 好 有在名單的全部下跌 | 看來真的賣不好 才在那邊促銷 | 玩過的人就會知道帶那個笨重眼鏡並沒帶來多好的體驗阿... | 還在推那個爛眼鏡就準備下去吧 | 3D我看個15分鐘就頭暈想吐.跟我無緣的東西... | 我只有買quest 2 | 要死一起死 | 謝啦 提供我空的名單 | 對不起了錢錢 這只能空了 | 難怪宏達電跌成這樣 | future | 垃圾紅茶下去 | 今天做空  謝謝了 | 利多來了 老蘇要停損綠茶了嗎 | 把錢拿去買台掃地機器人還比較實在 | 垃圾題材 下去吧 | 開始要現形了 | 實際走一趟挑一間比較大的體驗中心,實際看一下才是最準的 | 就會知道它到底是不是真的有fu糗 | 在STEAM統計年表內 紅茶快變Others了 | 該賣中華電了嗎？ | 電子垃圾體驗會 | 中國元宇宙下去！ | 時間到了還是要下去 | 哇利多終於來了 | 利多出來94空 不解釋！ | 這種線型敢買的真的是藝高膽大",原文標題： 攻元宇宙商機，宏達電攜中華電、神腦、全國電、燦坤設VIVE Flow體驗點 原文連結： https://reurl.cc/veg98N 發布時間：2022年1月11日 週二 下午5:11 原文內容： 財訊快報記者劉居全報導搶攻元宇宙商機，宏達電HTC(2498)為讓全台消費者能透 過專人服務認識最新沉浸式VR眼鏡VIVE Flow，HTC與中華電信(2412)、神腦國際(2450) 、全國電子(6281)、燦坤(2430)等通路合作增設VIVE Flow體驗點。 HTC並於中華電信新 一代門市中打造5G XR體感專區，展示VIVE Flow以及結合VR、AR技術與體感裝置的HTC自 製內容《恐龍紀元XR》，民眾將搭乘具體感互動的時光機座艙，透過最新XR技術，穿 梭時空回到白堊紀展開冒險，在環景360度的遠古叢林內冒險探索，感受跨越於現場實景 與虛擬科幻間的新體驗，猶如親歷遠古生物生動再現的震撼現場。 目前全國已有127家VIVE Flow體驗點，最遠設置於離島金門及澎湖。民眾於體驗點中不但 可體驗VIVE Flow所帶來的個人300吋巨型螢幕的視覺震撼，也可體驗時下最夯的VIVE LoFi虛擬空間，感受個人專屬沉浸空間所帶來的樂趣與享受。 此外，HTC即日起推出新春強檔優惠活動新春虎來運轉，VIVE指定系列降價，並享14個 月免費無限暢玩VR內容及獲贈最新熱門VR遊戲大作等多項好康。而即日起至2月28日於 HTC VIVE網路商店、全台經銷門市、各大電商平台PChome購物、MOMO購物、YAHOO購物中 心、蝦皮購物也同步推出HTC VIVE新春虎來運轉活動。 心得： 那個紅茶已經多久沒紅了 變綠茶好久了 有人可以99 2498嗎? 
Re: [請益] 定存解約買中華電信比較好還是0050比較,2022-01-27,30.0,"中華電是減資過才上百的，以前我還在為了60幾塊糾 | 結買不起 | 哪裡有107.5 想買 | 這檔低調,有錢人必買的股 | 長期來看0050>>>中華電  但如果年紀大養老的情況 | 是117.5 | 那中華電穩定的股息就有其價值 | 市場穩定，政府扶持，線路也幾乎都他的，除非台灣 | 人不用網路 | 是不錯，但怕你會被版友嗆左手換右手 | 省一點一年開銷20萬剩下再打進去不就得了 | 就定期定額刷複利而已 | 中華電就包在0050裡面啊… | 感謝回文 | 2412 是減資 但也是真穏定 | 沒聽過存股台積電不如存股宏達電嗎 | 年輕人存0050老人存2412，因為崩盤後年輕人有時間等 | 老人不一定有 | 買00878內建中華電跟兆豐金，穩到爆 | 120萬可買60多張，一張配980。 | 2412比ETF還穩 | 大推中華電信 | 股市崩成這樣，中華電信照漲 | 但不認同不買房這件事 | 比王力宏還真 哭哭 | http://i.imgur.com/UTB5Zxf.jpg | 你寫原神我剛好廣告跳原神== | 要現金2412 要成長50 開心就好 | 2412這波疫情完全沒他的事，漲也沒他的事。 是屬於 | 不用理它，但是核心持股一定要有的存在。",: 大家好小弟是股市菜鳥，母親在郵局有一筆一百二十萬的定存，我跟母親經過討論後，想 : 換來股市買股票，想說殖利率比較高一點，請問大家存中華電信比較好還是買0050比較好？ : 謝謝各位 : 股票投資都是有風險的 但有一個 是唯一的避險投資 至少這十年 唯一 比王力宏還真 就是中華電2412 你如果當初阿扁釋股 放到了現在 不只給你滿滿的現金股利 價格也從60幾塊漲到目前的117.5 這世界哪裡找穩賺不賠的投資 老人家All in 退休金不是開玩笑的 基本上你買了100張中華電 每年給你現金43萬 (現在一間房子在市區的大概也價值100張) 如果你把買房的錢 全丟中華電 相信他可以養你吃養你睡 一年43萬可以吃好多吃到飽 還可以耍廢玩原神 別再想婚後買房比較實際 叫對方跟公婆住一起 比較好也省錢 A:你能不能有點自己的主見 拒絕爸媽不行嗎? 還是你是死媽寶? 都要聽他們的 B:對，我就是死媽寶 怎麼樣 ^U^凸 要離婚就來啊 (...回憶三年前 就這樣回答 最後就離婚了) 已更正XD 117.5 ，我姑丈身價百億也都買中華電
[新聞] 電信三雄1月財報出爐 中華電EPS續稱王,2022-02-14,36.0,遠傳委屈了 | 看好130 | 除息前記得賣... | 老人父親沒再賣的一直買 | 已經史高 不能再高(ry | 崩盤時就知道中華電的厲害 | 崩過啊 上次80 | 100都很難 5月份那次跌1400點他只有短暫跳到106 | 後來記得沒多久拉回110 | 市區精華土地很多。但官股沒法活化資產 | 上看125 | 0.41*12 | 說好的債券概念呢 怎一直漲 | 買不夠..... | 0.41沒有驚喜就持穩 | 嗚嗚嗚  只買到一張 | 我大中華電這個... | 尤其它今天收120了就算eps 4.92又如何 | 這股價連4%仔都沒了~ | 台灣大越賺越少 | 結果一直漲，先看130 穩 | 越漲越高 變飆股了 | 持續買進 http://imgur.com/a/wHJaiy9 | 愈存愈高 | 穩當當 | https://i.imgur.com/tKWygQX.jpg | 假電信真電商的怎麼變啞巴了 哈哈哈哈哈哈 | 993045 XD | 這波實聯制讓電信業多少賺一點 | 2412不只是鐵板 股價還越墊越高 果然是避難用 | 中華電基本上跟大盤脫鉤 | 這爛股還有人在存？ | 以前都是金融股漲最後一波，現在換成中華電漲最後 | 一波。 | 最大持股...被稱爛股   995 | 499到期了，合約續起來！股價飆起來,原文標題： 電信三雄1月財報出爐 中華電EPS續稱王 原文連結： https://reurl.cc/VjmaAA 發布時間：2022年2月14日 週一 下午7:59 原文內容： （中央社記者江明晏台北2022年2月14日電）電信三雄1月財報出爐，中華電信因核心業務 延續成長趨勢，5G用戶數增加，加上月租型ARPU上升， 每股稅後盈餘（EPS）0.41元，贏 過台灣大的0.33元和遠傳的0.24元，蟬聯每股獲利王 。 中華電信 (2412) 今天公布2022年1月合併自結營收新台幣174.2億元，較去年同期成長。 核心業務延續成長趨勢，5G用戶數增加且月租型平均每戶貢獻金額（ARPU）上升，帶動行 動服務營收持續成長。 此外，手機及商品銷售成長使整體銷貨收入增加，數據網路營收與寬頻接取營收持續因居 家寬頻需求及宅經濟發展，帶動升速客戶數及固網寬頻營收雙成長。 中華電1月營業成本及費用為134.4億元，較去年同期增加，主因是5G網路建置。營業淨利 為39.8億元，較去年同期微幅成長，歸屬於母公司業主之淨利為31.6億元，每股盈餘為 0.41元；與第1季財測達成率相較，營業收入、營業淨利、稅前淨利及每股盈餘達成率， 皆超越預期。 截至1月底止，中華電光世代寬頻用戶數為369.5萬戶，其中100Mbps以上客戶達202.0萬戶 、300Mbps以上客戶達65.9萬戶，高速用戶數因防疫居家需求而持續成長；MOD客戶數達 206萬戶，行動通信總客戶數達1192.1萬戶。 台灣大哥大 (3045) 公布1月自結合併營收141.3億元，稅息前折舊攤銷前利潤（EBITDA） 為28.8億元，營業利益14.4億元，稅後淨利9.4億元，每股稅後盈餘（EPS）為0.33元。 台灣大哥大財務長兼發言人俞若奚表示，1月合併營收年增13%，除電子商務營收年增28% 外，行動服務營收年增2%；同時，固網營收受惠數據服務及ICT相關銷售增加成長10%。 台灣大表示，行動業務方面，mo幣多、Disney、好速成(雙)等3大獨門方案申辦動能持續 ，有助提升智慧型手機月租用戶APRU，並已連續8個月年成長。 獲利方面，台灣大1月5G、電商、家用寬頻等3大成長引擎維持高速運轉，帶動獲利提升， 電信業務EBITDA年增7%尤為亮眼，主因營收成長動能佳，客戶取得成本等費用控制得宜， 推升合併EBITDA年增6%，營業利益、稅後淨利分別年增9%與8%。 遠傳電信 (4904) 今天公布1月合併總營收為80.41億元，受惠於春節前銷售旺季帶動手機 熱賣、吸引用戶升級5G，再加上資通訊業務持續成長和遠傳friDay購物等新經濟營收挹注 ，年成長率達8.4%。1月合併EBITDA為25.3億元，年成長率高達11.9%；稅後淨利為7.67億 元，單月EPS為0.24元，年成長率高達27.3%。 遠傳1月月租型用戶數、總用戶數均呈正成長，客戶ARPU持續領先其他業者，締造連續11 個月正成長佳績。 遠傳持續深耕5G大人物、雲端與資安關鍵技術力， 1月新經濟營收延續強勁成長動能 ，較去年同期成長35%，其中，資通訊業務營收年成長幅度達51%；主要受惠於雲端服務營 收年成長率達79%、物聯網專案收入年成長率達63%。（編輯：張良知） 心得： 中華電已經來到史高120了 管它什麼通膨和俄烏戰爭 都影響不了2412 還不趕快strong buy 
[新聞] 12員工涉假交易真放貸 中華電信台南營,2022-02-17,85.0,"問題是收不回來吧 | 如果是國營 再背一堆公務員的罪 | 大概又是太陽能了 | 不錯喔 | 2018就發生過了，那次是30e | 種花不是國贏喔 | 只是大股東是交通部，3成持股 | 訊號來了 | 要噴了 | 契約工程款放出去收不回來 | 所以  中華電  哪時候才要跌 | 好 買了 謝謝 | 中華電金.... | 損失金額破億  五十萬十萬就能交保? | 原來中華電也有金融業務 升息利多噴爆 | 昨天童家拳5萬判了3年半wwwwwwwwww | 中華電信可以放貸？？？ | 出狀況也不是第一次，殖利率也不高，買的是信仰XD | 種花電可以放貸喔 | 這也行...一億多對中華沒差啦 每日淨利都不止了 | 中華電信也有放貸業務唷! | 笑波蘭 | 好險民營了罪很輕啦 | 拜託賣給我 | 可以放貸給我 | 中華電信放貸.... | 等等，將來銀行開幕了？ | 借錢免還 不錯喔 | 過水才是重點吧,放貸要有利息,總不能說過水利潤叫作 | 利息呀 | 零頭 | 不是放貸 是詐款 | 中華電錢莊 | 現在應該是為了衝業績找個中間商過水,然後案子的錢 | 是從種花那邊撥其它款項支出挪用,後來金流出問題才 | 東窗事發 | 多角化經營失敗 | 貸給我 謝謝 一定還款 | 好奇這種內部付款的流程到底怎麼走的 | 虛構的承攬契約 這樣請採購流程可以順利通過唷? | 話說金流 都另有出納人員管制 這沒好的理由怎麼拿錢 | 好奇加1 這金流到底怎麼走 | 這新聞很久了吧 就是上級有業績要求 中華電信先出 | 貨沒收錢 最後尾款收不回來就爆炸了 | 越南6億 洗手機3千 假標案1千5 現在又1億3 | 轉型中，股價要衝了 | 景氣不好 連中華電信轉型放貸 什麼時候轉型電信禮 | 儀社 直接電話客服安樂死 | 安樂死太有才了吧哈哈 | 學中租不會 租賃加放寬 股價上看200 | 前幾年就有爆了，這次是抓到新的？ | 受消息影響，盤中一度重挫0.5元 | 正在想說原先大漲1元的怎麼跌回平盤XD | 最近中華一直漲耶XD | 採購案的簽核不是至少到處長？ | 金額大一點會到分公司副總以上去簽核 | 都1000萬以上了，處長會沒事嗎？XDD | 上面直署長官至少要懲處，沒盡到管理責任 | 中華有放貸業務？？ | 外面業界看多了，出事前長官：不管手段，完成任務； | 出事後長官：怎麼會這樣處理？ | 股價漲成這樣故意放個利空喔? 笑 | 可以跟種花借錢? | 笑死 2412放貸 牛逼 | 今天大概噴一元 | 主管問題，之前跟他們交手的時候就是這個德性 | 利空啦！ | 原來是錢莊啊呵呵 | 難怪最近一直漲 愈爛愈噴 | 這是舊案了吧記得2019就看過這新聞了 | 假設有呆帳應該也早就提列了 | 台灣放貸業務不是只給銀行開放 | 這種假交易的,到時要怎麼回收錢 | 利空出盡 繼續建倉 | 沒道理啊，只漲0.5 | 12個人分1億，沒多少錢看起來是小人物。小人物沒法 | 洗錢，追的回來啦 | 損失金額達1億3699萬多元 裁罰50萬??? 笑! 糞? | 洗不了錢都乖乖吐回來，台灣沒地方花錢。最後你也只 | 是買房買股買錶買車。贓款搞不好還增值勒 | 明明就是交保  怎麼會有人看不懂= =? | 沒看過半澤直樹第一部嗎?大阪分行vs西大阪鋼鐵 | https://i.imgur.com/suPnV4O.jpg | 中華電信不是將來銀行大股東嗎 放貸也是正常嘛 | 我也想貸",https://bit.ly/ 縮網址，連結能不能點擊者板規122處份。 3.心得/評論請盡量充實，心得過短或濫竽充數將會以123一行文規範水桶處份 4.發文請依照格式文章標明段落，不符合格式者依41刪文處分。 以上注意事項 應刪除 https://udn.com/news/story/7321/6103943 發布時間： 20220217 10:21 原文內容： 12員工涉假交易真放貸 中華電信台南營運處損失上億 12員工涉假交易真放貸 中華電信台南營運處損失上億 20220217 10:21 聯合報 / 記者邵心杰台南即時報導 中華電信台南營運處陳姓科長等12人，自2016年起至2018年9月止，為達成企業客戶業務經 營競賽績效，涉利用虛構的承攬契約，以假交易真放貸過水交易模式，非法將公司資金 貸給10餘家業者，終因廠商無法如期還款，估計損失金額達1億3699萬多元，南檢昨天傳喚 陳姓科長、吳姓股長及黃姓工程師及包商等12名被告，今晨諭令陳、吳及黃分分以50萬、10 萬及10萬交保外，其餘均請回。 南檢指出，本案是中電信公司發現上情後主動向台南市調查處告發，市調處則報請檢察官錢 鴻明指揮偵辦，專案小組昨天傳訊包括陳姓科長、吳姓股長及黃姓工程師，與外部業者共12 名被告到案，搜索處所共計7處。 檢調調查，陳姓科長自2016年間起，為達成企業客戶業務經營競賽績效 ，以不合營業常規 交易、非法將公司資金貸與他人及偽造文書不法行為，利用虛構的承攬契約，以假交易真放 貸的過水交易模式，非法將公司資金貸與10餘家業者，致使公司承擔未能順利收款的高 風險交易，終因廠商無法如期還款而遭受重大損害，初步估計中華電信公司因此損失金額總 計1億3699萬3535元。 案經檢方漏夜偵訊，直至今天清晨 4時，檢察官訊問後認陳姓科長、吳姓股長及黃姓工程師涉犯證券交易法的特別背信罪嫌重 大，惟無聲請羈押的必要，分別諭知50萬元、10萬元及10萬元具保後請回，其餘被告則均請 回。檢方指出，全案將由承辦檢察官持續深入追查。 心得/評論： 中華電信家大業大一億多算啥，沒多久就補回來了，不過為啥可以借錢給別人，這就怪了 Sent from BePTT on my Samsung SMJ700F 
[新聞] 中華電大金雞 是方配息9.3元,2022-02-18,86.0,"是方真的不錯啊 | 嚇死了以為中華電配9.3 | 看成中華電配9.3 | 同上 | 種花漲夠多了，還好星星這賠錢貨給胎哥買走 | 看成中華電配9.3…. | 電信利多 | 賠錢貨被買走 中華可高興了 不花錢就消滅市場破壞者 | 3.5趴是在大聲甚麼? | 中華電信股價漲成這樣..殖利率慘不忍睹~! | 3.5%穩如老狗啊 | 中華電噴爆 | 高級中華電 | 122... | 尷尬  109-122根本報幹噴 | 不要再漲了 | 2021一整年跌得跟屎一樣 | 中華電居然122.5了 | 中華電都122了喔傻眼 | 機車 這一個月每天都想買中華電信 但就給我天天漲 | 中華電122 妳敢信 | 都是吃中華電信奶水的 | 中華電為何默默地漲 | 光喝中華電信奶水就飽了 | 算上通膨，122股價還好吧 | 中華電噴爛了 | 中華電信從109一路傻眼到122.5  傻眼 | 中華電最高還有125 | 而且現在資費這麼貴 | 看成中華電配9.3差點跌倒 | 想說種花也配得太爽了 | 存股族？？？奇怪我只是想存個股而已 | 早知道現金部位全放種花了 | 中華電 資金的避風港 | 種花轉骨中  不要當他是避風港或是存股 | 中華配9.3 的話還不買爆 | 台灣唯一真元宇宙概念股 | 漲得有點誇張了，看不太懂啊...... | 中華電變飆股 | 恩 看不懂 不覺得有那個價 | 金融股這樣配息沒問題？ | 連4%都沒 | 中華電業務滿滿fu糗 | 以前存2412是穩 現在存2412是穩賺 不要不信 | 靠腰，看成中華電信大方配息9.3元 | 6770三率三升還不是烙賽 | ......是在吹啥 | 中華電都能噴 有夠扯 | 以為2412配9元 嚇死 | 明年擴廠 | 還以為中華電信配9元，嚇死人 | 很扯 我以為是dead money 110賣了哈哈 | 以為中華電配9塊3+1 | 以為中華電配9.3，害我高興一下 | 是方夠意思 | 9.3/275=3.3% ... | 3.5% 是在大聲甚麼啦 | 3.5%在金融股是不是很大聲？ | 以為中華電配9塊 | 今天漲的就抵銷了 | 早宣布的好處就是這樣，3.5%新聞也能吹 | 不如買3005 下週宣布 如果公司大方搞不好10% | 講得好像多高一樣 | 中華電要當融資公司看 | 最近電信股都漲 | 配9.3還不飛起 | 2412配9.3現在還不買爆 (X | 還以為種花配9.3 | 種花配9.3 大概會漲到150吧 | 中華電123了為啥 為啥我只有一張.... | 同樓上......我為啥只有1.........張 | 123是哪個盤子在買的啊？ | 中華配9元就會漲到200了 | 看成中華電信大方配息9.3 | 最大持股 香香 | 唔....我在120的時候停利了Q___Q   少賺兩千 | 20張路過 | 基本上不會賣,所以漲到多少跟我無關,就是領股利而已 | 想再買但是好貴了 | 看成中華電信+1 嚇一跳 | 以為是中華電信配9.3，高潮一下！ | 2412要是配到9.3，股價肯定噴到200去啊  XDD | 3.5%有夠爛的 | 另外的小金雞 勤威呢？ 股價越來越低… | 今年殖利率的及格標準是6%; 小於4%都去旁邊罰站 | 中華低調啊",原文標題：中華電大金雞 是方配息9.3元 原文連結： https://udn.com/news/story/7254/6105964 發布時間：20220218 00:10 原文內容： 是方是中華電信旗下大金雞，近年營收、獲利穩定成長，昨（17）日公布去年每股稅後純 益9.75元，營收、毛利率、獲利都創歷史新高，董事會也通過每股將配發9.3元現金股利 ，盈餘分配率95%，現金殖利率近3.5%。 是方董事會通過盈餘分配現金股利每股8.7元，以資本公積發放每股現金股利0.6元，總計 每股配發9.3元現金股利，是方昨日上漲3元，收267元，現金殖利率近3.5%。是方日前公 布1月營收2.47億元，月、年雙增，創歷史新高。 是方主打雲端、IDC、網路、語音四大產品線，主要客戶除台灣電信及企業客戶外，美國 五大尖牙股FAANG的Facebook、Apple、Amazon、Netflix、Google也是是方的客戶或合作 夥伴，近年跨足健康、資安等新服務 疫情期間，推升各行各業透過網路提供服務，快速增加雲端及IDC需求，尤其2021年暑假 的東京奧運期間，讓是方的網路跟雲端需求量倍增，容量幾乎滿載。 是方去年營收28億元，年增9.2%，創新高，以雲端貢獻營收營收約4.3億元，年增23.7%， 成長最大；IDC機房服務成長居次。隨著產品比重不同，是方毛利率從2020年的43.73%， 提升到2021年的44.83%，也創新高水準。 心得: EPS、營收、三率一直都在創新高，每季都可以發一則新聞。 台股中買了可以放著不管，比GG還穩，甚至長線報酬率也比較高的股票有幾檔咧? 
[請益] 一半投資中華電信，一半投資VT是否穩健,2022-02-21,146.0,"活存可以刪掉 存銀行不如存銀行股(偷fj台詞 | 中華電現在變飆股惹 | 活存不如定存 定存急用能解約 | 同意樓上建議 | 2022新飆股 中華電 | 中華電世界最強債券 | 建議全都存銀行 我來當銀行股東就好 | 活存可以放高利活存阿 利息比定存高 | 中華電信你說他沒成長麻…今年也漲上來了qq | 可以去調查一下哪幾間有相關活動 避免葉配就不提了 | 穩了 | 2412殖利率越來越低了 | 我覺得不如買006208.... | 還是買美國公債比較穩健 | 金融飆完，換中華電信，再來下一個是？ | 漲上來就有人要存了 之前都不存 | 建議VT改成抖內給Vtuber讓自己心靈祥和 | 投資哪一位VT？ | 活存留緊急預備金就好其它改高利活存和定存 | 中華電去年衰退轉成長 股價反應獲利表現 | 投給露西亞？ | 宇宙電信就是威 | 露醬快下市了QQ | 中華電農曆年後到今天漲5%,屌打不少垃圾電子股 | 2412現在這個價位有些高，殖率利愈來愈低 | 買種花還不如等兆豐除息後撿便宜 | 1/4 VT 1/4 CHT 1/4 NTD 1/4 GLD 怎麼輸 | 高興就好 | 006208/0050+VT，定存解掉直接歐印 | 中華電真心猛 一堆電子股都輸他XD | 活存定存選一個就好吧，中華電信你就當作定存了啦 | 超級保守，那有什麼問題 | All in VWRA就夠了 | 我種花員工啦 我每個月都在看營收，真正反轉是2020 | 年，還有沒有成長空間？ 目前5G市佔可能不到3成， | 未來若提高至八九成的話會?  ㄏ | 我可能會拆0050+vt+中華電/官股金融+50萬備用 賠錢 | 不要找我qq | 5G 8~9成請問會賣499嗎XDD | 美國Vtuber Gura嗎？ | http://i.imgur.com/zMjl0nJ.jpg | 中華電飆成這樣，殖利率要不要算一下 | 要買中華電，不如買台灣大 | 遠傳總經理喊說退休前要讓吃到飽下架，遠傳聯盟亞 | 太，台哥吃台星，未來低資費機率不高 | 看到中華電的股價！後悔113賣光 | 存股台積電不如存股中華電 | 太穩健了會很無聊 | AMD啦 提早十年拖鞋就看這檔 | *退休 | 我放日本三井+三菱銀+軟銀+NTT+VT | 然後很無聊== 給你參考 | 比較想投資 hololive | 認真回現在台積電處於低點兩年之內會有驚喜所謂的 | 零零五零有一半也是買台積電 | 買中華電就好了 今年飆股耶 扯 | 跟著美股大盤是VTI吧？ 你要買VT倒不如買VWRA | 我真的笑了 | 分批買入中華電跟台積電~覺得台積電還會再表演 | 建議全部買美股 O 每個月躺著領股利退休 | 今年都不要投資，留現金應該不錯 | 800萬換27.8萬美換O美股66元有4200股每月領1050美金 | 真楔蒂t宙概念股：中華電！ | 1050美換台幣3萬元~爽退休~屌打上班族 | 沒網路你AR頭盔功能再強跟安全帽沒兩樣！哈 | 種花從大牛變火牛了 看不懂了 | 一堆人看不起中華電，結果股市盈虧還比中華電績效差 | ... | 去年底存中華電屌打許多殺進殺出的QQ | no | 2412績效來到+10%.... | 最後一棒起跑 | 中華根本外資買上去的，感覺怪怪的... | 活存可以少一點，股票投資這樣很穩 | 外資買中華電應該是為了抗通膨的緣故吧？ | 中華電真的報酬率不高...(默默存了10張，欸???) | 中華電信根本快不行了 | 你要投資哪個Vtuber 說來聽聽 | 去年除完息沒買 現在買不下去了 | 99宇宙邦 99京城仔 | https://i.imgur.com/jxMb1mI.jpg | 中華現在120元 殖利率根本不行3.7趴左右~慘 | 推英股全球ETF VWRA | 中華電除息後會跌回109以下再買 | 1樓那個很確實啊，還有現在活存的利息機會沒有，定 | 存又超好解，我想不通活存要放那麼多錢的理由欸 | *幾乎沒有 | 跌回109 你別傻了 除非你叫老員工都回來上班 | 負資慘陸續退休 當然漲上去 | 之前玩2412當沖沖不掉又多了3張112的中華電 | 去年最高118.5除息完最低109 今年只怕到不了109了 | 得先問個問題，因雙重國籍，你希望資產是以美元結 | 算還是台幣結算？ | 如果是美元，中華電完全不要考慮，匯差都超過中華 | 電的殖利率 | 我也好奇 我父母有大概100萬得閒錢 聽說要怎麼投資 | 會比較好 | hololive 的哪位VT?我推薦國母 | 中華就是穩，一定資產的人都會存一點 | 中華要注意政府的政策 | 要生要死都看政府 | 交通部35%持股，之前還開放纜線給其他業者，根本讓 | 利 | 政府這樣搞，請問中華電死沒? | 看政府不如看營收 | 開放最後一哩路 有興趣自己GOOGLE吧 | 2412殖利率只要贏公債就好了好嘛 | 我建議投資Vtuber | 台灣大沒什麼漲到0.0 | 自信點 巴中華電信拿掉 | 如果hololive上市我一定衝去買 | 種花每天+0.5 好種花不allin嗎 | 0050+0056+00878+00900+00662 | 定存現在利率超低耶 0.84％ | 中華電與其說是債券不如說是貨幣 | 99 2409 正解 | 活存留50就夠了 | 我也是雙重國籍，美股我是VTI+VXUS+一點QQQ，台股是 | 中華電信+台積電+官股金融 | 種花太貴了啦！上面說5g成長能帶動獲利的，別忘了 | 會被政府穩定物價... | IOO...世界百大,VT太分散了.買菁英就好別買豬隊友 | 美股一支打天下買QQQ,兩支組合則XLG+XLK,比例自調 | VTI和VT一樣的問題（太分散）, XLG就是美國版0050 | 60歲的投資組合 | 最強債券2412 | 台灣債券 2412 | 0050就好 | 建議VT轉抖內vtuber | 當然穩健 | 中華電信有什麼好投資的 | 定存清空 或留100就好 | 2412/0050/VT | 定存還是要放一些以備不時之需 | 種花 +96% ，是說股票中也有很穩的標的，一定要去 | 學人搞什麼資產配置，其實根本就自己都不知道買的 | 是什麼的債 | 23樓 不可能 我露天下無敵 | 中華電信最近一直漲，是不是有什麼大事要發生了？ | 負資產大量退休算不算大事? 笑死 退越多漲越高 | 中華電居然變飆股 | 最近應該是資金退潮找標的回來中華電吧？ | 最近狂漲欸 | 這件事應該兩年前或兩年後做 | 現在要升息，結果你要解定存？ | 至少先分批進場吧，不然就是韭菜",各位好，最近開始著手投資的事情，過去是股市新手，想跟大家請益一下。 目前大約有800萬新台幣的資產，過去幾乎都在銀行居多，目前想做一些分配： 200萬放在目前的活存 200萬放在目前的定存 200萬從銀行存款投入中華電信的股票 200萬透過美國網路券商購買VT 因為具有雙重國籍的身份，非美國的基金或ETF對我來說不是好的標的，因此在台灣除了銀 行活定存，就只買個股 研究一下發現中華電信雖然成長空間不如0050，但以穩定抗跌聞名，且利率比定存好34倍 ，因此台灣的個股以這項為目標 VT是想把雞蛋放在台灣以外的地方，且VT跟著美股大盤走，似乎成長空間是可以期待的（因 為我其他活存、定存、中華電信都沒什麼成長空間） 至於放了200200在活存與定存，大概就是安心以及應急可用 未來的薪資收入大算分成三等分： 1/3放在銀行存款 1/3中華電信 1/3VT 請問各位這樣的策略大家認為妥當嗎？ 我考慮的是： 中華電信可領比定存更高的利率，當作定存股 VT當作跟著大盤成長的資產，且如果台灣真的崩盤，至少還有一點海外資產可過活 放一點在銀行活存與定存，最保守 
[請益] 2412中華電最近發生什麼事,2022-02-23,120.0,"不就想找風險低的 | 等發股利啊 | 資金避風港........... | 中華電金 | 通膨 避險 | 拉GG不如拉種花 | 大牛變火牛 | 也衝著配息買 | 避險而已 | 不確定性高 所以通通幾來這裡 | 遠傳大奶多 | 賣了啦 | 溢價10% | 中華債券 | 中華電恐慌指數 | 配息還很早吧，現在佈局殖利率也才3% | 有future | 2412=債券 不知要不要開打 通通跑來ㄌ | 台灣國債 | 避險 | 因為我昨天賣二張存五年的 | 迷航船隻擠回避風港，能不漲嗎，等能揚帆啟航之時， | 就回到正常水位了 | 2883B應該也有一樣效果，都不跌下來讓我撿 | 歐印啦 | 不知道要把錢擺哪邊就丟去2412啦 這不是很正常 | 殖利率變好低 | 我還沒上車，還沒上車QQ | 阿就最後一棒啊！ | 我不敢買了 | 遠傳變飆股 我黑人問號 | 避險.. | 你都說完了  我要說什麼？ | 我買上去的，準備出貨囉 | 我老爸50張沒再賣一直增加 | 最近手邊存股的種花店何潤東農藥牛都漲不停.. | 2年前崩盤都沒崩 大家發現他是最好的避風港了吧 | 哈哈是我啦 | 中華電配息也沒多高 就只是不太跌買來避險 | 配息前都會漲 不是常識嗎 | 菜逼巴 | 買來避險 買到變飆股了 | 笑死人的一檔 台積電價值高太多 | 2412去年EPS 4.61,股利是能發多少. | 存股台積電 不如存股中華電 | 惜售的關係吧 | 空頭市場要來了  大戶預先進入布局 | 避險股~ | 我是賣了 這跟前一波金融一樣 | 大家都想買這隻啊  標準的台灣債券 | 現金太多 | 外資一直買的時候就準備賣了~因為他們賣股不眨眼 | 可能散戶融資要斷頭了，靠中華電信撐啊 | 蔡力行如果還在早上200了 | 歷史高點125.5~今天收盤歷史高點~準備出清一部分 | 避險股 | 還有中華電是超級資產股，廣義資產據說可能破兆 | 資產股? 大同表示 | 末升段 | 金融下一棒 | 歐硬啊快點 | 低殖利率概念股啊，我也不懂買這做啥 | 5G? | 中華電航 | Dead money那麼久了 趕快出清 可怕 | 雞蛋都會漲價了，股價不能漲喔？ | 比大同有錢多的資產股。全台每區精華地太多了 | 不要拿大同爛公司類比 | 雙北精華地也粉多 | 當黃金避險吧 | 避險股 | 礙於半官股很多操作保守不能資產活化 | 中華最後一棒 | 聽我老屁股種花店老爸說就算種花電都沒賺錢光公積 | 金配十幾年都沒問題 | 中華電還有土地跟現金吧我猜 | 就現金找地方擺 | 避險吧 種花常態是109-115 | 就避險被買到能做價差 | 因為標的ID正確 | 因為買的人多，可是都沒人要賣咩！ | 因為會買中華電的人買了就不太會賣 物以稀為貴 | 中華如果真的要資產活化應該賺翻，土地都超精華 | 台灣大，遠傳也是跟著漲，電信類群一起上來 | 不賣才好，就像政府行政院基金不賣台積電就好了， | 賣了就失去題材性和存股性。 | 有fu糗 | 元宇宙概念股 | 中華電的資產，嘖嘖，去看看台南民權路租給誰 | 中華電一直漲代表空頭 | 原本也是要存這隻 看到變飆股真的傻眼 | 今天已經溢價了吧 | 126…. | 中華海運 | 塊陶 | 通膨、避險、元宇宙、少了市場破壞者，大概是這樣 | 499換599潮 一個人就多賺20% 可怕 | 中福的土地有中華電多嗎？ | 今天也賣了兩張，但感覺還會再漲 | 哪有溢價 去年EPS*前年最高本益比就是126 | 先買先贏，懂？ | 去年Q4就能預估到的事 哪是甚麼空頭才漲? | 去年初就存了，看好去年穩可以填權息就進場，等到現 | 在風水輪流轉 | 落後補漲 | 台股跌啊 避險 | 因為買的人都刪app了 不會賣 | 避風港而已啦 | 避險標的 | 時局越亂 最多人愛 | 烏俄危機/聯準會升息 資金往資產股躲 | 避險避著就漲了 | 資金避風港 | 你看遠傳多猛 | 戰爭唯一不會斷電話線？ | 轉投資事業一大串，會不會轉為金控公司，股價上五百 | ？ | 戰爭補漲 | 防守股 | 台股防禦力最高的，今年很適合放一些",原本就有定期定額存股中華電 但是最近覺得走勢強勁 三個月前才112，緩緩上漲到 上週還在121附近，結果今天已經跑到126 小弟菜雞，不太確定該如何解讀 只能推測是對市場走向的不確定性大增，於是轉持較為穩定的標的，我推測還有漲勢？ 這支股票可以怎麼解讀？ Sent from JPTT on my iPhone 
Re: [請益] 2412中華電最近發生什麼事,2022-02-23,94.0,"好像有理 我信了 | 你電信帳單漲價補的 | 現在便宜資費變少了 | 而且中華一直都是價格最硬 要NP隨便 | 漲上去就脫離防禦股了 | 中華電信不是最快 但最穩 地下室 偏遠山區也能有訊 | 號 光這點每個月多幾百塊就值了 | 地下室要特別裝發射器才有訊號吧 | 一般民宅大樓跑到地下室都是沒訊號的 | 大盤風險提高時 防禦股本來就會熱門選擇 | 百貨公司地下室應該都有發射器 | 1 那個在台灣根本沒多大市場 扣掉爬山跑船的 | 那個價格你在台灣稍微有點都市化的地方都可以拉企 | 業專線了 | 499吃不飽 營收大增 | 少說了一個 元宇宙正宗概念股 | 種花每個月員工認股金額近2億，買了就鎖保險櫃不動 | ，加上政府、壽險持股，市場上能流動的有限 | 未來少了台星在破壞市場價格，就看三大電信會怎麼 | 玩。 | 中華會有499之亂吃到飽，是因為台哥遠傳電銷私下搶 | 客，搶到中華老大哥生氣，跟台星沒關係好嗎 | 我信了！小牛變野牛！ | 回樓上，偏遠地區拉電信線費用大多數是種花吸收， | 因為政府要求... | 台星亂多久了，三大根本沒在理，台星收訊就阿斗， | 客層就那些 | 中華不是最硬是要降價其他家會去找政府哀 | 三大沒在理?。那遠傳台哥大吃到飽幹嘛自己降價XD | 乾脆就不動了 | 你們不記得三大電信早期網路吃到飽月費都是破千的 | 嗎？ | 網路線就是你我的生命線...漲 | 去年4G最低488漲成588 跟5G最低門檻599差不多 | 你去找400之亂那年的某週刊 | 499 | 台哥大吃台星，因為台哥大怎樣都老二，但近年變第三 | ，一吃台星回第二，重點台哥現在賣迪士尼，又又與一 | 堆cable商綁第四台+網路+手機號.... | 固網價格夠杯具了 星鍊還給種花拿到... | 三大電信 台灣大跟遠傳的月K類似 只有中華電來到史 | 我猜另兩雄市占越龐大，中華可以放心衝更多 | 高 這要怎解釋 照理說同族群走勢會類似吧 | 所以可以買台灣大遠傳等補漲，不過中華有星鍊可以 | 炒  還是第一選擇 | 中華還有個點就是官股存股族多啊，我一堆長輩根本沒 | 裝過APP，買了就放到老死... | 4G 吃到飽讓一堆人不辦固網才是台灣無線環境 | 壞掉的主因 | 是固網價格太高，看看韓國才多少，不然大家何必去搶 | 499吃到飽 | 台哥大最近動起來了 不過也是要死不活的 | 已反應 | 台哥大現在就是兼賣一些蔥與蒜的，菜市場不夠大，才 | 吃台星...我猜要的都是大數據行銷 | 賣的東西不管品質的，跟台中cable合作，硬手機綁固 | 網，它的商機就是這樣搞，然後加蒜就Disney+....都 | 很爛，客服你就是賣就對了 | 可以貴 但5g分享 無限 保證QoS | Disney+真的失望 一堆對話和字幕對不上的 | 本身應該是孩童取向 國語配音卻遠比Netflix愛奇藝少 | 在寡占市場就是看龍頭動作，要超車基本很難 | 胎歌扣掉電商營收，根本稱不上是電信本業 | 台哥營收差中華電不多 但是獲利少蠻多，因為股本小 | 推樓上，獲利王電商營收都超過電信了，整天說自己 | 還去買賠錢貨拉高市占，我看是越來越慘而已 | 是科技公司... | 所以獲利能夠跟上中華電，若後續爆發力，感覺中華電 | 持續在更高階的5G與星鏈著墨，投資基礎建設，有點像 | 台積電一直投資本，慢慢拉開老二與老三的距離 | 目前infra也是種花投最多，還有開發其他市場，像是 | 專網,mec,smart home之類 | 漲了大家開始想理由囉，我覺得就只是避險情緒高漲 | 2412就重覆增加資本支出,增加營收項目,節降相關成本 | 然後這幾年的觀察就是股利四塊有守,就這樣而已 | 今年一堆從今年起開始存股的話殖利率更高的,2412我 | 今天已經先出一半了,明後天再出一半,頂多留個兩張 | 然後今年開始一邊存別的,一邊等2412跌下來再買回來 | 同樓上~ | 先出一半! | 去年初存過配息，目前都還抱著，這檔籌碼穩到爆，要 | 炒到多高我先是靜觀其變…兆豐都能漲3-40%，沒理由 | 這檔不行 | 如果真要算，種花算是資產股（土地+線路等基礎設施 | ），土地飆漲人工飆漲，這些資產估值不飆漲？之後新 | 聞多發幾篇洗腦拉一拉，應該很有機會… | 確實 利多新聞發出來就差不多能閃了 | 還有年資比較深的慢慢退場，新人薪資成本較低 | 我家平鎮這裡，中華收超爛，反而台灣大還挺好又順 | ，板橋那邊也是，中華死角其實不少啊，就只有去蘭 | 嶼玩時真的有感受到中華的威力. | 條理分明給推 | 星鏈是長遠利空吧 全世界有多少國能這樣射衛星 以 | 後電信不是國家特許 是美中俄大國的遊戲",主要兩個基本面大利多 1. 星鍊商機，這個新聞不斷有提到， 中華電可能代理starlink在台業務 2. 台灣大今年會併購掉台灣之星 代表以前那個低價搶市的競爭對手消失 三大電信說便宜資費不會再有， 是真的。 我認為星鍊目前還是在炒話題炒夢， 台灣需要星鍊的比例佔多少未知 但反正它就是bonus， 但是........台灣之星的退出..... 是基本面的大利多， 沒有什麼188吃到飽，三大又可以把吃到飽價格 往上調了 還記得中華以前網路吃到飽是破千嗎吧？ 後面為了跟台星競爭推488， 如果吃到飽費用漲回千元， 呵呵 我認為三大電信未來都看漲就是了 本來就防禦股基本面改善， 怎麼可能不漲 台灣大哥大併台灣之星開啟新三國業者分析：將不再有低價吃到飽 : 原本就有定期定額存股中華電 : 但是最近覺得走勢強勁 : 三個月前才112，緩緩上漲到 : 上週還在121附近，結果今天已經跑到126 : 小弟菜雞，不太確定該如何解讀 : 只能推測是對市場走向的不確定性大增，於是轉持較為穩定的標的，我推測還有漲勢？ : 這支股票可以怎麼解讀？ : : Sent from JPTT on my iPhone BePTT on my Xiaomi Mi 9T Pro 
[請益] 2883b 開發金乙特可以代替中華電嗎,2022-02-23,61.0,XX比雞腿 | 有利率更高的金融特別股 | 型態不同，現在到七年滿期時的年化收益率約4.8% | 可以接受的話要代替也行 | 也想借問一下，目前股價似乎都穩定在$9.40上下，若 | 新光金乙特，只可惜上去了 | 以後正常配息的話，股價是否也會漲回面額$10呢？ | 不好說吧 | 但至少保證到期回購價格是票券面額 | 特別股比較好預估收益，只要標的公司是穩健的，沒 | 有甚麼理由不發利息，比較難確認的是到期時公司可以 | 不回購，然後按「公允」訂新利率 | 問題新利率大致怎麼訂我有去查，但對我來說有點專業 | ，看不是很懂 | 特別股.....最優的應該是國喬特，參加又累積，新上 | 的特別股普遍不參加又 | 不累積 | 中鋼特也有累計 | 樓上專業 | 直接買開發金比較好 | 不如買新光金乙特，低於發行價，利率4% | 直接買開發金就好了 這個價格一樣可以買 | 特別股有點類似債卷，不容易隨大盤波動，但是也漲 | 不動，可當資產配置一部分 | 那想再問一下，因為特別股能優先非配股利，那台灣目 | 前的特別股中，有發生特別股領的股利比普通股領的還 | 多的狀況發生嗎？不知道開發金會不會發生這種狀況？ | 直接買開發金+1 | 國喬特跟中鋼特只怕公司買回？ | 國喬和中鋼特別其實不建議買了，在怎麼殺最多就3趴 | 我是用2020那段崩盤去推，殺到一個點人家也不賣了 | 真那樣殺，不如買現股或ETF | 至於特別股領的比普通股多，有印象就王道銀這個奇葩 | 不過這是事後看，因為大家很怕王道派不出來 | 不過真的派不出來那次剛好發生在普通股，特別股都有 | 金融股公道價不是5%嗎？ | 放一年半領4%你也爽 就去買囉 | 無法承受一定波動，台灣特別股是不錯選擇 | 只是需要自己研究一些公司和風險 | 低於票面價格，有些快到期有些是沒滿一年無法配全息 | 在來就市場有疑慮的，但有時候有疑慮那個就賭對很賺 | 王道銀和新光金就是那種，但風險就比人家高 | 目前特別股最高殖利率是聯邦銀甲特 目前價格落在4.5 | 1% 再來是2887E 大概4.46% | 聯邦銀這隻也很奇耙的一種，特別股配錢普通股配股 | 聯邦銀跟票面價格有段差距，再來發行時間要注意一下 | 「感覺」 | 每支特別股都穩穩的，你這支利率這麼低，別丟人現 | 眼 | 9元可買 | 當定存 你爽就好 | 要殖利率最高怎樣也不是聯邦阿 | 4129 2888 都很高 | 開發如果折價到時候也未必會面額收回 | 9.4左右買殖利率也有3.8%，當定存還ok啦～總比亂買 | 套高點好得多，現在金融可都是漲一波了 | 特別股是100%不會漲，牛皮股不是不可能飆 | 新光乙特看看，不然就裕融甲特 大聯大甲特 算比較 | 穩的 | 今年不是不發？ | 5%一堆不要 要3趴多的?!,開發金乙特在年初上市後跌了一波， 後來就一直停留在9.39到9.41之間不動了， 感覺股價比中華電還穩， 明年開始的3.55%殖利率和現在的中華電相差無幾，也比大部分的債卷都還高， 雖說開發金沒賺錢就配不出來，可是在吞了中壽的情況下，開發金要不賺錢也很難吧， 2883B是否是2412之後的另一定存股的好選項呢？ 發文前請先詳閱[請益]分類發文規範，未依規範發文將受處份。 根據板規142.請益可提及標的，但是只要屬以下如： 1.問漲跌，或持股分析。 2.預測個股或產業未來性。 3.或有推薦意圖。 請使用 [標的] 分類並依正確格式發文，違者142砍文處分。 以上注意事項 得刪除 違者41 Sent from JPTT on my Samsung SMG9730. 
[情報] 2412 中華電配4.6,2022-02-23,214.0,"噴 | 4.608/125.5 = 3.67% | 今天收盤價的話3.67% | 賺爛 | 不如預期 崩 明天跌停 | 所以今天在漲這個原因？！ | 剩3開頭%數了喔 | 4.6 怕 以往殖利率都2.多% 而以 | 總有人先知道 | 糕點到 | 明天一定碟 | 噴 | 好爛 | 崩崩 | 一樣少啊== | 配比前三年都多算有誠意吧 只是分母最近噴太高 | 種花每年都四塊多吧 | 漲又不是漲股息行情 漲的價差都能配三年了 | 殖利率越來越低 | 殖利率3不太甜 | 2019就跌破4了 3.6%算維持水準 | 是漲股息行情吧 | 這是要來拖累遠傳跟台科大的嗎 | 業績成長>股息 中華電還原股價 一路都在創高 | 有夠低  不如買航運 | 這波噴出很明顯沒在管股利的 配少還是要噴 | 應該是漲未來台星被 | 去年9月買，到現在快13% 覺得不錯繼續放著 | 買2412你還管股利? | 3.6只能下去了 | 消滅吧 行動裝置電信費應該會成長 | 業績成長是這個月才成長？明明就是有人壓保股息 | 10年前殖利率是5%耶，越來越少 | 飆股有在管股利？ | 檢 | 已賺股息兩倍 明天開始可以落袋為安了 | 標股做價差不用在意股息 | 都是股價太高拉低殖利率 | 所以明天崩慘 | 每年配發率都差不多 eps早就出來了是在？ | 這波上看200，股息沒意義 | 去年殖利率3.7% | 一堆壽險金控持有電信股才爽吧 | 笑死，就繼續炒吧 | 但是很多人買入想做價差，但套牢又變存股 | 殖利率越來越低 還在看殖利率高潮 笑死 | 120以上都套12年 | 笑死人 | 買2412不如買張家三兄弟 | 爛到笑 難怪滿手中華電存股的最近都換飛機 | 噴 | 今天量排前四，三兄弟佔了三個 | 2022年都開始飆了還在介意殖利率 | 上看200？  別騙股板新手好嗎 | 要噴噴了 | 存這隻擋不住通膨了吧 | 已經噴了 | 這幾年分配率幾乎是100% | https://i.imgur.com/OVyoljY.jpg  保守型可以買2412 | 時間拉長還是比定存好 | 被股價拉低了 賺不到4% | 最後進場點115 | 通澎後新標準.. | 去年隨便買 到今天也快10% 隨便買隨便賺 | 賺爛了 | 套在中華電總比套在航運的水鬼睡的安穩舒服！ | 原來被套還有再比慘的,可憐 | 蹦蹦 | 買2412買到變成賺價差,是跟中樂透一樣神奇的事 | 被我騙進中華電總比被騙去套在做夢股好啊，穩定成 | 長股息又不錯這麼舒服的套房不住嗎？ | 他股價持續向上 哪會跑不贏通膨 | 心得就是:台股的資金水池還很滿 | 該崩了吧...中華電信就是4%仔，下看115 | 所以最近中華電信漲是因為 股利折現模型， 而且應 | 該有人先知道這件事 | 中華電信的長期線型右上， 是存股族的典範標的阿 | 好爛 | 在國外就有這種專門買股息成長股的etf 台灣沒有， | 台灣只有高股息的etf | 爛 | 台股沒內褲線才是新聞 | Dead money | 說個笑話：存股標的 | 不愧是台股債券 | 長線看好 但短線真的漲太多 跌下來再布局 | 兆豐都能從30漲到40了有30%，種花一年漲個10多%叫有 | 人先知道？ | 失望性賣壓出籠 | 買這檔唯一的問題就是當你賣了之後會追不回來 | 就算3.6%還是吊打通膨定存，還無風險，有比這種爽的 | 股票？ | 過年後買的人 是先知  太強了 | 讚 漲到市值快破兆了 | 加倍買就追得回來啊，問題是太多人看不起這檔了，超 | 級防禦型股票 | 太少…下～去～～～ | 中華電信被套就再買就好啦!!! | 這檔和兆豐金一樣,都是不buy教主常酸的股票,但它愈 | 酸的股票就漲愈高,挺有趣的。 | 種花債卷不是喊假的 | 0050大配才配3.2… | 好，明天中華電跌停0.5元 | 台積更慘一季才2.75 | 2412比0050還像0050 | 配得比去年多 噴爆 | 等等不buy手中又變出來了 我也有中華電~ | 存股台積電不如存股中華電 | 配得比去年多 殖利率卻比去年少 股價該修正了 | 3.6%倒不如買0050 還常常崩給你加碼 | 噴爆 | 休息站 | 會存種花債卷早就滿滿的貨 只是都不會賣 | 就不想有風險的人還是能買 總比定存好許多 | 跌停 歐印 | 大俠其實就有推估過殖利率會越來越低是正常的 | 中華電股價走勢背後有極大意義 | 我賣了2張   可惜啊 原本目標50張  愈來愈少XD | 應該是賭電信費會漲吧，障礙已除 | 已反應 | 唉  網路又通知要續約了... | 國債 | 下去 | 3.6%..... | 沒有買明天,開始一路先賣後買 | 以為開始舉長債後，考量金流大概4.5；真的配太多了 | 明天倒爛 | 今天漲很意外XD | 殖利率好低 換金融還比較好 | 賺到流湯了 | 以前殖利率是5 你放到現在搞不好都6了 | 好像沒人注意到 這次還有0.18的股票股利 | 哪裡有寫股票股利? | 3.6%感覺還不如去買開發乙特了吧..都是低風險後者目 | 沒有配股吧？ | 前貼水殖利率還略優一點...還有存這檔的必要嗎== | 現在會買種花的不是為了股息吧 是怕動盪吧 | 中華電 兆豐金跟其他人不一樣 | 防動盪反正開發乙特一樣有啊 都是債券概念有差膩XD | 現在通膨時代，不管存不存股都嘛全部股價一起通膨 | 另外買中華電要的不是股息而是那種穩定感，看看前 | 兩年那樣子，完全跟它沒關係...... | 可憐，明天先蹦 | 有人造謠？ | 他EPS早就出來了 已知訊息不影響股價 | eps4.61 配4.6 | 如果我貸一千萬房貸不到兩趴 拿來買中華電信划算嗎 | ？ | 3.6......爛透了 | 存股類 殖利率越低越噴 | 每年漲一波的股票 今年提前拉抬 應該是為了要避開 | 3月中旬後可能的升息~之前沒跟上的 不宜此時冒進 | 不錯，幸好去年補了一些 | 同樣12萬，買2609啊傻了才現在買2412 | 讚啦 | 不到4是怎樣…. | 爛，噴 | 符合預期 沒啥好驚訝的 | 太快舒服了。被點名的通常都... | 讚讚 | 有中華電的會賣？不要跟我說作當沖喔 | 去年有神經病去降評中華電 不知道有沒有人被騙走 | 今天過近年來歷史新高，還有人在意除權息嗎 | 這價位我還是買阿明 | 4.6很好好嗎，誰叫你120才在看，存股早買了 | 漲的是未來啦！一堆搞不清楚狀況的人 | 105路過 | 神轎今年應該會配比這個高吧 | 跟以往比～越來越低 | 二家擋路的石頭被搬走了,當然漲,遠傳都要站回70了 | 今天賣一半，因為不想超過10張，明後天再賣一半 | 穩 | 飆股沒人在乎股息 | 好少  應該要崩一根惹 | 這隻每天開盤就賺一兩千 睏霸數錢 | 放久價差就越來越多 根本沒人在意那一點股息了 | 長抱的價差都不知道賺到哪裡去了 | 均價95的路過…. | 殖利率一年比一年低@@ | 超爛 回一百先 | 慘，一堆散戶避險買中華3.6趴 | 爆 | 2412飆股 沒在看殖利率 | 3.6%不高啊 | 爛死了 | 差不多阿，他不是都這個價格上下 | 權值也是大的 穩定指數用 | 你們快賣 | 越爛越噴 | 哇靠 | 好慘 殖利率還會回4%嗎 | 散戶避險用的 戰爭結束就打回原形了 | 這隻不是做價差嗎 你們把日K翻出來看 | 每天漲的飆股誰還在看殖利率 | 爛，買中華電還不如買新保 | 剛剛有人給我信息 說是不是被嘎 才叫人不要冒進 | https://i.imgur.com/SoHlf3f.jpg | https://i.imgur.com/YcfLFIy.jpg | 不錯阿，買這支很好睡。 | 噴 | 當時50幾塊抽中現在都0成本了 | 舒服 | 買這個不如56 | 成本 62 輕鬆 | 股價也會通膨，87 不曉得嗎？ | 噴 | 中華電逢低撿 不太需要賣吧 | 漲上去就下不來了，但是3.6也太慘 | 殖利率就維持水準阿 | 每天漲5毛，一下就填息了 | 舒服 | 殖利率超差還一直漲 可憐啊 | 中華電沒有配股啊我怎麼沒看到 | 3.6要噴什麼",1. 標題：2412 中華電配4.6 2. 來源：公開資訊觀測站 3. 網址： https://mops.twse.com.tw/mops/web/t05sr01_1 4. 內文： 1. 董事會擬議日期：111/02/23 2. 股利所屬年(季)度：110年 年度 3. 股利所屬期間：110/01/01 至 110/12/31 4. 股東配發內容： (1)盈餘分配之現金股利(元/股)：4.60800000 (2)法定盈餘公積發放之現金(元/股)：0 (3)資本公積發放之現金(元/股)：0 (4)股東配發之現金(股利)總金額(元)：35746313679 (5)盈餘轉增資配股(元/股)：0 (6)法定盈餘公積轉增資配股(元/股)：0 (7)資本公積轉增資配股(元/股)：0 (8)股東配股總股數(股)：0 5. 其他應敘明事項： 無 6. 普通股每股面額欄位：新台幣10.0000元 2022最新飆股 殖利率 3.6% 又要噴了？ 
[標的] MBT俄羅斯中華電信 有夠俗,2022-02-24,22.0,"今天就被趕出美股了吧 | 5倍那麼高 還不如買俄羅斯債券 | 更慘的在後面 | 10年期國債利率10%以上了 要穩直接買最穩的 | 拜登都說要制裁了 你還想買一個看起來要被踢出美股 | 的標的 = = | 如果中國這時候把俄羅斯企業都買下來,普丁會怎樣? | 閒錢當樂透玩的話還不錯啦，撐過這波後就是暴利 | 有人在看本益比做股票？ | 兩個共產互搞應該很有看頭...XD | 等等 殖利率3.8%? 我認真的說要抄俄羅斯怎不抄國債? | 老人喊制裁你會怕？我川喊才怕吧！ | 拜登比川普軟 | EPS0.99是怎樣... | 然後盧布跌爛 | 這支克里米亞戰爭跌下來後八年都漲不回去... | zim 本益比2... | 歷年配息是0.65–1之間，但不知道會被扣多少稅。 | 俄幣狂貶值耶....先觀望吧 | 可以看看前幾天被美股趕走的中國的電信公司然後賭下 | 去 | 美國、歐盟雙方一起經濟制裁",1. 標的：MBT Mobile TeleSystems俄羅斯最大電信商 2. 分類：多 3. 分析/正文： MBT Mobile TeleSystems俄羅斯最大電信商，在美股上市昨天 收盤6.25 EPS0.99 股息0.24，預計今天開盤還會跌更多，怎麼看怎麼便宜 尤其攻佔烏克蘭之後人口更多，可以預期使用者變多以後EPS>1 假設5塊收 本益比才5倍，怎麼看怎麼便宜啊，到底哪邊有鬼啊?有沒有大大能熟悉俄羅斯的 4. 進退場機制：5塊做多，長期收租 
Re: [情報] 2412 中華電配4.608元,2022-02-26,164.0,"台股防禦力最強的股 | 純點防禦的股票 AGI 0 | 不如銀行定存…(純引戰) | 4 | 糕 | 100抱到現在，持續加碼 | 中華比債券好多了 | 加上員工認股，耶 | 投資一定沒有穩賺不賠 | 玩股票十幾年唯一沒賠過錢的 | 會有2412存股達人要準備出書了嗎XD | 舒服 | 樓上全黑 | 真的防禦型股票 大漲大跌都沒他的事 而且沒人懷疑無 | 法填息 真的保守型最佳標的 | 中華電可算是穩賺不賠 這檔要賠的話 其它崩到下市了 | 中華電就像隱居的世外高人 | 缺點就是賺不多 在ptt股神眼中是垃圾 | 紅茶出在相對高點 棒 | 絕對防禦將軍-中華電 | 中華電很適合放退休金啊 | 現場就買高點了，致少等配完息吧 | 當大多頭的時候 電信股完全被看不起 | 今年韭菜都認清自己賺不到錢了才看防禦性 | 台股掃地僧 | 還好被酸垃圾的時候沒有出清 | 韭菜本金都沒了 現在種花10年也不夠補虧損 | 股價越來越高 殖利率越來越低 | 遇到調整大的 證券就不是首選 | 怎麼會因為別人酸中華就賣= = | 標準越早買越好的股票，沒有之一 | 穩穩賺總比賠錢好 | 後面買的根本盤子 越來越貴 可憐啊，一堆無腦存股 | 的一直疊股價 可憐 | 配10年息了 買了真的安心~ | 中華電也就幾年才能說嘴一次了 | 中華電有什麼好賣的，服了你了 | 108T路過 | 不用搞職棒94爽 | 中華電比官股金控還不可能倒,銀行倒了還有其他家, | 中華倒了,台灣固網大概就癱瘓了。 | 825除息後入手16張 均價110.68 舒服 | 塔綠斑改成台灣電應該就GG了 | 本夠大確實丟2412安心又好賺 | 台灣國債 | 怕賠的我決定all in 中華電信,這樣的我還可以賺嗎（ | 輕小說？） | 公司和員工每月出錢當退休金  穩穩的 | 丟中華電就一年領那一次配息，其他都卡在裡面，自己 | 判斷 | 有人要被水桶了嘻嘻 | 我108買 但說實在殖利率沒到5% 不想留賣了 | 中華電信 我防禦力有9999999這麼高 | 109買放到自己都忘了剛去看原來噴成這樣 | 阿不過今年我也是叫老人家股息不要再投入了 買別的 | 屌打2330 | 還好吧 同期買金融至少20% | 穩定就是他最強的地方 | 買107 賣110路過…. | https://i.imgur.com/15qzdsv.jpg  去年搭配5G 網通 | 小買五張 | 也許現在才是主升段剛開始 以後上看300? | 以後大家來當沖隔日沖中華電信 像之前航海王一樣 | 漲上來才推穩賺不賠.... | 不過中華電績效已經屌打一堆韭菜了 | 中華電也是會回檔的 以前好幾次120+ 後來都有回檔 | 要小心除息後回檔 | 現在是恐慌+資金很多 所以中華電慢慢上去 | 去年除息後買110兩張 | 110+買當然120+賺很多啊 但你120+買呢 130 140? | 買了都不看的中華最佳選擇 會稍微追蹤的就不一定要 | 買中華的幹嘛看股價？ | 過去10年從基本面一年漲不到10% | 股息早就領超過40% | 爽,每年領股息,108T....N年前買的 | 我猜你沒買2330 | 會去買種花的 只想贏過定存就好了 沒在看股價的 | 這支是本金多的人在買的, 本金還在累積的人不適合 | 喔 看後照鏡買股喔 | 你會被少年股神笑 | 這有需要發一篇強調？ | 台灣國債是2330 不會是2412 | 股票部位太大的是可以分散一點到中華 | 像我這種幾百萬的好像就還好 | 2412今年叫「落後補漲」 先看看2330已經創幾次高了 | 存股中華電 不如存股宏達電 | 樓上不要害人 | 這些錢拿去買台積早就賺飽了 | 推 | 125全賣光了 | 現在不買，要等到150才買嗎XD | https://i.imgur.com/UmaUrFE.jpg | 無聊就買啊 | https://i.imgur.com/yBC2kp1.jpg | 有時忙半天  不如ㄧ支2412 | 這隻唯一能抵擋外資喊空目標價的神股 | 去年外資還想騙老人家的老股，真的很不厚道 | 還想喊到90，殺到100以下，一堆就搶爆了 | 2498我越迭越買 | 當初108的時候嫌他殖利率太低賣掉 | 110就賣了 買了其他殖利率更高的 沒後悔過 | 帳面記錄，幾年來總合，只有股利就20%了 | 買紅茶本來就是投機，停損停利都要抓好 | 股癌來了都買這類零股止癢 | 11月買放到現在 笑而不語 | https://i.imgur.com/YoZ35bC.jpg | 以後電信剩三大，肯定更賺 | 能無視黑天鵝黑熊黑豹的標的 | 電信三雄就被一堆網紅名嘴嘴5G高資本支出未來性不好 | 之類的啊... | 外資也不看看大股東是誰... | 馬後炮 | 屌 | 老蘇會砲你 不繼續存紅茶 | 家父退休前一堆中華電，退休後全出去玩價差…賠一屁 | 股… | G點了還講 | 怎麼都沒有中華電信存股社團？ | 2412就算填不了息應該很多人也不會賣 | 90買，99全賣，103含淚全接回，從此不管別人說啥 | 抱緊就對了 | 電信只有中華能買吧 | 其他兩家負責比不知道能配多久 | 中華電根本存股第一選擇 | 趁高價出一出，等殖利率回到4％ | 很久以前沒有存股這名詞時就有人鼓吹買2412退休 | 那個人還有被雜誌報導 好像3x4x歲就在家每年領股利 | 最近台星亞太退場 回歸電信三雄格局 2412其實是可 | 以長期持有 但現在有避險資金在躲 這價格略高 | 台灣大/遠傳是用加發股票方式分別併購台星/亞太 某 | 程度有資本稀釋的疑慮 | 中華電信倒了 大家也不用看股票了 | 有能力抱 盡量抱得好 | 出一張嘴說自己麻在300誰會信，損益貼出來再給尊重 | 85相對近期高點 也是蠻厲害的位置 | 買進的勸你不要賣，快十年前買過90元中華電當時板 | 上一堆人說太貴等80揀，結果就是現在這樣你懂的 | 中華電優於台灣大跟遠傳 長期5-10年以上 | 台灣大現在就爛了 以前台灣大很強 | 中華電好幾年起買了忘了配息又賺價差。真的比這陣子 | 抽插賠錢穩多了 | 怕痛的我將防禦力點滿就對了 | 2008金融海嘯時買的中華電，而且減資有買零股回來 | 每年就是配息時才想起它XD | 買中華電的跑輸大盤有啥好買的 | 存了多年終於開花結果 | 3.6%絕對不會是存股第一選擇 | 特別股應該比較穩定吧 | 版上股神前一陣子可是說中華電不值得買... | 沒多久看法又變了...這跟對折有什麼兩樣????? | 中華電很爛沒錯啊 但絕對不會跌就屌打美債 | 不懂一堆網紅狂推買垃圾美債來害人幹嘛 | 超低利率的年代美債根本只會跟股市一起跌 | 抗跌股 | 配息率固定，只要股價不漲這隻其實很不錯 | 而且市場穩定，就算制度再怎麼腐敗，他就是獨佔市 | 場 | 那段時間拿去當水手不知道可以換幾張惹 | 多頭選飆股，空頭選防禦股，這應該沒人不知道吧… | 嘎偉：中華電也是元宇宙的一部份 | 慘 要跌惹 | 因為怕賠，所以都點中華電 | 91抱了十年了 | 成本80路過",: 1. 標題：2412 中華電配4.6 : 2. 來源：公開資訊觀測站 : 3. 網址： https://mops.twse.com.tw/mops/web/t05sr01_1 : 4. 內文： : 1. 董事會擬議日期：111/02/23 : 2. 股利所屬年(季)度：110年 年度 : 3. 股利所屬期間：110/01/01 至 110/12/31 : 4. 股東配發內容： : (1)盈餘分配之現金股利(元/股)：4.60800000 : 6. 普通股每股面額欄位：新台幣10.0000元 : 2022最新飆股 : 殖利率 3.6% : 又要噴了？ 最近中華電狂漲 以前都是一攤水 慢慢往上 所以把時間拉到6個月 https://i.imgur.com/1reRkKK.png 你會發現 中華電在去年11月入手最佳 111入手 到了今年2月 也才4個月左右 大漲到125左右 如果這期間大量買進了中華電 肯定是做了最穩定的投資 而且攤開我自己的股票未實現損益 這十幾年穩賺的收入 就是中華電 至於買宏達電在300多元的時候 居然一路向下到3X就不提了... 前陣子才忍痛89.5塊賣出 回憶起這傷痛 眼淚緩緩從圖片中流出 https://i.imgur.com/o5OY4Gw.jpg 我肯定不會再買2498了 嗚嗚 不論如何 非常推薦大家買中華電 是一個穩賺不賠的股票 https://i.imgur.com/579LxQJ.png 謝謝讚美QwQ https://www.ptt.cc/bbs/Stock/M.1634612183.A.90D.html 在2021年的10/19就有推薦大家全力買中華電拉~ 那時候大約110.5 本魯在股票版上曾經看了少年股神 投資了台慶科 彩晶 驊訊 但發現最後都賠錢收場 才發現 少年股神 也是會跌倒的 然後...我也摔的慘 還是中華電對我最好了 嗚嗚 偷偷說 去年世界情勢穩定 買水手穩賺以後 再把今年的資金投入中華電 是明智的選擇... https://i.imgur.com/5utMtkq.jpg (去年買的水手) 現在俄國打烏克蘭以後 中國又要軍演在南海 今年會是一個不穩定的一年 放中華電 賺寶寶鼓勵就好~ 不過如果你是少年股神 就要忽略掉我這些話
[新聞] 電信新三國 撼動龍頭中華電,2022-02-28,32.0,"還好台星30個月約 爽 | 以後沒有499 中華電獲利upup | 高點了,不太好吧 | 撼動？想太多了吧~~ | 中華電網路很不穩啊，垃圾公司 | 要出貨了嗎 QQ | 裡面一堆養老的垃圾老肥貓 | 買爆啦 可以養肥貓的公司營收不會太差 | 利多出盡,明天大跌1點 | 撼動個頭，骨幹網路只能租中華 | 皮掀開裡頭還是寫CHT | 骨幹租中華是還活在撥接年代？ | 撼動？不是三個一起吃更飽嗎 | 都是壟斷特許吸血行業 | 撼動在哪 | 亞太199吃到飽要當釘子戶了 | 攜碼新辦亞太199吃到飽今天最後一天 要賭約會存續 | 的要把握 我是已經辦了等審核 | 聯合漲價，查無不法 | 笑死 撼動咧明明就是聯合壟斷 | 剩三家更好聯合漲價 | 垃圾中華， mod極糞 | 還比別家貴 | 其實還有無框跟ibon | 好的，明天繼續+1塊 | 去年剛從垃圾台灣之星跳亞太199 當釘子戶+1 | 寡佔市場   是感動不是撼動。 | 釘子戶 定起來 | 不要買更好睡 | 笑死 罵中華的 其他兩家有比較好？ | 中華電話線笑而不語 | 中華電、台灣大～逢低買進 存起來！",原文標題：電信新三國 撼動龍頭中華電 (請勿刪減原文標題) 原文連結： https://ctee.com.tw/news/tech/601724.html (網址超過一行過長請用縮網址工具) 發布時間：2022.02.28 (請以原文網頁/報紙之發布時間為準) 原文內容：工商時報 林淑惠 https://i.imgur.com/8DJ4Fyb.jpg 繼台灣大擬以282億元合併台灣之星，遠傳再拋震撼彈，擬以247億元吸收合併亞太電，國 內電信市場正式進入新三國時代，但兩宗併購案均面臨1MHz以下的頻譜超過法定13上限 規定，市場人士認為，NCC的處理方式將牽動電信三雄頻譜資源重洗牌。 中華電信表示，超標的頻譜應遵法釋出或轉售，絕對反對因合併案改變當初競標遊戲規則 。 頻率資源是行動寬頻網路品質最重要的基礎，台灣大併台灣之星、遠傳併亞太電信，牽動 電信市場正式進入三分天下的新競局、行動市占版圖重洗牌，中華電目前擁有1065萬左 右行動電話，與新台灣大的980萬、新遠傳的920萬，差距大幅縮小。 除此，新電信三雄時代，頻譜資源將大挪移，中華電信目前擁有包括900MHz頻段20MHz頻 寬、1800MHz頻段60MHz、2600MHz頻段60MHz、 2100MHz頻段40MHz，以及5G頻段90MHz，合 計共270MHz。 台灣大擁有70018002100共110MHz，加上3.5GHZ頻譜60MHz合計共170MHz，台灣之星擁 有90021002600共70MHz及3.5GHz的40MHz，兩家公司合併後，新台灣大頻寬數達 280MHz。 遠傳擁有700180021002600MHz以及3.5GHz的80MH頻寬，亞太電擁有700900 2600MHz。但其中900MHz頻段在去年11月初與中華電簽訂頻譜轉讓協議，20MHz頻寬將售予 中華電信，未計算亞太電的900MHz出售中華電部分，新遠傳的總頻譜達290MHz，中華電若 未計入亞太電的900MHz頻寬，總頻譜數將落後新台灣大及新遠傳。 中華電信認為，當初1GHz以下頻段是在五家電信公司的時代競得的頻譜，應依照當初規定 ，即超過13的頻譜應繳回予NCC重新競標，或者轉讓，中華電表示，合併案需站在公平 基礎下，不應造成不公平競爭。 由於台灣大合併台灣之星一案已提送公平會及NCC審議，市場揣測，NCC對於該案牽涉 1MHz以下頻寬超過13的立場，將成為遠傳合併亞太電案的參考，亦將牽動亞太電是否 依約出售900MHz頻譜20MHz予中華電，以及新電信三雄的頻譜資源市占重洗牌，NCC的態度 動見觀瞻。 亞太電董事長暨總經理陳鵬表示，出售予中華電的900MHz頻譜，仍將依合約繼續走下去， 遠傳總經理井琪強調，該依法做的處理還是會做。 NCC副主委兼發言人翁柏宗表示，兩宗合併案頻譜超標部分，需經委員會議決議。 https://i.imgur.com/ZCUwqLH.jpg 心得/評論： 必需填寫滿30字，無意義者板規處分 中華電最近股價漲了不少 適逢烏俄戰爭爆發 股市震盪劇烈 如果不放心買金融股 逢低分批買進一些電信股也是可以一覺到天亮的 遙想疫情爆發時 中華電根本不動如山 
[標的] 2412.TW 中華電 星鏈多,2022-03-01,14.0,"上看200 | 跟台積電黃金交叉  護國中華 | 應該是德國工廠有新的進度吧 | 昇達科!？ | http://i.imgur.com/T3TOOL1.jpg | 目標價多少? | 把股價炒上前再下殺一波 這是演第幾次惹！？ | 都要變三雄了  電話費八成漲價八成 | 星鏈要是在烏克蘭戰爭有做出成績，廣告效應超大 | 中華電、台灣大～都已長期投資存股！ | 星鏈不會賺錢,要賺錢一定貴 | 連中華電都能漲，世界無奇不有xdd | 中華電台灣龍頭電信為啥不可能漲? | 哥也買了，當債券存。樓主加油",1. 標的：2412.TW 中華電 2. 分類：多 3. 分析/正文： 特斯拉大漲顯然是因為星鏈提供烏克蘭網路援助 中華電原本預期就是2022最可能開始提 供服務 對抗通膨 巴菲特有幾個妙招 一是可以輕易提高價格 二是即便擴展業務，企業也不會支出太多， 可以不斷產生現金流的公司 電信沒了兩小的鯰魚效應 三雄可以有默契的提高資費 對比半導體在高通膨的高資本支出 電信只是小巫見大巫且現金流滿滿 另外房產也是抗通膨的一環 中華電也具有這項特質 加上歷年來穩定的股息政策且未來獲 利進一步優化 中華電可以說具備了對抗此刻最糟環境的所有條件 4. 進退場機制： 長期投資 哪次不長期投資 
[新聞] 嘉義營運處涉假交易害中華電信損3400萬 ,2022-03-01,17.0,"能這樣搞也是公司默許的吧，監管的人不覺得奇怪買 | 什麼鋼筋賣人，只是本金收不回來才會被告 | ：環節出了意外 | 有罪抓去關 | 最衰的是承辦 | 中華電工？轉型成功 | 蓋房子很多都這樣吧偷賣鋼筋 | 1f賓果 | kpi呵呵，根本沒撈到錢，只為了kpi達標而已 | 沒跳票大概也不會東窗事發吧 | 那去跟廠商求償R | 一堆公司為了KPI都這樣玩啊... | 這都很久以前的事了 | 最近冒出一堆2412的新聞,125.5先賣,等跌下來再買回 | 因為,2016發生的事早就認列了吧 | 轉型在抓以前的拍咪呀 | 一再發生，爛公司",嘉義營運處涉假交易害中華電信損3400萬 副總等6人被訴 2022/02/28 22:47 記者林宜樟嘉義報導中華電信嘉義營運處2016年有員工涉嫌與廠商串通，偽造鋼筋 採購案，將資金交付、借貸給業者，但卻 造成中華電信3400萬餘元損失 ，2020年經嘉義市 調查站調查，移送嘉義地檢署偵辦，檢方日前起訴 時任嘉義營運處黃姓副總經理 等4名員 工，以及業者廖男、張男共6人。 檢方調查，時任中華電信嘉義營運處副總黃姓男子及林姓科長、林姓股長及黃姓業務經理 ，廖姓男子則是某兩家企業社負責人，張姓男子為某家企業社負責人；黃姓副總等人因業 務衰退，為增加營收，達成績效，組成專案小組，向廖、張創設3筆虛假鋼筋買賣交易， 由嘉義營運處交付資金給廖男、張男負責的企業社，假裝購買鋼筋，接著將鋼筋加價，再 賣給廖男經營的另一家企業社，之間的價差則為貸放給廖男資金的利息，虛增營收，達成 績效，但廖男所交付給中華電信的支票本票，均未兌現， 導致中華電信損失3400萬餘元。 檢方起訴書指出，黃姓副總為3筆採購案專案小組的召集人，他坦承公司不允許從事放貸 收取利息的業務，林姓科長坦承並未到場驗收，廖姓男子坦承3筆交易均為假交易，價金 是借款，並稱交易資料是嘉義營運處要求提供。 檢方指出，黃姓副總等中華電信員工及廖、張2名企業社負責人，均涉犯證券交易法、商 業會計法、刑法重詐欺取財罪、行使業務登載不實文書罪等罪嫌，日前依法起訴。 https://news.ltn.com.tw/news/society/breakingnews/3844067 中華電信到底是有什麼營運績效，需要副總級人物去虛擬假交易，結果造成損失 難道不知道如果被發現，是違法嗎？ 
Re: [標的] 2412.TW 中華電 星鏈多,2022-03-04,26.0,"讚留言分享 | 好…好險我佈局在100 | 台積叫賭博那其他是什麼? | 200以下的中華電是上天給的禮物 | 150以下的中華電是上天給的禮物 | 100以下的中華電是上天給的禮物 | 去年113買五張佛系抱到現在  股災定心針 | https://i.imgur.com/WN3uqJ8.png | 台積叫賭博的話其他股票是什麼XD | 還沒到我目標，再等等 | 買台積叫賭博 XD | 今天122.5補一張 | 我等11x再買,x可能4-8 | 除息下來再撿也ok | 台積電、台灣大、中鋼、中華電～通通長期投資，逢低 | 才買來存！ | 金融股也有長期投資～但有戰爭就等低一點再補貨～ | 買台積是賭博 宏達電表示 我看你是不懂哦 | 中華電 目標價 100 | 上看600，不買的是傻瓜 | 我今天持股唯一紅的一支 | GG去年好幾次都是600以下買的人賺了很多波，但總覺 | 得現在還沒掉完，繼續蹲 | 127 | 朝聖 | 雖然慢了一點出手，但仍感謝大大的標的文提醒",: 1. 標的：2412.TW 中華電 : 2. 分類：多 : 3. 分析/正文： : 特斯拉大漲顯然是因為星鏈提供烏克蘭網路援助 中華電原本預期就是2022最可能開始提 : 供服務 : 對抗通膨 巴菲特有幾個妙招 : 一是可以輕易提高價格 : 二是即便擴展業務，企業也不會支出太多， : 可以不斷產生現金流的公司 : 電信沒了兩小的鯰魚效應 : 三雄可以有默契的提高資費 : 對比半導體在高通膨的高資本支出 : 電信只是小巫見大巫且現金流滿滿 : 另外房產也是抗通膨的一環 中華電也具有這項特質 加上歷年來穩定的股息政策且未來獲 : 利進一步優化 : 中華電可以說具備了對抗此刻最糟環境的所有條件 : 4. 進退場機制： : 長期投資 哪次不長期投資 https://i.imgur.com/3TL5dwE.png 悄悄地說中華電現在122的價位 還蠻值得補入幾張的 如果要航運其實在過年前就要布局了 現在有點遲 但以保守穩健原則 現在的中華電 也蠻值得讓人一買的 當然如果你要賭博買台積電 也就要自負盈虧 但PTT去年有一個傳言 600以下的台積電值得買 想賭博賺錢的 就買台積 想穩穩賺錢 就買中華電 時機點不對但還想入場的 就萬海 長榮 陽明 中鋼中鴻 
[情報] 1216統一 代子公司公告處分有價證券(2412,2022-03-18,18.0,"高割離席 | 連中華電信也要高歌離席 | 丸子 | 統一賺爛了 | 高歌離席 | 殖利率變少太多了 | 賺爛了 | 殖利率爛的公司我不要了 | 笑死 存股變飆股 高歌離席 | 那時同樣的價錢可以買陽明,殖利率更高 | 牛皮股處分牛皮股 | 真的莫名其妙www | 高歌離席 | 賺2500萬比一堆韭菜公司上沖下洗還賠錢好多了 | 懂賣，殖利率3,4%太爛了 | 賺爛了 | 連2412都有高歌離席.. | 賺爛了",1. 標題：1216統一 代子公司統一國際開發股份有限公司公告處分有價證券(2412 2. 來源：公開資訊觀測站 3. 網址： https://mops.twse.com.tw/mops/web/t05sr01_1 4. 內文： 大概算了一下這批成本 (30951349529285605)/2549.956 每張的均價落在109附近，損益約莫10% 再對照一下日期，基本上是填息後一路分批賣到現在 真存股變飆股，適時獲利了結XD 1.證券名稱: 中華電信股份有限公司 2.交易日期: 110/12/20~111/3/18 3.交易數量、每單位價格及交易總金額: 交易數量：2549956股 每單位價格：NTD114.54~126.24元 交易總金額：NTD309513495元 4.處分利益（或損失）（取得有價證券者不適用）: 處分利益NTD29285605元 5.與交易標的公司之關係: 無 6.迄目前為止，累積持有本交易證券（含本次交易）之數量、金額、持股 比例及權利受限情形（如質押情形）: 持有數量300669股；金額NTD38035仟元 ；持股比例約0.004%；無權利受限情形 7.迄目前為止，依公開發行公司取得或處分資產處理準則第三條所列之有價證券投 資（含本次交易）占公司最近期財務報表中總資產及歸屬於母公司業主之權益之比例 暨最近期財務報表中營運資金數額: 總資產：9.08% 歸屬於母公司業主權益：15.31% 營運資金：16318129仟元 8.取得或處分之具體目的: 處分有價證券 9.本次交易表示異議董事之意見: 不適用 10.本次交易為關係人交易: 否 11.交易相對人及其與公司之關係: 不適用 12.董事會通過日期: 不適用 13.監察人承認或審計委員會同意日期: 不適用 14.其他敘明事項: 無 台積電福音 第一章 By資深PTT鄉民 1. 你早晚要買TSM的，為什麼不要現在買？ 2. TSM是你們的方舟，信者必得救。 3. Morris張 看見這許多迷惘的人，便走下山來，告訴他們，你們當輪班，信仰TSM。 4. TSM，願你的腦機介面晶片降臨，願你的晶片在這世上，如同呼吸般自然。 5. 神愛世人，甚至將他的TSM賜給眾人，叫一切信他的，不致崩跌，反得飆漲。 
[新聞] 中華電信光世代月租費4月起調降,2022-03-23,93.0,"營收減少，出事 | 各位一年最多省24元 | 1G快降到1599吧 | 292w*24 一年少7008wㄟ 完了~ | 2412大漲0.5元 | 便宜，決定把台灣大寬頻的解約跳去光世代 | 嗯 可以多吃二顆茶葉蛋了 | 這個EPS會少多少？ 0.001 ? | 噴了 | 哇靠 當人乞丐啊 隨便撿過紙箱拿去賣都超過2元 | 2元... | 1g快降價啦 | 2元 哇哇哇 真佛## | 用戶數來算 好像很多; 個人感受就 小小小P用 | 萬物皆漲還能降價 不簡單 | 每年四月都會調...... | 2元是發什麼新聞啦 | 2元 | 降價給推= = | 跌停 | 每個月省1~2元，真佛心呀… | 我還以為每M降1元 | 大降2元，還不蟹煮隆恩 | 丸子 營收月減300萬 | 沒辦法，其他競業超廢完全撼動不了中華電信 | 降好多喔~~~~~~~~~~ | 也沒聽說哪個競業大舉建設固網？ | 中華電信已經連續四天盤中大跌1.5 | 年省24元 小卻信~ | 乾脆別發新聞，超鳥 | 還不如提升ADSL、光世代 低速用戶的速度 | 中華電股價最多只能給各位降125的月租費 | 丐 | 太佛了吧 大降兩元 | 根本來亂的降價 至少也降5-10元吧 | 挖靠，兩塊欸 | 明天跌停 | 太爽啦   一年省24元 明天薯條加大！ | 低能 | 一年省兩瓶麥香?? | 我還以為看錯是中油。一樣謝主隆恩啦 | 1元... | 感動到痛哭流涕 | 去死一死吧 | 用光世代不如用手機網路，穩定太多了 | 哇塞！比利率一碼多好多。 | 慶祝降價 明天一支綠棒 | 拿手機比固網根本笑死 | 這價錢是嘲諷嗎 XD | 明天大跌0.5元以示尊重 | 誇張！降2元？？ | 羞辱用戶是不是 | 真沒有誠意 | 1元給我講成這麼偉大 我真是服了you | 降好大，佛心 | 你他馬.. | 散戶提前知道？一直狂買 | 明天跌停 | 廢到笑 一年省12-24元 明天2412海崩5角 | 這兩天都是盤跌尾盤拉回平盤 XD | 降這種幅度要幹嘛  笑死 還發新聞  幹 | 有夠白癡 | 智障新聞刷存在感喔種華 | 壟斷市場還這麼小氣. | 這從那看出來雙贏，同樣民生必需，有本事怎麼不管制 | 房屋價錢，搞國營業者去壓搾包商利潤 | 說錯，官股民營公司才對 | 降1元還敢嘴，明天一根 | 1元1根 | 好棒喔1塊欸（棒讀 | 1-2元叫雙贏？乾脆電子帳單扣20元還比較有感 | 太棒了 只要用滿50年等同可以省下一個月的錢 | 乾脆不要降，什麼白癡想出來的 | 聽到大降>急殺   聽到2元>急拉回 | 股價跌個1元 | 賺爛了賺爛了 | 看在愚人節份上給過 | 蛤? | ... | 一塊施捨給大家 | 準備大跌1塊錢 | 明天股價也給我降2元 | 調降哦,明天掛跌停買看看... | 種花肛世代降價明天掉回120給我接 | 看鄉民反應,其他廠商就知道絕不要降價給人家罵 | 現在這麼貴，怎麼加碼，等著跌，等好久了。 | 物價都上漲了，還調降月租費 太佛了吧。 | 幹2元有降跟沒降一樣 | 謝主隆恩 有政府好幸福 | 真.無感降價 | 這種降幅真的很可笑 | 洗衣機撿到的銅板都不止24了 | 降1元.........",原文標題：中華電信光世代月租費4月起調降 原文連結： https://reurl.cc/nEGW51 發布時間：2022323 原文內容： 國家通訊委員會（NCC）今（23）日核定中華電信111年度固定通信業務X值相關服務資 費及批發價調整討論案，自4月1日起， 將調降光世代電路月租費1至2元 ，預估將有292 萬用戶受惠。 NCC發言人翁柏宗說明，依照《電信管理法》規定，中華電信屬於市場顯著地位者，主管 機關得施行一定資費管制措施，每年4月1日都會通盤檢討當年度資費。 翁柏宗表示，依NCC在109年3月5日公告的固定通信業務適用資費調整係數（X值）， 市內網路業務為2.15%；此外，行政院主計總處公布的111年消費者物價指數年增率（ CPI）為1.96%，所以中華電信111年市內網路業務調降幅度，依拉氏價格指數公式加權計 算，也就是CPIX的絕對值，至少應達0.19%。 翁柏宗指出，光世代電路零售價月租費相當於價格調降1元至2元，預估受惠用戶數約292 萬戶，全體用戶一年受惠金額以每月294萬元計算，總計約3528萬元。 NCC表示， 透過本次光世代電路零售價月租費調降 ，將使用戶得以較低費用使用相同速率 ，或者用同等價格使用較高速率服務，讓產業及人民得享有質優價廉、多元選擇及創新的 各種數位經濟服務， 創造民眾與業者雙贏局面。 心得/評論： 必需填寫滿30字，無意義者板規處分 2412今天盤中曾經最多大跌1.5元 就是反應月租費要被調降12元？ 尾盤被拉到平盤 應該今天算是股價已反應了吧 明天拜託不要繼續崩崩才好 鳩命 
Re: [標的] 2412.TW 中華電 星鏈多,2022-03-28,15.0,專利了 | *賺爛 | 沒單也能自己回 | 我推淡江一票 | 淡江真的不錯 | 淡江哈哈哈 | 復興台日混血勒 | 會不會死掉 | 求淡江教學影片？ | 淡江是一間風景漂亮的學校，美女多 | 今年把防禦點滿！ | 太坑了 吃到飽從488 漲到599呢 | 整個歪樓XDDD | 今天124.5! 2022/5/4 你滿幾張? | 121接,: : 長期投資 哪次不長期投資 : https://i.imgur.com/3TL5dwE.png : 悄悄地說中華電現在122的價位 : 還蠻值得補入幾張的 : 如果要航運其實在過年前就要布局了 現在有點遲 : 但以保守穩健原則 : 現在的中華電 也蠻值得讓人一買的 : 當然如果你要賭博買台積電 也就要自負盈虧 : 但PTT去年有一個傳言 600以下的台積電值得買 : 想賭博賺錢的 就買台積 想穩穩賺錢 就買中華電 : 時機點不對但還想入場的 就萬海 長榮 陽明 中鋼中鴻 https://i.imgur.com/65pE1Bl.png 現在回頭看中華電 我在3/4說的122價位 (這是星期五13點多的發文了) 在3/7達到了低峰 121.00 （這是星期一） 後來就一路往上 在3/25就抵達了127.5 回頭看 可能花的時間也才20天左右 看著其他股票都上上下下 還是維持不動 反觀中華電的穩定往上 都是值得沒有在天天理財的人 推薦的股票 沒有之一 我老公呢 楊冪 https://i.imgur.com/JydvVy6.jpg 百分之五 客服 https://i.imgur.com/ZUwXw7J.jpg 會不會死掉 牛奶 https://i.imgur.com/4mMEHEF.jpg 吹樂器 熊熊 https://i.imgur.com/wkx23vK.jpg 硬啦 閃亮亮 https://i.imgur.com/qCjHNsC.jpg 淡江 Ashley https://i.imgur.com/YNwIYpm.jpg
[情報] 中華電信公佈111年3月營運績效,2022-04-11,55.0,"成本109 歡迎各大散戶來這避險 | 企銀委屈了 | 跟遠傳 台灣大比...遠傳漲最多.... | 種花和信仰金ㄧ樣是種無法取代德感覺 | 永豐委屈了 | 噴 | 一張103.5  賺爛了 嘻嘻 | 賺多少不用公佈了啦 信仰 | 成本80 嘻嘻 | 成本104嘻嘻 | 成本87，嘻嘻 | 成本130，嘻嘻 | 今天剛買，我猜一定比台積電更賺 | 股價硬到不行 | 2412完全不會酥的選擇 | 存股族不買這支去買什麼亂七八糟的 | 我也想買了 | 成本109.5歡迎大家抬轎 | 今年一直ATH 無上限拉 | 成本67哈哈哈 | 持股21張，退休還很遙遠 | 成本75哈哈  歡迎來抬轎 | 噴~~~0.5元 | 才一張要炫耀啥?拿出一百張啦! | 我的前同事買了400多張，現在已退休QAQ | 明天要大噴或大跌0.5 | 飆股 | 已沒成本 歡迎抬轎 | 成本111 | 想出貨喔 | 成本110 歡迎幫扛轎 | 5張成本11x到125賣光光QQ，還好錢轉去撈泰博跟興農 | ，不然要Q很大 | 3.6x12 就差不多也是 4.3, 持平, 它就是穩啦 | 但是126以上真的覺得太高了 | who car | 一樓109不就上次除權息完才買的 有很低嗎？ | 成本130歡迎抬轎 | 不對，是拜託 | 成本130 歡迎抬轎 | 賭爛，113賣掉卻一直創高 | 成本105 10張 每年拿出來洗所得稅 | 成本130 cc | 成本92簽到 | 成本55 ☺ | 成本50 嘻嘻 | 成本0 我媽給我的 | https://i.imgur.com/2UR9Va4.jpg | 定存股一直飆 我的成長股一直烙賽 | 樓上大戶QQ | 電子烙賽放中華避險 等除完再追 | 成本100報到 | 126賣掉,拿來買快篩已經好幾根了,126>130還不到4% | 成本106 歡迎抬轎 | 有一百張，賺爛了",1. 標題：中華電信公佈111年3月營運績效 2. 來源：公開資訊觀測站 3. 網址： https://mops.twse.com.tw/mops/web/t05sr01_1 4. 內文： 日 期：2022年04月11日 公司名稱：中華電 (2412) 主 旨：中華電信公佈111年3月營運績效 發言人：陳宇紳 說 明： 1.事實發生日: 111/04/11 2.公司名稱: 中華電信股份有限公司 3.與公司關係(請輸入本公司或子公司): 本公司 4.相互持股比例: 不適用 5.發生緣由: 中華電信公司公佈111年3月自結合併營運績效： 單月營收約為173.2億元、營業淨利約為36.5億元、歸屬於母公司業主淨利約為27.8億 元、稅前息前折舊攤銷前淨利(EBITDA)約為68.6億元、每股盈餘為0.36元。 累計營收約為512.9億元、營業淨利約為116.1億元、歸屬於母公司業主淨利約為90.2 億元、稅前息前折舊攤銷前淨利(EBITDA)約為212.9億元、每股盈餘為1.16元。 6.因應措施: 無 7.其他應敘明事項: 無 創新高的中華電信 
[新聞] 台積電、台灣大、中信金、中華電...新手,2022-04-15,41.0,畫重點：今年會出版新書 | 無聊 倖存者偏差 | 2020-2022少年股神... | 怎麼沒有台開 | 點名了，一個一個點出來 | 可是中間死掉多少 中 台 開頭的股票 沒提 | 呵呵 | 買台中銀，有台有中又會贏 | 台開笑死 | 好喔 買中華商銀 | 存股這概念為啥可以一直出新書騙錢啊 | 可汗大點兵 | 我來下單台中銀了 有台有中 怎麼輸 | 一直吹巴菲特，那幹嘛不波克比買一買就好! | 台中銀怎沒在上面 明明殖利率爆高 | 台中銀有台有中然後不買... | 十七年後才能驗證內容是否正確，安全牌 | 台開沒寫？ | 近期台開 去年台硝 以前我記得的還有中聯信託什麼的 | 還有當年最有名的中國力霸 | 之前買台中銀的都賺翻了 怎沒寫 | 無聊 | 這些怎麼不提一下啊 雖然有中跟台的都是老字號企業 | 但不一定能有好報酬啦 | 台泥的都賠錢了QQ | 推薦人買大學光，下跌自己又先砍，這...... | 台中銀送分題 | 台積電不飆後 0050年化報酬率不會那麼高了 | 股版當個人版 | 台中銀：拎杯末日堡壘捏，沒有我? | 有種買台開1000張 | 股市萬7講這個 說服力... | 中茂 龍頭中的龍頭 | 別再害人了 | 沒有台中銀？ | 確定以後還會高成長？台北房價06-12漲多少、15-21 | 漲多少 | 宏台達中電 | 不如0050還隨時更新 | 台中銀怒噓 | 要有錢才能一直buybuybuy，all in 哪還有錢buy,原文標題：台積電、台灣大、中信金、中華電...新手選股挑這2個字就對了？17檔台中 股績效比一比 原文連結： https://reurl.cc/Rrn0NG 發布時間：20220414 原文內容： 很多同學跟我分享是從2014年看到雜誌之後才開始跟我存股的，我發現除了中華食、大統 益之外，2014年當時我還推薦了3檔股票，日友、崑鼎、大學光。可惜我當時功力還不夠 無法忍受股票下跌，我後來賣出大學光之後，大學光跌到18元。我以為我賺到，結果是虧 大了。但是日友和崑鼎1股都沒賣，所以賺很多 這個故事告訴我們，車子沒故障、千萬不要下車，而且不只不能下車，還要趁股價大跌的 時候加碼買進才對。就像巴菲特買華盛頓郵報之後，股價腰斬，巴菲特還是繼續買進，持 有華盛頓郵報幾十年之後，巴菲特大賺超過120倍，不愧是股神，可以持有股票幾十年， 我也要學他。 因為今年會出版新書，昨天和總編輯討論，她跟我說 存股不賣真的是知易行難，很難執行 。其實說難還真是很難，但是說簡單也簡單，就是Buy and Hold而已。 ꀊ我記得剛退伍時，剛進入股市有一次看到電視台說如果你不會買股票，就買中和台開頭 的股票就好，因為中和台開頭的股票幾乎都是產業龍頭股，所以我就把中和台 開頭的股票作一下績效整理： (大家可以去Moneycomein網站試算) NO.1中華食品：總報酬率21.91倍、年化報酬率20.2%， NO.2台灣積體電路製造：總報酬率17.05倍、年化報酬率18.6%。 NO.3台灣大哥大：總報酬率8.08倍、年化報酬率13.9%。 NO.4中華電信：總報酬率6.43倍、年化報酬率12.5%。 NO.5台灣水泥：總報酬率5.34倍、年化報酬率11.5%。 NO.6台灣塑膠：總報酬率4.63倍、年化報酬率10.7%。 NO.7元大台灣50：總報酬率3.64倍、年化報酬率9.4%。 NO.8中國鋼鐵：總報酬率3.55倍、年化報酬率9.30%。 NO.9中國信託金融控股：總報酬率3.13倍、年化報酬率8.7%。 NO.10台灣肥料：總報酬率2.89倍、年化報酬率8.3%。 NO.11臺鹽實業：總報酬率2.22倍、年化報酬率7.1%。 NO.12臺灣中小企業銀行：總報酬率2.11倍、年化報酬率6.9%。 NO.13中國石油化學：總報酬率2.11倍、年化報酬率6.9%。 NO.14元大高股息0056總報酬率1.65倍、年化報酬率6.3%。 NO.15台灣高鐵：總報酬率46.8%(7年)、年化報酬率5.6%。 NO.16中華航空：總報酬率1.15倍、年化報酬率4.8%。 NO.17台灣造船：總報酬率43.10%(不到1倍)、年化報酬率2.4%。 https://i.imgur.com/PhqwDMk.jpg https://i.imgur.com/XwS07RE.jpg （圖片來源：華倫存股穩中求勝） 大部分投資人無法持有股票17年，因為17年當中你會遇到無數次的大漲、大跌、腰斬、崩 盤。如果你真的可以持有上述股票或ETF 17年，甚定期定額買進，現在也差不多財富自由 了吧所以請各位同學給自己17年的時間，讓好公司自己慢慢增值就好（股息慢慢增加） 。 心得/評論： 必需填寫滿30字，無意義者板規處分 看標題還以為台中市上市股票了？XXD 另外人生有幾個17年ㄚ？ 言歸正傳0050才排名第七名但也可能是當年市場沒有太多ETF的關係... 
Re: [新聞] 台積電、台灣大、中信金、中華電...新手,2022-04-15,16.0,"幾周前還有版友說120買 125賣 賺錢好簡單 | 結果就130了 | https://i.imgur.com/iZMrCYH.jpg | 去年一堆人在等100以下的 看來再等100年也等不到了 | 那就不用等啦，直接出價130包軌 | 求三樓番號 | 牛奶聲音真的超讚 | 愛許利! | 110歡迎抬轎 | 記得之前最早看的時候113還118 哀 看到現在... | 種花那天成飆股也不用意外 | 中華電曾經跌掉45%  但幾年後上漲加配息也是賺 | GOD-055, 這部帶起客服風潮 | 我以為我走錯版了 | 嗚嗚 真的等不到100以下了 | 中華跌45%，其他是不是要跌145%？？",: 原文標題：台積電、台灣大、中信金、中華電...新手選股挑這2個字就對了？17檔台中 : 股績效比一比 : 很多同學跟我分享是從2014年看到雜誌之後才開始跟我存股的，我發現除了中華食、大統 : 益之外，2014年當時我還推薦了3檔股票，日友、崑鼎、大學光。可惜我當時功力還不夠 : 無法忍受股票下跌，我後來賣出大學光之後，大學光跌到18元。我以為我賺到，結果是虧 : 大了。但是日友和崑鼎1股都沒賣，所以賺很多 : 這個故事告訴我們，車子沒故障、千萬不要下車，而且不只不能下車，還要趁股價大跌的 : 時候加碼買進才對。就像巴菲特買華盛頓郵報之後，股價腰斬，巴菲特還是繼續買進，持 : 有華盛頓郵報幾十年之後，巴菲特大賺超過120倍，不愧是股神，可以持有股票幾十年， : 我也要學他。 : 因為今年會出版新書，昨天和總編輯討論，她跟我說存股不賣真的是知易行難，很難執行 : 。其實說難還真是很難，但是說簡單也簡單，就是Buy and Hold而已。 : ꀊ: 我記得剛退伍時，剛進入股市有一次看到電視台說如果你不會買股票，就買中和台開頭 : 的股票就好，因為中和台開頭的股票幾乎都是產業龍頭股，所以我就把中和台 : 開頭的股票作一下績效整理： : NO.1中華食品：總報酬率21.91倍、年化報酬率20.2%， : NO.2台灣積體電路製造：總報酬率17.05倍、年化報酬率18.6%。 : NO.3台灣大哥大：總報酬率8.08倍、年化報酬率13.9%。 : NO.4中華電信：總報酬率6.43倍、年化報酬率12.5%。 : NO.5台灣水泥：總報酬率5.34倍、年化報酬率11.5%。 : NO.6台灣塑膠：總報酬率4.63倍、年化報酬率10.7%。 : NO.7元大台灣50：總報酬率3.64倍、年化報酬率9.4%。 : NO.8中國鋼鐵：總報酬率3.55倍、年化報酬率9.30%。 : NO.9中國信託金融控股：總報酬率3.13倍、年化報酬率8.7%。 : NO.10台灣肥料：總報酬率2.89倍、年化報酬率8.3%。 : NO.11臺鹽實業：總報酬率2.22倍、年化報酬率7.1%。 : NO.12臺灣中小企業銀行：總報酬率2.11倍、年化報酬率6.9%。 : NO.13中國石油化學：總報酬率2.11倍、年化報酬率6.9%。 : NO.14元大高股息0056總報酬率1.65倍、年化報酬率6.3%。 : NO.15台灣高鐵：總報酬率46.8%(7年)、年化報酬率5.6%。 : NO.16中華航空：總報酬率1.15倍、年化報酬率4.8%。 : NO.17台灣造船：總報酬率43.10%(不到1倍)、年化報酬率2.4%。 https://i.imgur.com/FRqI4u1.png 看起來中華電今天爬到了130這個關卡 真希望能一直住在129.5~130.5就很開心了 新手如果怕傷害的 其實買中華電就對了 一般只要比開盤時跌一塊錢 就可以進場了 畢竟平常只跌0.5 從去年110漲到130 還真不是開玩笑的 https://i.imgur.com/Js6CXNW.png 還記得在過去2021/3/30 也是希望鄉民能在110左右 All in 中華電 https://www.ptt.cc/bbs/Stock/M.1617035991.A.3C0.html 結果只花一年已經達到130 真的嚇人 只能說除非減資還是飛彈打來 要不然中華電真的很穩 我老公呢 楊冪 https://i.imgur.com/JydvVy6.jpg 百分之五 客服 https://i.imgur.com/ZUwXw7J.jpg 會不會死掉 牛奶 https://i.imgur.com/4mMEHEF.jpg 吹樂器 熊熊 https://i.imgur.com/wkx23vK.jpg 硬啦 閃亮亮 https://i.imgur.com/qCjHNsC.jpg 淡江 Ashley https://i.imgur.com/YNwIYpm.jpg
Re: [新聞] 台積電、台灣大、中信金、中華電...新手,2022-04-20,28.0,"仗打完，世界還沒存在的話，中華電就會雪崩了，獲利 | 跟不上價值，也沒未來性，單純避險用 | *世界還存在的話 | 被外資盯上 以後大概會被炒成沒得玩... | 以下開放留言均價XX 歡迎抬轎 | 99謝謝 | 十年還原才一倍的實在沒什麼好說，金控隨便一檔應該 | 沒成長  純漲避險 結果漲到避不了險  笑死 | 10年一倍，一年殖利率大概7% | 台灣大換總經理後基本上沒救了 連110都過不了 | 其他股噴爆 中華電信就會跌 反之 | 0050這種廢物十年都近250% | 請問大大  這個線圖是自己整理的嗎? | 回X大，對.. 自己的程式處理跟畫圖 | 0050風險比較大??? 我傻了~~~ | 以波動來講0050比較大，但是2412畢竟是個股，我同意 | 確實也有買個股的風險 | 說其他股多好,但前提是有幾個人能抱十年... | 樓上..我0050抱14年多了... | @popcorny 波動很好呀,就像很多人說0056波動比0050 | 小,問題是0056波動小是因為它比較不會漲呀... | 波動沒不好啊，有風險才有風險溢酬。風險不是缺點 | 我第一張0050也是2008金融風暴前買的，已經忘記哪年 | 同意上述說的... | 0050 只有一張還是十張? 資產都多了幾萬? | 過去十年好光景當然漲得多!你看最近1年有幾趴? | 從2008年低點開始算不是更好  中華電跌45%只剩50哩 | 我0050就幾十張抱很久了，對帳單還在。",: https://i.imgur.com/FRqI4u1.png : 看起來中華電今天爬到了130這個關卡 真希望能一直住在129.5~130.5就很開心了 : 新手如果怕傷害的 : 其實買中華電就對了 : 一般只要比開盤時跌一塊錢 就可以進場了 : 畢竟平常只跌0.5 : 從去年110漲到130 還真不是開玩笑的 : https://i.imgur.com/Js6CXNW.png : 還記得在過去2021/3/30 也是希望鄉民能在110左右 All in 中華電 : https://www.ptt.cc/bbs/Stock/M.1617035991.A.3C0.html : 結果只花一年已經達到130 真的嚇人 : 只能說除非減資還是飛彈打來 要不然中華電真的很穩 幫忙算了一下十年前的今天的中華電 2012/4/20 股價是 87.6 如果是以當年的股價看，現在還原價錢是178.7，已經超過一倍了 這還只是拿到的股利直接加 如果股利再拿回去買零股，應該報酬夠高一點 https://i.imgur.com/5bmZIiN.png 藍色線是實際收盤價 紅色是調整股利後的價錢 sky121 : 都不只 肯定屌打.. 在三到九倍區間 國泰金 https://imgur.com/VIlNQjA.png 玉山金 https://imgur.com/5mFsLn1.png 永豐金 https://imgur.com/ZxgUryu.png 不過中華電信本來就是牛皮股 有這種報酬也很好了 04/20 20:09 0050風險比較大，理應也有更好的報酬
Re: [新聞] 台積電、台灣大、中信金、中華電...新手,2022-04-21,31.0,上月134.5買了版上推的0050... | 前幾天才聽電視一直在尻洗這隻 覺得很沒有夢XD | 有錢人0.5就開心？確定？ | 年初不知道買什麼的時候腦子不知道是被門夾到還是 | 怎樣買了幾張115的中華電XD現在也10%了…. | 電視上的尻洗說 才10% 你就滿足了嗎 買什麼中華電 X | D | 以中華電來說…三個月有10%我倒真的滿足了XD | 真的好後悔當初看中華電113時 還在那邊猶豫 乾 | ==要先畢業幾次才會想買中華電 | 買0050是有甚麼好後悔的 | 事實上2412就是台股長抱最安全的一隻 | 2412雖然賺得慢，但是也比較敢放大資金進去 | 有錢人比你想的更愛2412 | 0050感覺溢價有點高 | 再保守的人去買權值股和ETF就好 到最後都會發現都 | 還不如買2412 | 上次猶豫 下次也會猶豫 | 台灣大委屈了 | 本金大的買穩定股沒毛病 散戶本金小 就是要投機 才 | 能財富自由 | 推薦存中鋼還是中華電好啊？ | 要是能重來 | 一堆人股市大漲的時候 瞧不起2412，現在才想起241 | 2的好 | 隨便尻都賺 | 2498不要不信 | 2412基本上買了不敢賣，何言賺？股利？ | 有錢人每年5% 可能比大家賺200%還多. | 2412就存款用的阿 存三千萬一年給你一百多萬 | 2412台股定海神針，防禦力UR+,: 引述《sasolala (殺手拉拉)》之銘言： : : https://i.imgur.com/FRqI4u1.png : : 看起來中華電今天爬到了130這個關卡 真希望能一直住在129.5~130.5就很開心了 : : 新手如果怕傷害的 : : 其實買中華電就對了 : : 一般只要比開盤時跌一塊錢 就可以進場了 : : 畢竟平常只跌0.5 : : 從去年110漲到130 還真不是開玩笑的 : : https://i.imgur.com/Js6CXNW.png : : 還記得在過去2021/3/30 也是希望鄉民能在110左右 All in 中華電 : : https://www.ptt.cc/bbs/Stock/M.1617035991.A.3C0.html : : 結果只花一年已經達到130 真的嚇人 : : 只能說除非減資還是飛彈打來 要不然中華電真的很穩 : 幫忙算了一下十年前的今天的中華電 : 2012/4/20 股價是 87.6 : 如果是以當年的股價看，現在還原價錢是178.7，已經超過一倍了 : 這還只是拿到的股利直接加 : 如果股利再拿回去買零股，應該報酬夠高一點 : https://i.imgur.com/5bmZIiN.png : 藍色線是實際收盤價 : 紅色是調整股利後的價錢 看著最近股版很多人喊著畢業了 其實帶了些淡淡的哀傷 最近的股市的確不好過 都是綠綠的過多 但中華電2412 置身事外 https://i.imgur.com/PCr3GOs.png 今天莫名其妙的收盤最後衝到131飛天去了 真心不騙 會到達140不是開玩笑的 買中華電的原則就是 當天突然跟開盤時跌了一塊 就可以進場了 看到平盤的要先忍住 好歹要賺那0.5 https://i.imgur.com/3TVnlFm.jpg 很多有錢人 就為了每天買這下跌的0.5就開心一整天了 分享給想畢業的人參考 中華電不會讓你後悔的 台北天龍國。桃園火之國。台中槍之國。台南忠之國。高雄暖之國。新北神父國 
[新聞] 中華電股價創高，市值躍升第四大，看好5G,2022-04-26,128.0,"年底上200 | 台塑化被幹掉喔？ | 發哥那邊不是說5g到頂了嗎 窩好混亂 | 可以說一下啥時要把370的wakuwaku甲片加回來嗎?_? | 笑死 一直噴跟5G完全無關 | 下一個台積電 我懂 | 150真的有機會 | 台股債券你敢嘴？ | 5G應用可以很廣,前提是NCC不要提早強推6G換照 | 大中華電 | 真大牛股 ! | 本益比都比台積電高了! | 每天漲一點點 | 就避險大家錢轉進去而已 | 和5G完全無關好嗎 記者完全搞不懂上漲理由 | 當作存股買的都比我賺得多了 | 就叫你們存股族的去買2412 | 今年飆股 | 122進一張 後悔進太少~_~ | 中華電最後一棒 | 結果今年手上賺最多的是這檔... | 120時大家都說很高了準備跌..現在都132了 原來 | 股價高,殖利率上不去,就是將來定存利率升息受害股 | 是因為大家都一直避險買中華電信吧，少騙我是5G | 市況不好 資金停泊好去處 | 新聞出了 明天我要全出 | 去避難的  2008年起跌時中華電也上漲  後來就 | 越賺越少 買的是信仰 | 5G除了向用戶多收錢，還有什麼功能？ | 唯一不會被殺歪的權值股QAQ | 後悔118賣3張 | 漲多了，新聞就出來了，希望多點人抬上200 | 死魚概念股在波動大的時候就變成避風港啦 | 真定存股 但今年好像變價差股 | 跟5G屁事，躲斷頭的啦 | 存股就算漲上去依然領4%不到的死股利... | 訊號來了 | 崩盤唯一精選股 | 真的跟鬼一樣 無視大環境 自己漲自己的 | 之前還進場中華電信玩波段 | 完全不敢買 超高 | 推文很多大概不知道2000和2008中華電怎麼了 | 台灣債券 | 遇上真正的崩盤  中華電也會變很便宜  我2009買的 | 一張不賣，奇蹟自來 | 真護國神山 | 我出了 醬會跌下來嗎？ | 真存股 | 資金避風港 | 新聞出來，那差不多要下來了 | 根本就避險資金往這種地方去股價起來的好嗎 | 寫那麼多 屬性根本是避險基金（？） | 差不多了 | 要是哪天賣豆腐的中華食也飆起來我才怕 | 升息對這檔可能比崩盤影響還大… | wakuwaku整個停播了，要加也加不回來QQ | 太貴了 | 132囉？ | waku是退出台灣，種花想續都沒辦法 | 大盤大漲，中華只是不漲或緩漲而已啊 | 遲早跌回108 | 電信是最後一棒 | 2008中華有沒有崩 | 昨天大盤跌成屎還這麼硬 | 台灣大委屈了 | 美債會跌 這個可不會 | 早就不是因為避險買中華了，幾年前的做法了 | 最好是寫得那麼好 | 因為升息現金變貴 中華電=穩定印鈔機 | 舒服文來了 要出貨了 | 最後一棒 根本不會跌 | 484要出貨了 中華電大黑棒要來了嗎 | 單純是法人大額資金避險買盤而已;別想太多 | 110已梭哈 | 900股成本117，下月補滿一張 | 完了 新聞終於出來 準備崩 資金再躲啊 | WAKUWAKU是自己退出的吧？ 要加也沒得加了 | 出貨訊號來了 | 133封頂 | 丸子 | 103.5 | 如果要說電信 另外一雄漲更多呢 低調 | 中華電沒跌代表不會崩盤~ | 黑人問號 | 有人空種花嗎(x | 出貨? | 崩盤到中期中華電才會開始跌  2000和2008都下跌45% | 2020大盤只跌30%  這樣中華電就不會動 | 最近遠傳也不知道在漲什麼 | 台灣人口繼續下滑 使用者人口變少 費率就要增加 反 | 正最後就是會暴漲 | 默默的漲 持續張 | wakuwaku那個是總公司不玩海外了 | 國外一堆新聞5G觸頂 ，怎麼台灣記者寫出來完全不一 | 樣 | 配4.6吧？ | 主力瘋起來,拉到200讓你不得不跟 | 光世代那精美的固網調降金額 | 去年買110 現在是唯一紅色的 慘 | 87樓內行人 | 現在溫水煮青蛙，需要好撤退又能撐指數的大牛來斷 | 後 | 持股唯一賺錢的股票 | 員工每個月都花10%薪水來買股怎麼會跌 | 遠傳也漲好多了！今年電信這麼賺？ | 101 路過 | 外資要分批匯錢，錢全塞電信股因為抗跌所以電子股88 | 豪洨 這種爛故事也寫得出來 | 5G也沒殺手級應用，通膨會讓有些人退回4G | 看新聞做股票會被害死 | 股市跌的時候 種花就會很高 注意喔~ | 該跑了 | 蔡力行3家公司 都領導過  XDDDD | 全部躲到中華電信 呵呵 | 推 | 拜託公司不要亂投資了，甚麼電影、影劇、職棒，這 | 都是不賺錢的 | 多點資產活化，蓋商辦大樓出租比較實際 | 這位記者主攻5G新聞 即使5G是幌子 人家也是要吃飯的 | 別太苛求了 | 你去問2330員工拿了分紅會買2330還是買2412 就知道 | 為什麼了 | 台股再跌下去 中華電會不會變市值第一 | 最多變第二吧 | 台積機乎無法擊敗 | 讚喔 | 等GG破4 就換提款CHT囉 | 很開心能上漲，但純粹是避險，大盤回來的時候就知道",中華電股價創高，市值躍升第四大，看好5G應用，加碼投資影劇業 https://reurl.cc/ZAQ0vg 2022/4/26 16:29 財訊快報記者劉居全報導不畏近期台股震盪回檔，中華電信( 2412 )今(26)日股價 收盤上漲0.5元，收在132元，股價再創新高，市值躍升至1兆239.83億元，成為台股上市 櫃公司中，市值排名第四大，僅次於台積電( 2330 )、鴻海( 2317 )、聯發科( 2454 )； 而中華電信受惠5G用戶增加，帶動ARPU增加；而中華電信看好5G應用，積極加碼投資影劇 內容產業；中華電信董事長謝繼茂日前表示，中華電信未來事業發展亮點，包括個人家庭 、企業客戶、國際客戶等三大事業版圖三箭齊發，發揮電信龍頭的基礎建設與技術優勢； 而中華電信去年及今年第一季獲利都位居電信三雄之冠，加上積極發展ESG，爭取法人認 同，使得中華電信股價成為近期股市震盪下的資金避風港，逆勢創新高。 中華電信去(2021)年營收2104.77億元，稅後盈餘357.53億元，每股盈餘(EPS)4.61元 ；今( 2022 )年第一季合併自結營收為512.9億元，年增2.4%，歸屬於母公司業主之淨利 為90.2億元，年增2.5%；每股盈餘(EPS)為1.16元；第一季營業淨利、稅前淨利及每股盈 餘達成率皆超越原先預期。而中華電信去年及今年第一季每股盈餘都在電信三雄中排名第 一。 中華電信先前預估今年財測目標為全年合併營業收入預估介於2128億元至2140億元 ，稅後盈餘介於341.1至360.4億元，每股盈餘約4.4元到4.65元。 截至第一季為止，光世代寬頻用戶數為369.8萬戶，其中100Mbps以上客戶達205.1萬 戶，300Mbps以上客戶達68.7萬戶，高速用戶數因防疫居家需求而持續成長。MOD客戶數達 205.7萬戶，行動通信總客戶數達1198.2萬戶。 謝繼茂日前表示，中華電信自2019年起啟動為期三年的策略轉型大計，經過轉型各階 段的努力推動，於去年創下集團與母公司營收及獲利雙超標、雙成長的佳績，行動及固網 寬頻業務雙雙成長，即便歷經疫情考驗，財務績效仍反轉向上。除策略轉型有成迎來營運 佳績外，中華電信大力推動新世代網路轉型，積極推動行固網融合、雲網融合與智慧維運 ，藉由資源統籌運用與彈性調配，維運成本降低，大幅提升營運效能。 至於今年，中華電信針對個人家庭、企業客戶、國際客戶等三大事業版圖，三箭齊發 ，結合企業優勢，創造客戶價值。 中華電信郭水義總經理日前指出，針對個人家庭事業，以打造國內最大影視平台與智 慧生活圈為宗旨，持續推動固網、行動、WiFi三網整合，創造Always Broadband Connec ted (ABC)的寬頻環境，提供消費者三網飆配的最佳服務，並聚焦於娛樂、健康、安全、 便利四大主軸，發展創新智慧生活服務；針對企業客戶，中華電信要打造三大百億新興業 務，聚焦於雲端IDC、資安、5GAIoT，結合業務夥伴，廣結盟，協助企業數位轉型，升級 共榮；國際客戶方面，致力推升台灣成為亞太資訊匯集重鎮，透過持續強化海纜與衛星等 連外網路量能，將台灣的智慧城市、5G專網、IDC雲端等技術輸出海外，攜手台商佈局國 際市場。 中華電信近年也積極投資影劇內容，其中轉投資的百聿數碼(6622)先前投資《比悲傷 更悲傷的故事》、《可不可以你也剛好喜歡我》等多部賣座電影後，也陸續完成《刻在我 心底的名字》、《複身犯》等電影後期製作；2018年起開發原創影視內容，從劇本開發到 拍攝製作管理，2021年底推出首部與美商Netflix合作全自製原創旗艦影集《華燈初上》 ，掀起收視及話題熱潮外；中華電信今年也首度投資參與公視2022旗艦大戲《牛車來去》 ，18日也宣布參與首部電影投資案《我的婆婆怎麼那麼可愛》電影版《我的婆婆怎麼把OO 搞丟了》的製作。 謝繼茂表示，《我的婆婆怎麼那麼可愛》電影版《我的婆婆怎麼把OO搞丟了》為中華 電信第一部投資電影，本片由伯樂影業邀集包括電視、娛樂及唯一的電信業者中華電信共 同參與。中華電信看好電視劇《我的婆婆怎麼那麼可愛》的好評，也創下MOD的高點閱率 ；投入該片電影版的製作，再次展現中華電信推動國內影視產業的企圖心，也期為中華電 信MOD、Hami Video平台挹注更多的優質戲劇好片，提供客戶絕佳的影視娛樂。 此外，謝繼茂強調，中華電信今年會專注企業ESG永續發展，將ESG視為未來重點工作 ，據了解，中華電信內部成立永續委員會，並依照ESG分成四個工作小組，分別由執行副 總經理馬宏燦、林榮賜、洪維國以及財務長陳宇紳扛起ESG四大任務目標。 而中華電信為全力推動ESG，設定碳排放、IDC再生能源使用、多元化與融合、數位賦 能、ESG與高階主管薪酬連動等目標。此外，中華電信於日前發行35億元可持續發展債券 ，並在3月15日上櫃掛牌交易，該檔債券不但是首檔國內電信業所發行永續發展債券，也 是全球電信業中少數發行永續發展債券業者之一。 而中華電信積極發展ESG及綠能，目前中華電信每年大約生產600萬度綠電，未來將擴 大生產綠電能量；至於所有IDC中心也將在2030年全面使用綠能。 心得：中華電信雖然配息近年來都不高，今年只有3.6但是至少股價有支撐，如果不追求 高獲利，仍然是一支穩健的標的。 
Re: [新聞] 中華電股價創高，市值躍升第四大，看好5G,2022-04-27,79.0,"不知所云 還沒放暑假吧 | PE比台積電高耶? | 這時候才在勸人買？ | 我是不會買啦 | 拜託公司不要投資影劇、電影，多點資產活化蓋商辦 | 不過現在也高到不敢買了 | 2412前幾年在股板被當垃圾看啊 | 這才是最後一棒，炒到不知道買啥 | 請台鐵工會看看 電信局公司化民營化之後的樣子吧 | 中華配發率100%，台G不會配錢 | 如果台灣菸酒有上市 也想買 | 這時候買電信股，剛好幫外資轉錢 要這麼佛心喔 | 100的時候覺得太高只敢買一張 QQ | 呵呵 大空頭就會出現這種2412超讚的文章 | 笑死，怎麼有人叫台鐵民營化，台鐵是想漲票價政府26 | 年不給漲，中華電信是想降價，NCC說為了公平不能降 | 你為什麼要這麼著急呢？ | 這篇新聞不是出貨文嗎？ | 早就賣到剩兩張了 | 抱中華電 好安心 | sa大幾個月前就建議，不懂的人只會酸，越酸越漲XD | 之前當存股買的不都賺爛 | 去年110買的如今都賺爆 | 下一個就是 | 種花只是資金避風港吧 | 避險而已 | 崩盤在進場不是很好，一定要投資嗎？可以場外看戲 | 啊 | 謝謝你 可以放心賣了 | 當初買110自己都覺得貴 這股價太神奇了 | 台股定海神針 不過我也是出到剩2張 | dead money 種花無誤 | 要不要看看遠傳 更誇張 | https://i.imgur.com/RbSM1WA.jpg | 覺得100 110太貴的 根本不懂2412體制 | 中華電：崩盤喔…是喔 沒感覺 | 125之前根本不是漲資金停泊 126之後就不敢說了 | 平均60在這 | 種花高了 台股就慘了 | 要小心看籌碼只是外資還沒倒貨而已(給你安全錯覺) | 炒作遠傳合併議題還是會回去 合併虧錢公司太多要消 | 化的東西 | 100以上就太高了,遲早會回到90,但遲早是多久我不知 | 股票會波動喔 啊什麼時候波動 我不知道 什麼鬼回覆 | 回到90? 你當背靠資產土地都是垃圾? 真的外行 | 我5年前買中華電差不多在105塊，當初就只是覺得他穩 | 不會上下波動，現在衝到132真的令人意外 | 本來120要賣，後來改130,現在改140再來賣了 | 嗯，遲早會到200，但多久會到我不知道 | 中華最後一棒 | 去年110買的全脫手了，中華電又不是沒跌過 | 韭菜們  2000和2008中華電撐到崩盤中期後一樣大跌 | 一直恐嚇這隻會崩大可不必，那請問我是不是要預防 | 性停掉員工認股XD 準備抱超過40年誰管你崩不崩 | 中華電沒跌只是代表現在不是空頭 | 要抱40年的不用擔心  要擔心的是沒有下跌心理準備的 | 意識到會發生哪些可能  才能撐過那個大跌煎熬的 | 這時候進場你不抖嗎 看看前幾年吧 | 去年108買的120全出掉了，哭喔…… | 中華還適合進場？ | 之前已上車，此生有幸能見證高點 | 沒打算賣，跌下來再加碼 | 還有台灣大 https://i.imgur.com/HZOXGDY.jpg | 帳面上現金發一年現金股利就發完了 有很多嗎 | 買110放十年…應該100加碼的… | 跟你說 改10%漲跌幅限制後 中華電要一天大跌很難 | 台股救世神 | 現在跟2000 2008大不相同了 我記得以前常撿V反 | 數字亂按 反正當天就能賺了 | 現在沒有這種買法了 | 這麼高你敢買？ | 軍公教股東表示：都忘了有買這一檔 | 有人連公司化和民營化都搞不清楚 | 110就一堆人喊崩盤了，120喊一定崩，現在都130了， | 呵呵呵 | 我大CHT超威猛，養了至少1/3的高薪廢物老人，到處 | 亂投資還能賺，台北的單位都在精華區光土地就價值 | 連城 讚讚讚 | 種花就安心買當定存啦，買了就放到退休在打開來看",: 財訊快報記者劉居全報導不畏近期台股震盪回檔，中華電信( 2412 )今(26)日股價 : 收盤上漲0.5元，收在132元，股價再創新高，市值躍升至1兆239.83億元，成為台股上市 : 櫃公司中，市值排名第四大，僅次於台積電( 2330 )、鴻海( 2317 )、聯發科( 2454 )； : 而中華電信受惠5G用戶增加，帶動ARPU增加；而中華電信看好5G應用，積極加碼投資影劇 : 內容產業；中華電信董事長謝繼茂日前表示，中華電信未來事業發展亮點，包括個人家庭 : 、企業客戶、國際客戶等三大事業版圖三箭齊發，發揮電信龍頭的基礎建設與技術優勢； : 而中華電信去年及今年第一季獲利都位居電信三雄之冠，加上積極發展ESG，爭取法人認 : 同，使得中華電信股價成為近期股市震盪下的資金避風港，逆勢創新高。 : 中華電信去(2021)年營收2104.77億元，稅後盈餘357.53億元，每股盈餘(EPS)4.61元 : ；今( 2022 )年第一季合併自結營收為512.9億元，年增2.4%，歸屬於母公司業主之淨利 : 為90.2億元，年增2.5%；每股盈餘(EPS)為1.16元；第一季營業淨利、稅前淨利及每股盈 : 餘達成率皆超越原先預期。而中華電信去年及今年第一季每股盈餘都在電信三雄中排名第 : 一。 : 中華電信先前預估今年財測目標為全年合併營業收入預估介於2128億元至2140億元 : ，稅後盈餘介於341.1至360.4億元，每股盈餘約4.4元到4.65元。 : 截至第一季為止，光世代寬頻用戶數為369.8萬戶，其中100Mbps以上客戶達205.1萬 : 戶，300Mbps以上客戶達68.7萬戶，高速用戶數因防疫居家需求而持續成長。MOD客戶數達 : 205.7萬戶，行動通信總客戶數達1198.2萬戶。 : 謝繼茂日前表示，中華電信自2019年起啟動為期三年的策略轉型大計，經過轉型各階 : 段的努力推動，於去年創下集團與母公司營收及獲利雙超標、雙成長的佳績，行動及固網 : 寬頻業務雙雙成長，即便歷經疫情考驗，財務績效仍反轉向上。除策略轉型有成迎來營運 : 佳績外，中華電信大力推動新世代網路轉型，積極推動行固網融合、雲網融合與智慧維運 : ，藉由資源統籌運用與彈性調配，維運成本降低，大幅提升營運效能。 : 至於今年，中華電信針對個人家庭、企業客戶、國際客戶等三大事業版圖，三箭齊發 : ，結合企業優勢，創造客戶價值。 悄悄地說 今天4/27 我所有追蹤的股票 除了中華電目前132.5是紅色的 https://imgur.com/a/2ni6F4X 其他全部綠到底... 綠的可怕 老婆都會跟人跑走 建議在這個動盪的時代 中華電信是最值得您投資信賴的公司 等跟開盤下跌0.5就可以進場了 如果下跌1塊買到就是賺爆 希望這篇能減少想要畢業離開這股票世界的人 中華電滿手現金 說真的現金是滿出來的 所以現在到處有人拉攏投資 像是將來銀行拉 還是各種運動拉贊助 或者中華職棒平台 入股pchome 都是中華電可怕的優勢 真心不騙 可一輩子All in買2412 技巧就是他下跌0.5就可以入場了 我老公呢 楊冪 https://i.imgur.com/JydvVy6.jpg 百分之五 客服 https://i.imgur.com/ZUwXw7J.jpg 會不會死掉 牛奶 https://i.imgur.com/4mMEHEF.jpg 吹樂器 熊熊 https://i.imgur.com/wkx23vK.jpg 硬啦 閃亮亮 https://i.imgur.com/qCjHNsC.jpg 淡江 Ashley https://i.imgur.com/YNwIYpm.jpg
[新聞] 中華電拚純網銀 找上台灣祖師爺陳嘉鐘,2022-04-27,48.0,2413？ | 請正名2412 | 2412好嗎 | 第一反應 台灣祖師爺陳嘉… | 看錯以為是老蘇 | 1992.. 現在2022年了 | 現在要吹電信股 也請打對代號 | 老蘇親戚嗎? | 真的空頭電信股才會漲 | 沒看到入股pchome的新聞說 | 金融電信股 | 現在瞎到連代號會打錯的都推中華電了 | 錢多到滿出來沒地方燒 | 找1992年的問意見是不是搞錯什麼… | 將來銀行超爛 | 以為是 嘉偉。。。。 | 出貨？ | 正常能量釋放(真的錢太多) | 尊爵不凡吧? | 陳嘉偉的親戚？ | 陳嘉鐘？鄉民只認陳嘉偉 | 獨董是能幹嘛啦 | 我只認識陳家偉 | 不知道 種花何時會想到要停損 | 老觀念，只會賠慘 | 新聞開始多了…怕 | 我只認識高職葛格 | 丸子 錢一多又要抽風亂灑 | 公司不要亂灑錢好嗎 | 每2個禮拜都在創高，何時買得到呢 | 做純網銀沒有一家是賺錢 | 詐騙跟駭客不重罰的話..網銀得花更高的成本防 | 純網銀就噱頭而已  目前大部分資金還是在不會用純 | 網銀的人手上 | 空軍祖師爺 | 出貨？ | 我問祖師爺這段code怎麼寫，被靠北他當年沒電腦 | 網銀都在賠吧？錢坑 | 網銀只能搞搞信用卡而已 | 銀行最大獲利來源在企金放款 | 網銀怎麼跑這塊? | 阿就小額電子支付阿...買虛寶很好用阿 | 看成 陳嘉偉 | 資金避風港啊 | 請問小額電子支付，消費者多了網銀有甚麼誘因呢? | 電信帳單就可以支付了，多了網銀是可以貸款買虛寶嗎 | 買中華不如買遠傳，中華太貴了 | 新東西請爺字輩 感覺很跟不上,原文標題：中華電拚純網銀 找上台灣祖師爺陳嘉鐘 原文連結： https://ctee.com.tw/news/tech/632485.html 發布時間：工商時報 林淑惠 2022.04.25 原文內容： 中華電信今年股東會將改選董事，八席董事及五席獨立董事中，將改選三席新董事及兩席 獨立董事，其中，首度延攬曾任玉山銀行中國分公司總行長、玉山銀行消金執行長，現任 兆豐金融控股公司董事、兆豐國際商業銀行董事陳嘉鐘，擔任中華電信獨立董事，此一安 排也備受業界矚目。 陳嘉鐘曾在1992年帶領團隊設計出台灣第一套網路銀行，並吸引日本同業率隊來台觀摩， 並有台灣網路銀行始祖的稱譽。全球進入行動支付時代之時，亦成功推動兩岸支付， 玉山銀行並成為台灣第一家從事兩岸支付的銀行，成為阿里巴巴旗下支付寶在台灣的 清算銀行。 在中華電信所轉投資的將來銀行正式開業營運後，中華電信延攬陳嘉鐘擔任中華電信獨董 ，借重其過去豐富的消金、及網銀經驗協助將來銀行衝刺業務，特別具指標意義。 將來銀行已於上個月月底正式開業，中華電信目前是將來銀行最大股東，持股占比41.9 。中華電信擁有豐沛的資通訊科技能力，與將來銀行未來將合作發展Fintech領域的創新 應用。由於將來銀行其它大股東還包括兆豐銀行、新光集團、凱基銀行，如何讓將來銀行 發展出與其它純網銀公司不同的服務場域出來，以及如何快速獲客、損益平衡，將會是中 華電信未來希望借重陳嘉鐘過去在網銀領域豐富經驗的三個重點。 中華電信已發行Hami Point點數，並已入股PChome，中華電信期待將來銀行發行的點數與 Hami Point甚至PChome有機會互換點數甚至互相導客。陳嘉鐘過去曾推動玉山銀行與數字 科技8591、歐買尬的歐付寶跨業合作，在跨業合作亦擁有豐富經驗。 與以往6月舉辦股東會不同的是，中華電信今年股東會提前至5月27日召開，今年並將舉行 董事改選。八席董事席次中，將提名三席新董事，分別是文化部政務次長李靜慧、交通部 政務次長胡湘麟、以及東吳大學政治學系教授兼系主任蔡秀涓。五席獨立董事中將提名兩 席新獨立董事，分別為陳嘉鐘及台灣大學管理學院會計學系教授林世銘，並提名林玉芬、 呂忠津、及杜奕瑾續任獨立董事。 心得: 今天台股下殺400點 唯一不動如山還見紅的股票 尊榮不煩 2412 中華電 已修正
Re: [新聞] 中華電拚純網銀 找上台灣祖師爺陳嘉鐘,2022-04-27,44.0,"重點是台灣純網銀沒有一家賺錢~LP也賠幾十億 | 照你這樣講，幹嘛每年花一堆心力推個人金融業務？ | 現在每天都2~3通貸款電話，都不知道銀行是有多閒 | 重點是起步太慢了都慢人家幾年了 | 因為餅就這麼大而已阿，推得勤不代表好賺 | 更何況信貸呆帳多，這都是成本 | 會不會算數，4-500e，利息才1-2e。虧死你 | 錢多到沒地方放，隨便找個專案燒一燒啊 | 八成水很深啦，企業文化ㄏㄏ | 跟你靠杯尾牙員工表演難看一樣 將來網銀就是被老闆 | 闆指定組隊的 同樣也是無私奉獻(金錢and時間) 你會 | 不會要求太多了? | 請一個能幹的會計比較好啊 | 然後初期又要補貼拉客戶 虧法請參考亞太電信 | 結局也是 | 不是有將來銀行了？ | 這東西頭幾年虧錢難免是說慢別人幾年虧錢好像還可以 | 再來除非能包企業級或國家級聯貸案或有啥突破性創新 | 或者能做到一家獨大然後觸手伸得夠長夠深夠廣,全面 | 滲透到各行各業(像line在台灣就有這樣的傾向) | https://money.udn.com/money/story/122229/6100790 | 目前要逐步鬆綁相關限制讓可承做業務金額越來越大 | 再來台灣若走升息循環,相對來說網銀的利息會低一點 | 或許就會讓人比較傾向找相對利率較低的網銀借貸 | 然後就學貸款其實也是不小的市場,亦可做出差異化 | 有錢人不信任網銀+1, 認識一個,他覺得手機,電腦上 | 操作金流就是有風險,寧願花時間臨櫃辦 | 我覺得是這樣,過往可能是銀行叫自己行員做這些事情 | 外加一些徵信的東西,未來若有專門的公司在承包這樣 | 的事情時,銀行就能將這些事情外包給這些公司去做 | 就像古早是銀行要親自向客戶催收帳款,後來將催收業 | 務外包給第三方催收公司 | 是會增加成本沒錯,但跟傳統銀行比起來不見得沒優勢 | https://www.juduo.cc/club/3728109.html | 你是多想護航實體銀行? | 沒優勢，其他網銀也還在虧，中華高層只會大傻幣 | 亂花錢 | 數位銀行=/=網銀，數位目前就是在虧錢，銀行到頂就 | 是這樣，一些大型銀行夾帶券商優惠還可以搞一下美股 | 等業務，但你區區一個純網銀可以贏券商+網銀，不可 | 能，注定虧錢 | 中華電信就是錢多到沒地方花，亂搞亂花錢，那麼多純 | 網銀是可以幹嘛~ | 一般銀行也可以網路轉帳,網銀有啥優點?沒有阿..",: 原文標題：中華電拚純網銀 找上台灣祖師爺陳嘉鐘 : 原文連結： https://ctee.com.tw/news/tech/632485.html : 發布時間：工商時報 林淑惠 2022.04.25 : 原文內容： : 中華電信今年股東會將改選董事，八席董事及五席獨立董事中，將改選三席新董事及兩 席 : 獨立董事，其中，首度延攬曾任玉山銀行中國分公司總行長、玉山銀行消金執行長，現 任 : 兆豐金融控股公司董事、兆豐國際商業銀行董事陳嘉鐘，擔任中華電信獨立董事，此一 安 : 排也備受業界矚目。 : 陳嘉鐘曾在1992年帶領團隊設計出台灣第一套網路銀行，並吸引日本同業率隊來台觀摩 ， : 並有台灣網路銀行始祖的稱譽。全球進入行動支付時代之時，亦成功推動兩岸支付 ， : 玉山銀行並成為台灣第一家從事兩岸支付的銀行，成為阿里巴巴旗下支付寶在台灣 的 : 清算銀行。 : 在中華電信所轉投資的將來銀行正式開業營運後，中華電信延攬陳嘉鐘擔任中華電信獨 董 : ，借重其過去豐富的消金、及網銀經驗協助將來銀行衝刺業務，特別具指標意義。 : 將來銀行已於上個月月底正式開業，中華電信目前是將來銀行最大股東，持股占比41.9 : 。中華電信擁有豐沛的資通訊科技能力，與將來銀行未來將合作發展Fintech領域的創 新 : 應用。由於將來銀行其它大股東還包括兆豐銀行、新光集團、凱基銀行，如何讓將來銀 行 : 發展出與其它純網銀公司不同的服務場域出來，以及如何快速獲客、損益平衡，將會是 中 : 華電信未來希望借重陳嘉鐘過去在網銀領域豐富經驗的三個重點。 : 中華電信已發行Hami Point點數，並已入股PChome，中華電信期待將來銀行發行的點數 與 : Hami Point甚至PChome有機會互換點數甚至互相導客。陳嘉鐘過去曾推動玉山銀行與數 字 : 科技8591、歐買尬的歐付寶跨業合作，在跨業合作亦擁有豐富經驗。 : 與以往6月舉辦股東會不同的是，中華電信今年股東會提前至5月27日召開，今年並將舉 行 : 董事改選。八席董事席次中，將提名三席新董事，分別是文化部政務次長李靜慧、交通 部 : 政務次長胡湘麟、以及東吳大學政治學系教授兼系主任蔡秀涓。五席獨立董事中將提名 兩 : 席新獨立董事，分別為陳嘉鐘及台灣大學管理學院會計學系教授林世銘，並提名林玉芬 、 : 呂忠津、及杜奕瑾續任獨立董事。 : 心得: : 今天台股下殺400點 唯一不動如山還見紅的股票 尊榮不煩 2412 中華電 網銀喔.... 目前除了信用卡 看不出有甚麼優勢 銀行獲利最大的業務在企金放款 其次是金融商品操作 消金難賺市場又競爭 純網銀沒有開放企金業務 更不用說聯貸案 海外聯貸那些最肥的業務 一次借400~500E出去 一年光利息就1~2E了... 你靠信貸那種一年幾千塊 開辦不到500的手續費 你要賺到啥時.... 支付寶能起來是因為中國人多.... 又只開放一家給你用 在台灣網銀還沒一家賺錢的 真的沒有很看好這塊 台灣最有錢的客戶 都馬很排斥網銀 中小企業連企業網銀用的都不多了 寧願請一個會計來銀行排隊1~2個小時處理帳務 也不願意用網銀花個15分鐘轉帳 這就是台灣的金融環境 我是不太看好拉 網銀最大問題是 你銀行很多業務都馬要實地訪查 例如房貸 你能叫客戶拍拍照片給你當實地訪查嗎? 如果今天要抵押的是土地勒? 那些照片都不是隨便拍的 格局 建材 防火設備 增建 全部都要留底 而且都要符合銀行內控SOP 這些你沒業務人員去執行 你客戶自己去拍 拍到的照片不是你要的 拍出來的照片來來回回補件 你煩客戶也煩 這還只是冰山一角 後面還有 買賣契約書 土地謄本 設定費 這些文件 全部都要線上跑 整個流程下來不會比親自跑一趟銀行輕鬆 更何況買賣契約是要留底的 不動產買賣契約書可是厚的跟大學參考書一樣 你要叫客戶掃描上傳 不太可能吧? 更不用說企業貸款 流程更複雜 要的文件更多 我是不知道線上怎麼執行拉 更何況100E的案子你要全線上執行 客戶想你銀行還不一定想勒 那這樣就是增加你網銀的成本 網銀最大優勢就是成本 一下就沒了 這樣有啥意義? 你還不如徵業務員去實體徵信收件比較有效率 你線上跟客戶約時間地點去收件回來徵信還比較快 我覺得網銀太拘泥一定要全線上作業了 實務面很多事就是不可能 會外包是因為催無可催了 銀行債催一開始還是自己來 是那種法拍都執行不到的爛帳才會外包 不然銀行還是自己做 目前看不出優勢在哪 至少銀行最賺錢的業務都沒有 未來就算開放也不知道怎麼執行 靠消金不知能撐到啥時 現階段就是連損益平衡都沒辦法 我看整間公司都拿來挖礦 搞不好都還賺得比較多 沒護航啊 就是講實話而已 實體銀行強就強在什麼都能做 純網銀業務很多沒開放 就算開放也很多技術問題要克服 目前看不到什麼好的獲利模式而已 純網銀說到底還是金融問題 不是科技問題
Re: [新聞] 中華電拚純網銀 找上台灣祖師爺陳嘉,2022-04-28,21.0,"你忘了加一句: 不論對或錯我一切一切地預告在前 | 大跌0.5%,完了，要崩盤了 | 買2412還需要整天出來吹哦== | 純網銀就是要燒錢 前幾年都是得狂燒 | 不然就是給人家巴假的 | 中華電客戶+全聯客戶,本來應該是有機會,但看看hami | cht如果不是最大股東,我是真的會認為next有機會 | 我寧願咕嚕咕嚕… | NEXT弄不出優惠就是得被巴假的 | 去bank_service逛一輪就知道 將來給 0.8% | 升息馬上就被數位帳戶超過了 | 刷卡優惠也是炒兩個月短線 | 將來銀行信用貸款利率1.58% 還不錯 | 當 line bank 跟 樂天 燒個寂寞 | 現在最低130.0 =.= | 只能說放在種花，制度會弄死人，能力根本無關 | 上面說的真好 | cht當大股東 也不是cht的人去當員工啊 只有開發而已 | 然後零售跟電信的客戶最沒有忠誠度 沒價值 | 你沒看亞太換股只用淨值算 用戶數都白拉了 | 弄不出優惠被巴假的 弄出優惠你確定不會死更快",: 網銀喔.... : 目前除了信用卡 : 看不出有甚麼優勢 : 銀行獲利最大的業務在企金放款 : 其次是金融商品操作 : 消金難賺市場又競爭 : 純網銀沒有開放企金業務 : 更不用說聯貸案 : 海外聯貸那些最肥的業務 : 一次借400~500E出去 : 一年光利息就1~2E了... : 你靠信貸那種一年幾千塊 : 開辦不到500的手續費 : 你要賺到啥時.... : 支付寶能起來是因為中國人多.... : 又只開放一家給你用 : 在台灣網銀還沒一家賺錢的 : 真的沒有很看好這塊 : 台灣最有錢的客戶 : 都馬很排斥網銀 : 中小企業連企業網銀用的都不多了 : 寧願請一個會計來銀行排隊1~2個小時處理帳務 : 也不願意用網銀花個15分鐘轉帳 : 這就是台灣的金融環境 : 我是不太看好拉 其實中華電信資金極度充沛 都可以拿去開銀行 就代表2412這股票就放心地買就對了 https://i.imgur.com/HxZ6Bhl.png 像今天開盤132.5 結果目前居然大跌到131.0 整整下跌了1.5 可以說 就是進場的最佳時機 等等尾盤到了13:20左右又會拉回來 鄉民可以在最後印證這點是否正確 如果今天在131.0就結束了我會很失望 傳說中 有人被蜘蛛咬到 就變成蜘蛛人 https://i.imgur.com/PWPPus6.jpg 傳說中 有人被閃電打到 就變成閃電俠 https://i.imgur.com/GghUz6T.jpg 傳說中 有人被鋼鐵打到 就變成鋼鐵人 https://i.imgur.com/GaRCEka.jpg 傳說中 有人被蝙蝠咬到 就變成蝙蝠俠 https://i.imgur.com/NUUvXAF.jpg 傳說中 有人被疫苗打到 就變成疫苗人 https://i.imgur.com/qTLo8jH.png
[新聞] 中華電首季每股賺1.16元 5G用戶ARPU增35%,2022-05-04,214.0,"這成績跟本益比 是不是搞錯了甚麼 | 你再不跑 可能就抱到虧了 | 有什麼好生氣..? 只准漲嗎? | 還得跌... | 連種花都可以手指發抖... 你還能買什麼QQ | 本益比比台積電還高，難道成長動能會比台積電高嗎? | 公司穩穩賺沒變 變的是漲上去追買的韭菜 | 發抖 笑死 | 跌就生氣哈哈哈 股票只能漲是嗎 | 大牛股漲成這樣已經不錯了 跌是要讓你加碼的 | 130的時候股版吹上天XD | 有啥好氣...2412存股族低成本的就續抱而已 | 等殖利率有4%再買當信仰... | 快跑啊！還等什麼 | 我套在台g都沒差了  買個中華沒賠發抖啥 | 最近中華電變飆股才是扯 | 這種本益比? 難道種花很有fu糗? | 現在頂多回歸存股該有價值 | 大戶資金轉移陣地了 | 看看隔壁的GG好嗎 才跌那麼一點 | 又跌3元了 | 今年績效要贏allin2412的也不容易 | 資金避風港的錢出來 應該是要大漲大跌了 | 跌下來才該開心吧 怎麼會生氣 | 笑死 少子化準備GG | 中華電信大跌表示接下來可能有大行情了，樂觀點 | 想賣股票 希望股價一直漲 想買股票 反而希望一路跌 | 就等今晚哪殺小會議的 | 回年線接 | 成本還沒破,沒感覺 | 假存股氣瘋 | 連2414都可以漲成這樣實在是看不懂 | 慢慢漲到這樣要花2個月,跌掉只需要2天 | 中華電是要氣屁，誰在乎漲跌== | 中華電 存股中的存股 | 再跌一元無腦存啊 | 電信股其實沒跌 只是別人把暫放在那的錢拿出來有啥 | 好氣 | 笑死 搞不清楚為什麼漲 然後一直追 可憐阿韭菜 | 假設 假設 兩三千萬 全歐印在糕點132 真的可以不用 | 在乎漲跌嗎？ | 有本事兩三千萬一次歐印的好像也不用擔心他 | 買種花有什麼好怕的？ | 色色發抖 | 氣什麼?之前漲給你賣竟然不賣 | 氣什麼氣，看看隔壁聯詠不就氣到往生 | 2~3000萬進去 如果不是生活用的錢  一年配個快一百 | 這種獲利，沒殺跌停？ | GG股東都沒氣到發抖了 | 趁大盤沒啥跌甚至還漲時出掉權值股是很正常的 | 利多出盡 開始殺 | 元大凱基做空 外資做多 發生什麼事 | 才1.16，爛死了 | 抖什麼抖 | 套13.2年 | 中華電也懂出貨文 | 出貨囉 | 所以你現在你要賣嗎?不賣到時候更低不就氣到往生 | 漲多久了 回檔一下正常好嗎 | 來 取暖囉 嘻嘻 | 厲害，這新聞發的時間簡直就是出... | 2016的時候也飆過一次，後來就回到114。所以大概六 | 年會飆一次，買在132的可以看看2028 | 炒上去的 現在只是回到主人身邊 | 利多出盡 | 1.16…. | 一年配4K多,買糕點的抱兩年就回來惹有差嗎 | 1.16….真的是尊貴不凡啊 | 丸子 QQ | 台灣上市整體股權益酬用國家風險參照標普500校正 | 大概是4.5~5% 中華電的股權益酬長期維持在2~3% | AT&T的本益比只有7，中華電27 | 他再這區間股價怎麼波動 和營運幾近 零相關 wwww | 如果還在132，回到114，就賠了18,000 ，要領五年才 | 會回來 | 中華電信每季財報接近差不多,以前2年3.8%殖利率 | 剛好回到半年線120左右,看5G較高資費有沒有機會成長 | 不懂有啥好氣欸，存股的成本應該都在110以下吧？ | 天天緩漲的定存股很容易哪天突然暴跌 | 股價真的太高了，一堆老人成本25爽領股利 | 套在0050 中華還沒變綠 救命 | 而且存股也不會賣，為啥要77777 | 買儲蓄險都贏 | 5G開通快2年了,看來影響不大了,只有吃到飽499變599 | 白痴追高被套了 | 殖利率不到4%!!根本垃圾! | 難得中華電大跌～希望跌多一點又可以再買幾張當定存 | 了 | 少了實聯制收入 會更少吧 | 今天跌爛 笑死 | 長榮委屈死了 | 至少比台積好 | 一年不到5元啊？ | 這麼爛獲利，下看70 | 買在130的，會斷頭 | 種花需要停損嗎 我這邊風好大 | 成本112需不需要救... | 買超過4%的花是財富自由了嗎 | 110 allin | 前陣子停損台積買中華電 現在連環套的 這裡報到 | 到底誰會去追高cht...之前慢慢存股的根本平常心 | 中華高點下來才8塊 停損台積省下來的遠遠超過了吧 | 內資主力大戶出貨留外資和追高散戶洗碗 | 看樣子還會繼續跌，再不走你可能繼續氣@@ | 追高就算了 買中華還要停損的 當初到底為啥選中華 | 存股跌下來 當然是繼續買啊 | 不跌你怎麼會買 | 果然利多出現之前 已經崩好幾天了 | 把中華電當其他飆股買嗎 可憐 | 100收 | 買AT&T有5% 呵呵 | 中華電信又不會倒 長期趨勢向上 要停損什麼?幹嘛買? | 快停損買房。股票留給傻蛙互搞。 | 發抖也太誇張了，你買很多嗎 | 變法會了 | 跌太少了吧 | 發抖？這麼氣？一定買很多吧。別擔心啦 | 昨天進了128也沒發抖 只有發笑...之前進了583的GG | 利空出盡 崩 | 電子.金融這次換電信 | 這兩天跌了5%，快撿！ | 拿股利賠價差 現在才買的應該是錢太多 | 大家常說電信最後一棒，這表示空頭結束了嗎？ | 殖利率有4%再買 不過最差就像五六年前一樣125被套好 | 幾年而已 | 我昨天買的，你不要氣了啦 | 有人拿槍逼你買嗎XD | 從110漲到132也沒見你出來哀啊！ | 不然要一直漲到1000嗎 | 一季1.2還要一百多 陽長都贏他10倍 | 2412越跌越要買 | 110收 | 中華電也會發抖XDDD 那台積電的應該中風了 | 連買中華電都會發抖 你去定存吧 | 其實還好 漲那麼多回擋一下而已 | 這不叫回檔吧？都跌光了 | 第一次看到有人買到生氣XDDD | 哪有跌光? 2412去年收盤才116.5 | 中華100收 | 99收 | 會辦5G的都幫忙回收成本的 | 急跌時把錢放進去避險  現在人家把錢領出來了~ | 沒成長動能 又一堆老人 本益比超高 | 還是給我下去 | 我是不會被騙換約我的終身吃到飽188的 | 抖沙小? | 爛哈哈 不過大家愛 | 中華電信  還真的是  最後一棒 | 見綠就買，種花沒毛病 | 已經出完貨了 | 中華電信該停損還是要停損， 10幾萬放在裡面要兩三 | 年才回本 | 這個資金兩三年拿來做別的投資都划算多了，兩三年 | 我看連元太的發展都比中華電信好 | 5G沒有欠你欸 | 每次都會有一些人在那邊說什麼xx股有什麼好停損的 | ，之前也是這樣講台積電，結果跌下來，又說幹嘛買 | 台積電、高點也敢買？ | 中華電怎麼可能會跌 哇操真的跌 | 就當作除息兩次就好，這種股也在怕不如定存算了 | 中華電價值就115上下啦  跌破115可以買 | 股價這麼高，利多就可以當作利空來看！ | 阿你拿中華電當飆股 當然你就虧阿... | 中華電信 領8年了 股價 看看就好 | 從50幾塊 買到 100 本益比過高就 等下來再買 | 這支值100而已 | 100太高了90我就收 | 收124不錯了還以為會收123哩 | 100你等不到啦！ | 這種股被套真的還好，越跌越買啊 | 100以上盤子價 | 100就想多了 目前110就值得買進 | 除息後都在109上下 很難買到更甜蜜價格 | 1.16= =是不是有點混 | 請問有人認真回答一下嗎？空頭最後一棒後，表示這 | 就是底部？ | 跌快一點啊，要準備補貨了 | 為什麼不快點下來，還買不夠 | 原來中華電本益比比gg高 | 套住 | 買中華都會怕的人應該去定存就好 | 如果110的話，我應該要買幾張，就當放定存 | 定存利率拉高  這種股票本來就會下去 | 買中華電還氣 你不如去定存 | 你再不跑會賠更多 中華大概110上下 | 還真有人覺得買中華電一輩子穩賺，多看書了解投機原 | 理吧 | 下去給你買啊 132買得下手？？ | 4/26 罕見發利多新聞就要警覺了 | 這次回檔到多少決定新的錨定價格 | 到這裡也不用賣了 在兩個月就要除息了 又會>125 | 法人持續狂買... | 估值過高就下來 雲淡風輕 | https://i.imgur.com/PI6UHwH.png | 誰在賣... | 人走茶涼 | 沒劵可空，可惜 | 跟金融ㄧ樣，拉上去套一堆人 | 市值太高別碰 前4名陸續落難 | 中華電跟鴻海早已經互換K線 | 要空可以跟我借，20張1%就好 | 111收 | 100 都嫌貴... | 升息循環 這種穩定高殖利率類似債券的股票估值一定 | 會修正 如果台灣利率拉到2.25左右 中華電不要說跌到 | 100 跌破90機會都非常高 完全不開玩笑 | 快點跌回110我等接 | 本益比太高 | 只准漲不准跌 笑死 | 4/26 4/27兩篇高點文 教人0.5就買 | 4/28開始連續四天交易量放大 | 2.25? 90? 言論自由不是讓你亂喊的 | 就元大凱基在倒貨R 外資繼續買超 | 元大過去五個交易日出掉將近2W張",https://www.cna.com.tw/news/afe/202205030239.aspx 2022/5/3 17:22 （中央社記者江明晏台北3日電）中華電信今天舉行法人說明會，第一季各項指標均達成 財測預期，續5G約客戶平均月繳金額（ARPU）提升達35%。 中華電信公布自結2022年第1季合併營運成果，第1季合併營收新台幣512.9億元，較2021 年同期增加2.4%；歸屬於母公司業主淨利為90.2億元，增加2.5%；每股盈餘1.16元。 中華電信2022年第1季EBITDA為212.9億元，較2021年同期增加3.5%，EBITDA margin為 41.51%，2021年同期為41.08%。 中華電董事長謝繼茂表示，中華電信在2022年落實組織轉型，以新的組織架構積極發展業 務。儘管面臨COVID19疫情升溫及國際局勢緊張的挑戰，第一季各項指標均達成財測預期 。 針對中華電資費促銷，法人詢問是否會影響到財務表現，中華電認為，不會有嚴重的影響 。 行動業務部分，中華電行動營收及行動客戶市占持續站穩領先地位，5G持續滲透帶動行動 090月租型ARPU年成長3.2%（不含物聯網門號），且續5G約客戶平均月繳金額提升達35%。 此外，固網寬頻及HiNet客戶數持續成長。 個人家庭事業群持續成長，中華電說明，主因是市場強勁的需求及數位發展商機，中華電 於第一季推出三網飆配方案（固網寬頻行動WiFi），以此吸引更多行動與固定寬頻的 消費者；家用WiFi設備數較去年同期成長29%。 中華電個人家庭事業群營收為327.2億元，增加2.2%。行動服務營收因月租型客戶數成長 及客戶升級至5G服務，增加4.9%。固網服務營收增加2%，主因宅經濟持續發酵，帶動升速 客戶數成長。銷貨收入減少1.5%，主要因智慧型終端受疫情影響而供貨不穩。 企業客戶事業群第一季事業群營收為158.1億元，增加2.1%，主因為行動服務及固網服務 營收分別增加7.1%及0.3%。ICT業務營收因部分專案延遲入帳而減少7.2%，惟全年ICT營收 預估將維持正成長，5G企業專網營收也是去年同期的3倍。 國際電信事業群營收為17.1億元，增加13.8%，主要因國際客戶對IDC、雲端及ICT服務的 需求不斷增加。 截至2022年3月底，中華電行動電話客戶數為1198萬戶，較去年同期增加5.3%；行動090月 租型ARPU為515元，較2021年同期增加3.2%。 截至2022年3月底，中華電信寬頻客戶數為435萬，較2021年同期增加0.3%；光世代寬頻客 戶數為362萬，較2021年同期增加1.1%。整體固網寬頻營收為105.1億元，增加4.4%，固網 寬頻ARPU為760元，較2021年同期增加3.5%。（編輯：林興盟）1110503 個人想法...看到目前中華電跌成這樣 從132跌到現在124 https://i.imgur.com/zEwiCk5.png 其實已經快說不出話來 手指打鍵盤還發抖 雖然本身沒有虧 但是這狀況真的讓人相當生氣啊.... 有炮可打直需推 莫待平時空打槍 https://i.imgur.com/O4kDN7Y.jpg
[新聞] 存股題材不靈了？ 中華電連四天帶量跌6%,2022-05-06,100.0,"傻多傻多 傻傻做多 信愛謝克 回去打工 | 存骨越跌越買 | 現在買美債就有3%  幹嘛存中華電信? | 笑死 | 佛心給你加碼 | 買美債就好了 | 存股根本不會想存種花店 | 賣股 換美元 是趨勢 | 發前兩天的文幹嘛 | 自己不設好入場價怪誰 | 北七才買 | 傻子 真正種花的成本都低於100 才跌一點根本無感 | 中華提前除息？ | 種花這個價只是資金parking而已 大家都知道太貴了 | 一月開始強拉 倒一點就來做新聞 然後說什麼都失靈 | 做短會有很多這種誤區 | 真正存股的  種花電怎麼可能買130  笑死 | 以現價126.5來說 今年也漲8%多 相對其他股票還是不 | 錯吧 | 融資避險股 | 種花沒有在賣的 | 486 今年預估獲利腰斬？ | 中華電成本至少要110以下才穩，今年買都追太高 | 4%是在存什麼 | 一直講美債的 是能買到初級市場嗎......看看那些債 | 高檔存骨???? | 券etf， 中華電還原年化也有10%，今年才追高被修理 | 剛好 | 越長越高 避險股買起乃 | 存股有在看股價的?不是只看配息而且股價越低越好 | 正常 | 買美債、質押數位貨幣、玩匯率>中華電 | 笑死 這是避險股 只要是股票 就有可能大跌 | 中華電保羅 | 存股題材一直漲才好笑好嗎 | 第一天來股市嗎 到底有多菜阿 XD | 才6%？？ 要不要看看台GG疊多少臘 | 萬六還在存股？ | 存這個哦..XD | 聽說有人融資買這檔?? | 之前ㄧ堆人說存中華電… | 中華電漲這波又不是因為存股 只是空頭找個地方放錢 | 誰知道狂漲所以做價差的大戶就先倒貨割韭菜了 | 定存股還出量下殺就倒貨咩 | xx王 | 都拿過年後抱到現在 比台積電強多了阿XDD | dead money | 中華電價格就在這 之前被其他人買上去而已吧 | 避險族把他買上去 又把他賣下來而已 | 漲高存個屁股 | 簡單講，只要升息，固收型的資產都會便垃圾 | 今天錢錢又存進撲滿了 | 太貴了  希望像2008那樣下殺才好存股 | 超過110根本不值得 | 韭菜高了就要割 | 各位大神可以買了嗎？ | 15倍再叫我 | 買130中華電叫存骨 下去 | 又在吹成本 zzzzz | 價差這麼肥了還不賺 | 成本超過110的都不是存股 | 價值只有99.87最高!! | 太高了 | 中華明年吃到飽調成799 EPS會更驚人 | 中華電應該是10年不變的價 | 講著講著今天也是漲2% | 變飆股前都會先甩一下 | 大盤大跌它就漲，反之亦然 | 都漲多少了 | 少子化 中華電 營收只會越來越差 | 高點存三小股 跌的錢換成股利還補不回來 | 怎麼不跌了～失望 | 這檔有鎖碼效應,鎖碼者有部分無法鬆動,其餘的人多為 | 信心,然後再外加長期低利,所以形成比美國國債還要[ | 穩]的異世界現象 | 慢慢調高4G資費，並維持目前5G資費 | 少子化！？你很快就會看到國小人手一機。社會人士 | ＞大學＞高中＞國中.......手機族群演進史。 | 之後傳輸量的需求只會越大而已～ | 又誕生一堆新笨蛋套牢在高點三年無法解套 | 今天嘎4塊了 | 這檔的季線有意義嗎？ | 潤泰全兩根跌停，殖利率來到5%了喔，再兩根就到6%了 | 又上去了啦 | 金融不是也從存股變飆股XD | 買中華電的人不是下單完就刪軟體了嗎？ | 新聞根本反指標笑死 | 中華電108才是合理價 | 超廢本益比，到底誰在買 | 這樣也一篇新聞啊 | 這種價位當花農很不好賺啊！所以我很久沒加碼了。 | 我以為存股是不看漲跌的 | 才6趴也算新聞～無腦 | 利多（通膨）出盡 | 110不買，去買130的是腦袋撞到？ | 今年漲太多了 | 中華要聯手老二幹掉老三才會噴爆 | 韭菜在那邊本益比就很好笑 要低本益比去買阿榮 | 什麼時候才要回110 | 正常阿，股價那麼高，殖利率股，就算好殖利率再買阿",https://udn.com/news/story/7251/6287531 20220504 14:06 經濟日報 / 記者 馬琬淳、楊伶雯即時報導 中華電（2412）大多頭結束了？中華電自去年12月以來股價持續往上墊高，4月27日盤中 更創下132.5元的歷史新高價，但創高後連四天下跌，昨（3）日跟今（4）日更出現兩根 帶量黑棒，今更一口氣摜破季線，4天跌幅達6%。 中華電信自高點132.5元反轉後，至今日跌幅已達6%，推究跌幅較重的原因，和本益比過 高有關，以去年EPS 4.61元和中華電在4月27日收盤價132元來計算，本益比高達28.63倍 ；以今天收盤價124元計算，本益比仍高達26.89倍。 和美國電信業者ATT與Verizon相較，ATT本益比只有6.99倍，Verizon本益比8.87倍；日 本電信龍頭日本電信電話公司（NTTYY）本益比12.49倍，連本益比相對較高的KDDI，也只 有14.94倍，相比之下中華電的本益比非常高。 但由於電信股屬於防禦型股票，在FED加大升息力道，並且即將公布縮減資產負債表的計 畫，且上海封城、全球性通膨導致消費力道趨緩，外資和投信在4月份仍大買中華電，外 資4月共買超38653張，投信買超5213張。昨日外資仍大買6044張，投信小賣18張。 心得: 嗚嗚 這新聞是怎樣 發來讓存股的我傷心的 但是今天中華電的狀況不錯 前幾天狂跌了以後 現在有拉回的趨勢 https://i.imgur.com/eQBNho9.png 希望別再大跌的產生了 好好的上下0.5不好嗎?? 散戶何苦一次大量出貨換現金呢 有炮可打直需推 莫待平時空打槍 https://i.imgur.com/pV7rio7.png
[情報] 2412 中華電 Q1 EPS1.17,2022-05-06,39.0,"XX委屈了 | 真正的大盤反一 | 低軌衛星已在發展中，沒有不倒的帝國 | 之前好像就說 1.16, 現在是避險>>>>其它基本面 | 老人信仰股 真的買了沒再賣@@ | 類債券 | 這種EPS配這種股價 台灣電子廠隨便屌打 | 土地精華地很多也算資產股 | 要升息了 中華電債券應該會跌(吧?) | 資金避風港,追高很容易被大戶收割 | 星鏈嗎?..台灣代理業者就是中華電吧 | 好多股票委屈了… | 噴爆 | 交通部大股東歷屆董事長保守居多比較不敢資產活化 | 利用 | 林克死大頭~~~ 死大八死頭死禿林母~~~ | to qall22z Starlink預期2022年將於台灣提供服務 | 中華電以代理方式販售 | 台灣債券殖利率持續下跌 | 結果漲得跟陽明差不多，到底誰會去買陽明？ | 垃圾 | 最好這支也下去，臺股沒有資金避風港 | 不重要。倒爛了 | tesla概念股 | 長榮：  我Q1:19.19也才154元 | 飆股電 | 資產活化要看商辦招租情況,沒啥聽說;以前還會跟建商 | 蓋大樓賣,現在非常少聽說了 | 崩崩 | 買中華電就是買台灣阿 不然勒 | 長榮股價是不是少個0 | 海運在市場根本當成垃圾 | 中華門市人員服務真不錯，比其他2家好，之前去其他 | 2家還被店員兇 | 股價太貴 | 現在是不是中華電比台積電有未來？ | 這檔為什麼要看營收 | 用低軌衛星送中華下去 | 樓上不知道低軌衛星是中華電要代理嗎?",1. 標題：中華電 2. 來源：公開資訊觀測站 3. 網址： https://mops.twse.com.tw/mops/web/t146sb05 4. 內文： 1.提報董事會或經董事會決議日期: 111/05/06 2.審計委員會通過日期: 111/05/04 3.財務報告或年度自結財務資訊報導期間 起訖日期(XXX/XX/XX~XXX/XX/XX): 111/01/01~111/03/31 4.1月1日累計至本期止營業收入(仟元): 51294739 5.1月1日累計至本期止營業毛利(毛損) (仟元): 19603845 6.1月1日累計至本期止營業利益(損失) (仟元): 11659881 7.1月1日累計至本期止稅前淨利(淨損) (仟元): 11674393 8.1月1日累計至本期止本期淨利(淨損) (仟元): 9390977 9.1月1日累計至本期止歸屬於母公司業主淨利(損) (仟元): 9059580 10.1月1日累計至本期止基本每股盈餘(損失) (元): 1.17 11.期末總資產(仟元): 518374993 12.期末總負債(仟元): 117992156 13.期末歸屬於母公司業主之權益(仟元): 388453257 14.其他應敘明事項: 無 心得: 飆股Q1 1.17 這檔不用看營收 買就對了 無腦漲無腦漲 
[請益] 請問如果全入中華電信跟全入美國ETF,2022-05-08,159.0,"不如全買1788 | 小白的話，建議分散投資 | 當然是台灣國債2412 | 自己多作功課吧… | TSLA | 你自己心中就有答案了，還是留在台灣吧 | 買中華電不如買____電 | 種花穩定在哪?最近漲太高,還出現單日大跌4元奇觀哪 | 投資哪有什麼穩定的 | 種花最近很妖 你可以轉海外投資做一下功課就知道了 | 878 | 美股TLT，用lb，拿debit card，年化報酬率2％，月 | 領，台海戰爭也不怕 | 台股etf /0050 0056 00878 每周都在吵 自己決定 | 功課自己做 | 開IB買VT，直接買到滿，越跌越買，融資兩倍 | 沒有4%的花種起來也不舒服啊 | 成長的台企銀不好嗎QQ | 自己的錢還要問人 | 中華民國政府公債 | tsla，公公。沒了 | 現在買中華電存，不如丟遠東新 | tlt放20年穩賺 | TLT美債20年，比中華電穩多了 | 用starlink 送中華電下去 | 股票就是風險性資產，要安心就去定存 | 可以開國內複委託  現在費用便宜很多了 | 開td，全入vti ，股息用drip (自動再投入），二十年 | 後會是筆可觀的資產，每次匯回隔日到帳台灣戶頭， | 很方便的 | 穩定、方便、少煩心 (只推台幣定存) | 中華以前有進場就算了 以前從沒看過這種漲跌 | 現在這種起起落落真的很不中華 | SMH or SOXX景氣復甦發展什麼科技不需要半導體呢？ | 股市時間拉長看就是長期向上，不需要買債券。 | 不想美國券商的話 可以複委託 | 長期非頻繁交易用複委託就行了，不需要海外券商。 | 自己拿筆算呀 淦 | 贊助偏鄉陪讀 比較實際啦 艸 | 跟著兆豐王全入兆豐比較好 | 星鏈根本威脅不到台灣電信市場，根本不懂，哈哈 | 200張2324 | 問就2498 | 中華電今年起已經不算穩定存股，價格波動很大 | 去銀行找理專幫忙處理 | TLT今年至今跟垃圾一樣 | 現在中華價位很高耶 | TQQQ 唯一推薦 | 中華電只是存股四天王裡面 最弱的一個 | 全買0056 | 到年底再買聽我的 | 升息循環叫人買TLT 你們好壞… | 全換美金然後設一個月期定存，每個月續期時自動跟著 | FED加利息，放個半年到年底隨便抓目標價31.5都有6% | 2317 | 問道於盲 | 問一下要投資債券，買TLT還是元大美債二十年比較好 | 美股沒什麼利息，你是要領什麼 | 不要人云亦云，中華電現在的股利還有4%?你算過嗎? | 鴻海現在可以 | 複委託即可，記得找營業員談費率 | 連查一下dividend都懶的, 說真的不要買比較好 | TLT每月領錢，元大美債20年每季領錢 | 問就是TQQQ | 買0056不然先全換美金 | 中華電哪有4-5%？.. | 不做功課，網友講啥你信啥，下場就是留不住這五百 | 萬。人是留不住超過自己能力的金錢的。 | 建議全部捐給空軍比較快 謝謝~ | 中華電跌到100就有4%了 | VT放100 VOO放100 QQQ放100 0050放100 中華電信100 | 中華目前有點高，分批進台產或福懋應該好一點。 | 你先做功課研究VT幾乎是不太配息的 | 所以並沒有一年可領XX這種事 跟中華電信差很多 | 美國股息30% 你要負擔嗎? 中華電現在也沒有那麼多了 | 反倒是美國公司債券有些蠻多是5%以上但負擔風險有點 | https://imgur.com/gallery/qOUmVQm.jpg | 直接買債券不就好了 | 紅茶 | 中華電、中信、合庫、玉山 | 複委託VWRA或是086208 | 富邦美股有自動退稅 | 只推2498 | 我是覺得電信業沒辦法永遠屹立不搖 等到星鏈計畫能 | 應用的時候 電信業者還能撐多久 | 那你用複委託買不就好了 找個手續費低的券商買進， | 要是我500會美股台股各一半，美股買VOO 100 VT100 Q | QQ 50，台股0050跟中華電各一半 | 每次這種文底下都有人堆2498 傻眼xDDDd | all in 2412 | 在台灣買股票當然只買2330 | 現在歐印00881，未來你會感謝我 | 星鏈你覺得政府會那麼容易放進來？ | 也要個代理商吧？ | VT是全球沒有8% VTI全美才有8% | 存股中華電不如存股宏達電 | 複委託超簡單，去broker版徵手續費 | all in GG 3年後變1000萬 | 推00662台灣就可以買的類QQQ etf 缺錢週轉還可以質 | 押 | 當然是歐印房市，請左轉房版 | 都先不要買 | 代理商是DPP專業，難得沒有立委吃這杯羹 | 不要後照鏡開車了= =  美國8%那是過去式 | 穩定方便少煩心，建議你去買儲蓄險 | 儲蓄險 | 賺的要分我才跟你說 | 500萬當頭期款買房不好嗎 | 反正你要的是穩定，台灣買房最穩了 | 現在換美金是最實際的 | 大家都看空, 敢快押SQQQ+00632, 之後再TQQQ+00631 | Ib有debit card?不是只有嘉信有嗎？ | 台灣個股 美股ETF 懶覺跟雞腿 完全不能比 | 覺得猶豫那就分散 誰都無法保證報酬率哪個高 風險 | 明顯後者低太多 | 歐印長榮 | 趕 | 等台積電跌到450-480 分批入場300萬 其他200萬0050 | 怎麼覺得你要做價差，存股分批買進比較好 | 500萬不要全丟單支，至少找5支殖利率4-6%、公司穩定 | 的，功課自己做一下 | 定存 你以後會謝我…… | 等下一次暴跌啊 | 但說真的先放定存 | Telsa | 先別急著進場 | 先定存  等做好功課再拿錢投資 | 全入長榮航 年底直接翻倍 | 開啟大決定期定額 兩年後成功了 換你上節目開始吹 | 徐東東：想不出為何不投資亞泥 | 中華電先不要進，不能算穩了 | 我09年時有想過要買 15、18跟20年也都有想過 到現在 | 我都還沒買供你參考 | 不是認同投進2412；只是想說，推文很多對於電信業 | 不了解在胡說，2412能寡占除了歷史因素外，最大的是 | 法律保證，除非電信法修法，不然目前科技所能提供 | 的通訊服務，都繞不開2412，包含starlink。所以投入 | 2412的中短期最大的風險除了估值過高外就是電信法是 | 否會面臨修法的狀況。 | 為什麼 不是 GG   ?  有私人恩怨 ? | 2498 | 直接富邦複委託VWRA了吧 | 2412 2330定期定額 | 先不要買 等三個月後再說 | 200丟VOO，100丟QQQ，200丟006208 | 中華電信今年波動不太中華電 | 複委託vhve最簡單 | 中華都變妖股還中華勒 | 蘋果買下去 讚讚 | 複委託vwra 結案 不過你最好還是多做點功課 | VT阿 在說啥 或VWRA 但伸手文我通常都想噓 | 各半不會？ | r4444: 推00662台灣就可以買的類QQQ+1 簡單方便多了 | 趁現在美股大跌可以買進美股ETF，我都少少分批買進 | 有算過 用富邦複委託最划算 | 我一直不看好台股，大陸打來什麼都沒了，複委託會是 | 你的好夥伴，現在多家取消低收，個股富邦手續費 | 現在最優惠兆豐美股ETF每筆2.5美元，但如果低於1400 | 美元還是富邦手續費比較便宜",各位好，最近有筆不大不小的金額可以投資，大約NTD 500萬上下，希望投資盡量單純化， 因此會選全入中華電信或是美股ETF二選一 中華電信大概是穩定，但年化報酬似乎是45%，輸給美股ETF的810% 但中華電信我在台灣購買比較方便，美股ETF如果透過美國券商申購，複雜度似乎比跟台灣 券商買中華電信高，而且如果有什麼需要諮詢也比較不好聯絡客服，甚至如果有糾紛就更麻 煩 500萬如果全入中華電信，每年我可以領2025萬，如果全入美股ETF，每年可以領4050萬 是這樣的意思嗎？ 另外請問常聽到的美股ETF有VTVTIVOOQQQ，如果想以穩定、方便、少煩心為主，應以什 麼較為推薦？ 謝謝 
Re: [請益] 請問如果全入中華電信跟全入美國ETF,2022-05-08,53.0,"願意分享給推 | 借錢買股還是有點危險... | 個人經驗，種花跟信仰金很適合質押，另外別借滿， | 抓個年線價借四成就好 | 小心輸到脫褲= = | 借錢買分一年半才投完太久了吧…400萬的借貸半年就 | 該投完了 | 小心主跌還沒來… | 收入定期定額買就沒在管多久，借貸你有借貸成本還 | 花這麼久時間投完，漲幅沒吃到，還一直花利息支出 | 固定收入定期定額是沒問題 但融資本身就是和時間跑 | 不要借錢才走的比較遠吧 不然真的再跌下去就被洗出 | 場了 | 這只是剛開始 好自為之 | 前菜才剛上完 準備迎接主菜 | 我知道你還有錢 | 買東鋼不怕跌到哭出來嗎 | 太複雜了  單押GG 不要賣 輕鬆安心多了 | 推分享 | 借錢投資 觀念正確沒啥好怕的 | 還想加碼…… | 很多散戶這2年都是這種配置結構，這波還有得殺了。 | 進股市很多人都只先想要存股還是做波段價差，我都是 | 分享給推 | 先問資產配置，不然一旦情勢反轉，你可能連活著都有 | 困難 | 不歐印都是沒信心的老人啦 | 也是，一次歐印一次爽一直歐印一直爽XD | 你這兩年應該賺翻了吧 | 分享給推 | 靠 原屋融資貸了400萬買股 再用股質押加碼買 ?? | 這跌到哪會斷頭 ? | 你被Uber影片騙去買美股齁 | 推推 | 強 | 應該是前陣子被股版洗腦去買美股吧。我是覺得啦，連 | 台灣主力跟散戶都玩不贏，阿是有什麼自信去玩贏華爾 | 街那群狼啊？ | 能再來一次我還不ALL IN長榮,馬後炮有什麼好說 | 當老蘇會員你就知道20成資金怎麼來的了 | 借錢買股在收縮資金回美的情況下還是不要比較好= = | 不過原PO這兩年應該賺翻了 今年小波浪 | 元大質借還是1.56 不調整的話真的會忍不住越借越多 | 大大好屌好有錢 | 謝謝分享 | 元大跟我說會調整質壓的利息金額 | 觀念正確 就不怕 寫分享 | 所以前幾篇有人說台灣升息房市會倒?敢說股市會先崩 | 散戶版雷曼兄弟？ | 推 | 你的本金很大喔 可以分這麼多 | 貸款買股高點沒出掉 笑鼠人 急了吼 | 如果可以重來？ 可以重來還不歐硬航運？",經驗分享，非投資建議 可以當成說書聽聽 2020年6月的時候看到全球股市均以明顯反彈 拿著家人的房子，原屋融資貸了400萬，在6~9月陸續投入台股 事後檢討當時買的太快太急，沒有想好就亂買了一堆標的 如果讓能重來，我會做以下調整(以下以500萬資金舉例) 1.30~40%投入市值型ETF，例如0050、006208、00692(我選這個) 而且會採定期定額不定期不定額 例如每月定期定額6萬(2/2/2萬)，遇到市場修正3~5%以上再手動買入 每次買入2~4張(7~14萬) 預期1~1.5年ETF建倉完成 因為ETF還是比個股更穩健 2.挑選自己熟悉的產業跟個股買入，且每檔分2~3批資金買入 例如我本身從事建築營造業，選擇買入台泥、亞泥、達欣工、國產、東鋼 金融股買入華南金(因為薪轉戶)、元大金(證券戶)、兆豐金(因為大俠XD) 但不要一次all in，至少要分兩批，最好三批資金投入 且每檔個股建議不超過總資金的10%，最多不要超過15% 換算可以持有8~10檔個股 滿足自己選股的慾望，如果自己是少年股神可以增加主動部位 如果績效不佳，兩年後可以漸漸調整去被動部位 3.保留15~20%的資金觀望 永遠保留15%的資金，真的遇到現在的市況，可以逢低逐漸加碼 4.建倉完成後持續用薪資定期定額ETF，但金額以每月剩餘資金為主 投資要有穩定的現金流還是很重要，市況不明至少可以留在手上觀望 5.進階的人可以把這500萬拿去質押，取得借貸額度 但先不要投入，等待市場有大修正或是老巴都開始大舉買入的時候再投入 股票借貸算是最後加碼的抄底資金，不要一開始就拿出來(OS:我本來是不想用這招的 ) 你說為什麼沒有分享美股的部分? 因為我今年1月投入美股3萬鎂，已經跌了35%，實在沒臉分享美股操作..... 重點我還是買QQQ、VOO、蘋果、微軟、亞馬遜、特斯拉(也有SE跟PLTR小聲) 以上的分享主要是自己在2021年底把股票借貸的資金都投入市場 目前完全動彈不得，雖然是抱著長期投資的想法入市 存股也3年多，定期定額2年 但想加碼抄底時沒資金抄底真的很幹 只能把今年的股息全部先還款，提高維持率等待升息循環結束 題外話，央行升息一碼，原屋融資從1.32%提高到1.60% 結果股票質借還是1.8%沒變 元大難道是佛心? 祝大家今年都可以撐過這波熊市，明年一起發大財 : 各位好，最近有筆不大不小的金額可以投資，大約NTD 500萬上下，希望投資盡量單純化， : 因此會選全入中華電信或是美股ETF二選一 : 中華電信大概是穩定，但年化報酬似乎是45%，輸給美股ETF的810% : 但中華電信我在台灣購買比較方便，美股ETF如果透過美國券商申購，複雜度似乎比跟台灣 : 券商買中華電信高，而且如果有什麼需要諮詢也比較不好聯絡客服，甚至如果有糾紛就更麻 : 煩 : 500萬如果全入中華電信，每年我可以領2025萬，如果全入美股ETF，每年可以領4050萬 : 是這樣的意思嗎？ : 另外請問常聽到的美股ETF有VTVTIVOOQQQ，如果想以穩定、方便、少煩心為主，應以什 : 麼較為推薦？ : 謝謝 很有風險，現在就在承受。只能說歡喜做甘願受 至少我還吃好睡好啦 目前還撐得住，但也意識到要降低槓桿了 當初自己三個月投完，事後看覺得太快了。應該要分散到一年 每個人想法不同，即使我當時三個月買完是賺的，我也不建議再做一次 個人認為台股有殖利率保護，修正不會向美股這麼嚴重 全部資金都套在山頂更痛，利息是1.32~1.50%/年。熊市三個月就可以賠10%了 部位大時重要的是資金控管 原屋融資不會有維持率問題，股市腰斬都可以 股票質借就要注意，所以才說股市大修正再來借 平常不要用這招 我2020/6月買的，均價28塊(減資前) 多賺少賺的問題而已 GG有幾張，不敢單壓。00692已經42%台GG了 當初有抓30%下跌耐受度，但目前覺得不夠，會慢慢提高到40%以上 2020/2021有賺，2022目前賠慘了 噓~~不好說 我都看M觀點跟股癌XD 所以買大型權值股跟ETF阿 1.56%真的會想越借閱多，不知不覺就借滿了 目前營業員跟我說不會調整 小小奈米戶 純分享操作經驗，可以當成說書故事聽聽就好
Re: [請益] 請問如果全入中華電信跟全入美國ETF,2022-05-08,23.0,中華也有噴到 下去的話別想逃 | 124值得進場？？長年110多不買去追買124？這波美國 | 升息搞不好會升超過中華電的殖利率耶 | 美國電信股本益比約不到十趴給你參考 | 當然vt... | 124進場 之後外資倒貨出場不就賠了價差 | 中華電 存股中的霸主 | 124太高了 | 優點7漏了華航XDDD | 請問怎麼判定這次賣壓是長期資金投入者倒貨的？ | 政府要救股市怎麼會買中華電，要也是台積電 | 中華電長年108~105，124還覺得便宜？買在130的就更 | 慘了，如果之後中華電回到115，那可是3年多的股利 | 更正，108~115 | 最近中華電討論還蠻多 看來不樂觀 | 中華電肉很多 這波才小修正而已 | 100慢慢檢 | 124我覺得不行 | 124並不甜 | 種花這價格不如台割大 | 你說的缺點就是太無聊而已 | 星鏈不是 6G | 100張才46萬還要被扣2代健保.沒有很划算的樣子.,: 各位好，最近有筆不大不小的金額可以投資，大約NTD 500萬上下，希望投資盡量單純化， : 因此會選全入中華電信或是美股ETF二選一 : 中華電信大概是穩定，但年化報酬似乎是45%，輸給美股ETF的810% : 但中華電信我在台灣購買比較方便，美股ETF如果透過美國券商申購，複雜度似乎比跟台灣 : 券商買中華電信高，而且如果有什麼需要諮詢也比較不好聯絡客服，甚至如果有糾紛就更麻 : 煩 : 500萬如果全入中華電信，每年我可以領2025萬，如果全入美股ETF，每年可以領4050萬 : 是這樣的意思嗎？ : 另外請問常聽到的美股ETF有VTVTIVOOQQQ，如果想以穩定、方便、少煩心為主，應以什 : 麼較為推薦？ : 謝謝 中華電信有它的優缺點 但是把你的存款All in 中華電 基本上是沒問題的 像最近前幾天跌到124其實就很值得進場 因為會跌成這樣 主要是一堆長期投入資金者 開始要把資金拿出來做其他的投資 而不想要跟平常一樣慢慢地拿出來 從中華電信這檔股票的優點跟缺點 來看是否值得投資 優點 1.滿手現金 長期and可能一輩子 不會有公司倒閉的風險 2.滿手土地 由於前身為交通部電信局 擁有大量未認列的土地 3.放眼過去至今 中華電信相當穩定 就算一瞬間跌了 都有本事拉回來 4.國安基金進場最適合的選擇 要救股市 當然要買中華電 5.官股交通部占比例35% 董事長國家派的 6.國內電信業最大龍頭 也是台灣建設基礎最穩定 並且與政府密切合作 7.多樣化的投資 承包政府多樣產品 銀行 職棒 籃球 媒體 8.看不到競爭對手 無明顯威脅營收的可能 連6G、星鏈都無法 (台灣由中華電信處理星鏈) 9.每年給予固定的現金股利 讓99%長輩投資人死忠穩抱著 10.跟其他股票比起來 中華電已經是很不波動的股票 缺點 1.公司太大間 2.需要因為政府指示 拿錢出來贊助 3.對岸飛彈打來恐會受傷 還可能被中國移動 4.起伏不大 股票沒有挑戰性 5.很多投資人每天盯著這檔0.5價差賺錢 6.外資 投信 散戶都喜歡買了避風頭 等風頭過後會提錢出來 基本上中華電沒什麼好考慮 你想要穩定 就把錢丟進去 自己會生錢出來養你 買100張中華電放著 每年領46萬 如果只有一個人的花費 每年46萬該可以財富自由 但如果要結婚養小孩另外 道歉時露出胸部是常識 https://youtu.be/zUL89HDMDYM
[新聞] 小股東人數多、發言踴躍　中華電信股東會,2022-05-27,66.0,"開十個小時 sasolala是不是到現場了== | 你幾股？ | 是在問大學作業哦 | 比較金區獎..麥克風沒有聲音 | 問這麼久股價也不會動阿 | 今年沒有吵架抗議了喔XD? | 問了股價也不會動+1 | 是要多久 | 跟網路一樣慢 | 都漲到歷史新高了還有人說不會動 | 加班太久了吧 | 是每個人上台自我介紹膩 | 員工只有在這時可以好好質詢高層 | 阿就4塊現金股利而已,開那麼久也不會變5元 | 好累啊 | 為何可以開這麼久~到底都在說啥.. | 這間公司賺的這十幾年都一樣阿 開什麼辛酸會阿^^ | 沒十張不可以發言 | 應該問 什麼時候要活化資產一下 | 80%的法人都沒再問了 20%閃戶 問闢問 | 國營轉民營典範，中華一直走在前面 | 現在中華的目標就是市占過半 | 中華電信擁有約400公頃土地(約120萬坪),且不少皆位 | 於車站,商業精華區 | 給小股東發言很不錯啊 | 台上那排怎麼坐得住....對了這股東會該不會有附餐 | 飲吧？ | 法人 這我當銀行用 你們怎麼那麼認真 | 今天去聯電股東會領角落生物袋子，想說9點開始，應 | 該開個2小時正常吧，哪知十點到達已經開完在收攤了 | ，還好有換到、還好有提早出門（by 第一次去現場的 | 菜鳥） | 然後以為股東會都很快，卻看到這個新聞，真是兩種世 | 界 | 覺得漫長這問題也問 這問題主因就是很多這種發言啊 | 啊就越韮的越愛問呀 | 中華電這種公家出身的，開會都很久 | 2016看到快15小時也太久了吧 開到半夜吃宵夜喔 | 真的有人會去發言喔==？ | 也太累 | 小股東不是超愛去發言的嗎 | 好奇這幾年收其他家電信的租金 | 中場有便當可以吃嗎..... | 超久XD | 中間有發便當嗎？ | 想要練口條的可以買一張 | 股東會開成基層員工與董事長的座談會XD | 2412把效益低的員工資遣掉獲利應該更好 | 有便當喔.. | 是說2412員工去開股東會可以算出差或公假嗎XD | 持有1000股當自己持有1000張一樣的小股東多的是 | 很多沒意義的發言 | 可能有職業股東吧 | 土地真的地點都車站附近的超精華地段 | 這種股票有個三五百張的股東再遞麥給他好嗎ZZZZZZ | 真的只是去刷存在感吧？ | 老人最愛講話 | 韭菜不要吵 | 小股東不充實自己賺錢，整天問些有的沒的自擾 | 有沒有問星鏈對產業的衝擊 | https://youtu.be/SxVp6iVzCi8 | 這股東大會有夠血汗 | 下次給麥克風前要先檢查APP有沒10張 | 9.5小時也太...主持人沒在控制時間嗎@@？ | 傻眼 開這麼久 | 應該要求發言者待滿全場 免得有放完就跑掉的",原文標題：小股東人數多、發言踴躍 中華電信股東會歷時9.5小時落幕 原文連結： https://finance.ettoday.net/news/2260649ixzz7UUyD90AD 發布時間：5/27 19:02 記者署名：記者陳俐穎台北報導 原文內容： 中華電信今日舉辦股東會， 從上午9時到晚間6點31分才完全結束 ，總計長達9小時31分鐘 ，出席股數共6234164411股，占中華電信總發行股份之80.36%，通過配發現金股利每 股4.608元。 過去中華電信股東會由於小股東眾多，大部分發言都是員工股東，因此時間較長，像是 去 年的股東會就長達10小時 ，且發言人數眾多。今年股東會由於天氣因素，許多南部小股東 沒有北上，因此稍微縮短。 有股東提到，由於 烏克蘭戰爭的啟示，認為網路安定，衛星、離島通訊等十分重要 ，對此 網路技術分公司康副總也回應，近兩年來，金門馬祖離島通訓狀況確實比較多，要確保離 島通信安全，目前規劃新的海纜，預計在2025年底完成。 有 股東質疑，中華電信的股東會如此漫長，就是因為溝通太少 ，而謝繼茂也回應表示，與 工會的溝通都一直在進行，也開過勞資會議。 歷年來中華電的股東會都十分漫長， 2016年的股東會甚至長達14小時49分鐘 ，而2019年則 為13小時33分，近期最短的股東會為2017年股東會，歷時7小時34分鐘落幕。 心得/評論： 開會十小時結果一堆人在講廢話XD然後還問說為何要開這麼久?種花也是很有耐心哈哈哈
[情報] 中華電 公告股利配發基準日,2022-05-31,41.0,"居然生日當天除息 | 以前隨便都五趴以上 | 股東會開了10小時 | 今年蠻早的說 | 我巨蟹我驕傲♥♥♥ | 今天賣4張換GG分，開心 | 弱弱問一下大家,中華電跟鴻海以穩定領股利的角度,哪 | 個比較穩健啊 | 樓上不用說 絕對是2412 | 今年除完息還有120以下的中華電嗎 | 一定中華電穩，前年疫情大崩盤中華電幾乎沒啥跌 | 中華 | 好早 | 希望可以到115給撿 | 鴻海，淨值高，eps高，股利高，都贏cht | 除以收盤價 3.63% | 中華電是買到忘記那種 除非看到新聞說要倒了或被合 | 併再去看一下它 | 讚喔 | 中華電擺快10年了...就繼續擺著生利息 | 存股SOP 買完刪APP 等領股利 | 股東會開10小時只是家常便飯 | 當然2412 沒幾個對手 國家保護 | 除非看到新聞說要倒--> 我覺得若真有這天, 中華電 | 信倒之前,新聞台應該會先倒光光吧.. | 我都把中華電當做台灣債券 | 台鐵快了 | 不跌很難加碼，傷腦筋 | 2412阿 債券型股票 | 最快這禮拜最慢下禮拜，開始分批買回18張 | 一堆人中華電都買到0成本了 | 台股誰比他穩 | 除了定存 台灣什麼能比中華電信穩 | 定期存單型股票@~@ | 只買不賣 | 種花變成VIX指數了 | 越發越少 以前還有5 | 都不覺得現在的價位太貴嗎 神奇 | 現在這價格真的下不了手 | 現在這價位買不下去... | 哪有5%. 嘻嘻",https://mops.twse.com.tw/mops/web/t05sr01_1 發言日期/時間 111/05/31 16:30:11 主旨 公告股利配發基準日 1.董事會、股東會決議或公司決定日期: 111/05/31 2.除權、息類別（請填入除權、除息或除權息）: 除息 3.發放股利種類及金額: 盈餘派息每股分配現金股利新台幣 4.608 元。 4.除權（息）交易日: 111/ 06/30 5.最後過戶日: 111/07/02 6.停止過戶起始日期: 111/07/03 7.停止過戶截止日期: 111/07/07 8.除權（息）基準日: 111/07/07 9.其他應敘明事項: 現金股利預計於民國111年 8月5日 發放。 
[情報] 2412中華電5月營收MOM-0.88% YOY+6.79%,2022-06-10,14.0,債券概念股 | 崩盤與我無關 | 有人在意？ | 崩 | 月減，丸子 | i do car | 下個月就用增了，6月光世代499之亂 | 今天9點10分掛一張125，最後還是沒買到XD | 今年光世代升速很有誠意 | 月減，爛屎 | 110收 | 下個月就補回來了啦  光世代1099之亂 | 呃...中華電信，100以下收 | 這支在台灣是避險概念股吧？,資料來源: https://mops.twse.com.tw/nas/t21/sii/t21sc03_111_5_0.html 產業別：通信網路業 單位：千元 公司代號 : 2412 公司名稱 : 中華電 營業收入 : 當月營收 : 17445703 上月營收 : 17602247 去年當月營收 : 16335973 上月比較增減(%) : 0.88 去年同月增減(%) : 6.79 累計營業收入 : 當月累計營收 : 86342689 去年累計營收 : 82777158 前期比較增減(%) : 4.30 種花穩穩賺，不怕大盤修正的一支電信股 
[標的] 2412.TW 中華電  2317.TW 鴻海 討論,2022-06-20,58.0,我選2498 | 廢文ID不用看 | 成長性較強還需要挑？ | 我會建議買房 | 要股利選高股息0056(大誤) 崩到一個程度 殖利率說 | 不定超過10% | 如果有去a大文章的話，一定推鴻海 | http://stockresearchsociety.blogspot.com/  參考 | 一定要買股票嗎.... | 洗很爽齁 | 1萬5存股？要不要再等一等 | 可以等美國一系列升息完再看看 | 保羅要進來了 | 1301 | 不要囉嗦 先幫忙9我的2883 | 992885 | 想當初 護國神山也很抗跌 現在死道友不死貧道 | 這種問題就(2412+2317)/2 = 2364倫飛    超讚 | 我是萬八存股鴻海的新手，大盤跌3000點庫存損益還是 | 正的這樣 | 2317，淨值高，獲利會成長，cht就那樣了 | 倫飛還比較漲 | 這ID點完 藥華藥就跌…… | 抗漲也抗跌 | 連藥華藥都能擊落的男人 | 問問保羅體 | 保羅來了 那個滷肉跟群聯已經沒有用了 | 中華電信今天尾盤有程式單一直出貨你沒看到嗎？ | 廢文王ID不用認真回 | 丸惹 蒸的丸惹 | 種花店倒了就厲害了 | 鴻海真的不錯，配息又很大方反觀GG小氣難怪跌爛 | 9933 | 點完聯詠 聯發科 台積電 藥華藥都下跌30%的id | 這個應該是主力養來坑殺韭菜的id廢文 | 12X中華電  傻子才買 除非配5塊以上 | 問這種問題就是推中華電信 | 廢文王 | 4426這支妖股 | 這兩張存股選2412，短期2317，2317年底會噴，噴完就 | 可以賣了 | 種花店如果能被點到崩 保羅可以封神了 | 當然4 8299 | 又是你 | 我選台塑 | 台灣大 | 台塑也不錯+1 | 0050 中華 紅海 金融都有 中華真的很後悔買很少 00 | 50不知道要套多久 | 帳號不正確 | 宏達電比較優 | 0050 1越多買的這次要套一輩子 | 你發文亂源就是從鴻海開始的  122是套多久ZZZZZZ | 說帳號不正確的是有多菜...以為保羅一開始問聯詠嗎? | 建議賣房子買 | 連藥華藥都被你講完就跌10% 這帳號快去捅 | 我不信中華電都能被你點到崩 | 當然是鴻海，抱三年以上股東路過,多空理由不充實 者，板規115或44處份 2.進退場機制若非長期投資，請 輸入停損價 ，否則依板規116處份 3.請依格式輸入內容，未依格式者板規112砍文處份。 標題請使用以下格式：股號.市場碼股名分類 (市場碼：TW US HK CN JP KR...) ex [標的] 2330.TW 台積電 長期不停損多 ex [標的] TSLA.US 特斯拉 馬斯克火星多 按ctrly 可刪除 以上內容。 1. 標的：2412.TW 中華電 2317.TW 鴻海 2. 分類：討論 3. 分析/正文： 最近台股一片下殺慘綠 但是本魯觀察到 中華電跟鴻海這兩支股票 股價還算是滿抗跌的 中華電信獲利超級穩健這沒話說 每年股利至少都有4元以上 而鴻海之前走過減資的低潮 獲利也越來越好 感覺穩定性也不輸中華電信 想問大家的是 中華電信跟鴻海 如果只選一隻當定存股的話 哪個會比較適合呢 只選一隻是因為資金是有限的 鴻海殖利率比較高 現金股利比較多 成長性比較強 但是中華電信算是民生必需產業 獲利不太可能衰退到哪裡去 但成長性感覺比較有限 這兩隻只選一隻來放的話 大家會建議哪一隻呢 而台股裡面 還有其他公司的獲利跟股利發放穩定性 是可以比擬中華電信跟鴻海的嗎 大家怎麼看呢 
[新聞] 中華電不藏了！光世代優惠「300M 載速」,2022-06-24,119.0,今天是在漲這個嗎 | 股東：聽說最近有股災？ | 我是老客戶 也轉500M了 | 500/250 1099?? | 神腦委屈了 | 手機吃到飽還在家裡裝固網?? | 真的用不到 | 先普及光纖到府吧 很多地方還只能裝100M | 低速ADSL： | 吃到飽網速沒得比吧 雖然多數人也用不到就是了 | 還以爲重新推出會變貴 準備來裝了 | 有比較重度需求換500M真的超爽.... | 不讓了？ | 只能100M +1 | 只能裝100MB +1 | 他X的只能裝100M | 300 覺得堪用 | 穩定跟速度還是固網贏吧 | 之前就裝500m的也沒降價 | 沒有全屋通指的是沒有wifi 嗎？ | 固網是不是要拉電話線跟數據機 很久沒用了 | 300M發廢文比較快嗎@_@？ | 家裡不裝固網，怎麼幫一堆家電連wifi? | 我裝500M可以比大戶手速還快嗎 | 月初剛續約1099 噓 | 未來要換智能家電及看高畫質影音高速穩定寬頻是必要 | 比5G還慢的有嗎？我家最高60M | 300M優惠前裝的，挖勒 | 另外推一下中華電工班師傅服務還不錯 | 大多人沒再下載也沒硬碟沒抓資源 其實無感 中華賺 | 裝了70M以上也從沒穩定50M過! | 我家地址最高只能60M欸好慘 | 沒在抓那麼多東西，其實也用不到 | 裝了300M 還不是會跳電 | 想要100M 399的有嗎？ | 綁MOD不能升  要解約重綁   然後兩年後就是原價 | 到時又要重綁別的   還不一定能降速 | 只有100+1 | 推出對快的網速還是只能申裝萬年100m… | 每天晚上的ping都好不穩 爛死了 | 只能裝100 乾 | 5G涵蓋率夠的話其實也不用光世代。有線不用花錢買頻 | 段。電話線也早就埋好了。幾乎沒什麼成本。5G若弄 | 太好。光世代金雞就變老母雞。 | 再快還是要看wifi盒速度 | 其實我覺得100M就夠了 沒啥在上傳下載 | 又騙錢 垃圾公司 | 靠 為啥我300m是1099 | 因為這是新方案 | 可以裝1G，但只申請300M | 這個價錢很可以 | 好像很爽 | 哈哈，股板變成固網版，現在連除息後也回不到120了X | DD | 只能裝100M，還要920= = | 下個禮拜要換500 還有一台wi-fi | 比較想100M降價 家裡看串流根本用不滿100M | 終於不藏電了（？ | 可以到1g 爽 | 利空 | 中華電信真的猛啊，今年大盤18000跌到15000，他還漲 | 了13.5塊。 | 出貨文 | 不少跟中華租電路的二房東不知會不會調降 | 用慣光纖誰想用手機上網 | 晚上想看個日本網路電視，4G就卡死，其他時間就不會 | ，問題我就是晚上才有時間啊！說實在不降低速的，就 | 是叫大家省小錢花大錢，當然利多 | 推 | 不用綁WIFI比較好 WIFI6機器很慢 | 不是有人說種花是dead殺毀的。也不知道誰dead了... | ..。 | 今天中華是在漲這個？ | 500m 999爽用 | 可以裝500 但家人沒特別需求用100 | 500M是要架機房嗎 | 說我家外面沒光纖，PASS | 500超爽的 | 我家萬年可供裝100/40，重點是想升到現在還缺port | 只能裝100就是光纜還沒佈到你家前面 | 早就辦好了 嘻嘻 | 明天大爆噴 | 真好。好窮裝不起。 | 只能裝100的線上客服跟規設科多打幾次就有機會來裝 | 了 | 美化通膨數字 | 滿推薦家裡原先走電話線的光世代升速到光纖入府 | 網路傳輸速度跟品質真的會很有感 | 光纖的延遲相對低看盤交易什麼的相對穩些跟4g比的話 | 500/250缺料中，還在等… | 手機吃到飽就很夠用 | 社區網路300M只要五百多塊。也是中華線路。但很偶爾 | 會斷線。為了五百塊。可以忍受 | 沒有光纖到府升速是有屁用 | 家裡只能跑100 乾 | 都幾年了 根本沒拉光纖 上限100M | 永遠的管線末端 哈哈 | 只能裝100M… | 越老客戶越盤的公司 | 太貴了  我用今網200M  也才370 | 我家附近線路只有12M，營業員問我要不要升級，我問 | 他啥時才幫我線就沒下文了。 | 然後好像有比我更慘的地區 只有個位數，雖然文章是 | 幾年前的 | 我家的100m/40m這個月降價了 | 從909降到848 | 看線上影片，瓶頸都馬在對方伺服跟海外線路，升太高 | 也沒用 | 我家最高只能60M.... | 幹你媽 我才弄100/40 | 光纖你家沒停電就不會斷 | 這麼快到底要幹嘛 | 不讓了 | 300M不錯阿 下載遊戲跟看4K很順 | 還在用16M/3M的路過… | 網速這種東西當然是越快越好 趁這次特價先升速起來 | 也划算啦 | 羨慕 我家看2k網速就不夠了，有錢沒得升 | 買股票會比較快嗎,https://bit.ly/ 等縮網址服務，連結不能點擊者板規122處份。 3.心得/評論請盡量充實，心得過短或濫竽充數將以板規 123、44 水桶處份。 4.發文請依照格式文章標明段落，不符合格式者依41刪文處分。 按ctrly 可刪除 以上內容。 原文標題： 中華電不藏了光世代優惠300M 載速千元有找正式上架 原文連結： https://3c.ltn.com.tw/news/49817 發布時間： 2022/06/24 16:00 記者署名： 黃敬淳 原文內容： 不少用戶先前可能有發現中華電信低調推出下載 500M / 上傳 250M 服務的超殺優惠，而 中華電信稍早也在官網公告將這項光世代優惠公開上架，並開放給一般用戶都能申辦。 這項方案是在 6 月 23 日上網公告，預計從今年 6 月 30 日開放申請，時限為今年底的 12 月 30 日。促銷內容則有三個選擇，包括 300M/100M 月租 999 元、500M/250M 月租 1099 元，以及 1G/ 600M 月租 1699 元，和目前不少人現行申辦的下載 100M、月租 900 多元的費率相比，應有一定吸引力。 本次方案的適用對象則沒有太多設限，包括新申辦光世代的用戶、原 ADSL 想升速的用戶 ，以及既有光世代用戶升速、續約皆可，相當於開放給任何人申請，綁約時間則是 2 年 。 不過，相比先前的隱藏方案，此次的公告新案則少了免費的 WiFi 全屋通，意即用戶如 果有需要，仍需要準備自己的 Mesh 分享器，此外用戶也得確認自己的居住地是否有提供 300M 以上高網速，查詢方法則可至中華電信官網，自行輸入地址確認。 心得/評論： 2412今天漲2元來到129 這波衝高速方案看來可以增加不少收入 第一波就不少人申請熱到連贈送的wifi機部分型號都缺貨 我是第一波上車裝500m/250m光纖到府真的還滿不賴~ 
[標的] 2412 中華電,2022-06-30,59.0,"電價 | 只是回到今年3月價位還好吧! | 賺到阿 多除幾次搞不好會多發幾次股息歐 | 除息前都先拉一波了你沒看到？ | 都除完息了可以賣了阿 | 過幾天鴻海搞不好也一樣了 | 因為一堆人卡在車上等配息 | 先賣先贏 | 跌下來才可以再撿啊XDD | 股票領股息????? | 你要除息要等一年 放銀行都還有利息 | 虧到付不起每個月的1300元網路費跟1000元的電話費了 | 今天是誰在砍 散戶吧 | 跌下來好啊，等著到110以下，要補貨，等好久了 | 要降為使用900的網路費跟299的電信費了 | 除息+現在流行除完後不填息而是往下再一根,本益比高 | 120的股票才發4.x 元你自己算本益比多少 | 等110 | 今年配4.61，殖利率好低 | 你以為這支股票穩定嗎？不！當它備受矚目時 就已決 | 定股價的未來了，這，只是剛開始 | 今年除二次是常識 | 一年一次跳樓大拍賣啊 | 我ok 你先買 | 殖利率和美債差不多 | 大空頭市場還想填息啊下去。 | 這支恐慌指標呀 | 買這隻還一直盯股價不覺得累? | 100以下歐印 | 這支現在變成險空頭下避險炒作用的 追高就可能被套 | 2412真的很難得這樣 | 真正的史詩級崩盤終於要來了 連中華電都守不住 | 發20幾塊的海運現在85…中華都發那麼少還可以破百 | 給我下來 | 跌才能捕獲 | 考古題，去年已經演一次給你看了 | 不下去要我怎麼撿 | 今年稍早趁烏俄買了122*1 覺得可以再進場惹QQ | 在補跌 | 除息完了等於炒完了，明年景氣會落底大家準備抄底成 | 長股所以這時後不賣你是希望誰會繼續炒呢？ | 電價漲了啊  中華電不用用電嗎? | 現在殖利率一堆比中華電還高 | 最近大戶都在送稅給國稅局 好窩心 希望政府能感受到 | 以後會漲回130啦 | 中華電信有人在賣的？ | 剛去門市把100M升300M, 950–>999元,說機子大缺貨 | 要等一陣子,這波感覺會增加不少客戶 | 宣布加薪5.5% | 只講殖利率沒屁用，在台股大跌的時候其他有這支穩 | 嗎 | 股價相對太高，跌到殖利率4%左右才是正常 | 跌40%再撿 | 今年流行除了又除 | 中華跌到95左右，台股就差不多底部到了 | 120的中華一點吸引力的沒有，已經超漲很多了 | 每年都是除息前漲 你應該是在前一天賣光 隔天再接 | 多跌一點才好，這隻存股的，有人在看股價的嗎？ | 我ok 你先撿",1. 標的：2412 中華電 2. 分類：討論 3. 分析/正文： 請問這支今天在跌什麼的 不是股市漲跌都和這支無關嗎 這次萬8到萬5這段這支還是漲的 雖然今天是除息4塊沒錯 但今天怎麼搞到除兩次息跌比大盤還重的 4. 進退場機制： (非長期投資者，必須有停損機制。討論、心得類免填)
[請益] 中華電為什麼這麼撐,2022-07-01,84.0,"基金 | 我也噗嘰道 | Beta | 中華今天貢獻台股點數第一名~讚！ | 台股最硬沒有之一 | 網路降價了啊 門市都在排隊zz | 意外嗎 2412就是避險股 | 估計資增 | 資金往防禦型股票走 | 穩 | 半官股電信+國家骨幹網路 大到不能倒 | 籌碼乾淨，資金都被其他類股吸光 | 現在這局勢 也只剩你還在找消息 | 最近有個很紅的NCC法案 | 他昨天跌3%已經很恐怖了 | 股民一半是官股，一半是買了忘了自己有買的老人 | 沒有中華買個X~哈哈~直接把你斷網，股價再高也沒用 | ============= 為了融資維持率買中華電 =========== | 放心，下週會補跌… | 撐融資維持率+資金停泊好所在？ | 國債級的股票大家買避險的 | 很多人買了就忘了 | 機構在跌勢時 又必須保持70%的持股 通常都會買這個 | 亞泥也夠撐 | 買的人都是懶得賣的 | 通信股最近利多吧 營業員要一直打電話叫散戶補錢 | 投信有最低持股限制.其他砍光跑來的 | 資金避險用的 | 不會漲也不會跌 領利息用的 會買的股東都這樣 | 散戶可以賣光股票不玩機構不行 | 理論上他是跟利率動的，這種股很像債 | 電信股就是最後一棒 | 融資維持率 | 第一天來股市!? | 投信的避風港 | 世外桃園 股市紛擾難以影響 | 2412沒有回到90 不要跟我說有比2008恐慌 | 背後有國家 | 不過他之前拉那一波有嚇到 八千到萬五都沒漲那麼多 | 昨天剛好抄到底。爽 | 因為賣掉轉買中華電 但遲早要補跌 | 遠傳台灣大也漲阿~ | 每日一問，買了放著不管它就好了 | 2412 在2008也有崩到50-60的 | 投信一定要買股票啊，防禦型的最近很好用 | 但中華電就算景氣差 大家還是會用手機 除非不吃飯 | 因為不知道買什麼 | 電信股的剛性需求不太會衰退 就算有潛在營收降低的 | 因素 也會反應在消費者上xd | 我媽買超過10年沒賣，錢就越來越多了 | 等大盤漲就倒到你哭出來 | 比較不受景氣影響的 必須生活用品類股 | 現代人可以少吃一餐絕對不能沒有手機 | 你不用上網看股版崩潰嗎 | 你可以不吃飯！但你能沒有網路嗎？ | 一堆人搶辦網路，今年又要發大財了 | 可以不買新手機 但不能沒有網路阿 | 一直都是啊 | 他除息日都除兩次了 | 網路已經是21世紀必備了，跟吃飯喝水一樣= = | 一半是買了忘了自己有買的老人）被這句笑死 | 昨天除息兩次是散戶不知道除息逆，自己再除一次??? | 因為他就是穩定配息股  你會殺你的存款嗎? | 每當股災來時 大家都會逃去買中華電 | 紅茶店也很撐阿 | 種花在之前大盤跌到8523也才跌10元左右 | 台股最穩標的沒有之一 | 他有什麼好賠錢的嗎？ | 有些是提高持有率跑去買的啊 | 中華電根本維持率熱門股 | 台哥大挖用戶挖很兇 | 中華電股價太高貴。要比就跟全球同業比估值。 | 以殖利來看。投資港股中移動會比中華電信好。 | 台股最強防禦性股票啊，之前笑2412的，結果被2412屌 | 打，剛好而已 | 中華電信昨天跌4元是非常誇張的情況 | 500m 1099勢不可擋 | 今年我唯二有賺錢的 | 你怎麼不問之前瘋漲，中華電怎麼也不跟著瘋？ | 護國神網 | 500m神阻殺神 | 因為他是2412,僅此而已 | 低調 | 穩",如題，一片大殺盤，指數跌了400多點 為什麼中華電信還是紅的，雖然知道他是大牛股， 但是有這麼撐的嗎？ 上季獲利我記得也沒有特別漂亮，還是有什麼利多消息嗎？ 
[請益] 2412中華電今天漲甚麼？,2022-07-04,177.0,"融資斷頭的人靠融資2412稱維持率 | 跑去2412 躲起來 | 崩盤時債券漲是正常的懂？ | 帳戶要斷頭了 融資幹進去凹單(X | 死貓跳啦 | 資金跑過去 到時候還是要崩的 | 跑來避險，結果各方人馬都剛好參一腳嗎 | 什麼？竟然有一樓這招？願聞其詳 | 賣台積鴻海去買中華電的 | 穩定成長 不意外吧 | 太高了 我先出貨了 嘻嘻 | 拉維持率不是很常見嗎 | @ja 維持率是看整戶的 中華電波動小 所以有人會這 | 樣做 | 拉維持率很常用的招數呀 | 最後一棒 | 維持率 | 中華電信才是護國神山 | 拉維持率？還有這招？ | 之前都只會打電話給營業員指定沖銷先沖維持率低的.. | 超扯 剛看2趴多 | 防空洞 | 我猜是投信大買 | 基本上中華電殺下來就全面潰敗 | 那這以後會不會變崩盤指標？ | 資金避風港 共通意識 | 拉維持率啊 | 敢進去追高嗎？2412爆跌也不是沒有過 | 最後防線啊 | 資金波動小 先放那 | 稱維持率+資金抱團避風港 | 132還沒到 | 把2412當債券玩就對惹 | 幾個月前不是才演過一次 | 補漲啊 | 除息後補漲啊 | 斷頭電話追繳令齊飛 中華電信收入變多 所以股價漲 | 沒看三大電信都漲 | 就資金避風港啊 怎麼了嗎 | 台灣國債 | 新手嗎… | 會不會有天上演狙擊斷頭秀 | 到時候大家陪到慘 連吃到飽都沒錢續約 都用wify | 填息啊 他沒在管大盤怎樣的 | 到時候還是要補崩 | 錢沒地方去 | 投信認輸但又必須維持持股比例，所以就會狂買這個 | 最近超多人換光纖 | 我只能說在空頭時 這招沒用 | 2412 就是最後一棒 | 2412 融資不多啊!? | 應該單純只是機構多配置beta低的標的而已吧，近期24 | 12的融資也沒有上升多少 | 漲融資還沒死透 | 房地產 | 電信今天都漲阿 | 一月到現在都漲的 別問 | 2330資金逃難進駐2412啊 那個破神山窩門不要惹 | 這問題一出來就知道高點到了 （！？） | 因為你申辦500M | 漲你恩島 | 那遠傳呢 | 漲不要怕，跌也不要怕，這張都那樣 | 避險 | 2412應該就是真的很賺錢!!!提前反應 最近狂打廣告 | 最大股東交通部 遠傳台哥大會倒 中華電倒的時候會有 | 100妹 300妹 500妹 優惠價!!! | 半個政府或整個台灣一起陪葬 | 而且2412股東人數 沒有2330那麼誇張地暴增  穩啊 | 大盤跌還能填息，神股== | 除息那一天被殺下去，以為之後會有120以下可以撿XDD | 台灣債券 | 經濟衰退時，電信股最耐跌啊 | 2330歐澳 2412歐印 啪地一聲刪掉app 從此不再做夢 | 認份踏實地當社奴工作去... | 嘴巴上說要國企民營 心理上還是很依賴國營的穩定性 | 股災逃難啊，不能空手的投信紛紛搶買 | 信仰,避險 | 融資維持率 | 跟國不國營沒關係啦，就只是台股信仰 | 再不買難道你還想看到-300~400百起跳嗎 | 融資餘額1479張!不太像 | 不是只有中華 台灣大也很強 | 三大電信 | 有fu糗啊 | 電信起飛 | 以前拉維持率還可以用權值股(大盤沒啥變的無聊盤) | 歐印 啪一聲 二度傷害 | 可以一天不吃飯不能一分鐘不上網 | 現在誰敢用權值股來拉...所以自然只剩種花電(攤手) | 資金的避風港 | 吃豆腐 | 等中華電崩，底部就不遠惹~ | 下一篇：遠傳在漲什麼 | 凹單仔的最後浮木 | 這支真的屹立不搖 | 中華電好像肥什麼理由跌？ | 凹單的都用這檔拉維持率啊，怕錢被通膨吃掉的都放 | 這裡避險啊，全台灣股市最牛皮的股票沒有之一。 | 避險阿 | 等到你哪天看到中華大崩的時候 就知道台股是真的沒 | 救了 | 這檔才叫護國神山好嗎 | 電信股 台股最後希望 | 融資維持或停泊 | 大難將至的預兆 | 遠傳也長很兇ㄚ | 電信3大獨強了 | 市場重組 | 電信三雄是目前抗跌標的 持有電信三雄的878某程度 | 也比較沒這麼難看 | 避險之神啊 今年為止還是漲 | 不知道買什麼 手又很癢 只好買種花 | 不過電信三雄能上去主要是玩價格戰的兩小要被吃掉 | ARPU至少不會再難看下去了 | 歐印等數錢就是，別問這麼多 | 遙想年初一篇解定存該買0050還是2412的文章 | 拉維持率 | 當時股價0050:149.3, 2412:115.5 版上好像較推0050 | 空頭時 防禦型類股會吸引資金 | 買錯半年現賠1/4 希望當時發文者沒被推文害到 | 防禦股吧 | 種花避險基金飆股 | 融資仔取暖 | 你乾脆問中華電信憂慮因素是什麼 | 今年版上問存股都是說老人2412年輕人0050 股版應該 | 都...年輕人吧 | 比金融股還更不會動的股票 | 資金避險用 英業達這支也會 | 一個從152摔到110 一個從116到127 | 等中華電也崩盤，房產賣掉全all in大型權值股不會 | 輸啦！ | 資金跑去躲，你連這都不懂== | 漲電話費阿，營業員打電話給斷頭的補錢 | 護國電信 | 股版都老人 年輕人在低能卡 | 填息路上 | 大盤跌還能填息，神股== | 真.護國神山 | 也沒什麼好護國的 就問到固網和電話業務以及線路 | 基本大家第一個想到的還是他 | 中華電信真的久經考驗的牛皮股 | 我大2412 豪土魯斯 | 除權息那天跌了4塊怎不驚訝一下？ | 中華電融資只有1480張啊  是能多提供多少維持率 | 你們的講法都是看電視來的嗎 | 買CHT不如買神腦 | 股板韭菜最看不起的中華電在崩盤中証明了它的價值 | 投信換股 找穩的而已 | 看來明天電信三雄 要跌落了 | 躲進去，要爆蹦了 | 資金避險而已 | 2412就是台灣避風港 | 這隻超級避風港，去年除息後低到118後面就緩爬 | 不過這陣子的漲跌幅也算是很高，以前漲跌0.5叫大漲 | 大跌 | 多崩避風港 | 資金跑去躲到除權息送給政府稅金，嘻嘻 | 最後浮木 能不買嗎 | 隔日沖 | 填息中 | 沈船囉  老鼠湧進最後還沒進水的船艙 | 2008下跌時也是這樣先上漲  然後再XX | 資金停留站 | 轉防禦股避險 | 之前笑2412的，多數的大概現在墓前的草都比人還高了 | 不知道還能買啥就買種花電信 | 因為信念強大 | 把定期定額ETF轉成中華電了 | GG神山好大的一座山 | 從80建倉到現在 不知道為啥每天都有人在看盤@@ | 2008當年全面大跌時  也只有電信股是紅的 | 有喔，我有講除息那天跌掉4塊是非常誇張的情況 | 中華電還有淵源不絕的員工大軍 | n | 挖賽 天天有人問這種問題欸 就避險股 要講幾次阿 | 穩到可以無視存在 還不強嗎？",如題，種花今天漲甚麼，漲了約三塊(?)，來到127左右 是因為300/500m光纖固網調降嗎？NCC終於不擋了xD 還是純粹防禦性標的？ 
[新聞] 中華電、中信、網家推出ALL ME卡 拓展點,2022-07-05,9.0,怎麼不4 all in卡 | 不是line point 都沒什麼看頭 | Hamipay搞那麼久  最後還不是直接用pi的條碼 | 心得正確 | 好多pay好多幣，我好亂 | all me tofu了啦 | 看到網家我就想吐了 | 網家最近很熱衷BNPL 想學美國蘋果 | 看樣子中信還能再跌一點,原文標題：中華電、中信、網家推出ALL ME卡 拓展點數生活圈 原文連結： https://udn.com/news/story/7239/6438043 發布時間：20220705 15:30 記者署名：經濟日報 記者黃晶琳台北即時報導 原文內容： 中華電信（2412）、中國信託、PChome網路家庭（8044）集團於今5日共同宣布推出 ALL ME 信用卡，結合三方通路及產品優勢提供最實惠便利的點數轉點、兌點機制。 中華電信董事長謝繼茂表示，中華電信擁有千萬用戶，加上中信及網家用戶、通路基礎， 是強強強聯手，推出ALL ME卡將實現跨會員、跨場景、跨點數、跨服務的創新模式，跨平 台累點、線上線下自動轉换抵用，是ALL ME卡跨界聯名的概念。 謝繼茂表示，對後疫情时代，中華電信PChome 網路家庭集團、中國信託發行的ALL ME卡 ，將帶給會員消費集點、兌點折抵最強大的點數轉換效益，有信心成為消費者首選的聯名 卡。 謝繼茂強調，中華電信也將秉持廣結盟的方針，與更多產業夥伴合作，致力提供更便利多 元的Hami Point點數支付使用環境，加速全民共享點數經濟時代的來臨。 中華電信表示，於中國信託申辦且核卡後，透過HamiPay或Pi拍錢包APP綁定，即可將所累 積點數自動轉換並顯示為HamiPoint或P幣，客戶不僅能輕鬆橫跨電信、電商、金融使用場 景，包括中華電信網路或實體門市、Hami市集、PC購物等超過10家指定通路消費，可享首 年最高8%回饋，讓您的點數支付管道及應用更多元、更超值。 謝繼茂表示，為響應ESG企業環保，ALL ME卡首發限量五萬張卡片，為全台首創採用海洋 回資源製作，透過碳中和达到製程中零排碳目標，卡片背面載有碳中和認證標章，中華電 信戮力推動永續發展、利他共榮，與合作夥伴為環境盡一份心力。 心得/評論： 中華電之前加入了將來銀行的成立 算是大股東之一 本身也具有hami pay數位支付的平台 加上金融控股 中信辜家的支持 在數位支付跟點數轉換上面 肯定會掀起一翻波瀾 網家? 啊 沒關係 我不要了
[請益] 長期存股 中華電跟台積電 哪個穩,2022-07-23,267.0,"問就是2498 | 問就是揚明光 | 天上掉下來禮物。 | 2498名下一堆房地產，值得投資XD | 問就是2498 | 問就是紅茶店 | 老人家就中2412 | 存股台積電不如_______ | https://i.imgur.com/0eOeLT8.jpg | 中華食 | 有代號裡有中華的就是穩 | 紅茶3年均價43，台積電三年均價530，你要怎樣的分析 | 師 | 真正要存$$的都買0056 | https://reurl.cc/aG0MZD  你是不是看不起中鋼? | 真心推00878 | 這兩個都不如另一個__電 | 問就是紅茶 | 老實說是宏達電 | 存股XXX，不如存股__電 | 當然是紅茶 | 種花 | 存台灣大 | 不是兆豐金嗎 | 問就是2498 | 都買啊 如果你一個月想存1萬塊的股票 分一半各買5千 | 股利是週期性的，每個週期間，股價都會波動，若要 | 存股，除非判定目前在低檔，不然，不要一次買太多 | ，成本太高，資金不足，下跌時要攤平就不容易了。 | 真心說   現在不是存股的時機 | 雙潤買好買滿 | 種花 | 2412 大盤崩到8千點一樣睡的著 | 大盤漲到2萬點沒2412的事 | 2412就空頭時資金停泊的地方啊 多頭時反而可能下來 | 宏達電啊，怎麼可能是台積電...解套就要不知道幾年 | 宏達電 | 2412邊緣人，崩盤、爆噴都被排擠 | 高端最穩 | 一隻產業已經成熟 一隻產業還在成長 無法比較 | 中華 | 中華豆腐 | 2498宏達電最穩 | 2330   到2025前無敵 | 0050 | 問就是2498 | 2498不要問了 | 中華電信都不敢買,建議可以退出股市,存定存就好, | 怕買高,就每跌2元買100股或1張,看你資金分配。 | 台積電建立在成長性 中華電建立在穩定性 | 存股倫飛不是更好 | 問就是歐印紅茶 | 台積600再存才抱得住  不會想解套就賣 | 台灣電 | 2412要買建議等接近110 | 要存不如存沒漲到的銀行股 每年也是安心配 | 我已經在期待878八月的配息了 | 長期存股就台灣50正2，長期吃大盤兩倍股息要輸也難 | https://reurl.cc/QbnVG2 | 中華啊 穩穩不動的股價 | 中華電收盤沒填息 台積電收盤沒填息 宏達電收盤不需 | 要填息 你要哪個 | http://i.imgur.com/tEbdkF3.jpg | 兩種完全不一樣的東西怎麼比 | 都買呀 順便再加一個金融 | 問就是宏達電 | 宏達電 | 潤泰兄弟 | 人都會死，如何不死，歐印美時， | 本來我都推2498，但我現在一律推00900 | 電影都演過了~~人們用元宇宙 吃多巴胺  直接飛天 | 中華電 | 只推宏達電 | 2498 | 其實中華電的殖利率一直在降了== | 存0050/0056，別存個股 | 等紅茶賺錢 EPS 是+999%嗎?? | 2498最棒 | 其實就0050兩個都有 | 推宏達電的是玩當沖或波段的吧 | https://i.imgur.com/fvMAA9y.jpg | 我看你是完全不懂哦 | 是EPS年增率辣 | 求fj開示沒漲到的銀行 | 說現在不是存股時機的人就一直都是用做價差的思維 | 阿，存股就幾個關鍵，標的穩健不會倒且穩定配息，隨 | 時都是開始的時機，存股拼的是時間，持續投入不管是 | 定期定額或是大跌才買，這幾點才是最重要的 | 電信股來說 目前台灣大CP直高 | 而且跌破100後 下不去 官股銀行輪流接棒買入 | 就算你存一千塊的國泰金，現在幾十塊了那麼多年你 | 有定期定額也攤的夠平股利也該領的有賺了 | 鬆哥那遠傳呢 | 應該是指遠東銀…嗎？ | 兩個都買 | 宏達電 | 中華電廣告時間 光世代促銷方案500/250 = 1099/月 | 2498有聽進去的人 獲利屌打大盤 | n | 伸手文 | 錢多台積，錢少中華 | 88 | 辣個老蘇說過 存股台G店不如存股紅茶店 | 老蘇名號事蹟太多就不一一唱名了 看你要相信怎樣的 | 老蘇 | 當然是宏達電，fu糗唸十次 | 我兩個都買 | BlueBird5566 | 中華電信剛跌破年線，剩一波反彈，就變空頭了 | 要做多搶短線可以，要存股先別買，等幾個月後跌夠 | 以檢舉 | (本文已被刪除)  4-2-1 | all in | 字數不足 | (已被laptic刪除) | GG的話短線也差不多到峰頂了，等跌下來再看看，11 | 月選舉前還有機會搶GG短線做多，但長期存的話還不 | 建議，因為美國通膨還沒結束，外資會一直提款權值 | ，而且GG股利又低，你要存股不如買台化南亞之類的 | 24998 | 呼叫BlueBird5566 | 問就是540888 | 問就是2498 | 誰在跟你只看股利   投資就是看報酬率   股價漲幅+ | 股利 | 存股宏達電好嗎 | 長期當然是台積電 短期才是中華電 | 存股宏達電 同時也萬三放空自豪一輩子 | 穩就是2308 | 2498不錯 | 5000的大立光！保證讓你存三代！！ | 存股XXX，不如存股 | 穩一個 | 你是不是看不起 | 雙潤買好買滿 | 一隻產業已經成熟 | 紅茶店 | 問就是，潤泰雙雄 紅茶店，不用謝 | 朋友上禮拜開始存股宏達電 已經10%報酬了 | 長期存股為什麼不選0050 | 2498 | 高端還可以存兩年股 穩的 | 問就是宏達電 | https://i.imgur.com/HuFxOFX.jpg | 會問的都是短期仔 | 大盤崩到8千點一樣 | 成本太高，資金不足 | 下跌時要攤平 | 壽險保單 | 2498 | 講壽險想害人的不可取 Q2要縮水一兆 | 最近恐慌情緒有放緩 2412避險牛皮股現在有回檔一些 | 都買啊這麼簡單 | 平常中華 下跌台積 | 問就是宏達電 | Fu糗 | 問就是2498 唯一推薦 | 存股中華電 每年的配息買台積電 這樣不就全都有了 | 12月再進場買食品跟金融送分題給你了，不過你也忍 | 不住 | 全都要不會 | 宏達電  滿滿的fu糗 | 台積電 穩賺不賠 | 雪宏電 | 選擇困難就0050 也配到5塊了 | 中華電信，台GG外在競爭強烈 | 好無言的問題... | 老蘇：股市名言你沒聽過？ | 有華的都OK | 00692.   0050最穩 | 中華電。台積會被追上甚至部份取代還要看景氣循環 | 。 | 存股比較喜歡存金融,存到某隻到固定現金流就換下隻 | 這兩隻 我都不會存 | 到底存0050是有什麼障礙嗎？每個人都過不去 | 當然是1101天下第一字號呀 | 2498 沒在看節目嗎 | 你應該自問，你到底是想要穩定配息，還是有點希望 | 能有機會賺到價差，如果是的話就是積積 | 都買不會?分散風險都不知道還存什麼股 | 一看就知道沒認真研究存股，一堆冷門股配息6，7%又 | 穩定的 | 2個都買 狠難？ | 老酥有教 | 006208，其他都垃圾 | 這個版當然推2498 | 看一下位階 你說哪一個穩呢 | 2412中共打來才會倒 最近跌下來了 快存 | 00韭00 | 不賠的話 中華吧 內需幾乎沒長進 也很死 | 都修正這麼多了，現在還不能存那真的很難選時段進 | 場欸 | 你就學0050配啊，9成台積一成cht | 要選有fu糗 | 選長榮，還有10年每年30%利息賺，10年後再逃 | 樓上y大認真的嗎?要不要看看航運過去配息 | 宏達電啊 | 幹問 | 宏達電 | 第一金最穩 | 現在最穩的是2498 | 種花 | 一直提股價，就是想短線吧 | 資金氾濫時推上去的，真的覺得修正夠多了嗎？ | 我會至少等到明年年初 | 唯一推薦00900 | 等公布股息以後～種花就慢慢要開花 | 還在菜喔 2498好不 | 禮物要收回去了還不快點收下 | 種花 種花~~ | 長期零股塔 比較多人選 公股金/中華電/統一/台泥 | 宏達電 | 種花+1 | 問就是宏達電 | 三大電信每次都是股災避風港阿 | 認真回穩健是2412，價差是2330，如果是我會分批233 | 0 | 0050 | 0050 00878我是 大概1：3 後面應該會調整成0050多 | 一點 | 宏達電更穩 | 真正要存 | 宏達電啊，怎麼可能是台 | 不是兆豐金 | 28641 | 穩穩不動的股價 | 要存不如存沒漲到的銀行股 | 邊緣人，崩盤、爆 | 問就是台積 | kmshy       : 我看你是完全不懂 | 建議可以退出股市 | 長期存股就台灣6 | 夏天當然買紅茶店 | 這個問題很簡單 最近5年你在股市衝浪賺到錢 買2498 | 如果不想搶高殺低被當韮菜割 就買2412 | 絕對是宏達電 | 2498啊 | spy | fj講的就遠東銀 盤中都在講 現在撿十幾張 但存股還 | 是2498有fu糗 | 2498 | 台積電有Fu糗嗎？ 妹有嘛 | 穩當然中華，GG光這個月就跌多少了 | 問就是紅茶 | 中華電已經被炒太高  緩跌中  且現在殖利率也很低 | 沒看到值得買到的點 | 差不多 | 阿姨帶你飛 台積電什麼東西 | 0050,006208,買台灣50指數最穩 | 一堆人推2498是真的有fu糗  還是反諷的啊？ | 當然是聯電 | 0050台積電比例太高，有比較分散些的etf? | 當然是中華穩 台積超不穩 因為獲利一直爆增 穩不了 | 當然是中華，它還是隱藏的資產股咧，全台有很多土地 | 中華電Eps已經連續成長3年,今年Q1 yoy也成長, 重點 | 是, 二顆小石頭被搬走了,所以股價墊高也合理吧 | 兩顆小石頭是啥 | 中華越賺越多，背後有的網路資源是獨家寡占，不要拿 | 另外兩隻靠政府吃中華的豆腐，每年拿老本出來配的廢 | 物來比好嗎 | 中華配息逐年減少 eps成長不應該是股價墊高的現象 | 0050最穩 | 0050台積電的比重才是合理 如果等權重是重壓其他股 | 票 | 1850-今天 99.9%公司都倒閉 | GG已經成為波段的樣子惹 | 謝謝fj推薦，已上車",如題 中華電跟台積電 以股價來看 一直創新高沒輸過 長期存股 以不賠為原則 中華電價位118 台積電500 哪個更適合 
[情報] 2412中華電Q2EPS 1.25,2022-07-29,39.0,"類公司債 | 漲幾元慶祝？ | 均價129，尢叩救我 | 快回到110 | 穩！ | 禮拜一怒漲0.05元？ 罰^_^ | 禮拜一怒漲0.05元？ ^_^ | 完全不重要 完全不會動 | 月初就公布累計eps了 | 坐等中華電2位數 | 怒漲也是0.5元啦 | 看衰的快賣下來100 我等好久了 科科 | 我117就會再買了 等不到... | 難道明年可以配5元? | 快回到1年賺5塊的水準了 | 100太難了啦...除非獲利又往下 | 有自己的步調 | 買股票看這隻不如不要玩 | 適合丟著不看盤的… | 就定存用的 | 只買不賣 | 均價109，拜託再下來 | 類國債不是叫假的 | 避險很好用 今年還有5.19%報酬率 | 均價108.5路過 | 太貴，110以下再說 | 拜託回到130讓我脫手啊 | 一個字: 穏. | 我等了3年都沒100以下，繼續等~等個10年看看~ | 中華電配五塊..你每年簽新約？ | 這隻有閒錢就買來領利息！穩賺不賠！台灣國債股 | 100去做夢比較快 | Q3 降價後就不會那麼高了 | 二顆小石頭都搬走了,還有人在想100... | 125長期參考價了 | 百張小戶路過 | 羨慕百張...存很久了嗎 | 比債券還債券 | 110以下我就滿足了，趕快下來讓我買啊啊啊啊",https://mops.twse.com.tw/mops/web/t146sb05 1.事實發生日: 111/07/11 2.公司名稱: 中華電信股份有限公司 3.與公司關係(請輸入本公司或子公司): 本公司 4.相互持股比例: 不適用 5.發生緣由: 中華電信公司公佈111年6月自結合併營運績效： 單月營收約為173.9億元、營業淨利約為40.6億元、歸屬於母公司業主淨利約為 34.0億元、稅前息前折舊攤銷前淨利(EBITDA)約為74.1億元、每股盈餘為0.44元。 累計營收約為1037.3億元、營業淨利約為236.9億元、歸屬於母公司業主淨利約為 187.4億元、稅前息前折舊攤銷前淨利(EBITDA)約433.1億元、每股盈餘為2.42元。 Q1 1.17 Q2 1.25 (四年單季最高) 
[情報] 中華電(2412) 2022H1 EPS=2.41元,2022-08-05,62.0,Fu糗 | 有夠爛 這要跌到80才合理吧 | 長榮委屈 | 長榮賺一年抵四十年结果股價這樣 | 長榮跟中華電的beta值不一樣 這樣能比??? | 整年4.6-4.8你說4塊，有點差距 | 不過老實講我居然只有這隻是賺沒輸過 | 這隻當債券看了，防禦的好選擇 | 129出124買回 | 這支今年上上下下的幅度跟以往相比挺驚人的 | 不知道要怎麼討論的股票，債券概念股，股民有信仰 | 中華電倒了 台灣也差不多垮了ㄅ | 80勒 跌破百就房子貸款歐硬了 | 中華電信倒之前，其他電信會先倒 | 沒fu糗 該下去了 | 這隻是 老人概念股 老人弱智無腦放就對了 | 中華電從100元就一直被嫌貴到130元 | 老人放退休金用的  平均來說至少不會輸通膨 | 現在大家卯起來辦300M跟500M的光世代 | 航運空軍開始反串水手在其他股票底下喊委屈了= =+ | 這隻我每天當沖賺個幾百吃飯 | 委屈了(? | 當沖很難抓 不小心庫存會愈來愈多XD | 這支舊防禦型股票 拿海運的有事嗎 | 預估明年發4.8元 | 都忘記今天發錢 登網銀看才發現  XDD | 成本92看戲 | 收熱錢，這隻等著回10X | 這隻就一定百分之百全發啊 聽我老爸40年待種花電信 | 也說公雞金可以配20年跑不掉 | 就有這張股票的人連帳號密碼都忘記了 跌不了的 | 成本一百一下的就當做債券持有而已 | 現在130就沒啥買入價值 | 種花債卷不是浪得虛名的 | 購買成本8X持有十年挖鼻孔路過 | 115都到不了惹 | 不管啦，我海運一年抵他20年，實在太委屈了 | 加入第一年就買了幾張2412 穩穩配穩穩向上根本懶得 | 理他 | 最大股東交通部 國家同生共死概念股 | == | 根本債券 有點想買一點當避險配置 | 成本107.5的路過 | 現在股價真的太高了，殖利率越來越低 | 只買不賣 | 買這支才是真.台灣價值 | https://i.imgur.com/TfSNJ1C.jpg | 樓上是什麼的app啊 | 三竹股市app，算是新功能 | 市話好多人退租  網路手機變紅海價格 | 每個月有員工在買怕什麼，股價只會越來越高 | 賺爛了賺爛了 | 這檔只怕少子化而已 | 謝謝e大 | 笑人弱智股，搞不好還沒人家賺得多 | 100的時候嫌貴…然後… | 長榮委屈了 股價應該2000 | 買中華一覺到天明 買洋腸 夜長夢多啊 | 成本89放了快10年覺得感動，亂世的時候才會想起這 | 隻的好 | 放這支 每天好睡 放妖股 每天熬夜 你覺得健康值多少 | 買的人可能都忘了有買,1.標題：公告本公司111年第2季合併財務報告業經董事會決議通過 2.來源：公開資訊觀測站 3.網址： https://mops.twse.com.tw/mops/web/t05sr01_1 4.內文： 1.提報董事會或經董事會決議日期: 111/08/05 2.審計委員會通過日期: 111/08/03 3.財務報告或年度自結財務資訊報導期間 起訖日期(XXX/XX/XX~XXX/XX/XX): 111/01/01~111/06/30 4.1月1日累計至本期止營業收入(仟元): 103730449 5.1月1日累計至本期止營業毛利(毛損) (仟元): 39693736 6.1月1日累計至本期止營業利益(損失) (仟元): 23685893 7.1月1日累計至本期止稅前淨利(淨損) (仟元): 24177291 8.1月1日累計至本期止本期淨利(淨損) (仟元): 19426469 9.1月1日累計至本期止歸屬於母公司業主淨利(損) (仟元): 18716421 10.1月1日累計至本期止基本每股盈餘(損失) (元): 2.41 11.期末總資產(仟元): 526606547 12.期末總負債(仟元): 152524124 13.期末歸屬於母公司業主之權益(仟元): 362352073 14.其他應敘明事項: 無 今年的獲利目前為止: (Q1) 1.17 (Q2) 1.24 預期今年整年應該也是4元左右吧~ 網路上很多達人都說電信股沒有成長性 把所有賺到的錢配給投資人 自己公司沒有留什麼錢 因此都說存電信股後 選擇把股利領出再投入給其他有成長性的公司 不過是不是一直留在電信股比較適合不用看盤的人 股息再投入也無妨? 反正大盤漲跌都跟電信無關 除息前收盤價130.5元還貼息中 不過個人成本108.5繼續留著 
[新聞] 每年花8萬「7年賺到8張中華電」！他從存3,2022-08-09,91.0,"又是不buy教主.. | 這個痾 | 七年賺八張又領五百萬,我還以為中華電一張已經一千 | . | 下一篇 1天賺到X張如興 實現牛仔褲自由！ | 好了啦 | 以後把不buy名字擺在最前面 不要浪費別人時間 | 看完才發現是不buy的廢文 | 我看了什麼 | 下一篇：他存兆豐金從XX變XX  , 再下下一篇 他存00 | 50 從XX 滾到XX | 又是不buy阿... | 笑死 越看越不對勁，果然 | 騙術 最後還不是要你開槓 | 啊 這樣子啊 | 2015又2018現在是2022，搞得我好亂 | 不買 | 結果要宣傳書 | 每年業配etf然後出貨給粉絲就才是生財之道啦 | 又是小陳 | 不忍噓 | 這不是新聞,陳重銘並不是記者更不是分析師 | 又是不buy  又買了又賣了  神操作 | 推 | 滾 | 鼓吹借錢買股票 就像叫人剪斷煞車線上高速公路 | 每日任務 (1/1 | 還好我直接看推文 省下時間 | 叫人存股 自己當沖 爽爽賺 | .. | 新聞為什麼會用「我」 | 初生就一身神裝的人~教白手起家的人練功....ㄏㄏ | 實際上小陳在前一波已經上頂樓說風好大 | 小陳上篇新聞有說 大賺 | .... | 小的借貸買股..大的像如興騙政府入股 | 不buy是賺屁阿!我覺得去亞馬遜進貨批來賣比就好賺! | 聽你他媽在豪洨 | 看到一半就覺得是不buy大師了 | 我看推文數就知道是誰惹= = | 啥鬼 | 不buy就是強 至少贏八成的賠錢韭菜 | 好了啦 | . | 不相信他股利一年有到500萬 | 仔細看一下 整篇都是以OOO例、如果XXX | 一切都是理論上而已 | 看了內文真是後悔 | 還好直接拉下來看留言 | 每張股票都買過 | 不buy | 看推文免得浪費時間 | 滾 | 這咖必噓 | 這種文章大可不必 | 故意PO文被噓的...被虐狂 | 看推文數就知道是不buy，PO文的還故意把名字放最後 | 下次可以直接說作者嗎？別浪費大家時間 | https://i.imgur.com/fFDAEA5.png | 2 | 還在啊 | http://i.imgur.com/7TwO0DK.jpg | 中華電好久以前就不到5%了  現在連4%都難 | 借錢買股 | 提倡借錢買股  必噓 | 呵 看到一半越看越不對 真的是這個人 | 嗯 | ============== 不要浪費時間看這篇文 ============ | 你是不是欠劣退 | 聽他的話去買中國高股息的..... | 作者可以寫在前面嗎 | 阿銘 又是你！！ | 每日任務 | 葉配教主 | 喔這樣啊...... | 幹，唬爛，黑白算。 | 業配商人 不值得信任 | 陳百祥 | 3個月買1張，可是要7年才買到8張？ | 噓 | 他收入主要來源是賣書演講和業配 | 笑死 要我拿以前的資料算 我怎樣也都賺 | 哈 | 我覺得不行 | 教人借貸買股票真的會害死人 | 滾 | 不buy教主！不buy即不敗！ | 越看越覺得這邏輯有問題，原來不是不buy覺煮，拜託 | 下次作者名字寫在前面，別浪費大家寶貴時間 | 好喔 | 在算啥？簡單的東西複雜化",原文標題： 每年花8萬7年賺到8張中華電他從存3個月才能買進1張股票，到年領500萬股息：一 招把本金變大 原文連結： https://myppt.cc/re5h2 發布時間： 20220808 17:00 記者署名： 原文內容： 常常聽到不少人因為資金不多，不得不操作預期報酬率較高的商品，像是選擇權、融資， 甚至是期貨，但也因此置身在高風險中，真正能夠賺到錢又全身而退的人恐怕並不多。 如果資金不多，可是又想要投資高報酬率、低風險的商品，有可能嗎？來看看下面這個問 題，經常有網友問到，現在房貸利率約1.56%（2022 年4 月），如果借錢買進元大高股息 （0056）、國泰永續高股息（00878），領取5% 的股利，如此一來，付完房貸後，還可以 賺進3.4%，如果借1000 萬元，1 年不就可以賺到34 萬元嗎？而且長期投資中華電的風 險也很低，這不就是高報酬、但低風險嗎？ 理論上來說，低利率時代跟銀行借錢，擴大資金後，確實可以增加報酬率，目前我身上也 背了一個信貸和一個房貸，就是借錢來投資股票。但是在討論如何借錢投資股票之前，還 是要先寫一下警語。 首先，我一直認為只有不缺錢的人才能做好投資，如果工作或收入不穩定，借錢投資 之後，天天擔心被公司裁員，萬一又不幸遇上股災，恐怕還得賤賣手上的好股票，到時候 就是偷雞不著蝕把米了。 所以，借錢之前，一定要先考量自己的工作與收入，絕對不要過度擴張信用，請你一定要 把警語聽進去。 以我自己而言，每個月要繳的信貸與房貸金額，不到我當時薪水的一半，而且我是公立學 校教師，被裁員的機率接近零，每個月的薪水都會準時發放下來；加上我還有股利、版稅 等收入，就算再來一次金融海嘯，我依然付得出貸款，所以我才敢借錢投資股票。 寫完警語之後，接下來探討一下如何靠貸款，同時達到增加資金、增加報酬率，但是又減 少風險（不做期貨、選擇權、融資融券）的目的。年輕人如果沒有房屋做擔保，那麼 最容易的借錢方式就是信用貸款（簡稱信貸）。 以公務員為例，我在2015 年跟土地銀行申辦貼心相貸（全國公教員工消費性貸款專 案），利率是依中華郵政2 年期定期儲金機動利率加0.505%（2017 年8 月為1.6%），目 前免保證人最高可以借到80 萬元（詳細申辦細節請直接跟銀行洽詢），每月要還款1007 4 元，1 年將近12.09 萬元。 如果小陳在30 歲時，申辦80 萬元信貸買進8 張中華電（假設股價100 元），以5% 現金 股利殖利率計算，每年領到的現金股利為4 萬元（暫時不計算所得稅），只要自己每年從 口袋掏8.09 萬元還款，也就是每個月償還6742 元，7 年下來總共只要付出56.63 萬元 ，便可以得到8 張中華電（價值80 萬元），看起來似乎有利可圖，那麼年平均的報酬率 是多少呢？依照下表的計算，年報酬率高達11.5%。 https://i.imgur.com/ZYhHkeK.jpg 看到這裡讀者或許會產生疑問，中華電現金股利殖利率不是才5%，為何借錢買進的報酬率 會拉高到11.5% ？原因很簡單，因為利用低利（1.6%）一次跟銀行借到大筆資金（80萬元 ），買進8 張中華電股票，每年領取4 萬元現金股利，等於幫你減少了4 萬元本金。結論 就是，用較少的本金去投資，但有很多張股票可以領股利，當然得到較高的報酬率。 加計課稅因素 借錢買股還是划算 然而，領取股利之後必須併入個人所得繳稅，將來也會實施股利分離課稅。對於存股族來 說，股票越存越多的副作用，就是稅也要越繳越多。繳稅當然會減慢存股速度，但納 稅是老百姓的義務，而且股利所得也無法逃稅，所以要先來討論一下分離課稅，然後 選擇適合自己的繳稅方式，來幫自己節稅。 2018 年1 月18 日，立法院三讀通過《所得稅法》修正案，除了綜所稅4 項扣除額均予以 調高外，在股利所得課稅方面，取消了兩稅合一半數設算扣抵制，改為採用合併計稅 與分離課稅兩案擇一的方式，第1 案為併入綜合所得總額課稅，給予股利8.5% 的抵減稅 額、每申報戶上限為8 萬元，對於一般低所得的散戶較為有利；第2 案則是採單一稅率28 % 分離課稅，對於高所得與高股利的投資人較為有利。 那麼投資人在領到多少股利之內，可以不用繳交所得稅呢？ 讓我們將8 萬元除以8.5%，得到了94.12 萬元這個數字，因此可以簡單歸納一下，股利所 得在94 萬元以下，採用合併計稅的話，不僅不用繳股利所得稅，還有機會退稅。那麼要 持有多少股票，才可以領到94 萬元股利呢？ 如果以股息殖利率5% 來計算，持股部位大約是在1880萬元（94 萬元%），也就是說， 如果沒有其他利息收入，持股部位約為1880 萬元，每年領到的股利在94 萬元以下，股 利就無須繳所得稅（但是一樣要繳健保補充費）。 如果是有工作收入的上班族，股利所得究竟是要併入計稅，還是分離課稅，何者較為有利 呢？財政部官員表示，股利所得課稅究竟要選擇哪一案，需要視個人所得多寡，以及適用 的稅率而定。由於股利分離課稅的稅率為28%，因此綜所稅稅率在30% 以上的人，採用第2 案的分離課稅較為有利；但如果適用綜所稅稅率在20% 以下，則應選擇第1 案的合併計 稅。財政部賦稅署表示，納稅人不用擔心選錯股利所得課稅方案，因為綜所稅申報軟體可 以幫忙試算，並主動選擇對納稅人最有利的計稅方式。 作者簡介_陳重銘 台灣科技大學機械碩士，目前在公立高職機械科任教，並擔任投資理財社指導老師。 年輕時當過5年低薪的流浪教師，只能當個不Buy教主，努力開源節流，並積極研究股 票投資，終於改變了自己的未來。 窮人靠工作，富人靠資產，最大的差別是投資知識。身為教師的他非常明白知識的力量， 因此經營免費的部落格和粉絲團，分享投資理財觀念，並將20多年投資股市的經驗撰寫成 書。 他相信，只要肯努力，每個人都可以改變未來，理財知識具有改變人生的力量，也是傳承 給子孫的最大資產。 心得/評論： 不敗教主藉由本身職業優勢加上計算中華電信穩定配股息的特性將原本僅有的股利放大 增加了報酬率但教主還是提醒必須衡量自身風險承擔程度 
[新聞] 中華電：同業頻譜超標應繳回,2022-09-15,53.0,"特許行業要加強監管啊 | 台歌大啥時要換總經理 股價跌破110連100都站不穩... | 三家都超過1/3 ，1/3*3大於1 這啥洨 | 我也覺得三家都超過1/3這句話是不是少了前言後語 | 看不懂 不碰 | 三家都超過1/3??? | 大家可能不知道富邦蔡跟遠東徐對台灣政治影響力 | 反正買中華電沒有問題 | 之大！ | 看不懂 | 還我gsm 便宜又好用 | 確實NCC說了算... | 看成超買應繳回 | 每個頻段都有人超過1/3..但超過的都是不同一家 | 有的是中華..有的是遠傳..有的是台哥 | 中華電急了 | CHT ni 484 paler | 1Ghz以下是合併計算  所以台灣大台星 | 所以就是每個人某一塊超過1/3喔 | 誰能幫我  https://imgur.com/zUxbc93.jpg | 窩看不董 | 有看過其他報導 中華遠傳都選擇繳回 台灣大傾向改 | 遊戲規則 | 1/3已經沒意義了  現在只有3個玩家財力夠 | 台哥大真的最糟糕 想搞生態系結果獲利沒成長 併購 | 前也沒先去問主管機關 現在被搞到了吧 | 超頻超起來 | 台哥大也是客訴最多的.. | 3家分餅 每人都只准1/3 確實不合理 主管機關確實該 | 出來修正 | 當年不就台灣大在喊ADSL中華最後一哩的線路費貴 | 只有三家，每家最多1/3，這有競爭嗎 | 特許行業就乖乖照規矩走吧，銀行業也都這樣. | 搞網拍的好好搞網拍不就好了嗎 | 遠傳聰明 讓龍頭跟老三兩個去鬥 | NCC說了算 | 高價得標 順便增加營收? | 好了啦 輸不起是不是 | 中華輸不起? 要確定欸 | 中華電才是被綁手綁腳的那家吧 | 都繳回就很公平了，但重標是要再付一次錢，大哥大 | 不願意？這個新聞在考驗那個記者才能把來龍去脈寫得 | 清楚易懂。 | 太好了 可以買中華電 | 有人看的懂這篇？ | 看中央社新聞那篇就好了，總頻寬580MHz，合併後 | 就中華電和新遠傳都超過193.33MHz也就是1/3 | 4g不要爛就好了其他沒差 | 獲利王在混淆視聽？ | 規矩定好你違規了，廢話一堆 | 合併似乎不再規範？ | 只要是富邦集團要的都反到底,看富邦蔡家吃屎就是爽 | 照規矩來很難嗎？",原文標題： 中華電：同業頻譜超標應繳回 原文連結： https://ctee.com.tw/news/tech/716591.html 發布時間： 工商時報 林淑惠 2022.09.15 記者署名： 工商時報 林淑惠 2022.09.15 原文內容： 台灣大合併台灣之星、遠傳合併亞太電信所牽涉的頻譜超標議題，已正式演變成電信三雄 首場頻譜角力賽 中華電信董事長謝繼茂、總經理郭水義 14日親上火線，要求同業在合併 前應 針對頻譜超標部份，遵法繳回、重新釋出。 謝繼茂以賽局形容電信業的競爭，每一位球員都希望裁判（指主管機關）公正、不要做出 不適當的裁決，尤其不應改變遊戲規則，並強調，中華電信主張合併案的頻寬超標應嚴肅 處理，並就超頻達最小釋照單位（10MHz）者應繳回，再依拍賣機制重新分配，以市場機 制為依歸，讓最能發揮效益的業者取得頻率資源，才是頻率有效運用的方式。 謝繼茂強調，全球電信產業都沒有在賽局中改變規則，若真的改變規則，要叫其他電信業 者情何以堪。郭水義補充，相關法規明文規定，政府應堅持信賴保護原則，頻譜若有 超標，依法應該繳回，政府必需要有高度，重新有效釋出頻譜。 台灣大哥大 也隨即在14日晚間發布聲明回應中華電信，台灣大表示，完成合併後的三家業 者（新台灣大、新遠傳、中華電） 頻譜數均超過1/3 （中華電信雖無併購案，但先前有要 買亞太電的頻譜）。台灣大因合併台灣之星，而在低頻頻段要承繼台灣之星900MHz的上下 行各10MHz頻寬，使得1GHz以下超標10MHz，這些頻率正由所有台灣之星用戶使用中，若合 併後貿然繳回，影響民眾使用網路的權益，屬下下策，並認為頻率資源為主管機關之權責 ，單一業者不應越俎代庖，頻譜完成競標後，頻率使用之規範應回歸 電信管理法授權之無 線電頻率使用管理辦法為準。 遠傳 亦於14日晚間回應表示，相信主管機關會維持法規的安定性、維護市場公平競爭，讓 消費者成為最大贏家。遠傳也同意現階段並 不宜開特例讓特定業者持有超出上限的頻寬 ， 尤其是1G以下頻段。另依遠傳原本對相關法規的認知，遠傳與亞太電信合併後並無超標問 題，但若主管機關有不同的認定，遠傳也一定會尊重且同意繳回超標之頻率。也期待主管 機關對有超標的合併案採做相同的繳回處理。 心得/評論： 更新 中央社新聞寫得比較好zz https://www.cna.com.tw/news/afe/202209140356.aspx 愛 普 3557 嘉威 3032 偉訓 找不到3045的新聞稿. 參考中央社的內文節錄 假設兩個合併案均通過，3家業者在3GHz以下各自總頻寬為，中華電200MHz、新遠傳 210MHz、新台灣大180MHz，分母則為580MHz（不含2600MHz TDD護衛頻段）。中華電及新 遠傳總頻寬皆已超過1/3（193.33MHz），即中華超頻6.6MHz。 翻譯蒟蒻 大哥你也超標啦幹
Re: [新聞] 中華電：同業頻譜超標應繳回,2022-09-15,25.0,種花店也是常常被讓利的那種 | 台灣大 股票跌爛了 創n年新低了 | 台灣大，我今天買了幾張，會套嗎？ | 規則改浮動的阿 EX主要業者N家 不得超過N-1分之一 | 剩下三家不也是因為反競爭同業併購的關係嗎 | 本來五家我把其他人吃下來後就說法規不合時宜了 笑 | 死 | 難怪當初招標5G頻譜時很不積極 今天來看原來早有規 | 劃 | 主要建設中華出錢蓋 但要拿出來分享 | 接下來 要比哪家更能遊說政府審查單位了 | 不想出錢的都想吃中華豆腐 | 除了中華外的電信都是垃圾 | 台灣之星大斷訊幾個小時 + 台哥大上個月還哪天也斷 | 我中華威武 | 有家公司這幾年對外頻寬毫無建設。 | 這樣以後大家都開分公司標起來再合併就好 | 主要還是競爭對手都被這兩家一直併走 | 台灣大併過 泛亞，東信，台灣固網，台灣之星；遠傳 | 也併了和信，亞太 | 所以這條不改的話應該禁止合併 不然1/3很莫名 | 禁止合併才能維持當初立這條法的原意 | 這條法真有趣 | 不改也不禁止合併沒關係啊，多的就是繳回 | 吃中華豆腐欸 台灣在偏遠地區基地台也少,台哥大在700Mhz拿了20 台灣之星在900Mhz拿了10 依電信法1Ghz以下是一起計算 不能超過三分之一 1Ghz 總頻寬是75 兩家合併後拿了30 超過了三分之一 所以中華才會要求吐出來 大概就賣掉或還給ncc 或這個 第一項之電信事業實際可使用頻寬，經主管機關考量下列因素後，其合計 頻寬得不受第一項限制： 一、頻率使用效率。 二、電信事業間營業之讓與、受讓或合併等市場因素變化。 三、其他重大公共利益。 但書又有因合併等等 所以繼續擺板凳看戲 是無線電頻率使用管理辦法才對不是電信法 不過以前有五家 說不能超過三分之一 還算合理 現在剩3家 很容易就超過三分之一 勢必要再修法了
[請益] 2412與0056哪個比較推？,2022-09-23,85.0,"太閒買2498不會 | 2498 | 有興趣打宇宙杯的話 2498 | 問就是2882 | 美金太香 連中華電都在落塞了 現在進去找死而已 | 問就是2498 | 個股只推2498 ETF推OO9OO | 0056今年會配2以上，現在便宜不買下週買不到 | 真情推薦2498 | 論安全有誰比的過2412? | 兩隻配完以後應該都是狂烙賽 | 現在問就是鴻海啊 10月拉一波給你出 | 現在進場不管買哪檔都大概率賠錢吧 | 00692 | 2412 | 00900 | 這邊問一律2498 | 紅海真的十月拉一波嗎QQ | 現在這邊都會推美金定存 | 2412 讓你安心睡覺 退休就2412穩穩領息 | 美元定存唯一推薦 | 中華電都破價破線還敢買？等止跌啦 | 中華電現在不香了 美債比較香 | 最近的最佳選擇就是美金定存，超級送分題 | 美元定存阿 央行強力背書 | 來這問就是跟鬼拿藥單 基本功課不做 只會伸手 被騙 | 活該 | 現在硬要認真選的話 0056 比較香 | 你來這邊問就是2498跟00900 | 等一陣子0056如果跌破25可以慢慢進啊.Q4除息有機會 | 當然2498啊 | 安全 2498 未來 2498 獲利 2498  結論 2498 | 2412  這幾天跌不少 可以慢慢撿 | 2498 | 2412 | 0056價位很香 但現在美金定存更讚 | 台股有誰比2412更牛皮？ | 2412 | 羨慕大家都有閒錢！ | 我都小額定期定額0056 | 美債 2412會隨著美債殖利率走跌 | 假如回到殖利率要6%以上市場才接受那有得跌 | 買0056幹嘛？ | 幫姪女存教育基金 | 中華電現在不值這個價，美債太爽了。 | https://i.imgur.com/Xhuixot.jpg  我是1樓用閒錢買 | 問ETF相關的,只推00900 | 要買94要買有fu糗的 2498 | 0050+2412 | 全市場+債券的概念 | 2412等外資這波提款結束,看會不會出現超香的價位 | 程泰 無腦多 | 都不行 | 2412 | 問就是2884 | 2412最近下來可以分批慢慢撿 | 2412有可能會到100 | 繼續貶吧 買美金 | 我去買美債了 | 2412只適合在110以下買，現在太高了 | 0052 | 中華電 | 老年人買2412青少年買0056 , 結案 | 看年紀決定，0056波動大適合年輕人，老人求穩健買24 | 12就好 | 0056配了不填息有用嗎？ | 2812還比2412好 | 2498最香 | 現金為王 熊市誰賠得少就是賺錢 我是這樣覺得 | 00878內建2412供參 | 2498 | 問就是2498好嗎 股市名言 存股台積電不如存股宏達 | 電 | 一堆人推2498跟00900，是要推入火坑4不4 | 人多的地方不要去，自己調查，鄉民如果都股神就沒 | 有韭菜了 | 如果中華電像2000和2008時那樣大跌  可以趁機買進 | 因為現在國安基金跟台灣央行自願當韮菜啊 | 有大韭菜要入火坑，追風的鄉民根本不怕被割，送分題 | 2603 | 問就是2498 | 等待也是一種專業 | 問就是00900 | 問就是00韭00 | 5820 無腦多",小弟最近有一筆閒錢 現在投資大環境不好想買比較安全的股票 中華電(2412)與高股息(0056)哪一個版友比較推薦啊 單看近五年殖利率是0056略高於2412啦 還是兩個都買?? 上面推2498的都壞壞喔
Re: [請益] 2412與0056哪個比較推？,2022-09-23,27.0,0056今年除息應該比較多吧? | 都輸2498 | 1-11111方法 | 現在開始定存，明年底到期，那時正適合抄底 | 要怎麼知道他大概配多少？ | 真假?  我也在等進場點耶  美國升息不是還沒結束？ | 56 至少2.5起跳 | 0056 10月初公告分配收益 隔天87%重演900跳空 | 短期不確定，抱長期一定0056好，比單一公司風險小 | 啊，對惹，不是抱三個月就算長期哦 | 加註:3年也不算長期... | 感謝網友贊助 https://i.imgur.com/aiAVd6t.jpg | 大概今年配2.5-3都有機會 | 3546 | 問就是2498 | 0056買到海運就是沒fu糗 | 存股不用預設高低點，也不要想說等低點才要存。 | 假設一支股票的股價100腰斬跌到50，再漲到120。A在 | 100的高點開始存股，B在50元底部開始存股，兩人都 | 是每漲跌10元就買一張。 | 最後雖然B的每張持股成本比A稍低，但由於張數更多 | ，總報酬反而是從高點開始存的A賺更多。 | 搞不好B在50買了大部分部位，張數跟A一樣，成本比A | 低很多，漲上去爆賺，會在腰斬敢進場大部分就有衡量 | 過位階再買進 | 0056買海運真的是.... | C在最低點50時歐印 ..比A還賺,: 小弟最近有一筆閒錢 : 現在投資大環境不好想買比較安全的股票 : 中華電(2412)與高股息(0056)哪一個版友比較推薦啊 : 單看近五年殖利率是0056略高於2412啦 : 還是兩個都買?? 要買0056可以再等等啦~ 10月份就要除息了 目前美國升息影響之下 幾個月內要大漲不易 要等美國結束升息的前幾個月 全球股市才會報復性大漲 0056 現在27 除息大概都 1.5~1.8 除息後0056會變成 25.2~25.5 買25元的 0056 要輸也難啦~~ 賺多賺少的問題而已 
[新聞] 鴻海、裕隆看過來 中華電信將採購電動車,2022-09-24,68.0,海公公請噴噴 | 難怪最近崩崩 | 原來電動車已經看到2030了呀 超有future 樓下快買 | 聽說電動車是華新利多，週一該漲停了吧 | 種花股價崩掉，造了2年的山 | 又是政府、公股買單...裕隆蒸蚌 | 除息完買的中華電不知道要套多久了 | 救救中華電 | 難怪中華崩崩 | 買垃圾 要崩了 | 中華電繼續崩崩 | 2030？？？？ | 重點是那些公務車的駕駛根本都亂來啊 | 種花店罕見的崩 真不給面子XD | 難怪最近 | 停電的時候怎麼辦？ | 停電斷訊的時候開著電動工程車去搶修....XDDD | 丸子 存股老人已哭暈 | 笑死  到時候緊急維修就有藉口了 沒電 | 丸子...台股最終防衛線 | 順便一提 2412這爛貨 我100收 | 推文到底是講啥 | 還是會有油車 想太多 | 2412一樣100收 | 產量要做出來啊 | 也買一些無人機吧！ | 100以下叫我 | 2412大概要破百了 | 全面FTTH省比較多電 | FTTB在交接箱浪費電 | 我110就可以了XDD | 種花奠信幫QQ了 | 中華電正在修正殖利率，至少要5%才甜了 | 乾 難怪最近跌 | 現在買中華電不如買美債 | 又要找公家收_____了 | 1500台對公公塞牙縫都不夠吧 | 哀 老百姓現在誰還買得起車，生活快過不下去了 | 2412 105收 | 民眾：喂！中華電信嗎？我們大樓停電也無訊號！ | 中華：很抱歉！工程車沒電無法行駛！靜待電來 | 充飽電再幫您處理！ | 99 ALL IN | 哪天災難大停電半天1天的 開電動車還能搶修? | 難怪中華電暴跌..... | 有特斯拉不買，買這種東西 | 台灣2040要停賣燃油車 | 歐盟2030就不出廠燃油車了 | 有fu糗 | 丸子，二位數見 | 現在電車根本就是斂財新題材吧 | 哩程沒比油電或PHEV高，賣得比兩款車還貴 | 不行的就讓它自然淘汰，扶植了快20年，一點長進都沒 | 有，只能靠國家救濟 | 難怪種花價格跌了 | 可憐 | 油車才能全台跑透透吧？ | 請問國產電動汽車是哪一台？ | 種花要不要考慮買馬匹？反正台灣的爛路跟騎馬沒兩 | 樣 | 前幾天看新聞說中華電年底要競標5G頻段？難怪會崩… | 中華是在崩殖利率吧，沒吸引力 | 停電時路上沒電車了嗎 無聊 | 看來有公家採購電車 應該有基本盤 | 2030年21億 8年 平均一年才2.5億 | 一堆又在借題發揮扯停電 | 垃圾車 | 公公大陸核彈級炸蛋快爆了，傻傻的。,原文標題： 鴻海、裕隆看過來 中華電信將採購電動車 國產為主 原文連結： https://reurl.cc/9pA7mv 發布時間： 20220924 13:02 記者署名： 經濟日報 記者黃晶琳台北即時報導 原文內容： 中華電信積極落實ESG，預計分階段採購電動車，共將汰換近5000輛公務車及工程車，中華 電信董事長謝繼茂表示，2030年前將投資21億元，汰換約1500輛公務車及工程車，希望把 機會保留給國內廠商，採購國產電動車。 中華電信今日舉行111年5G無塑企業志工永續行動，攜手供應商夥伴，全國淨灘、淨山活動 ，會後謝繼茂接受媒體採訪時表示，未來將分批汰換工程車及公務車，預計2030年先汰換三 分之一，約1500輛，投資金額約21億元，投入電動車採購及充電樁等基礎設施。 鴻海集團及裕隆集團合作打造國產電動車，被視為是未來台灣電動車產業的指標。謝繼茂表 示，對台灣電動車產業抱持很深期待，也希望可以將未來汰換電動車的機會保留給國內廠商 。 中華電信設定未來ESG目標，2030年減碳一半，IDC機房全部採用綠能及再生能源，2040年要 達到RE100全面淨零碳排目標，中華電信也從網路建設、各類營運方面下手，汰換公務車及 電動車就是其中一部分。 謝繼茂也認為，現在國際上的電動車要價不斐，國內的電動車產業還沒準備好，希望可以把 機會保留給國內業者，未來希望採購國產電動車，因此對於國內電動車產業抱持相當高期待 。 裕隆集團與鴻海集團合資的研發中心鴻華先進，打造納智捷LUXGEN首款新世代純電休旅n7， 預購進度超出預期，《n7純電代言人》專案預購10分鐘，突破5000人，首日啟動即突破萬 人，訂單還不斷湧入，因此提前結束預購活動。 LUXGEN新世代純電休旅n7源自於裕隆集團與鴻海集團合資的研發中心鴻華先進打造的原型概 念車Model C發展而來，以推動純電交通真正普及為核心設計理念，端出不到百萬輕鬆 入主的震撼價格，吸引消費者關注。 而中華電信公務車及工程車近5000輛，尤其工程車因應網路建設及客戶服務，需要全台灣 跑透透，未來中華電信也期望跟國內電動車業者一起洽談相關電動工程車的應用。 心得/評論： 中華電信將採用國產電動車作為公務車使用，推推。另外，好奇目前有哪間企業的公務車也 有打算替換成電動車的嗎？ ...停電請找台電好嗎
Re: [新聞] 鴻海、裕隆看過來 中華電信將採購電動車,2022-09-25,14.0,反對，為什麼要支持國產？全世界都沒有cp值更高的電 | 動車嗎？ | 台灣支持有什麼屁用，像高端還不是出不了國。 | 不要亂花稅金，拿來哄抬自己的鴻海股價 | Cp更高的的確有，但都在中國，政府敢買嗎？ | 政府不敢開放中國整車啊 | 這垃圾政府什麼尿性還看不出來嗎 | 不買中國車，的確只剩國產為主 | 支那的垃圾就免了吧？！ | 我指上面 非指海公公 | 結果最後買的是everycar = = | 目前市面上還真的只有中華的e-veryca..郵局都買了 | 同樣是交通部底下..豈有郵局買了電信局不買的道理 | 政府強迫的嗎,: 原文標題： : 鴻海、裕隆看過來 中華電信將採購電動車 國產為主 : 中華電信積極落實ESG，預計分階段採購電動車，共將汰換近5000輛公務車及工程車， 中 : 電信董事長謝繼茂表示，2030年前將投資21億元，汰換約1500輛公務車及工程車，希 望? : 機會保留給國內廠商，採購國產電動車。 : 而中華電信公務車及工程車近5000輛，尤其工程車因應網路建設及客戶服務，需要全 台? : 跑透透，未來中華電信也期望跟國內電動車業者一起洽談相關電動工程車的應用。 : 心得/評論： : 中華電信將採用國產電動車作為公務車使用，推推。另外，好奇目前有哪間企業的公務 車 : 有打算替換成電動車的嗎？ 由政府/國營企業來推動電動車是很好的出發點。 公務車都有專用停車位，花錢拉個充電 樁就是上位者願不願意做，有沒有決心的問題，這樣最頭痛的充電問題就解決大半，至於 那種要上山下海跑透透的工程車可以另外想辦法，是要出個長續航版本還是在山腳下也拉 充電樁都行。 鴻海/裕隆的電動車如果能得到多幾家像中華電信這樣的大企業支持，成功的機會應該就 很高了，若股價拉回可以考慮買進。 中華電信還可以考慮介入充電樁的生意 
Re: [新聞] 鴻海、裕隆看過來 中華電信將採購電動車,2022-09-25,20.0,你在臭台船的潛艦國造? | 之前萬四到萬八，鴻海幾乎死魚，現在漲 | 多跌多漲少跌少也正常 | 鴻海股價牛 又不是一天兩天的事了XDD | 這樣下去中華電會續跌機率大 | 鴻海本益比低殖利率高!又穩拿蘋果代工!股價當然抗跌 | 不要幻想好嗎？公家單位不支持國產要支持誰？ | 鴻海淨值跟股價 你不信郭董? | 都民營了還公家 | 民營化但交通部持股35%為最大股東，說公家也無不可 | 你以為買進口貨就沒辦法中飽私囊 | 那你還不快買起來一起中飽私囊，有錢不賺？ | 公開發行的股票叫中飽私囊，笑死 | 證交所罰鴻海:方丈小心眼 種花買鴻海車:官商勾結 | 怎樣都贏 | 鴻海的淨值對比股價根本委屈，獲利連續好幾季三率三 | 升，大盤跌鴻海不跌很正常，少在那邊腦補秀下限 | 代工穩賺組裝費穩到不行 | 支持自己國家的公司企業有問題嗎 不需要崇洋媚外 | 菜雞,感覺現在是要用泛公家單位的錢及稅金 買國產電動車 打著支持國造的大旗 實際上是灌營收、創造題材，拉抬股價 中飽私囊 政商可能都進去了，難怪鴻海股價很硬 大盤跌20%了，他才跌5%左右 : 引述《chter ((分身別查了XD)》之銘言： : : 原文標題： : : 鴻海、裕隆看過來 中華電信將採購電動車 國產為主 : : 中華電信積極落實ESG，預計分階段採購電動車，共將汰換近5000輛公務車及工程車， : 中 : : 電信董事長謝繼茂表示，2030年前將投資21億元，汰換約1500輛公務車及工程車，希 : 望? : : 機會保留給國內廠商，採購國產電動車。 : : 而中華電信公務車及工程車近5000輛，尤其工程車因應網路建設及客戶服務，需要全 : 台? : : 跑透透，未來中華電信也期望跟國內電動車業者一起洽談相關電動工程車的應用。 : : 心得/評論： : : 中華電信將採用國產電動車作為公務車使用，推推。另外，好奇目前有哪間企業的公務 : 車 : : 有打算替換成電動車的嗎？ : 由政府/國營企業來推動電動車是很好的出發點。 公務車都有專用停車位，花錢拉個充電 : 樁就是上位者願不願意做，有沒有決心的問題，這樣最頭痛的充電問題就解決大半，至於 : 那種要上山下海跑透透的工程車可以另外想辦法，是要出個長續航版本還是在山腳下也拉 : 充電樁都行。 : 鴻海/裕隆的電動車如果能得到多幾家像中華電信這樣的大企業支持，成功的機會應該就 : 很高了，若股價拉回可以考慮買進。 中華電信還可以考慮介入充電樁的生意
Re: [新聞] 鴻海、裕隆看過來 中華電信將採購電動車,2022-09-25,3.0,一邊可以要求客製化 一邊可以有穩定大客戶 一拍即合 | 最大的問題應該是鴻海的產能 | 應該是買中華魔改的電動得利卡/veryca..跟鴻海無關,各位不用這麼激動啊 未來7年1500輛 平均一年才200多輛 量根本不多 支持國產給中華電拍拍手 但這個單真的沒多少 台灣最大的困難就是市場不大 
[新聞] 中華電超車 聯發科市值跌破9千億居第四,2022-09-28,106.0,"笑死 | 科技股掰 | 電信局就是穩 | 中華電天下無敵 | 存股族的最愛 | 電信股不愧是抗跌三雄 | 買發哥前一定要先看看敦泰 :) | 我大種草電信就是威武 | 之前股板一群嘴中華電的看到想笑 | 還記得發哥之前也被捧成定存股!XD | 你在等時機跳樓人家還躺著睡香香 | 準備踢出0050 | 殖利率遲早要上修的。就等啥時提款 | 中華電信怎麼輸 | 空之王還在嗎？QQ | 台股這趨勢 沒救了 | 發哥1千賣轉種花電信唯一解 | 存股王 | 天機不如種花 | 發哥本來就是牛皮吹太大 | 慘慘 | 2412居然這麼強大 | 不敗股王中華電 | 比種花都不如 | 2412怎麼今天有段快速掉到114又瞬間拉回來？ | 鄉民都是看到股市大跌，才會注意2412的好 | 是真的蠻強的年初跟現在股價差不多... | 大盤跌了5000點 股價還在原地 | 我中華天下無敵 | 電信業被三貓籠斷惹 鬼島可憐R | 準備賺到升天 | 其實今年中華也有跌啦 | 高點130 | 種花 重返榮耀 | 真不愧是信仰股... | 種花499吃到飽希望要一直持續下去 | 不知道中華電殖利率有沒有打敗美金定存? | 種花員工:加薪啦幹 | 買爆中華電 | 相比其它動不動就腰斬的股票 中華電真的算抗跌了 | 前2年中華跳槽聯發科的，又要跳回來了？ | 不是從132掉到113了嗎 | 沒吧，聯發科年薪屌打兩三倍 | 種花就只有阿共飛彈才會崩吧 | 中華電殖利率遲早要上修到5% | 我中華電、台灣大各一半資金，只有爽 | 完全不知道什麼是賠錢 | 哭爸殖利率的趕快去買航運 | 可憐哪 神腦明明也是中華電一員 跌到2x | 中華電其實也跌很多 只是其他更多.. | 蒿吐露斯 | 種花債券 | 真正的強大 中華電 | 中華電市值第三？可憐哪～我大台灣的競爭力，走一 | 趟中華電信老直營中心 | 資金避風港 真穩 | 中華電屹立不搖 | 每次崩盤都有種花文 XDDD | 你要賣股票也不能沒有中華電，怎麼輸 | 景氣循環最後一波跌電信牛皮股 現在還早啦 | 飛彈過來有哪一隻不會跌 | 樓上我倒是有點後悔中華132 台哥110沒先出一波 | 不用後悔啦！看看金控存股的 | 種花能不能回到10x讓我買 | 中華電遲早第一 | 會抓當然出GG 680 誰要出牛皮132 | 飯可以不吃, iphone，吃到飽一定要辦 | 電信商已不打削價搶客戶的策略了 | 之前2412股價在130那段期間 市值也是第三 能超車23 | 新手機沒換 但約一定得續 | 17那才真的不妙 | 避險買起乃 | 種花債券 | 發哥，祭旗權值 | 中華電：幹崩盤才點名我 | 等到中華電也崩了才是最後買點 | 中華殖利率遲早要修正的 | 你以為電信股殖利率會看齊美債嗎？ | 我想是不會的 | 因為一大堆etf資金不能買美債，只能買台股 | 然後又想避險，只能狂買電信股 | 中華電現在還是太貴，110以下再考慮撿 | 不能以為所有的資金只會追美金喔 | 台股內部還是一堆閒錢的 | 讚 | 我電威武~ | 等他們其他的賣完就會輪到中華電了，趁現在跑 | 中華電前陣子也是跌不少 | 你看看878為什麼波動幅度不大，因為他只要拉一下電 | 信股，淨值是不是就上升了 | 小兒沒東西賣最後還是會賣到中華電去啦 | 散戶還是趁價格還行趕快跑實在 | 他們現在是錢太多跑不掉，只好先買中華電先hold住 | 中華電這波沒像之前那麼反向 | 電信股未來也會破前低  因為他們殖利率被美元追上 | 發哥啊 嘻嘻 | 怕...中華電就是恐怖~~~ | 台股VIX | 2412怎麼輸 | 好慘 發哥還是回去賣電視盒 音響吧 毛利很高see | 2412 豪吐路斯 | 豪宅頭期款剛洗下去吧？ | 美國at&t及威瑞森一直在跌，中華電早晚會跌啦! | 中華電信只有強而已！ | 剩三家壟斷抬價請問怎麼輸 | att,verizon跌，但tmobile一直漲耶",中華電超車 聯發科市值跌破9千億居台股第4 https://www.cna.com.tw/news/afe/202209280096.aspx 2022928 記者張建中 聯發科股價震盪走低，盤中一度達新台幣550元，創2年多來新低，市值跌破9000億元關卡 ，為中華電超越，落居台股第4。 手機市場需求低迷不振，法人預期，手機晶片廠聯發科下半年營收恐將逐季滑落，此外， 第4季可能面臨5G手機晶片跌價壓力。 隨著外資籌碼鬆動，連續6個交易日共賣超5554張，聯發科股價頻頻破底，今天盤中一度 達550元，創2年多來新低，下跌18元，市值跌破9000億元關卡，滑落至8796億元。 中華電在市場避險資金湧入下，股價相對抗跌，於平盤116元上下震盪，市值約8998億元 ，超越聯發科，躍居台股第3，僅次於鴻海及台積電，聯發科則落居台股第4。 心得/評論： 我大中華電信就是這麼威 通膨沒錢可以不買新手機 但你能不上網不講電話嗎？ 
[標的] 中華電(2412)是台股最適合當穩健存股嗎,2022-09-28,93.0,"你的[興富發]呢？ | 慘遭保羅 | 那不如買儲蓄險還有5趴 | 4 | 美金定存3% | 84 低利環境已死，2412 現在毫無吸引力 | 每天發廢文的用意到底是啥 | 下次大概就是問美金定存了XD | 我的靴子裡有蛇 | 興富發38歐印>>>>>種花 | 定存美金不是更爽...流動性更好 還可以直接用 | 現在還有蠻多3%以上的了 | 美金定存屌打 | 中華電才從122掉下來，這兩天是跌深反彈而已，還會 | 掉，別想太多 | 5880 | 目前不是 | 低價金融股更香 | 105再來存 | 4  現在才懂  菜味好重 | 10年線以下才是 | 美債etf屌打 | 航運保羅哥轉中華電信哥嗎？ | 下次可以問問美金，看聯準會比較勇還是你比較勇? | 100左右才有吸引力 | 群光：？？？ | 種花離糕點也跌了-10%了 | 這支過往大多時間在110上下 | 08年的最後一棒就是中華電信 | 報酬率也比較低 大盤漲他也是不動 | 明年美元假如升息到5-6%以上 中華電就更沒價值 | 這支買得人都忘記自己有了 | 買了10幾年每年只有除息時會突然想起來有買這隻 | 2330 | 每蹭必倒的保羅V.S地球上最穩的美債不知後果如何XD | 這咖不用認真 | 120以下持續低接到114，彈回117出了兩張，再低再接 | … | 2542 | 護國神山 | 2542可以先買一點點了我在講不知道有沒有人在聽笑死 | 2542興富發5年10年20年50年100年放著不要賣 你會贏 | 2542 3字頭就是進場 我注意超久第一次看到3字頭 | 2542興富發上星期賣掉 今天進場 要怎麼輸我都不知道 | 我大合庫今年還是正的 | 2542長線存股標的 漲跌不大 存股需要耐心沒耐心別買 | 而台股投資人散戶最欠缺的就是耐心 | 美元4％的時候 也是要下去 | 現在定存美金剛好套10年 | 美金最香 | 買這檔不都失智老人 | 中華電前陣子有130過…… | 是，所以你要買幾張呢 | 統一今年股價振幅大概比中華電還小... | 買5字頭的統一也很穩，雖然有難度,但值得等待 | 低調 | 有問明天就會開殺了 | 2008時一樣下去 | 明天反彈大家漲, 中華電就綠的了 | 美債 4% 屌打，台灣沒低軌衛星就註定要下去 | 如果你是懶人 算一下中華電產生的金流夠不夠你用 | 夠的話就繼續放吧 但如果你有閒錢 目前不會是好的 | 選擇 高利率低股價不會是長久的狀態 市場上最不缺 | 的就是廢紙 是窮人缺廢紙 | 種花自從130跌下來都一直貼息 你確定? | 買這檔就是買了就可以把app刪除 | 當然不是 | 看你文中的敘述 統一 統一超也符合你的需求啊統一 | 超今天還漲上去呢 | 麻煩三樓說明一下哪個儲蓄險IRR還有5%的？我壓身家 | 買 | 110值得買 | 股版清流2498 | 菜蟲都長出來了保羅 | 3%去存美金，台銀3.12%，不用謝 | 買在125以上的 不知道何時回本 | 美金不香嗎?高利率又能賺匯差 | 股價之前幾個月被散戶炒上去了 | 現在害我也變韭菜 | 等美元4%。之前低點會破 | 前陣子跌了一波了 | 乾脆美元定存 | 美元定存3.5%，又可以避二岸戰爭風險 | 我覺得最好的存股對象是靈骨塔，買到賺到，買一送一 | ，而且不止全家都適用 | 比美金定存還少 | 00878內建中華電信 | 2498 | 目前還是紅的 | 偷偷存就好，別張揚 | 大家都知道的事 問屁 | 廢文王ID | 美元定存3.5% 是可以年年3.5%嗎= =",多空理由不充實 者，板規115或44處份 2.進退場機制若非長期投資，請 輸入停損價 ，否則依板規116處份 3.請依格式輸入內容，未依格式者板規112砍文處份。 標題請使用以下格式：股號.市場碼股名分類 (市場碼：TW US HK CN JP KR...) ex [標的] 2330.TW 台積電 長期不停損多 ex [標的] TSLA.US 特斯拉 馬斯克火星多 按ctrly 可刪除 以上內容。 1. 標的：2412.TW 中華電 2. 分類：討論 3. 分析/正文： 認真問大家 本肥魯有在偷偷觀察中華電這支股票 發現中華電的股價真的非常穩 大盤跌一大片的同時 中華電幾乎沒在跌 今天還收在116.5 還小幅上漲呢 中華電這幾年每年的股利 基本上就是保底4元以上 殖利率雖然只有3趴到4趴左右 但是因為股價幾乎不太會跌到哪裡去 也不太會讓投資人受傷或是虧損 今年H1有2.41元還贏過去年的H1 獲利真的很穩健 整個台股裡面 只有中華電算是最穩健可以當定存的標的嗎 中華電的風險主要是什麼呢 大家怎麼看呢 
[新聞] 電信新三雄併出火氣 中華電揮3拳打臉台灣,2022-09-29,38.0,"邦邦：我有請魚翅，你有嗎？就問怎麼輸 | 吵什麼吵 直接價格戰割喉割起來啦= =笑你們不敢 | 趕快5G吃到飽199方案開出來啊 吵三小 | 會怕才會吵 | 人家邦邦政商關係好到無可置信 中華只能被摸頭 | 什麼時候推499 5G吃到飽 | 我上次建議NCC讓台星亞太合併可以解決,今天建議另一 | 個解法,就是哪家推出至5G退場可無限續約的高中低資 | 費就給那家超過1/3 | 漏寫必須是比4G時還優惠的超殺方案 | 中華電，吞了啦～沒叫妳割肉，就很好了！不然你斷 | 偏鄉和政府的網路啊！ | 繼續吵兩家繼續跌下去 | 499 5g吃到飽有種就開 | 台哥大當初就打算這麼幹了吧 5G頻譜標這麼爛擺明不 | 想花大錢 | 冤大頭照遊戲規則玩的中 | 華電當然不爽 | 沒多久前台灣大還反對遠傳併亞太 有夠噁心的 | 富邦集團的政商關係 有在怕什麼三拳嗎 | 有話不要好說 能打架就不要吵架 | 黨還沒說話，等等，黨說話以後有人就不會說話了 | 好 中華電 台灣大都買 雙保險 | 揮3拳 所以台灣大有送醫嗎？ | 中華鐵拳第一式 尊榮老客戶 第二式 走在最前面 第三 | 式 菜籃族無腦存股 | 穩賺的企業還在499?299啦 | 中華可以開一個台哥專案啊,台哥攜碼中華,199吃到飽 | 電信戰引爆金融危機 | 把台灣大買下來 | 台哥大何時要把總經理換掉..... | 台哥大真的很噁心... | 噁心台哥大 | 台哥典型慣老闆 得了便宜還賣乖 | 兩家我都有 但台哥大套爛 | 中華電信還有臉講不利益競爭啊 | 台哥真的是一副噁心的嘴臉 | 台哥網路爛死",原文標題：電信新三雄併出火氣 中華電揮3拳打臉台灣大 原文連結： https://ynews.page.link/sdZQs 發布時間：2022年9月29日 週四 上午9:55 記者署名：時報記者王逸芯台北報導 原文內容： 台灣大哥大股份有限公司擬申請合併台灣之星電信股份有限公司案今(29)日舉行聽證 會，近兩周來電信業因為合併後超頻問題早已刀光劍影，中華電(2412)今會以利害關係人 身分出席，針對日前台灣大(3045)以頻譜交回將有損台灣之星280萬用戶權益，以及直指 中華電享帝王條款等，中華電似乎不想再忍，歸納成三大項一一打臉，直言台灣大說 法矛盾，更是以重大公共利益之名為訴求，掩蓋了違反法規及造成競爭不利益的核心問 題。 1.台灣之星280萬用戶權益受損？ 台灣大：台灣之星280萬用戶上網主要使用的900頻段10MHzx2，若被要求繳回一半，剩餘 頻寬容量將無法充裕提供280萬用戶使用，嚴重侵害到用戶使用品質與消費權益。 中華電：台灣大意見書第11頁明白表示台灣大哥大合併台灣之星之網路整合規劃，將無 線網路整合成一個單一網路同時提供所有用戶使用，以提供用戶無差別待遇之無線網路服 務品質；合併後無線網路涵蓋與提供之服務品質均較原台灣大或原台灣之星更佳，對照 本案兩業者近期強烈訴求若因超頻繳回900MHz頻段一半頻寬，將嚴重侵害到用戶使用品質 與消費權益之說，相互矛盾，更何況，合併案用戶服務品質的維護本就是存續公司的義務 ，不是要其他業者犧牲權益、要主管機關允許其頻寬違規超標來成就的。 2.中華電獨享帝王條款？ 台灣大：依照無線電頻率使用管理辦法第12條第4項不僅真實且存在，中華電與亞太 頻率交易案已使用該條款，如該條款僅為市場龍頭可使用，則淪為帝王條款。 中華電：通傳會認定中華電與亞太電換頻後超頻的部分，符合行動寬頻業務管理規則 中的3GHz以下超過3MHz頻寬、6GHz以下超過3MHz頻寬，均未達本會歷次釋照單位頻寬， 如繳回該等頻寬，該等頻寬亦未能釋出再予利用，反而不利於頻率使用效率及公共利益 ，故主管機關就無線電頻率使用管理辦法第12條第4項的適用審核是有具體客觀的依 據，不會是所有個案都能適用，也不會淪為個別業者的帝王條款。 3.未來新電信三雄均面臨超頻？ 台灣大：以2021年修正後的無線電頻率使用管理辦法第12條第4項來看，中華電與亞 太頻率交易案已使用該條款，也因該修正條款，導致中華電、遠傳有超頻疑慮， 中華電：本案核心在1GHz以下關鍵頻率資源過度集中對競爭的影響，不在於合併業者於低 、中頻段增加了100MHz猶嫌不足的個別業者問題透過本合併案，台灣大6GHz以下總頻寬由 合併前的170MHz大幅增加為270MHz(已扣除超標的10MHz)，足足增加了100MHz，每百，萬 戶平均頻寬由23.9MHz提升為27.6MHz，超越了中華電的26.8MHz；5G主要頻段3.5GHz的頻 寬也由60MHz增加為100MHz，超越了中華電的90MHz，何來合併業者在3GHz以下、6GHz以下 仍處於劣勢之說？標好標滿也好，先少標再合併填滿也好，只要是在合乎法遵的前提下， 中華電尊重各業者的商業決策。 中華電最終強調，合併業者若主張低頻段關鍵資源違規超頻達一個釋照單位頻寬可不需繳 回，應該要清楚說明這10MHz保留給合併業者或繳回再拍賣釋出，對於頻率使用效益、整 體產業利益、限制競爭不利益及重大公共利益等有具體客觀的證據，如果連700MHz、900M Hz在未來8年效期內的運用規劃都未清楚交代的話，如何據理力爭，讓主管機關允許其明 顯違規情事，以所謂自稱的重大公共利益之名為訴求，只是掩蓋了違反法規及造成競爭不 利益的核心問題。 心得/評論： 不曉得最後誰會贏，這樣還能穩穩當定存股嗎？ 影響好像很嚴重 不然中華也不會這樣跳腳 
[請益] 沒想到...中華電還是來到110了,2022-10-08,609.0,"只下20偷笑了好嗎 | 現在市場，存中華電信，不如存美金啊 | 鄰居阿伯放了二三十年現在賺呀 | 下跌不是很正常的嗎？ | 來一個 | 金融吧,看還原月K一直創高 | 如果要比美元定存高 回到100剛好而已 | 2890 | 興富發 了解一下 | 美金都要4%多了  中華也不怎麼崩夠牛皮的了 | 是啊,今年是大空頭年,連中華電都波動如此劇烈 | 美國債券4%   對中華電不利 | 110還是很貴 | 放長才不會虧吧 只是賺多賺少而已 | 還好中華電當初124先跑了 | 130買的-20...怎麼不90買?90買的帳面不就+20了嗎 | 美股仔過來推VTI了 | 之前超漲  還回去而已 | 往上噴到132時怎麼就沒人該 | 50收 | 比gg高即可 | 那是因為台灣升息少 所以還齁在這價位 如果多升幾碼 | 可能都8字頭了 | 獲利ㄧ直往下 都全配也才4趴初 | 100以下可以加碼攤平 | 看看2000～2008中華電價格多少、eps多少，當時利率 | 多少。自己算一下中華電合理價位吧。 | 100差不多 其實穩穩的 | 台股如果下到8000，你覺得中華要多少 | 老子9字頭繼續爽 | 8523時候中華電還有超過100 | 當然當初沒有美國利率這麼高的問題 | 原來有到130喔？之前買了2,3年都在110上下來回一直 | 抽插，是說回到110就會虧，你根本放沒幾個月吧？我 | 記得年初看的時候還是110阿 | 中華電90~100，合理的價位~~台股再怎麼跌，也差不多 | 中華電要破100 那台股應該會持續再破底 | 中華電放久了也沒什麼問題吧,星鏈澳洲設備2萬月租 | 3000千,在台灣除了高山偏遠地區沒啥吸引力 | 會陪肯定是今年買中華電追120-130的人 | 一路看上來我還是覺得漲不少啊 你操作點太高吧 | 繼續抱啊 | 前幾年買都在110-100 不太可能賠錢 | 美金我跟銀行定存談到4.35%  誰要買2412 | 抱10年會回本~抱20年會賺~ | 我今年除息後太早買 虧損中 想再接 | 中華電的股價不敗神話,今年會不會破功真值得觀察 | 股票追漲賺錢很容易 但要避開空頭不賠錢才是技術 | 電信類股最大問題就是太貴，殺下來才是合理買點 | 偷偷跟你說，我的昇達科負80% | 有安慰到你？ | 100開始建倉 | 每跌10塊加碼 | 過幾年再看 | 到10年線我歐印 | 種花做了兩年大山丘 | 會買中華電的，不就看上每年發的股利嗎？結果現在比 | 又不會回到80是在怕什麼 | 明年美元升息到5%以下 中華電可能會破100 | 美金定存1年還低，市場當然不會買單，而且美金風險 | 中華電遲早150 小間電信倒光光 大間的只會越來越大 | 還有更可怕假如美元升息到6-8% 中華電可能90以下 | 等緊縮週期結束再來撿 | 不要以為通膨沒什麼 溫水煮青蛙 能避險就避險 | 更小，中華電下跌的風險比美金下跌還大 | 你的長期=一年？ | 一切都看FED 別跟FED作對 | 你放不夠長啦 | 下半年中華電就修正 沒除息行情+美元升息更高 | 今年最穩的就海公公啦 | 會繼續往下噴哦！撐住 | 電信業有個重大風險很少人提 就是5G建置成本高昂 | 空頭為啥一定要做多 | 遠傳也跌回去了;殖利率不夠高,真的管你是誰全該跌XD | 9月網通廠營收大爆發已經可以初見端倪 | 你們這些人真的好奇怪 別人推薦的標 不就是讓你抬 | 目前要買的話就是網通了 網通才剛起步 | 等到收割你沒跑 又要上來哭 | 好美元,不買嗎 | 以前也覺得中華電是存股好標的 | 有更穩的定存管道，短期資金都先跑了，或是賣定存 | 股準備抄底 | 存美元不就好了 | 美元仔笑而不答 | 公公因為殖利率比較高阿配息五元 EPS也高 | 不能說存美元 等下又被酸叫別人去抬轎 | 只能勸人不要再買了 或是台幣定存 | 問就是再加倉 | 永豐金？ | 今年中華電波動真的也不小 | 115元就跑了，結果還是回來了！ | 記住那些去年要你存股的帳號，可以通通封鎖了 | 送四個字：本多終勝 | 現在除了美元跟放空，沒有第三種選擇 | 狂跌? | 連中華電信都在跌就知道 台股很不妙 | 這次風暴跟2000/2008還算不同 多了通膨 FED在控制 | 大家還在樂觀 無奈 中華電都在崩 當然很不妙 | 台股都跌30%了 中華電才跌15% 很猛了 好嗎 | 韭菜言論 | 因為多了一個存美元管道 很多人都跑了 | 中華電是慢慢跌 還沒跌玩 要好的% 要100 | 100剛好配4.6% 剛剛好 | 最後一個漲的通常是中華電,最後一個跌的通常也是.. | 記住那些要你存中華電的抓交替ID | 持股已先全部出清空手等低接～ | 美債是4% 無戰爭風險 你自己覺得外資會買中華電嗎 | 下看90 | 現在抄底剛好 | 等100 | 你該考慮的是當美債變5%或6% 中華電該幾%才吸引人 | 向下攤平術阿 長期投資很簡單 | 所以你套多少 | 其實我20幾年有賺的就這一隻 | 今年傳產台字輩比2412更慘好嗎 | 看看台塑，台泥，台塑化，台化，台肥，這樣有安慰到 | 你嗎 | 中華電要是繼續殺下來 別的股票只會更便宜 多數人也 | 只會去買別的 根本沒什意義 | 看長期110比較像正常價位吧 | 還要包你穩賺喔？這什麼鬼邏輯 | 中華電還是穩2008也沒跌多少 | ETF適合你XD | 我反而覺得這才是正常價位，之前都被炒高的 | 市場的資金都被美元吸走了 所以... | 熊市記得要動態調整我是破10%就分批出掉 | 當年航海王？長期？ | 然後又再縮表 很可怕 多挖沒有在聽的 | 之前130是太扯 | 2012定期定額投的，放到現在的還是賺啊。 | 營收獲利有沒有成長很簡單吧 股價漲 一切無視的人 | 很多 | 中華電信本來就是100塊上下 | 中鋼本來就是22塊上下的股票 | 這次升息美國升到10%以上可能性不是沒有歐。危機就 | 是轉機，要抓對方向。 | 當你看到中華電這樣跑的時候表示是空頭市場 等待他 | 不動再買我的覺得比較好 | 有股菜味 | 種花已經很抗跌了 | 叫三雄的都會很慘 | 進場策略錯誤  越跌越買  分批買 | 3045都93了 | 2008年中華電信也是跟著崩 | 會虧的都是今年才買的吧... | 美債4% 比中華電香多了 | 中華電信這樣非常猛。牛皮股不是永遠不會跌才叫牛 | 皮股，只要相對跌比較少就可以了 | 如果不是反串 真的覺得也沒什麼好說的 | 不想關心時是的話 我是建議直接買美金等升息結束 之 | 後分批投進中華電跟幾家大型金控 之後持續投入這樣 | 看到跌就想脫手就不是做長期的心態啊 | 逆風就是逆風，但是扯兩年不夠長的話就放十年 | 15~20年前的東西你現在存要做啥 | 台積電都跌30％了，中華跌他一半算還好了 | 手上還一張90的XD | 以長期來看，110配4塊多也不差了，美金要維持多年 | 高利很難，只是有機會再殺低些。 | 你要繼續留著 股市需要你這種韭菜來促進經濟流動 | 牛皮股 是吹牛皮的牛皮 ! | 中華這幾年獲利有回來一點，未來競爭回到三大 | 真的跌到一定程度自然買盤就會出來了 | 雙位數就是大禮包 | 因為美國升息結束 這些股票也跌的差不多了 | 美債殖利率都多少了 | 你玩長期買中華電？！傻眼根本沒做功課 | 美金也的確不太可能長期維持高利 | 不要歐印比較不會那麼痛，要預想它會一直往下，然 | 後你都有資金去攤平，較容易成功 | 其實中華電還行啦 買些也是合理的 | 只是時機不對而已 | 世界需要你陪錢來幫忙壓通膨。 | 美國艦長翹腳.jpg | 美債20年殖利率都4.14%了 | 破百警告 不要不信 | 虧40萬？那高位130的買快20張？all in嗎？ | 中華電肯定是要破百的 | 美國隨便升息一下 中華電的殖利率就輸了 不跌漲一下 | 殖利率不現實 | 買高鐵阿 真的很牛皮 | n | 不是應該越跌越買嗎 | 拿美金利率談的,依這邏輯,台股沒配息的全部給我跌 | 到下市 | 低殖利率高PE 提款第一個提你啊 | 所以真的想存股 在美國利息這麼高的情況下 先等等不 | 要急 | 前人存股成本早就歸零 後面跟的有機會賠掉差價 | 問題是中華電 是什麼公司 不談殖利率難道講高成長嗎 | ？ | 買中華電不就是在看配息嗎 不然難道是期待成長性? | 對帳單 | 90收 | 我老媽不會用app 我10幾年前笑他怎麼會把退休金買 | 中華電信。 笑死 多年後我發現智障的是我。她現在 | 領的股利大概就科技廠資深工程師一年的薪水。 | 我當年買100，現在還是100 | 均值回歸 | 中鋼特啊 | 是不是很多人不知道金融海嘯中華電跌35%以上啊。 | 真正的存股是買中鋼特這種的吧 | 中華電信在台灣的定位還用談什麼...另外110價位盤 | 了5年不買,120,130才在追的,先檢討自己吧 | all in | 24988 | 我今年也虧四十幾  慘 | 興富發 了解一下 | 美國債券4 對中華電 | 會漲到130 是因為籌碼被八大長老 亂入，因為奉命護 | 盤 又想抱住本金 中華電就是一個適合的棲身之地 | 盤 又想保住本金 中華電就是一個適合的棲身之地 | 前兩年才進場的是三小長期啦 | 任務結束後 就逐漸均值回歸到中華電原有的價值 110 | 如此而已 | 最近電信股都跌蠻大，看不出以往的抗跌性 | 出 快出 怕您不出 趕底趕起來 | 定存股在低利率時是好物，升息時就要再評價，任何 | 投資學書一定會寫 | 你的長期是長期投資人的極短期 | 但如果以高點摔下來看 其實算抗摔了 | 簡單講就是這樣  本來就只值110 這兩年到130是假的 | 是八大長老奉命撐盤的結果 | 壓身家阿 | 真的韭菜理論，笑死！ | 上禮拜五110.5撿四張丟著 看會不會再變資金避風港 | 想當年的航海王 | 電信股是補跌吧，跌幅大概也才大盤一半 | GG會回到250 | 130  散戶追的啦 | 算少的啦 這樣也怕 趕快逃出股市 | 各大5G系列-20%起跳 | 以我的觀點 電信股的獲利停止很久了 eps跟不上股價 | 的成長 配息也不到4% 本來就不值這個價，完全只是 | 靠信仰在撐的 | 美國再繼續升息的話 我看 中華電破百也是不遠了 | 電信股的獲利停滯很久了 | 這幾年存股風起   也不少標的變飊股 | 殖利率沒有5% 我是不會考慮的 | 存股還是要注意啦 | 投資本來就沒有 也不該懶人投資或 無腦 定時定額的 | 想要不吃虧 你手中資產的價值 你就掌握的很好 | 你就需要掌握的很好 | 買2412的確就是想無腦啊，心態擺正就好 | 每逢回到週K線200以下   就是可以買的時候 | 不要又想長期風險低又要殖利率高 | 海公公最穩 | 之前是漲太多了 他每年賺4.多塊左右 | 想無腦投資是需要代價的 比如說就是現在這種情況 | 就是代價 你會遇到 買的成本很高的時期 | 這種定存股，大概就是90~100買進，之前算是超漲 | 版上股神說法真的一變再變,之前說2412是債券 | 現在又變成地雷股了... | 沒有5%我也是懶的買 更何況一直衰退 我只有早期的部 | 年初本版股神說gg年底上看1000,現在不吭聲了... | 多頭一堆人興沖沖 敢拼命追高 ，一遇到行情反轉 就 | 均值回歸 打回原形 | 位放著領息 95塊以下 | 三年線112、10年線105 | 你手中資產的價值 | 股票是不是只能玩短期進出 | 美股才會反映基本面 | 這種不算地雷股 但你可以當債券看，目前美債殖利率 | 破四 這隻的吸引力就下降了 | 每年cover我手機家裡網路費 | 110還是偏貴.. | 無風險利率的定價已經不同 你不可能再期待大家再用 | 一樣的標準看待這隻 股價下跌也是自然 | 等跌破10年線很多人就會跳進來接了 | 美債利率過去穩定度還沒有2412殖利率穩定 | 認真講 建議先停損 再低接 | 但過去兩年買，特別是120以上就真的貴了 | 覆巢之下無完卵 沒幾個不摔的吧 | 看長期 OK?! | 金融被當存股標的也是慘慘慘 | 50的時候不買，130買怪誰？ | 我都低買高賣 | 這就是美金定存的威力啊 | 中華都會玩到賠錢 超級廢吧 | 這隻有人再看股價? 拚的不是股利再投入的複利效果? | 不看嗎？ 130跟110一樣嗎？ | 每年定期定額的遇到股價低反而才該高興吧 | 存股中華電不如存中華豆腐 | 110才回到合理價而已 連便宜都不到 | 行情在絕望中誕生，現在應該還不夠絕望，心理做好 | 準備 | 現在氣氛看啥都覺得貴就是了 | 你長期是多長  幾個月嗎 | 不是 散戶只有做長線才會贏 你看太短了 | 90收，沒道理遠傳跟台哥跌成這樣他沒事 | 現在看的是你資金控管的能力，有工作現金流就是慢慢 | 買 | 無風險定價上漲 自然看什麼都貴 | 你會不會太費今年才採使買中華說存骨XD | 50的時候不買130才買 | 2412也跌倒，表示谷底快到 | 2412不就是跌更要買？！有錢一張，沒錢10股、50股、 | 100股 | 2412還會跌啦  不急 | 獲利又沒上升多高 過往也就106~114跑 今年是因為資 | 金跑去那躲起來 | 以前買的都賺翻了 有人叫你高點進場嗎 | 才回到合理價而已 | 分類錯誤 | 笑死 被市場教訓了還覺得短進短出才賺錢 韭菜言論 | 不如存美金 | 利率高的那個 | 年初看的時候還是110 | 當初電信這幾檔漲成那樣就很扯了 你們高點跟中華大 | 媽實施完美換手吧 等你老了後面也有人幫你接 下個6 | 年不用怕 | 2019開始買股 領息4次 抱上抱下 | 目前+4x% 還是繼續抱 | 回到疫情前水準而已 差不多在105-110上下 | 先回去先打底啊 你該煩惱的是還沒回疫情前的股票 | 美國中華電信at&t(T.US) 這兩年跌得更咪咪冒冒 | 很好呀 終於有機會買中華電了 | 長時間 是多長拉 | 笑爛，中華電這種爛股不是一堆人吹捧是好存股嗎 | 便宜的中華電就用力買啊 | 貴死了買不下去 | 萬八的時候 你是不是心裡有罵過中華電都不跌下來 | 讓我多買一點 現在跌下來了你又沒信心 | 終於有機會加碼了~~ | 疫情前就在105-110區間跑啊，誰叫你買130 | 台哥大價格比中華電還甜 | 看的太短，幾年前就被炒作過一次130了，下跌就是獲 | 利了結而已，100-110才是長期價位，也是我加碼的價 | 位 | 股票說到底就是群眾心理遊戲 最近也沒看到之前吵 | 種花是台灣債券欸，美國債券都跌了台灣能不跌嗎 | 請問網通跟中華電關係 反向？ | 有提到上市股票要用標的喔 | 跌到你不敢買時記得加碼 | 翻天 什麼基本面.技術面 還是一碗泡麵誰厲害 | 不過就算你賠了20擺五年也是會回本啦，不用擔心的 | 板規 | 長期投資賺不了錢 那老巴怎麼跑贏大盤的 | 標的文分類才對 | 以檢舉 | 都炒上去了還能較不動的牛皮股嗎 沒利多也給你到130 | 中華除息前後分兩次賣 都賣在高點 2412惠我良多 | 早該知道的事情 | 你只要知道買它的人是什麼樣的人 就知道它的敵人是 | 利率 | 美金明年4%以上利息會超過27萬,所以要搭配電信股 | 聯發科聯詠瑞昱股價都腰斬的怎麼辦 | 大盤崩成這樣 一堆個股腰斬 中華只跌20還不夠穩嗎? | 你真菜 | 美金+100中華電+90台灣大   就問你怎麼輸 | 不是都說 越跌越買 賺爛了賺爛了 | 5g比4g還慢 | 以前都在60-80，現在110... | 60-80那是10多年前 減資前 別鬧了 | 不會算合理價 存啥股 | 減資後 最低8X 而已 | 20年來景氣最好的一年，竟然有人賠錢 | 起漲點看一下 | 先不說減資了..前面還有人說存到30年的中華電信XD | 跌20也才6%，你同事買cht到650萬喔？ | 上半年莫名其妙被拉上去 | 不趁大跌的時候多買一點，難道要等回去再後悔沒買？ | 最近開始撿了 | 抱歉，算錯，是15% | 錢扔下去前不是就該考慮這些了嗎 | 你要股利但不要隨市場的波動 想太多啦~ | 放著長時間的 最後都會失敗收場? | 錢根本就不是閒錢 耐不住放當然每次都砍出實現虧損 | 才20看看買在台積電高點的 | 笑死  韭菜以為自己真的是少年股神喔 | 除非你買到紅茶還是什麼的 那就真的要斷尾求生了 | 最近把家裡網路換了，超沒競爭力的公司吃老本 | 傻B韭菜，根本不懂狀況....種花是常青大戶的避風港 | ，熊市才會有錢灌進去的地方 | 單po出來才信 | 100以下都便宜 | 問問自己中華電每年配多少 自己願意幾塊買 就知道了 | 也只有這兩年是大航海時代 | 斑馬你敢嘴 | 這價格我還不如去買公債 | 你的長跟別人的長差很多耶 | 只能說2412已經是目前鬼故事最少的了 | 看啥都怕就是換成現金or定存 今年別看股市比較保險 | 我覺得中華電穩是因台灣在它不會倒, 所以現在是... | 自己看一下本益比河流圖，買的下去我也是笑笑 | 股市就是比誰跑得快而已  放久遇到一次崩崩就掰了 | 回到08年 | XDDDDDDDDDDDDDDDDDDDD | ???你不會放十年膩 | 又要被空蛙笑了 CC | 放十年好嗎 | 存股話是要KD判斷一下 | 按照存股條件，中華電合理價就100~110 | 我平均成本低于100...上次買是112沒差繼續抱 | 要馬續攤 要馬放棄 | 先去搞清楚中華電買來是要做什麼再來哭 三小廢文 | 一張不賣奇蹟自來 | 股票是要做功課的 | 台哥大不是更好嗎？ | 基本麵就這價位啊 有良心了 | 我的例子，以前固網市話手機寬頻都用他家，現在全 | 部跳出，你想他們除了挖別家，哪裡找新客戶，況且 | 台灣高齡化社會，用的只會更少，看看第四台崩壞的 | 速度 | 當初長榮有賺錢的，以現在來看根本是個詛咒，阮慕 | 華說的是對的 | 你想不想知道15年前中華電多少 | 100收 LOL | 沒想到，我還是買不起中華電XD | 小聲問一下當年買40元台積電的阿伯現在是不是在哭？ | 是不是要好好檢視投資策略？ | 不動牛皮股 | 台股應該會持續破底 | 股票追漲賺錢很榮 | 一切都看FED 別跟FED | 為什麼不學我 50時候買中華電 | 不動是9x好嗎 | 長線是好幾十年 短線 不要鬧了那是投機 | 基本麵就這價位 | 放心 他們會繼續凹包商 | 最大問題就是太貴 | 低於100再叫我 | 殖利率比較高阿配 | 為什麼不學阿祖 1時候買中華電 | 繼續買10年 | 除息後太早買 | 追高殺低散互 | 問就是在加倉 | 問就是加碼 | 值不值得買,每人看法不同,尊重,但說一直在衰退的, | 眼鏡要不要去重配下@@ | 中華電的股價不敗 | 表示你根本不是玩長期 | 會繼續往下！撐 | 現在除了美元放空 | 你的長期是別人眼中的短期而言 看太短了 | 怕就砍一半出場 | 還太高了 | 下禮拜準備見105？ 嘻嘻 | 想當年 | https://i.imgur.com/fe8QqKG.jpg | 我查去年稅後淨利只有2000年57%，不知道是否正確? | 你知道你也是短期的嗎 | 美金定存每個月能複利再投入 中華電每年發一次還要 | 挑戰填權息才有賺 殖利率又快輸美金定存 怎麼比 | ROE趨勢也是往下的，不是嘛？ | 2412再怎麼跌 應該算是牛皮股之王了 現況比較像是 | 全面下跌 就看賠多賠少 | 才少20 | 我好希望有生之年可以看到2001年的股災 | 我絕對all in | 幾乎都在105~110震盪 還穩定配息 | 美金定存之前才幾% | 美金升了才去買 2412漲了才追 問天喔 | 110慢慢買 越跌越買 | 配4塊多賣你130 誰要啊… | 要再等的話就從105開始分批接 | 疫情前好幾年就是都穩穩10x-11x | 很意外嗎? | 種花店不用怕啦 | 種花130解不了套 但也不用怕在110左右存股就是了 | 會剩下80 | 坐等90 | 時間放長還是能贏阿 想存也要看價位存 不然回本硬是 | 比別人多好幾年時間 | 好希望3955再來一次,到時我一定把美金換成台幣... | 買中華電能虧？ 是今年才買的？ | 不急 還會下去到100以下 | 本來就是拉高就空送分題 | 這也叫狂跌？？ | 我再多等點這種文章，就可以準備進場了 | 停損 全部賣出 | 還太高 繼續 | 停損阿 | 因為你在最貴的時候上車 | https://i.imgur.com/pY0KAnj.jpg | 本來就沒130的價值 | 多少可以買 | 放20年起跳啦 | 老實說這波動跌幅比債券還小 可以了啦 | 70我allin | 漲5000點的時候再問這個問題。 | 中華電2000和2008只有小跌45%  遠勝大盤歐 | 等大盤主跌段來了  狂殺下去後  就可以撿便宜了 | 你看到大家在喊存美金 就別存了 | 中華電信在台股萬點左右 還是10x在跑 | 如果這波台股一樣晚點 存其他的可能都要升天了 | 老實說，存大牛股還不如投資房子當包租公 | 滑輪幫會說 水庫股你敢嘴 笑死 | 我三年前買的中華電信，當初買的價格是107 | 但早知道會跌回110我130就先賣了，先不說會不會150 | ，以後維持在130～110中間波動是很有機會的 | 附上人權圖 https://i.imgur.com/ORhZdHe.jpg | 我看很多存股中華電的應該在130那波都有賣一部分， | 我因為只有存一張所以要調整也沒得調啊 | 話說如果跌破我現在的成本價我打算再多買一張中華電 | 信 | 先看90 | 年底驗證^^ | 中華110沒什麼跌啊 | 你自己要買在高點那不關我的事.jpg | 不動牛皮是怎麼到130的 那就代表他會動 | 還好啦，還沒回100 | 中華電信殖利率穩穩4%，那我何不定存美金就好 | 連續噓的小丑好吵 | 每跌3元向下存股一張 人云亦云 鐵定套在最高點 | 就算回到100 ，投報率 還比不上美金 2年期 公債 | 買中華電還想賺價差？謝謝你幫別人抬轎 | 還是牛皮股沒錯，中華電信130本來就不正常。錯就錯 | 在貪130的價位 | 買中華電信的人需要看股價嗎？ | 留倉過週末=長期？ | 110了 小買 科科 | 中華電是資金停靠股，漲勢尾聲開始漲 跌勢尾聲開始 | 跌 | 剩三家寡佔，沒便宜的網路吃到飽，5G客單價再提高， | 幾年內到150我看是問題不大 | 看大家都這麼看衰中華電我就安心了 | 長放可以考慮高鐵  現在是好買點 | 問別人買賣我的建議就是一律賣出 你不是盒古是 | 掉到50再叫我 | 不要賣就好了，會漲回來，別緊張. 買中華電要賺價差 | ，你也是天兵 | 他如果真的不動一開始就不會漲到130啊，為啥上漲不 | 質疑等跌了再說怎麼不是牛皮股 | 股票只能漲不能跌是不是 | 長期？2008年投資的到高點都要翻倍了！還是你的長期 | 很短？ | 妳放長期是放多久？3個月？ | 問就是不夠長 | 你買了110期待它回130，所以你不是存骨是想飆骨吧 | 連中華電都怕成這樣 你還是放定存就好 | 樓上說的美金定存我一樣在三年前就開始做了，就資 | 產分配你本來就不應該全部壓在一邊不是？ | 我從32塊一路做到28塊，有跌會多買，現在快漲回32了 | 樓主假如不是中華電信買太多，把錢一半挪去做美金， | 現在應該就不會哀哀叫了 | 你嘛幫幫忙，目前小意思，還會更低 | 其實我錢最多的還是拿去買房子了，股票美金真的就 | 少少錢放在那邊 | 沒想到...這樣也一篇文！！！ | 股市大跌反而應該逢低撿ETF或是超跌的股 中華電就 | 牛皮的漲很慢 對資金有限的人撿這隻效益不大 | 衝上去就超不健康的 還敢下手也真的不怕虧本 | 喊存美金的美金仔 27不存 快32才跑去存 不就跟新聞 | 的人一樣 笑屎 | 近三週外資、投信、主力接棒聯賣 能不跌？ | 存股誰叫你看即時股價的？ | 超過100都算貴 | 才跌20塊 看一下台積電跌多少 快腰斬了 | 過半年再來發一篇「沒想到...中華電還是來到90了」 | 等美金拉高 中華電殺低再來撿就好 | 老人就叫你100存 誰叫你130存 | 幾梯的...沒看過四十元的中華電信嗎 | 如果連中華電領股利模式都無法承受，建議離開股市 | 有人叫你買130的種花嗎 | 海運10元,鴻海70,中華電100,面板10,華航9 | 以上每一檔只要買對價格,長期都不虧,還大賺 | 中華誰跟你買這麼高 | 中華不是都去考他們家公司嗎 | 韭 2021漲這麼多 都不看一下價格嗎... | 來到100以下慢慢接 | 果然是好韭沉甕底 | 熱錢太多不就這樣 投報跟未來都有變數 有什麼想不到 | 繼續擺著不賣就不會賠 | 反止你們這些人應該也都有賺到很多 | 萬七存股？下去不意外 | 6個月你跟我說長時間？？？ | 只會買不會賣長期下來一定是賠錢啦.之前一堆賺只是 | 好運遇到大多頭.持續作十年還賺那才叫真本領 | 中華電就是放著領股利用的 誰跟你看價差.. | 80收 | 80  再說 | 尼可以看看台積電或是半導體垃圾公司 才是狂跌 | 中華電能虧到40萬？ | 本多終剩 | 本多終勝 | 投機客死好 追高殺低不賠你賠誰 | 看看2330，你會覺得舒服多了 | 不會買股票還是乖乖去買定存吧 | 連買個中華電信都想投機難怪住套房 | 菜b8 | 我成本大概60欸 | 看就知道大概股齡可能也不久，假如你確定有更好的標 | 的有高機率能夠賺錢，再來換，否則建議回歸初衷，當 | 初為什麼買這檔股票？再思考看看要不要賣，再重新進 | 行資產配置即可。 | 但我只知道我之前阿呆股砍股票(穩健型)都賠就是了.. | . | 放長期都會虧啊，除非算好殖利率，低點買入 | 權值股跌就是主跌段的訊號 | 中華現在跟4G剛開辦一樣，都是正在大花錢建設時， | 股價高就先被收割，等設備攤平完，輕鬆賺時股價才 | 會回來，但是要是投資無法回收就一路下去了 | 還原月K一直創高 | 下跌很正常 | 擦鞋童理論不是開玩笑的 | 韭言韭語，你做短就是高手戰場，9成以上就是你這種 | 爛散戶在輸 | 放心，會繼續殺 | 跌三五千點了 cht很抗跌了 | 我媽存中華電30年，她只說100以下才會再買 | 有完全不會動的股票嗎？ | 建議賣掉 沒有阿呆砍怎麼叫阿呆谷 | 才跌20？看看聯詠跌掉2/3，種花店閃邊好嗎？ | 笑死人 一年？ | 賠50萬還沒動 還算有錢的啊 | 為啥想買130中華電  賺價差？ 只能說自找的 | 我媽當年台泥買在200多  配股到現在1張變快6張",從130開始一路狂跌到110 https://i.imgur.com/QqHuj9q.png 中華電已經不再是曾經的不動牛皮股 在這段持股0050 、 0056 、 28元的彩晶 、 2412 、 中鋼 發現我投入的成本 已經是虧損的狀態 想當年的航海王 大家瘋狂投入股票開戶 還開心的跟同事分享賺錢資訊 到如今全面捧殺 真的被上了寶貴的一課 彷彿闖入了森林中的小綿羊 走不出去 我自己是至少虧了50萬 前幾天也聽到同事虧了40萬 說難過到不行 她只買中華電 股票是不是只能玩短期進出 放進去一下下就好 放著長時間的 最後都會失敗收場 至少我身邊的好像只剩玩短期的是有賺的 不知大家怎看 ? 還有推薦放長期的股票嗎 ? 另外小聲問一下110的中華電是可以進場的嗎?? 已經失去信心 巴比Q 狀態 https://i.imgur.com/FgFR4ze.jpg https://i.imgur.com/ELcG7Tw.png https://i.imgur.com/NbFtOvg.jpg https://i.imgur.com/WKPDg8O.jpg https://i.imgur.com/Uszx0lB.jpg https://i.imgur.com/A9IDg1m.jpg https://i.imgur.com/tSReQPP.jpg https://i.imgur.com/WCUDpWl.jpg
Re: [請益] 沒想到...中華電還是來到110了,2022-10-08,34.0,"沒事兒  1x年前也很多人把中鋼當存股 | 我還在存中鋼阿.... 真的存了10年了 | 放著配都舒服 | 你知道自己在說什麼嗎？ | 請正名台灣國債 | 沒有無腦爽領息價差不跌的股票 | 光不會倒，加上每年4-5元就值得了吧！有人叫你歐印 | 嗎？ | 放長期的確賺啊，當資產配置有何不可 | 買2498當存骨 | 哪隻金融屌打? 以現在的價位 | 保本的存這隻沒錯，不是人人都是少年股神 | 金融股不要踩雷就不錯了 | 公司有一堆土地，也是能算資產股 | 跟金融穩吧 華南搞一次那年就少配 | 90-100買不錯啊 | 之前買的人不太會賣,股價波動小,但電信股PE都過高 | 資產配置而已，有錢人穩穩賺比較重要 | 再低一點就稍微可以買了 利率也不可能這樣高下去 | 瘋狂升息的時候反而是買一些定存股的時機 | 科技公司能不能稱10年都不知道，中華電可以捏 | 中華電是台股的最高信仰，比台積電還神 | 真的殖利率才多少 一直追爽的嗎 哈哈存股仔開始被電 | 了 | 如果之前100元以下的gg，你會這樣講嗎，中華電信是 | 幾十年都這樣，股價也穩定，不用20年可能就翻倍， | 需求不同，不能這樣比較吧 | 回1樓，如果過去10年存中鋼，現在獲利加股息應該還 | 4-5成左右吧 | 我就問9x的中華電，你不買嗎？ | 如果可以再便宜一點 就好了 | 中華電信本來就是在110以下定存,誰叫你買130以上? | 又一個韭 | 2412是另類的台灣債券 別把他跟其他股票比好嗎",我只想問說到底是誰一直鼓吹買2412當存股的 每年賺那4~5塊，本益比長年20倍起跳比GG還誇張 GG怎麼著也是成長股，本益比還不敢到20倍 說要殖利率也沒很高，一堆金融股屌打，風險也沒比較高 怎麼看都不能買2412吧? 騙騙一些不懂股票的老人還行 都來股版了你還買2412? 你是真的要放20年是不是 那你還是不要浪費時間在股票上面了 存股標的簡單判斷 殖利率小於5%，本益比大於15的不要買就對了 因為會有一大堆股票更值得你去存股 
Re: [請益] 沒想到...中華電還是來到110了,2022-10-08,43.0,"中華電信的問題根本在將來銀行，二篇看完，完全沒人 | 提，純網銀根本沒人賺錢，都是賠錢下場~還真得因為 | 是國際情勢 | 將來銀行還會繼續虧損下去～2412賠定，跟line bank | 一樣 | 講的好像將來會把中華拖垮一樣...兆豐險賠一堆有怎 | 樣嗎？ | 將來對中華小菜一碟 | 有啊，兆豐不就從45崩下來了，趕緊複習109頁 | 電信股之前合理價都在40~60，這波大印鈔炒上去的 | 將來影響不大吧 | 等80撿 | 大的話國票不更慘 | 40～60XD | 台灣人被QE慣壞了 | 兆豐都三五法則了 算沒怎麼樣嗎 | 兆豐30買都算盤了，45本來就是炒上去的，不下來才怪 | 充值109頁，信仰~ | 將來銀行根本連問題的邊都沾不上，半瓶水？ | 應該改成酬庸銀行 | 40～60….. | 減資 | 我只知道將來利率不錯 | 吸毒仔的痛苦 藥癮只會越來越大 | 兆豐合理價就26 30阿 | QE吸毒仔吸到腦袋壞掉了，以為股市只會漲 | https://i.imgur.com/6uRS6YI.jpg | 確實高利率時期40～60啊 | 2010年以前 | 188% 男人說年底會到兩萬的...... | 40-60那沒減資不能比，基本常識 | 萬八的時候你有覺得不正常嗎？ | 十年線在11000，已知利空一堆，未知黑天鵝沒，你覺 | 得會跌到哪? | 為什麼我的合理價都只有你們的三分之一..... | 先不要講過去如何，就問現在全球經濟灰犀牛衝擊台灣 | 以後，台灣股市還有多少把握可以維持""以前的狀態""？ | 這次美國升息就是要直接對決自己召喚的灰犀牛 | 但是全世界又不是只有美國有灰犀牛！太多地區國家都 | 召喚出各自的灰犀牛了，我們不要談黑天鵝那種神蹟 | 光是處理灰犀牛問題，全世界投資市場該縮水多少倍？ | 過去幾十年灌食灌成現在這種鵝肝樣，突然開始減肥了 | ，就受不了了？這也太沒用了.....",台股過去很長的時間 破萬點就普天同慶了 疫情這幾年 最高噴到萬八 本來就不正常阿 不然你以為 疫情 戰爭 反而台股會一直漲到三萬點嘛??? 搞不清楚台灣是淺碟型市場嘛?? 中華電 本來就一直都是100左右的股價阿.. 130現在跌到110 不是很正常嗎??? 等到中華電 跌到80以下 好幾年 再來發這篇文 比較適合吧 
Re: [請益] 沒想到...中華電還是來到110了,2022-10-08,18.0,"中華比較穩 | 國債跟ETF不一樣 | 美債都跌多少了，你中華電不該跌嗎？ | 美債都深不見底了歐。 | 中華電每年跌到110以下買，隔年除息前賣掉，懂的就 | 懂 | 酸民: 0056 股利 左手配右手 | 股癌:股息就是左手換右手~ | 2412就老人買的，他們根本不知道0056 | 你知道0056今年從最高點跌了快25%嗎 嘻嘻 | 0056 希望再跌多一點  想ALL IN | 跌25% 那不是入手的時候嗎 | 打七五折了繼續買啊 | 明年殖利率破兩位數再來笑你這篇^^ | 股災時0056跌的比大盤兇，中華電只會跌一些 | 0056,32-----26 | 是資產穩定度的問題好嗎 | 看到這篇文章 我就覺得股市還有希望XD",: 我只想問說到底是誰一直鼓吹買2412當存股的 : 每年賺那4~5塊，本益比長年20倍起跳比GG還誇張 : GG怎麼著也是成長股，本益比還不敢到20倍 : 說要殖利率也沒很高，一堆金融股屌打，風險也沒比較高 : 怎麼看都不能買2412吧? : 騙騙一些不懂股票的老人還行 : 都來股版了你還買2412? : 你是真的要放20年是不是 : 那你還是不要浪費時間在股票上面了 : 存股標的簡單判斷 : 殖利率小於5%，本益比大於15的不要買就對了 : 因為會有一大堆股票更值得你去存股 說實在話啦~ 如果是要放長期領股利的話 買2412 不如買0056 2412 就穩穩的4~5%報酬率 0056 穩穩的 6~8%報酬率 這種領股利的都一樣 漲漲跌跌就是在固定的區間內... 既然都要放長期領股利了 為什麼不領 6~8% ?? 
Re: [請益] 沒想到...中華電還是來到110了,2022-10-08,12.0,沒錯，種花要小心利率波動。等升息完崩爛再買不遲 | 今年電信股沒有波動小喔  漲了2.30% | 要不要對比疫情2412跟現在跌幅~ | 房市也類似 楊世光早有解析過 | 避險港口？2008年的時候中華電信跌40% | 第一段搞笑，所有生活必須品股票都沒有大波動？ | 2412就台灣國債... | 獨佔穩定長期收益 不要溢價買不會賠本 有低息收益 | 景氣差也不太會砍到 熱錢多時賺買賣利得 | 買股有5%收益算很好了 一堆2%都一堆人買爆 | 只要不要市場被瓜分 怎麼賠 | 我現在只想買美債,電信股波動小安全沒錯，一般系統性風險市場大跌時還會 變避險港口。原因很簡單，經濟再好再爛你都是要用手機 要連網啊 但你忘了一件事，他牛皮對一般風險沒反應，但他對利率 變動反應很大啊。這種股你可以把它當作類似債券來看， 你求的就是固定收益，但這個收益率是要搭配市場的利率 來比較的 就像買美國公債的人可能也是覺得沒風險，但看看預期利 率不斷調高下美國政府長債跌幅多大。這就像台灣保險業 在零利率的時代買了一堆美債，現在升息中帳面當然會看 到損失 至於怎麼看...最主要就是看你對未來利率怎麼預期囉。反 而市場擔心的經濟衰退你不用去緊張，因為其他股跌這個 的時候中華電不太會動 : 從130開始一路狂跌到110 : https://i.imgur.com/QqHuj9q.png : 中華電已經不再是曾經的不動牛皮股 : 在這段持股0050 、 0056 、 28元的彩晶 、 2412 、 中鋼 : 發現我投入的成本 已經是虧損的狀態 : 想當年的航海王 大家瘋狂投入股票開戶 : 還開心的跟同事分享賺錢資訊 : 到如今全面捧殺 真的被上了寶貴的一課 : 彷彿闖入了森林中的小綿羊 走不出去 : 我自己是至少虧了50萬 前幾天也聽到同事虧了40萬 說難過到不行 她只買中華電 : 股票是不是只能玩短期進出 放進去一下下就好 : 放著長時間的 最後都會失敗收場 : 至少我身邊的好像只剩玩短期的是有賺的 : 不知大家怎看 ? 還有推薦放長期的股票嗎 ? : 另外小聲問一下110的中華電是可以進場的嗎?? 已經失去信心 巴比Q 狀態
Re: [請益] 沒想到...中華電還是來到110了,2022-10-09,32.0,"熊市會在所有人賠光的時候結束，熊1初跌段殺多蛙， | 熊2主跌段殺存股蛙，熊3崩跌殺十年線槓桿抄底蛙， | 熊市結束時爆V最終殺光空蛙，活到最後的是空手的人 | 存股哪會死 | 林北台積電從2008年70塊買進 經歷腰斬 放到今天 | 死了嗎？ | 不過股板都只想賺快錢　講了也沒用 | 挖 70放到現在好強 | ? 每年領股利 熊市結束我錢還是會比空手的多喔 | 現在股版人人都有倫飛.... | 18124的台積電不是200多賣了嗎？ | 你覺得老張高點一張都沒賣會輸你空手? | 自O要有節制 不節制很傷身體的 不過壞掉的2412 我 | 100收啦 | 存股就沒有要做價差不是嗎？ 家裡台積電買在2003年 | 根本不在意～ | 沒錯喔 現在跌只是回到QE前 就看這段雞血撈多少 | 這邊人不懂甚麼叫現金流，只有價差兩個字 | 之前還一堆在那邊存股的(大狹信徒) 套得活該 | (還有開挖金)害人不淺 | 一堆人以為自己的現金流可以拿來更多利用賺更多 結 | 果證明只是賠光光而已 老實放著還比較好 | 這波上漲,老巴都說了,你們在玩火,主跌段都還沒來... | 就股價明顯貴了麻 一堆要買貴當什麼達人信徒被割也 | 是正常 | 在低點存的當然不怕 存在688的已經死透了 | 股板壞人真的多 整天喊無腦買 結果自己成本超低 | 我身邊還有人，疫情開始房子去貸款買了15張的2330， | 600多沒賣，跌回500再拿原本的2330去跟銀行借錢，買 | 500多的台積電，問他幹嘛這麼做？他說他覺得台積電 | 有機會上1000，不知道現在他是不是還是相信會上1000 | ……",: : : : : : : 從130開始一路狂跌到110 : : https://i.imgur.com/QqHuj9q.png : : : : 中華電已經不再是曾經的不動牛皮股 : : 在這段持股0050 、 0056 、 28元的彩晶 、 2412 、 中鋼 : : : 發現我投入的成本 已經是虧損的狀態 : : 想當年的航海王 大家瘋狂投入股票開戶 : : 還開心的跟同事分享賺錢資訊 : : : 到如今全面捧殺 真的被上了寶貴的一課 : : 彷彿闖入了森林中的小綿羊 走不出去 : : : 我自己是至少虧了50萬 前幾天也聽到同事虧了40萬 說難過到不行 她只買中華電 : : : : : 股票是不是只能玩短期進出 放進去一下下就好 : : : 放著長時間的 最後都會失敗收場 : : 至少我身邊的好像只剩玩短期的是有賺的 : : 不知大家怎看 ? 還有推薦放長期的股票嗎 ? : : : 另外小聲問一下110的中華電是可以進場的嗎?? 已經失去信心 巴比Q 狀態 : 股票不是不能放長期 重點在於你什麼時後進場 這幾年股市因為QE打雞血漲翻天 當QE結束 怎麼上去就怎麼下來 如果你在萬八高點開始存股 當然存什麼賠什麼 大概4醬 Φ どうする? Φ 桐乃の中に出す 黑貓の中に出す 親父のケツの中でションベンする 綾瀨の中に出す 真奈実の中に出す
Re: [請益] 沒想到...中華電還是來到110了,2022-10-09,26.0,你是因為跌完了才知道空頭趨勢啊…抱著的人哪知道 | 連跌幾天算空頭趨勢 幹話王喔 | 不過推停損觀念 | 看股板這麼熱鬧生龍活虎  就知道主跌段還沒到啊 | 該損就損 | == | 存股教戰守則是不停損的啦 抱到回本 | https://i.imgur.com/v0gkm4H.jpg | 中華電買這麼高也蠻奇怪的，長線存股不是108買115 | 以上賣嗎？看起來像做短線被套牢停損 | 推 | 存股族幹嘛停損== | 存股不是股價越低，反而更該買 | 現在就底了 趕快補 | 真正存股是下來的時候攤平加碼吧 | 這個跟猜底部有什麼不一樣 | 很好啊 才賠5% | 這悶少有啥好po的? | 偷偷的告訴你.我以前都停損在末跌斷... | 存股的不該買這個價 作價差的不該賣這個價 | 才5啪損益而已，還好 | 笑死 這樣看我就知道你就是追高殺低的韭菜阿 | 便宜不買 漲了才想跟 | 你國泰買65？ | 停損的不錯 | 買中華電信來練停損的退出股市比較好,中華電 https://i.imgur.com/8khr67P.jpg 國泰金 https://i.imgur.com/VJ4cYRY.jpg 我自己的單， 空頭趨勢時不要抱著下跌的股票， 如果賠一點錢就會心煩意亂， 該停損就停損， 牛皮股又如何，金融又如何， 該下去時就是下去，下去的慢還是下去。 現在趕是緊空手吧。 Sent from BePTT
Re: [請益] 沒想到...中華電還是來到110了,2022-10-09,56.0,"要感謝這些不估值的人幫忙抬轎啊，嘻嘻 | 幫補血 等一下信徒會跑來說沒在管價差 就是等配息 | 你的論點很多人講過了== | 低資費的人其實感覺起來也沒非常多 | 110買125出，當時衝到130還以為自己賣錯了 | 護盤拉的 | 元宇宙需要網路，2412有fu糗 | 未來的最後一棒極可能會改為中華電... | 因為8月有人說下半年要抱中華，就被騙到了~ | 買中華電是要抱很長線才會買，做短的找別支吧 | 配個5年10年息的會在意這些差價？ | 照你這篇的理論台積才80-200耶 | 高點時怎麼不發這篇勸世？ | 台積wow 年年成長 中華？ 不要年年衰退就不錯了 | Eps | 108進，漲到116就出了！ | 補充 中華所有盈餘通通配給股東了 意思就是不會再成 | 長了 股價當然也就那樣子 | 股市就是有人賺錢有人賠錢，沒這些人賠我怎麼賺的到 | 錢 | 台灣大488吃到飽 | 買股票要做功課很多啊 要不然根本和矇著眼瞎猜一樣 | 110買，125出 +1 也以為太快賣掉 | 就跟國泰金40塊以上 講很多次了 | 中華電信是外資暫存資金的標的，以免被喝咖啡 | 我110進121出，中間吃了兩次股利。 | 這系列完美詮釋 牆倒眾人推 | 還是要會看技術面，線都跌破了還不跑 | 啊如果你是要領股息的，怎麼會去追高 | 怎麼不130出來講 | 推，存這個不如存etf | 笑死的回文,每年發3~4元?? 你知道中華電信已經8年 | 沒發過4元以下的股利了嗎？ | 最近好多事後文 | 如果連股票股利都算進去,已經13年沒發過4元以下, | 您真的有在長期觀察中華電信? 還是來湊熱鬧的 @@ | 你的長期是多長期… 我買的那個時代時候長期是100 | 以下 100是高點 ：） | 這隻沒打算放十年以上別買吧 照你說法我破百就該賣 | 了 | 可以雙贏啦 | 130的時候怎麼不講？ | 事後諸葛 | 90再說 | 130就是QE泡沫造成的啊 | 130的時候是要講啥 需要人出來講的 是聽得進去喔? | https://i.imgur.com/fe8QqKG.jpg  殘酷的事實 | 中華電信獲利大不如十年前 這兩年才回穩一些 | 這檔意思 牛了幾年回頭看竟然到130 也是吃到QE甜頭 | 現在補跌罷了 | 房子瘋狂蓋，鋼鐵可看性不是很好，怎麼之前會跌， | 大家都缺晶片GG怎麼沒噴到1000以上 | 130怎麼沒人講  是你聽不進去而已 | 一直都有人講 只是當初都被噓爆 大盤航運台積都有 | 5G對 電信業 花太多錢了 無法回本吧 | 連中華發多少都不知道 媽的廢文",如果長期觀察中華電信的股價波動 中華電信每年到了110左右就是 相對高點阿 以往每年中華電信就是大概 每年發34元 股價在105~115上上下下 中華電信漲到130元本來就是一個不合理的結果阿 難道中華電信有什麼成長性 可以支撐他應該有130元的價格 說真的反過來講當網路吃到飽的價格從當初大家用1399 降到 連188都有吃到飽的時候 中華電信早該大跌一陣子吧= = 5G開台後 資費這麼貴 大家沒啥理由轉換5G的理由 是什麼讓你有信心覺得 中華電信 可以有超過過去價格的能力 真的很多聰明的中華電信存股的股東 早在中華電信股價創新高的時候就先出場了 因為當你股價變高 殖利率就變差啦= = 怎麼會有人在股價130 買中華電信當存股 真的很詭異吧 用中華的人大部分大概就是499吃到飽之類的 我身邊還沒聽過誰用上千5G吃到飽 我自己大概也是用3xx吃到飽 但我不是用中華的就是了 這幾年都遠傳 台哥 np來回 因為我平常根本就不會想買中華電信這種股票阿 XDDDD
Re: [請益] 沒想到...中華電還是來到110了,2022-10-09,49.0,"推，我一直覺得配息不能拿來扣成本，因為那本來就 | 是你付出時間與金錢之後應得的 | 你這言論跟長榮水手粉一直說自己持有三年後成本歸 | 零所以現在買遲早賺回來很像 | 所以很多水手說要領息領到零成本，殊不知浪費了多 | 少時間，更何況還要加上通膨吃掉的價值。 | 本來就是這樣啊 存股存股為低不破 說幾次了 | 存股的價位才是真正的勝負關鍵 其他都不重要 | 定期定額 只是方法論 | 買了，放著，忘記就對了，每年就是有高於定存的利 | 息入帳 | 存股 存大盤 甚至是存槓桿 正二 都道理一樣 | 電信、航運股不同啊，航運又不是每年穩定獲利、配 | 息。 | 高點存 就是績效爛 賠滿手血 逆勢而為注定賠錢 | 股價扣成本只是一種心理帳戶的用法，開心就好，但千 | 萬不要當真 | 重點是買低，成本夠低，不用怕 | 以操作的角度來看 浪費了很多賺錢的機會 但以投資 | 的角度看 這就是穩健的資產配置 | 還要考慮通膨 | 這才是長投的心態 選好股就不管了 | 定期定額就是避免像今年這樣全ALL IN在山頂 | 沒有零成本這種東西 | 長投的核心是複利，股利必須要繼續投入，如果花掉 | 那不叫長投。扣掉股利說成本多低是誤區，只是空頭 | 中的自我安慰 | 說存股耗費時間價值根本邏輯誤區 | 多數人那筆錢拿去買自以為成長股結果被割 | 台股幾十年出了幾檔歷久不墜的成長股說來笑一下啊 | 文人相輕真的沒必要 | 美國科技成長股  才是投資王道啊！！！！ | 扣股息算是還投在那檔的資金 | 我中華電信長投的股息現在也是拿來買指數之類的 | 2412均價買在9X,又放著沒賣,很強了吧. 一堆人在酸啥 | 奇怪,人家就長期投資,就算沒扣配息也賺,有人在酸啥 | 在哭說買成長股被割不也文人相輕？難道買成長股的沒 | 人賺爆？ | 存股沒人在存航運的拉 | 感謝分享 | 領股息結果賠價差 | 結論低點存股 萬八存照樣賠 | 5樓浪費時間推文 | 笑死 這投報再扣掉通膨是準備70歲退休? | 感謝分享 | 不說現在110還高於我的成本 就算跌到7~80我也不會賣 | 交通部持股35%好好領股息不好嗎？ | 回Abare  大叔我已經半退休囉 會酸對你有任何幫助？ | 中華電 閒錢放長期領股息很穩健，爽的很！推原po～",說到中華電，來說說個人的投資歷程吧 那時剛畢業開始出來工作，大概12年前，也是聽到很媒體在說存中華電、統一超之類的 想說那時剛開始接觸股票，也不敢買大起大落的電子股，對金融股也沒什麼研究 那就先買買老人定存股，就像把錢存在銀行，每年領股息，也比較穩定 除非台灣人都不打電話用網路了，否則中華電確實是穩穩賺，賺多賺少而已 在工作一年多後，就買了3張中華電，後來在2~3年內陸續累積了8張，均價還不到91塊 原先設定的目標是買100張中華電，後來確實發現更多報酬率比中華電好的標的 然後8張中華電就一直放到現在還沒賣，也沒再繼續買，畢竟100以上的中華電殖利率不高 如原po說的中華電歷經從110到130再回到110，對我來說是完全無感的 因為這是股票很正常的波動，當然美國QE也導致了中華電不正常的上漲 不過這些年的觀察，每年底都是中華電、台灣大比較便宜的時候，適合買進 直到明年七八月除息前會是最高點，因為融券要回補，會把股價一直往上推 到時就看要賺價差還是股息了 目前我這8張中華電的存股總成本是72.7萬，經歷了十年已領回35.4萬的股息 如果成本扣掉股息的話，我目前這8張的均價應該只有46塊，中華電要再跌到46塊嗎？ 現在也不缺錢，我就繼續一直放著領股息就好了 所謂的存股，沒有放個5年10年以上是看不出什麼效果的 其它金融股我也存了不少，也放了很久(5年以上)，帳面目前都還是正的 反而是這一兩年買進的標的，目前帳面都是負的 另外有人常說配息就是左手換右手，這也是典型的沒有經歷長期投資的人會說的 所以看你想要的是什麼，想要短進短出賺個奶茶錢就滿足了，那你就去做 或是想要以後生活越來越好，不需膽戰心驚的害怕股價波動，每年領幾十萬上百萬股息 那就尋找股價規律，在低點買進，現在大盤越恐慌我是越買進 按大俠說的，資金控管好你就是本多終勝 會長期投資領股息的人都是知道先別急著吃棉花糖的道理 : 如果長期觀察中華電信的股價波動 : 中華電信每年到了110左右就是 相對高點阿 : 以往每年中華電信就是大概 每年發34元 股價在105~115上上下下 : 中華電信漲到130元本來就是一個不合理的結果阿 : 難道中華電信有什麼成長性 可以支撐他應該有130元的價格 : 說真的反過來講當網路吃到飽的價格從當初大家用1399 降到 連188都有吃到飽的時候 : 中華電信早該大跌一陣子吧= = : 5G開台後 資費這麼貴 大家沒啥理由轉換5G的理由 : 是什麼讓你有信心覺得 中華電信 可以有超過過去價格的能力 : 真的很多聰明的中華電信存股的股東 早在中華電信股價創新高的時候就先出場了 : 因為當你股價變高 殖利率就變差啦= = 怎麼會有人在股價130 買中華電信當存股 : 真的很詭異吧
Re: [請益] 沒想到...中華電還是來到110了,2022-10-09,29.0,"沒有什麼保護傘啦嘻嘻 | ""用了5G就回不去""，他真的有用過嗎？確定不是用了 | 感覺還不如回去用4G就夠了？XD | 用過5G我就回4G了 | 真的有人以為5G會風行？ | 5g沒啥用 應該說用了光世代就回不去了 除非想省錢 | 固網除了2412 其他根本科科 | 那個人是不是都沒在關注5G的實測報告 | OP康XD | 重點是他最近看了哪些股票！ | 中鋼嗎？ 請說清楚！ 謝謝 | 我只能說他老兄最近一直關注某兩檔，但還沒買的樣子 | ... | 也太好被洗腦了 | 接下來他會洗腦你他是存骨族,定期定額正2就問怎麽輸 | 我才不會被他洗腦 | 很愛跟大夥吹噓以前期貨怎樣賺一間房的，我們這群同 | 事聽到都會背了 | 大根韭菜 | 我身邊根本沒人用5g 那麼快要幹嘛 兩倍速看片子嗎 | 把中華改成台積，5g改成3nm，股價130改成670 | 只能說5G還需要時間搞拉  現在還太早 | 你不先講他最近買啥po這篇幹嘛 | 等你講了再推回來 | QQ 看起來很像我這種死酒菜 | 沒看過台股一天成交 500e就當經驗吧 | 以前一天 900e 叫爆大量，哪像現在=.= | 5G收訊差 又耗電 不如4G就好 | 5G就像超賽三 耗能量不持久 只能短時間",不好意思，我借串發文 說到這個我就有感而發了 當初年初吧，大約是農曆年前 我對面座位的同事就要跟我報2412多好多好 什麼5G新趨勢，資費高更高 用了就愛上，5G新天下之類的洗腦言語 結果呢？ 我看苗頭不對，我在七月初附近給與友情提示，這盤要注意，之前2412好幾年月K都在110上 他老兄說，你懂個屁，新世代的年輕人用了5G後就回不去了，再貴的資費也敢花啦 今年下半年度大約兩個月前又開始說 你看，2412就是散戶的保護傘 大盤殺盤，大戶都買2412避險 然後最近症狀又開始出現又吹說買台騎騎 被套，殺出場 再買台呢又被套，又砍在最低點，口中念念有詞，一直說怎麼可能，怎麼可能... 已經很低，怎還會更低（真想把滑鼠丟過去叫他別吵） 現在天天都在那裡講萬三存股至少比萬八好 我看他手機最近又在看某股了，替某傳產股投資者感到擔心 這種連環套，又很愛說自己價值投資的同事 到底該怎樣打臉他比較好？ 希望他別看股版，不然感覺容易發現在講他 : 如果長期觀察中華電信的股價波動 : 中華電信每年到了110左右就是 相對高點阿 : 以往每年中華電信就是大概 每年發34元 股價在105~115上上下下 : 中華電信漲到130元本來就是一個不合理的結果阿 : 難道中華電信有什麼成長性 可以支撐他應該有130元的價格 : 說真的反過來講當網路吃到飽的價格從當初大家用1399 降到 連188都有吃到飽的時候 : 中華電信早該大跌一陣子吧= = : 5G開台後 資費這麼貴 大家沒啥理由轉換5G的理由 : 是什麼讓你有信心覺得 中華電信 可以有超過過去價格的能力 : 真的很多聰明的中華電信存股的股東 早在中華電信股價創新高的時候就先出場了 : 因為當你股價變高 殖利率就變差啦= = 怎麼會有人在股價130 買中華電信當存股 : 真的很詭異吧
Re: [標的] 沒想到...中華電還是來到110了,2022-10-09,66.0,"這邊沒有20年週期...平均20天才佔大多數.... | 這邊兩天就受不了了，你跟我說二十年XD | 不是兩小時就受不了了嗎？ | 假日沒開盤都急成這樣了 你跟我說20年 | 股板一天人間一年啊 | 這邊20小時就差不多了 | 這邊兩天沒漲就受不了了 | https://i.imgur.com/sapcSPZ.jpg | 太勵志了 | 長期來看 利率沒辦法維持那麼高 短期吸引力比長年 | 低利時代的產物好是很正常 所以資金會出現流動 | 2小時沒漲就要停損了還20年 | 還沒畢業，再等等 | 韭菜成長期很短 不要這樣好嗎 | 兩秒沒交易 就渾身不自在了 | https://i.imgur.com/O9yNA84.jpg | 下單完兩分鐘就想停損了 | 這邊20天就嫌多 結果一堆去放美金定存?? | 等幾個月後股票漲起來就立刻解約了啦 | https://i.imgur.com/fkDbdLY.jpg | 這邊看5檔價格就受不了了 | 這邊開盤買 尾盤賣 算是長期投資了 | 人生有幾個二十年 太長了 | 這邊開盤買收盤沒漲就不行了 | 光通膨你就輸了 | 剛下單完 結果往下跳一檔我就想溜了 | 這裡是20分鐘一個單位 | 這邊一堆嘴長期持有，然後才2分鐘就想當沖賣出了。 | 20年喔....誰知道20年會出什麼事 | 搞不好都活不到耶 | 100年比較好 廢渣們 | 隔代沖XD | 這邊持有20分鐘就叫長期投資謝謝 | 種花店也可以吊出那麼多回文，下去吧我要撿XDD | 沒經歷大蕭條 當然好安心^ ^   銀行關門時就笑不出 | 奶了 | 不是兩小時就受不了了嗎？ | 這裡下午一點過後股價沒漲就開始認賠自殺潮了 | 這邊應該只有day+2就受不了 | 存股沒問題，但是你要等那些達人，還有教你放長沒 | 問題的人都收攤的時候 | 這裡20秒一個週期 | 抱超過1星期 = 長期投資 | 買股1分鐘後跌0.1塊=長期投資大爆崩 丸子是芥茉日 | 下單2秒就後悔的一堆，連成交都還沒，你跟他談週期 | ？ | 這邊發誓說要存股的,沒幾天就跑去追倫飛了.... | 這個時候鼓吹存股的 應該是好人，之前萬八說要價值 | 投資真的很差 | 柯達存股20年 | 美國電信公司也改組重組好幾次了 | 成功經驗可以複製嗎 | 可以喔  只要你夠耐心  20年必勝 | 這邊超過1分k還沒賣的就長期投資了 | 20小時就極限了這邊 | 這邊一週已經是長期投資了吧 | 講20年是滿好笑的QQ | 從130到110，又要多存5年，變成25年囉 | 120以上我就賣了，120以下分批買回，再彈回120再賣 | 2412如果不行了，全呆丸沒幾間公司撐得住的 | 骨幹網路就是對塞魯時的悟飯型態的超級賽亞人，無線 | 網路則是特南克斯型態的超級賽亞人，後者越變身肌肉 | 越強但速度越慢，5g在建築物與地下室密集的都市叢林 | 根本沒啥屁用，穿透力吃屎，只有中華不惜血本建骨幹 | 這樣手機平板只要吃的到wifi都能在室內穩定跑出高速 | 可不可以放進去一下下就好",: 從130開始一路狂跌到110 : https://i.imgur.com/QqHuj9q.png : 中華電已經不再是曾經的不動牛皮股 : 在這段持股0050 、 0056 、 28元的彩晶 、 2412 、 中鋼 : 發現我投入的成本 已經是虧損的狀態 : 想當年的航海王 大家瘋狂投入股票開戶 : 還開心的跟同事分享賺錢資訊 : 到如今全面捧殺 真的被上了寶貴的一課 : 彷彿闖入了森林中的小綿羊 走不出去 : 我自己是至少虧了50萬 前幾天也聽到同事虧了40萬 說難過到不行 她只買中華電 : 股票是不是只能玩短期進出 放進去一下下就好 : 放著長時間的 最後都會失敗收場 : 至少我身邊的好像只剩玩短期的是有賺的 : 不知大家怎看 ? 還有推薦放長期的股票嗎 ? : 另外小聲問一下110的中華電是可以進場的嗎?? 已經失去信心 巴比Q 狀態 太急躁了 正確的投資觀念，都是要有耐心，以20年為一個週期進行投資 就拿中華電來說，20年投資，根本穩賺不賠 完全不用擔心 一時的股價下跌，你就覺得賠錢了? 你小時候從國小開始都拿第一名嗎?一直拿到博士畢業都第一名，最後還拿到諾貝爾獎嗎? 如果沒有，那當你沒拿第一名的時候，為何沒有對生命失去信心呢? 懂嗎?這就是人生，起起伏伏，但是你放長遠來看，20年的中華電，不管哪時候入手 根本穩賺不賠 
Re: [標的] 沒想到...中華電還是來到110了,2022-10-09,181.0,"房價要是崩崩也是一次二三十趴  而且沒流動性  爽喔 | 好喔 現在趕快追房 | 為了不要未來再後悔 現在感緊上車買幾間投資房吧 | 以免以後又再喊後悔 | 又一個沒看過房價下跌的股民... | https://i.imgur.com/31Bsdf4.jpg | 台灣房價不會跌 央行總裁都說了 升息是漲房價的 | 真的，台灣只有房地產能投資 | 台灣不管是核電廠爆炸還是海嘯淹沒房價都只會漲 | 台灣房價以前下跌過.結果把央行嚇壞了.所以現在央行 | SARS崩跌那次 經歷過 台灣剩戰爭房子會大跌 其他都 | 只算回檔 現在又要開始回檔了 | 不敢升息.怕房價又下跌造成金融危機... | XD | 沒錯，人生難買早知道! | 1年4% 10年40% 怎麼算的 | 買房不嫌晚 趕快歐印買房 | 感謝信心加持 明天持股全掛跌停賣出炒房 | 整個國家都只準房價漲，除非世界末日撒旦降臨 | 搞不好中國打到總統府都還在量縮價噴炒房 | 股匯兩頭忙 在搞房市 台灣會受不了的 | 房市多軍:阿共打來還不噴爆,看看阿共移民多少人去 | 香港,屆時統一後,搞個1千萬人移民台灣,房市井噴 | 馬後炮 | 讓房市可以搞成這樣，真的是政府的問題啦，一般人你 | 多會賺也玩不贏那些在資本主義市場已經在極右的那群 | 人，郭台銘每年拿股利幾十億跟你玩，樂勝 | 台灣真的被動收入幾百萬上千萬的人已經很多了 | 炒房在這裡是禁忌話題 | 半導體蕭條 政府下一步就是房地產救經濟 懂的就懂 | 沒錯！股票就是拉高就空 要做多請大力槓桿買房 | 報酬率高到天天睡得香香 | 有817真的炒安心 | 房還是要買對地方….你這個假設不太合理 | 廢文欸 | 神經喔？房市都要泡沫化了，這時候買房？ | 十年前喔就是聽人家說房子會跌，結果600多萬的沒買 | ，現在800多，還被房仲笑我股票是能賺多少 | 買海運啊買什麼房子 | 台灣房價有自己的玩法 | 房價很難大跌，頂多盤整或小跌，但股票就不一定了 | 同事的哥哥前兩年買竹北不到7~800萬，現在早破千了 | 房子賠錢賣的也是有 買到高點要 脫手也要等5~10年 | 買賣成本也要算進去 | https://i.imgur.com/9EH3zUJ.jpg | 你的看法跟央行總裁不一樣哦 | 央行其實一直在祭出管制措施，就是怕炒高之後的崩跌 | 這個世界上沒有「只漲不跌」的金融商品，都是有漲 | 有跌的 | 房市已經泡沫化了，好嗎？破掉你就當空中飛人 | 房市早破晚破而已 | 如果一次拿不出200萬呢 | 我朋友買青埔6000萬房子 現在直接破億退休吧 | 台灣都保房市 還在吹大中 | 破不到哪去啦 穩固的共犯結構 房價絕對不會跌得誇張 | 600趴也不會是你啦 乖乖工作吧你 | 看這文就可以感受投資客在... | 這裡有人拿槍逼你買股票？ | 我也是看房市空，不要說再漲上去，就是現在這種價格 | 一堆自住的也買不起，接下來供給會加速變多 | 台北還說要加速危老都更勒，看看會發生什麼事吧 | 那你多買幾間出來貸再買就好啦 | 都台海危機了快賣房移民最好半價賣 | 台灣被海嘯淹到玉山山峰，房仲都跟你說物以稀為貴， | 房價準備飆漲 | 房市至少要回檔兩年 | 危老都更 你先去看要談多久吧 慢慢等 | 說到房市就是有價無量，等到利息高到養不起就開始崩 | 利息甚麼時候高到養不起?租金或股市獲利低的時候 | 買房是槓桿，買股槓桿也可以賺很多呀，根本亂比 | 某板一堆話術在找最後的老鼠 | 買房穩賺不賠，建議全台公司都關一關，所有資金全 | 力炒房 | 說真的，很多人比起在等，已經躺平了啦，至少我在台 | 北看是這樣，上來嘴兩下而已，叫你揹台北三十年房貸 | 喔，你先轉頭看一下父母能不能support 先 | 早知道就梭哈啦 | 陳幸妤台中豪宅就賠錢賣掉 | 江宏傑的高雄豪宅賣掉，賠800萬 | 誰說買房穩賺的 | 馬後炮... | 房市泡沫這句話我聽了起碼10年結果一直漲 | 照你這麼說都不晚啊現在買啊 | 最好是這樣啦 你當年選房也是自住而已 現在賣了住 | 哪裡 | 說什麼增值 你自住缺房本來就得先買啊 | 就等你進場啊，X燈 | 馬後炮 你怎麼之前不全部砸錢買航運 然後高點脫手 | 買了增值就是賺錢啊哪有分什麼自住 | 一般人大多只有買一間，賣了是能去住哪裡？你家漲， | 其他也跟著漲，更好地段你更想要換的房型漲更多，然 | 後你小孩未來要買房更是貴超多，這樣有比較爽？除非 | 你單身就一間住到死，不然就是有2間以上並大約未來 | 小孩要買的數量，這樣真的算有賺？ | 二十年存股中華電太不划算了 | 馬後炮 2020開5倍槓桿歐印GG 3倍賣出早就財富自由 | 事後論 | 出入場時間賭錯而已，今年房產槓桿入手的，也可套 | 用股市現況 | 政府都說房價是多頭火車了，不可能打房的 | 天曉得政客們買了幾棟 | 買得起房誰還買股zzz | 講房市會跌的是不是還沒出生？笑死 | 馬後炮，你存股會賠錢，買房就不會賠錢？ | 兩個風險是一樣的嗎？可以比？ | 祝你賺大錢 | https://i.imgur.com/q6wVcAI.jpg | 沒有新論述,不用硬回文 | 央行今年都推出4波信用管制了，目標是「房市軟著陸 | 」，還叫「不可能打房」 | 央行是真的沒管股市的在管房市 | 台灣人就喜歡一夜致富的股票 | 謝謝你 秧行 謝謝你 火車頭 | 讚 那你現在買啊 不然又再後悔一次 | 因為沒股點我不轉貼整篇文章，不過還是建議去搜我貼 | 的「楊金龍：房市最好能軟著陸」的那篇 | 央行今年是一直在出台調控政策 | 為啥一定要重壓某一邊 兩邊都壓啊 房子價格帶那麼 | 多 一定要買上千萬的物件？ 是不會買套房 公寓類型 | ？ | 目前還放話「不排除祭出第五波調控政策」 | 央行是「沒有管股市的在管房市」，你是要跟央行對作 | 嗎?? | 哇現在買1800以後還能三倍5400各個都是天龍國60年之 | 後1億5千萬 財富密碼 | 買套房住套房 | 你錯了，我在股市自己操作，可以賺的比房市還多 | 有的時候我真的在懷疑來股版散佈買房焦慮的是不是 | 房仲或是投資客，努力營造「房市很火爆」「央行不 | 打房」「台灣房市只漲不跌」「一堆人都希望政府打 | 房好讓我能低接」的環境 | 實際上，真的嗎?? | 買的起政府認證經濟火車頭誰要買股 | 沒家人贊助頭期就要存多久ㄌ | 政府救房的時候，才是真正低點 | 房市如果下跌時，速度也是非常驚人的，如果真的只是 | 剛需自住的話，要買也建議等走下行路線時在買 | 每年都在早知道買房 | 存骨..存到進棺材給後代爽啊 | 你現在不會去把你媽幹報要他拿錢給你買房XD | 老人存中華電還好 畢竟要穩定 你叫年輕人存中華電 | 不是壞就是笨 | 屁話都沒風險嗎？那我中威力彩頭獎不是有千萬倍獲 | 利可能 | 早說 為什麼不早說 | 年輕人沒看過房市下行長怎樣，扛的風險才更大 | 房市下行的時候，頭期款就先拿來賠，市場觀望與比 | 價態度濃厚的情況下，要賣也很難賣 | 市場上還一堆物件，是這幾年暴漲之前就買的，他的入 | 手價就是比高點入手時低 | 房價在高點時入手的話，一套也是幾十年的 | 套幾十年的東西，自住是沒差，但當投資就很有差 | 空頭要變現還是股票強，房市一下去還真的蠻可怕的 | 房仲來了？ | 站對風頭很重要 | 高歌離席的水手笑而不語 | 房子不用繳稅和管理費？ | 房子賣太低還沒人敢接手...增值稅很可怕的 | 自住的房子你會拿來賣嗎 然後住公園? | 十年40% | 哈哈 | 你媽的，投資最多這種“如果”仔 | 這兩年房價漲兩三倍的都套多少年去了 | 少年股神：不可能，租屋買股的效益一定遠大於買房 | 推文一堆搞笑說自住不賣，便宜的時候不買難得你要忍 | 痛買貴嗎 | 早知道 | 還在講房子 好一個說書人 | 推文講的好像整個國家對不起他讓他沒買房似的...... | 怪了，沒頭期不管你家人怪這社會？別出門了，我怕你 | 無差別砍人..... | 我後悔沒買BTC | 租便宜的並把多餘資金中長期投資真的不見得比較差 | ，租金越貴就越不合算 | 不能認同你更多！ 酸仔繼續看基本面、k線吧 | 房子更可怕 下跌的時候基本賣不掉的 | 還在房價下跌 認清事實吧 政府都認定是護國神山耶! | 十年前買淡水、新莊副都心的現在還套牢呢 | 以前房價下跌有怎樣嗎？  @@ | 房市跌下去會更恐怖 因為是貸款 | 所以政府會狂護盤",這幾年存股的老實講，非常不划算，嚴格來說是賠掉自己的人生，以中華電信來說你配股 配息一年3，4%，十年最多也不過40% 但是你拿來買房以頭期款200萬，房價漲兩倍三倍，或是貸兩間房的 600萬房價直接增值變1800萬，人家200萬賺到價差1200萬，賺到600% 你還在存股，這1200萬差距，就讓兩個人一個變遊民，一個下輩子生活無虞 我最後悔的就是錢拿來存股，拿來買房現在早就退休了，人生難買早知道。 
Re: [標的] 沒想到...中華電還是來到110了,2022-10-11,29.0,"2498.... | 2412回到疫情前的價位了？ | 中華電信是最後一棒 不要不信 | 相信2498。。破千 | 笑死了XD存中華電想領股利財富自由？ | 底部進場 不贏也難 | 中華電CP值這麼差只是穩而已大戶在買的 | 0056不香嗎？ | HTC?那個開盤就在跌的? | 高端比較穩 | 不是相信黃董嗎 | 2498是想害人嗎 | 6547吧 | 中華電也能虧損50萬…還是放在銀行定存吧！可能還 | 能保障不會虧損，哈哈… | 現在撿0050 0056 比較有效益 | 一定高點歐印了 | 亂推薦不如不要發文，不要害人 | 護國神山 好GG不撿嗎 | 存股 2498 | 太貪了 以前是用100做分界 | 今天109 | 弱,有說等於沒說,可以推文 | 買1萬張中華電就可以財富自由 | 中華電的合理價位一直是100~110 | 的確有人只靠股票財務自由，去年的航運 | 中華電信只值90-110 | 原po說的沒錯 靠股票從古至今全地球一個都沒有 | 台積電只值150",: 從130開始一路狂跌到110 : https://i.imgur.com/QqHuj9q.png : 中華電已經不再是曾經的不動牛皮股 : 在這段持股0050 、 0056 、 28元的彩晶 、 2412 、 中鋼 : 發現我投入的成本 已經是虧損的狀態 : 想當年的航海王 大家瘋狂投入股票開戶 : 還開心的跟同事分享賺錢資訊 : 到如今全面捧殺 真的被上了寶貴的一課 : 彷彿闖入了森林中的小綿羊 走不出去 : 我自己是至少虧了50萬 前幾天也聽到同事虧了40萬 說難過到不行 她只買中華電 : 股票是不是只能玩短期進出 放進去一下下就好 : 放著長時間的 最後都會失敗收場 : 至少我身邊的好像只剩玩短期的是有賺的 : 不知大家怎看 ? 還有推薦放長期的股票嗎 ? : 另外小聲問一下110的中華電是可以進場的嗎?? 已經失去信心 巴比Q 狀態 130塊你都敢存股了 現在110不敢存 這是什麼心態啊 也許會跌破100 也許不會 只要不是全部all in 分批分散進場 現在差不多就是到低基期了 如果你的本金只能買個幾張中華電的股民 完全不建議買中華電 應該全部all in 2498 是鹹魚還是鮪魚就看這次了 相信我們紅姨 笑死了 從沒聽過有人只靠股票可以財富自由的 聽不出來就算了 可以買1萬張中華電 本身就已經財富自由了好嗎 根本不是靠買中華電 你好天真阿 沒有錯 我覺得有機會跌破100 現在可以慢慢進場 除非只買幾張的那種才需要等最低點
[標的]  2412中華電,2022-10-20,164.0,"買買債 | *美債 | 加入鎂蛙 | 殖利率5趴 | 那就直接看殖利率當定存阿... | 看美國升息到多少 | 唯一推薦美蛙 利率以後再說 | 別管殖利率了 好嗎 | 短債都比中華電穩 | 配4.6?   能配4塊就要偷笑了 | 存股真正要看的點：能否填息 | 9X 再買 | 興富發 華固 | 殖利率有7 | 這支可以買 核戰還是要用手機 | 美金未來至少無風險定存4.5～5%，自己多想想 | 台灣大都要8開頭了 呵 | 台哥大反彈中啊 | 100以下可以開始分批接 預留足夠攤到80的資金就好 | 怎麼不自己算殖利率看市場狀況設定價格? | 美金你要再扣掉匯差 | 殖利率只比美債高個0.2% 看你覺得哪個穩 | 到超過6％ | 種花倒惹 買美債吧qq | 只有美債真的香  還要再香一年 | 買買買 都買 | 10元我歐印 | 還沒33，美元定存美債不香嗎？ | 問就是現在 | 美債香爆了 | 比美債高的時候 | 百元以下可入手，但還是選舉完再看看風向比較好 | 買美金好像比較穩？台幣沒救 | 5年線105  看會不會破而已  破了就要攤了 | 就美元收割世界 是要怎樣救 | 找有配股的複利幾年就很可怕了啦 | 又不保證填息，保證繳稅跟二代健保而已 | 美金定存更優 | 印象疫情時看到103 可以再等等 | 中華電9x | 現在沒人要可以找機會買,每次嫌時間到還是漲給你看 | 等92 all in！ | 現在資產配置就是60%房地產39%美金 1%台幣買便當 | 問就是ALL IN美金定存 | 人家要放長期的  一直推美金定存的是怎樣  能定存20 | 年4%嗎 | 100以下接 | All in美金 上看35 | 美國跟中華電哪個倒的機率比較大 不用想了吧 | 50吧！50絕對可以直接梭哈不管 | 美金還要加上多賺的匯兌收益，從這裡算有10% | 這家電信公司是喜歡幫特定人士網路降速和斷網嗎？ | 跟著美國財政部買美債 | 房地產除非自住，不然暫時不會漲了 | 出租還要小心將來失業潮想不開燒炭跳樓的 | 全世界除日本中國土耳其都在QT，加上戰爭擴大風險 | 先去強勢貨幣躲著比較安全 | 你為啥能知道配4.6？？？ | 美債兩年期4.57 五年期 4.37 十年期4.14 三十年期 | 4.13才叫穩定拿好嗎？ | 這隻不看好 | 美國國債20年期買起來 | 以過往配息率99~100%推算 明年配4.8機率很大 | https://i.imgur.com/Oma9w1Q.png | 美債20年期? 20年後匯率? | 中華電沒有衛星之後就是準備下去 | 笑死，定存一年到期可以續存啊，沒4%時不會再換投 | 資標的喔？ | 106 104 102 -68 你怕什麼 ？ | 說配不到4塊的不要笑死人人了，我每月盯財報明年大 | 概能配4.8好嗎？ | 中華電配息，率會那麼高就是因為是交通部提款機 | 有閒錢可以買個3～4張，穩定領息不扣2代健保 | 可以歐印惹 | 到明年底，美金的風險比中華電小多了 | 最近配息率都是95~100% 明年大概就4.5~4.8之間吧 | 塊陶 | 直接當鎂蛙就好 | 為啥不能配4元  中華電有影響生意嗎? | 中華電是打電話跟光鮮的  又不是消耗品一堆庫存 | 種花奠信 | 真心推薦每跌一塊買一張…. | 買了 | 投信停賣了嗎？股價落底了嗎？都沒有你憑什麼買？錢 | 多？ | 可以買啊 穩定業績不怕受影響 | 在那嘴配不到4塊的是哪方面有問題？ | 要拋的拋一拋，雖然我也不覺得魯蛇手上會有 | 而且早就摸回疫情前價位了...不像有些還在高檔 | 以往就是10x-11x跑 要等的話 可以105開始分批 | 我買到16張了，均價110，再兩張就買滿了 | 照西台灣今年的情況，明年2412業績持平不太會變差 | 西台灣死老百姓生活越苦，越會上網刷抖音跟拍視頻 | 催債公司跟銀行還會幫欠債的繳電話費以免被斷話 | 這支我早前125-126.5就全賣了後面130不關我事,跌破 | 120就開始買，買到117時彈回120↑再賣光，之後續買 | 這種固定收錢的不太怕啥景氣循環 你每個月都要繳阿 | 再不打衛星去太空阿...怎麼死的都不知道.. | 這殖利率，何不美金定存 | 台灣很多都是綁手機約,吃到飽費用多在1000以下,上網 | 找工作用line anywhere anytime都需要用到手機網路 | 景氣越不好,手機上網需求越高 | 當然這些都不保證2412不會跌,但只要不會倒根本沒差 | 最近平常日晚上逛一些百貨商場裡頭沒啥客人,店員都 | 在幹嘛? 滑手機是也 | 我覺得沒有5%，都不夠甜了 | 殖利率才4%多有更好的吧 | 嘴沒有衛星 你又知道沒有 真的井底之蛙 | 應該說如果連買中華電信都會怕 現在根本沒股票能存 | 跟美金利差太小 pass | 80 | 還有井蛙在那邊投信沒停賣、在那邊沒打衛星，這邊 | 水準有夠低下 | 如果還在炒在高檔120.130就算了 現在就是疫情前價位 | 星鏈來台灣，會被電信業的低廉收費幹趴在地上 | 盤9x假裝要守100 等8x | 不信你讓馬斯克來台看看星鏈多久會倒 | 低調 | 美債都4％了 股息4％沒吸引力 | 美金每個月都能配利息給你 中華電一年發一次 還要 | 填權息才拿得到 | 問94買 | 盤子 美債屌打 | 106.6剛進 | 看到那個說配不到4元的,我飯差點噴出來... | 為啥不考慮台塑呢？ | 中華電明年估4700現金,以今天最低105.5算,約4.45% | 5% 吧 不如直接買美債 | 前兩次大崩盤中華電都跌45%  2009年撿得很開心 | 希望這次也有便宜撿  台塑南亞也是慢慢等 | 中華電信你要對照美債殖利率 美債一直飆 就會跌崩 | 有83億的話可以直接歐印這隻 會賺 | 散戶別想抄底，夢裡啥都有 | 100是買點 | 賣勾肖想啊 | 很想給她下去 | 不太懂為什麼中華電要看美債殖利率？ | 殖利率輸美債 錢就會流向美債  很難？ | 100以下隨便買 | 但換句話說美債如果下去你也沒便宜的2412可以買了 | 上次說買gg沒在看殖利率的不曉得虧多少了？ | 我掌握財富密碼了,股票好簡單,看殖利率,比美債低的 | 就是作空, 晚點把比美債低的全拉出來放空,嘻嘻.. | 笑死，看美債的遲早爆在美債上 | 買長買短都是輸，問問之前買長的後不後悔 | 買短的到時讓你領4%利息，匯率崩個10% | 103差不多 | 嗯，我100收啦 | 超過100殖利率都算差  買中華電是要靠價差獲利的 | 跟美債同性質的股票才有可比性 全放空等你表演呀 | 匯率32塊買美債，都不知道股板是反串還是真的傻 | 大台北,標準定存股吧,今年還衰退,就算照去年發,殖 | 利率剩3.6%, 比中華電還低,明天開盤大家一起放空, | 一起財富自由 | 殖利率5%以上再站內我 甘蝦 | 每跌一塊買一張，沒問題啊   https://i.imgur.com/Mp | GCOTn.jpg | https://i.imgur.com/7t8CIQ1.jpg | 不如買1年期美債 | 疫情剛爆發時也沒跌破100 | 中華電 今天106元 成交～ | 中華電、台灣大～通通買起來，當定存股 | 中華電106元、台灣大91.8元...逢低買來存！ | 如果又再跌，就分批買了",1. 標的： 2412 中華電 2. 分類： 討論 3. 分析/正文： 想請問一下 今天已經來到波段新低 106 如果以今年配4.6 殖利率約4.3% 想請問大概多少 可以直接梭哈不要管 魯蛇我的配置 想要有一隻標的 穩穩地領股利就好 波動不要太大 
[標的] 2412.TW 中華電信 多,2022-11-04,107.0,"敬禮 | 佩服 | 中肯 | 標的文，必推！ | 去年存到現在 帳面賠 | 手癢就買30張...真猛 | 我也有存，推推推 | 存股 | 不如買00679 | 附對帳單好風氣 | 推遠東王，不過你是不是該進化成手機下單啊 | 那電腦畫面好像我爸那個年代的下單系統XD | 遠東王上次抓遠東新進出真滴準 | 你猜還會跌 結果現在就急著買? | 穩定殖利率5%+的股很多 買這幹嘛 | 推中華電信,不過美蛙仔正在趕來的路上,等下應該就 | 一堆酸文了.. | 遠東王!! 太神拉 | 這兩三年買2412應該都是賠錢 但再跌的機會應該不高 | 了 | 推 | 推遠東王優質好文 | 繼續升息的話會繼續緩跌 等100左右再來撿 | 遠東王，遠東新好硬啊，都不下來 | 有機會到103嗎？ | 遠東王好 最近趁中華降下來也開始定期定額 感謝信 | 心加持 | 如果真是存股你之前20張為何要賣...底部還沒到太早~ | 有單推！ | 之前20張直接賣在高點賺翻了 | 你會贏 | 推 有單給尊重 | 推遠東王LoL | 108中華電是可以買 但 沒有人會一次這樣30張~ | 有錢人就是任性沒差~但會害到想存中華電的網友~ | 建議去爬相關文... | 我手癢大概300股 哭啊 = = | 推 | 佩服！ | 推 | 笑死 有錢人想買幾張還要你管 | 又沒人逼網友跟著買 | 存股又不是一定不賣 覺得底部還沒到的快放空阿 | 推 有錢人買中華電就好 | 中華電值得買，但我會一張一張買，你照想法執行 | 好id 推個 | 也許30張中華電 不及原PO資產的1% | 之前20張 說明一切阿...一堆韭菜...傻眼~ | 他20張132出掉 現在108撿回繼續存已經賺好幾年息了. | 為什賺4.8 配5元   90收啦 | 中華電 最安穩！ | 人家有錢一次存不行喔？ | 真金白銀的市場怕被害就不要玩啊 | 10/20買中華電106元，有跌再次分批買！ | 不等一下美國爸爸升息嗎？ | 還管人家一次買幾張，笑死 | 近期等逢低～大買中華電，小買台灣大 | 最近大盤死氣沉沉 => 你看不上中小.... | 跟著遠東王買 蒿土露絲 | 我不領息129出 除完全數補回均價124 太早補 唉唉 | 推！ | 有單就是給尊敬，推！ | 推 有自己的想法....... | 推～中華電、台灣大！ | 今天買了2張 107.5 還真期它跌到100嘞 | 要存長期的話我會先買0050 等股價交叉再全換過來 | 有貼單就是給推 | 遠東王 有單就是推! | 給個 respect | 4.8配5…？你要不要看看你在說什麼 | 可能寫錯要寫5配4.8吧 | 可以啊 這價位合理多了 | 噗 買幾張也要管 住海邊哦 | 手癢就30張的人不用你管他買多少拉== | 我手癢就買3股 | 通常有之前的盈餘配息，所以4.8配5 | 感謝分享 | 中斷電信！常斷「特定客戶」網路和降速，噁心 | 沒有國家資源這麼會賺？ | 對了！我的iPhone是在台灣的「中華電信」買的，是 | 他們賣給我iphone的 | 台灣大比較好 | 霸氣 一出手就30張... | 遠東王必推 | 推～遠東王～ | 中華電，還有投資將來銀行的虧損 | 有對帳單就給推 | . | 爸，天氣冷了 多穿點 | 遠東王該換智慧型手機了 | 推 | 為何不買台灣大呢？以台灣大的股價不是更好？ | 推 | 現在買股是多韭啦 | 一堆菜鳥難道不知道電信股常常配得比賺得多嗎 | 說買台灣大的可以看一下填息率 | EPS4.8是不可能配5元的  你真的不懂他 | 中華電信歷年也偶爾也配超過EPS 但都10年前了 | 牛市110以下還可以，但如果是熊市應該蠻多人期待是 | 100以下分批買 | 推遠東王 帶進帶出 | 你是不是穿越了? | 昨天掛著107買不到... | 中華電110上125再到107也才一年而已 | 推遠東王 | 三個星期後回來推一下,112了 | 居然有114,幫幹。",https://imgur.com/GUInS67.jpg 我猜中華電信還會跌 目前中國債務 房地產問題也很危險 不知道何時要爆炸 但是 已經做好打算就 照自己的預定價位買進 我估計 中華電信 今年EPS 4.8元 明年配息 配5元 賺不多 就小賺利息錢 沒有邀請大家跟單 要跟單的自己評估 祝大家操作順利 股票賺大錢歐 4. 進退場機制：存股 題外話 也許有人想知道我股票庫存 也放在上面 目前 中華電 31張 台哥大1張 中鋼1張 遠東新1張 https://imgur.com/gEbsurX.jpg 我手上還有子彈(錢) 萬一真的崩盤 也是可以進場在撿 
[情報] 中華電111年第3季財報 Q3單季EPS:1.21,2022-11-04,36.0,"公道價100 配5元 | 沒超過美金定存就等著下去 | 放著配也舒服的概念股？ | 美元定存長期要贏中華電還是比較難啦 | 美元仔: 定存美元 利率都更高 | 長榮：….. | OO委屈了 | ..... | 美元現在1：32,匯差6%。中華電109~130,價差20% | 快崩 等著買 | 對外資來看真的看殖利率，外資的本幣大部份都美金 | 這殖利率真的有夠低 | 爛 | 這殖利率會被楊金龍笑 | 說真的 買公公也比這個好 | 先存美金還賺匯差更不用說 | 太爛了 100收 | https://i.imgur.com/SIvWFJQ.png | https://i.imgur.com/EyY9eyx.png | 這還是升3碼前的DM | 美元了不起給你崩到28 也是10%左右 | 躺著配都舒服 | 中華電 就是穩！ | 以前低利還沒啥要緊，現在就睜大眼睛看 | 他們不就類似陽明海、中華航，你們是不是很喜歡針 | 對「特定用戶」降網、斷網？常常網路斷線是什麼原 | 因？ | 放著配都舒服 | 2412是信仰 | 高定存利率能撐多久 種花電可以長期4% | 目前11張，兩張買在今天107剩下全都110~118.5之間 | 中間做過了三次價差,都差3塊以上,都3張以上超爽 | 110還太貴啊 | 中華電十年來都是4%，高利美元定存都是短期而且換匯 | 價格很爛 | 中華電給退休人員買 海公公現在進場也是穩穩賺",1. 標題：中華電111年第3季財報 Q3單季EPS:1.21 2. 來源：公開資訊觀測站 3. 網址： https://mops.twse.com.tw/mops/web/t05sr01_1 4. 內文： 1.提報董事會或經董事會決議日期: 111/11/04 2.審計委員會通過日期: 111/11/02 3.財務報告或年度自結財務資訊報導期間 起訖日期(XXX/XX/XX~XXX/XX/XX): 111/01/01~111/09/30 4.1月1日累計至本期止營業收入(仟元): 157238260 5.1月1日累計至本期止營業毛利(毛損) (仟元): 60026703 6.1月1日累計至本期止營業利益(損失) (仟元): 35867730 7.1月1日累計至本期止稅前淨利(淨損) (仟元): 36383546 8.1月1日累計至本期止本期淨利(淨損) (仟元): 29202599 9.1月1日累計至本期止歸屬於母公司業主淨利(損) (仟元): 28075670 10.1月1日累計至本期止基本每股盈餘(損失) (元): 3.62 11.期末總資產(仟元): 503590240 12.期末總負債(仟元): 119516433 13.期末歸屬於母公司業主之權益(仟元): 371908400 14.其他應敘明事項: 無 穩穩賺，放著配 
[新聞] 電信三雄前10月財報出爐 中華電蟬聯EPS王,2022-11-10,19.0,沒空 明天大家要搶妖股 這個存骨不要了 | 搶什麼妖股 2倍3倍5倍 搶起乃!! | 還在存股，去買美債啦！ 明天當然是追成長股 | 3.99..... | who cares.... | 獲利王？ | i dot car | 中華電差不多可以撿啦玩玩了？ | CHT也是低調的護國神山 | 還我499的4G不降速吃到飽嗚嗚嗚 | 誰還跟你電信 明天就是成長股大噴發 傳產葛屁 無 | 腦多就是賺錢 準備睏霸數錢 | 推 | CHT 資通產品是真的不錯….雲端國外的兩大怪獸都能 | 提供企業解決方案…種花如果只提供儲存跟網管服務 | …大概會虧本生意吧QQ可是解決方案又是個巨坑 | CHT謝謝各種盤子 | 中華電、台灣大～逢低買起來存 | 沒未來是有什麼成長性…,原文標題： 電信三雄前10月財報出爐 中華電蟬聯EPS王 原文連結： https://www.cna.com.tw/news/afe/202211100378.aspx 發布時間： 2022/11/10 19:15（11/10 19:21 更新） 記者署名： 中央社記者江明晏台北10日電 原文內容： 電信三雄10月財報出爐，核心業務延續成長趨勢，中華電信每股賺0.37元，贏過台灣大的 0.3元和遠傳的0.25元，中華電前10月EPS也以3.99元，蟬聯每股獲利王。 中華電信今天公布10月合併自結營收192.3億元，較去年同期成長1.6%；營業淨利37.7億 元，稅前淨利為37.6億元，約略持平；歸屬於母公司業主淨利為28.9億元，稅息前折舊攤 銷前利潤（EBITDA）為70.8億元，成長0.6%，每股盈餘（EPS）0.37元。 中華電說明，10月核心業務延續成長趨勢，5G用戶數與整體090門號數持續增加，帶動行 動服務營收穩健成長，行動月租型平均每戶貢獻金額（ARPU）年增2.3%，已連續19個月上 揚；固網寬頻表現穩定且亮眼，速在必行方案加速客戶升速，也大幅衝高WiFi營收 ，寬頻接取營收與數據網路營收雙雙攀升，帶動寬頻ARPU年增2.3%，自110年度起已連續 22個月正成長。 中華電指出，資通訊業務相關營收成長動能續強，包括智慧聯網與IDC、雲端、資通安全 等三大重點業務營收皆達高雙位數以上年成長，抵銷因去年同期iPhone 13開賣墊高基期 而下降之銷貨收入。 累計至今年10月，中華電合併總營收為1764.7億元，年增4.1%，營業淨利為396.4億元， 年增5.4%，稅前淨利為401.5億元，年增3.8%，歸屬於母公司業主淨利為309.6億元，年增 2.9%，自結每股盈餘為3.99元，年增2.9%，財務數據均大幅超越財測目標。 台灣大哥大受惠iPhone 14系列持續熱賣10月5G月租型用戶數滲透率連續3個月增速成長， 行動服務營收年增近2%，加上固網服務營收增溫及手機銷售成長，使整體電信營收創107 年1月以來新高，獲利方面，稅後淨利較去年同期成長5%。 台灣大哥大10月自結合併營收143.4億元，較去年同期成長11%，EBITDA為27.1億元，營業 利益12.6億元，較去年同期成長7%，稅後淨利8.2億元，稅後EPS為0.3元。 台灣大自結累計前10個月合併營收1359.5億元，EBITDA為284億元，營業利益138.3億元， 稅後淨利為93.8億元，稅後EPS為3.33元。 台灣大哥大財務長兼發言人張家麒表示，除新iPhone與5G持續助攻，Disney、mo幣多、 好速成双三大獨門方案用戶數占比已達智慧型手機月租用戶的15%，使10月份智慧型手機 月租ARPU連續第17個月年成長。隨著家用寬頻供裝區服務範圍擴增，涵蓋全台超過8成家 戶，未來將有助於好速專案持續輸出動能。 遠傳電信（4904）受惠於用戶持續升級5G、新經濟營收貢獻，10月合併總營收、合併 EBITDA、稅後淨利分別為82.72億元、25.73億元、8.2億元；與去年同期相較，年成長率 分別為1.6%、7.7%、19.3%，每股盈餘（EPS）為0.25元，締造連續10個月雙位數成長成績 。 累計至今年10月，遠傳合併總營收、合併EBITDA、稅後淨利分別為730.55億元、254.81億 元、78.8億元；與去年同期相較，年成長率分別為5.6%、9.3%、19.8%。累計稅後每股盈 餘（EPS）為2.42元，扣除去年7月活化資產的營業外收益影響，年成長率達19.8%，成長 動能強勁。 累計今年1至10月，遠傳EPS已達成全年度財測目標的86%。 遠傳表示，10行動服務營收年成長率達3.3 %，總用戶數同步正成長，受惠於iPhone新機 熱銷，推升5G滲透率，帶動10月客戶每月平均貢獻度持續攀高，連續20個月正成長；月租 型ARPU年成長率達3.2%，創自2019年10月以來新高，持續穩居業界第一。（編輯：蘇志宗 ）1111110 心得/評論： 中華電信毫不意外的又贏過其他兩家電信的的獲利 畢竟中華電信不只行動用戶最多 固網寬頻用戶也是最多 
[新聞] 中華電信工會提出加薪7500元,2022-11-22,152.0,"重大利空 | 丸子 肥了員工，瘦了股東 | 崩潰 一堆肥羊 | 先過這禮拜六再說 票先搶到比較重要 | 不爽不要做很難？ | 加薪 利空來了 | 別啊 | 一堆新鮮人看到中華電信薪水 就跑去豬屎屋了 | 阿不只出勞力還是出體力  不是一樣的東西嗎XD | 加7500感覺還是沒什麼吸引力 | 才7500 笑死 | 2412終於有利空了 | 一堆肥羊沒做啥事領一堆 大利空 | 崩 | 中華電信的好處是可以一個帶一個 | 明天穩了，電梯向_ | 冗員不砍 對得起股東嗎 | 總公司走到交通部? 不就在樓上而已 | 裁員和漲電信費，選一個吧 | 是很對不起股東沒錯 交通部最大股東 跟股東求加薪 | 支持基層員工加薪 | 30040...比保全還少 | 七千五有點多了吧  平頭式加薪嗎 | 種花目前線型頗有去年除息後的樣子，同一批作手？ | 崩崩崩 | 大利空 | 中華最累的應該是門市那些宏華國際的人吧 | 所以是加月薪還是加年薪？ | 反觀台鐵，真爛 | 種花電真是幸福企業 | 公務員的保障、中高企業的待遇 | 拉線路外包、門市約聘他們有加薪嗎 | 當然沒有，外包吃屎 | 支持華航也罷起來 | 不過電信局留任的老員工真的是最爽的 | 羨慕 | 加薪額度還沒拍板 | 一堆冗員加啥薪 留著買棺材嗎 | 官股企業7500很多了吧 | 大利空 慘了 | 要回9字頭了？！ | 最近中華都沒有老客戶續約優惠了 你們繼續加薪 | 我去NP | 不用擔心，宏華繼續血汗幫忙股東賺錢 | 大裁員比較實在吧 | 一次要這麼多 有可能嗎 | 中華電信股東哭死 | 先出貨謝謝 | 7500也太多了吧 | 平均年薪200萬的公司在喊加薪 有夠無恥 | 大多數都外包吧 | 平均年薪200萬……可是低於平均很多的基層人員給他 | 們加一加也好 | 老人趕快退光啦 我不信年輕人年薪平均200 | 明明工作前五年連破百都不容易了 | 不可能加7500，想也知道 | 看錯非主管平均跟中位數都是150萬 還是很高.. | 覺得高就考進去啊. | . | 領50的出來罷工我支持 | 崩 | 平均年齡超過50歲的公司 150萬很高嗎 | 月薪3萬跟月薪12萬，齊頭式平等加7500 | 想像一下工作20幾年年薪才到150 | 可能有人做20年還在年薪45 很氣吧 | 150太高了吧 一群貪婪員工 | 反正是拿你們的錢來加薪 | 完了跌停 | 把冗員砍一砍，預算就騰出來了 | ..........要得有點多了 | 工會談判本就喊高讓資方砍呀，台灣人不是最愛砍價? | 說要得多的是沒看過罷工談判膩 | 等100以下好了 | 油水糖電新進都3萬而已，這個3萬9具然在抗議 | 以月薪5萬來說 加薪7500 = 15%  加薪15%不多? | 長見識了 | 上波10年線105沒接到,看還有沒有機會 | 每年調幾百而已 這次一下就要7500 做夢吧 | 推 | 不可能7.5k，1-3k差不多 | 水啦 | 肥貓很多的公司 | 丸子2412 80收 | 一堆冗員 現在一堆外包的 | 笑死 這個政府的承諾還能信喔 | 7500怎麼可能同意，叫給人砍價的 | 就覺得中華電信很賺錢  想分一杯羹啊........ | 薪水福利夠高了還加勒 | 利空 | 重大空訊！！！ | 丸子 利空 | 薪水漲幅跟不上通膨. | 哈哈股東好氣 | 怎麼會信加薪7500... | 2412跳空跌停 七大不可思議 | 股東好氣喔 哈哈哈這些沒產出的叫屁啊 | 加薪的同時請提人員精進計畫 | 怎麼可能!可以直接不加班了 | 不爽不要幹，一堆人搶著幹，嘻嘻，大股東不可能讓利 | EPS0.3的 | 學學中華外包神功，把台鐵的票務也外包算了 | 股票要賣的快賣，都給員工認股就好 | 不爽的不要持股呀 | 支持勞方 | 中華電信工會一直以來都喊一個不可能達成的加薪幅度 | 所以怎麼會相信可以加7500 | 這內線也太強了吧..工會喊這數字..EPS不跌都難= = | 明天跌停 | 歷史記錄來看，工會喊的幅度跟實際加薪會有不少差距 | 不過這也是正常談判手段，能為勞方爭取福利是好事 | 7500也有10%了這樣也不少了吧 | 100收 | 加就是一根 | 加太少 支持加一萬 | 出來汗流浹背施工的 要確定吶 | 喊當然要喊多一點 最好是不會被殺價 | 換做你難不成會要求只加750 | 要加薪也是外包/轉包/委託 的加薪吧？ | 反觀x鐵 | 還有這種喊一喊官員出來承諾的喔 | 7500是喊出來給人砍的啦XD | 羨慕 | 啥都外包加啥薪 乾脆開除你們讓外包轉正 在幫外包加 | 薪 | 外包要加薪不會自己去抗議爭取喔 | 一堆養老的冗員 | 肥貓很多 | 喊出來 讓他打折 酸民不懂嗎 | 往下105 100 | 是加月薪年薪還是激怒獎金呢.... | 支持基層員工加薪 | 中華加3%，外包加300可悲 | 繼續存股，現在才11張 | 郵局加津貼38K 你底薪就39K？ | 做做樣子，明年會加才怪 | 幾次配合 出來汗流浹背施工的 要確定吶 | 在台灣工程師幹幾十年才年薪150會被笑吧 | 現在新鮮人根本不太想去當花農了 | 再怎樣都屌打系統廠啦^^ | 有夢最美 爭取到再說 | 合理呀，本來就領太少 | 台灣國營企業公務員都該加不少 | 可撥 加個7500元好像很多？ 台勞低薪不意外啊.. | 為了公司營運績效應該裁掉30%的冗員 遇缺不補 | 冗員很多啊，做過包商就知道 | 反觀台水和台糖的低薪，工會不敢抗議，像不存在一樣 | 不愧是全台前幾強大的工會 | 薪資結構看體力的話 那外勞應該最高 | 最主要是中華電與科技大廠直接競爭人才 太低不好找 | 先裁員吧！看哪個最大聲！ | 這些高層怎沒看見跟你們搶人的系統廠和IC廠都開多少 | 不想想為何只拿3萬在那邊該該叫",原文標題：交長親自出馬承諾加薪 中華電信不加班喊卡 原文連結： https://reurl.cc/10GQl8 發布時間：2022年11月22日 16:09 記者署名：民視新聞 綜合報導 內文：中華電信工會昨天才大動作抗議，提出包括加薪7500元等兩大訴求，還揚言在 投票日不加班，但今天宣布行動喊卡原來是交通部長王國材，親自出馬協商並承諾明年 確定加薪。不過，由於加薪額度還沒拍板，工會揚言隨時都會重啟抗爭。 大批中華電信員工，週一才從總公司走到交通部抗議，爭取加薪，還搭起帳篷要夜宿，但 不到24小時，行動就宣布暫時喊卡。 中華電信工會理事長洪秀龍表示，善意出來以後，我們覺得給部長，跟給董事長一點時 間。 王國材親自出馬喬 中華電信不加班喊卡 原來在勞資協商破局後，交通部長王國材傍晚親自出馬，回應工會提出的加薪7500元，及 新制勞退提撥率升到15%這兩大訴求，並明確承諾工會明年確定加薪，才讓工會決定 暫停，在週末大選日之前的所有抗爭行動。 中華電信工會理事長洪秀龍說，我們想說，我們的物資已經準備好了，萬一公司跳票， 我們不用十分鐘，就在旁邊物資馬上齊全，人員馬上到齊，可以恢復在這裡，所以公司沒 有跳票的本錢。 由於加薪額度還沒拍板，工會揚言隨時都會重啟抗爭不過實際比較交通部所屬單位，及 國營事業的基層人員起薪，最低的其實不是中華電信而是台鐵，今年8月調薪後，最低月 薪只有30040元，而中華郵政底薪加職務加給，待遇才有38K以上，反觀中華電信已經直逼 4萬。 中華電信工會理事長洪秀龍說，新進人員的薪資目前是這樣，公司對外招考可能落點在 3萬9以下，或3萬9左右，普遍是偏低，因為中華電信公司的工作，他的性質不只出勞力還 要出體力。 工會強調會爭取到底，就看勞資雙方進一步協商，何時能有共識。 心得： 如果真的通過全體加薪7500元 員工人數2.2w750018=29億/股本775億10= 0.37 每年影響eps約0.37 中華電還是存股標的嗎？ 各位怎麼看？ 
Re: [標的] 2412.TW 中華電信 多,2022-11-25,73.0,推 | 強 | 雖然覺得有點早！但有單有賺就推！ | 真的厲害 | 遠東王又贏了 | 遠東王是不是沒有遠東銀? | 厲害欸！ | 有對帳單就給推 | 是說你也沒寫目標價阿？ 想賣就賣？XD | 勝利 | 當然是想賣就賣啊？難不成要鄉民同意 | 110、111都有賣，結果還是賣低了哈 | 有單有賺94推 | 推 | 沒買 但推 | 遠東王，遠東新最近看好嗎？感覺跌不下去了 | 現在賣掉也算不錯了 漲不了多少 跌還可以再買入 | 而且配息有不是一定回填 | 推 我有跟.....零股 | 厲害 | 我也在等遠東新 | 遠東新今年很強，外資買了不少 | 10/25中華電信106元買來當定存，後悔買太少張了... | 10/20打錯 | 推～遠東王強者！ | 中華電，太穩真心安！ | 朝聖 | 打臉之前推文 | 什麼叫做一夜好眠，中華電 | 恭喜~ | 各種數錢 | 躺著躺著  就賺錢了  好煩 | 中華電有在賣的喔XD | 遠東王賺爛啦 | 遠東家的遠傳怎一直跌== | 賺爛了啦 | 推推，穩定獲利 | 太猛了XDDD | 恭喜賺錢 | 今天也賣了 但遠東新可以進嗎 | 中華電往年配息都在115以上 去年要轉價差也可以賺到 | 完了，明天2412要崩了 | 四年配息 你現在賣是在哈囉 | 昨天很明顯熱錢就進來了 我一直掛下面都沒買到 | 太神了!!!!! | 中華電 真安心！ | 張數不多，繼續放著存～ | 希望未來還有低點可以買！ | 香 | 厲害 | 遠東王操作就這麼樸實無華 | 今年還沒填息阿 0.0 債券型台股~ | 你要當師父嗎-.- | 推推 | 賺爛了，感謝分享。 | 這間就是熱錢停靠站，目前還有機會再爬一點 | 應該會再上去一點 | 強 | 穩穩賺就很強了 | 勝率很高的遠東王 | 遠東王的券商哪一家？畫面好特殊 | 有跟到一張，晚上泡麵可加蛋了，感謝。 | 連分點都願公開 大戶風範 | 原來營業員的畫面長這樣子 | 感謝，我也有跟到一張，禮拜一也來賣一賣 | 酷 | 讚 | 推 | good | 推一個 | 推遠東王 | 推遠東王 | 帶進帶出，讚,賣出價錢: https://imgur.com/qux2ZQY.jpg 中華電信 已經到了 我心中預定價錢 那就賣掉吧 晚點上對帳單 有跟單的朋友 遠東王 下台一鞠躬 今天中華電信衝高個好價錢 就賣了 改天有機會 再進場吧 反正也是之前手癢進場一點錢 大概賺了12萬吧 又可以去買 麥當勞薯條加大 惹 有帶進 有帶出 好習慣 ======================================================= 2022.11.28 買遠傳20張 66.8元 稍微紀錄一下 每筆交易都po一篇 怕板面太亂 https://imgur.com/a/8gZpWg2 中華電信 30張 我預估 配14萬4 已經賺到12萬 所以也差不多 就賣掉吧 反正股票上上下下 還有機會再買回來 已經先賺到一次配息惹 遠東新 今年感覺也沒賺特別多 前三季EPS 1.63 明年一張大概配1500元 31元 我覺得有點貴 不想買 就在看看 好價錢 再進場 中壢老牌子 高橋 我是電話下單 這是營業員 回報line 的畫面
[標的] 中華電 多,2022-11-25,63.0,一張 | 沒50張實力買甚麼中華電 一張10%賺一萬 你不如打工 | 1張也是錢，有什麼好叫的 | 看多才一張？ | 推 | 有賺給推 | 投報率本來就包含時間成本 | 今天選前送紅包就要跑了啦 | 你不知道hami買那些轉播權都是做慈善賠本嗎，哈哈 | 小資族 | 有單給尊重 | 有單就好。前幾樓在哭啥呢 | 推有單 不是空氣單 | 前幾樓沒單叫 有單也要叫 | 有單還能噓，人生多悲哀？ | 愛錢菜 | 小吱族 | 慢慢買 持續買 屌打八成韭菜 | 沒fu糗 80見 | 賺爛了 | 借問現在可以買台灣大嗎? | 推 賺爛了 | 賺1%也是賺  某樓是帳戶綠油油是不是 XD | 有單推，總比一堆沒單的好 | 有單有推 | 今天應該是資金避險？ | 推 | 幫補血。少賠就是賺 | 遠東王先跑了 | 林北已經大膽買進9張了 | 一張不是錢嗎也要噓？ | 我也有兩張 推推 | 推 108比我成本低 | 買啊！106有撐 | 2412有單推，十萬也是很多人的辛苦錢，是在酸三小朋 | 友 | 有單給推 | 我 22張，不過想拿來買房，買定存股沒屁用 | https://i.imgur.com/ErHJZSN.gif | 我只有五百 | 厲害了 | 明年全公司加薪，eps down↓ | 原來一堆人只能買一兩張 | 大部分的人都是社畜，何必互相輕視 | 推～中華電！ | 一堆8+9幾千塊就在殺人了 | 漲過一輪了，依據過去的經驗，近期不會有大漲幅 | 才1張 | 一張不能喊多喔? | 有單就推，至少比在推文嘴實在。 | 有單推，前幾樓這麼有錢不然送我一張呀 | 有單就推，嫌少可以買送呀 | 這種股票要多去哪... | 有單就是推 | 加油…積沙成塔 | 幫取暖，我也只有一張 | 啊不過你現在才多會不會太晚，之前低於110的時候怎 | 不多？ | 這種牛皮股炒不起來啦 | 小資族給推 | 好強喔 | 去年115說會過125 也沒人信 | 禮拜五收盤出光了 回108再收,1. 標的：中華電 2. 分類：多 3. 分析/正文： 現在有 世足 hami video加持 市場多頭 選舉潮 歷年行情放過年都漲 反彈起來 上禮拜撿了一張108，看看放過年會不會更好 https://i.imgur.com/jDF3XP9.jpg 4. 進退場機制： (非長期投資者，必須有停損機制。討論、心得類免填) 現在3.56% 10%後見好就收 一張10萬R 至少我薯條可以加大 不用點菜飯了 嗚嗚 口袋一翻，只有十萬 可是我就是免費仔HAMI VIDEO阿 賺錢買香蕉，吱吱吱
[情報] 2412中華電 111年EPS 4.71,2023-01-10,30.0,"不期不待 就只有穩 | 沒有future | 死魚 | 台灣債券 最近也是默默在漲 | 台灣型 | 真的是債券 抗通膨標的 | 買鴻海也是可以啦 | 感覺做了很多事，但是每年的一批S都一樣 | 去年好像配4.6 每年都配99或100%  配個4.7吧 | 配4.7吧 | 全部借出都不知道現在價格XD | 這檔也有人要借@@？ | 夠低就有人借啊....有夠低....XD | https://i.imgur.com/5tA4Ssf.jpg | 小小的不優 | 300M殺太兇了   2年後才能收割300M的韭菜 | 稅前息前折舊攤銷前淨利(EBITDA)約862.7億元、每股 | 盈餘為4.71元 稅後應不知去年 光世代降價 加薪4％ | 獲利衰退？！今年分配不如去年了 | 種花公積多 每年全配 | 就穩穩 沒啥奇蹟 | 每股盈餘（EPS）就是稅後啊 去年4.61 今年自結4.71 | 開個4.7吧 配好配滿 | 比起賠錢仔，就是大賺啊 | 這隻就像債券 每年就這樣 | 中華電不用等股東會我就知道會配幾塊了XD | 一年退了五百個高薪老人， 人事成本一年平均少7.5E | 穩穩放還不錯,生活不可缺電信 | 現在每年退的都是四年級，進來九年級 | 人力成本會改善",1. 標題：中華電信公佈111年12月營運績效 2. 來源：公開資訊觀測站 3. 網址： https://mops.twse.com.tw/mops/web/index 4. 內文： 1.事實發生日:112/01/10 2.公司名稱:中華電信股份有限公司 3.與公司關係(請輸入本公司或子公司):本公司 4.相互持股比例:不適用 5.發生緣由: 中華電信公司公佈111年12月自結合併營運績效： 單月營收約為209.6億元、營業淨利約為35.7億元、歸屬於母公司業主淨利約為 27.7億元、稅前息前折舊攤銷前淨利(EBITDA)約為68.6億元、每股盈餘為0.36元。 累計營收約為2167.4億元、營業淨利約為468.4億元、歸屬於母公司業主淨利約為 365.2億元、稅前息前折舊攤銷前淨利(EBITDA)約862.7億元、每股盈餘為4.71元。 6.因應措施:無 7.其他應敘明事項(若事件發生或決議之主體係屬公開發行以上公司，本則重大訊息同時 符合證券交易法施行細則第7條第9款所定對股東權益或證券價格有重大影響之事項):無 12月0.36，全年4.71，小小不如預期 但還是穩 今年應該發4.7左右吧 
Re: [情報] 2412中華電 111年EPS 4.71,2023-01-10,29.0,券-.- | 以債的角度來說似乎尚可，不知道美國真的5%以後他的 | 反應會是如何 | 我部份轉美債了 不用所得稅和補充健保 | 中華公債 | 美債先扣30% | 殖利率越來越低 | 我還是買有成長性的股票比較實在…. | 我覺得配4就不錯了 | 樓下推正二十月抄底漲33% | 鴻海都比他強 | 跌多點再來買 | 才4% 當啥債券 | 我不懂為什麼不買aaa債要買這個... | 一堆優質債券產品殖利率都超過4％ | 金融股今年配息可能不到4%還不是一堆人買 | 每年都有人酸2412.... | 可以查一下 將來銀行 我是先觀望啦 大家發大財 | 殖利率只有4%，但真正的美國公債已經逼近5%了。 | 中華電超穩好嗎 五年線112 很穩今年約配4.7 | 買了穩穩每年配息4% 就穩的可以買 | 台灣大還衰退 根本比不上中華電 | 慘 | 樓上的還在扯美國公債，可憐啊 | 股票賣賣掉t+2拿錢 質押借券領股利 | 電子帳單還是要看一下 不需要的服務取消掉 | 買中華電不就是求穩，再穩有穩過美國國債？跑去扯 | 質押借卷那是搞錯方向吧。 | 神腦也不錯,: 1. 標題：中華電信公佈111年12月營運績效 : 2. 來源：公開資訊觀測站 : 3. 網址： https://mops.twse.com.tw/mops/web/index : 4. 內文： : 1.事實發生日:112/01/10 : 2.公司名稱:中華電信股份有限公司 : 3.與公司關係(請輸入本公司或子公司):本公司 : 4.相互持股比例:不適用 : 5.發生緣由: : 中華電信公司公佈111年12月自結合併營運績效： : 單月營收約為209.6億元、營業淨利約為35.7億元、歸屬於母公司業主淨利約為 : 27.7億元、稅前息前折舊攤銷前淨利(EBITDA)約為68.6億元、每股盈餘為0.36元。 : 累計營收約為2167.4億元、營業淨利約為468.4億元、歸屬於母公司業主淨利約為 : 365.2億元、稅前息前折舊攤銷前淨利(EBITDA)約862.7億元、每股盈餘為4.71元。 : 6.因應措施:無 : 7.其他應敘明事項(若事件發生或決議之主體係屬公開發行以上公司，本則重大訊息同時 : 符合證券交易法施行細則第7條第9款所定對股東權益或證券價格有重大影響之事項):無 : 12月0.36，全年4.71，小小不如預期 : 但還是穩 : 今年應該發4.7左右吧 其實前陣子也才幾個月前... https://i.imgur.com/KRMu37Z.png https://www.ptt.cc/bbs/Stock/M.1665975633.A.903.html 本魯在108的時候其實有喊喊說可以買入參考看看 現在中華電也默默地自己爬到了115 如果沒有什麼想法的 在低點108買這台灣債其實是很夠用的 當時本魯也是進場買了幾張 希望今年能夠配個4.6以上我就覺得不錯了 不知鄉民怎看這一塊? (不過0050從9X幾元漲到現在也是讓我覺得不錯的) 而且每年可以配平均4.5左右來看 代表疫情完全沒有給中華電任何衝擊 可以說 這間公司 曾遇到各種大風大浪 各種衝擊 都能穩穩4.5輸出賺錢 就像遊戲腳色一樣 他不會爆擊 也不會大量失血 政府持股 防禦高50%減傷 穩穩普攻 4.5輸出 https://i.imgur.com/23e44f2.png
[標的] 2412.TW 中華電 討論,2023-02-09,73.0,"中菲 敦陽科 上奇 普萊德 | 宏全 中租 崇越 桂盟 | 不如0050 | 存股台積電不如存股宏達電，存股中華電不如存股中 | 興電 | 存股中華電信 不如存股鴻海電信 全球最大eCMMS廠 | 就長期2.5~5%年化 新台幣中華債券 | 電信業一直都是賺錢 | 這個被你喊倒就厲害了 | 喔NO 原來是保羅 | 電信業就是沒有成長 賺多少配多少，只能當資產配置 | 的類債券 | 噓噓電信每年配超過100% | 不如正二 | 拿正2比 有些人受不了1年內30~40%上下震盪的啊 | 看看鴻海 去年大盤修正6000點 還原股價 幾乎不動 | 現在的20年債券已經超過5%  不用買中華電 | 50%正二配50%電信   應該可以屌打0050 | https://i.imgur.com/0MGMUxb.jpg | 你就分批買進啊 不要把自己當股神覺得每次都可以買 | 到最低點才是真的 | 買台灣大 | 張數 張數 張數 | 股票我是不太建議買沒有成長性的  很沒效率 | 今年4.45-4.65 | 除非你的資金多到沒有地方擺在考慮2412啦台股太多 | 更好的選擇 | luckysmallsu大大請問您有更好的選擇嗎?我是想要賺 | 至少能超過定存而且不會吃到本金 | 垃圾的殖利率 | 推鴻海 | 台積電倒了中華電都不會倒 | 太好了 有便宜的種花店可以買了 | 台灣債券 台股壓艙石 | 零股買 一個月買100股 | 聯詠解套了 買啥中華電啦 | 0050或公公現在價位都比2412好啊 | 我自己是選擇正2但你一開始應該很難接受啦 | 中租 裕融 | 錢存銀行不如存2412大概是醬 | 定期定額買 | 台灣大(3045)比較好 | 你怎麼不把三大電信一起買。多配少配而已 | 台積電倒了台灣也差不多了吧 | 掛112.5很多天買不到 | 不如買美債20年ETF,降息噴出，沒降息還可以領習 | ID | 活潑一點的就台哥大阿，牛皮一點的就中華電，買這 | 種股就不用擔心被套了吧 | 等除完再買 | 問一百檔。廢文王 | ID | 緯創高股息呢？ | 換美金定存會不會更安全 | 中保 杏昌 00878 | 歐印2498宏達電 | 前陣子不是噴到要130 哪裡一直112上下 | 小心id | 成本90路過 | 被保羅點名(*﹏*;) | 要說比定存好....也可以  但比定存好的太多了 | 聯詠 | 買130的要解套不容易 | 去年2412也是跌不少 看看海公公去年更穩 | 要穩 中華食 是中華字輩裡頭最穩的 | 中華電台股最硬沒錯 但是賺得少 | 問就是買 | 股票買資產配置，各領域龍頭買些都可以 | 優勢就是不受股災影響，別人一週跌2-30%，你一樣好 | 吃好睡老神在在，當然別人在爽時也沒你的份 | 可以買阿 買了就不用看盤了 | 廢文王 | 定期定額，然後忘了它，改天再來看看它",多空理由不充實 者，板規115或44處份 2.進退場機制若非長期投資，請 輸入停損價 ，否則依板規116處份 3.請依格式輸入內容，未依格式者板規112砍文處份。 標題請使用以下格式：股號.市場碼股名分類 (市場碼：TW US HK CN JP KR...) ex [標的] 2330.TW 台積電 長期不停損多 ex [標的] TSLA.US 特斯拉 馬斯克火星多 按ctrly 可刪除 以上內容。 1. 標的：2412.TW 中華電 2. 分類：討論 3. 分析/正文： 本肥魯最近想找獲利跟股利都很穩健的股票 於是我鎖定到的是中華電 查了一下資料 中華電是台灣電信龍頭 每年獲利非常穩定 去年賺了4.71元 也是很好的成績 但是缺點就是沒什麼成長性 然後我看了一下中華電的股價 一直都在112元左右徘徊 感覺也跌不太下來 如果單純是想擊敗定存 能穩健的賺股利又不會吃到本金 現在112.5元的中華電 是好的進場點嗎 我也知道買中華電還是有可能被套 但是還是希望能買在漂亮的價格 本肥魯保羅是希望能賺股利又賺價差 目前112.5元的中華電 要先搶先進場 還是等它跌到110左右再進場 哪個會比較適合比較安全呢 大家怎麼看呢 
[新聞] 認定中華電為市場主導者 NCC研議強化管制,2023-02-09,80.0,"NCC本身就是一個該被廢掉的組織 | 這是公平會的業務八 | 哪來的5個？ 就種花  遠傳  台哥大  NCC是不是太無 | 聊了沒事露露面 | 存股族末日 | 覺得種花賺太多嗎 | 手機費率又沒降 | 種花主要賺老人跟懶人錢就是了 | 這個意思是不可以削價競爭的意思吧? | 我猜是垃圾有線電視快要不行了去搞得.. | 種花被管的還不夠多嗎 | 塔綠班明年選舉缺錢吼 | 如果囤房稅不搞而去搞正常企業 明年就下去了 | NCC還要強化管制什麼 沒人做的固網降價都管一堆了 | 有線電視那種爛品質還這麼多人用喔 | NCC這單位還不廢掉！？ | 可憐種花永遠被割 | 垃圾組織 | 很多地區型網路業者因為價格便宜 不追求品質的會選 | NCC上次燒山那個後來怎樣了 | 可以公投廢掉ncc嗎?這單位已經被搞爛了 | 定義這個要幹嘛?? | 定義完就能弄他 | 只敢動中華電 | 鬼島財團還玩不贏中華電信 | 有線電視不用集團算，當然變中華獨大 | NcC拉基組織 | 你媽的敢搞種花電明年下架泥 | 公聽會沒啥效力 | 電信業被NCC壓的死死的，沒有高獲利空間 | 看你EPS很高，就要你降價 | 準中介法嗎？ | 在台灣，徒具形式的公聽會通常只是為了滿足條例或修 | 法條件而開的，沒實質的效力，就是宣告我要怎樣怎樣 | Cpi變高，要幫忙降通膨，一直都是這招，結果花費最 | 多的，飲食，房價一直漲，台灣cpi參數真的需要重新 | 調整，失真太多也太久了。 | 一個金管會 一個ncc 都是拉基 | 太上單位才能不受組織限制跟民代監督 | 這NCC... | 好可憐的種花電信 | 想插乾股吧 | NCC確實該廢，但是3大電信業也確實壟斷相關市場 | 建議廢除ncc | 中華電信根本是佛心公司 | 有線電視又在施壓了吧 | 垃圾政客這次又收多少黑金？！ | 笑死，這看報計表就知。花幾百萬的學者公聽會認定 | 一個常識。 | 奇怪, 降價對全民有利有什麼不好 ? 一堆垃圾第四台 | 葡萄酸噢 ?? | 第四臺那些垃圾早點倒光好嗎 | 中華電信寬頻十年來漲很多，十年前方案和現在方案 | 差很大，怎麼可能帶頭降價 | 都那麼久了還在被中華電信收電路費,是其他家電信不 | 長進,還是中華電信太強? | 第四台用同軸電纜線的網路,不用再被剝一層電路費,我 | 用第四台的網路用得很開心! | 中央本來就很喜歡拿刀架在公股公司的脖子上逼著讓利 | 公股政府持有股票最多 不拿你割肉難道找私人公司? | 管管財團吧，搞中華電會不會太無聊了點 | 媽的咧 種花也算私人企業 又不是全官股 | 的確不該削價競爭，中華股東不希望政府一直逼中華降 | 價 | NCC為了明年選舉可能逼中華的方案暫時要只跌不漲 | 無利可圖會加薪? 騙肖ㄟ | 依照手機吃到飽對比固網固網費用還是偏貴沒錯 | 台灣就2000多萬人 三家電信哪算壟斷，看看國外的業 | 者用戶數比再說吧 | 其它家不建設，怪中華獨大？NCC是不是自己養小三， | 也要大家幫忙養？ | 資費管制就好了==中華還能怎樣 | 第四台真的才是毒瘤 電視只能買節目 製作費低 畫質 | 也是笑話 冷門頻道廣告一直重複 | 長期漠視第四台亂象，然後說中華電信需要被管制 | NCC就是圖利財團的組織 | NCC這數位東廠早該廢除 | 慘 中華做牛做馬網路好也要被弄 | 其他不建設 不能怪中華吧？ | 其他人不建設 怪中華NCC的官員傻眼",原文標題： 五大電信領域被定義為大尾 中華電信有話要說：許多市場早已無利可圖 原文連結： https://www.cmmedia.com.tw/home/articles/38528 發布時間：20230209 17:43 原文內容： 中華電信被NCC認定在寬頻上網等五大電信領域具有市場顯著地位者並研議強化管 制，但公司表示許多市場根本無利可圖，沒有定義的必要。 國家通訊傳播委員會NCC於9日舉辦特定電信服務市場之市場顯著地位者認定及特別管 制措施公聽會，討論在固定通信網路語音零售服務、行動通信網路語音接續服務等五大 市場中定義出哪家業者是市場主導者（SMP），並討論將採取特別管制措施，對此，中華 電信不服，其代表指出許多領域幾乎無利可圖、或者是競爭者多瓜分市場，均沒有認定 市場顯著地位者必要。 市場顯著地位者是指在單一市場中具有定價主導權或市占率超過5成以上，為了台灣加 入國際經貿組織，因此分階段討論、完成在固網語音零售服務、固網寬頻零售服務、固網 批發服務、固網語音接續服務和行動通信網路語音接續服務（手機門號）等5大電信市場 中定義出市場顯著地位者，9日NCC的報告中，中華電信均被列入SMP。 五大電信服務市場，中華電信均被認定為最大尾 即便在固網語音接續服務市場中，NCC一口氣認定中華電信、台灣固網、亞太電信、新 世紀資通全部都是市場顯著地位者，使得中華電信在五大電信服務市場通通被視為 市場顯著地位者。 NCC委員陳崇樹表示，這次針對電信法轉軌到電信管理法進行SMP認定管制，以 平順接軌為主，因此仍將在五個市場將中華電信列入SMP管制，包括資費管制及要求會計 分離，電信管理法預定20242025年年初重新檢討，屆時將重新檢討SMP管制。 一旦被定義市場顯著地位者，就要遭到特別管制 對此，中華電信也有話要說，提出這五大市場均可不認定市場顯著地位者，以固網 語音零售服務市場為例，中華電信代表說，由於價格長期偏低而且無利可圖，中華電信為 了維護關鍵基礎設施已投入高度營運成本，還得面臨OTT和行動語音的替代競爭，因此不 應在此市場中定義SMP而加重管制。 針對第二項固網寬頻臨售服務市場，中華電信代表指出，中華電面臨有線電視業者寬頻 上網的高度競爭，市場占有率不斷下滑，而且根據NCC網站公告資料 2022/11月 目前有 線電視CABLE上網戶達215萬7千，用戶數和本公司差距有限 ，可見市場有效競爭，無認定 市場顯著地位者的必要。 中華電信不服：實務上沒有優勢 第三，固網批發電路服務市場部分，中華電信指出，同業五年來向中華電租用電路數已 經大幅下降，而且同業在絕大部分的地區均有自建的電路涵蓋，再加上未來電信合併後 租用數會大幅減少，因此已無認定市場顯著地位者的必要。 最後在固網和行動語音市場部分，中華電信說，考量到我國固網和行網零售的費率均屬 於合理，因此沒有必要維持語音接續費的管制、無認定市場顯著地位者的必要。 心得/評論： 難道是中華電信帶頭調降寬頻費用，惹怒其他電信固網業同行，施壓NCC圍攻光明頂？ 明日股價會直接反映？ 長期走空？ 
[情報] 2412中華電 股利4.702元,2023-02-24,144.0,"正常發揮 | 噴 | 夕陽產業 | 真正的定存 | 當債券看了 | 種花電信 | 噴 | 不過外資一直賣就是了 回去存美金 | 目前美債10年殖利率4% 合理價估4.702/4%=117元 | 你們說這樣好不好 | 現在又不是過去幾年那種0利率時代，4%的標的到處都 | 樓下說要換鴻海 | 真。定存股 | 不動如山 | 今天還平盤 | 穩 | 還不如鴻海 | 鴻海電信 甜多了 | 股息發放率有夠高但還好沒發公積 4.70/4.71=99.8% | 長期看中華電 殖利率有慢慢變低 但股價越來越高 | 十年前就說是夕陽，結果累積十年報酬率都快50%了 | 種花債卷 賺多少配多少 | 中華電信殖利率就是反映通膨，物價越來越貴 | 台灣大什麼時候公布？ 嘻嘻 | 穩! 不過我今天賣了= = | 這才是存股啊，超穩 | 鴻海唷...等郭台銘確定不選再存吧 | 要噴啦啦 | 美債那麼穩都有4% 公司至少要有4.5%至5%吧 | 郭參選對鴻海股價可能會有影響 | 十年前你買台績都6 7倍了 還在那50% | 90 | 真香 | 穩 | 長榮你學著點啊！ | 夭壽 好強 | 就...這樣了 | 賺爛了 | 種花電就買了不用看睡覺睡好好的那種 美股夜盤啥的 | 不關他的事 你也不用整天在這邊AVAV叫他反正不會動 | 喔 | 買這種更要AVAV叫….不然根本完全沒參與感XD | 中華電買了應該就不需要理了吧...... | 噴爛 | 講10年前買台積的... | 請問現在買什麼10年後會翻的 | 還不錯 | 買這種看戲每天AV嘲諷兩邊 更舒坦 | 小氣 | 推錯 要推樓下台塑XD | 星宇航空阿，十年後一定翻 | 有未來人說星宇航空會飛向宇宙~ | 中華債我ㄉ超人 | 太貴惹 | 成本91路過 | 超強 | 等回到110 買一半資金進去 看今年有沒有機會 | 這種殖利率真的倒不如存公公或神教 | 穩穩的 | 舒服 | 5%都沒有，下去洗洗睡吧 | 5%都沒有又不會漲也能舒服，傻眼，存0056都比較好 | 這張拿來存頭期 有整數十萬就丟進去 | 中華電怎可能是夕陽 | 這隻歷史有漲停或跌停過ㄇ | 最大股東交通部 要套牢國家陪你 怕三小(ry | 中華電質押再投入 4%->6% | 中華就是每個月買的時候才看價錢 | 穩 但還是輸我鴻海 呵呵 | 成本108丟著應該穩…吧 | 資優生 | 目前價位殖利率只有4% 不甜就是了 | 穩 | 4%是吊車尾耶 | 這隻質借都不用擔心維持率穩穩滴 | 有點少... | 防禦存股基本一定要有5%，差1%都不行 | 穩 | 各種出租外包最好是夕陽 是太陽吧 養活一整個體系 | 種花電沒有攻擊也沒有防守啦 你慢慢喊你的... | 正名 太陽產業 | 日不落產業! 只要你還要上網 種花就不會倒! | 比去年多 | 月租費月租費 有人為了打電話把整條線買下來的嗎 | 在場的各位都是用租的了 | 鴻海比較香，中華現在就是盤在那了 | 不如買鴻海，還有機會噴出 | 比A大的鴻海還要遜 | 種花敏郭～ | 公公題材蠻多的 又有100死豬價當缸底 | 真。定存股 | 太貴，108再考慮。 | 今年8成又一路緩漲到去年前高 | 中華電信110 持有個三年 根本就無敵 | 很穩 | 中華電信跟鴻海比也差太遠... | 鴻海我等猴猴做代誌出線再來買 | 萬年4～5元 | 賺多少配多少 | 穩...對靠股利生活的這很重要... | 電動車只要賣不好就準備高空降落 中華電不會 | 這就老人專武 省得心情跟著上上下下 | 一下要看CPI 一下又要看點陣圖 還有看類股輪動 | 可不可以再跌下來啊 我109還沒買夠阿 | 其實不錯，就算景氣爛到有剩也這麼穩 | 中華債券 | 穩 | 去年105時,板上一堆股神喊80,90.. | 存到100張退休 | 三張 12x糕點債券 穩穩配就好= = | 存到一百張真的能夠退休嗎～ | 存300張就退休 | 最穩那種 | 穩 | 100張也才47萬你要退休? 不再多存一點嗎 | 穩穩的 | 讚讚 | 100張是不是少打個0啊~ | 47萬還真的可以退休  只是沒錢看病 | 穩 一直嫌的人 就別看了 | 中華電信就是穩穩的質押標的 又不會被斷頭 | 嫌的人又不會空 這檔多空都跟你們沒關係 | 47萬可以退吧 不少人退休前一個月都沒有4萬 | 質押的人都何時進場啊？有點想 | 好爛 | 慾望沒有極限，我個人只要一年股票有50萬左右的零花 | 錢讓我遊山玩水就滿足了 | 中華電只有中共打來才會倒 | 5萬就贏臺灣70%的人了，4萬不能退休== | 去年股災最抗跌的ETF 00731持有最大的倉位就2412 | 讚 | 100張可以退了,正常人還會有勞退1個月2萬左右,連中 | 華股利一個月有6萬了。 | 真．存股 XD | 中華電是標準定存股，無論何時買賣價格都差不多，殖 | 利率又高於定存，手上多餘資金都該拿去買 | 不如買頎邦 | 跟景氣完全無關的股票 | 存股就存中華電 養成心理面 | 讚啊 | 推一個不要存中華電，十年前買台積、十年前買大立光 | 、十年前買鴻海、十年前買宏達電多好 | 還行啦，讚 | 穩",https://mops.twse.com.tw/mops/web/t05sr01_1 1. 董事會擬議日期：112/02/24 2. 股利所屬年(季)度：111年 年度 3. 股利所屬期間：111/01/01 至 111/12/31 4. 股東配發內容： (1)盈餘分配之現金股利(元/股)： 4.70200000 (2)法定盈餘公積發放之現金(元/股)：0 (3)資本公積發放之現金(元/股)：0 (4)股東配發之現金(股利)總金額(元)：36475513654 (5)盈餘轉增資配股(元/股)：0 (6)法定盈餘公積轉增資配股(元/股)：0 (7)資本公積轉增資配股(元/股)：0 (8)股東配股總股數(股)：0 
Re: [標的] 中華電 多,2023-03-21,125.0,"有賺給推 | 賺錢推 | 上次有跟，不過我是119出掉 | 有賺有推 | 推推 | 推 | 推 | 推 | 有賺就是推，一年的大薯條錢有著落了 | 跟我一樣抄在108左右 恭喜賺錢 | 我也在108，但我只有100股，薯條加大 | 羨慕 | 推 | 穩 | 推 無腦存中華電 | 賺爛了 恭喜 | 賺爛啦 4個月10% 一年30% | 沾喜氣！ | 中華或華電比較快 | 有賺、附圖就是給推，恭喜~~ | 應該繼續放... | 推 | 有單給推 | 股市不怕少賺.....有本事 隨時能賺回來.... | 所以我很少出手....可是很久沒賠錢了....哈 | 中華電能賺10% 很強耶XD | 有賺不貪心 | 大勝定存了 很可以了 | 有單有推 | 哇要是你有一千張就可以賺一千萬了 | 推LoL | 要是買入10億就賺1億了（樓下接力） | 推 | 出乎意料的漲了 | 恭喜阿 | 恭喜 | 推 | 推紀律，恭喜大薯XD | 繼續放他就回到原點了 | 賺爛了賺爛了 | 你努力四個月的錢 我今天四分鐘就輸完了 | 跟5張，買進賣出價都跟原po差不多 | 恭喜賺錢 | 恭喜並 | 穩穩賺真的贏過一堆整天被巴來巴去的 | 推紀律 | 有賺就推 | 推紀律..今年都這樣操作..左右互搏 | 賺爛了 | 恭喜 有紀律給推 | 買中華電真的穩 | 恭喜賺錢 不然放一放又啪沒了 | 賺爛賺爛了 | 有推有賺 | 強 | 存一堆etf 倒不如實在存中華電 | 賺爛了 | 堅持想法就是勝利 | 恭喜賺翻了 | 恭喜，賺翻了 | 推推 | 推～中華電買106元真的安穩！希望之後有便宜再買回 | 。 | 賺爛了 | 恭喜有買中華電的股東 | 種花電賺10%很神了如果買金金搞不好還會賠. | 可以 | 恭喜發大財 | 很猛了 | 太神辣 | 賺爛了 | 鴻海電信 過去4個月都沒10% XD | 超強的，這檔常常沒開盤，還能賺10% | 先出一趟 除息完再接回等填息 存股兼價差 | 恭喜啦 薯條加大很有感 | 哇賺爛了 | 恭喜賺錢 | 108我也有進 20股 | 有賺+紀律,給推! | 有單有推 | 其實現在買2645比中華電信好多了 | 恭喜啦 | 恭喜 | 去年開始2412波動就變大了，這操作合理！ | 自己下場股市交易就是最好的師父>>> | 2412還要操作= = | 發票中獎，撿到200塊就買一下。這樣的股性 | 意義不明 這樣也一篇 | 1張沒意義 賺1W 你還是好好工作要緊 | 恭喜 有賺步錯了 | 會買這檔是讓你上班專心本業，靠配息穩穩過人生 | 這樣的操作是需要多少時間 收盤前瞄個1分鐘就行了.. | 不會有人買中華在盯盤的吧XD | 笑死  賺一元就是賺  還有人能酸一萬沒意義 | 存這種可以勇敢擴大部位 如果你已經all in的話算我 | 沒講… | 酸1W是說 你買多一點才有用 複利的效果 | 至少來個10張 這樣效果強多了 | 我自己878+713+2412啦 都是allin +槓桿 | 恭喜賺錢！ | 中華電有在出的？ | 買在波段最低點 厲害 | 中華電也能價差 最好時機點就是除息前 | 除息後再接回 這樣勝率相當高 | 我去年除息前賣再接回借太早均價122QQ | 恭喜賺錢,我都沒在理它了XD | 賺一點毛都要來一篇嗎 | 賺爛 套在12X | 恭喜 | 有賺比起一堆人厲害了 恭喜 | 賺爛了恭喜啊！大贏那些賠到畢業的人 | 股版已經廢到賺一萬一堆人推 可憐阿 | 中華電買到108，很便宜，但下次可能要等3年了！ | 我推的不是賺多少 而是操作的邏輯 | 200股 均價110元 推 | 心態穩 不受影響 很強了 | 3前年買111元，後來丟著不管他，沒想到每年都填息 | 有賺有推 恭喜 | ==專注主業吧 | 別賣啊！放著複利很驚人的，120很有機會的 | 還記得當時107那邊股版一堆人喊雙位數才要買XD | 推 中華電 106元 | 以為會有更便宜，可惜當初買太少～ | 等待下次低點 | 員工年薪150w,還吵加薪,股東永遠4.5元,物價不漲嗎？",R一下自己的文，過了4個月 自己辛苦存的10萬也有所長進了 https://i.imgur.com/GNHhZfP.jpg 算是賺到之後的麥當勞都可以長時間升級大薯了 感謝股板，可以少奮鬥1星期了 當初說10%賣就10%賣 也不後悔只有買一張 感覺年後他的波段要到了，之後有拉回來再撿 聽遠東王一席話，如聽一席話 股票永遠都在，什麼時候回來都可以再進 : 1. 標的：中華電 : 2. 分類：多 : 3. 分析/正文： : 現在有 : 世足 hami video加持 : 市場多頭 : 選舉潮 : 歷年行情放過年都漲 : 反彈起來 : 上禮拜撿了一張108，看看放過年會不會更好 : https://i.imgur.com/jDF3XP9.jpg : 4. 進退場機制：(非長期投資者，必須有停損機制。討論、心得類免填) : 現在3.56% : 10%後見好就收
[請益] 關於神腦和中華電信的關係?!,2023-03-21,22.0,"4 | 4 | 4 | 4 | 2412是特許行業 | 4 | 4 | 4 | 阿抖…m… | 以前神腦董事長有說過一段話 | 神腦總裁：我們伺候中華電跟阿公一樣 - 商業周刊 | 2412二代店就自己賣手機，沒有神腦櫃台 | 利潤持續下滑 | 直營門市自己來就夠了 | 就是沒有結論才會變這樣 XD | 把神腦當作中華加盟店就好。 | 神腦是種花自己要的嗎？ | 中華電信養活真多人 | 肥貓養不夠只好再開一家來收 | 順便配一些低等奴隸節省成本 | 直營門市不給留客方案, 加盟門市就給得很乾脆... | 要把神腦看成控股公司",家附近的店面最近租給神腦國際，其實隔兩間店面就有中華電信的門市了 以前我記得中華電和神腦的通路很多都是合在一起的，招牌都是一半一半 幾年前中華電信內部還在爭論是否要有自己的通路，還是說要交給神腦 但好像一直都沒有結論。 不過中華電還是持股神腦27%的股權，董事長也是中華電派任 這樣兩者的關係是不是有點尷尬? 
[情報] 2412 中華電 Q1 EPS1.24,2023-04-11,51.0,"穩 | 中華電有人在管有沒有填息的? | 中華電：空軍是什麼東西 笑屎 | 左手右手黨的照妖鏡：千手觀音概念股 | 比GG好多了 | 千手觀音XDD | 詐騙集團發越多簡訊，中華電賺越多 | 真-詐騙概念股 | 中華電信：我連2020/03都只跌5%，你拿什麼跟我鬥 | 穩是穩，殖利率愈來愈低XDD | 去年下半年一堆美金定存黨不是都喊80,90收 | 電信鴻海 | 2412不敢買了,別說你想投資賺錢 | 買起來 | 撐維持率的救星 | 專門打臉左手換右手腦 | 中華電信是跟著十年公債殖利率跑的 | 耶!!超過成本價了! | 賺多少發多少的公司 | 種花：鴻海電信？笑死 我比他強多了 | 要回到一年賺五塊了 | 加薪500 | 詐騙越猖獗，它越賺！ | 122賣光，等110低接 | 從年初買到現在也有8%了~又好睡~ | 穩 | 爽啦 | 這手換不完欸 | 中華電 長期存股，穩定、安心、優質！ | 跌倒110時一堆人罵 還賣掉換美金 | 等129再賣 | 沒有就放著配 | 比債還穩有夠誇張 | 出清過一次頗後悔，目前庫存均價 8 字頭打算當傳家 | 寶了。 | 網路時代必需品，買起來 | 樓上出清還能8字頭…. | 買台積電不如買中華電 | 股票殖利率屌打國內定存 | 他有多少地阿@@ 超好奇 | 中華電 等待未來再次110元以下到來再加碼... | 只有一種人看他高在哭 | 中華電》台積電 | 2412就是穩 878+713+2412 爽爽領股息 一年9次 | 110想太多 超級穩的 | 1季1.24  4季賺5塊，發個4.9。4%殖利率回歸122.5 | 沒買過中華電，希望業績長紅 | 詐騙集團簡訊股？ | 中華電 優質穩定好公司！ | 等每年除息完後，約8～11月是否有便宜可以繼續加碼 | ～",1. 標題：中華電信公佈112年3月營運績效 2. 來源：公開資訊觀測站 3. 網址： https://mops.twse.com.tw/mops/web/t05sr01_1 4. 內文： 1.事實發生日:112/04/11 2.公司名稱:中華電信股份有限公司 3.與公司關係(請輸入本公司或子公司):本公司 4.相互持股比例:不適用 5.發生緣由: 中華電信公司公佈112年3月自結合併營運績效： 單月營收約為185.1億元、營業淨利約為41.1億元、歸屬於母公司業主淨利約為 32.2億元、稅前息前折舊攤銷前淨利(EBITDA)約為74.1億元、每股盈餘為0.42元。 累計營收約為542.1億元、營業淨利約為121.7億元、歸屬於母公司業主淨利約為 96.4億元、稅前息前折舊攤銷前淨利(EBITDA)約為220.5億元、每股盈餘為1.24元。 6.因應措施:無 7.其他應敘明事項(若事件發生或決議之主體係屬公開發行以上公司，本則重大訊息同時 符合證券交易法施行細則第7條第9款所定對股東權益或證券價格有重大影響之事項):無 111 Q1 1.17 112 Q1 1.24 今天又回到123了，除權前有沒有機會填息呢？ 
[新聞] 2412 中華電 5G專網營收倍增,2023-04-17,48.0,這幾個月牛股都變飆股了...冏 | 不是總營收  是5G專網的部分而已 | 種花殖利率也普普啊 | 而且交通部一直想從中華身上挖錢 | 台灣債券 | 詐騙集團你們給我努力發簡訊啊！ | 你們的成本是我們的營收 | 勤快一點！ | 現在電話跟簡訊都一堆詐騙，真的要好好管管 | 變成只會接認識的人的line或whosecall有辨識到的 | 種花電都124了，鴻海還在104 | 垃圾中華電信 網路超慢 | 乾我的種花122出光(但有比原本預計的120出光好一點) | 殖利率低反而愈買…這不對呀 | 千手觀音股 | 125了 | 殖利率先站回6%再說 | 要出貨了嗎 | 這禮拜網速有變快 備感欣慰 | 中華電是通膨受益股 | 跟你說2412很強好嗎 一堆看看不起 | 中華電》台積電 | 補推 | 就症腐無條件無限制補助電信業者...賺翻了 | 110再買 | 噴爆 笑死 我怎麼去買金融股 | 存股台積電，不如存股中華電…這言論我怎麼好像上 | 次看過，然後就 | 賺翻了 | 幫中華電信5G架設的是6486互動 | 4G吃到飽路過 | 開始擔心套在125的會不會組自救會了 | 中華電 優質穩定！逢低買進當定存！ | 大盤還要撐在萬五八，這些權值股還能撐段時間 | 台星88吃到飽繼續用 | 慢慢往上溫水煮青蛙 | 台星有88吃到飽？？ | 吃到飽很久了沒期限 | 4G執照到期就沒了啦 | 中華網速超慢，爛死了 | 118出掉，哭暈 | 這是喪事喜辦吧？ 以租代買 不就是原本一套幾百萬甚 | 至幾千萬的賣不出去嗎 | 00881表示 | 台星以前有88元低速吃到飽(現在99) | 請問海公公電信是誰？ 感謝 | 鴻海 | 借錢買牛股的話,原文標題：中華電5G專網營收 倍增 原文連結： https://reurl.cc/5MQVbM 發布時間：20230417 00:42 記者署名：經濟日報/記者黃晶琳/台北報導 原文內容： 中華電信強化科技力之餘，同步深耕5G企業專網，搶進各行各業指標性客戶，帶入專案性 收入。中華電信強調，打造企業專網以租代買模式，降低企業進入5G垂直應用的門檻 ，更為公司帶入經常性收入，雙軌並進，要讓同業看不到車尾燈。 5G垂直應用在企業市場及政府端已發展兩年，中華電信過去拿下政府補助5G垂直產業應用 案量是同業的十倍，累計5G專網企業合作案超過百件，同時前進美國、日本及東南亞等台 商智慧工廠應用，未來目標拿下台灣5G企業專網三分之二市占率。 除鎖定大型客戶，中華電信也透過為企業客戶提供租賃的以租代買模式，靠著各類5G 專網專案累積，中華電信5G專網貢獻營收持續呈現倍數成長。 中華電信日前宣布，與經濟部工業局、台北電路板協會、電電公會共同推動打造PCB的5G 企業專網場域，提供AGV無人搬運車、AIoT機台聯網及AI檢測等智慧製造應用，就是透過 以租代買模式，搶進PCB產業。 中華電信企業分公司總經理吳麗秀指出，每個產業使用5G專網應用及模式不同，一般大客 戶多是專案性收入，中小企業過去可能因一次性支出較大而不敢碰5G垂直應用，透過以 租代買方式，採用月租收費模式，降低企業進入5G垂直應用的門檻，更希望創造產業的 垂直應用蓬勃發展。 心得/評論： 遙想去年10月 批踢踢一系列R文 [請益] 沒想到...中華電還是來到110了 經過了半年 這檔類債券的股票都要挑戰去年除息前的130了 種花電的殖利率這半年來幾乎跟著10年美債殖利率 大概1比1 配息也不會像其他兩家公司會配公雞扣血 不過種花電賺4元配4元 海公公賺10元配5元 剩下5元灌入淨值 兩者相比還是海公公電信比較香~ 
[新聞] 獨家／中華電信董座換人！董事長謝繼茂功,2023-04-28,52.0,會計背景做電信公司經歷 未來幾年想必財報亮眼 | 換誰有差嗎？還不是假民營真公營 | 這個也是基層上來，還是可以啦 | 是鄭優(￣▽￣) | 誰做大概都一樣啦，營收又不會上升，加個價大家唉 | 唉叫，就是只能砍包商預算逼包商偷賣電纜而已 | 鄭捷XD | 這些官股公司誰來當董事長都不意外 | 種花電都被網紅酸說股息全配也不會成長 | 只要不是一天到晚讓利都可以 | 誰來幹都差不多吧 eps 4-5 | 別在搞低價搶回市佔率就好 | 下禮拜一根下去了？ | 鄭捷是在捷運亂砍的那個= = | 鄭優好不好，真不專業。 | 鄭捷XD | 董事長不是隨便什麼給年輕人機會的位置! | 鄭捷? | 酬庸 | 酬庸沒關係..不要像蔡某不懂又愛插手亂搞就好 | 吉祥物乖乖坐在那裡等退休就好..最好啥都別碰 | 一些人講不給年輕人機會 等真給又開始酸了@@ | 別小看2412了 防禦性股票 配息超穩 金融都GG了 | 被退休 | OK啦！股利發好發滿！ | 比銀行股更像防禦型股的中華真債券 | 誰當還是有差沒有鄭優哪來499之亂 | 之後就被starlink取代了 存啥股 | 中華電 長期投資好安心 | 丸子 短期動蕩空 | 誰在乎董座換誰 | 換人酬庸   根本是分贓黨 | 董座誰真的沒差 不要像讓利翁整天春燕亂叫 | 功成？？笑死 | 這咖真的爛 被噓噓東玩弄 | 中華電只要會作帳財報就會好，資產那麼龐大有得玩的 | 哩 | 只要不亂搞，換誰都一樣，資產多 | 大肥缺 | 陽明不知道要換了沒? | 種花這周被00韭00整個抬轎抬很爽 | 郭水義前年OT時跟工會操作時兩面人操作超強 | 蘇貞昌人馬 | 某樓不知道星鏈在台灣也是找中華落地嗎…？ | 你家夠偏僻才會找星鏈啦 便宜的FTTH不用嗎 | 這種位子派個蛋派顆石頭放也是一樣意思沒區別 | 原本要退，被爽到，多賺4年 | 太子幫仍然囂張 | 台灣網路就世界強了，當然不好成長 | 外國哪有這種收費品質的網路 | 所以最近在漲這個？ | 會計跟財務當董座就是摳,原文標題： 獨家中華電信董座換人董事長謝繼茂功成身退 原文連結： https://money.udn.com/money/story/5612/7130708 發布時間： 20230428 21:29 記者署名： 原文內容： 業界傳出中華電信（2412）董座人事異動消息，據了解，先前交通部呈報行政院人事案，董座謝繼茂不再續任、功成身退，近期相關程序完成後，會由交通部請中華電召開董事會，由總經理郭水義接任。 中華電信迎接市場挑戰，積極進行轉型，自2019年啟動躍升2021策略轉型，2022年完成以客戶為中心組織改組，去年繳出營收、獲利近五年新高的亮眼佳績，謝繼茂功不可沒。謝繼茂先前也說，組織轉型成功、最有價值的部分，是員工心態的改變，無畏改變，正面迎戰未來市場變化。 郭水義有政大會計研究所商學碩士學位，進入中華電信服務超過20年，陸續擔任過董事長特助、經營規劃處及投資處協理、會計副總、子公司光世代建設總經理、投資副總、投資執行副總、財務長及總經理。面對電信產業將進入新三國時代，郭水義指出，2023年將延續2022年行動服務及固網寬頻業務穩定成長外，更努力的洞察及掌握客戶需求，讓個人家庭事業、企業客戶事業及國際電信事業等事業三箭（艦）持續勁揚。 心得/評論： 謝繼茂已經69歲了，之前鄭捷董事長65歲就說不能當了，69歲在做在下去就70歲，該給年青人出頭的機會了。
[新聞] 2412 中華電 最年輕董座郭水義主持股東會,2023-05-26,35.0,58歲還最年輕 | 難怪NV 發大財 | AI是NBA的艾佛森嗎？ 酷喔 | 中華今天會跌多少來歡迎新董呢 | 這位宮鬥力比營運能力強的郭董，應該對2412的前進沒 | 有太多幫助。 | 來中華過水易 | 六個對感覺好冗，真不簡潔的口號 | 員工投訴大會兼股東會 | 以為是30出頭= = | 三十初當cht董事長？又不是悠遊卡公司 呵 | 口號治理 | 58歲年輕人...好啦這家不意外 | 這家2萬多員工平均年齡51 | -3中 | 今天股市不給面子~最年輕也沒用~ | 果凍+1 | 有人不知道董事長是… | 都半截入土了。。。 | 笑死，先把eSIM卡政策改為線上申請＋免費再來說吧！ | 哈 | 今年股東會會開到幾點壓XD | 只代表是老人團隊 | 網路太貴那時候要降價 | 00878 不好意思 還有1.67% 要賣 | 00878: | 太年輕被878看沒有... | 少個人來分錢也好 | 難怪最近都沒在型男大主廚看到他，原來是跑去中華 | 電信當董座了 | 可見以前董事長有多老 | 算年輕了啦 看看讓利鋼的已經幾歲了退休幾年還不走 | 當年連勝文被傳要當CHT董事長..如果成真就是最年輕 | 後來被張善政推薦他康乃爾室友蔡力行來當董事長 | 如果換黨執政 董事長應該還會換吧,原文標題：中華電最年輕董座首度主持股東會總經理仍懸缺 小股東：找AI取代 原文連結： https://reurl.cc/3xDy49 發布時間：2022/05/26 記者署名：戴嘉芬 原文內容： 中華電信今（5/26）舉辦年度股東會，由新任董事長郭水義親自主持。戴嘉芬攝 中華電信董事長郭水義在5月4日接任董座一職。今（5/26）首度主持年度股東大會，在數 百位股東兼員工面前，回應各式各樣、千奇百怪的問題。有小股東說，郭水義既然是中華 電信歷任最年輕的董事長，希望他能年輕有為，帶領中華電信走入下一個世代。 郭水義現年58歲，在2019年接任總經理一職時，已是中華電信歷任最年輕的總經理，如今 又成為最年輕的董事長。 有位劉姓股東發言表示，俗話說年輕有為，郭水義既然是最年輕的董事長，但究 竟能不能做到有為還未可知。劉姓股東說，既然是最年輕的董事長，期盼他能帶領中 華電信進入全新的下一個世代。 郭水義接任總經理時曾強調要做到六個對，包括做對的事情、把對的人放在對 的位置上面、用對的方法、使用對的工具以及在對的時間把事情做對。 此外，郭水義在5月4日接任董事長一職，且兼任總經理。目前中華電信總經理接任人選遲 遲未有下文。因此也有 股東發言表示，目前董事長旁邊少一個總經理；呂姓股東還開 玩笑說，既然目前沒有總經理，現在AI這麼流行，總經理是否可用AI取代，下一個總經理 是活人，還是AI？還不知道呢 。 對於小股東的意見，郭水義表示，中華電信目前推動四大價值觀，我個人把誠信擺在第 一位，跟主管和工會代表互動時，也會表達我對誠信的重視。 郭水義並澄清，自己並非中華電信歷任最年輕的董事長，賀陳旦才是上任時最年輕的董事 長。至於總經理目前仍懸缺未決一事，郭水義則表示，將於股東會後，在最短時間內依照 公司治理法定程序盡速完成，希望大家能夠理解暫時的監任只是一個過渡性時期。 心得/評論： 種花電信的大型員工大會又來啦 今年還會開到晚上嗎 小股東還真有趣 總經理也要說一下AI 或許未來可以改為虛擬電信 00878倒貨倒到準備挑戰去年除息前的高價位 波動已經超過海公公了唷 
[新聞] AI取代總經理職務？中華電信董座郭水義：,2023-05-26,19.0,用AI怎麼酬庸~~ | 還是得有人蓋章負責的 | 聽起來挺好的 是ai教導這樣回答的嗎？ | 標題看一半就想噓，不要浪費大家的時間好嗎！ | AI怎麼喬工作？怎麼靠關係拿訂單你說？ | 這回答AI寫的吧 | 中華電高層，應該擺顆西瓜也是差不多？ | 有些位置要的不是實力啊 | OP | 這年頭啥都可以蹭AI啦... | 「我的老闆是AI」 | 但總經理AI的機器學習階段是要怎麼訓練？？ | 台灣不尊重專業由基層自己開始^^ | 酬庸搶著做 不會取代 | AI一定先取代下面員工，怎麼可能先取代上面的人 | 通常大頭都有大頭症、董娘賣股等，用AI來取代對公司 | 有益 | 結果是艾肥森 | 哈哈哈,原文標題：AI取代總經理職務？中華電信董座郭水義：依公司治理盡速選任 原文連結： https://bit.ly/3BYW9eW 發布時間：20230526 11:31 記者署名：經濟日報 記者黃晶琳 原文內容： 電信龍頭中華電信（2412）今（26）日舉行股東會，員工股東發言踴躍，包含提問新任董 事長郭水義是否年輕有為，以及總經理人選懸缺，未來是否由AI取代。郭水義則指出 ，將依公司治理盡速選任。 中華電信股東會上，員工股東發言踴躍。員工股東發言表示，很多人以年輕有為形容領導 人，董事長你符合年輕，但有沒有有為要持續觀察。 此外，員工股東也指出，現在ChatGPT很紅，總經理人選還沒出爐，未來總經理會是真人還 是AI？郭水義表示，依公司治理會盡速選任，現在暫時兼任只是過渡性的。 關於人力遞補問題，郭水義表示，任職總經理期間就相當關注人力問題，接任董事長後， 更聆聽大家寶貴意見，在人力部分選用育留，人才是我們四大資產之一，打造幸福職 場是重要目標。 員工股東也關注將來銀行持續虧損，2022年中華電信認列將來銀行虧損4.15億元，成為業 外布局中，虧損最高。 中華電信表示，將來銀行去年3月開始營運，還在衝刺業務及提升營運規模，導致虧損，但 創新服務都是三家純網銀中領先的業者，已經推出保險業務、法人戶等，5月10日推出房貸 業務，都是三家純網銀中第一。 中華電信表示，將來銀行中長期將持續推動金融創新，藉由創新服務來擴大規模，提升獲 利目標。 心得/評論： 中華電信總經理如果真的用AI，好像很有搞頭，會不會經營績效反而更好.....經營不好 就推給模型就好XDDD
[新聞] 國巨、中華電掰！00878新增緯創、日月光,2023-05-31,38.0,"正2教即將抵達戰場 | 被套元件死去 | 還不如買正2 | 11月換股開發金又能吃一次豆腐 | 根據截圖中的回覆，開發金到下次11月底調整時才(還 | 是)會被878剔除咯 | 因股利分數被踢除，開發怎麼解釋 | 四月底決定成分股 開發金五月才開股東會 揭示0*6 | 開發= 開會時還沒公佈 所以沒踢 | 年底大概就踢掉了啦 | 韭菜etf. 沒踢開發金跟台泥 | 這種納入根本有問題 外資狂賣高檔股票 | 給投信接 | 開發金 技術性躲崩 厲害 | 貳 | 但是神轎現在很貴欸 | 謎之操作邏輯,跟00900有得拼 | 神教很貴？全世界封測龍頭市場只願意給個位數本益 | 比也是蠻可憐 | 神轎接近近年高點  近兩年eps也不會好看  長期持有 | 先進封裝也沒什麼它的分  成熟製程的單又變少 | 維持目前股價的話  除息後99%一年內不會填息 | 哪裡高股息 | 追高接貨專用etf | 希望中華電 878賣的下來 | 中華已經砍完了吧 | 中華看量沒砍啊？ | 中華電不下來怎麼買~想接100中華電 | 中華電不用到100，我105接爆 | 8/24-8/31  31580->8842 | 坐等中華南下 | 追高仔 | 中華電 砍完了，謝謝。 | 厲害了我的韭 | 神轎單變少 | 技術性躲刀  開發金很會欸 | 丟中華電很奇怪 不是穩定配嗎 | 中華電大官都不買中華電的股票,你買？？",原文標題：國巨、中華電掰00878調整成分股 新增緯創、日月光投控 原文連結： https://tinyurl.com/y8yh962e 發布時間：20230531 17:20 記者署名：經濟日報 記者高瑜君台北即時報導 原文內容： 新國民ETF國泰永續高股息（00878）所追蹤標的指數MSCI臺灣ESG永續高股息精 選30指數，其最新成分股調整於5月31日完成生效， 本次新增成分股為緯創（3231）、日 月光投控（3711）二檔 ； 刪除成分股則為國巨（2327）、中華電（2412）兩檔。 依據MSCI指數公司資訊，本次調整成分股中， 緯創因市值提升先前已被納入母指數摩根 台股指數，同時在股利分數與ESG表現等面向亦達標 ，符合MSCI臺灣ESG永續高股息精選30 指數的篩選規則而納入； 日月光投控則因股利分數符合規則而被納入 ； 國巨、中華電則是 因股利分數排序值降低而刪除。 國泰投信表示，本次調整仍維持該標的指數較穩健與低周轉率的特性，另以最新產業趨勢 觀察，因輝達財報優於市場預期，台股相關供應鏈也有望受惠，此次，新納入成分股緯創 、日月光等在伺服器與封測領域亦具AI題材概念，將有助增添標的指數的成長性。 調整後金融占比約略不變，整體觀察，就今年已公告金融類股各月獲利情況來看，多已回 復成長動能，整個5月台股上攻行情中，金融類股亦為外資買超最明顯族群之一，顯示亦 有市場資金開始留意其營運轉機。 國泰投信說明，國泰永續高股息指數成分篩選條件，包括最新ESG評級、股利分數等依據 ，而根據MSCI指數公司公開之編製規則， 指數調整之數據依據，係截至最近一次審查資料 基準日，也就是調整生效日之上一個月底。 同時，股利相關資料，亦以符合MSCI公司全球股利政策資訊規則（須股東會核定）為準， 此為投資人在了解ETF標的指數時亦可關注之處。 國泰永續高股息在5月18日規模首次超越2000億台幣，成立不到三年即再次創下台灣ETF 成長最速紀錄，可見其受廣大存股型投資人歡迎的熱度。 國泰永續高股息ETF經理人游日傑分析， 國泰永續高股息可獲得百萬以上投資人支持，主 要因為其核心選股理念，不僅是對高殖利率有要求，同時也包含對ESG、近四季EPS、殖利 率平穩性等標準，提供了投資人長期較安全、波動度較小的投資選擇，較不易選到景氣循 環股，出現賺股息賠價差情況。 展望後市，美國白宮與共和黨在周末完成了舉債上限的初步協議，未來一周不必再過度擔 心美債違約的風險，惟未來一周國際總體數據較多，包括美國JOLTS就業報告、美國官方 就業數據等，市場焦點可能從產業亮點轉往景氣評析，也是投資人可留意的動向轉折，現 階段建議以熱門題材族群與較具防禦性的高股息族群並重的方向進行布局。 心得/評論： 國巨、中華電因為股利分數太低而被剔除 一定會有人問：那開發金呢？？ 配上這張我在社群上看到的圖 以及標黃色那段文 大家就知道原因啦（再拿出來鞭） https://i.imgur.com/tQGoTVs.jpg
[新聞] 2412 中華電 工會4日遊行 要求勞退新制,2023-07-03,57.0,"i dot car | Who fking cars? | 怎麼感覺哪裡怪怪的，法定勞退就6%，不找立委找公司 | ，笑死，立委可能也沒空鳥你。 | 公司連自提的份一起出的話，推到爆 | 帥喔，好不容易可以抄底 | E P S都沒成長多少，還想加薪啊 | 看起來是想勞工比照公務人員!? | 官股共業 至少政府比財團好欺負 | 不適任汰除制度先弄好再說，好幾個朋友被擺爛老屁 | 股搞到待不下去，汰強留弱 | 支持 | 公司民營化都變一般勞工了怎麼可能另外修法弄特例 | 利空出盡 噴 ! | 先賺錢再來談吧 | 救救中華電 | 加薪感覺比勞退提高有感吧？！ | 不可能改的，政府這麼爛 | 去年人人都有的飆股今年無人問 | 薪水比照公務員啊 保證哭出來 | 115這個價為蠻適合入手的 | *價位 | 我覺得可以改成跟公務員一樣強制提撥15% 公司負擔6 | 5% 員工自付35% 我想員工應該也不要吧 | 他們想要的應該是公司強制提撥9.75% 自提不強迫 | 支持勞退新制提撥要再高一點 差舊制太多了 | 主要是因為勞退舊制提撥比較多吧？ | 公司提撥變高，就是降你的薪水啊，朝三暮四有比較 | 好嗎 | 原本你月薪100,000 ，公司要提撥6%就是$6000 | 線上服務可以用AI取代大部分了吧 不砍員工嗎 | 改成提撥10 %的話，公司還會給你月薪十萬嗎 | 冗員趕快F掉 才是對得起投資人 | 認識裡面的人就知道 基本上可以砍至少20%員工沒問題 | 把你降薪96000，再提撥10 %好了 | 難怪EPS沒進展 | 退撫新制是領完就沒有，公會願意退撫新制辦理？偷 | 換概念到誇張欸 | 我是很樂見中國與歐美國家競爭，台灣的生存空間會比 | 較大一些。 | 抱歉、推錯。 | 退休金比照公務員 獎金也比較好了 | 大家都不希望以後退休生活好一點，中華電信員工為 | 自己退休金多一點，大家都反對。 | 不如要求政府把公務員公提砍到6% 訴求比較容易達成 | 支持爭取的權利…但 去吃屎吧 | 提高最後也是反映在未來新人的薪資和用戶的帳單上 | ，不然eps怎麼維持，說好聽是幫新人爭取權益，說難 | 聽也是為了自己荷包著想，不然市場飽和的情況加業 | 務量沒什麼成長的情況下，不就代表員工都沒在進步 | ，為何要每年加薪？ | 中華電多賺得錢,都給員工,投資人股利不用抗通膨 | 羨慕 | 子公司要不要比照辦理阿? | 有看過哪家賺錢多的員工會在意提撥金嗎? | 當自己是國營員工喔？ | 中華電大官都不買中華電的股票,你買？？",原文標題：中華電信工會4日大遊行 要求勞退新制要提高、不排除罷工爭取權益 原文連結： https://reurl.cc/Ovmql3 發布時間：2023/07/03 18:18:11 記者署名：黃晶琳 原文內容： 中華電信工會2022年上街抗議的照片。圖新北市產業總工會提供 中華電信（2412）董事長郭水義日前才剛承諾，新一年度加薪，加薪幅度一定超過公務人 員水準（4%）。但中華電信工會則持續爭取勞工權益，3日傍晚發出中華電信工會0704勞 退新制要提高大遊行採訪通知，預計4日中午從凱達格蘭大道遊行至交通部，並獲得全國 環保公務機關總工會、台灣醫療工會聯合會、台北市產業總工會、桃園市產業總工會聲援 ，更將一起在交通部前宣讀罷工投票啟動宣言。 中華電信工會指出，先求有，再求好，18年來勞退新制沒變好？，政府不修法，電信 工會推罷工，為年輕人拚到15%以上 中華電信工會指出，遊行訴求包含：一、政府應全面檢討台灣勞工退休制度，讓勞工退休 生活有基本保障。 二、勞退新制18年未曾提高，政府不修法不思改進，中華電信工會將 推動罷工投票要求公司提高勞退提撥到15%，力挺年輕基層員工 新制7月1日上路 對公務人員來說是倒退？ 中華電信工會新聞稿指出，今年7月1日，公務人員的退撫新制《公務人員個人專戶制退休 資遣撫卹法》即將上路，其中，新進公務人員退休金，會從現行的確定給付制改為 確定提撥制，並設立個人專戶，而強制提撥費率15當中由政府代表雇主負擔65，換 算起來，政府將會提撥給新進公務人員9.75，高於現在勞退新制中規定雇主提撥給勞工 的6%。 中華電信工會表示，雖然這項制度對公務人員來說無疑是倒退，但很可悲的是，這樣的條 件卻是台灣勞工18年來未曾靠近的目標，因為94年7月1日勞退新制《勞工退休金條例》上 路，政府卻只規劃雇主提撥不低於6%，讓雇主負擔每位勞工的退休金成本相較舊制減少一 半以上，時任勞委會主委陳菊曾經說出名言 先求有，再求好 ，可是過了18年，台灣 勞工還是只有6%，完全沒有變好，不只在個人帳戶制的6%提撥未曾變好，包括資遣費砍半 、延壽年金從法令中刪除等等問題，都是政府不願面對台灣勞工退休水準低落的證據，而 且這種一國兩制的狀況，已經促成年輕員工的流動率提高，直接影響企業未來的競爭力。 中華電信工會指出，歷年來，數次與資方協商爭取提高勞退新制雇主提撥率，希望減少新 舊制員工退休金的落差、提升年輕會員退休保障，達到留人留才、勞資雙贏。然而中華電 信公司卻推翻協商承諾，直到最近工會動員遊行，才提出一項未被工會接受的方案，顯然 毫無誠意。 要求政府正視訴求 爭取提高年輕勞工退休金 中華電信工會表示，經過會員代表大會決議，為了爭取提高年輕勞工的退休金，早已於 106年申請勞資爭議調解，歷經兩次在台北市政府勞資爭議調解委員會協商後，於107年3 月9日確定調解不成立。因此，中華電信工會將於今年度配合其他調整事項勞資爭議，正 式發起罷工投票。從111年底至今，中華電信工會已經召開超過百場罷工說明會，請中華 電信公司從善如流，盡速答應提高勞退新制雇主提撥至15%以上，千萬不要挑戰電信勞工 的決心。 中華電信工會表示，今年7月4日勞工大遊行，是勞退新制實施滿18週年、公務員新制退休 金制度正式上路的時刻，我們要求政府正視修法提高勞退新制提撥率的訴求，同時力挺中 華電信工會實踐爭議權及協商權，自力救濟爭取更好的勞動條件。 隨著總統選舉將至，中華電信工會表示，嚴正呼籲各黨總統候選人，明年將是四年一度的 總統及立法委員選舉，請政治人物們不要輕忽退休制度在勞工心中的重要性，全面檢討現 行保障不足的勞工退休金制度。請政府不要想砍勞工國定假日的時候，就說要一體適 用、全國一致，但勞工要求提升退休金提撥率的時候，又變成是兩回事我們絕不接受政 府繼續把勞工當作二等公民 心得/評論： 除息前就開始有棄息賣壓了 除息後更是跌跌不休 目前殖利率已經高於10年期美公債殖利率 導致種花電信的市值直接落後台達電子 之前一直拿種花電信和海公公電信一起比 今天兩大電信股價已經要準備黃金死亡交叉 明天海公公電信要除息了 會不會交叉還很難說 
[新聞] 下戰帖 中華電工會怒獲利亮眼還僅提撥6％,2023-07-04,119.0,"可以啊  賺錢+15% 賠錢+2%  持平+6% XD | 實領-9%進退休金會比較高興嗎 | 智障 | 本來就六趴 | 中華電信網路貴又爛～用過就不想再用了 | 就2樓講的 | 增加提撥就是薪資凍漲而已 | 支持 | 勞退+勞保，薪資凍漲十幾年 | 左到自己在幹嘛都不知道了 可憐啊 | 張忠謀：好企業不需要工會 | 不夠叫政府補 | 我看中華電信是該裁員跟外包了 | 欸欸你口中要打的股東是我們的納稅錢欸，當勞工的 | 火車頭打勞工的納稅錢？？公三小 | 這種半國營的如果獲利太高那應該是先調降費率 | 真的太閒還有時間上街，看來員工太多了 | 最近五年營收跟獲利都沒甚麼變 | 誰給你的膽子要求加薪15% | 如果一直待在同公司，新制爛到靠杯 | 新制每個月給你，累積獲利，不見得差 | 我記得公務員新制好像可以自選投資標的 | 只覺得寬頻網路真的貴！！ | 這篇新聞的圖只看支付總額是不對的 | 以後可能會抗議這個  =.= | 中華點信不是公務員啦 | 公務員目前沒有像勞退這種帳戶制的退休金 | 公務員新制 改了  跟勞退差不多 | 87工會.. | 今年考上的就是都用新制的 | 在公三小 | 以後鄉民也沒得酸了 因為跟勞工沒啥太大差別=.= | 只是聽朋友說比勞工好一點  可以自選投資標的 | 關年輕人屁事，又領不到 | 提撥提高 應該算變相加薪吧.... | 種花真D爛 | 規定是不能低於6%，不過好像沒聽過有給高於的… | 呃 爭那個15%長久而言財務不容易啊 | 提撥調高就凍薪啊 | 你抗議一下 我加一咪咪  大家各自回家 | ESG就是拿來漲價的假議題 台灣就是讓員工活著不要 | 死就好 | 15%太客氣了吧 50%起跳好嗎不然怎麼退休 | 有些地方加薪不到一千的怎麼辦QQ | 國營屌打公務...咦？ | 在我們這行業，某些外商會給優於規定的6%喔 | 還有間公司是員工自提6%的話，公司的部分多提撥6%共 | 12%給你 | 支持勞方 | 上限也才12%…. | 韓國SKT平均年薪可是400萬哦，鬼島競爭力慘輸 | 我知道 skt非可 年薪超高 | 嗯，應該先裁掉冗員來提升eps，不然獲利多個毛毛雨 | 實在很難說獲利亮眼... | 公司是一定要提最低6%勞工本身看要不要自提最多6% | 吧 | zzzz的意思是 公司除了提撥6%, 還看員工自提多少 | 再同樣補多少, 我老婆以前公司是這樣沒錯 | 有貪婪員工難怪股價上不去，貼息定了 | 政府規定公司提撥最低6% 沒說不能超過6% | 一堆私人公司都是6% 這些人憑什麼要提高 | 貪得無厭？ | 要提撥15%以上至少15% 不然要罷工欸 | 不爽可以離職 | 先降光世代的錢好嗎，好貴啊…. | 罷工大家一起斷網好不好~ | 不懂 提撥15%他實領不是比現在少嗎？ | 不用離職吧，罷工就是合法手段了 | 說真的，這工會很噁心，我只認為是無理要求 | 其實就是想爭取跟部分外商一樣公司提撥超過6%，當 | 然公司提撥是另外計算 等於是變相加薪9% | 這沒什麼合不合理 爭取福利而已 至於台灣公司的尿 | 性 漲公司提撥%數直接會凍漲月薪這件事 他們不會考 | 慮在內 如果凍漲他們工會大概會發起另一項罷工 | 公司會計時公司提撥也會算進個人薪資 不然之前外送 | 員不加勞保領十幾萬領多爽 | 勞退又不是中華電信的 基本上不會是中華電信說的算 | 貪婪的員工,可憐的股東,客戶 | 20年前股利 4.5元/張,現在也是一樣 | 激怒調薪 ㄏㄏ | 人家在爭取權利，你們在酸什麼。 | 有種也去跟你們老闆說要15% | 樓上中肯。福利不就這樣爭取來的，社會上不爭取等施 | 捨，等死。羨慕有強大工會的公司嗎？ | 15%只是口號，但確實還是要實在一點。公司真的會被 | 福利搞到 | 每提高1%影響公司獲利多少？給個數字吧！這影響的是 | 所有中華電信股東的權益，也影響0050等ETF的報酬， | 而各項基金，例如勞保基金也有持股，幾乎影響全民。 | 這裡是股版不是工作版 沒辦法獲利的員工趕快裁一裁 | Eps 看不出來有加薪15%的理由 | 想體貼員工 你貼去salary 板同溫層不會喔 | 這裡是老闆版 | 現在人連鐵飯碗都要嫌喔? | 勞退提撥15%跟加薪15%差很多 | 勞退提撥15%大約5000 但是不可能到15%啦 | *大約多5000 | 6%是公司自己要出的，不是從員工薪水裡面扣，回應 | 樓上某樓問題 | 不爽不要幹啊 | 果然又一堆酸酸，難怪慣老闆永遠不怕... | EPS就這樣啊！還不到加薪的時候吧！ | 這邊怎麼一堆cosplay資方仔 | 我也希望我的公司提撥多一點，不過那個是固定的科 | 科 | 這邊是資方版 一堆大老闆藏在推文你不知道喔 | 持有中華的站在股東權益思考吧 XDDD | 推文一堆奴隸，可悲阿~~活該低薪 哈哈哈哈 | 推文一堆錯的,公司最低6%要再高也可以,個人6%就是頂 | https://www.bli.gov.tw/0012933.html | 結果這近20年新制,大家都被洗腦成公司只能6% | 不想用中華，只想拿錢給其它家幫人養小三，真的笑 | 死人。 | 問題在民間公司沒違法當然用最低，真不是我要為老 | 闆講話，我個人都沒有自提6%了，不然你政府改法規= | _= | 再吵用AI取代 | 米蟲太多了 eps成長難看 | 非主管年薪平均154w,還在吵,台灣大109w",原文標題：向交通部下戰帖 中華電信工會怒獲利亮眼還僅提撥6 原文連結： https://reurl.cc/mDYxGl 發布時間：20230704 15:26 記者署名：周彥妤 原文內容： 中華電信工會上演拉倒勞退新制6%冰雕秀。記者周彥妤攝影 抗議勞退新制提撥6%苦守寒窯18年，中華電信工會疾呼至少提高至15%，否則不排除 發動罷工，今天召集工會團體近2000人走上凱道，終點站走向交通部，更上演拉倒勞退 新制6%冰雕秀，疾呼連中華電信獲利亮眼都還是提6%，工會願當全台青年勞工火車頭， 更向大股東交通部下戰帖戰爭即將開始 中華電信工會表示，中華電信工會經會員代表大會決議，為爭取提高年輕勞工的退休金， 早已於2017年申請勞資爭議調解，歷經兩次在台北市政府勞資爭議調解委員會協商後，於 2018年3月9日確定調解不成立。 因此，中華電信工會將於今年度配合其他調整事項勞資爭議，正式發起罷工投票。從2022 年底至今，中華電信工會已召開超過百場罷工說明會，請中華電信公司從善如流，盡速答 應提高勞退新制雇主提撥至15%以上，千萬不要挑戰電信勞工的決心。 中華電信工會呼籲，明年總統及立委選舉，請政治人物們不要輕忽退休制度在勞工心中的 重要，全面檢討現行保障不足的勞工退休金制度。 中華電信工會指出，全台灣民眾都知道，中華電信公司近年獲利狀況非常亮眼，2022年度 中華電信公司營業收入、營業淨利、稅前淨利及每股盈餘皆超越全年財報預測，中華電信 公司全年合併自結營業收入為2167.4億元，營業淨利468.4億元。 EPS部分，2022年中華電信為4.71元，與電信三雄其他兩家公司比較，這是我們大家共同 打拼出來的成績，如此亮眼的獲利，領先同業那麼大的差距，前任謝繼茂董事長、現任郭 水義董事長，永遠只會說明年確定加薪，再給員工一個屈辱的加薪數字，加薪1000元 ，不只這種羞辱人的加薪，其他像員工酬勞、OT轉型應先協商、績效獎金納入平均工資、 05職責層次考核80分要晉升等勞資爭議調解全部不成立，沒一項成立。 中華電信工會表示，獲利同時照顧員工本該是天經地義，加薪以外，增加勞退新制保障是 另外一項重點，工會三年來不斷向公司訴求提高勞退新制，因為年輕員工適用的6%，就是 讓雇主負擔勞工退休成本少掉一半，是不公不義的一國兩制。 中華電信工會今召集工會團體近2000人走上凱道，終點站走向交通部。記者周彥妤攝影 中華電信工會疾呼願當全台青年勞工火車頭，告訴大股東交通部戰爭即將開始。記者 周彥妤攝影 心得/評論： 大熱天拿起冰雕也是很有創意 工會真的能戰勝資方嗎 不然ESG這項很難加分喔 今天股價先止跌是一個跡象 會不會連兩年貼息 由時間證明 https://imgur.com/4gSsoHa https://imgur.com/01X5Pdr
[新聞] 北市中華電信大樓頂樓起火 滾滾濃煙籠罩,2023-07-14,61.0,"訊號來了！！！ | 噴 | 冷卻水 ai水冷 + 雲端 噴 | 訊號！滿倉 | 噴 | 信號來了，懂得就懂 | 噴爆 | 非主管年薪154w,又要加薪了嗎? | 烤肉不要火這麼猛好 | 上次某ABF火燒後股價也開始噴 | 種花也玩發爐?? | 中華也有訊號喔? | 訊號 哈 | 扣訊 | 股市跟氣溫一樣強強滾 | 噴 | 訊號來了 | 噴爆 | 這也可以！？ | https://i.imgur.com/7Mq12Ab.jpg | 訊號來了 | 準備歐印 | 中華電信「研究院」而已 | 難怪我家下午都是消防車的聲音 | AI自動消防 + 浸沒式水冷機房 噴 | 中華今天已經大漲1.5元了 | 超爽不用上班 | 燒起來就是噴 | 欣興已經給提示了 | 不要不信，火災就是股價要噴了的訊號 | 噴 | 其實機房裝沉沒式水冷真的防水耶 | XDDD打太快 防火 | 噴 | 訊號來了 | 要是中華電信大漲…各位懂的 | 訊號來了 電信三熊  噴！！！ | 火山爆發 | AI 軍工無人機浸沒式水冷消防散熱系統 | 訊號！ | 大漲1.5慶祝 | 信號來了 明天歐印2412 | 真‧訊號 歐印！！！ | XDDD | 好不容易除完息回近110了~等等我!要上車啊 | 那棟上面不就交通部嗎....種花店只有樓下幾層 | 明天不開市哦 | 訊號來了 | 啊~因為才換100M 799耶 | 旺 | 到處發爐，呆股要狂噴了各位還看不出來嗎？ | 禮拜一掛漲停買得到嗎QQ | 冷卻靠壓縮機 | 研究院沒屁用 | 好在不是雲端機房燒了 | 這是在大安站附近，不是總公司那邊 | 發爐就是噴XD | 台哥大被壓在地上打 | 越燒越旺~MON歐印 | 發爐了還不快all in，再慢就來不及啦XD | 要噴了，但是是往下噴~",原文標題：北市中華電信大樓頂樓起火 滾滾濃煙籠罩大安區 原文連結： https://www.setn.com/News.aspx?NewsID=1322929 發布時間：2023714 記者署名：李依璇 原文內容： 台北市信義路四段74巷今（14）日下午4點41分發生火警，現場為中華電信研究院台北辦 公室，起火點位於10樓頂樓，疑似是冷卻水塔施工引發火勢，火場竄出大量濃黑煙籠罩大 安區。台北市消防局獲報後已到場拉水線灌救，目前火勢受到控制，所幸無人受困，殘火 處理中。 心得/評論： 傷亡財物損失看起來還好 不過股板常說火攻就是訊號 如果中華電信真的噴了 我就問各位怕還是不怕？ 
[新聞] 蘇姿丰訪台 中華電將參與超微合作夥伴會議,2023-07-18,220.0,"2412也能噴？？？ | 中華電信先搞好5G | 中華: 終於讓我進入AI十大元帥排行榜 | 2412 AI概念股 | 中華也能噴? | 種花電也能這樣噴就厲害了 | AI電信 | 中華電也變AI股了嗎 | MI300 H100 關鍵字 | AI電信 | 中華電一樣也給個40倍  200以下都買點 | 沒道理 | 中華電：我也是AI股，先來兩根漲停 | AI電信股來了 | 2412要被凱北鎖了嗎 | 2412也要變飆股嗎 哈哈 | 先別噴 | 這要是學緯創那種噴法 有可能ㄇ= = | 種花也會噴就有趣了 不過牛皮放著也沒差就是 | 可以回到130就好 哈哈 | AI沒有網路怎麼運作!!!電信股飆起來～～ | 笑了 | 2412也想噴啊!!! | 很難想像中華電漲停鎖住的畫面... | 台灣大要不要出來蹭一下 | …連中華電也想炒？ | 大漲1元 | AI電信 屌打鴻海電信 | 種花明天漲停我吃___ | 明天要噴了 | 大家都覺的不可能，明天買一張來等 | AI本來就離不開網路 尤其各種雲端服務 | 種花明天漲停 | 色情AI守門員 ?! | 屁啦 中華電也想噴喔 | 2412也有AI,最近銀行都有智慧語音客服,那也算嗎? | https://i.imgur.com/GkMaZgq.jpg | 存股變飆股又要再一檔嗎 | AI色情領航員 飆股起飛 | 中華電信研究所就只會承辦設備採購案而已，AI 什麼 | 都算了吧 | 請問中華電有漲停過嗎？ | 明天1根？ | 不會吧 CHT要上150? | AI守門員 | 中華電不是債券嗎？？ | 理論上 CHT算AI間接受惠吧 資料中心網路用量提升 | 明天買中華電 有AI可以買了 | 中華電漲停會變傳奇吧(? | 明天掛漲停買的到嗎 | 快笑死 中華電也要變飆股了嗎 | ............... | 2412也能漲停就厲害了 | 有生之年能看到2412燈嗎 | 中華電信可以半根嗎 | 換中華電變妖股 | 2412明天亮燈就好玩了 | 明天亮燈嚇死你 | 2412亮燈的畫面太美  好想看看 | AI守門員 | 中鋼都能漲停  只剩下2412沒看過漲停了XD | 中華電 存股變飆股 | 中華電信研究院有AI相關的所 | 2412你能亮燈我就服了你…比2330亮燈還難見 | 要看到中華電漲停的奇景了嗎 | 明天漲停嗎 | 2412明天買得到嗎.. | 2412 110買,125以上賣  每年做一次 勝領三年股利 | 凱北大大 明天可以幫拉漲停嗎 | 有沒有用啊，台灣的 AI 人才本來就不多了，人才會進 | 中華電信研究院的機率為零 | 想要漲，只要跟AI扯上關係就可以 | 中華電信研究院很多位李琳山教授帶出來的博士 | 有啦 今天進線他們家的客服 AI語音辨識你想辦什麼 | 服務 滿厲害的 | 中華電要漲停 不知道要砸幾個億 | 有生之年要看到200的種花了嗎 | 語音識別他們做的 | 不過他們家固網業務入門級別價格好硬 | 現在股票跟復活邪神三貿易商社好像，砸錢就對了 | 中華電信表示：該我漲停了吧！ | 有AI 噴 | 網路泡沫年代中華電信也是試著學 Yahoo 想做 Web Po | rtal,... 結果一點影響力也沒有 | 要不你說說中華電信研究院在哪個 AI 知名會議有發 | 表過任何論文？ | 種花要噴了！先到300 | 說的出來我就更正道歉 | 想看中華電漲停 | 研究院還是有不少強者的       漲停我的持股還是不 | 能賣 | 這隻股本775億 可能性不高 | 中華電可以跌到90嗎 | 竟然是ai電信 | 不過中華感覺是消費者 這樣也能噴？ | AI電信 | 宏碁也是消費者 | AI電信開噴!! | 大家都A起來 | 穩了明天比手速…噴噴噴 | 國內如果有機構想建構自己的生成式 AI 產品，中華電 | 信是會有生意的 | 亮燈 | 準備噴？？？ | 明天一根 | 不過實在看不出來 -- 即使有國家補助 -- 台灣公家 | 機構或或私人企業有誰有能耐建構出拿得上檯面的生 | 成式 AI 產品 | 要比 AI 研發水準，香港都輕鬆碾壓台灣，尤其是香 | 港的科大和中大(中大這簡稱我只認這一家) | 我想見識一下中華電信漲停 | 蹭 | 回來炒股囉 | 有AI 明天一根 | 笑死 這樣也能 | 色情守門員？ | AI守門員 青少年的夢魘 | 不種花了 要改種AI | 厲害了 這我真的沒想過 | 拜託中華電回到市值第4好嗎 | AI守門員 無所不擋 | 人生清單 2412漲停 | 不要做夢好嗎 高層一堆食古不化的公務員怎麼推 | 明天2412少說半根 不要不信 | 等一下，中華電信漲停！！？ | 認真有前輩看過2412漲停嗎 | 種花你買了也不會賠啊，可以當樂透 | 不要啊我的存股還買不夠多啊QQ | the 蹭  ?! | @bj45566 我認識中華研究院發在AI頂會 ICLR 2023 | https://imgur.com/4gSsoHa | 用AI判斷情色網站技術 應該早就有了 | 今年大谷年，不要不信中華不會噴 | 先跌一根再說 | @woulin：能麻煩給個連結嗎？ | https://i.imgur.com/zEVjrjS.jpg | 不能只有2324噴啊...我也要求一根 | AI色情守門員，哇，商機無限，將軍先買個3張幫大家 | 試水溫！ | 以後打洪爺就只剩漢堡店惹QQ | 我好像 Google 不到... @@ | 中華電亮燈我會笑死 | 中華電信的公有雲端平台拿出來給人笑的嗎？看看裡面 | 那可憐個位數的研發人員XD | 中華電信自己一堆系統都掛到AWS,Azure,GCP三大公雲 | 上面去了，怎麼能這麼臉不紅氣不喘的吹自家公雲 | 中華電也要噴了？！ | @bj45566 發表在下列ICLR 網址 | https://openreview.net/forum?id=IkHVGw_Ipu | 上面有pdf檔可抓 就會有看到作者機構 | 00878永動機欸 | 然後我認識一位中華研究院博士... | 也是屬於TOP2%的學者...別再說中華沒人才了 | 大漲1元 | 種花電信漲停鎖死的畫面 | 連色情守門員都要AI化..... | 2AI2  http://i.imgur.com/5wmol2R.jpg | 認識的中華電研究院的人學歷與學識真的是頂尖... | @woulin：可是這篇是才三頁的 tiny paper 耶 (不知 | 道這和 poster 有何不同？)... 頂尖會議的 poster | 蠻好投的，我唸碩班時把還很粗糙淺顯的想法寫下來 | 拿去投 WWW 就投二中二) | 不過我還是願意更正說法並道歉 -- 因為我認知中的 | 中華電信研究所(那時還沒升成院)已經是十幾年的舊 | 貌了，我不應該在都沒有更新資訊前先下斷語 | peace | 必須的 不然等星鏈一出所有基地台都要完蛋了 | 當年的Xuite還有多少人記得? | 隨著手機app的盛行誰還寫長篇大論的網誌? | 明天漲停 | 等等色情手門員直接跟預防犯罪連線 | AI電信股xdd | 看起來很好笑但是真的讓gpt進駐誰知道會有什麼改變 | 他說不定從新計算所有機房的效率找出問題機房 | 誰知道他會挖出什麼東西 | 誰知道會不會讓一些機敏曝光 | 你加註不家住都會讓人更好奇 | 講白了就是糧食自給率一直以來都不滿55% | 最近要升級500M就是要漲這個？ | 最不希望中華噴的是定期買的 | 不是啊，那這幾天中華電在跌什麼？感覺不尋常 | 才配4.7股價120？笑爛 | 市場都是有先聽到風聲的，永遠有人早知道，那這幾 | 天中華電信股價一直跌，就代表參加這個會議對中華 | 電信來說並不是利多 | 先跌再買？ | 四方游龍 | 中華電信未來會代理Microsoft 365 Copilot | 種花上次漲停是什麼時候？ | 台灣債券也能變飆股噴？ | 種花死魚很久了，蹭一下看能不能噴幾根 | 下一隻緯創 | 收到，買爆中華電 | 中華電漲停，瘋狗全部合力也沒辦法做到的事 | 糟 我還沒上車 | 中華電：換我接棒啦？ | 中華電也要漲停了？ | 鎖漲停？ | 噴上200???? | 中華電要噴了 | AI電信 噴 | 推文壞人多 | https://i.imgur.com/v2YYVc6.jpg | 2412一根 | 噴噴 | 昨天才暴跌 1.5 元 | 超級牛皮股要噴惹 | 不可能啦.......（ 轉頭開盤先買10 張） | 中華電網路霸主 數據加入AI訓練不得了 | 但用戶資料可以這樣給嗎? | 再噴我就買不起了，別啊 | 中華該不會也有漲停的一天？ | 各種噴 | 先買再說啦 | 中華電會噴嗎 | 可以先用AI過濾詐騙嗎 | 是怎樣 今天連中華電信也要漲停了嗎 | 文章是 中華電是買ai 不是賣ai | 中華電裡面有很多大神 真的是神級別的 當然也有很多 | 混吃等死的公務員 一問三不知",原文標題： 蘇姿丰訪台 中華電將參與超微合作夥伴會議 原文連結： https://www.cna.com.tw/news/afe/202307180367.aspx 發布時間： 2023/7/18 20:18（7/18 20:35 更新） 記者署名： 江明晏 原文內容： 超微（AMD）董事長暨執行長蘇姿丰訪台， 中華電信總經理林昭陽今天透露將參與AMD在19 日舉辦的合作夥伴會議，中華電信已積極投入 生成式AI 等各種應用，近年也進行AI轉型升 級。 蘇姿丰17日下午抵台，傳出將與和碩及台積電等台灣合作廠商會面，讓台灣半導體及伺服 器等產業鏈在AI產業的重要性受到關注。 超微19日將在台舉行AMD合作夥伴會議，林昭陽今天透露，將受邀參加與會， 顯示中華電 在AI產業也扮演角色。 他進一步說，中華電信積極投入生成式AI等各種應用，尤其中華電推出12年的hicloud雲 端平台，近年積極進行AI轉型升級，未來要挑選AI合作夥伴，AMD的AI晶片MI300或者輝達 的H100都是考慮標的。 林昭陽近期接任中華電信總經理，先前宣示上任後會推動中華電AI轉型，他認同AI的iP hone時代來臨。去年底迄今，ChatGPT與生成式AI持續引爆市場話題，重新激發林昭陽 在20多年前博士論文以AI相關領域為研究主題的學習初衷，他也帶領中華電內部推動研發 多個生成式AI相關服務的PoC開發實做。（編輯：楊蘭軒）1120718 心得/評論： 老牌存股一個一個噴出，就連中華電aka維持率守護者也忍不住要搭上AI的車了嗎 另外前幾天也是中華電ADR掛牌20週年，半國營企業能走到這也蠻不容易的 台積電福音 第一章 By資深PTT鄉民 1. 你早晚要買TSM的，為什麼不要現在買？ 2. TSM是你們的方舟，信者必得救。 3. Morris張 看見這許多迷惘的人，便走下山來，告訴他們，你們當輪班，信仰TSM。 4. TSM，願你的腦機介面晶片降臨，願你的晶片在這世上，如同呼吸般自然。 5. 神愛世人，甚至將他的TSM賜給眾人，叫一切信他的，不致崩跌，反得飆漲。 
[新聞] 中華電攻雲AI 揪AMD輝達結盟,2023-07-19,44.0,"今天真的要歐印中華電了嗎 | 這種消息應該早知道 然後昨天就暴跌了1.5 | 這年頭誰不能跟AI扯上關係...還有誰??? | 中華電炒得動嗎？ | 生成電話號碼？ | 各位觀衆，這輩子難得一見的中華電漲停 | 歐印2412 | AI種花 | 哪有跌 | 怒漲2% | 今天中華電應該買不到了 | 好奇2412有漲停過嗎？ | 中華電大哥說話了 | 只要有心 人人都是AI啊... | 要噴了 | 百分之百的AI受益股，亮個燈沒什麼吧 | 哇靠..真的想噴漲停是不是.. | AI可以缺網路嗎？ | 先把5G搞好來再說… | 你會懷念120的中華電的 | 跌吧  技術不夠強陪別人下去掏金只會虧錢 | 過了這個村沒這個電 | 現在才吵 慢了 | 一直廣告！ | 我家巷口炒飯也轉型用AI炒飯好了 | 笑死 復活12年前 要不要也復活恐龍好了 | 上看200 ,哈哈哈 | 唯一還沒漲的Ai概念股，等下手腳快 | THE蹭 | 沒漲停 爛 | 中鋼為何不成立一個AI部門.股價至少番十倍... | 中華電信也想秤一下AI | 全台灣企業都是AI | 航運要不要也搞個AI重返榮耀 | 期待的是他接space x的業務 | 怒漲5毛慶祝 | 中華電扯上AI我也是矇了 | 中華電是買ai 不是賣ai | 我敢說現在買不到 | 現在5530跟我說AI我也信了 | 中華雲那個介面爛死了，ai重寫code跟ui，那中華電 | 研究所可以裁掉了 | 現在什麼產業都要想辦法和AI沾上邊 | 中華電投資的將來銀行,不是還在虧損？",原文標題：中華電攻雲AI 揪AMD輝達結盟 原文連結： https://tinyurl.com/2412allin 發布時間：04:10 20230719 記者署名：工商時報林淑惠 原文內容： AMD執行長蘇姿丰低調訪台，再掀AI旋風，AMD19日邀請合作夥伴及相關供應鏈共同參與AM D Innovation Day活動，中華電信證實將受邀、並由總經理林昭陽代表出席，中華電正評 估AMD或NVIDIA，擇一採購生成式AI晶片可行性，積極布局雲AI版圖。 林昭陽強調， 中華電希望藉由與AMD或NVIDIA合作，利用生成式AI 讓12年前中華電的Hicloud 透過AI重生。 刻在美國的中華電信董事長郭水義18日表示，中華電信將擴大投資布局，在內容產業、新興 科技包括AI、大數據、雲端及資安等領域進行策略性投資或交叉授權投資，也會在國內或海 外市場尋求重點業務、並不排除與國際夥伴策略結盟、合資或策略轉投資。 另外，中華電信已在美國、日本、香港、新加坡、越南、泰國成立子公司，這幾年透過結盟 台廠在東南亞形成產業鏈，未來將在歐洲成立團隊，追尋台商腳步提供相關需求。 除此，中華電信將鎖定智慧城市、智慧交通、智慧醫療、科技子法等領域，廣邀策略夥伴， 由中華電信國際分公司及跨集團分公司團隊，協作共同打造國家隊、進行國際市場布局。 郭水義表示，中華電信ADR、才有中華電信民營化，也才能鬆綁中華電信組織及人事、薪資 結構與市場接軌，進一步促成台灣電信產業自由化，激勵中華電信量能釋放，近20年轉投資 近20個投資案，包括民營化後率先切割成立的中華精測公司，民營化後促成第一個併購案是 方電訊、轉投資神腦國際、KKBOX及勤崴科技。尤其光世代建設在中華電信資產活化扮演要 角，另外，民營化亦促成中華電信採購預算大幅鬆綁，讓轉投資策略、併購行動更加靈活。 中華電信未來將進一步推動中華資安公司及資拓宏宇兩家公司進行IPO，透過IPO擴大能量。 心得/評論： 今年最令人震撼的消息 不是通膨下降 不是FED升息 不是烏克蘭大反攻 是種花電信即將投入 生成式AI 想不到吧，今天大漲1元就算漲停一根了 https://i.imgur.com/xIcCg45.jpg https://i.imgur.com/1t5Wstv.jpg https://i.imgur.com/2uXZk9T.png
Re: [新聞] 中華電攻雲AI 揪AMD輝達結盟,2023-07-19,17.0,"新聞越多 代表大戶要出貨了 | 56 878不就已經有答案 要猜什麼 | 我大中華亮燈 | 感覺 。 猜的。 | 要拉會先通知你?想多了吧....... | 拉中華電？ 這是不是有什麼誤會？ | 正常是看是方吧？看母公司做啥 | 勤崴國際 | 中華現在115是要出甚麼貨  !@@! | 拉2412= =?你確定? | 拉不動 | 就是一個想法囉...股市本來就是預測 概率大小而已呀 | 有時候可能方向對卻時機沒到之類的 就討論一下而已 | 除息後又從117跌到114,自己愛殺,現在拉不動啦 | 外資主力自作孽 | https://i.imgur.com/qb3DFoI.jpg | 現在才放新聞是有個僻用",感覺中華電的新聞一直出來應該是要拉了？ 最近很多股票本來本益比10倍15倍左右 這一波漲到20倍30倍都有 如果市場冷靜下來開始算本益比 這些都不堪被檢視 如果還要持續多頭指數還要繼續往上攻 就要把一些平常的存股標的也拉起來 不然大家一定覺得買這些本夢比這麼高的 營收EPS都出不來的話效益在哪？ 還不如存股 漲多的就開始殺 多頭也不能延續了 所以把一些存股的本益比也拉高算是蠻必要的 是嗎？ 我亂猜的 Sent from JPTT on my Xiaomi 2201116SG. 
[新聞] 赴美ADR近20年 中華電市值翻倍,2023-07-19,46.0,"中華電填息都慢慢的，不急 | 左手換右手不用管填息 | 只看回測，中華電信真的很穩 | 20年翻倍的績效根本落後大盤指數，連通膨都打不贏 | 吧 | 20年翻倍這個年化不知道才多少 | 瘋狗有種拉一燈來看看 | 年化3.5% | 年化5%吧 | 股版平均都一年翻倍好嗎 | 又要去遊覽了 | 用log自己計算好嗎 | 照72法則 72/20=3.6% /每年？ | 緯創今年就三貝了 | 感覺不到4% | 年化可以自己google不用算 | 不過這隻要再上去要等色色元宇宙了吧 | 給予眾人無窮無盡而平等的色色 | 20年翻倍....喔 好喔 | 20年才翻倍… | 20年翻倍都可以當新聞，通膨都不知道幾倍了 | 出貨，先殺，將來再當最後一棒 | 蘋果笑而不語 | 中華債券 | 加配息不可能只有一倍吧 | 要加配息啊 這麼基本 | 債券股無誤 | 20年翻倍，航海王ai王笑而不語 | 配息給你，還翻倍，快謝主隆恩了 | 穩中之穩 | 20年翻倍說出來給人笑 加配息倒是還可以 | 少年股神1個月就翻倍了 | 買特斯拉或蘋果都幾倍了 | 翻倍是翻倍 放入資金多才有用 飆股可以？ | 20年的通膨和土地房產 不知道翻幾倍? | 少年股神覺得太慢，的確太慢啊 | 8樓正確 | 複利計算 年化3.53% 20年翻倍 | 20年翻倍，某些存股都超過這個績效了 | 用portfolio跑的話 從2004到2023的話 還滿猛的 | TWN 9.58% CHT 10.13% 美金計價的績效 CHT還打贏TWN | 不如買0050 006208...... | 少年股神表示：我每天當沖都在翻倍 誰跟你20年 | 台灣單純定存打不贏中華電,長期定存利率在2%以下 | VT都贏 | 才3.15%而已",原文標題：赴美ADR近20年 中華電市值翻倍 原文連結： https://reurl.cc/01ydDl 發布時間：20230719 04:10 記者署名：林淑惠 原文內容： 中華電信2003年赴美發行ADR時，股價約新台幣50元、資本額960多億元，市值約4800多 億元。2022年4月時，中華電信股價衝破130元，創下歷史新高、市值破兆元，目前市值約 8921億元。中華電信董事長郭水義表示，中華電信市值從ADR至今逐步墊高，貼近翻倍。 中華電信於2003年7月17日赴美ADR掛牌至今20年，為慶祝中華電信在美國紐約證交所掛牌 （ADR）上市20週年，郭水義率隊前往紐約，邀請20年前於美國上市時主持敲鐘儀式的前 中華電信董事長暨前交通部長賀陳旦，再次於紐約證交所進行敲鐘慶祝儀式。 郭水義強調，中華電信ADR成功在NYSE掛牌上市，為中華電信民營化、台灣電信產業自由 化立下關鍵里程碑，同時讓中華電信扮演台灣經濟轉型升級重要推手。透過ADR釋股過程 ，已讓中華電信轉型蛻變成為國際優質大型企業。 中華電信當時民營化釋股、赴美ADR，剛好碰上網路泡沫化、全球股市空頭等多方壓力， 導致計畫一度延宕，歷經三年才完成。 他率隊前往紐約證交所舉行再次敲鐘慶祝儀式時，台灣同步邀請20年前參與美國上市的前 交通部郵電司長鄧添來、前中華電信董事長呂學錦、協助中華電信美國上市的前高盛證券 亞洲區前副董事長宋學仁與高盛證券台灣區前總經理余佩佩，分享中華電信海外釋股一路 艱辛，並對未來發展提出建言。 呂學錦及鄧添來均回憶，中華電信經歷競價拍賣、海外釋股、全民釋股等兩階段三次釋股 ，直到2003年才完成的過程相當辛苦，宋學仁則形容當時爭取中華電信釋股，承銷商個個 都是全球重量級投資機構。余佩佩則建議，透過併購與兼併、分拆（spin off）與閒置土 地資產的再開發，擴展中華電信業務，將可為中華電信打造下一個成長曲線。 心得/評論： 最近因為除息 加上工會的抗議事件 股價也陷貼息 已經連續兩年沒有好好填息的種花公司 不知道搭上蘇媽AI能不能起死回生 畢竟市值已經被台達電子超越了 要不要追回台股第四名的座位 就只能靠公司高層有沒有好好做事 以及市場或股東能不能看好囉~ 
[新聞] 中華電語音警示上線2天 NCC：疑似詐騙電,2023-07-19,24.0,電信業利空 | 詐騙業務縮編了 各位 | 中華客服自己的AI語音超難用 | 好事，支持 | 最好啦中華電信市話還常收到假冒中華電信的欠費詐騙 | 一個月接好幾通  害我被我媽罵都不繳電話費 | 詐騙一堆真有用嗎? | 有降低 但還是有12萬通 提高警覺還是重要的事 | 最近一直有+61的通行費簡訊到底 | 但一直打要不要升級網路 是在哭喔 | 平均一天33萬通 | 最近發現同一通0982開頭電話打給我四次，要不要回撥 | 啊。網路沒查到是什麼電話 | 自己做個爛AI語音客服，我才不信這多厲害 | 0982大部分是推銷電話吧，我是不接這開頭的 | Whoscall或成最大贏家 | 詐騙真的多到靠北 每天看有夠煩 | 6902 Whoscall 買起來 | 好事 支持 | 詐騙讓手機和市話連絡方式消失XD | 最近接一堆台電詐騙 | 現在常有簡訊抽到獎品的 麻煩阻一下 | NCC的話能信  X都能吃 | 這種東西要到2023年才做,原文標題：中華電語音警示上線2天 NCC：疑似詐騙電話數量減少 原文連結： https://reurl.cc/XE9yA3 發布時間：2023/7/19 16:05 記者署名：蘇思云 原文內容： （中央社記者蘇思云台北19日電）防堵詐騙電話橫行，中華電信市話國際語音警示措施於 17日實施，NCC今天表示，警示措施上線2天，疑似詐騙電話數量從過去平均1天33萬通降 至昨天的12萬通，從數據顯示有減少趨勢。 國家通訊傳播委員會（NCC）推動攔阻境外偽冒來話機制與國際電話語音警示措施，5月起 針對來電顯示前4碼為886 08字樣的電話做攔阻，也規劃886 9開頭的國際電 話做市話跟行動語音的警示措施，中華電市話的國際語音警示已在7月17日上線。 NCC副主委暨發言人翁柏宗表示，詐騙有網路詐騙、投資詐騙與分期付款等類型，其中， 分期付款的詐騙手法常透過電話進行，一般市話很多接通者是白天在家的中高齡長者，中 華電目前市話提供語音警示機制，行網部分電信業者預計10月提供語音警示服務。 根據中華電統計，過去開頭為886 9的電話每天平均約33萬通。翁柏宗表示，7月17 日中華語音警示上線後，當天撥打數18.5萬通，有接通的電話中，有8700多通還沒聽完警 示就掛斷，聽完語音警示後持續通話的約1.9萬通；7月18日撥打數為12萬通，有接通的電 話中，有3400多通聽到語音警示就掛斷，聽完語音警示後持續通話的約8500通。 翁柏宗表示，開頭為886 9的電話蠻多為疑似涉詐話務，觀察數據已持續降低，感謝 中華電投入技術能量，在短短3個月內讓語音警示服務正式上線，台灣也是第一個提供固 網語音警示的地方，香港則針對行動電話做語音警示。 翁柏宗表示，如同行政院政務委員羅秉成所說，堵詐目的是讓民眾減少接觸涉詐話務，就 算接到電話也要有警覺。台灣是海島型國家，透過國際交換機技術可以不斷做調整，NCC 持續關注詐騙集團是否可能改用其他方式，以及886 9的電話撥打情形。（編輯：潘 羿菁）1120719 心得/評論： 有上級機關幫忙監督 詐騙電話少了約2/3 縱使這些電話數量減少 但也還是詐騙猖獗 我們這些小散戶還是不能有橫財的貪念 尤其是投資型詐騙 因為詐騙集團一定會繞過用其他方式執行 這樣才能治標不治本 
[新聞] 中華電深化泰國布局 展出智慧製造解決方,2023-07-21,19.0,"中華電跟台達電都吃到很多泰國市場份額 | 台達電成長比較快 也難怪市值默默超越中華電 | 泰華電? | zz | 中華AI電信 | AI電話 | 以後每間公司名字都加上AI最好 | 鴻海AI組裝代工 | 台灣AI水泥 | 這樣或許每間公司的本益比都50倍起跳 | 中華電信有投資泰國???? | 中華AI色情守門員，AI防詐電話 | 最近狂炒耶是多想出貨 | 這樣110是不是可以期待？ | 這些中國不都做到爛了，還有中華電進來的空間喔？ | 中華電最近新聞好多 | 莫假，中華電信 | EPS成長差,員工薪資高,無法抗通膨 | 110之下才買吧",原文標題：中華電深化泰國布局 展出智慧製造解決方案 原文連結： https://reurl.cc/RzEGnr 發布時間：2023/07/21 21:12:33 記者署名：吳家豪 原文內容： 中華電信參加2023年泰國台灣形象展，以全方位智慧製造為主題進行實地展演，今天邀請 台灣經濟研究院、泰國國家電信、泰國省電力局共同舉辦論壇，針對智慧城市、數位轉型 、影像辨識等議題，提出新一代解決方案。 中華電信發布新聞稿指出，外貿協會舉辦的2023年泰國台灣形象展自7月20日至22日在泰 國曼谷國際貿易展覽中心登場，吸引泰國多個產業公協會及泰國商業總會暨貿易院、泰國 工業總會等到場參觀。 中華電信及泰國子公司深耕泰國市場多年，專注在泰國基礎建設布建、智慧製造、智慧能 源等領域。此次參展中華電信以全方位智慧製造為主題，於展場打造擬真版的台中及泰國 兩地實境展演，統合呈現工研院智慧機械雲平台、佳研智聯嵌入式能源管理系統 及中華電信智慧安防即時監控。 中華電信強調，這套智慧製造解決方案可大幅降低跨國工廠維修成本及維運人力，也同步 解決目前智慧機上盒（Smart Machine Box）互不相容、應用軟體重複開發、沒有標準化 軟體服務等問題。 中華電信國際分公司協理劉炫龍表示，此次參與外貿協會泰國台灣形象展，讓更多企業了 解中華電信提供的各式解決方案，期待複製台灣成功經驗，協助企業數位轉型發展；中華 電信將持續廣結盟，結合產學研攜手推動新南向發展。 心得/評論： 我們市值最大的電信商有這篇就算是泰國概念股嗎 如果能吃到別的國家的市場 或許股價就不會是賺多少配多少結果很難動 除息加上電信的向下跳空缺口什麼時候補 沒人能預測 但股價有打底的味道 波動差不多又回到平常的樣態了 現在季線還下彎ing 整理個三個月都不嫌短 只要近期114元能守住 應該還是個類債長投存股標的 畢竟電信不是高度的景氣循環股 
[新聞] 中華電資訊人力上看2000人 林昭陽:AI是通,2023-07-27,49.0,把人訓練成AI就有AI了  誤 | 種花談AI | 種花的確有本事談AI 讓利肛那麼鳥都可吹了 | Ai也需要網路 | 下一波炒真人AI題材 | wsj前天有篇寫說chatgpt靠大量非洲人力校正 | 中華電的人才負責label data應該是沒問題 | 應該不是去label data，應該是把人訓練成ai無誤。 | 股市活下來的是股價彈10%再叫我 | 有用的有幾個？ | 不相信政府會協助官股進行改革並壯大啦 | 其他國家都是傾國家之力在5G AI上  我們還是看表演 | 老人股也有ai | 機油… 好喝 | 每天都在扯AI，但股價就一點也沒長進XD | 中華一堆冗員，2000人大概只有200有戰力 | 我們的AI是真人呈現 | 股價跟死魚一樣，不用蹭AI了 | 很早就在導AWS | AI可以取代客服人員 | 種花的爛薪水連系統廠都輸，還是別嚷著求才，考績優 | 比考績差年薪多10000塊，真是笑死人 | 是方 | 把外包的也算成自己人力 笑死 | AI電信 | 分公司走不下去搞個重組續命，名字變來變去，裡面還 | 是一樣。最慘的是把爛人打散後，現在好單位也慘了， | 濫竽充數畫大餅，各種妖魔鬼怪傾巢而出 | 提示工程就算了，AI能算通識嗎 | 什麼都扯AI | AI後面是真人 | 上看2000元  還是我們認識的種花電嗎?? | 開始炒AI人才XD | 台灣人才跟韭菜一樣用喊的就會自己長出來 | 應該只有20人有戰力 | 中華也想蹭AI炒股阿 想太多了吧 | AI客服根本不知道在說啥小 我都按9直接找真人客服 | 好，明天漲停 | 先把自己的app搞定好嗎?一直在查詢中是在查個鬼 | 中華電的薪水請不了AI的人才 | 鈔能力 | 海邊現在股價比中華電還牛皮 | 中華資訊app都用不好了 笑死 | 原來是工人智慧啊 | 外包是這家公司的傳統 | 想到前幾年趨勢也在喊全員AI，中華反應也太慢了 | 這間公司劣幣逐良幣 會舔會吹比能力重要 | 這間說技術多厲害 大概只有做簡報能力很厲害吧 | 2000個有1800個官跟PM,原文標題：中華電資訊人力上看2000人 林昭陽：AI是通識能力 原文連結： https://reurl.cc/K05Nen 發布時間：2023/07/27 14:54:31 記者署名：江明晏 原文內容： 中華電信積極推動AI轉型，總經理林昭陽今天坦言，AI人才有很大的缺口，但不見得 都要透過外部徵才，可透過員工訓練升級，中華電資訊技術群現有1500名人力，未來要成 長到2000人，而AI會是通識能力。 國際通商法律事務所（Baker McKenzie台北所）爭端解決律師團隊攜手全球數位產業聯盟 協進會（GDDA）今天舉辦2023產業資安智慧化數位升級論壇，主題為如何運用資安 因應AI普及暨地緣政治風險升高之趨勢。中華電信總經理林昭陽以數位韌性觀點來思 考企業永續為題，分享雲端與AI資安的重要性。 他表示，烏克蘭正在向全球展現網路和數位韌性的意義，烏克蘭早已開始將機敏資料移往 境外；而所謂數位韌性就是透過數位工具讓企業或國家碰到災難時，不但能撐住，還能 迅速恢復，中華電已把陸海空網路備援做得相當完備，也針對企業提供備份與備援韌性 解決方案，例如加密分時和異地備援等。 他提到，企業推動數位韌性的重要技術方案為雲端、資安、AI；中華電也續行數位、AI、 淨零3大轉型任務。 中華電信積極投入生成式AI等各種應用，近年積極進行AI轉型，AMD的AI晶片MI300或者輝 達的H100都是考慮標的，林昭陽先前參與超微在台舉行的合作夥伴會議，他今天對中央社 記者表示，除了考量晶片選用，中華電也不排除雙方有合作機會，例如成為AMD生態系的 一員，協助軟體應用開發等測試。 針對中華電AI人才需求，他表示，AI人才絕對需要新增，坦言有很大的缺口，但補足 補足人才缺口有ABC策略，也就是Acquire（徵才）、Build（內部建構人才庫）、 Collaborate（尋求外部合作），中華電不見得都要透過外部徵才，可以透過自行升級訓 練。 他舉例，中華電內部已有約600名員工完成AWS雲端技能培訓，我自己也是其中一名， 以身作則盼員工升級時代所趨的技能需求，加速雲端人才培育，而AI技能的相關訓練也會 是未來的要求。 他表示，中華電資訊技術群現在有1500名人力，未來要新增500人，成長到2000人，其中 AI會是通識能力，對懂IT的人來說，進入門檻沒那麼高，而對非理工的跨域人才，其 AI能力的培育也很重要，可幫助AI模型更加健全；至於2000人力目標達陣的時間點，他則 認為要慢慢來，會盡力去做。 心得/評論： 大家最擔心的夕陽產業還是債券產業 也要使用AI了 但要注意的是 不是說了AI股價就會大噴特噴 而是AI能幫助公司成本減少多寡 另外股息發放率高 但也一定程度受到無風險利率的比較影響 配息單純以殖利率反映通膨 畢竟物價是愈來愈高 總之 還是要填息才可以啦 股價有打底就不錯了~ 要不然會把持股通通換去海公公 
[新聞] 中華電通過國際減碳驗證,2023-07-28,9.0,殖利率這麼低是要... | 再低...還是比定存高。而且立於不敗之地 | 再怎麼低都比定存好 反正中華要倒 除非台灣被飛彈炸 | 到吧 | 怎麼幾乎每天都有他的新聞，但股價還是攤在那裡 | ESG的ETF繼續無動於衷 | 別這樣喬不起電信業 下次生氣斷網我們就玩不了股市 | 了@@ | 廣達都可以噴了…種花也能噴嗎？,原文標題：中華電通過國際減碳驗證 原文連結： https://reurl.cc/4oMg83 發布時間：2023/07/27 23:25:25 記者署名：彭慧明 原文內容： 提要 董座郭水義：未來將提出淨零排放目標路徑圖 中華電信董事長郭水義表示，中華電信通過SBTi科學基礎減碳目標驗證，展現對氣候變遷 與自然資源保護的承諾。中華電信提供 中華電（2412）信昨（27）日通過國際氣候變遷權威組織科學基礎減碳目標倡議（ Science Based Targets initiative，SBTi）溫室氣體近程減量目標驗證，展現對於氣候 變遷和自然資源保護的承諾。 中華電信設定2030年溫室氣體範疇一、二相較基準年2020年減碳50%的目標，承諾2050年 前達成淨零排放，呼應IPCC全球控制升溫1.5C的減排路徑，實踐全球共同的氣候目標。 中華電信董事長郭水義表示，中華電信加入由氣候組織與碳揭露計畫主導的全球再生能源 倡議RE100，2040年達到全公司100%使用再生能源的目標。中華電信通過SBTi的溫室氣體 減量目標審查，未來將再提出淨零排放目標路徑圖，展現減緩氣候暖化的決心，實踐成 為以永續發展為基礎的國際標竿企業之願景。 郭水義強調，中華電信率先台灣業者響應聯合國倡議，承諾於2030年達成生物多樣性的淨 正向影響與實現無淨毀林目標。將維持及促進生物多樣性、避免各種毀林活動，並進一步 推動林地復育，落實聯合國 《2020年後全球生物多樣性框架》，以達成2030年扭轉生物 多樣性流失里程碑與2050年人與自然和諧共存願景。 中華電信技術長林榮賜指出，即使動資料中心與行動基地台的擴大建設，但運用科技減碳 與使用再生能源等兩大策略，發展智慧節能方案、推動能源數據管理與監控、以及採購再 生能源，達成2030年溫室氣體範疇一、二相較基準年2020年減碳50%的科學減碳目標。 中華電信行政長簡志誠說，持續運用ICT核心技術，自動收集分析電力數據，即時掌握 節能成效；導入AI及Big Data技術，智慧化分析與調控各類型網路設備（含行動基地台） 用電；解析障礙數據，預測基地台劣化趨勢，提升線上排障率並減少人員外派查修，全方 位多面向推動科技節電減碳。 中華電信已經簽署再生能源採購合約，目前正進行CPPA企業購電的洽商，達成2040年100% 再生能源的目標。 心得/評論： 新台幣種花債券最近新聞真的很多 看來市值被AI概念股打壓自己也壓力山大 電信業被股民詬病沒有成長 賺多少配多少 只能當成資產配置 唯一的浮木就是錢存銀行不如存種花 吃好睡飽不用像海公公一樣還要盯盤盯外資群 追A大文章 這算是唯一的好處了~ 
[新聞] 電信法說本周登場 中華電董總首度聯袂出,2023-08-06,21.0,AI色情守門員 VS AI貝克漢 | ai中華 | 哈哈 臺灣味道魔人滿街  情色只能青澀淺嚐 | 員工跳樓上新聞！ | 誰叫員工不乖乖買2412 | 水義 昭陽 | AI情色會大賺吧 | AI守門員 別想偷看色色DER | 沒AI沒fu糗，下去！ | 是方能看看吧  AI扯得到的 | 終於有機會等到110了 | 中華電 便宜價等真久... | 台割大沒填息股價也沒破百 差額由扶不起總仔出嗎？ | 買中華電 不如買美債 | 老爹50張還不錯爽 | 電信股最怕的就是跟無風險資產比息收 | iPad LTE 甚麼時候可以單門號共享拉 | 相較於另外兩雄來說 中華電信土地資產很多 除了做 | 牆面廣告外 或許可以學郵局搞一些複合事業 | 中華在市區一堆閒置的辦公室 | 整理一下 應該可以拿去出租,原文標題：電信法說本周登場 中華電董總首度聯袂出席 原文連結： https://reurl.cc/65O4Mk 發布時間：2023.08.06 記者署名：林淑惠 原文內容： 電信三雄法說會本周登場，台灣大（3045）原訂4日法說會因卡努颱風延期至7日召開，緊 接著中華電（2412）8日舉行、遠傳（4904）9日召開。據了解，中華電信董事長郭水義及 新任總經理林昭陽將首度同台出席法說會，格外受到矚目。 市場預期，中華電信法說會，外資法人關注新任董總上任後，該 公司整體策略佈局是否調 整 ， 台台併、遠亞併對於中華電信行動市場是否造成影響 ，以及 中華電在新興業 務的成長動能、擴大海外市場新佈局 等議題。上半年中華電信繳出每股稅後純益（EPS） 2.52元的近六年來新高，下半年迎來iPhone新機帶動5G新一波換機潮，下半年獲利展望樂 觀，全年營運能否超越財測目標備受關注。 台灣大合併台灣之星一案仍在公平會審查中，然遠傳合併亞太電信已獲公平會審查通過， 台台併何時審查通過？預期會是7日台灣大法說會外資法人關注的焦點，台灣大總經 理林之晨日前表示，台台併通過時程與遠亞併相差只有數個月。另外，5G開台邁 向第三年，台灣大正執行踩油門策略，行動服務營收將加速成長。除此，台灣大調高 資本支出，由年初127.93億元追加至156.53億元，增加網路建設資本支出。 遠傳電信法說會將於9日登場，公平會於7月19日以附加負擔方式通過遠傳電信吸收合併亞 太電信，不禁止其結合。遠傳預定今年第四季之前完成合併，合併後何時看到綜效、尤其 是挹注遠傳獲利表現的時間點？預期成為外資法人關注焦點。 考量合併時程，遠傳今年年初公布2023年財測時，僅揭露上半年財測目標，合併亞太電之 後的下半年財測目標及展望亦備受關注。遠傳近日經結算上半年合併營收440.04億元、合 併EBITDA為158.55億元，稅後淨利55.2億元，稅後EPS為1.69元、年增率為19.0，如排 除業外一次性利益，年增率為15.9。營收與財測目標相當，獲利則超越財測、表現亮眼 。 心得/評論： 推文一定會建議開發AI色情電話系統才會增加營收 種花也沒有對忠實萬年老客戶有比較優的優惠 也難怪大家都在這三大家電信攜碼換來換去~ 畢竟台灣市場就這麼大 fu糗還看得到嗎 
[新聞] 看好雲端及AI需求 中華電將新建濱江IDC ,2023-08-10,15.0,土地多 直接轉型成包租公才是最穩的 | 實質國營的也要炒消息.... | 那會把伺服器放到基隆河裡面嗎 | 是方 IDC地位會被撼動嗎？ | 是方量很小 | 硬扯蹭 | 終於有110低接的機會了 | 是方也是中華子公司 | 炒房就炒房，難不成整棟都放機器? | 我今天才在廣播聽到有AI按摩椅，現在什麼都是AI | 現在AI正夯，未來都會創新高，趁這幾天拉回佈局都 | 還有一大段可以賺，看衰AI的人是完全不懂股票的 | 8處土地面積63坪？這要蓋啥 | 要飛了 跟上 | 土地賣一賣或好好利用應該比啥都賺 現在地最貴,原文標題：看好雲端及AI需求 中華電將新建濱江 IDC 大樓 原文連結： https://reurl.cc/LAKXqL 發布時間：2023/08/09 20:50:07 記者署名：黃晶琳 原文內容： 看好雲端及AI需求，中華電信（2412）公告，董事會通過新建濱江資料中心（IDC）大樓 工程。這是繼2016年中華電信板橋IDC中心完工啟用後，新的IDC投資案。不過，中華電信 未公布整體投資金額。 中華電信表示，預定於臺北市中山區金泰段土地（約1390坪）新建IDC機房大樓1棟（地 上7層、 地下2層），總樓地板面積約4970坪（約16401平方公尺）。 日前有媒體報導，中華電信今年將擴大投資網路資料中心，預購規劃蓋五座新IDC，被視 為是近六年來，中華電信最大規模的IDC中心投資案。 此外，中華電信公告，董事會通過本公司與國有財產署之房地交換案。 中華電信指出，換出標的為桃園市龜山區西嶺頂路172號部分房地，換入標的為新北市新 店區、宜蘭縣壯圍鄉、臺中市西屯區、臺南市仁德區、高雄市鳳山區及屏東縣屏東市、高 樹鄉、萬丹鄉部分房地。 中華電信表示，換出標的土地面積約939.12平方公尺，折合284坪，價值約15598783元 ，建物面積約467.58平方公尺，折合141坪，價值約新台幣7892750元，房地總價值約 23491533元。 換入標的8處土地總面積約208.80平方公尺(折合63坪)，價值約15901785元；8處建物總 面積約667平方公尺(折合201坪)，價值7589700元，房地總價值約23491485元。 心得/評論： 相較於另外兩家電信來說 種花的土地資產很多 終於有像樣的新聞出現了 活化資產用於未來的AI需求 這算是真的有以AI角度來對公司營運提出的規劃 (算是好事?) 但最近美債被降評 不知道這種台股類債券還會有人拿來比擬無風險資產嗎 除息後布局應該都還在進行式吧 反正小股民的股息也拿到了 股價目前不太波動(大跌)了 持有的等著季線慢慢下來靠近看要往哪表態 
[情報] 2412中華電信7月自結0.41,2023-08-10,15.0,中華電EPS可以重返5惹嗎 | 目測4.8 | 不如買鴻海電信 | 4.8會有，5的話小拚 | 還不錯啦 | 什麼時候會下來，想進場 | 穩~~不挑時不挑價 | 7月eps比6月少，可能要瞭解一下原因 | 中華電 太強太穩了！讚 | 也不看現任老闆背景是什麼。 | 土地資產活化中，有租給超商 | 神腦櫃台業務逐漸由宏華接手 | 中華電 越來越強！ | 快下來108附近，別在撐了 | 我累積10張了 預計一年兩張,https://mops.twse.com.tw/mops/web/t05sr01_1 1.事實發生日:112/08/10 2.公司名稱:中華電信股份有限公司 3.與公司關係(請輸入本公司或子公司):本公司 4.相互持股比例:不適用 5.發生緣由: 中華電信公司公佈112年7月自結合併營運績效： 單月營收約為175.2億元、營業淨利約為40.1億元、歸屬於母公司業主淨利約為 31.5億元、稅前息前折舊攤銷前淨利(EBITDA)約為73.0億元、每股盈餘為0.41元。 累計營收約為1251.9億元、營業淨利約為284.5億元、歸屬於母公司業主淨利約為 227.1億元、稅前息前折舊攤銷前淨利(EBITDA)約為515.5億元、每股盈餘為2.93元。 6.因應措施:無 7.其他應敘明事項(若事件發生或決議之主體係屬公開發行以上公司，本則重大訊息同時 符合證券交易法施行細則第7條第9款所定對股東權益或證券價格有重大影響之事項):無 H12.52 7月0.41年增1.95% 今年是不是可以期待一下有5呢(拜託XD) 
[新聞] 中華電信啟動iPhone助盲活動 助視障朋友,2023-08-18,15.0,中華電信的資本額你怎麼會想貼這則新聞 =_= | 好人你幫幫人民的啦 | 視障市場沒用啦  這種都基本不賺錢還要你做的累死 | 好的 明天繼續死魚 | 只是普通的虧錢CSR公關不用太認真 | 不知道如果美債殖利率噴過 5% 大戶會不會變心 | 不過應該也是之前換了便宜美元的才會這樣考量 | 好的，下週一平盤 | 這種公益活動都不是賺錢為主 | 說個不是八卦的八卦 視障圈80%都用哀鳳 | 全盲搜查官 | 連沒錢都要用IPHONE.... | 有聽說過Android的盲人指引廢到不行，寧願去撿隻6S | 也不用S22u | 美債>5%當然兩邊都放啊~在台灣不放$怎生活,原文標題：中華電信啟動iPhone助盲活動 助視障朋友享受智慧生活 原文連結： https://reurl.cc/2LnRL6 發布時間：2023年8月18日 週五 下午2:25 記者署名：侯冠州 原文內容： 中華電信（2412）宣布，將協同中華電信基金會、淡江大學視障資源中心及台灣電信協會 ，共同舉辦iPhone助盲課程暨二手iPhone捐贈系列活動。本次系列活動特別設計一對 一教學，協助視障朋友輕鬆學習在iPhone上使用視障APP，課程結束後並可獲贈二手 iPhone，落實將科技應用到日常生活，讓視障朋友也能享受智慧生活。 中華電信暨中華電信基金會啟動iPhone助盲系列活動。（圖中華電信提供） 中華電信台北營運處總經理蘇振乾表示，為推動此系列活動，公司特別規劃企業志工培訓 課程，透過培訓課程讓志工們了解視障朋友的需求，並學習如何有效提供協助，一對一提 供視障朋友貼心服務，有效提升學習效率與效果，達成落實縮短數位落差。 制止詐騙 中華電信創主動偵測2G偽基地台APP 中華電信、中華電信基金會及淡江視障資源中心，多年來持續努力創新，運用先進的資通 訊技術，搭配智慧手機內建的語音輔助及聯網功能，為視障朋友解決許多日常生活的困境 ，諸如物品、文字、鈔票等的辨識，所在位置與地標的查詢，以及點字圖書的語音閱讀等 。 中華電信上半年每股盈餘2.52元 創6年來新高 此外，透過智慧型手機的輔助，讓視覺障礙朋友也能使用一般的APP功能，如Line、 Facebook等社群軟體、外送服務、行動銀行、影音平台、網路訂票、公車查詢、叫車服務 ，甚至呼叫遠端的視訊志工，進行視力的協助等。 中華電信表示，公司長期關懷弱勢族群，並運用科技力賦能弱勢朋友，協助其接軌數位時 代；該系列課程自台北起跑後，將接續於桃園、台中、高雄及花蓮等地舉辦，預計邀請逾 百位視障朋友參與，致力實踐點亮視障朋友的無障礙生活。 心得/評論： 別再說種花是夕陽產業了 畢竟也開始導入AI 不過要提升獲利 根據鄉民們的建議 還是要解放守門員才有機會 另外 5G訊號能搞定且普及的話 或許營運就會比較好了 另外 想要切入視障朋友的市場 先從APP友善開始真的滿不錯的 如果未來結合5G和AI來提升視障者的體驗 也是一種願景~ 因此 不得不說種花還是有fu糗的 大盤大跌也不管波動 等著季線靠近比較實際 慢慢等比較快~ 
[新聞] 彰化中華電信冒出火煙 緊急疏散30人,2023-08-19,28.0,信號 | https://tinyurl.com/22jtkks4 | 要噴了 | 訊號 | 下禮拜大家都知道怎麼做了吧？ | 旺 | 火攻！ | 旺 | 日爰 | 要衝破120？ | 信號！！ | 好！週一大漲0.5 | 發爐了 | 今年夏天 中華已經燒了兩次 | 看來他們忘記放乖乖了 不然就是乖乖過期了 | 資訊業的秘密「機器上放乖乖」 | 前陣子台北才一間頂樓？要拜拜了 | 訊號來了 | 摳訓 | 下週一根 | 噴噴 cc | 跟中華電信股票 有啥關係???? | 發爐了 | 訊號來了 禮拜一大漲1.5元 | 穩了！！！ | 中華電 優質企業 長期穩穩獲利 | 來了 波段起漲點 | 白煙 黑煙 還是 青煙,原文標題：彰化中華電信冒出火煙 緊急疏散30人 原文連結： https://reurl.cc/y7deD6 發布時間：2023/08/19 17:15:39 記者署名：林敬家 原文內容： 彰化市和平路中華電信下午約3點左右傳出冒出火煙，彰化消防局獲報派出人車搶救。圖 讀者提供 彰化市和平路中華電信（2412）下午約3點左右傳出冒出火煙，彰化消防局獲報派出彰化 、花壇、東區等消防分隊然員前往搶救，由於一樓門市有民眾進出，也有來加班的員工， 緊急將他們疏散，彰化消防局指出，火警發生在地下一樓機房，3點40分撲滅火勢，沒有 人受困，詳細起火原因仍待調查。 由於火警地點發生人車往來頻繁在彰化火車站旁的中華電信門市，彰化消防局不敢大意， 派出26名警消人員與各式消防車11輛前往灌救，消防局第一大隊副大隊長吳哲佑現場指揮 ，他說，火勢沒有延燒到樓上，但因有門市營運，依序將人員疏散到外面，共有員工與民 眾30人，目前火勢撲滅，沒有人員受傷。 心得/評論： 不知道是不是夏季天氣熱又造成配電盤出現問題... 幸好沒有人員有生命財產的損失 也算是大幸了 But~和台股連動不高 波動也很低的種花電信 也可以有股版訊號 去年沒填息 今年填息之路也是跌跌撞撞 還要看長期公債的殖利率臉色 難道有機會利空出盡嗎 季線還在上面等著股價靠近表態 
[新聞] 中華電營收 電信王前8月EPS達3.32元 獲利,2023-09-11,36.0,"不如定存美元 | 現在真的不如債券 | 美元有匯損 | 存股台積電不如存股宏達電 | 一定要接國外訂單，不然少子化會很慘 | 真會吹... | 所以現在把中華電賣了換美債ETF沒毛病吧？ | 中華電比債卷穩好嗎 | 賺多少發多少 | 頗爛 | 管他什麼成長性，每年都配得出來就好 | 我也覺得中華比債券穩 | 債券有未來降息回升隱藏優勢...沒那麼快就是 | 美元有匯差 怎不說股價有價差? | 中華電穩到不型 正常價格都在110-120左右 多穩 | 去年有飆到130+ 當時後避險才會衝到這麼高 | 去年低點有道110 以下那是買點 | 鴻海電信比中華好多了 | 中華電信的固網、市話無敵，但不曉得收益比率占多少 | ？ | 沒辦法，當初其他家固網業者實際是太短視了。 | 目前鴻海好便宜比種花好 | 海公公和種花電信一起持有，不香嗎 | 20張還沒買回,銀彈仍放在戶頭,等待低接 | 賣在125.5~126.5怎麼輸! | 電信業也是吃人口紅利重的產業，現在人口反轉，一 | 定要有新的業務來補，不然長期不看好 | 靠消金根本無法賺錢啊 | 台灣南八消費者成天只想要便宜,速度快,品質還要穩定 | 存到100張退休沒煩惱XD | 人口沒到反轉 因為有引進外勞進來 | 電信是民生必備，中華又是電信龍頭，不用怕好嗎 | 人口問題至少也要等50年後再來煩惱吧 | 電信業不是只有打電話跟網路吧... | 110買 120以上賣 | @diefish0620",原文標題：中華電營收電信王前8月EPS達3.32元 獲利超財測 原文連結： https://reurl.cc/GKrLA3 發布時間：2023/09/11 18:50:39 記者署名：黃晶琳 原文內容： 中華電信（2412）今（11日）公布8月合併營收為176.4億元，年增1.7%，歸屬於母公司業 主之淨利為30.8億元，年增2.2%，EBITDA（稅前息前折舊攤提前獲利）為72.1億元，年增 0.3%，每股稅後純益0.4元，較去年同期增加0.01元。 中華電信表示，8月份集團整體業務發展穩健走揚；個人家庭事業群營收持續展現成長動 能；企客事業群在新興業務保持優異表現；國際事業群則交出營收成長雙位數佳績。 累計前8月，中華電信合併營收達1428.3億元，年增3.3%，財測達成率101.0%至101.7%， 歸屬母公司業主淨利為257.9億元，年增3.6%，達成率108.8%至111.9%，每股稅後純益 3.32元，財測達成率108.8%至111.9%，皆大幅超越財測目標。 中華電信截至8月底行動通信總客戶數達1292.5萬戶，其中，090月租型客戶數年增1.2% ，已連續32個月成長；光世代寬頻用戶數為377.7萬戶，其中，高速用戶因速在必行 方案吸引，300Mbps以上客戶達120.1萬戶；MOD客戶數則達205.7萬戶。 中華電信表示，由於行動服務品質優異帶動客戶數上升，再加上暑假帶動國際漫遊業務成 長，8月份整體行動業務表現亮眼。5G用戶數與整體090門號數持續增加，挹注營收，行動 數據營收亦受惠國際漫遊而成長，帶動整體行動服務營收年增7.4%，連續29個月成長。行 動月租型ARPU（Average Revenue Per User，每用戶平均收入）年增5.5%，創110年4月以 來新高，連續29個月上揚。固網寬頻營收因升速促銷方案受用戶歡迎而持續成長，數據網 路營收年增1.5%，寬頻接取營收年增2.8%，其中WiFi營收年增率超過50%，表現強勁。 中華電信指出，資通訊新興業務成長動能符合預期，整合專標案營收成長近50%；IDC、雲 端因IDC機房租賃收入增加，年增率達雙位數成長；資安業務營收年成長超過30%，使整體 ICT營收年增率維持雙位數成長。 中華電信應用資通訊技術於智慧節能與強化能源效率，表現深獲肯定，8月榮獲財訊第六 屆2023智慧城市卓越貢獻獎頒發智慧能源獎項，成功展示公司透過AI、雲端及資安等科 技力，結合公司四個ABC的豐富資產與資源（客戶夥伴資產、科技平台資產、基礎網路資 產、優質人才資產），達成推展智慧城市創新應用，並促進產業淨零轉型的目標，朝向 數位生態系統賦能者的領導品牌之企業願景邁進。 心得/評論： 網路上的存股達人或是投資短客都一致不看好的電信股 都批判營運賺多少配多少 公司成長性很低 報酬率也可能打輸通膨 但種花的獲利很穩定 股價也沒再管大盤 有切入AI但波動性很不AI 自從六月底跌破季線後 現在慢慢回到貼著季線的下方 大盤大跌也很容易讓大戶或是法人進場避險 另外 種花裡面的股東們不會炒作 也很理性地長期持有 這樣類債券的股價性質 當作資產組合的一環也是有互補效果 長期抱著逢低加碼幾乎很難輸~ 
[新聞] 中華電信明年元旦確定加薪 調幅超過4%,2023-09-13,67.0,"CPI 2% 調薪4% 很會 退休金都不用調是吧 | 成本增加 股價利空 | 調薪4%算少的了吧，我上市野雞公司也有4%啊 | 基本工資調整遠遠超過這些公務國營機構 | 4%真的被通膨吃還不夠 | 月薪5萬  4%也才2000  沒有公司加薪加不起的吧 | 股價要飆升了 員工自己會在買上去 | 跌一根 | 對員工好就是對股東不好 樓下明天空 | 4% 沒比時薪漲得多 | 明天一根 | 定額3000對5萬來講是6%耶 | 大家都加薪 又要通膨了 配合明年漲電價 物價起飛 | 中華年資超過十年的 一堆加給加下去 每個月薪都超 | 過五萬很多 | 一根 | 10年只有5萬ㄇ | 錢沒賺幾個  加薪拼命加 | 中華研究院薪水超過五萬很多吧 | 崩爛 沒fu糗還敢加薪 | 說CPI 2%的 摸摸良心不會痛嗎 | 還好有換存股標的 嘻嘻 | 永久持續支出，明天一根 | https://i.imgur.com/Sd3bnMK.png  約莫兩萬人 | 調4%  通膨都不只4%了 | 一根招待 | 之前便當普遍百元內，隨便漲五元，都大於5% | 數學這麼爛 還想炒股 | 跌個鳥 4%上市公司正常調薪幅度 | 固網大家早上上班幾乎都沒在用 穩定收益貢獻高@@ | 中華電信第二年年薪就破百了 是在哈囉？ | 外包有調嗎？ | 都叫外包了 應該沒有吧 | 今年外食通膨普遍超過20%吧 | 笑死，今天漲停 | 員工年薪154w,還吵加薪,股東永遠4.5元,物價不漲嗎？ | 其實影響不會有想像中多 退一堆營運二 補一堆專業四 | 這兩者成本天差地遠 現在是退2補1或是退3補1 | 加上中華職階升遷很難 | 這只是砍掉一堆人事成本後吐一點回來而已 | 萬物通膨  支持加薪 | 丸子 | 股東掰 | 中位數150 加4%還可以啦 | 完了 對員工好 大跌1塊 | 我今年也小調4.1% 上市公司 | 嗯...超過4%，算一算大概調6-7% | 150很多嗎？ 外面科技業都200起跳 | 謝主榮恩 | 股東會體諒的 | 還有股票快漲停的嗎 我去空 | 哈，科技業200喔?看今年也沒有啊 | 還是指會裁員的面板廠? | http://i.imgur.com/4rtS4UW.jpg | 如果他們董事會通過這個的話(選舉年有機會)eps-0.2x | 先不算今年eps,明年要比今年多賺至少0.2 | 加薪請幫公司多賺，發揮價值 | 沒有兩百要找誰領 窩幫朋友報名 | 挺不錯的措施 | 中華電 有便宜就是繼續買來當定存！ | 47-49年次退休的1500人均只用150萬年薪去計算是22e | ，這幾年能補個500人就偷笑了，更何況新人才不到100 | 萬，股東應該偷笑好嗎！ | 泛公營會被政府拿去討好員工跟穩物價 犧牲只有股東 | 很多調整方式,月薪調高 獎金調低 總年薪不變 | 退休老人年薪大概是新人一倍 退休潮可降低人事成本 | 笑死 股息差不多4%",原文標題：中華電信明年元旦確定加薪 調幅超過4% 原文連結： https://money.udn.com/money/story/5612/7434773 發布時間：2023912 記者署名：余弦妙、黃晶琳 原文內容： 日前行政院核定2024年公務人員全面調薪4%，創25年來調薪最高幅度。中華電信（2412） 董事長郭水義日前指出，今年研擬加薪幅度超越公務人員加薪水準。據悉今日(12)中華電 信明年元旦起將全員定額加薪，調幅優於4%，定額薪資部分為3000元。 郭水義日前提到，今年是中華電信成立27周年，也是ADR成功在美國掛牌20周年，當年副 總統賴清德上任行政院長時宣布公務員加薪，中華電信立刻響應，六年來加薪四次，同仁 努力下，過去四年營收、獲利年年成長，承諾今年中華電信研擬未來加薪計畫一定會優於 公務人員幅度，可望於第3季經董事會討論後拍板。 據了解，今天中華電信召開會議，會中通過，明年元旦起全員定額加薪，平均調幅優於4 ，定額加薪對於初入職場員工比較有感。據知情人士透露，元旦會先加薪3000元，待 明年7月1日後，會在給予免稅伙食津貼2400元。會這樣做主要是希望再讓整體加薪的幅 度可以超過4，因為大家薪資都不一樣，但又希望可以讓大家有感的調薪，因此才會用 這樣的方式進行加薪。 心得/評論： 看到別篇新聞說員工兩萬人 加薪後人力成本影響明年EPS大概0.20.25元 股東明天要怒砸盤了嗎 (X 
[新聞] 取消通話費優惠　公平會重罰中華電信、,2023-09-14,94.0,"重罰3萬 | 嗯，這算重罰 | 這有算重了 | 舒服 麻煩金融業也這樣罰 | 尤其行員詐騙的 | 重點應該是錯 跟其他家聯合取消吧？ | 壟斷是不行的 聯合=壟斷 | 有啦 跟其他案例比起來算重罰了 | 反觀雞蛋危害人體健康 | 重罰76萬個營養午餐 | 金融業行員詐騙應該也要重罰才對吧 | 還以為又要重罰5萬 | 難得有真的重罰 | 罰上千萬算重了吧 前兩樓很急 | 結果遠傳沒在名單內...徐員外啥時變佛了？ | 遠傳5G領先不是沒有原因的，屌打台哥大 | 重罰沒差  官商都賺  損失的還是人民 | 這種罰4000萬，亂排廢水污染河川的罰多少? 10萬? | 孰輕孰重??? | 「嗯，這算重罰」跟「嗯，這算重罰」這兩句語氣聽 | 起來有什麼不一樣 | 聽是聽不出來,但看字面一樣 | 一樓算造謠嗎 | 重點是被抓到兩家聯合的證據吧 | 結果只有公平會敢真的重罰 | 不是3萬 | 遠傳應該是後知後覺來不及跟上 | 反觀 重罰 | 解果人家取消優惠賺好幾億 | 三國鼎立不會怕 | 做個樣子你也信？公平會一直都不太喜歡懲罰性罰款啊 | 真的 排污水 重罰十萬，怎麼差那麼多 | 真好奇新聞都寫 7600 了怎麼有人可以看成 3 | 通膨全部都漲，只有電信費不能漲~~~~ | 這只是按用戶數的影響比例在罰款而已 | 一樓連內容都不看….. | 真的重罰 第一次看到真的重罰 | 汙水 貪汙 酒駕 罪都沒這個重 | 勞工加班重罰三萬 | 聯合行為 該罰 | 便當調漲要不要重罰 | 終於真的有重罰了! | 感動，公平正義回來了 | 這已經算重吧 | 反正上法院就撤銷/重新裁罰/撤銷，來回幾次。定讞都 | 嘛是撤銷 | 幸好我只用小間的 | 反觀 | 一樓可以桶吧 | 哪裡公平正義，一樣是重罰今天看到某間重罰30萬 | 罪罰利空實現 雖然薪資調漲 但股價也可以漲了吧 | 不錯給推 | 會影響人命與健康的問題 倒是罰很輕呢 | 遠傳被排擠了 | http://i.imgur.com/p7NnthV.jpg | （種花電信 | 重點是聯合行為，而不是取消優惠 | 裁罰的重點不是中止通話費優惠 重點是聯合中止 | 重點是合意聯絡行為被抓到吧 這真的有夠笨XD 都西 | 意思就是聯合壟斷啦 | 元幾年了 竟然還會聯絡合意互相勾結操縱價格 還留 | 下證據 我認真覺得公司應該要把這些員工開除吧XD | 最近電信公司紛紛停止499續約也有類似味道 | 有重到 | 讚 | 有貓膩 演戲 | 不錯不錯 | 稍微重一點點 | cc | 這麼這麼重?不如去排放汙染物... | 哇靠 7600ㄟ | 員外怎麼沒在裡面 | 遠傳不用嗎 | 超重欸 | 終於 | 遠傳被邊緣了，沒跟到，大哥二哥講好，沒約三弟。 | 以台灣來說 算重了 | 雖然罰得不算重，不過至少贏金管會了 | 這才有點像重罰吧，好市多食安出包重罰幾十萬 | …蛤? | 7600再跟用戶收... | 別忘了可以上訴！ | 公平會一直都可以罰這麼重的呀！但問題是不恢復的話 | 可否連續罰，還是罰一次當保護費就算了 | 因為聯合行為被罰 沒連續行為當然是罰一次 | 罰很輕 | 影響eps多少 XD | 比橘子多 | 哇靠 中華明年還能加薪+餐費補助 看來不痛不癢 | 一個月40億根本不痛不癢 | 不算錯，因為已經破壞市場機制，導致實質壟斷的發 | 生了 | 至少比金管會那垃圾好太多 | 比金管會罰的還要多，這個真的是重罰",原文標題：取消通話費優惠 公平會重罰中華電信、台灣大7600萬元 原文連結：取消通話費優惠 公平會重罰中華電信、台灣大7600萬元 https://finance.ettoday.net/news/2582156?from=ettoday_app 發布時間：20230914 10:41:00 記者署名：記者陳俐穎綜合報導 原文內容： 記者陳俐穎綜合報導 公平交易委員會今日宣布通過，台灣大哥大與中華電信聯合於2018年10月就行動寬頻4G不 降速優惠專案(699H或699型)、新精選購機方案(月繳699元)，停止贈送網內語音免 費、前6個月每月666元通話費等優惠。雙方為國內行動通訊的主要業者，對市場影響 至鉅，所以分別處中華電信4000萬元、台灣大哥大3600萬元，總計7600萬元的罰鍰。 公平會調查發現，台灣大哥大與中華電信就2018年6、7月間699方案贈送通話金優惠後，申 辦用戶數集中於該等方案，而高資費方案申辦數減少，與原推出時欲增加營收及高資費申辦 數之目標不符，而欲取消該等699方案之通話金贈送，希望用戶申辦高資費方案，減少語音 收入的損失。 國內行動寬頻服務市場因具有寡占特性、服務同質性高，價格為業者競爭之主要手段之一， 所以單一業者片面停止贈送通話金優惠，將有流失客戶及市場占有率之風險，故台哥大與中 華電信透過內部人員互通訊息，共同合意於107年10月停止贈送通話金優惠。而該等優惠措 施的停止，引起國內另一主要電信業者遠傳公司跟進，實際造成國內3家主要電信業者停止 優惠的效果，對電信市場的影響至鉅。該等行為已削弱彼此間的價格競爭，嚴重影響市場功 能。 心得/評論： 罰中華電4000萬 台哥大3600萬 雖然拖了很久 這真的算是重罰了吧？ 不過上市公司想多賺一點 讓人去辦較高資費錯了嗎？？ 台灣行動同訊業者也才5家.. PiTT // PHJCI
[新聞] 中華電防堵詐騙 行動國際來話語音警示服,2023-09-15,30.0,打詐國家隊 | 政府沒補助？ | 這個發言要小心了 | 拿納稅補助作專案 先說這功能花了多少經費？ | 今天市話剛接到 假健保局詐騙電話....而且是警察局 | 內唷 | 呃……看到來電顯示+886本來就會有驚覺心了吧 | 您的健保卡已過期，請按9轉接專人 | 突破季線 | 沒用的 | 沒有則攻擊不作為 做了則攻擊大撒幣 | 為了沒腦袋的浪費時間聽提示音，也浪費電信業資源 | 詐騙集團的錢也是錢啊 怎可能不賺 | 到底什麼心態覺得這專案不要補助的 | 他媽的市話一堆詐騙電話要不要處理 | 現在還有人在用市話?! | 現在還會被詐騙電話騙根本是智商問題 | 看新聞有些老人 警察都叫他別匯款了 還不聽 | 寧願信詐騙 也不信警察 | 電信端，銀行端只要能防堵，相信能減少不少受害者 | 。政府跟立委無心改變而已 | 有改變就推 | 詐騙集團一定會繞過破解的 | 原來這麼容易，我以為很難。 | 沒錢啦，NCC流氓機關 | 我接到詐騙電話 都會跟牠們聊一下 耍一下牠們 | 一魚多吃欸，一樣有詐騙電話，一樣有防堵的錢可以花 | ，一樣有人繼續被騙 | 先縮接電話馬上掛的機器人啦 | 鎖,原文標題： 中華電防堵詐騙 行動國際來話語音警示服務上線 原文連結： https://www.cna.com.tw/news/afe/202309150047.aspx 發布時間： 2023/9/15 11:08 記者署名： 中央社記者江明晏台北15日電 原文內容： 中央社記者江明晏台北15日電）響應政府打擊詐騙政策，中華電信今天宣布推出行動國際 來話語音警示服務，全面啟動行動及市話語音警示，防堵國際詐騙電話。 中華電信5月初配合政府新世代打擊詐欺策略行動綱領1.5政策，在國家通訊傳播委員會 （NCC）指導下，啟動攔阻境外撥入顯示前4碼為886 0至886 8偽冒國內市話來話 的國際電話。 中華電7月推出固網國際來話語音警示服務；今天再度推出行動國際來話語音警示服 務，全面啟動行動及市話語音警示，防堵國際詐騙電話。 中華電說明，行動國際來話語音警示服務提供中華電信行動用戶來話顯示前4碼為88 6 9的國際來話，會先聽到國、台語警示語音提醒；市話部分，除前4碼為886 9的國 際來話外，將擴及所有國際來話皆提供語音警示服務。 透過這個服務，中華電行動及市話用戶在第一時間，就能辨別為國際來話藉以提高警覺，降 低落入詐騙陷阱的機率。 中華電信表示，固網國際來話語音警示服務已發揮堵詐效果，有效防堵9成以上偽冒 886 9的市話來電。 中華電也強調，市話、行動客戶接聽7秒語音提醒，皆不另外計費，中華行動漫遊國外時， 接聽8869國際來話7秒語音警示提醒，也不會產生國際行動漫遊費用。 遠傳電信、台灣大哥大則預計9月28日針對行動語音886 9開頭的電話提供語音警示。 （編輯：翟思嘉）1120915 心得/評論： 中華電為了防詐賭費了很多心力 台哥大 遠傳月底前防詐也要上線了 只要是國際電話打來就會有 提示音 股東們怎麼看？ PiTT // PHJCI
[新聞] KKBOX 確定在台上市！獲中華電信、台灣大等企業投資4000萬,2023-09-15,276.0,"科科科 | 感謝分享 | 用油土聽就好 | ㄎㄎㄎ | 科科科 | 這沒競爭力 想不到有什麼買這隻的必要 | 投資科科 績效科科 | 買ytpr有送音樂 | 台灣大哥大不是有myMusic嗎？又亂花錢了... | 選擇科科科技 一生科科科技人 | 有比ytm好用？ | 過氣了吧 現在都用水管會員聽 | kk算不錯了,至少是華語無損串流的先鋒,不過連龍頭sp | ot都虧損串流音樂還是別投資吧,不如騰訊音樂 | 現在還有人用這個？ | 我一直在用，雖然 App 不好用 | 2498 | 抖抖的 | 科科 笑死 | 這根本不賺錢 | 科科科 | 不靠科科世界 靠KKBox夠嗎 | 中華之前是不是有投資網家..... | 雖然KKTV更不好賺就是了... | 被google /蘋果生態屌打， | 投資這個是要?? | 科抖科技 同字不相鄰 求幾種組合 | 我覺得很好用  至少在找一些冷門的古早中文歌 | 2412專門投一堆垃x | 我留著KK是因為滿多2000年到2015年左右的台語歌 | 只有KKBOX獨家有 | 柯基 | 我每月149繳了15年了 | 那段期間 主流的台語唱片公司好像都獨家授權給KK | 所以現在其他平台都聽不到或不完整 | 早期的華語歌真的kk獨霸 | 本土音樂還是KK最好用吧 | 能投資google 裡面yt全包 我投資這支幹嘛 | 另外 KKBOX+KKTV 149的方案滿划算的 | 結果我KKBox都聽日文歌(ry | 上市給人家炒的 | 科科科 滿可愛的 | 中華跟台哥大這兩家不是才因聯合壟斷被罰嗎？抬出 | 這個來講是扣分吧 | 科科科 衝著名字買一張支持 | 科科 | 晚了 我們就不要了 | 中文歌部分 KK算不錯了 | 不看好 kkbox正在走下坡 Apple Music,Spotify, St | reet Voice以及免費的YouTube Music 太多競爭讓kk | box 用戶流失很多 | 還有人用嗎 | 還有人在用這個? | 科科 | 上市你就會看到DAU這些數據了 等財報就知道有沒有人 | 空爆 | 科科 | 家庭帳戶6個人使用不貴。 | 先不要 | 科科 | 快笑死 | 晚了就不要了 | Youtbue 搜尋抖音，就能免費聽 | 早20年前上市 還有投資的價值 現在???? | 雪紅姐重返農藥 | 科科 嘻嘻 2023還有人用kk? | ㄎㄎㄎ | 上市給人空 | 身邊在用的都是女性 | KKMAN孩來 | 有yt premium 誰還要用這垃圾 | ㄎㄎㄎ | 我都用KKcity | ㄎㄎㄎ | 不看好!競爭對手都國外大咖GOOGLE APPLE SPOTIFY | 科科的股票 鄉民一定要人手一張的吧 | Spotify 屌虐 | 不好賺了才要上市 | 科科科 | kkb剩老客戶在用了吧 新客戶都被spo跟ytm搶走了 | kkbox跟youtube premium又不衝突 | kk的崛起，主要是之前台灣主宰華語樂壇，但黃金期 | 已過。以前上YT找kk歌單來聽，現在逐漸變抖音歌單 | KK園區 | 被新串流屌打沒錢賺才來上市割韭菜差不多 | 我都用iTunes | 科科科 | 科科 | yt有無損嗎？ | kkbox主要股東應該是KDDI 日本第二大電信商 | 跟宏達電的共同處是創辦人是王永慶外孫 算是經營之 | 神的開枝散葉吧 | 投資科科 人生科科 | 以前真的很屌 | K2 | 10年前全盛期不上市 現在要沒了才來上市? | 說真的這說服日本母公司很不容易 日本應該很不想在 | 台灣上市 | 不大看好 | 連梁靜茹的勇氣都沒有，真不知道上市的勇氣是誰給 | 的 | kkbox 還不錯阿，至少老歌都還蠻多的，kkbox＋kktv | 149超划算，每年還有演唱會可以抽(雖然只中過一次) | GOGORO 玩美移動 Appier跑到國外上市 證交所顏面 | 無光XD | 不錯有啥用？？？ 外語歌打不過國際主流的 中文歌 | 為主但打不進去中國市場 | 聽音樂都用Spotify，愛看劇但kktv是少數沒訂閱的。 | 科科,走著瞧,歐買尬,辣椒,橘子…… | 坐等記者把這家公司的名字唸出來然後笑場 | 科三小 我都用spotify | 都誰在用啊？ | 台灣純軟練功 | 空 | 科科科 | 連梁靜茹的勇氣  楊丞琳的曖昧都沒有  哪來的勇氣!! | 沒在聽歌了 | 終於 | 好的，繼續用spotify | 糞服務 | YT都買會員了 | 華語串流，騰訊音樂 網易問號 | 空爛 | KKtv有機會做大ㄇ | 科科 科技... 有夠科科 | 至少是軟體公司 | 老東西 沒競爭力了 | 時代的眼淚？ | 正打算不續租 | 真的叫科科科我買一張 笑死 | 我免費仔繼續KKBOX免費聽歌嘻嘻 | 科科科 | 被Spotify屌打@@ | 這是垃圾公司 來騙錢的 | 從公開測試版就使用的資深會員，然後完全沒優惠或 | 是老會員折扣…切心啊 | 音質爛成這樣 要確定欸 | 投資科科 一生科科？ | 有財報可以看嗎? | 科科科 | 股東禮可以是風雲榜門票嗎 | 太遲了 | 把財報直接公布就知道好或壞了，自身感受不準的 | 科 | KKBOX是華語最大無損音樂啊，Spotify 、YouTube、A | pple music都是有損音值 | 我都用EZpeer | ㄎㄎㄎ | 崩盤， | Spotify好用多了 | Kk要全資收購台灣酷樂，以後MyMusic 應該是要被整 | 併了 | 還好我木耳 有損無損都沒差 | 聯發科科科科技股份有限公司 | 看來就是缺錢 拚上市上櫃 不然20年...更早就... | 最近才想說要退掉，都改用YT聽了 | YT music歌還比較多 屌打十條街 | 我花199不用看廣告   跟下載YT Music | 後來我又訂KKBOX  歌還是一樣少   空爆 | 一堆音樂隨時跟你說不能播 早上還能聽下午就不行了 | 笑死 | 科^3技 | 科科科！ | 之前是會員超久 但歌少後面直接轉yt會員 | 中文歌為什麼那麼少誰知道嗎  根本廢到笑 | 我大約15年前訂過一年  後來去年又訂一次 | 結果歌還是少很多 害我又訂回YT | 被Spotify屌打的咖 | 我怎麼覺得他們快要過氣了才在上市?打算撈錢嗎 | 科科科技 | ROON前陣子開始跟kkbox合作，滿意外的 | 竟然還有人用kkbox... | 這個年代上市真容易 科科 | 科科抖科科料科科 | 賺飽了吧，準備來割韭菜了 | 歐印 | ipo吸金囉 | 好丟臉喔 還在kkbox真得笑死 | 科抖料 | 十年前上還差不多...現在都被看光光不賺錢了 | kk不錯 | 十年前上還能炒 現在...?? | ㄎㄎ | 不如買阿弟概念股 或是炒炒必應 | 還有人在用？ | 伐伐伐木工 | 早就多元業務了 串流音樂只是一部份 | Spotify屌打 | 還有人在用喔 早就挑戰到YTP 哪一個華語歌沒有上架Y | T啦 | 曾經用kkman上ptt滿久的 | 科科科技，真的不是惡搞嗎 | 2023的現在還有人用這玩意兒嘛 … | YTP的音質真的有比較爛  我兩個都有買 | 聽音樂還是kk比較好  而且也有整合podcast | 難以置信。這東西是幹嘛用的？ | 沒用BOX 不過有訂KKTV | 不看好 | Spotify還是首選 | @Moneytaker | 上市就買一張給牡蠣好惹 | 蛤？都清光緒一百幾十年了還在用kkbox | 來割韭菜了 | 老人在用的 | ㄎㄎ發大財 | 串流跟售票成本結構都有對應的標的可以稍微參考 | 畢竟你不是華研 你能收的很有限 不事權利金很高 只 | 能拿一點 就是代售你頂多抽不到8% 還沒扣除營業費 | 用 | 我覺得科科科上市應該挺有趣 想看他的財報 | 題外話 KKTV還不錯 | 都聽日本妹沒在聽中文 | 科科科技名字直接贏一半 | 這可以算meme股嗎 | 15年前上還有點搞頭 | 抖抖科 | 到底幾個科啦 | 看看 | ㄎㄎ | 取名顆顆顆技就是來搞笑的吧 | 沒賺錢了才準備上市zzz | 沒用過 倒是看過免錢kktv （日劇多 | Kkbox 在台灣不太賺，免費仔太多，雖然我自己有，也 | 不怎麼看好 | 水管一堆支那影片歌曲 | 科科 | 上了roon根本屌打其他家只剩apple music這瘋子能比 | 股東科科科 | Spotify 笑而不語 | 要開始割韮菜了嗎 | 這檔建議不要碰，可取代性太高 | 兩個月前才退訂 現在沒什麼好聽的中文曲 他的外語 | 排行又很舊 | 4000萬鎂？13億？ 這家公司有什麼背景啊？ | 替代性太高了 還要投這麼多？ | 專收低能員工 | 比較冷門的歌都沒歌詞，要自己上傳… | KKBOX應該會有一個收入是授權播放 | 這個在spotify或apple music應該沒有 | 有些品牌連鎖店公司為了不要有法律爭議 | 會買這種服務 | (但不是播放流行音樂就是了) | 真的有科科科耶 該怎麼辦? | 投資ㄎㄎ 腦袋 ㄎㄎ | 2023年了還有人在用KK BOX | spotify分類真的比較好，專輯 單曲 合輯，都好清楚 | ，然後還有分類的推薦，相關推薦，真的讚！ | 看不出來有啥競爭優勢 | 我停留在kuro | 科科科技，種花電大噴0.5慶祝 | 晚十年上市了 | 科科科 | 身為kkbox prime會員路過推 | 競爭不過Spotify ytb 才上市割韭菜啊 | 買進科科，戶頭科科 | KKBOX的授權播放會比店家自己開YT在那邊播多嗎.. | 現實一點 | 走合法授權 就要看到底是唱片、製作公司抽比較多 | 還是平台 | 分店音樂管理這塊有規模的總公司應該都有自己的處 | 理方式 | 我自己排序YTM>SPO=apple>kk | 抖抖抖 | 科科科XD | 很久的產品了吧 現在應該很少人在用了@@ | 快看看 | 快看看 | ㄎㄎ科技 | 科科 聽說老闆和高層很雞掰 | Kkbox + kktv 用戶 | kkbox一堆舊華語歌授權到期直接消失 反應也沒用 | 還是spotify穩用就好 | 現在還有人用？ | 科科科 | 科科 | 肯定會跌，看Spotify 就知",原文標題： KKBOX 確定在台上市獲中華電信、台灣大等企業投資4000萬美元 原文連結： https://money.udn.com/money/story/5612/7442628 發布時間： 2023/09/15 17:42:04 記者署名： 彭慧明 原文內容： 成立20年的資深串流音樂平台 KKBOX 確定在台灣掛牌上市（IPO） ，KKBOX 所屬母集團 科 科 科 技（KKCompany Technologies）今（15）日宣布獲得包括中華電信（2412）、趨 勢科技與台灣大哥大（3045）PreIPO輪4000 萬美元資金挹注，這是繼日本第二大電信 公司 KDDI、新加坡政府主權基金 GIC、宏達國際電子（2498） HTC 後，再度吸引策略 投資者加入 科 科 科 技股東陣容。此投資將加速 科 科 科 技在國際業務版圖、產品應用發 展、科技人才發展等三大面向的推動。 科 科 科 技董事長暨執行長王献堂表示，公司計劃在 今年第４季遞件申請在台上市 ，在上 市前最新一輪的資金募集，包括中華電信、趨勢科技與國內重量級集團企業在內的投資 者共襄盛舉，相信彼此在業務方面一定可以有更多的合作，讓台灣軟體科技實力走出國 際。期待 科 科 科 技旗下事業體，包含音樂串流、多媒體科技，以及雲端智慧等，可以與 商業夥伴強強聯手，為企業以及消費大眾帶來更好的服務與產品。 心得/評論： 現在上市的股票越來越多元了 華語串流應該是KKBOX>others，不知道華語串流音樂市場現在到顛峰了沒 國外spotify稍微搜了一下新聞覺得還蠻慘的 不過我覺得重點還是他們要用啥名字掛牌 鼻要以為疊字自就會讓人覺得比較可愛愛>///<，ㄎㄎㄎ 台積電福音 第一章 By資深PTT鄉民 1. 你早晚要買TSM的，為什麼不要現在買？ 2. TSM是你們的方舟，信者必得救。 3. Morris張 看見這許多迷惘的人，便走下山來，告訴他們，你們當輪班，信仰TSM。 4. TSM，願你的腦機介面晶片降臨，願你的晶片在這世上，如同呼吸般自然。 5. 神愛世人，甚至將他的TSM賜給眾人，叫一切信他的，不致崩跌，反得飆漲。 
"[新聞] 公平會重罰中華電,台灣大 遠傳總座井琪:",2023-09-20,40.0,肉償 | 營建f4隨便買都比這個好 打輸通膨沒有意義 | 笑死XDDDD | 聯合漲價罰你剛好 還在那邊扯全球最低 最低就是你 | 們競爭的結果 不爽就退出市場 | 你們是特許行業不用在那邊哭夭裝可憐 | 有本事就漲價啊，在那邊搞聯合壟斷，不乏你罰誰 | 中華年賺數百億，4000萬大概影響eps 0.1x% | 而且我好像有看到新聞說中華會提訴願之類的 | EPS這麼高 利薄個屌 | 通訊品質不錯是真的 去美國用當地行動通訊網路，常 | 常慢到哭爸 | 電信eps高？ | 利薄在哪… | eps 沒有10元以上都算薄利了。 | 沒看和泰車 賺那麼多，每次美元升值 或 日幣升值， | 都會說不漲價撐不住了。 | eps太高，中華電信會被民代要求降價 | 「遠傳2022年稅後盈餘年增22%至96億」 | 然後其它業者也會跟著降 | 獲利很薄就賣台哥大或種花電信吧遠傳 | 所以電信業的獲利天花板不高 | 爽裝痛.jpg | 不是台灣通訊品質好 而是台灣地太小 反而造成建置 | 網路通訊很方便 美國地大 要覆蓋率這麼高所花的成 | 本會相當驚人 所以馬斯克才會搞星鏈 突破大家的思 | 考方式 誰說一定要從陸地接收網路訊號 | 馬斯克的Starlink有機會顛覆電信業 SpaceX則可顛覆 | 物流業 | 笑死!被遠傳嗆.... | 這是全世界最好的網路 你各位閉著眼睛吃屎的概念 | 罰的比勞檢高欸，但是罰單還是世界便宜，會痛才怪 | 遠傳：可憐哪 | 是 真的是台灣地小 | 電信三雄現在只有說獲利穩，沒有毛利高。 | 台灣大已經要靠mo了吧 | 嘿嘿 不爽不要做 電信特別許可營業還靠北靠木 | 台灣電信真的厲害！ | 政府使用抽稅卡 感謝補充油電費 | 遠傳靠ETC標案吃這麼多油水，沒資格說話,原文標題：公平會重罰中華電、台灣大 遠傳總座井琪：替它們感到肉痛 原文連結： https://reurl.cc/Xm4mV7 發布時間：2023/09/20 12:37:30 記者署名：黃晶琳 原文內容： 近期公平會因為聯合行為，重罰中華電信（2412）及台灣大哥大（3045）共7600萬，遠 傳（4904）總經理井琪接受媒體採訪時表示，電信業現在利潤很薄，替它們感到肉痛 。 井琪表示，雖然罰的不是我們，我們就是跟進同業，但是也很替它們感到肉痛，因為現在 電信獲利也很薄，所以對於這樣的罰款也很心疼。 井琪也認為，台灣電信資費真的是已經壓到非常非常低，資費是全球最便宜，消費者已經 享有全世界最便宜資費及最好的網路。 心得/評論： 電信股在台股投資市場總是被批評的一環 畢竟營運很好預測且估值不難 造就存股達人們一致都不喜歡 營運賺多少配多少 公司成長性很低 報酬率打輸通膨 種花最近也是各種不優的消息 例如工會的抗議事件 或者有切入AI但能幫助營運多少? 董座還想要讓市值上兆 但股價要到130元 填息也都還沒填息 加上因為受到公平會而重罰等等等 不過 現在能站穩上季線的電信股 應該是最近大盤弱爆的避風港吧 大盤盤跌很容易讓大戶或是法人進場避險的標的 另外 電信股裡面的股東們不會炒作 更不會亂拋售 不要說買種花不如買0050 006208 VT... 這樣類債券的股價性質 當作資產組合的一環有互補效果不是更好 
[新聞] 中華電信攜手耐能智慧、訊奇 以 AI 科技,2023-09-20,26.0,還來得及嗎 | 中華電耕耘AI好幾年了…又不是今年才開始 | 轉接人工客服謝謝 | Ai守門員 青少年的惡夢 | 不知道能不能AI配合自動駕駛&紅綠燈數據，自動調整 | 行車速度讓你出門到目的地一路都剛好綠燈 | 上次打客服 AI接的 最後還會幫我轉真人客服 | 耐能做好幾年了 到底行不行 | 中華電信也要買H100了嗎 | 買了H100，訓練後客服人員可以裁掉一半，買越多賺 | 越多 | 微軟不要了，中華電總輪的到了吧？ | 新聞很多就是了 | 現在AI語音客服比以前聰明很多 | 但是線上客服還是一樣廢物 | 種花電比微軟根本是覽趴比象腿 | 改耐能電信再說 不然都小新聞 | AI應用範圍越廣，扣死當資方賺飽飽 | 通常硬體強的公司 軟體爛 | 兩個都強 就是世界級的公司了 | 沒出口說什麼都沒屁用，內銷只會越來越慘 | 耐能根本騙 | 中華技術水平只能騙政府機關而已 | 用了一堆AI還是擋不住詐騙 還想話述我家肛時代+錢加 | 裝防詐騙 還好現在電話客服都被訓練到要我答應才行 | 而不是帳號所有人,原文標題： 中華電信攜手耐能智慧、訊奇 以 AI 科技搶進智慧城市 原文連結： https://udn.com/news/story/7240/7452048 發布時間： 記者署名： 20230920 11:29 經濟日報 記者黃晶琳 原文內容： 中華電信（2412）表示，攜手耐能智慧及訊奇等2家AI先進技術廠商，持續深化合作，三 方共同開創更安全、更智慧、更節能的智慧城市新風貌。 中華電信指出，在複雜的城市道路，需要強大AI演算法以及高規格軟硬體，以分析處理各 種複雜的應用情景。此次合作中，由訊奇提供搭載耐能智慧KL720低耗能晶片的影像終端 設備，結合中華電信提供的影像辨識演算法軟體，共同為提升智慧城市的治安防護貢獻一 份心力。 中華電信指出，透過在智慧安防領域推出此具備高性能與性價比的解決方案，包括車輛特 徵辨識、車牌辨識、人車電子圍籬等，除提昇城市安全防護，並成為推動AI科技在邊緣運 算應用的先行者。其中，耐能智慧自主研發的KL系列晶片能夠適用於多種智慧化場景，包 括城市安防、智慧交通等，此次合作更加發揮本土化開發的優勢，賦能城市應用。 中華電信資訊技術分公司總經理楊慧琪表示，近年來，智慧安防技術應用持續加速發展， 主要是透過低耗能的AI晶片，搭配針對城市場景研發的辨識技術，達成高精準度、低延遲 的解決方案。 訊奇董事長任冠生表示，人工智慧的創新發展正在以前所未有的速度進行，我們期待擴展 與中華電信及耐能智慧的合作關係，重新定義城市治理功能。 耐能智慧創辦人兼執行長劉峻誠表示，隨著AI浪潮的蓬勃發展，耐能智慧除了已提供適用 於邊緣運算設備的AI運算功能，未來將推動輕量級GPT的大規模應用，持續以強大的自研 能力打造更安全、更高能的產品。 中華電信認為，AI應用不斷發展，從家庭物聯網，再到智慧駕駛、城市治理，中華電信與 耐能智慧及訊奇將攜手更多合作夥伴，持續升級技術能量，提供更多AI創新應用。 心得/評論： 中華電信攜手耐能智慧的邊緣運算AI晶片 強強聯手 開發智慧城市應用產品 
[新聞] 他想買「美版中華電」1原因被勸退 網推買,2023-10-05,31.0,"記者只會抄ptt | 米國電信業跟台灣一樣穩？要確定耶 | 不要拿台灣看美國啊，會出事的 | 繼美國緯創後，又自創名詞美國中華電 | PTT發文→記者抄→PTT發文，永動機耶 | 新聞這麼好發喔？抄抄抄 | 讚 不用出門就可以發新聞 | 推文有的自己認領 | 美國電信倒幾次了，穩？ | 2412業務也不單止是這些 | 凡哥子孫 存股金融 高股息債券etf 正2 逐出家門 | 時不時都看到某個魯蛇在推文亂入欸 | 00722b前兩天我也買了....要gg了嗎 | 這樣也一篇，抄一抄就可以發新聞？ | 00722b買進很好呀，別被這篇誤導了 | 美國電信競爭激烈，根本難賺 | 買賣本身就有風險，直言說00722b不好，也要分析個所 | 以然，不然隨便抄一抄大家都會吧 | 這新聞也是蒐集推文 那推文有做ETF分析的 很少 | 買債券只要確定不會倒  到期日能原價賣回就好 | 倒也不用那麼在意公司經營狀況 | 衰退歸衰退  債券該付的利息還是要付 | 只是股息會減少 | 搜集推文當作一篇新聞的垃圾新聞必噓 | 這不是前天的文嗎 CC | 噓 爛記者這樣也一篇 這裡不是給你抄的 | 吃飽撐著....這什麼鬼新聞 | 版上專家臉皮真後,昨天才在看衰債券etf | 今天看反彈又開始在推了!!! | 3個月前看衰美元定存,今天他們又滿手定存 | 煩哥真的有夠煩的  煩夠了嗎？",原文標題：他想買美版中華電1原因被勸退 網推買美債利息高更保本 原文連結： https://reurl.cc/3eeKQR 發布時間：20231005 11:48 記者署名：原文無記載者得留空 原文內容： 網友想投資00722B遭勸阻。（路透） 投資選擇多，每個人應根據自身需求選擇不同標的。有網友打算將閒錢投資等級債00722B ，預計投資兩、三年，只希望藉此收利息。其他人卻表示，這檔標的投資的項目評價都只 有BBB級，不如投資兩年期美債，利息更高還能保本。 一名網友在PTT發文表示，他近日正在研究 00722B ，這檔ETF主要投資 美國電信公司發的債 ，像ATT、Verizon跟T mobile，等於是美國版的中華電信或台哥大，由於電信業是民生 需求，違約機率很低，加上又是季配息，而中華電、台哥大等的股利率約4到4.5%，若投 資電信債就會更高，配息多、穩定，近幾次配息都可達5%以上，規模達到450億，比390億 的00713更大。 該網友表示，若是他打算將近兩、三年不會用到的閒錢拿來投資，只需要收利息、不想要 有太大波動，投資等級債應該是比高股息ETF更好的選擇吧？ 其他人則留言那你買兩年期美債不就好，利息比中華電高還保本、買這種高風險的 ，不如直接美國短期公債、國外的電信公司沒你想像的這麼穩，評價大多只有BBB級 ，不想或不會做產業研究的話，買綜合型的債券etf風險比較小、專心做股票就好 、就股跟債特性不同，之前大家買是因為等降息會有價差，但如果息收角度我覺得5%也 很好了。 還有人留言2~3年、5%，為什麼不直接2年期公債就好？、債有5%以上很值得長放了 ，大盤指數都不一定每年漲5%、這3家電信公司信評都是BBB，建議買A以上公司債吧 、高股息的波動還是比較大、收息來看肯定債啊，你要差價幹嘛不買0050、 5%多以日計息商品可買、超過400億的規模表示很多人買啊。 心得/評論： 買美股還必須要考慮到匯率波動風險 在台灣至少中華電信股利率還有4% 中華電信獲利能力還是很穩定 雖然會有小幅的衰退 但至少獲利穩定且持續 連續配息還是做得到 不過缺點就是中華電信約賺5元配5元 時間久了後 淨值不會增加 獲利能力自然也不會變 如果中華電信的股價上漲到200元 那股利率就會從4%降到2.5% 台灣的人口就這樣 可能還有少子化問題 用戶也不會變多 導致股價成長性不高~ 
[新聞] 中華電助威 打造林口新創園區5G AIoT物聯,2023-10-06,12.0,還我*** | 中華電也要聘請海外顧問嗎 | 助威林，是不是偷偷聲援？ | *** | 中華的eps大概都4～5，股價低一點對存股族比較好 | 股價高一點，殖利率就下降 沒人要，也難怪中華電的 | 股價很難成長 | 這隻就是類債券求穩型，穩穩存吧...... | 海外發展顧問 | Q4通常是年度低點 Q1末到除權前會是高點 | 賺這段價差應該有10元 | 家裡有小孩 給他辦手機門號 加個色情守門員不好嗎,原文標題：《通網股》中華電助威 打造林口新創園區5G AIoT物聯網實證場域 原文連結： https://reurl.cc/dmmK6y 發布時間：20231006 09:05 記者署名：王逸芯 原文內容： 時報記者王逸芯台北報導為打造國際級創業聚落，中華電(2412)升級林口新創園區5G 專網環境，並輔導多家新創團隊，透過良好的5G專網實驗場域，發揮高度敏捷之5G應用開 發優勢，進而精準掌握市場技術發展趨勢。於林口新創園區，運用3.5GHz及28GHz頻段佈 建5G商頻訊號，本次響應政府專頻專網政策，引進國產5G微型基地台，於園區內新增架設 室內5G n79微型基地台，並搭配實驗場域需求，提供新創應用驗證與技術輔導的資源，協 助5G新創團隊於實驗場域進行技術改善，並於各種企業場域應用發揮5G產業示範作用，以 及發展對應的商業模式。 中華電此次協助新創團隊將應用導入5G實證場域，加速新創應用孵化，中華電企業客戶分 公司總經理張本元表示，中華電盼成為新創應用研發廠商的強力助攻夥伴，運用自身技術 的優勢，提供優質的5G專網開發環境，讓新創團隊驗證服務穩定性，帶動應用服務落地商 轉，提升5G垂直整合解決方案國際能見度及競爭力。 本次更結盟多家新創團隊5G解決方案，於大型展演中心規劃5G營運管理實證情境，運用大 廳與售票處空間，架設5G n79微型基地台，導入服務型機器人接待往來展演中心的遊客。 除此，藉由提供高度客製化且具新穎性之智慧導覽應用，提升展演中心聲量與知名度；本 次合作亦規劃大型傳統產業為實證場域的一環，於商品展示間透過5G專網整合虛擬試衣鏡 解決方案，運用沉浸式體驗，提升客戶對商品的滿意度；而在智慧醫療應用領域上，協助 大型醫療院所於院內建置合適的5G專網架構，安排於醫療院所的診間及會議室，透過VR眼 鏡輔助醫生術前講解病因，讓病人充分瞭解病情，以高規格多重資安防護，保障就診病患 隱私權且強化診療資訊機敏性。 輔導新創產業，建置實證場域並推廣擴散，是政府現行推廣的重點政策，身為電信業龍頭 ，過去中華電信也與國內各大協會與學校攜手合作建置5G實證場域，包含：數位創新基地 (digiBlock)、台南沙崙新創園區、林口新創園區、高雄亞灣新創園等，其展現領先業界 於全台各指標產業園區與聚落佈建完善5G專網環境，實證5G垂直產業應用，促進國內5G AIoT與新創產業發展，開拓5G AIoT應用商機。 心得/評論： 中華電信目前季線走平 只不過股價位於季線下方 KD指標近期也不斷地處在低檔鈍化的位階上不去 這檔股價本來就屬於低波動與大盤關聯度不高的存股標的 每年還是會穩定配息 只是就賺多少配多少出來 中華電耕耘5G和AI 如果能把青少年守門員解放 或許就邁入成長股的範疇也說不定 
[標的] 存美國電信債可以跟存中華電比嗎?,2023-10-11,106.0,"概念上 股債當然不一樣 但主要是電信這個產業就是 | 比較穩 所以電信股電信債都受青睞 | 台灣的有地緣風險 不過感覺美國三大電信經營的不是 | 太好 很多醜聞 前幾年AT&T不是才被降評 | 為啥不直接買投等債 | 我也有看到這檔 | 這次配息算下來還有5% 滿高的 | 不知道AT&T電纜含鉛解了沒 | 別單壓產業，萬一來個啥太陽風暴，電子設備壞光 | 不過要買這種幹嘛不直接買直債 現在都有6%以上了吧 | 美國地廣人稀 光是要佈建基地台就夠花錢了 | 結果台灣的電信股一堆網紅達人要大家不要存 殖利率 | 低 成長性低 笑 | 配息跟中華電信差不多吧?? | 債券比股票更穩 | 中華電信至少有人幫你護盤   美國電信 呵呵 | 虧損 很多都是自作聰明 | 債券雖然穩 但報酬長期會輸給股票 | 地廣人稀的地方不是靠衛星連網嗎？ | 債券就長期報酬輸股票，因為沒有什麼資本利得 股票 | 有 | 買T是做美股最後悔的事.... | 美國怎麼跟台灣的真優質債券比 | Verizon和ATT現在債券利息都>6%，股息都8%了 | 但是據說競爭比較激烈 穩不穩不知道 | 殖利率和元大A級債沒差很多!幹嘛買BBB級債阿 | 最近跌了很多 | AT&T前幾年財報爛是因為之前幾年因為收購 華納媒體 | 這個賠錢貨，導致eps變很醜 | 但目前已經分割，所以AT&T之後的財務狀況 應該會比 | 較好 | 00722B我也有買 規模蠻大的 | 但債券的強項配息就是很穩定+到期還本，對於需要現 | 金流的人 就有意義， | 如果能在債券的低點 買到殖利率漂亮的點，那麼長期 | 報酬未必會輸股票多少 | 為什麼不是黑絲? | 丸子 | T 就股息股啊，在高利率的時代就不吃香 | 美債都有5%的時代，那些股息股 定存股 包含 T BTI | O MO, 沒有比美債更高的報酬 很多人就不想買 | 然後 之前 T的財報又受收購華納媒體 這個賠錢貨的 | 影響， 股價就慘啊 | 有買幾張  雖然單一產業也是會起伏 但沒國債被各國 | 大倒時掉的可怕 | 成份T佔幾十%自己看一下 | 總之 目前美國這三大電信的財報看起來都被還算穩定 | ， | 如果你不重壓 分配一些資金在這上面領息的話，我覺 | 得還ok | 買美國的比台灣好嗎? | 因為00722表現上是etf 但實際上是重壓在這三大電信 | 上，風險並沒有很分散 | 公司規模比台灣的還要大很多啊啊啊 | 債券買進當下收益率就固定了 除非收益率比投等債高 | 很多很多 不然幹嘛多了付出風險壓單一產業？ | 規模大小還好,能不能躺賺穩定賺我覺得才是重點 | 00722B是這個月除息嗎 | 我記得是季配 | 最近兩大投資網紅，1元教授 跟 阿格X 一直推電信債 | ，你是不是有看他們的影片 CC | 中華電要繳稅 債劵etf不用 | 繳稅後政府還可以用稅幫你護盤 雙贏 | 債券ETF也是有付給投信的內扣費用 別以為沒成本 | 不過這隻 內扣才0.28% 算是有良心的了 | 買00722B+1 | 買這個不如直接買2412 | 存債與存股 不能比吧... | 這三隻都是BBB級的 直接去買直債可以買到接近6.5% | 的債息，直債又免內扣費， | 如果是我要買，我會直接買直債 直接鎖6.5% 鎖個30 | 年 | 感覺會比買etf 更爽更有感，更直覺 | 你買2412 就算給你算上資本利得， | 你買2412 有辦法長期報酬率贏 美國三大電信直債的6 | .5%嗎 | Ugly也墮落了 | 所以我說 在目前高利率的時代 ， | 過去那套 股票長期報酬一定碾壓債券的觀念 已經過 | 時了，只是很多人完全沒有認知到這件事 CC | 而且你買2412配息要扣健保稅 跟 所得稅喔 | 00751B | 網紅推的特定商品  良心建議別碰 | 有推的記得 取訂 倒讚 不分享 | 存股2412的重點在入手價位,我12x賣18張中間還有買賣 | 過一次,目前尚未買回,如果110附近買回的話能買22張 | *能買到湊22張,我當時留兩張在手上而已 | 110很難等所以我目前主要在等適當時機入手 | 聽亡紅買股等於自殺 | 因為它還是有一些其他公司債 | 不同東西吧 | 00722b殖利率有5%算還不錯吧 | 台灣的電信業，跟美國電信業是兩回事，不要用台灣 | 角度看世界 | 不要亂比好嗎zzzzzz | 三大電信 我目前只有買Verizon的直債，因為Verizon | 的財報是其中最好看的，債券評等還是最BBB級中的霸 | 主 BBB+ | 美國的產業玩法 劣幣驅良幣 | BBB+的財務狀況 基本上都會明顯好其他BBB等級的一 | 大截， 這種放長會比較安心 | BBB-蠻多就不是很穩，我不買BBB- | 台灣電信股估值很高 | AT&T跟中華電信體質不同吧　　一個是民營自負盈虧 | 一個是寡占類國營　　 | 能類比的話，你怎麼不買你更清楚的中華電？",上次有看到版有在問00722B這檔， 我想問的是存電信債跟存台灣的三大電信股是可以比較的嗎? 以電信股來說，台灣的三大電信股價都算穩 這個產業不太會大起大落， 畢竟大家都離不開手機，就是需要用電話網路，是一個很穩定的產業， 配息也穩穩的，所以才會這麼多人存電信股 722B則是我最近才接觸到的標的， 他標的是債券，我的理解債券波動會比股票小， 債券本來就是用收息， 就是要看發債機構靠不靠普之類的， 他的發債機構主要是美國的電信債， 我感覺就是美國版電信三雄， 美國市場肯定比台灣市場大很多， 我想公司的規模一定也是好幾倍 所以如果台灣電信股都可以存了，那是不是買電信債是不是也可行？ 而且他配息有到5%，配息水準好像也差不多 第一次發現這件事有點新奇，不知道既然配息水準沒有差很多， 為什麼大家是選擇電信股而不是電信債阿？ 國外債券還有免稅優勢，好像要超過670萬才會被課稅， 我也不可能買超過XD 問了一下我的營業員 他說這個是可以買著放，領配息的， 我想說存電信債應該也是可以的吧？ 問問版上大大的意見 抱歉，我的營業員不是黑絲無法分享給大大們 https://i.imgur.com/GefBWBE.png
[新聞] 中華電攜國際夥伴攻6G,2023-10-13,51.0,5 G都普及不了了還在幻想6 G | 5G做的離離辣辣 還肖像做6G… | 我還在用4G | 這很三星 | 6G能賺到錢才有效 | 毫米波都沒普及，又再唬爛了 | 很棒，明天大漲0.5 | 逐漸使用戶習慣高資費，後勢可期 | 可是5G超耗電 手機根本無法普及 | 馬斯克表示zzzzzz | 5G好貴 | 6G 是說頻率嗎~~~笑 | 32g在叫我 我喜歡握不住的感覺 | 吃到飽4G尖峰時段都會變速了，還妄想6G啊 | 5G 199叫我 | 6G基站不會要每個電線桿都一個吧 | 自駕車要好 網路要靠6G | 2gps？比有線網路還快 | 4G降速 5G不普及 6G要賣給誰 | GG | 這問題十年前3G就演過了，最後3G拆拆大家也是乖乖 | 用4G，買電信股就別煩惱這了交給公司煩惱就好 | 好好笑 下去吧 | 5G真的不是給你手機上ptt用的…… | GG | 新加坡都普及5G了 你勒？ | 可以找遙遙領先合作 | 499  5雞吃到兔 | 都是傳說偶數才會成功啊… | 爽用5G了 | 3G拆了有4G499，看來5G499不遠了 | 5g的額度不到30g，我要笑死了 | 5G覆蓋率…. | zzzzzzzzzz..... | 4G改5G 除了資費變貴 沒有對我的生活有改變什麼啊.. | 5G能用的地方還沒有很多，就想直升6G呀？ | 相較之下中華5G算穩的了 | 9月的 eps月減年減搭配這新聞，呵.. | 2G+4G就等於6G的概念嗎? | 現在的3G+4G=7G 撐到8G時再升級了 XD | 5G就是個過渡時期的爛東西 | 是不是想出貨？ | eSIM何時可以隨機移轉？ | 5G都沒什麼用了還要6G | 先降價5G資費啦 | 說個笑話，某些收訊差的地方只收得到3G。6G，嗯。 | 炒股而已。 | 4G就像Win10的市佔率 | 6G要等到2030吧 | 現在一個G就是10年左右 | 6G的專利很多都在華為手上,原文標題：中華電攜國際夥伴攻6G 原文連結： https://reurl.cc/DolAoN 發布時間：2023/10/12 22:49:29 記者署名：黃晶琳 原文內容： 中華電信（2412）昨（12）日宣布積極建設5G網路，率先導入5G 2CA（載波聚合）功能， 提供行動飆網下載傳輸速度理論值逾2 Gbps。此外更攜手Vodafone、德國電信等NGMN國際 電信業者，發布6G及雲原生發展倡議，推動服務升級、產業轉型，邁向6G新世代。 中華電信網路技術分公司總經理簡志誠表示，2020年6月底推出5G服務，領先導入CRAN先 進架構，打造節能、穩定及高效能5G網路服務，2022年5G已涵蓋全台22縣市及率先實現全 國368個鄉鎮。 中華電信表示，在既有4G5G建設基礎上，運用5G業界最大連續頻寬3.5GHz與重耕（ Refarm）成5G頻段的2.1GHz，再結合900MHz、1800MHz、2600MHz的4G頻譜，在全台重要商 圈、大專院校、科技園區、國道服務區等地點，導入5G 2CA4G 4CA的新技術應用服務， 可提供行動下載速率理論峰值超過2 Gbps，較先前行動峰值網速提升10%以上。 心得/評論： 台灣大台灣之星 對中華電的競爭是個利空 遠傳亞太電信 對中華電的競爭也是個利空 看來中華電要想辦法做出龍頭應該有的姿態了 切入6G是方法 不然股價上漲的動力會輸給其他兩家的 今天賣壓算很重 
[情報] 2412 中華電 Q3 EPS 1.17,2023-11-08,33.0,怎麼變差了 | Q3怎麼退步了 | 明天怒跌0.5 | 被美債屌打的股票 趁現在換還來得及 | 100等上車 | 讚  高於預期 | 遠傳股性比較活潑 | 看到定存股某人又要酸 當初吹的鴻海電信怎麼了 | 屌打鴻海 | 等Q4就知道今年發多少了 我估4.9 | 鴻海電信表示 | 可以開始進場了 放半年概念股 | 4.8～4.85吧，疫情居家辦公的家庭網路需求開始衰減 | ，但netflix跟mod收入增加一點，剩下看5G市占率 | 真的信仰很深 股價鐵板一塊 | 買了安心睡 | 穩 | 信仰好像不在乎配的變少？ | 穩定就是信仰，景氣再差都得用網路，沒工作就宅家裡 | 上網追劇，裁員潮概念股 | 穩 | 最近股價有慢慢往上爬 | 2412不是在它漲的時候買 | 穩 | 年度買點已過 要再等一年了 | 獲利0.85% 清空咧= = | 一直放著，穩 | 都發給員工了 | 唉 | 不如中華車 | 當年90買了幾張，每年貢獻不少現金 | 這檔就是買了砍APP，好好去工作就可以了 | 爛爆,1. 標題：2412 中華電 2. 來源：TWSE 3. 網址： https://mops.twse.com.tw/mops/web/t05sr01_1 4. 內文： 1.提報董事會或經董事會決議日期: 112/11/08 2.審計委員會通過日期: 112/11/06 3.財務報告或年度自結財務資訊報導期間 起訖日期(XXX/XX/XX~XXX/XX/XX): 112/01/01~112/09/30 4.1月1日累計至本期止營業收入(仟元): 161332502 5.1月1日累計至本期止營業毛利(毛損) (仟元): 60784313 6.1月1日累計至本期止營業利益(損失) (仟元): 35898851 7.1月1日累計至本期止稅前淨利(淨損) (仟元): 36557134 8.1月1日累計至本期止本期淨利(淨損) (仟元): 29459209 9.1月1日累計至本期止歸屬於母公司業主淨利(損) (仟元): 28659133 10.1月1日累計至本期止基本每股盈餘(損失) (元): 3.69 11.期末總資產(仟元): 512202657 12.期末總負債(仟元): 125853100 13.期末歸屬於母公司業主之權益(仟元): 374023397 14.其他應敘明事項: 無 Q1 1.24 Q2 1.28 Q3 1.17 前三季 3.69 定存股 
