article_title,date,message_count,messages,content
[新聞]〈CES展搶先看〉群創首發高階電競電視 華碩、微星將辦線上新,2021-01-10,22.0,我高中同學兄弟倆愛吃麥當勞常跑去偷吃 他爸有次生氣 | 就射了 | 了說愛吃就讓你們吃個夠 然後連續兩個禮拜晚餐都吃麥 | 克阿瑟為子祈禱文 | 我同學還是吃得很開心然後他爸先崩潰了 | 65吋4k VRR 240Hz...這樣會不會破10萬 | 股價破20了gogo | 投信只要繼續倒就很難上去 | 14.5 t報到 | 富采噴出 | 投信還沒倒完咧 倒完我再買 | 被三星工廠新聞打回來 | 什麼都可以電競 | 笑死 還是乖乖下去吧 | 再多的利多消息都比不上三星不關廠 | 電競電視是三小... | 投信賣不完... | 今年一堆大便遊戲  就算買了要拿來玩原諒者跟bug7 | 7? | 公司還不如去搶ps5綁機賣 | 15.8快上來接我 | QQ 到底落後陸廠10年有嗎,1.原文連結： https://news.cnyes.com/news/id/4558993 2.原文內容： CES展搶先看群創首發高階電競電視 華碩、微星將辦線上新品發表會 美國消費性電子展 (CES) 將在 1 月 11 日到 1 月 14 日登場，受疫情影響首度改採線 上方式舉行，除筆電品牌廠華碩 (2357TW)、微星 (2377TW) 將在展期舉辦線上發布會 外， 面板大廠群創 (3481TW) 也宣布將透過線上展覽平台，展出一系列顯示器解決方案 ，更將首發 65 吋 4K 電競電視。 群創表示，因應後疫情時代加速宅經濟、智慧終端應用等商機持續發酵，將在 CES 展出 全球首款電競電視、8K 電視與一系列高階顯示器等產品，其中，65 吋 4K 電競電視具備 可支援 VRR 刷新率高達 240Hz，另外也將展出採用新世代 MiniLED 背光顯示技術的 120 吋 8K4K 高階電視、65 吋 8K4K 薄型化電視等。 群創進一步指出，也將展出 14 吋 FHD PolarBlack 極光純黑面板 ，以 PolarBlack 極光 純黑 LCD 創新技術，可望超越高階 OLED 畫質，展望未來，將持續精進技術創新發展， 包含主動式矩陣 AM miniLED、AM microLED 、8K4K 超高解析度、全屏極窄邊框 等，積極 推升高含金量產品與提高產品附加價值。 另一方面，筆電品牌廠也發出邀請，宣布將在 CES 展期舉行新品發表會，華碩就將分別 在台灣時間 1 月 13 日凌晨 2 時舉辦《ROG For Those Who Dare》線上新品發表會推 出 ROG 電競新品，隔日 1 月 14 日凌晨 1 時舉辦《ASUS Be Ahead》線上新品發表會。 微星則規劃在台灣時間 1 月 14 日凌晨 3 時舉辦《CES 2021 科技未來》線上發表會， 發表全新系列主機板、顯示卡、螢幕、週邊與桌機等產品。 3.心得/評論： 新品聽起來嚇死人 上周股價笑死人 來 大家說說下周怎麼走 
[標的]  2357華碩 超級多,2021-01-14,97.0,"看好 | 抵制 | 華碩讚讚，挺過共碩風波看來毫無影響，繼續抱 | 25X零股報到 | 小編贊成 | 小編的刀 | 超級多的刀 推 | 拿刀逼著股價上漲 | 愈挫愈勇 | 會被覺青空爆 怕 | 中國小編概念股 噴爆 | 漲有點多了 | 下一個htc? | 噴太多了 不敢買 | 小編事件根本無感 | 有刀子壓著會漲比較快嗎 | https://newtalk.tw/news/view/2020-12-22/512352 | 我比較怕美國阿爸的刀 | 小刀概念股 | 覺青又空不起這隻，要買筆店或零件還是買華碩啊，品 | 質好又一堆據點 | 華碩沒有獨家的技術QQ | 用刀抵著股票 | 說華碩筆電品質好是怎樣... 我大學買第一台第三天主 | 機板就壞了 | 拿刀抵著還敢不漲嗎 | 樓下憤青酸紅色企業 | 修好直接賣給理工男盤子，自己換成Macbook | 我買就沒壞過，至少壞掉找得到地方修不錯了吧 | 營收要看後續反應沒那麼快 不過台灣全掉可能10%而已 | 皇家是很多據點啦，也直接免費換掉 | 有刀子架  不敢不漲 | 好喔 | 我自己的也是沒壞過，還用了整整六年才換MAC | 高鐵 有大咖開始回補啦 | 為啥這隻本益比看河流圖就在十倍上下而已？那不到十 | 倍其實也往上空間不大？ | 啊上面推錯沒事XD | 小心oo喊抵制舔中的 | 這檔我也有買4張，觀點跟原Po相似，繼續持有！ | 中國品牌 | 第三季eps可能先看一下是不是業外灌的吧... | 純提醒 | https://i.imgur.com/A3QTODs.jpg | 用刀逼漲 | 無限QE下去市場平均本益比上修 華碩也上修合理吧 | Chinasus | 在台上市的中國公司 | Chinasus | 肯定會有人抵制，營收會降，外資就會調降目標價 | 高鐵哪時發車 等很久 | 我是抵制，不過也是要等下次買電腦時才有差。 | 漲這麼高了才要騙人追 | 小資族買一百股試試 | 覺青空爆你 | 架刀概念股 | 反正我之後不買華碩,隨便. | 刀已經架到股民脖子上 還不買爆 | 子龍機不是很多人知道嗎 七進七出皇家 | DRAM DDR5世代,反正不可能買華碩相關產品 | 當初真的有人看到大家喊抵制跑去做空嗎？ | 外資華碩喊350 星星喊180 星星最近也在噴 | 拿刀在追，誰敢跌XD | 沒人會傻到在缺貨的時候作空好嗎= = | ahoy | 抵制到爆漲 笑 | 資金追逐利潤，有賺到就會笑 | 抵制 | 抵制的，有錢放空嗎？還是嘴上富貴，嘻嘻 | 跟航運一樣短期的而已 | 本益比要看forwardPE, 看已發生的菜味很濃 | 跟推文反著做就對了 | 推一個 | 恭喜有鴻海 | 笑死，ptt一貼就跌 | 笑死，被喊多喊到蹦 | 那麼多股票 不買中國公司 | 狙擊槍準備 | 拉起來拉起來，不要打臉人啦! | 你講完就跌... | 電腦零件抵制營利影響又不是一兩個月就可以看出來 | 一般人哪會每個月都在換新組件 | 要小心，華碩還在做20年前的東西，近幾年投資新產品 | 都沒有好成績，投資可以，但是要評估企業轉型風險 | 板卡股給的本益比本來就很低 又不是ic設計.. | 只想說你的基本面分析很多餘  電子股不適用這種分析 | 電子股基本面看別人報告就行  自己看線型籌碼好就上 | 不要用意識形態來投資啊 | 不如買技嘉 | 晚了 | 出事都會漲 是我電子股 | 上週組了台5900X，無半個華碩，已列黑名單。 | 笑死 | 那小而精的毛利率 笑了 | 這檔沒350都算便宜 | 漲也漲不起來 | 反觀統一超被罵還會下跌",https://i.imgur.com/RwNlYQO.jpg 2020年4月開始持續年增，連最不看好的12月也大大的優於預期，前三季eps累積為22.5元 ，光第三季eps14.15元，已屌打幾乎往年整年eps。 https://i.imgur.com/ozgyV8o.jpg 第四季營收本來以為會衰退，結果財報公布跟第三季差不多，隨便預估全年eps最少3035 元左右 以eps30來估算，現在本益比爆幹低，還不到10倍。 回推前幾年本益比給個12倍 先抓個目標價350~360元 https://i.imgur.com/ybM2SLD.jpg 殖利率部份去年發14元，前年發15元，今年年增17% 隨便抓個15元，以現在的位階也有個 5%左右，閉著眼睛都能進場。 籌碼面： 統計近180天的賺最大三個分點為台灣摩根，香港上海匯豐，凱基台北 財報公布後的交易日，三家都持續瘋狂吃貨中，每天都是買超，跟著高手做，躺著數錢。 技術面：每天都在破近期高點 4. 進退場機制：(非長期投資者，必須有停損機制。請益免填) 進場：現在 停利:小目標先抓350 停損：沒考慮過 營收賺爆、位階低、本益比跟殖利率都漂亮，不買這檔要買哪檔。 https://i.imgur.com/ZLY30zh.jpg 那個新聞是真的很智障 不過我也是財報出來後才進場，看到獲利錢還是要賺 全年Eps如果抓35 10倍也有350 所以目標價我先估350元
[新聞] 華碩揚威海外　6度榮登《財富雜誌》全球最受推崇公司,2021-02-03,113.0,"中國公司 | 我自己是用華碩沒買過子龍機，反而是宏碁常常買到 | 小編也很強 | 小編經營學 | 華碩的東西確實好用 | 刀子機 | 華碩小編超強 | 好強 | 是小編厲害，刀子架脖子經營學 | 派小編去把刀子架在Forbes 脖子上？ | 別忘了之前還被說中國公司抵制030 | 中國公司 揚威海外 若要乳滑 刀架脖子 | 小編的刀 | 華碩5Z用很久還不錯 後面都太貴了不想換 | 架刀專家 | 中國台灣公司 讚 | 樓下噓空到下市 | 跪舔到上榜 | 可惜大家沒多高興 | 有中國人支持,自然最受推崇 | 出貨文，小心 | 中國華碩  即將追隨  HTC腳步！ | 子龍 你… | 說好的抵制呢 股價還一直飆 | 刀 | 你是說華碩比tsm值得尊敬嗎 | 什麼聯發科 鴻海 台積電都被打趴，棒棒 | 中國公司 | 什麼時候出RGB刀架 | 小編經營學 | 持刀企業專砍老董 | 中國公司 | 不是...華碩有做這麼多事嗎?還是都在國外? | 中國的驕傲 | 台灣？？？ | 可惜就是傷了台灣人的感情 | 笑死ptt自爽，現實根本沒人在乎小編在幹嘛 | 讚 | 真的沒人在乎連噓都不會有吧 | 小編根本沒人在乎，就是一堆宅宅的事情 | 應該是中國小編拿刀子去搶來的 | 脖子上架著刀啊 | 請正名中國華碩 這可是有官方認證的 | 就承認是中國吧 | 不覺得 | 中碩什麼時候出RGB菜刀 | 中國華碩，勞工可以直接脅持老闆 | 抵制小丑在幹嘛，不努力一點沒得撿便宜啊 | 現在筆電蘋果那麼香 我統計一下誰還買asus | 華碩又不是台灣公司 是要高興啥＝＝” | 跪著賺 讚讚讚 | 帶刀一品小編參上 | 華碩的零組件還是首選 | 用刀子比較快 | 華碩小刀揚名國際 | 不過的確是主機板龍頭 他牌主板都ㄎㄎ | 抵制就自己沒用而已 又不能管其他人用不用 | 小編的刀架在蘋果主編脖子上，當然要寫好話 | 讚讚讚 多幾篇 彎腰撿鑽石 | 全靠小編，小編=華碩 | 用過華碩的都知道品質...... | 嘴共碩應該的，但現實一堆拿realme小米的孬種，比拿 | 刀仔不如 | HTC2.0 | 中國企業 | 中國華碩是中國公司 台灣華碩是台灣公司 難懂嗎？ | 周子瑜說自己是中國人就是可憐 雙標宅 | 屎品牌 哈欠 | 其他的不說 小編戰力肯定是全球最強 | 看來小編的刀是架到Fortune主編脖子上去了 | 小編老闆麻 我懂 | 你媽死了送葬第一品牌 | 小編概念股 | 這是中國公司吧 | 明明爛到爆 | 說中國公司的不是台灣人吧 | 中國人的驕傲 | 這檔鄉民抵制後股價默默爬到290... | 娛樂新聞？ | 廢青會跳出來說華碩連股價200的資格都沒有 | 我只知道從3百多跌下來後還沒爬回去300過 | 中國？？ | 請問小編是拿刀架評審嗎 | 共碩 | 上下層溝通效率極佳  老闆虛心肯聽從小編諫言 | 這種公司遲早飛天 | 刀☺ | 小編厲害 | 我是台灣人阿，跟中國公司沒什麼關係阿 | 評審脖子上是不是有刀 | 支那滾 | 中國公司 | 非台灣公司 | 名揚四海的寶刀 | 還不是靠刀子 | 所以小編事件公司後續到底怎麼回應和處理，有人知道 | 後續嗎？ | 刀還在脖子上，目前瑟瑟發抖沒講話R | 這間公司小編非常厲害  值得一試喔 | 讚 中國之光 | 根本就不想看了吧... | 小編治理的公司 | 華碩中國小編的刀子架在主筆身上嗎 寫這篇文 科科 | 支那公司 爛 | 支那之光 | 推 華碩 反觀中國小米 沒上榜 廢 | 架刀小編刀薦的功勞 | 今天賣了，持有11個月，賺50趴。謝謝刀子XD | 拿一堆台灣補助還這樣做事，不要臉 | 綠畜不要自己代表台灣人好嗎 XDD | 架刀概念股 | 中國之光 | 刀來了？！",https://bit.ly/ 縮網址，連結能不能點擊者板規122處份。 3.心得/評論請盡量充實，心得過短或濫竽充數將會以123一行文規範水桶處份。 4.發文請依照格式文章標明段落，不符合格式者依41刪文處分。 以上注意事項請勿刪除 違者41 刪文處分 華碩揚威海外 6度榮登《財富雜誌》全球最受推崇公司 原文連結： https://tw.appledaily.com/property/20210203/VKR6IGX35NDHTFHHRF3JDZOOTQ/ 發布時間： 2021/02/03 07:00 原文內容： https://i.imgur.com/oxpz5uh.jpg 華碩6度入列美國《財富雜誌》2021全球最受推崇公司排行榜，在創新力、產品與服務品 質、財務穩健等項目表現亮眼。資料照片 台灣PC大廠華碩（2357）繼日前於美國消費性電子展（CES）盛大推出生活時尚、教育、 商用及電競系列新品，並奪下16座CES創新獎（CES Innovation Awards），今再傳好消息 ，6度入列美國《財富雜誌》2021全球最受推崇公司排行榜，在創新力、產品與服務品質 、財務穩健等項目表現亮眼，獲評審團一致高度評價。 華碩董事長施崇棠表示，華碩立志成為數位新世代備受推崇的科技創新領導企業，很榮幸 能6度獲得《財富雜誌》肯定，也是華碩再造進化、砥礪前行的最佳力證。 回顧2020年，華碩除獲得《LAPTOP Magazine》全球最佳筆電品牌，另拿下13項德國iF產 品設計大獎、26項德國紅點設計大獎（Red Dot Design Award）與15項日本Good Design Award設計大獎，展現創新與設計實力。 與此同時，華碩亦持續佈局智慧醫療領域，加速健康照護與創新診斷治療研究發展，更透 過AI助力智慧製造與安防，突破品質檢測及工安部署瓶頸，推動產業轉型升級。 此外，華碩亦長期支持公益，援贈手機、電腦等設備至海內外偏鄉、教育/醫療/政府機構 ，挹注數位學習、遠距教學及醫療應用能量；企業永續發展方面，則為台灣首家獲得亞 洲年度最佳社會責任企業獎（Asias Most Socially Responsible Company of the Year ）品牌。 （吳國仲台北報導） 心得/評論： 排行榜出處： https://fortune.com/worldsmostadmiredcompanies/2021/search/?ordering=asc 在台灣公司中位居第一（總第七十八位，唯一晉級百強之列者）、電腦硬體產業中也排第 六名，這未免也太強了吧？ 常羨人間琢玉郎，天教分付點酥娘。 盡道清歌傳皓齒、風起，雪飛炎海變清涼。 萬里歸來顏愈少、微笑，笑時猶帶嶺梅香。 試問嶺南應不好，卻道：此心安處是吾鄉。 北宋蘇軾《定風波南海歸贈王定國侍人寓娘》 
[新聞] 華碩砸15億元 入股振樺電旗下瑞傳3成股權,2021-02-04,21.0,樓下噓中國公司 | 中國小編的刀呢 | 有錢不製刀 拿來買這個？ | 意思是一年後可能持股到45%？ | POS 大概幾年前很夯 一堆資金都在那 | 中國公司 | 應該投資鑄刀廠 讓支那小編有刀用 | 可以拿刀的又一個了 | 中國公司 | 刀 | 刀 | 拒買 | 拒買可他股價一值飆阿........... | 15億也擋不住中國小編的刀 | 估計怎樣跟我拒買這垃圾公司沒有關連 | 振華自從買了瑞傳股價從200多跌破100 | 估計可以準備空華碩了 | 利空出盡 挑戰300呵呵 | 千萬不要再自稱台灣貨，看了就噁心 | 中國品牌 應該要把共碩趕出台灣 | 用一刀就能買下,原文標題： 華碩砸15億元 入股振樺電旗下瑞傳3成股權 原文連結： https://bit.ly/3rheFYL 發布時間： 20210204 15:07經濟日報 記者吳凱中台北即時報導 原文內容： PC品牌大廠華碩（2357）今（4）日宣布，為加強布局AIoT事業，策略性入股POS大廠振樺 電（8114）旗下瑞傳科技，共同打造供應鏈研製中心，加速實現AIOT產業進化與應用升級 。 華碩將以以新台幣15億元，取得瑞傳三成股權，並積極評估一年後，以100%瑞傳股權價值 新台幣55億元為基礎，進一步取得瑞傳15%股權，深化雙方合作關係，長期並規劃推動瑞 傳科技重返資本市場。 事實上，雙方進一步合作早有跡象，早在去年3月，華碩前執行長沈振來已加入瑞傳董事 會，擔任董事一職，而由沈振來擔任董事長的創捷前瞻則與瑞傳策略聯盟。 華碩集團近年加強布局AIoT事業，其中，工業電腦領域為關鍵，華碩旗下已有IPC廠研揚 （6579），以及近年成立的創捷前瞻。 振樺電2017年中旬以每股50元收購瑞傳百分百股權，總計砸下55.13億元，目標打造百億 規模線上線下物聯網平台。 心得/評論： 這對華碩算利多嗎 感覺15億沒很多 但對振樺電來講 明天可能會噴 
[新聞] 華碩、宏碁 1月營收亮眼,2021-02-09,29.0,刀的話題 我已經說累了 | 宏碁是靠什麼賺錢啊？ | 我買兩台宏碁桌電都比不過一台華碩， | 樓上 佛珠 現在疫情剛好可以智慧超渡 | 一台華碩用了七年都沒壞，宏碁兩台只用了四年 | 華碩顯卡超爛GT530結果用7年，cpu是i5的 | 華碩品質以刀挾持 | 宏碁賣了兩台華碩只賣一台你還不知道為什麼賺錢嗎？ | 能量飲料 | 人在江湖走 哪有不接刀 | 所以以卵擊石最後到底有沒有出來回應啊？ | 我買了一箱能量飲料第二天就漲停，出貨暢旺呀 | 刀碩 | 鄉民很愛酸雙A。卻是我去年賺最多的標的哈 | 刀賣的不錯 | 已反應拉 | 中國之光 | 能量飲料真賺 | 已反應 請各位繼續追飆股 | 買買股票沒什麼問題，但是筆電的品質，只有科科 | 支碩真香 | 邊賺邊酸不是更好？刀碩公關老實說處理得還不錯 | 不過我不會再買刀碩電腦惹，頂多買股票讓他幫我賺錢 | 華碩筆電 2013用到現在 改個SSD還是很快 還是不錯 | 的 | 宏碁靠飲料。保養飲品。能量調酒賺錢啊。傻傻的才賣 | 電腦 | 還好之前六張宏基都沒賣繼續等30元 | 全年EPS還沒出爐 不然配息應該可觀,原文標題：華碩、宏碁 1月營收亮眼 (請勿刪減原文標題) 原文連結： https://udn.com/news/story/7253/5242194 (請善用 https://bit.ly/ 縮網址) 發布時間：20210209 00:21 經濟日報 / 記者吳凱中台北報導 (請以原文網頁/報紙之發布時間為準) 原文內容： PC品牌大廠華碩（2357）持續受惠遠距工作（WFH）、居家教學商機，元月營收367.25億 元， 儘管月減14.5%，但年增58.3%，為2013年1月以來同期新高。 華碩昨（8）日公告元月集團營收367.25億元、年增58.3%，1月品牌營收為337億、年增 64%。華碩元月營收較上月下滑，主要是因上半年進入傳統淡季，但在筆電需求持續暢旺 下，單月營收仍維持高檔水準。 華碩指出，1月營收持續強勁成長，華碩將堅定執行以用戶為核心的產品、銷售及服務， 並積極達成2021年設定的成長目標。 法人預估，華碩去年第1季營運受新冠疫情影響，基期較低，加上目前板卡、PC需求持續 暢旺下，預估今年首季營收將雙位數增長。 華碩看好今年首季營運，兩大主力產品線板卡、PC業務本季表現強勁，需求甚至將延續至 上半年，對整體營運樂觀看待。其中，華碩筆電強勁需求不只來自教育筆電、電競筆電， 而是一般消費性及商用NB等全面感受到拉貨力道。而華碩去年遞延的訂單，也將在今年上 半年出貨。 宏碁1月營收234.95億元， 月減17.2%，年增73.4%，創八年同期新高 ；其中， 電競產品1月 營收年增112.8%，專為創作者設計的ConceptD系列產品營收年增247%，Chromebook 1月營 收年增361.4%，輕薄型筆電1月營收年增313.5%。 心得/評論： 必需填寫滿20字 華碩跟宏碁都月減，但是年爆增創新高。 已經有聽到公司年後再家上班一個月了，比電需求應該算是已反映了吧 但是有觀察到有券商封關前狂買一堆宏碁不知道是在期待甚麼？ https://histock.tw/stock/brokertrace.aspx?no=2353bno=700V https://bit.ly/ 縮網址，連結能不能點擊者板規122處份。 [m3.心得/評論請盡量充實，[m心得過短或濫竽充數將會以123一行文規範水桶處份 [ [m4.發文請依照格式文章標明段落，不符合格式者依41刪文處分。 [1;33m以上注意事項請勿刪除 違者41 刪文處分[m 
[標的] 2357 華碩,2021-02-18,78.0,https://i.imgur.com/VdjMd35.png | 先幫你補血 等下會有覺青來噓 | 台灣人的驕傲 | 實際來說我不敢用的東西，我不會投資 | 公司用華碩電腦，嗯......... | 電腦華碩跟宏碁我是比較推華碩 | 一年賺三十塊你用不用重要嗎 | 本來被你講得很心動 a了一下ID 嗯想想還是冷靜~ | 宏碁股價便宜啊 偶爾又會來根漲停 投報率不錯吧 | 鄉民進股市是來賺錢的不是來投資 不用跟標的談戀愛 | 脖子有沒有覺得涼涼的 好像有把刀 | 大家都差不多 為啥你能無腦多？ | 出 | 往年平均都發14塊股利 沒有大漲也不太會跌 如果去 | 年eps30 殖利率也逼近10% | 中國品牌，拒買 | 看到覺青酸就可以買了 | 石頭EPS 股價就差不多這樣徘徊很久了 | 跟覺青還有小編刀也沒關係 | 看看當年味全，要賺翻了 | 不如買技嘉 | 股利會發刀嗎 | 不過如果小編真的能影響公司決策應該也算是風險 | ROG大刀RGB版 | 印象中好像就在覺青開酸後跳漲到290左右的 | 共碩 | 台灣哪個pc不是幾乎全家老小廠都蓋在對岸 不用特別 | 嗆共碩  其他人也是共星 共嘉  看紙箱就知道都是支 | 那製造 | 成長性技嘉屌打 | 還有人在給共碩洗地 嗆他共碩講的是他的態度 懂? | 喊拒買的時候250…好險當時沒去空 | 覺青談態度，笑了 | 中國 | 呵呵！果然來了 | 小編支持你買嗎 | 商人無祖國，眼前一堆錢等你拿時候誰忍得住？ | 準備看有人買華碩 買到換一台跑車惹 | 250盤那麼久不買 | 買了刀子會不會架我脖子上？ | 一堆遇到政治就盲目的無腦覺青 呵呵 | 有刀抵著能不噴嗎 | 股東會紀念品會發RGB拆信刀嗎 | 只會喊無腦覺青，自己卻沒買華碩，笑死人 | 共碩裝死看不到 覺青噓文是腦殘 雙標党這樣子不行啦 | 這家公司小編太大 有系統性風險 | 就像你跟我說中國經濟多好我都不會去買陸股一樣 | 技嘉屌打？？ | 這間台灣市佔第一 十幾年了 抵制起來啊xd | 好啦好啦 你看阿六評測都用華碩版 有原因的 | 買了會附刀嗎 | 小編出來的時候就是買點 | 拿刀子逼漲 | 喊覺青的 是脖子上有刀還是膝蓋太軟 | 要買這隻不如買技嘉 | 在商言商 那種產品品質就算上看1000我也不買 | 中国硕 | 覺青來了 補推 嘻嘻 | 刀子 | 反正他家產品我是不買了 | 看到覺青崩潰就是爽，可憐吶 | 不買就是不買  是品質的問題 | 推！  https://i.imgur.com/a9ULuT4.jpg | 股票會噴就好了管那麼多 | 共碩 CP值這麼低。商品太溢價了 | 講個比TUF CP值高的來聽聽 | 這文覺青表示不滿 不找政府修憲呵呵 | 社群小編能直接嗆聲老闆的公司，公司治理會多好XD | 買這支幹嘛  一堆漲的比他多 成長性比他好的= = | 穩了 噴定了 | 華碩的東西還真的不怎麼樣 但最爛的是微星 | 家裡兩台電腦主機板都故障送修 | 都不到一年 可憐哪 | 乾覺青快去放空 怕你們也沒錢 | https://i.imgur.com/peNTORe.jpg | 蚵粉會拿刀子逼它漲 | 朝聖這篇 股票市場來賺錢的 這篇噓的搞笑咖居多 | 朝聖,多空理由不充實者，板規115或44處份 3.進退場機制若非長期投資，請 輸入停損價，否則依板規116處份 4.若為長期投資，但 無充份分析理由，將依板規115處份 4.請依格式輸入內容，未依格式者板規112砍文處份。 5.分類選填請益或心得者，進退場機制得刪去。 按ctrly可刪除以上內容。 1. 標的： (例 2330 台積電) 2357 華碩 2. 分類：多/空/請益/心得 無腦十年線多 3. 分析/正文： 到第三季就已經賺22塊多 股價不到300元 第四季一公布 我看股價準備一飛衝天 對現在主力很盤 很黏 但是身為散戶有的是耐心 現在通膨的字眼慢慢浮現在媒體上 現在缺晶片產能的效應 已經慢慢擴散到 整個IT供應鏈了 不只上游 下游也要反映轉嫁到終端產品 而且現在需求相當強勁 我要說這可能是半導體跟整個IT產業難得遇到的超級大週期需求產生 股價還在十年線附近 相當難得 記得嗎 我之前說鴻海股價還在十年線 過不久就.... 所以 耐心有回報的 低本益比 又是國際優良品牌公司 整個IT供應鏈的晶片產能不足帶動的漲價效應 這真的是半導體發明以來最難得的一次景象 4. 進退場機制： (非長期投資者，必須有停損機制。請益免填) 進場290 退場400 長期投資 華碩的每年配發的現金殖利率都相當甜美阿 
[新聞] Chromebook夯！華碩/宏碁超車夏普/蘋果、,2021-03-02,6.0,狼與狐 | 這時候放新聞，高檔出貨看不懂？ | 聯想品質這麼差還賣這麼好喔.. | 我只聽過 overbooking | 不是啊都回檔了 哪來的高檔出貨 | 舒服文,原文標題： (請勿刪減原文標題) Chromebook夯華碩/宏碁超車夏普/蘋果、擠進日本前5 原文連結： (請善用縮網址工具) https://is.gd/3DSMIM 發布時間： (請以原文網頁/報紙之發布時間為準) 2021/03/02 10:49 原文內容： Chromebook夯華碩/宏碁超車夏普/蘋果、擠進日本前5 回應(0) 人氣(289) 收藏(0)2021/03/02 10:49 MoneyDJ新聞 20210302 10:49:39 記者 蔡承啟 報導 新冠肺炎(COVID19)疫情帶動居家辦公、線上教學普及，加上日本GIGA School構想(日 本全國中小學每位學生配置一台電腦設備)加持，提振日本上季PC出貨量呈現增長，其 中台灣華碩(2357)、宏碁(2353)受惠Chromebook需求超夯，市佔率超越夏普(Sharp)、蘋 果(Apple)擠進前5大廠之列。 根據IT專門調查公司IDC Japan公布的統計數據顯示，因新冠肺炎疫情帶動居家辦公、線 上教學普及，加上日本GIGA School構想，提振上季(2020年1012月)日本國內PC出貨 量較去年同期成長4.7%至474萬台。 就廠商別情況來看，上季聯想/NEC/富士通集團以44.4%(去年同期為41.4%)的市佔率穩居 龍頭，HP以12.4%(去年同期為18.4%)的市佔率位居第2，Dell以11.8%(去年同期為16.5%) 的市佔率位居第3位。 台灣華碩、宏碁受惠GIGA用Chromebook出貨絕佳加持，市佔率分別較去年同期大幅揚 升5.4個百分點、4.7個百分點至6.5%、5.5%，擠下夏普(旗下PC事業子公司Dynabook)、蘋 果，分居第4、5位。去年同期(2019年1012月期間)華碩、宏碁未能擠進前5大廠之列。 IDC Japan指出，就2020年全年來看，受惠居家辦公、線上教學以及GIGA商機，日本 PC出貨量為1734萬台、幾乎同於創下史上最高出貨量紀錄的2019年(1736萬台)水準。 就廠商別情況來看，2020年聯想/NEC/富士通集團以41.7%的市佔率持續穩居龍頭，其次分 別為HP的16.1%、Dell的14.2%、夏普的5.8%和蘋果的5.5%。 日本ICT市場調查諮詢機構MM總研2月16日公布調查報告指出，在針對日本全國1741個地 方縣市單位進行調查後得知(有效回答數為1478個縣市單位)，因GIGA School構想而 進行採購的PC數量總計為748萬7402台，其中搭載谷歌(Google)製作業系統Chrome OS 的產品數量為327萬8110台、佔整體比重達43.8%居冠；其次依序為iPad的28.2%(210萬 7935台)和微軟(Microsoft)Windows的28.1%(210萬1357台)。 據MM總研指出，在GIGA加持下，帶動日本搭載Chrome OS的筆電產品 Chromebook出貨量將呈現爆炸性增長，預估2020年出貨量將暴增至157.1萬台、將較 2019年(15萬台)狂飆逾9倍(增加947%)，且預估2021年出貨量將進一步擴增至281.5萬台。 鴻海(2317)轉投資的夏普2020年12月11日宣布，為了搶攻日本GIGA School構想商機 ，將攜手Dynabook共同研發搭載谷歌製作業系統Chrome OS的筆電產品 DynabookChromebookC1，並將在2021年2月以後開賣。 編者按：本文僅供參考之用，並不構成要約、招攬或邀請、誘使、任何不論種類或形式 之申述或訂立任何建議及推薦，讀者務請運用個人獨立思考能力，自行作出投資決定，如 因相關建議招致損失，概與《精實財經媒體》、編者及作者無涉。 心得/評論： 必需填寫滿20字 今天華碩新聞到處流竄，一下子推中階顯卡，一下子電競液晶監視器出貨年增高達 108%， 整體出貨（含電競與非電競液晶監視器）成長幅度位居前十大液晶監視器品牌之冠。 貨真價實的油宅概念股 https://youtu.be/_572Yl_oYzw https://bit.ly/ 縮網址，連結能不能點擊者板規122處份。 3.心得/評論請盡量充實，[m心得過短或濫竽充數將會以123一行文規範水桶處份 4.發文請依照格式文章標明段落，不符合格式者依41刪文處分。 以上注意事項請勿刪除 違者41 刪文處分 七魄興輪無上伊甸瑜珈雖然是以看來較為平和的方式以蟬蛻和生乳取代血肉等腥穢之物 作為密義源起供養；然而聚歛於上的是冥界的深冤與大樂奔瀉的淨慈，行者於閉關修持 之時若生起退失動搖之心，則神識旋即離散且肉身消殞；即便如此還是願意受灌頂嗎？ https://imgur.com/cEVD0kE 1K0Lp7VP (CFantasy) [ptt.cc] Re: [新聞] 湖南偏鄉驚曝百餘...... https://imgur.com/eRQKYMF 文章網址: https://is.gd/J7nd2k
[新聞] 華碩PC營收 拚增雙位數,2021-03-03,48.0,乾 上禮拜才跟同事說可以進了結果自己沒錢= = | 2021還有人組電腦板子不是用支碩的嗎 | 我板子技嘉的 卡微星的 樓上這樣可以嗎 | 其實技嘉也好、華碩也好  不要用小星星就好 | 給過  技嘉CP高 | 我組電腦主機板華碩 顯卡華碩或小星星 G我沒信心 | 螢幕不要用BENQ就好 用過DELL再用BENQ很不舒服 | 華碩讚！ | 目前還沒看到有人噓共碩 真不適應 | 雙位數之後面臨負雙位數 | 我買在27X 賣在287 最甜的一段沒賺到 | 中國小編看到這篇大概會笑出來吧 | 已在車上等拉抬 | 來噓個共碩 | 拒買就好了 何必噓 | 股市賺的錢只能支持MIT的技嘉了 | 共碩八折星還有人買喔 | 板子用了華碩後悔+1，買的已經是中階產品，但品質 | 不太ok | 主板用華碩 顯卡用微星 股票買技嘉 | 中國小編刀子放下來了嗎 | 乾 上新聞是否該跑了... | 紅色企業 覺青快點棒康 | 小編不鬧怎麼上車 | 用微星 股票買技嘉 | 自從小編搞事以後開始噴上去 | 拿刀子果然有用 | 中國品牌就是穩 | 出貨文？ | 最近要公佈全年EPS 配息還有一大段要噴 | 這家是賣刀子的公司嗎 | 真的會笑死，上一篇華碩一堆人看衰 | 股價會噴就好了，還刀不刀子 | 買股也要看喜好啊，就像開過納智捷不會想要買裕隆， | 架過刀子，消息再好也不會想買 | 新聞有報導可以出貨了 | 共碩 | 只槌華碩根本沒用 台灣多少主要工廠在對面的? | 用在支那蓋廠這點去打 鴻海應該連10塊都不值 | 覺青又要來抵制噓共碩了笑死人 人家股價繼續噴 | 抵制沒什用，看了一堆組5000系列出問題的PO文，全 | 用共碩B550，就知道問題一堆還是有人買，這信仰可 | 比apple了。 | 共碩 | pc拼雙位數 努力賣10台？ | 出貨嘍 | 華碩電腦有夠屌用，一台兩萬的便宜機用了七年 | 子龍共碩就是欠噓,原文標題： 華碩PC營收 拚增雙位數 原文連結： https://udn.com/news/story/7253/5286147 發布時間： 20210302 00:22 原文內容： 華碩（2357）上周股價突破300元大關，為波段新高，外資法人看好華碩後市表現，外資 預期，今年上半年華碩NB庫存水位仍低，且低於季節性庫存水位，顯示筆電銷售暢旺需求 持續，整體來看，今年華碩PC營收將持續雙位數成長。 華碩上周五收304元，下滑1.5元。外資指出，目前來看，NB需求熱度可望到第2季，換言 之，上半年需求持續看增、看回不回。據了解，華碩去年積壓的NB訂單甚至部分要延至今 年才能出貨，華碩的管理層一直在密切監控庫存，不過目前通路的庫存仍然低於水準。 華碩消費性電腦仍保持強勁出貨狀態，另外，在電競筆電方面，華碩今年電競筆電營收可 望持續年增20%以上，今年的商用PC營收也可望倍數成長。 總體而言，華碩預計其PC收入將在2021年實現兩位數增長，目標持續在商用PC和 Chromebook上獲得市占率，儘管零組件成本上漲，但利潤率仍可保持健康狀態。 此外，比特幣飆漲再度帶起挖礦熱潮，外資認為，短期內VGA需求強勁，顯示出加密貨幣 挖礦需求正在湧現，華碩已經提高VGA和主機板的售價，以反映強勁的訂單。外資看好， 華碩本季利潤率可望上揚。 且隨著挖礦熱潮、新產品的發布，像是華碩推出搭載最新 NVIDIA GeForce RTX 3060 12GB GPU 晶片的 ROG Strix、ASUS TUF GamingDual顯示卡，採用NVIDIA Ampere架構 及超大12GB記憶體，提供出色的散熱解決方案、強化的電路板與穩固的電源設計下，華碩 VGA收入前景強勁。 華碩尚未公布財報，不過近期動作頻頻，華碩將在3月10日晚間舉辦全球新品發表會《 For Those Who Dare》，推出新一代電競5G手機ROG Phone 5，市場猜測，華碩新款ROG手 機可望搭載高通Snapdragon 888 5G 晶片，華碩力拚在2022年達到內部手機事業轉盈目標 。 華碩也已在上月底完成取得振樺電子公司瑞傳30%股權，合計斥資15億元，振樺電也同步 公告，為加速策略結盟綜效開展，將由華碩AIoT事業群共同總經理許祐嘉、張權德兼任瑞 傳共同總經理，原總經理官志凱則轉任營運長。 心得/評論： 必需填寫滿20字 瑞銀2357目標價350元 刀子架在脖子上，股價怎麼跌？ 發文提醒 1.發文前請先詳閱[新聞]分類發文規範，未依規範發文將受處份。 2.連結過長請善用 https://bit.ly/ 縮網址，連結能不能點擊者板規122處份。 3.心得/評論請盡量充實，[m心得過短或濫竽充數將會以123一行文規範水桶處份 4.發文請依照格式文章標明段落，不符合格式者依41刪文處分。 以上注意事項請勿刪除 違者41 刪文處分 
[新聞] 台積電營收、進出口統計、華碩推新品 本,2021-03-07,18.0,"華碩近期強勢產品是NB跟顯卡吧 | 我的天ROG 5要出了嗎 | ROG5銷量要炸開了吧 用驍龍888..... | 難怪最近華碩在噴 | 還有二月營收報告 | 等著看兩岸銷量差距到底有沒有變化XDD | 這兩天喊空的id,之後來做個精華集 | PROG又用888根本臭到不行，台灣還盤子價XD | 噴 | 講GG春節加班是想笑死人 | 為什麼跳過4 | 大概是不吉利吧哈哈，想換手機了 | 先蹲後跳 | 春節加班是建廠吧...到底在說什麼 | 出貨文 | 新聞報 出貨倒 | 新聞是報建廠加班 | 崩崩",原文標題：台積電營收、進出口統計、華碩推新品 本周大事預告 (請勿刪減原文標題) 原文連結： https://news.cnyes.com/news/id/4605951 (請善用縮網址工具) 發布時間：2021/03/07 13:30 鉅亨網記者魏志豪 台北 (請以原文網頁/報紙之發布時間為準) 原文內容： 台積電營收、進出口統計、華碩推新品 本周大事預告。(鉅亨網資料照) 台積電本周三公告 2 月營收，市場預期將站穩高檔，維持千億元以上水準，財政部也將 公布 2 月進出口統計，出口值可望寫下連八紅紀錄，品牌大廠華碩也預計同日推出最新 款電競手機 ROG Phone 5，以下是本周大事預告： 台積電稼動率維持高檔 2 月營收估站穩千億元 晶圓代工龍頭台積電首季受惠蘋果、超微、聯發科三大客戶持續下單，加上高效運算動能 、車用需求增加，1 月營收已改寫歷史次高紀錄，市場預期 2 月也將站穩高檔，維持千 億元以上水準，第一季營運不淡。 據台積電財測，第一季營收估 127130 億美元，季增 0.162.5%；以 1 美元兌換新台幣 27.9 元計算，新台幣營收 35433627 億元，毛利率 50.552.5%，營益率估 39.541.5 %，雙率均站穩高檔。 農曆春節出貨旺 2 月出口統計挑戰連八紅 財政部統計處周二將公布 2 月進出口統計，儘管受春節工作天數較少影響，不過受惠遠 距、宅經濟商機延續，半導體、電子產品出貨續旺，出口值可望年增 38%，寫下連八紅 ，不過，由於上月基期較高，估較上月縮減。 華碩 ROG Phone 5 周三問世 擬採用高通 5G 旗艦級晶片 華碩預計本周三 (10 日) 晚間舉辦全球新品發表會《For Those Who Dare》，推出新一 代電競 5G 手機 ROG Phone 5，由於華碩 ROG 手機向來瞄準最旗艦的電競玩家，市場預 期，該款手機將搭載高通 Snapdragon 888 5G 晶片，華碩也力拚在 2022 年達到內部手 機事業轉盈目標。 群聯法說周四登場 市場關注記憶體報價 記憶體控制晶片大廠群聯預計周四召開法說會，近期半導體市況熱絡，晶圓代工、封測端 成本不斷上揚，記憶體價格也頻頻調漲，市場關注，報價漲幅以及產品結構調整情況。 心得/評論： 必需填寫滿20字 記得之前有GG春節加班的新聞 看來二月營收應該也應該不錯 加上美國紓困案準備送拜登簽名 明天台股動向是往？ 發文提醒 1.發文前請先詳閱[新聞]分類發文規範，未依規範發文將受處份。 2.連結過長請善用 https://bit.ly/ 縮網址，連結能不能點擊者板規122處份。 3.心得/評論請盡量充實，心得過短或濫竽充數將會以123一行文規範水桶處份 4.發文請依照格式文章標明段落，不符合格式者依41刪文處分。 以上注意事項請勿刪除 違者41 刪文處分 
[新聞] 華碩17日法說會 外資領先喊370元高價,2021-03-16,82.0,出貨 | 出貨了 | 法說會有小編架老總戲碼嗎 | 又出貨了... | 共碩刀法 天下第一 | 華碩掰 | 掰 | 刀 | 差不多了，華碩也把覺青打爆了 | 回300接 快掉啊 | 掰了 明天全賣出 | 法會加目標價，有沒有武德 | 金管會： | 馬的 新買沒多久就發生事件 超嘔的 | 手機業務是拖油瓶快撤吧 已經掉出台灣前10大銷售品 | 牌了  除非中國有補上 | 昔日股王 | 370打八折不到300耶 | 外資比行事曆還反指標 | 可以空了 | 刀子出來沒 | 電競刀舖 | 該出刀割韭菜了 | 小刀概念股 | 金管會應該要注意看看這些報告吧 | 刀子先放下再說 | 刀子事件的時候還250...現在331..... | 越抵制業績越來越好 | 華碩掰 | 有小編罩著 在中國橫著走  賺爛了 根本不需要台灣 | 刀子會不會掉下來啊 | 支碩在支那跟在台灣賺到的差不多 不過台灣人好得罪 | 子龍概念股  喜歡玩三國的看好準備出手! | 有什麼新刀具 | 出貨文 | 乾 上次點名沒跌 這次會如何呢... | 刀 | 外資喊每次都出事 | 空軍幫忙一下   空回200 | 250盤很久 沒撿就噴了 | 刀子 | 怎麼突然發出出貨宣言 | 要開始惹嗎 | 刀 | 華碩掰 | 先喊沒用，先貼對帳單才有說服力 | 有刀抵著不敢跌 一定噴爆 | 刀在地板上 誰敢跌? | 快逃阿 | 外資出貨文了.... | 倒垃圾囉 | 共碩最近噴很兇 | 290撿.. 310就出了 | 刀鋒8快出，我要買 | 只有低能才會抵制 | 去年eps一定有30以上，今年30應該也不難。330的股價 | 的確還算便宜 | 小心啦 明天自營商要搞結算 | 買兩週一張賺三萬有夠爽 | 請中國小編架刀就直接400了 | 應該會到5-600 但是要走很久就是了 | 倒~貨~啦~ | 感謝各位 | 抱歉我不接刀的 | 想說覺青再廢至少能影響個幾趴，沒想到太看得起它們 | 刀 | 寧願買G心或七折星 也不買刀碩 | 出 | https://i.imgur.com/0KGPKzq.jpg | 跟沒錢的低能小粉綠一樣想法只會賠錢 | 他的獲利跟配股，你去對照台積電的.. | 他配出來的可能超過8299唷 股價還差這麼多 | 礦卡賣的嚇嚇叫 井噴 | 去一趟光華，覺得刀碩猛猛der... | 太好了，一堆人喊出貨XD 繼續抱 | 支那小編會表演刀子架主管脖子上嗎 | 買1張賺7萬，爽 | 看來樓上成本跟我差不多，我268 | 十個法說會 九個變法會 | 阿速斯～～ | 覺青戰敗就是爽 | 覺青戰敗就是爽+1,原文標題： 華碩17日法說會 外資領先喊370元高價 原文連結： https://money.udn.com/money/story/5607/5321064 發布時間： 20210316 12:06 原文內容： 華碩（2357）17日召開法說會，摩根大通搶先唱旺報告預估，受到NB需求強勁及VGA報 價調漲，華碩公布去年第4季獲利可能超出預期，每股純益（EPS）上探9元，且今年華碩 主力產品出貨可望保持強勁，在財報、展望激勵下，華碩持續看漲，目標價拉升到市場最 高的370元。 摩根大通是華碩力挺指標，在外資圈最早對華碩翻多，並數度上修財測。該券商大膽預言 ，華碩強勁的基本面支撐，在今年已上漲20%下，未來三個月持續看漲；想卡位的投資人 盡早進場。 摩根大通瞄準華碩即將召開的法說會，領先預測公司上一季財報大好，受惠產品漲價，雖 然華碩去年第4季營收較第3季衰退5%，但獲利穩步提升，EPS預期挑戰9元，較市場平均預 測高出21%。 摩根大通同時看好，華碩展望1、2季NB出貨，分別較前一季下滑10%及成長15%，雖第1季 出貨衰退，但此利空應已在和碩（4938）看淡首季出貨下進行反應，反觀第2季動能還沒 被市場充分掌握。全年來看，華碩今年扣除Chromebook的PC出貨，也可望保持12%的高成 長。 此外，由於比特幣大漲，VGA第1季來已啟動多次漲價，摩根大通認為，華碩1、2季零組件 部門收入，將分別成長5%及持穩，下半年RTX 30系列等問市，有望進一步支持PC利潤穩定 成長。 近期PC供應鏈走強，外資法人分析，在基本面強勁外，高殖利率也是推動動能，華碩就是 績優高息股的代表。目前供應鏈上半年能見度佳，下半年有較多不確定性，但華碩動能領 先，中長期表現也不淡。 心得/評論： 必需填寫滿20字 摩根目標價370 亞系外資目標價390： https://ec.ltn.com.tw/article/breakingnews/3464344 越抵制股價越高？ 發文提醒 1.發文前請先詳閱[新聞]分類發文規範，未依規範發文將受處份。 2.連結過長請善用 https://bit.ly/ 縮網址，連結能不能點擊者板規122處份。 3.心得/評論請盡量充實，[m心得過短或濫竽充數將會以123一行文規範水桶處份 4.發文請依照格式文章標明段落，不符合格式者依41刪文處分。 以上注意事項請勿刪除 違者41 刪文處分 
[其他] 華碩開獎,2021-03-17,271.0,"噴爆 | 上看500 | 樓下說已反應 | 噴噴噴噴噴 | 好猛！！！ | 這有點誇張的強 | 筆電和顯示卡大賺 | 已反應 | 當初看國外HPQ一直漲 250猶豫沒買就噴了 | 還好沒賣 | 用金子擋住刀子 | 殖利率不到5%算多嗎？ | 看錯 推回來 | 樓上數學老師要哭了... | 不過顯卡有這麼賺喔...不是一堆人嫌貴？ | 已反映，明天出貨！ | 明天一根了吧 | T大之前240有說快買但有點貴就沒跟QQ | 有8%算不錯了，明天至少半根以上 | 數學老師在哭了 | 已反應 | 310出才想哭 | 紀念品會有RGB刀嗎 | 太早賣了 哭啊 | 一定填息不了 | coom1234你沒推回來我有看到ㄛ | 最近好多高配息都鎖漲停明天應該不例外 | 空 | 26塊...好扯 | 刀碩給噓 | 神鬼配息 | 325股價配26 叫沒5%？ 好慘的數學 | 噴 | 今年業績會比去年好，華碩要破千了嗎？ | 抱歉啦覺青我拿股市的錢買華碩的主機板跟顯卡QQ | 支那小編刀子架在董事會脖子上才有這麼多嗎 | 明天漲停價都有7趴阿 | 台塑也開獎了 | 這刀子鑲金啊 | 250跟t大買320出了好可惜...感謝t大 | 配息多不代表是好事吧 | 直接上400 | 漲到433都還有6趴耶，感覺會一路漲到創史高。 | 老總脖子上的刀什麼時候放下 | 不只配息阿~Q4獲利也很漂亮 | 華碩現金本來就多，賺的錢拿來配沒什麼 | 噴爆 | 真的從240 250之後一路目送 | 配比台積電多 好扯  對股東真好 | 超越預期的利多? | 今天根本壓低吃貨給上車 | 26讚喔 | 超辣 | 19?? | 顯卡嫌貴? 不是缺貨缺到爆嗎? | 噴噴噴? | ASUS過去就配的不錯 Q3單季賺14.15 股價還貼在250 | 賣G買碩 台GG配太少了 空爆 | 顯卡看一下多缺，現在二手賣的比當初全新還貴 | 26????? | 笑死 | 可以把股利換一把RGB敗家眼刀嗎 | 所以這檔是挖礦概念股？ | 數學不好還敢玩股票啊 | 可以配一張3090嗎 | 那等BTC崩盤這擋大概也套死了... | BTC上看20萬  啥套死= =真的有在看嗎 | 微星BTC套120沒賣的那波...無腦存股80塊壓著GG打吧 | 別鬧了，BTC大噴的時候這檔根本沒啥反應 | 26要被扣補充保費 當韭菜 | 鬼神配息啊，要連拉4根漲停了 | 虛擬貨幣漲跌，華碩都沒啥反應好嗎 | ...看一下產品組合好嗎 | 配這麼多 能填息嗎? 莫忘台積電貼息 | 已反應啊 | 越罵越噴 | 已反應 | 賣GG買華碩了啦 | 還好看到t大及fj有提到260就撿零股，小賺便當 | 8299表示... | 今年業績再成長，會噴到500嗎？ | 買2357送 3080豪不 都缺貨QQ | 8%厲害了 | 果然是426屬性 | 聽說共碩被抵制...咦？ | 太牛了吧華碩 | 因為股價是市場決定的吧，市場整天在那邊刀刀刀 | 噴爆! | 都沒想到這檔跟BTC有關係 | 看8299的例子 明天應該是漲停 | 這檔真的很多人討厭他，狂找理由不看好耶 | 越抵制越噴 | 聽說是小編很嗆然後被網友說要封殺的是嗎  XD | 股價gg一半多一點配比GG多一倍 | 股王重返榮耀辣!!!華碩完下一檔禾伸堂 | 華碩產品線太多了 不熟不敢碰 pass | 配超好！ | 你各位非常沒有台灣價值 耗子尾汁 | 快去存股台積電吧!!!上看一千加油吼 | 來去看昨天那篇目標價/出貨文，一堆狂黑的XD好險沒 | 有犯傻賣掉 | 股利所屬期間 109/01/01～12/31 | 中國小編刀架老總，109/12/17 | 一張2萬6好爽 | 明天絕對漲停的 | 明天漲停 | 好扯 | 我太早出了... | 在股板那管小編不小編，會不會漲才是重要的 | https://i.imgur.com/0azeohH.jpg | 當初250有買的 做夢都在笑了吧？ | #1VtUdU4f  身為華碩股東應該要關心的事 河河河~ | 已反應 | 250買就10%以上了 當初抵制不夠力啊 不是說要抵制 | 支碩勝利= 支那勝利=大噴 懂？ | 靠邀也太爽了吧~~~~~~~~~ | 爽 吃鮭魚不用改名字 | 明天開盤噴爆 | 華碩的極度扁平式組織起到作用了，向上管理十分成功 | 真的爽 | 就是一些垃圾覺青在那搞抵制 | 股版反指標，明天死魚盤 | 死魚盤也賺 | https://i.imgur.com/JFSRC6l.jpg  多給營運小哥兒 | 打打氣 | 各位發言不要那麼火爆 | 可惜了，當時怕真的會被覺青影響24*只買2張。 | 比台積好 | 10.....太猛了 | 華碩有ROG敗家之眼  還不賺爛 | 那時候覺青亂鬧華碩好像還跌到247 | 只要能賺錢! 台灣中國什麼的真的都放旁邊說 | 乾，250就賣了 QQ | 差不多等於一張股票配一張高接顯卡....明天噴出 | 不是早知道會賺這麼多了嗎？ 原來大家都不知道？ | 我還以為是筆電股的股性本就是如此咧 | 小編事件根本沒什麼跌啊 股價堅若磐石 | 一堆股票都還很便宜 本益比10倍上下而已 | 大家都只去追漲的股票 不漲的股票就不追了 | 那時候覺青之亂華碩根本沒動發現覺青根本沒錢放空 | 2020法人才估30而已 | 華碩26很正常吧 | 問題是多久能填息...！ | 那時候股性牛 現在只是回到應有的價位而已 | 大驚小怪耶 一堆本益比10上下的成長股 還沒漲到 | 覺青滾，只會來鬧真的有在做事的 | 太智障了~~去年210幾就出場了! 現額少十幾萬以外 | 當初Q3一堆人說補助才有那麼高，結果Q4還是威。 | 前天出了 心痛 | 連這個都沒爽到，捶心肝 | 按照市場缺顯卡的程度要到Q3才解套吧 | 之前那個老謝說 台股萬六 居高思危 笑死 | 人家又不是HTㄈ那樣，只有覺青在那邊逼表態。 | 有沒有想過為什麼台股會萬六？ 還不是靠GG | 如今GG盤整 就是中小型股的天下了 | 只有一堆白爛分析師不知道 整天說居高思危 | 什麼ROG小編抵制 笑死 | 樓下推左手換右手 | 左腳斷右腳 | 配超多 | 右手換左手 | 樓下請支援共碩 | 要填的回來才有用 | 宏碁想賣了 換 | 當初300元我捨不得多出500... | 酸 真的26價 | 今天小鵝是再倒什麼呀 差點被洗出去 | 支碩 | 要噴爆了 | 共碩 | 哇靠，這很多耶 | 好猛 | 明天漲停 收到打收到 | 這些機會都不屬於我 | 出在320 結果配這麼多 殘念 | 真香 | 難怪刀編如此有恃無恐,根本老總愛將啊 | 一張要520元的健保補充費..... | 噴爆 | 成本185路過...還好有抱住 | 繼續刀阿 笑死 臉好腫 | 支碩感謝各位台灣人的支持 | 這就是無敵的RGB銷售模式嗎 | 就都不要漲啊，也不會填息啊，今年上半年好，明年 | 也不一定啊，看壞的放空320啊，酸又偷買的，爛屁屁 | 啊 | 請中國人多多支持 買爆華碩產品 | 完了 今年一定倒 會被抵制到下市 明天跌停 | 幹原來華碩以前都配超過10元也太屌== | 賺了股息賠了價差 | 那他第4季獲利是優於預期了 | PTT真的反指標 之前喊抵制結果噴成這樣 | 昨天貼文黑粉還不少 | 放到完全忘記的重壓部位 成本200以下真的被爽抬 | 賠價差？ 漲多少你要不要看看 | 下次PTT要抵制哪家真的得重壓了XD | 覺青抵制什麼漲什麼 | 幾個月前買才249 | 看到一堆覺青在那邊喊抵制，結果人家還不是賺翻！可 | 憐覺青又失敗了 | 震撼 | 猛欸，你各位脖子洗乾淨沒 | 爽欸 | t大概念股啊～可惜資金不夠沒跟 | 跟覺青 空味全 腦袋空空; 空華碩 跳樓預備 | 太誇張 | 好扯……這樣配會追上台積電了吧= = | QQ喔喔喔！！噴上天惹！！ | 至少3跟吧= = | 哇~0056有這隻 看來今年0056不用擔心了 | 26的公司 當然發26 | 我有買.....一張 天啊 有夠誇張 難怪最近漲不停 | 到底都是誰有內線.... | 我也有買.... | 宏碁也開獎了，配1.5，殖利率5.4 | 還好我還有祖傳的一千股華碩 | 配26塊明天還不買爆 | 太強 | 乾好猛 | 覺青果然是2%，還是賣爆阿XD | 支那碩 | 這...太猛啦 | 垃圾公司 | 抵制最好是覺青 都宅男啦 | 華碩以前就配不少吧 | 看推文還是一堆人罵華碩，反指標理論這下噴三根沒 | 問題了 | 明天漲停了，買不到 | 前陣子卡在290上不去 現在上去好險還有抱住 | 配股配息再配刀 | 強 | 我看了什麼 | 繼續刀 | 中國牌就是猛 | 顯卡斷貨 筆電都被拿來挖礦欸 只有皮卡廢到爆 | 板卡 PCB 品牌廠 代工 被動元件都賺爆 | 99皮卡 | 已反應260進335已出貨 | 好猛 看到刀碩還是噓一下 | 華金刀，這刀鑲金的呀 | 刀碩這麼猛，七折星跟雞排是不是也？？？ | 250附近我很多親友買 | 政治歸政治不要跟錢過不去，我親友都是綠的 | 覺青又被打臉了 | EPS 35.8有人說325貴 | 覺青就是笑話 | 就跟國票金一樣阿 一堆覺青還不是一直買來存XDDD | 貴就不要買啊，有庫存就賣掉啊 | 股版果然反指標，看看人家賺到爛xD | 配這麼多，明天漲停，睏吧數錢 | 真的反指標欸 | ...幹, 26元 | 對不起 我真的沒有想到華碩業績這麼好 我還黑了他一 | 波 但是看到線圖跟自己算算 結果還是不爭氣買了一張 | 不過就算算上股利 大概就20%的價差 也是不差拉 | 顯卡賣爆 | 樓上說以反應的，明天是不是想低接 | 沒想到業績這麼好，還配的超出預期！ | $$$比較香~覺青越抵制股價越高~ =.= | 還好還在車上 | 沒填回去，也沒差，明年再配26謝謝 | 買一張華碩股票 股利可以買一支華碩手機 讚讚讚 | 覺青果然反指標… | 真的猛啊 | 手機賠成這樣業積還好不 | 反關紅茶店 | 覺青反指標無誤 | 廢青真是反指標 笑死 | 覺青吃屎吧 | 覺青繼續抵制啊笑死 | 覺青哭暈在廁所",1. 董事會擬議日期：110/03/17 2. 股利所屬年(季)度：109年 年度 3. 股利所屬期間：109/01/01 至 109/12/31 4. 股東配發內容： (1)盈餘分配之現金股利(元/股)：26.00000000 (2)法定盈餘公積發放之現金(元/股)： 0 (3)資本公積發放之現金(元/股)：0 (4)股東配發之現金(股利)總金額(元)：19311767280 (5)盈餘轉增資配股(元/股)：0 (6)法定盈餘公積轉增資配股(元/股)：0 (7)資本公積轉增資配股(元/股)：0 (8)股東配股總股數(股)：0 5. 其他應敘明事項： 無 6. 普通股每股面額欄位：新台幣10.0000元 心得： 傻眼 當初沒去算這檔 結果配這麼多 明天穩穩的一根漲停了吧 用配息來安撫因為中國小編生氣的股東嗎？ 
[新聞] 2357華碩 現金股利26元,2021-03-17,32.0,你慢了 | 前面po的都爆了 | 利多出盡殺尾盤 | 慢了 | OP | op | 要po幾次 | 無法填息也沒用 | 上一篇華碩文已經被政治腦推爆了 這篇的下場是？ | 慢了快3小時 | 上次覺青說要抵制 就知利空出盡要噴出了 | 最多1根 | 政治腦馬上就殺進來了 | 直接鎖漲停 一路漲到426 | 高價股也會連拉好幾根？ | 明天開跌 | 看填不填息了 | 不填的話會虧爆 2357很會盤 | 笑屎 | 等非中供應鏈 | 比acer好，acer只配1.5，股價27 | ..不填有啥好虧的 比基準日高就是多賺的 | 本來今天出結果跌成那樣 韭菜快跟上 | 8%殖利率，這...... | 哇 快8% | 真的要架刀了 傻傻的 | 抬上500，不客氣 | 分給員工多一點比較實在啦 | 這夠兇 | 噴爆 | 刀碩準備漲兩根以上 | 垃圾產品到底都誰在買,1. 董事會擬議日期：110/03/17 2. 股利所屬年(季)度：109年 年度 3. 股利所屬期間：109/01/01 至 109/12/31 4. 股東配發內容： (1)盈餘分配之現金股利(元/股)： 26.00000000 (2)法定盈餘公積發放之現金(元/股)：0 (3)資本公積發放之現金(元/股)：0 (4)股東配發之現金(股利)總金額(元)：19311767280 (5)盈餘轉增資配股(元/股)：0 (6)法定盈餘公積轉增資配股(元/股)：0 (7)資本公積轉增資配股(元/股)：0 (8)股東配股總股數(股)：0 5. 其他應敘明事項： 無 6. 普通股每股面額欄位：新台幣10.0000元 華碩 去年 EPS 35.76元 配息 26元 目前股價325.5 每天一根招待? 1.發文前請先詳閱[新聞]分類發文規範，未依規範發文將受處份。 2.連結過長請善用 https://bit.ly/ 縮網址，連結能不能點擊者板規122處份。 3.心得/評論請盡量充實，心得過短或濫竽充數將會以123一行文規範水桶處份 4.發文請依照格式文章標明段落，不符合格式者依41刪文處分。 以上注意事項請勿刪除 違者41 刪文處分 Sent from BePTT on my ASUS_I002D 
Re: [標的]  2357華碩 超級多,2021-03-18,70.0,我覺得標題可以改 拿刀子架住多 比較有梗 | 送分題 | 感謝分享 | 高手 | 讚讚 | 高手 | 推 | 刀子架一下漲30% | 華碩358還能買嗎 | 屌 | 謝謝分析 看了你的分析加上自己計算 我有跟一張 | 恭喜獲利了結，我有2張243的，但依本益比和殖利率 | 來看都覺得還有空間，技術面上漲停至少解鎖再考慮 | 賣，而且目前前半年業績應該都還是年增，目前先續 | 抱。 | 恭喜獲利 想參考其他標的 | 358這價位 本益比10 殖利率7.26% | 目前成長動能還在。不過我成本低，別聽我的。 | 前兩篇標的有幫助到我，29X有在猶豫想賣 | 不過EPS有30那股價真的還低估，就決定先忍著 | 華碩小抄 https://imgur.com/2uSoS9c.jpg | 240買280賣的我跟智障一樣 哭rrrr | 不好意思，我的上留言說錯，我以為你賣掉獲利了結了 | ，原來只是暫時不追終。 | 本益比啦 | 當初預估發18 發這麼多好意外 現在感覺可以再放一陣 | 弱弱的借題問一下 華碩今天買華碩今天在除息之前買 | ，都分的到配息對嗎？ | 看到之前的推文覺得 古板真的反指標 | 用單一小編處理來看公司意義不大啊 而且很多都反串 | https://i.imgur.com/yCQ5kLh.jpg  架刀小編委屈了 | 嘻嘻 | 推 | 錢真香 | 帶進帶出 | @waterfrog302 可以 但配很多不知道會填多久的息 | 要感謝比特幣啊 | 292進 302就出了 我難過 | @horseorange大 了解，謝謝您！ | 賀 絕對不要相信意識形態的抵制有用 錢才是真的 | 笑死，繼續抵制共碩啊，金錢也不能買節操 | 說填息的眼睛瞎惹嗎 沒看到長廷嗎 呵呵 | 所以政治網軍來股版帶風向很蠢啊 | 感謝你，有賺到雖然太早下車 | 285上車335下車 | 我也覺得以本益比跟今年接下來的營收應該還可以漲 | 笑死，一群阿宅被激怒而已就被打成網軍，誰要花錢 | 幹這種事情阿 | 推 | 太早下了我還在等 | 推  鄉民話反指標 我當初也沒聽 | https://i.imgur.com/mYd3JdF.jpg | https://i.imgur.com/mYd3JdF.jpg | 打算426下車 | 神 | 厲害 | 強大~~~ | 先下車了各位繼續努力 | 下次千萬要記得all in那些台灣人說要抵制的公司 | cool | 那你也要看被抵制的公司有沒有華碩那麼賺錢，本益比 | 不到10的公司閉著眼睛買都會賺 | 我以為今天一開盤就會鎖漲停 | 249進258下車 崩潰大哭 | 上面還有覺青再崩潰啊？我繼續看笑話哈哈哈 | 290進，還沒下車，不過只有100股XDDD | 250進...但只有零股XD | 太貴了買不起QQ | 高手 | 等下來買,https://i.imgur.com/BnvwOX7.jpg 當初設定目標350已達標 ，後續不再追蹤 殖利率當初文章打保守15 ，但是我自己是估差不多20元，想不到超出預期這麼多 華碩是小弟股版第一次Po標的文，下面留言的推噓當初都有一個個認真看完，感謝各位前 輩給的意見 會再持續進步。 陸續有些版友有來信詢問操作，小弟近期操作主要都是長線標的續抱，如果有新標的會再 考慮發文。 另外今年主要心力都放在虛擬貨幣上，目前極度看好比特幣後市的漲幅，如圖附上近一個 月績效，祝各位版友賺大錢。 https://i.imgur.com/ETWRrWa.jpg https://i.imgur.com/7HnjVT3.jpg : : 1.發文前請先詳閱[標的]分類發文規範，未依規範發文將受處份。 : 2.發標的文未充實內文，多空理由不充實者，板規115或44處份 : 3.進退場機制若非長期投資，請輸入停損價，否則依板規116處份 : 4.若為長期投資，但無充份分析理由，將依板規115處份 : 4.請依格式輸入內容，未依格式者板規112砍文處份。 : 5.分類選填請益或心得者，進退場機制得刪去。 : 按ctrly可刪除以上內容。 : 1. 標的：華碩 : 2. 分類：超級多 : 3. 分析/正文： : 基本面： : 以下為元大分析 : 12月自有品牌營收394億元，月增8%/年增37%，優於預期。 : 華碩第四季因缺料關係，預期營收季減10%，但實際營收1127億元，季減5%，年增29% ， : 優於預期。展望第一季訂單仍強勁，因此近期原物料上漲，公司亦將轉嫁出去，獲利不 受 : 影響，看好上半年業績持續成長。 : 以下為我的分析 : 2020年 毛利率與營業利益率每季持續上升，賺到翻過去。 : 且第三季公布季報，每股淨值已達247元 : https://i.imgur.com/RwNlYQO.jpg : 2020年4月開始持續年增，連最不看好的12月也大大的優於預期，前三季eps累積為22.5 元 : ，光第三季eps14.15元，已屌打幾乎往年整年eps。 : https://i.imgur.com/ozgyV8o.jpg : 第四季營收本來以為會衰退，結果財報公布跟第三季差不多，隨便預估全年eps最少30 35 : 元左右 : 以eps30來估算，現在本益比爆幹低，還不到10倍。 : 回推前幾年本益比給個12倍 先抓個目標價350~360元 : https://i.imgur.com/ybM2SLD.jpg : 殖利率部份去年發14元，前年發15元，今年年增17% 隨便抓個15元，以現在的位階也有 個 : 5%左右，閉著眼睛都能進場。 : 籌碼面： : 統計近180天的賺最大三個分點為台灣摩根，香港上海匯豐，凱基台北 : 財報公布後的交易日，三家都持續瘋狂吃貨中，每天都是買超，跟著高手做，躺著數錢 。 : 技術面：每天都在破近期高點 : 4. 進退場機制：(非長期投資者，必須有停損機制。請益免填) : 進場：現在 : 停利:小目標先抓350 : 停損：沒考慮過 : 營收賺爆、位階低、本益比跟殖利率都漂亮，不買這檔要買哪檔。 : https://i.imgur.com/ZLY30zh.jpg 我的想法跟樓上前輩一樣，目前沒考慮出場 應該也是續抱 覺得還有潛力。 不過比起當初Po文已經是相對高點，到達目標 後續就不在版上追蹤了。
[新聞] 華碩配息26元打趴台積電 爆量買單搶進股,2021-03-19,90.0,樓下已... | (づ′・ω・）づ股價超越GG | 反 | 我朋友rog手機都在比炫比最新的，不要不信邪 | 可憐員工 也不看看才領多少 | https://i.imgur.com/jxxBr6z.jpg | 好了啦 | 下週出貨 | 你要打統編你要講 | 利多新聞，484要引誘人上車 | 現在買華碩還來得及嗎？ | 無限多，通通買 | 至少在一根把 | 明天要進去追的保重 | 明天怎麼追?? | 謝謝小編架刀逼發股息 | 哪裡漲停？ | rog真的一堆人用.. | 明天平盤啦不用追了 | 明天你也買不到吧 哈哈 | 明天怎麼追 教我 | 新聞：你各位散戶買起來 | 看標題猜中時新聞 果然XD | 昨天新聞今天才在po | 上看500 | 配26塊不買的才是笨蛋吧比放銀行強多了拿配2.5的幹 | 嘛 | 比照gg漲到2 趴值利率 | 賣積求碩 | 汪汪汪汪 | 已反應... | 換績潮... | 華碩 群聯都配超多 | 顯卡漲價繼續噴.. | 買台積的再想捨 | 這是18號的新聞 | 慘了 有買石頭的要注意了 | 我比較好奇ROG手機拿來挖礦效率如何，如果高的話可 | 能又一波搶購 | 樓上你可以買2498 | 樓上認真 | https://reurl.cc/Kx2QL9 | 明天你各位追24小時也沒用 | 哈哈 疫情過後電腦族群就要GG了 | 買台積的真的不知在想什麼 | 謝謝R大分享 | 原來rog手機真的有盤子買 | ROG鎖定的是電競族群吧 | 他這次大漲因素不光是手機，主要是顯示卡 | 26股利 ，6.5%剛好400 ，應該會上400吧 | 買台積真的好心酸... | 好，買ROG筆電 | 你各位買華碩的都是26仔 | rog筆電跟手機是真的全世界都有量 | 華碩真香 | 應該一路漲到520價格520 殖利率都還有5% | 今天剛賣掉 還會噴嗎？ | 華碩家的產品還算可以 26股利領到繼續買顯卡lol | 真是一間對股東比員工好的公司 放心投資吧 | 為什麼買股票要管對員工好不好？真是傻眼一堆莫名奇 | 妙的人 | 刀架在脖子上就會漲了 還不賺一波 | 石頭對員工不差吧 對股東比兑員工好的是呆泥喔 | 華積電 | 當股東 拿配息 天經地義 | 不是啊你看看他去年賺多少，配這樣天經地義吧，啊可 | 是賺是pc宅經濟在賺，說rog是不知道手機多難賺錢嗎 | ？不要在這邊亂誤導 | 有錢當股東 誰要當員工... | 存股應該220那時候破底翻開始就要存了 | 今天不就漲完了。誰要下來洗碗？ | 今年的業績展望加26元股利，手上華碩續抱 | 台積電真的很小氣 | 至少還有一兩根吧 今天大盤爛成這樣 | 而且配息率是七成多 跟對股東大方有啥關係 是賺很大 | 吧 | 上看500 超過台積 | 神經病 也要能填息啊 | 去年的榮景跟ROG手機有啥關聯？我看他的手機業務有 | 沒有轉虧為盈都還不知道。 | 台積連2.5塊都填不了息了。就說殖利率比美債還低還 | 有人硬要嗆。：難道美債跟台G一樣會成長嗎。我OK， | 你先買 | 能配這麼多表示他能賺這麼多 填不填息根本無所謂吧 | https://youtu.be/jLI7qYSIWYs | 看來大家忘的很快 | 樓上，商人無祖國啊...... | 我如果買矽力賺錢也會被小粉紅追打嗎 | 上次為了領配股，套牢好久 | 不要吧 台積這麼牛 不會飆啦,原文標題： 華碩配息26元打趴台積電 爆量買單搶進股價鎖漲停 (請勿刪減原文標題) 原文連結： https://www.chinatimes.com/realtimenews/20210318002891260410 (請善用縮網址工具) 發布時間： (請以原文網頁/報紙之發布時間為準) 13:012021/03/18 原文內容： 華碩去年每股賺35.8元，擬配息26元的消息傳出後，今(18)日開盤股價亮燈漲停，來到358元，上漲32.5元，盤中雖一度漲停打開，在10點20分後便漲停鎖住，成交量超過1萬5000張，相較於台積電季配息2.5元，明顯獲得不少投資人青睞。 華碩17日收盤價325.5元，以配息26元來計算，股息殖利率逼近8%，等於花32萬5500元可以領到2萬6000元，遠勝股價600元的台積電，17日消息一出即在批踢踢股板熱烈討論，有網友叫準備漲兩根以上，但也有網友潑冷水說無法填息也沒用，還有人喊分給員工多一點比較實在啦。 股市投資人則是以實際行動表達對華碩大方配息的肯定，雖然是300多元的高價股，但今日開盤即亮燈漲停，早盤雖然一度漲停打開，來到355元，但在大批買單湧入下，10點20分後便鎖住漲停，還有3千多張買單高掛，相較於平常3、4千張的成交量，午盤成交量已爆出1萬5000張的大量。 華碩去年在PC及板卡兩大業務迎來近十年來的產業榮景，交出超標的營運成績，不僅獲利翻倍年增、突破265億元創高，每股稅後盈餘也以35.8元寫下新高，兩位共同執行長對今年營運雙雙釋出樂觀展望，儘管預期供應鏈缺料未能紓解，華碩亦已有積極因應措施，同時預持續對終端產品售價調漲。 心得/評論： 必需填寫滿20字 存股華碩 別存股台積電嗎 板上一堆台積文下周一定有行情 發文提醒 1.發文前請先詳閱[新聞]分類發文規範，未依規範發文將受處份。 2.連結過長請善用 https://bit.ly/ 縮網址，連結能不能點擊者板規122處份。 3.心得/評論請盡量充實，[m心得過短或濫竽充數將會以123一行文規範水桶處份 4.發文請依照格式文章標明段落，不符合格式者依41刪文處分。 以上注意事項請勿刪除 違者41 刪文處分 
[標的] 華碩，不更新就是空,2021-03-20,47.0,有單再推回來 | 嘴砲空 | 鍵盤空 | rog phone 1代9.0孤兒路過 | 股票賺的都能讓你換iphone了 | 圖啊？ | 這什麼理由？ | 笑死，這跟空高鐵賺票錢的有87%像 | 單呢，嘴砲空 | zf6好用 | 沒圖 空一張嘴？ | 空這支很有勇氣 | 真勇者XD | 本益比還不到11，你要空在地板484？ | 拿股利 換隻iphone | 拿刀出來就更新了啦，根本不用空，雲碩黑？ | 不想再當孤兒了嗚嗚嗚 | 空單回補 | 安卓你要更新換唉鳳比較快 | 對帳單啦 多菜 | 啥 | 笑死華碩業績很好換你被空死 | 看是口袋空空還是空氣單 | 記得PO對帳單，不要嘴砲喔>.^ | 對帳單出來在大聲啦！嘴炮空 | 沒單嘴砲仔 | 加油 靠你空到下市 | 華碩手機一直不是主力 | 記得當初一群人在嘴華碩 果然身體最誠實 | 記得空下來給我買，嘎爆你 | 賺到買幾百隻手機了 還在更新咧 | 噗 | 我家最近壞了一隻0元手機，華碩的，955天，比我之前 | Acer的0元手機還短命！ | 顯卡要漲價 | 不買加空 | 我以為走到手機版了 | 你加油 這波一堆人已經賺到可以買幾十隻ZF7了 | https://i.imgur.com/mkuXSEf.jpg | 但是我的已經更新惹.... | Zenfone 7l6 路過推 | 反正以後我不會再買zenfone | 八卦是你在用華碩手機 | 笑死 人家在漲顯卡 韭菜乖乖去解子龍機任務好嗎 | 笑你不敢空 | 也算是挖比特幣的概念股…小心啊… | 你知道 顯卡缺貨到一張顯卡綁十張主機板也斷貨耶,多空理由不充實者，板規115或44處份 3.進退場機制若非長期投資，請輸入停損價，否則依板規116處份 4.若為長期投資，但無充份分析理由，將依板規115處份 4.請依格式輸入內容，未依格式者板規112砍文處份。 5.分類選填請益或心得者，進退場機制得刪去。 1. 標的： 2357華碩 2. 分類：空 3. 分析/正文： 最近董事會決議26元股利之後，股價飛上天 但是我的ZenFone7 pro還是停在android 10死不更新，反觀連上一代ZF6都更到Android11 了... 看在我ZF7pro還算最新旗艦的面子上，求求華碩照顧一下以行動支持營收的消費者啦0.0 https://i.imgur.com/Nkc5nED.jpg 4. 進退場機制：空到發更 
[新聞] 台泥殖利率衝8%！周一將重現華碩模式？,2021-03-22,73.0,"完全可以理解台積電投資者的心情 板上會洗這麼多篇 | 應該是真的蠻鬱悶的 | 最近一堆公司公布財報配息都在狂噴 | 又被提醒 看來今天難買了 | 低調啦 要幾篇 | 不過我不太懂為什麼外資狂賣好久了 | 而且假如當沖客進來 就真的會被倒好玩 | 8%漲一天沒問題拉 | 要不要看一下跟去年比股價差多少 台泥比台積咧 | 600,000不知道可以買幾張台泥？領多少股息？結果買 | 了台積電只發了2500 | 知道了 | ptt法人：買股票誰在看殖利率的 | 台泥讚 | 每次都說讚，結果只買一點點 | 台泥買了就沒在賣的啦，睏霸數錢 | 看來今天是撿不到惹QQ | 坐等亞妮公布股利 | 整年沒填息 | 獲利哪有創新高== | 這麼香甜的殖利率，傻B小鵝還在那邊亂倒，我們買到 | 讓小鵝認錯回來抬轎！追高殺低真小鵝～ | 上一次也配很多，結果變貼息 | 小鵝千萬別認錯，繼續一錯再錯就可以了 | 就說今天亮燈剛好填去年息惹 有時貼息是送分題 | PTT反指標拉 現買現套喔 | 新聞出來要88啦 | 今天鎖漲停如果一直有人丟大單要怎麼做，可以先想想 | 為了3.5追一根漲停4塊? | 早就買了，每年都會有新聞XDD | 坐等抬轎 | ............ 要出貨給散戶了 | 漲一天跌四天，哈哈哈 | 網友... | 不會 | 有人一直丟大單還鎖漲停代表換手，多學點 | 你沒這隻，而有GG，就別來講人家 | ㄚD你上星期五空42.7，那恭喜 | 試搓一堆人賣漲停價哈哈 | 大家是看電池廠的未來? | 這掛單....神經病 | 準備出貨 | 今天漲停就填息了,台泥棒棒 | 笑噴 被沖 | 被出貨了@@ | 成本40.6持續抱 | 早上進去的就是先買先套 | 垃圾小兒 | 買在46.9的可能要等到明年解套了 | 沒配股果然被狂賣 | 套死 | 笑死 這波出貨 存股40.2的坐看戲 | 早上衝的現買現套 | 我台泥一張都不會賣，也好佳在早上手沒癢。... | 坐等50 價差賺起來 | 這個不就是吃消息面在噴......，為早上默哀 | 哈哈，繼續噴阿，快漲停 | 寫這新聞的會下地獄 想請追的人先思考為什麼外資一 | 直狂賣 | 有答案你再進也不遲 | 笑死 | 笑死。。。進去給套 | 掛45一直買不到啊~~ | 過幾天就有了 | 今天漲太多在觀察幾天再買 | 不過低點不破就要繼續上看了 似乎也跌不到哪 | 我相信除息前還會有高點，但也差不多46.X就是了 | 8%都無法衝漲停 各位冷靜阿 | 這價位沒啥肉了 | 台泥我覺得還行啦 單純從週末發電池新聞...回看 | 上週走勢 沒太多內線 算有品的XD | PTT: 殖利率 公債利息飆升 通通都是假議題啦 | 填不了息，殖利率高也沒意思..還手而已",台泥殖利率衝8%周一將重現華碩模式？ 工商時報 數位編輯 2021.03.21場 https://ctee.com.tw/news/stock/433017.html 台泥去（2020）年獲利創新高，今年將配發3.5元的現金股利，以19日收盤價42.7元計，現 金殖利率8.19。消息傳出後，不少網友大讚，認為台泥下周一將複製同樣殖利率8的華 碩出現亮燈噴漲走勢。 由於大陸水泥價格上揚，國內水泥市場景氣穩定增長，加上轉投資事業營運挹注，台泥2020 年的營業毛利率高達32.87，比前年的29.25，提升3.62個百分點，整體稅後淨利250.99 億元，年成長3.67，創歷史新高，EPS 4.32元。 展望2021年，台泥指出，大陸新冠肺炎疫情降溫，當地政府增加基建工程來加速消費市場景 氣的提升，因此今年大陸市場還是審慎樂觀；至於國內市場，在政府工程及民間建築持續增 加帶動下，整體營運也是穩健成長。 董事會周五通過，今年將配發3.5元的現金股利，以台泥19日收盤價42.7元計，現金殖利率 高達8.19。 台泥驚人殖利率引發批踢踢網友暴動，紛紛回應周一漲停囉，恭喜還在車上的人 應該fol low華碩模式、40.8收了幾張，感謝台泥、41買了10張當定存，不錯、讚嘆 台泥 不過沒配股 小失望、沒配股才好，配股股本變大稀釋獲利。 但也有其他人吐槽，去年殖利率也很高 股價還是死魚、去年現金2.5 股利0.5 其實 比今年更好吧、去年也是8%但整年沒填息阿、喊漲停的不知道在高潮什麼、別 檔有3天就填息的 買這種不確定會不會填息的 笑、等配完再買，星期一跳進去可能會 。 心得 華碩財報公布後發現本益比才10倍 一開盤直接漲停鎖死 同理也可套用在台泥 年報一公布 本益比才不到十 另外台泥近年積極轉型綠能 這些都是能穩定產生現金流的 拜託水泥的景氣循環特性 但台灣的投資人彷彿視而不見 
[新聞] 華碩手機事業轉盈...挑戰大,2021-03-22,68.0,"反觀 | 我先 刀 | 影片的觀影人次也可以拿來說嘴????? | rog 崩嘎脆  一堆接口搞到手機變玻璃娃娃 | 加油，手機做得不錯。只是造型設計要更有特色才行 | 觀影人數很重要啊沒看之前賈伯斯熱成怎樣 | 買華碩手機很丟臉 | zenfone7pro更新到andriod11再補推 | https://bit.ly/2NIcKOO | 基本沒救了.... | 買股我沒意見  跑去買電競手機應該破腦ㄅ | 死都要做手機，董事長不知道在想甚麼 | 不要買zf 強力建議 | zenfone很好用啊~ | 子龍出任務 | 手機是趨勢  很難放棄不做 | 有啊，那個輕而易舉就被拗斷的影片也是百萬點閱率 | ，這種事情要不要也拿來說個嘴。 | 華碩作手機的方向到底是什麼？他要學蘋果建立生態 | 系嗎 | 全心全意堆料，軟韌體甚至是機身結構堅固度與耐用 | 度都不太管，會長久嗎。 | 華碩的東西太容易壞 | 這次要幾進幾出 | 這年頭已經非常少手機會無法通過那個凹折測試了， | 哀鳳那個中框完全凹不動。 | 天選，搶不到 | 欸 不是 結構到底是要多弱才能搬成那樣… | 挖太多接口造成結構脆弱ㄛ | 以前因為萬元以下加國產 現在破萬又變支碩沒理由買 | 中階機市場完全被中國廠跟三星接收，不討厭中國就 | 紅米真我，討厭的全都買三星。 | 用了三隻asus手機都有用到滿約約2年半的時間，覺得c | p值不錯。 | 血流刀 | 舔好舔滿 | 華碩手機真的爛,5z更新後讀不到sim | 重置後突然又可以 | z7滿好用的阿 | 手機...算了吧  還是專心做挖礦相關好了 | gg怎麼又綠了 笑死 | 華碩目前全力押注的價格帶就是一般消費者會直接選 | 蘋果三星的價格帶，短期內如何突破。 | 最近問到的親友手機全都從蘋果幫轉成三星幫 | 沒聽過有人在推阿速死的 | 石頭我只印象那個padphone真的快跟趙子龍一樣 | 現在手機沒人會買華碩了 | 我只在乎刀鋒8什麼時後出 | 用華碩zf3四年路過，一支一萬，不拍照不玩遊戲，用 | 到現在一樣順，續抱 | 我也是用華碩的 | 千萬才能活然後才幾十萬隻！？ | 當然轉盈了都能夠拿刀架老闆 | 之前ZF4撐兩年不錯啦 | 沒送刀,是不是看不起台灣人 | 反正都是others 有差嘛？ | zf3還在用，猛推 | 我以前的祕書說 華碩品質 以卵擊石 | zf5還頭好壯壯 | 大路看到刀，加減會買一下，只是我買了35週年ZF5機 | 後，再也不會買後代了。 | 明明不錯用 | 沒有誠信的公司 | 華碩是專業放生公司，買手機只會變孤兒 | 還在ZF5的，5已經是ZF系列的黃金期了啦，之後的價 | 格又更貴，硬體設計也沒以往穩定，我買了ZF6都後悔 | 想換了，更別說是之後的管理問題 | 買三支Zenfone出4次任務，但換好確實耐用",原文標題： 華碩手機事業轉盈...挑戰大 原文連結： https://udn.com/news/story/7240/5333956 發布時間： 20210322 00:46 經濟日報 / 記者吳凱中台北報導 原文內容： 華碩手機事業轉盈...挑戰大 20210322 00:46 經濟日報 / 記者吳凱中台北報導 華碩（2357）今年板卡、筆電本業銷售暢旺，也讓至今仍虧損的智慧手機事業，堪稱華碩 邁向全面獲利的最後一塊拼圖。 法人指出，智慧手機產業目前已和PC一樣進入成熟市場，在廠商大者恆大趨勢下，若未達 全球市占率前五名、或總出貨量千萬支規模的手機廠，邁入營利難度甚高，華碩想要讓手 機事業能達成損平、甚至獲利，仍有相當挑戰。 華碩不正面評論手機事業何時能轉盈，但共同執行長許先越強調，近期上市的電競手機 ROG Phone 5不論從產品發表會線上觀影人數，或大陸京東商城的預購狀況，都相較前一 代ROG Phone 3有明顯進步。 華碩今年3月按計劃推出ROG Phone 5，由於事前行銷、預熱到位，相比ROG Phone 3新品 發表會觀影人數約100萬人，這次ROG Phone 5直接跳到850萬觀影人次。 此外，近期ROG Phone 5大陸京東商城預購，24小時預購量達到178萬支，而上週與週一的 首發搶單數據，則比上一代有1.5倍的成長，目前通路商首批貨已完銷。 許先越表示，目前ROG Phone 5 市場反應良好，客戶對於新品效能、螢幕、電力與操控的 評價都非常好。 心得/評論： 智慧手機產業的競爭太激烈華碩（2357）的智慧手機想要賺錢的難度很高。 發文提醒 1.發文前請先詳閱[新聞]分類發文規範，未依規範發文將受處份。 2.連結過長請善用 https://bit.ly/ 縮網址，連結能不能點擊者板規122處份。 3.心得/評論請盡量充實，心得過短或濫竽充數將會以123一行文規範水桶處份。 4.發文請依照格式文章標明段落，不符合格式者依41刪文處分。 以上注意事項請勿刪除 違者41 刪文處分 佛 沒說 小乘 、 大乘 。 上座部佛教馬哈希尊者 帝釋所問經講記77頁拆穿 假 佛法 大乘 的 騙局 。 上座部佛教明昆《南傳菩薩道》 是 真釋迦牟尼佛的菩薩成佛之道 大乘 是 假 菩薩成佛之道 妙法蓮華經 、 華嚴經 、 心經 、 金剛經 、 梵網經 ( 菩薩戒 )、 圓覺經 、 楞嚴經 是 大乘假 佛經。 阿彌陀佛 藥師佛 大日如來 是 大乘假 佛 觀世音 維摩詰 龍樹 地藏王 是 大乘假 菩薩 https://www.ptt.cc/bbs/soul/M.1584460614.A.E88.html 上座部佛教目犍連子帝須 和 那先 破 偽經大乘 十方諸佛 
Re: [標的]  2357華碩 超級多,2021-03-27,30.0,其實還要考慮貼息成功與否的風險，但華碩每年貼息都 | 未超過兩個月（先不考慮目前是最高波），感覺還行？ | *填息 | 最近外資一直倒 | 能不能接受高殖利率也是看情況 | 幻想 | 倒也倒不下去 等量縮 財報表態 | 自己腦補這麼爽 那你怎不改10% | 華碩遲早上去啦 他的習性就是盤一個月噴三天 | 400 今年一定有機會，如果能維持營收 | 殖利率我反而覺得是短暫行情 | 現在這個殖利率 外資再怎麼倒 也不會跌破365啦 | 等均線收近才噴，沒有低於漲停那天的缺口都不用怕啦 | 大家都知道了才追是大忌 先看別支吧 | 均193看戲中 | 用嘴巴說都比較快啦 | 這幾個月營收都比之前好… | 現在才在推..？ | 這營收會維持多久？ 本益比值得那麼高？ 不要貪 | 本益比有夠低才10倍 | 亞光 | 明年不會26元啊 這樣算有點危險 | 今年一季一定強於去年一季。近4季EPS還能再高，本益 | 股價是用5%4%的方式回推股價嗎？不懂 | 比河流圖還會向上提升。不過我成本低是壞人，別聽我 | 400除息前有機會 | 沒機會了啦，人家都炒完跑了，你還在殖利率計算股價 | 還有不可能漲到剩5%，5%幹嘛不買金融股？穩多了 | 明年不會26 | 一片看衰耶 真是太好了,如果配26元 5% 是520元 如果用4% 不就650元 現在熱錢多 大家可以接受較低的殖利率 所以3~4%的報酬也不算少 總覺得愈接近發股利的日子 接近500是合理的 當然市場是由供需決定 很難講 257進場的 如果月營收連續下降 就該觀望考慮出場了 
[新聞] 主機板Q2喊漲 華碩開第一槍,2021-04-05,51.0,買買買 | 這個圖修的很梗圖 | 技嘉3月營收應該會很恐怖 | 華碩太高了買不起了 | 顯卡、記憶體，現在連主機板...崩潰 | 還有NB也要漲價了 | 通膨  通通都膨 | 哪個行業不漲價的 跟我說說 今年要全部股價在翻1.5 | 倍以上一次? | 大漲價時代 還有人沒賺錢的嗎 | 漲 全部東西都漲！ | 只買華碩 | 有什麼沒漲的... | 電腦什麼都漲 | 人事成本漲幅呢？ | 主機板根本就太多，不然一張顯卡幹嘛綁三張主機板？ | 主機板根本不缺吧，不然幹嘛顯卡綁10張清庫存 | 華碩的一是... | 最近塑膠金屬都漲好漲滿了 各式電子遲早也會漲 | 不缺又怎樣，綁顯卡就賣出了 | 礦老闆只要有卡，沒綁垃圾他們都吞 | 抵制華碩的覺青：who car | 一張卡綁10板=消費者對主板需求為過去10倍 | 為什麼是開槍不是架刀？ | 又要噴了 | 今年什麼不漲的，可以先說嗎？ | 現在真的什麼都漲，不要這種心態覺得華碩又想薛一波 | ，這是QE必然會發生的事情，眼界真的不要太狹隘 | 有問過小編嗎 | Qe 的過程就是物價上漲大量印鈔票就是.... | 還好我換新筆電，去年12初換，才跌2，3千@ @ | 嘎 | 顯卡最猛  還會增值 | 共碩 好了啦 | 今年漲幅最小的:薪水   ;3 | 板卡根本就顯卡漲順便的 | 除了500系是英特爾11代CPU燙到主板要漲價堆料，其他 | 舊零件顯卡綁整機二手市場一堆全新零組件折價賣會 | 缺貨？ | 怪不得旺玖噴 | 銅價上漲所有電子產品最終都有調漲壓力 | 已反應 | 共碩賣不掉就加價賣! | ［新聞］小編架刀 主機板Q2喊漲 | 還好礦難前都組好了 不然看了就煩 | 又要漲停了 | 400要來了嗎!! | 365 3張 等著噴 | Fed還在嘴硬通膨不嚴重 | 通膨不嚴重跟不通膨是不一樣的 | 噴噴噴,原文標題：主機板Q2喊漲 華碩開第一槍 原文連結： https://ctee.com.tw/news/tech/439956.html 發布時間：2021.04.03 原文內容： 英特爾第十一代Rocket Lake平台CPU正式上市，台系主機板廠旗下500系列新品亦接續推 出，但近期傳出，海外經銷通路已接獲台系主機板龍頭廠華碩通知，4月起涉及英特爾相 關現貨主機板型號皆將再調漲，部分超微AMD的中低階型號主機板將同步調漲，漲幅約5 10。 去年第四季受到上游供應鏈缺料、全球物流運費漲價影響，加上加密貨幣帶動的挖礦潮持 續加溫，使得部分主流銷售主機板型號供不應求，以台系三大主機板廠為首的主機板現貨 價格，已啟動一波有感調漲，包括華碩、技嘉及微星，甚至是華擎、映泰等台系主機板廠 ，在銷售主力的英特爾400系列、超微AMD 4000系列型號，多有1015漲幅。 甫發表的英特爾500系列主機板，預期在新品價格較高下，還要23個月後才會開始放量 ，業者多仍聚焦在400系列的產品銷售上。不過進入第二季以來，不僅英特爾400系列供貨 愈加緊繃，超微AMD的5000系列更是嚴重缺貨。 在供貨吃緊、上游元件廠的零組件現貨價格亦繼續上揚下，已有海外經銷通路商接獲華碩 通知，4月起涉及英特爾的B460、H410、H310、H110、H81等型號產品，及甫於第一季推出 的B560、H510現貨價格都將調漲。另AMD系列如A320、A520、B550等型號，也將同步上漲 。 雖然目前技嘉及微星方面還未發出調價通知，但通路業者預期，第二季各主機板品牌廠都 將出現調價，且將集中於目前較易缺貨的中低階產品，尤其是英特爾第九代及第十代CPU 系列型號。 另一方面，缺了大半年的AMD 5000系列，台系主機板廠在歐、美以外主要市場的供貨量皆 有限，尤其是X570、B550系列主機板，幾乎仍是一片難求。不過，供應鏈也傳出好消息， 預期第二季起AMD將擴大5000系列CPU的供應量，估將挹注各廠出貨力道加溫，受惠ASP（ 產品平均售價）水漲船高而挹注營收成長動能。 心得/評論： 雖然技嘉及微星方面還未發出調價通知 但如果是受到上游供應鏈缺料、全球物流運費漲價影響 那漲價也是勢在必行 要先布局等它們漲? 
[標的] 2357華碩 比特幣多,2021-04-08,54.0,358那個跳空就是最好的支撐，捏好絕對輕鬆400 | 太糕 | 蒸糕 | 900... | 賣小編的刀比較賺吧 | 3000好了 現在每只都喊超誇張 | 悍訓比較好 | 900真的是隨便喊不用錢 | 0056躺著分 | 何不買撼訊？還比較便宜 | 14萬萬支那人的加持 | 那你怎麼不直接買比特幣就好? | 以太幣也行適用啊 | 也有買比特幣阿 2W3追高進場的!! | 在車上 等幫抬轎 | 推 | 推 | 這隻真的很穩 殖利率配息26塊很高 又有顯卡挖礦題 | 材 | 而且營收還沒出來 | 居然沒人講顯卡關比特幣屁事  糕 | 痾樓上 我本身有顯卡挖以太幣 挖來的幣再換比特幣 | 推 | 推 | 跟幾百股試試 | 363 等抬 | 筆電要漲價囉，再賺一波 | 買這隻乾脆買.... | 殖利率是7%吧 ... | 沒有很純 你說要炒nb我還比較信 | 哦目前殖利率是7%沒錯 參考估狗的資料還未更新 | 買了一刀，嘻嘻 | 撼訊最純 | 快點來幫我抬轎!!!!!!!!!!!!!!!!!!!!!! | 我買官田鋼賺錢再拿錢買比特幣 官田鋼鐵是比特股ㄌ | 呃你這麼說就差多去了 比特幣和以太幣關聯性是很高 | 基本上有在賣顯示卡的店家  每天在看比特幣的幣價喔 | 買兩張 358跟377.5...慘慘 | 那缺點呢？ | 99兒子5269... | 講的就不對還要硬凹到底是怎樣= = | 我也不懂你硬要酸要幹嘛阿~ 你講的就對嗎~? | 講說顯卡不是挖比特幣就無腦酸 就說是挖ETH了 | 直接買乙太算了，挖的實在太久，三年前那波，晚進 | 場的礦工，礦機到最後都賠本賣 | 自己都知道顯卡挖的是ETH還在那亂講 幣豚真的無言 | 一堆人挖幣都馬換比特幣~鑽牛角尖成這樣我才無言~ | 比特幣的價格就跟以太幣、顯示卡都很有關係好嗎~ | 在那說顯示卡關比特幣屁事~? 不是無腦硬要酸阿~? | 自己去電蝦版搜尋比特幣 一堆鄉民都知道跟顯卡有關 | 就你不知道 還要硬酸 沒發半篇標的文 可悲酸民阿~ | 又是這個人PO文崩潰超爽 ㄏㄏ | 華碩 今年eps會比去年好 早已上車 | 綁一堆臭臭包 礦老闆都掃貨 華碩難道不賺嗎?,多空理由不充實者，板規115或44處份 3.進退場機制若非長期投資，請輸入停損價，否則依板規116處份 4.若為長期投資，但無充份分析理由，將依板規115處份 4.請依格式輸入內容，未依格式者板規112砍文處份。 5.分類選填請益或心得者，進退場機制得刪去。 1. 標的：2357 華碩 (例 2330 台積電) 2. 分類：多 3. 分析/正文： 1.籌碼優 熱門股(外資.投信.PTT法人佈局多年) 2.本益比11.59 符合價值投資 3.財報亮眼 EPS創高 營收成長中 4.殖利率3.78% 適合存股族 5.線圖漂亮主升段即將來到 6.2~3百元盤整多年 股價剛創歷史新高 7.顯示卡缺貨漲價 間接投資比特幣 信仰比特幣者可買 4. 進退場機制： 進場 ： 370元 持有者捏好 可買信仰三十年 退場：目標價500~900元 自由停利 長期投資不停損 [1;30;40m(非長期投資者，必須有停損機制。請益免填)[m 別再說太高拉太高就一直漲上去拉 看我PO台達電那篇的推文 打臉一堆人 附上奈米1張對帳單 https://i.imgur.com/gallery/bZp1J33 滿十推才有下一篇分享 比特幣剛創新高63287鎂~ 明天有機會炒一波板卡股了~? 華碩370.5元 4/13 盤整碰月線後終於拉一根上去~ 盤中新高391元 4/16(五)
[其他] 筆電、板卡需求暢旺 華碩3月營收年增74%,2021-04-09,41.0,華碩噴爆啊，光我公司要組台電腦電腦公司說要等沒 | 有顯示卡 | 月也增 要上4望5了 | 今天有買尾盤的禮拜一賺爆 | 你內文也太少 | 華碩..猛！ | 下禮拜看得到450嗎 | 未滿十個字保重 | 前陣子都不漲 已賣掉換股了... | 要追上GG了 | 宏碁應該也不錯 | 宏碁還沒公佈應該也會噴爆 | 快來幫我抬轎~~~~~~~~~~~ | 石頭就是等抬轎抬到外太空 蘇胡 | 華碩一直沒啥漲 | 什麼都漲 | 微星年增72% | 華碩從300漲到現在371.5還沒啥漲........認真？ | 到現在還沒看到刀 | 在車上等了 | k線看起來就是等噴出的樣子 | 跟GG一樣，一直沒啥漲 | 你把撼訊放在哪裡 | 首季應該賺超過10塊 | 若跟去年第四季相比較eps 大概有12的水準... | 華碩前陣子噴成這樣叫沒啥漲... 是一定要每天過年 | 就是了.. | 技嘉 微星敢不敢噴 | 微星該噴了吧 | 我這次押微星  建議你各位去買技嘉 | 要買顯卡 強迫綁一堆光碟機 出手有夠狠 | 公布股利的時候第一根漲停打開後買進 盤了好久 | 被覺青抵制到業績暴增 | 有賣電競刀嗎 | 日均量不到3000張，還有快15000張想逃逃不掉 | 推錯篇 | 有刀架老施這麼旺嗎？ | 媽 我還在車上  只是船票有點少 | 感恩T大的石頭! | 高檔震盪 後面看起來還有高 | 今年保底45吧,https://i.imgur.com/cn0Ox0X.jpg 電梯向？ 營收噴噴 
[新聞]雙A首季營收 華碩衝破千億元、宏碁寫7年,2021-04-09,16.0,"軟 | 噴噴 下星期漲停 | 小星星跟G牌表示： | 99技嘉 99小星星 | 他們也創新高阿 | 崩崩 | 石頭看起來比較優 | 我賣了宏碁 要追回嗎 | 宏碁32元以下都還可以買，32元以上有2018年的套牢區 | 要外資買很多才可以衝破至少要有10萬張的量 | 華碩豔陽高照 練兵完成   7%的殖利率進可攻退可守 | 早該買爆了 雖然我只買得起一張... | 口中罵共碩  結果還是乖乖買 | 大家是健忘的更何況華碩是賣給全世界不是只賣給台灣 | 若漲上去,我看法人的借券賣還要認錯再回補4~8萬張 | 最近外資已經默默的回補了5000張借卷 還能壓多久呢",原文標題：雙A首季營收 華碩衝破千億元、宏碁寫7年同期新高 (請勿刪減原文標題) 原文連結： https://reurl.cc/L0gpWK (請善用縮網址工具) 發布時間：2021/04/09 (請以原文網頁/報紙之發布時間為準) 原文內容： 筆電品牌大廠華碩 (2357TW)、宏碁 (2353TW) 今 (9) 日公告 3 月營收，受惠筆電需 求仍強，加上終端零售通路商庫存水位偏低、遞延訂單出貨，雙 A 筆電出貨暢旺，華碩 首季營收突破千億元大關，達 1081.04 億元、年增 72.36%，宏碁則為 715.58 億元、年 增 46.5%，創下近 7 年同期新高。 華碩 3 月受惠電競、商用、消費筆電需求暢旺，加上板卡需求大增，品牌營收達 431.29 億元，月增 37.84%、年增 84.75%，為近 5 年同期新高，累計今年首季營收突 破千億元，達 1081.04 億元，季減 4.09%、年增 72.36%。 展望今年，華碩表示，關鍵零組件供應仍緊俏，但在需求強勁下，對今年筆電市場看法樂 觀，加上今年有 Chromebook 新案，看好出貨可望較去年倍增，電競產品則將年增 2030%。 宏碁 3 月營收則達 277.44 億元，月增 36.5%、年增 15.3%，累計今年首季營收達 715.58 億元，季減 13.4%、年增 46.5%，單月、單季同創近 7 年同期新高。 宏碁指出，首季 Chromebook 營收仍翻倍成長，其他包含電競、商用筆電、顯示器產品表 現也不俗，認為上半年筆電需求持續強勁，也預期缺貨潮將延續至今年第 3、4 季都無法 紓解。 宏碁近年持續布局多重事業引擎，在電競領域中，今也宣布延伸電競觸角，並整合產官學 資源，宣布 Predator League 虛擬賽車推廣計畫起跑，將在本 (4) 月中啟動校園電競列 車，推廣虛擬賽車教育、技術交流。 另一方面，電競品牌大廠微星 (2377TW) 今日也公布 3 月營收，受惠宅經濟動能延續、 加上新品挹注，主機板、顯示卡動能強勁，單月合併營收再衝上 177.26 億元，月增 33.7%、年增 72%，累計第 1 季營收達 480.05 億元，季增 14.6%、年增 68.4%，單月 、單季均創下新高紀錄。 心得/評論： 必需填寫滿20字 一如預期華碩和宏碁的3月營收都大噴發，看來華碩上看400；宏碁上看36沒問題。 發文提醒 1.發文前請先詳閱[新聞]分類發文規範，未依規範發文將受處份。 2.連結過長請善用 https://bit.ly/ 縮網址，連結能不能點擊者板規122處份。 3.心得/評論請盡量充實，[m心得過短或濫竽充數將會以123一行文規範水桶處份 4.發文請依照格式文章標明段落，不符合格式者依41刪文處分。 以上注意事項請勿刪除 違者41 刪文處分 
[標的] 2357 華碩 多,2021-04-16,62.0,好 我買筆電支持一下...缺貨 | 這時候有人會說：200的時候不買？ | 錯 是200以下不買 | 義和團爆氣概念股 | 如果沒那麼多錢買其他家可以嗎ㄨㄨㄨ | QQ每隻都漲好兇，台股今年太強了 | 完全同意 EPS36 本益比不到11 配26 殖利率6.7% | 哎 等太久被清掉 | 不是妖股 但也是送分題了 逢綠就加碼 | 把股價抵制抵下來啊 | IC比較妖吧 傳產還算有些基本面 | 民眾抵制的時候幾乎都是絕佳買點 | 其他技嘉微星本益比都衝到15-20了 華碩根本送分題 | 零股買起來~ | 360我就想再檢一張，上次一公佈配26元時，隔天就上 | 車抱到現在。 | 華碩400送分題，華碩沒426不賣 | 500見! | 前年配完躺在地上半年...不碰以後漲高高 | 50的時候不買= = | 筆電缺貨中追高沒問題但新聞出來可能要逃快ㄧ點 | 華碩不是去年才虧轉盈，這麼快就算本益比了哦 哈哈 | 哈 | 三月買358跟377.5 套有點久 今天389跑兩張了= = | 華碩是手機虧錢，其他沒虧啊，每年股利都還不錯呢 | 整理一個月不買 漲上來才追 | 250盤才久 | 華碩去看eps比較準，以他長期本益比平均在12左右來 | 看，至少上420沒問題，股利這種東西拿來衡量誤差容 | 易比eps高，畢竟公司想發怎樣是決策出來的，eps是比 | 較客觀的數據，不過今年應該會更高就是了 | 華碩哪年虧過你馬好勒 | 太誇了吧!華碩哪時候虧?@@ | 我覺得今年eps至少45 真的有機會到500 | 說虧轉盈是哪個世界線的人啊，時空警察到底有沒有在 | 做事？ | 華碩從200初起漲開始都是盤幾個禮拜大漲1.2天到下一 | 階，下週如果進不見得會賠，但是要有心理準備就是。 | 某樓造謠已截圖並註記ID 小心石頭法務找上門 | 另外石頭抱不住的人不要悔恨 趕快把握隨身碟 | 今年的隨身碟舊就是類似去年石頭的10年轉折 | 隨身碟 是什麼？ | 行情總在賣掉後 | 華碩如果切割掉手機部門，早就飛天了 | 加密貨幣幣概念股 | 上面說技嘉微星本益高 怎不想是預期的eps大爆射呢 | 心中的隨身碟有好幾隻 @@ | 當初也是看著微星技嘉慢慢從本益比10爬到15-20，所 | 以也預期相同產業的華碩能有同等表現 | 微星90幾的時候跟技嘉70幾的時候都有買過，所以華 | 碩應該也會走他們的老路 | 但我是想被打臉拉 還沒買夠阿 | 低能嗎480 | 隨身碟是創見吧  我也在注意中 | 想知道隨身碟 | 謝謝你~ 看來這股票還要整理幾個月 | 請問這也米米57之一嗎 | 373 上車 今年會比去年更賺 | 螢幕刷新360那台缺的有夠久，根本不想鋪貨阿 | 好股 一定會再上 | 真的送分題了～第一季eps哪時後公布阿 | 華碩自估2021第一季營收全年谷底 送分題,1. 標的：2357 華碩 2. 分類：多 3. 分析/正文： 今天突破前高收388 今年大方配26元 看了前幾年最高股價跟股利 20152020平均是5.4%左右 這樣算起來股價有機會上480以上 營運持續看好，筆電主機板也都要漲價了 顯卡一直都還是很貴，基本面沒什麼問題 應該還有20%左右的肉可以吃 雖然比不上傳產輪動那些妖股，但是穩穩的 4. 進退場機制： 381建倉，停利480以上，停損300 真的跌到300以下我就放著領股息了 就是看到整理了一個月沒漲，覺得可以進了
[標的] 2357 華碩 多,2021-04-29,37.0,"現在收盤了 星期一才能進場啦 | 這檔很好但買不起只能買宏碁 | Q1大概12.6eps吧 | 垃圾就屬華碩最多XDDDD | 我奈米買三張...我覺得上五百都有可能吧 | 殖利率護體，21 EPS一定比20多，既然跌不下去，那就 | 只能往上噴了，多 | 同感今天進了4張等噴 | 法說怎麼沒消息？ | 沒400不賣，426停利 | 刀股 | 上不去了 | 今年“保守”估計40塊 | 微星會不會比較多肉？ | 算本益比的話華碩目前比技嘉微星甜很多，而且股性安 | 定不會亂甩 | 外資一直賣 不知道為啥 投信最近也不捧場 | 放到年底至少450 | 都要鎖蒜力了還敢買阿 | 不會沒人知道華碩eps都靠筆電吧 | 低調, 還沒買啦 | 野村跟上海匯豐一直倒垃圾 要噴再等一個月 | 已進場 每天被上沖下洗中 到底要不要噴一下 | 前陣子也有推，強勢橫盤，等季報了 | OEM廠商和NV去年簽署的供貨協議價格早就定好  現在 | 礦潮顯卡毛利至少二～三倍起跳  賺翻 | 野村前陣子被BillHuang事件掃到，華碩稍微拉高就被 | 他賣下來，真的要等到其他資金進來狂掃了 | 怕下半年筆電退燒 | 真的垃圾種類最多又最貴 超好笑 | 前陣高點389-399已賣 很難漲 | 這支就是很會盤 爆衝一波後再繼續盤 抱緊就對了 | 飛騰事件 對華碩(祥碩)有影響 再來就是5月 新機會 | 不會烙賽 | 等到你知道新機賣怎樣，大概9月了，到時候股價和財 | 報都不同，就永遠都別買 | 垃圾最多好好笑XDD",1. 標的：2357 華碩 多 2. 分類：多 3. 分析/正文： 基本面： 單月營收年增表現亮眼 技術面： 自從3/19以來也在區間盤整一個月以上了，下也下不去，現在仍在區間底部，搭配Q1營收 出來有望直接噴一根。 消息面： 有在逛電蝦的應該都知道現在顯卡除了漲價和缺貨外，就算有貨也是限組整機或綁一堆的 垃圾變成大禮包在賣，例如3080綁20張主機板、20顆滑鼠、10張光碟機、水冷機殼電供等 。 故不管是礦工、黃牛，甚至一般玩家為了買到一張顯卡都必須要額外購買其他自己不需要 的垃圾，而這些垃圾就屬華碩種類最多又最貴，靠這波應該清了不少的庫存，故這季營收 表現亮眼的機會很大。 4. 進退場機制： 現在進場 退場就看收盤有無跌破月線 小弟奈米戶沒錢，空氣單要噓就噓吧ˊˋ 期待出RGB刀 那也是下季營收的事啦 而且這季3060還不小心解鎖蒜粒 根本賺爛 顯卡缺貨筆電銷量應該也不會差吧，都有高階筆電被掃去挖礦的了，而且很多要組新電腦 卻因為顯卡太貴反而直接選擇買高階筆電的
[標的] 2357 華碩 刀子多,2021-05-06,27.0,3/17法說時有說Q1是今年谷底 等5/12財報看看 | 支碩 | 啾啾微星-.- | 共碩 | 大便碩 | 太貴 | 會賺錢就是好碩碩 | ＋1 | 宏碁漲停，石頭還會翻黑，爛 | 這檔一直被外資玩弄開高走低，要等到明確的表態才 | 有戲 | 這檔你用追的會不好做，在盤的時候要卡位 | 很明顯現在就在等利多出來而已 | 現在適合嗎？ 感覺好危險 一直盤 | 你回去拉線圖看他250盤多久 | 不要看後面的線你250會買嗎都死豬價上不去 | 下週法說 生死一念之間 | 危險嗎還好吧，盤整上下震盪幅度沒很大 | 零股也可以參與法會財爆行情（咦 | 你會贏 | 區間盤整...低撿高賣就好 | 停損價這個殖利率 我還不歐印買爆 | 殖利率這麼高 後勢看好 漲停那天買進抱到現在 舒服 | 這檔就是明顯有人壓盤 | 月而 | 越盤越高 大盤崩跌幾天還漲勒 | 這檔長期K線拉開，送分題！,多空理由不充實者，板規115或44處份 3.進退場機制若非長期投資，請輸入停損價，否則依板規116處份 4.若為長期投資，但無充份分析理由，將依板規115處份 4.請依格式輸入內容，未依格式者板規112砍文處份。 5.分類選填請益或心得者，進退場機制得刪去。 1. 標的： 2357 華碩 2. 分類：多 3. 分析/正文： 技術面來看還在盤整區間，但有開始逐漸出量陸陸續續進場卡位，在這一禮拜電子股陸續 財爆也開始進行了修正，只有石頭看起來腳麻掉連鳥都不鳥，應該是等財報以及法說會開 始反應 其實這檔跟虛擬貨幣連動應該比較沒有什麼關係，不過目前礦潮還沒有明顯的崩盤，礦潮 除了顯卡也帶動電腦周圍商品，顯卡綁大禮包礦老闆也是持續吞 基本面方面配得好，本益比也低，目前看起來俗又大碗... 4. 進退場機制：進場375385，停損360或直接財爆或利多出盡，停利請個人自行評估 
[標的] 2357 華碩,2021-05-07,19.0,幾篇了？？ | Q1 EPS應該不只10 | 玩惹我今天上車 會不會被狙擊 | 老闆說逐季成長 本益比低到不可思議  大家不愛吧 | 卡377。一個月了XD | 先救救衛星 -.- | 低調， 最好都去買船票不要擠過來 | 做等Q1開獎 EPS14有沒有機會 | 已經出來了 年增72.15% 月減14.73% | 一季會動一次，慢慢等 | Q1推估 12.6上下 | 這隻穩 慢慢爬 | 小編的刀 | 沒426不賣 | 怕下半年筆電進入循環 | 一上去就被倒一波 | 今年要是缺整年就賺翻了 | 沒450不賣 | 一堆華碩文是怎樣   不想買,多空理由不充實者，板規115或44處份 3.進退場機制若非長期投資，請輸入停損價，否則依板規116處份 4.若為長期投資，但無充份分析理由，將依板規115處份 4.請依格式輸入內容，未依格式者板規112砍文處份。 5.分類選填請益或心得者，進退場機制得刪去。 1. 標的： 2357 華碩 2. 分類：多/心得 3. 分析/正文： 淡季不淡： 往年Q1Q2都是淡季，4月份更是營收最低點 今年Q1與去年Q4相差不多，預估EPS仍有10左右 4月份營收，從技嘉4月營收年增79%，微星宏碁Q1財報亮眼 ，各種顯卡出清大禮包，相信華碩4月份營收也會創高。 有支撐： 這週大盤前三天連跌三天，各類電子股都慘跌，唯華碩不跌而逆勢微漲。 到今天大盤大漲，價格突破通道上軌；MACD開始收縮。 高值利，低本益比： 今年股利26元，本益比10倍上下。 Q1淡季EPS都有10左右，如果營收持續，今年EPS也會在30~40上下。 下週5/12法說會 5/13發布zenfone 8 4. 進退場機制： 本週均價377.5兩張，350停損。 
[新聞]筆電需求強勁 華碩4月品牌營收達365億元、年增逾8成,2021-05-07,32.0,利多出盡，下禮拜....爆崩！ | 架在脖子上的刀越來越大隻了 | 救救微星QQv | 刀下留人 | 噴爆 | 賣掉筆電顯卡買船票 | 出貨文 | 一堆電競款缺貨買不到啦 | 月減 | 想買3060…一張超貴 | 沒船送貨接下來營收也慘啦 | 還我平價顯卡嗚嗚 | 3070那台都被抓去挖礦賣到缺貨 | 只能噴了 | 一定噴 | 誰在買筆電阿? 前幾年不買今年買? 樓下有買嗎 | 不是不買是買不到 | 有西哥 好安心 | 筆電還是比顯卡好搶多了，也沒XXX香香大禮包 | 不太超頻保固內可回本，但賺不了多少，休閒挖可以 | 太慢 | 刀子架在股價上了 快崩 | 難怪面板噴爆 | 缺料還年成長8成 | 就差這個營收上400 | 400近在咫尺 | 股版都說漲 下週一定崩 | 噴噴 | 筆電根本沒貨。實在需求量大什麼 | 已 | 盤太久了，根本垃圾 | 前天才買了一台asus,原文標題：筆電需求強勁 華碩4月品牌營收達365億元、年增逾8成 (請勿刪減原文標題) 原文連結： https://reurl.cc/MZeqzL (請善用縮網址工具) 發布時間：2021/05/07 (請以原文網頁/報紙之發布時間為準) 原文內容：筆電品牌大廠華碩 (2357TW) 今 (7) 日公告 4 月營收，雖然筆電需求維持強勁，但受 部分缺料、上月基期較高影響，單月營收達 365.02 億元，月減 15.37%、年增 82.14%； 累計今年前 4 個月品牌合併營收達 1446.06 億元、年增 74.73%。 華碩今年以來受惠電競、商用、消費筆電需求暢旺，加上板卡需求大增，推升營運維持高 檔。華碩表示，將持續執行品牌金三角策略，提升用戶價值、品牌認同、市場占有率。 展望今年，華碩認為，雖然關鍵零組件供應仍緊俏，但在需求強勁下，對今年筆電市場看 法樂觀，加上今年有 Chromebook 新案，看好出貨可望較去年倍增，電競產品則將年增 2030%。 華碩預計下周三 (12 日) 舉辦線上法說會，將說明第 1 季營運結果、第 2 季營運展望 ，同時華碩下周也將舉辦新品發表會，推出 ROG 新品、新一代 ZenFone 8 旗艦級手機。 心得/評論:4月開始印度和巴西疫情再度變嚴重有遠距辦公、遠距教學需求加上挖礦 顯示卡熱賣，4月營收大增符合預期。 必需填寫滿20字 發文提醒 1.發文前請先詳閱[新聞]分類發文規範，未依規範發文將受處份。 2.連結過長請善用 https://bit.ly/ 縮網址，連結能不能點擊者板規122處份。 3.心得/評論請盡量充實，[m心得過短或濫竽充數將會以123一行文規範水桶處份 4.發文請依照格式文章標明段落，不符合格式者依41刪文處分。 以上注意事項請勿刪除 違者41 刪文處分 
Re: [標的] 2357 華碩 多,2021-05-07,19.0,送分題啦穩漲  只是沒有主流飆股賺的快 沒人想理 | 比友達爛 下去 | 難破400~@@ 下來360我再接 | 之前每到373就all in 權證 380賣出，一個月來回賺的 | 比面板多，而且幾乎送分題，根本不用擔心。最近衝出 | 去沒機會再玩來回373了，哭 | 我以為今天也開高走低，結果一賣出就不回頭了 | q1至少十個友達啦 | 破386轉強啊 趕快上車 | 至少415 繼續等大家幫忙抬轎 | 370以下有超高殖利率保護 沒理由掉下去 | 已在車上，感謝抬轎 | 欸欸，2樓的比友達爛是指哪個數值啊？ | 還好我的恥骨有一個蒸氣 | A | $ | U | $ | ASUS,: 1. 標的：2357 華碩 多 : 2. 分類：多 : 3. 分析/正文： : 基本面： : 單月營收年增表現亮眼 : 技術面： : 自從3/19以來也在區間盤整一個月以上了，下也下不去，現在仍在區間底部，搭配Q1營收 : 出來有望直接噴一根。 : 消息面： : 有在逛電蝦的應該都知道現在顯卡除了漲價和缺貨外，就算有貨也是限組整機或綁一堆的 : 垃圾變成大禮包在賣，例如3080綁20張主機板、20顆滑鼠、10張光碟機、水冷機殼電供等 : 。 : 故不管是礦工、黃牛，甚至一般玩家為了買到一張顯卡都必須要額外購買其他自己不需要 : 的垃圾，而這些垃圾就屬華碩種類最多又最貴，靠這波應該清了不少的庫存，故這季營收 : 表現亮眼的機會很大。 : 4. 進退場機制： : 現在進場 : 退場就看收盤有無跌破月線 : 小弟奈米戶沒錢，空氣單要噓就噓吧ˊˋ 今天4月營收出啦 年增72.15% 這幾天雖然大盤狂殺，但是都仍然收紅站穩月線，相比大盤相對強勢，今天也來到區間的 高點了，W底搭配今天4月亮眼營收公布有望下周一直接跳空開高或長紅，接下來就是等Q1 營收公布，如果能持續站穩今天的頸線，勢必還能期待再噴一波。 另外這幾天投信也默默進場了:) 依然沒對帳單啦 滿手航運鋼鐵沒錢買了 
[新聞] 華碩：邁向創新成長型企業,2021-05-10,42.0,成長股? | 電競刀呢 | 還不是靠支那小編 | 好想加入一起創新 | 護國神山 華碩 | 外資賣夠了沒？ | 樓下酸支碩 | 越共越賺 | 創新定義 | 我到覺得Acer 都比你們還會創新 | 今天走勢滿不錯的，短線切入點賭這兩天 | 嗯 創新到連小編都管不了 | 創新在偷拿客戶算力挖礦嗎？ | 真的創新 | LED多放幾顆 | 用玩家的卡挖礦真的創新 | 定義挖礦 | 呃 所以原本是什麼？ | 賣刀都能成長的嗎 厲害了親 | #1WQNDE60  更正 是說拿算力做研究用途 結果是挖礦 | 台灣蘋果 | 今天386接一張，短線進出 | 一對覺青只會崩潰，結果我大華碩依然威武！爽啦 | 旗艦機再用高通 準備上看200 | 台灣蘋果 | 好的 明天跌停收 | 共碩 | 語畢 | 電子股下去 | 還不是靠小編飛刀 | 共碩我從250聽到390了 沒有新的詞彙嗎 | 小米 v牌車才共匪品牌耶 | fx516給的螢幕就不能好一點嗎.. | 我只信小編 | 噴到1000還是共碩阿有什麼問題嗎 | 加班費 | 好的，共碩 | 所以我說RGB刀到底哪時開賣 | 電競小刀要推出了嗎 | 可以慢慢放棄台灣市場了 呵呵 | 改做電競 | 創新？,原文標題： 華碩：邁向創新成長型企業 原文連結： https://udn.com/news/story/7240/5445389 發布時間： 20210510 00:45 原文內容： 華碩：邁向創新成長型企業 20210510 00:45 經濟日報 / 記者吳凱中台北報導 華碩將於6月10日舉行股東會，董事長施崇棠在致股東報告書中釋出今年樂觀訊息，強調 公司正向看待營運展望及規劃積極成長目標，在鞏固電腦等核心事業之外，也會持續拓展 人工智慧（AI）、AIoT 等新業務，將使華碩於未來數年成為持續進化創新的成長型企業 。 業界分析，華碩今年以來PC業務需求遠大於供給，但受零組缺貨影響，壓抑營收進一步增 長，為此，華碩善用自家的研發團隊優勢，透過從產品設計靈活應變，擴大供貨來源，伴 隨新業務耕耘有成，讓施崇堂樂觀今年營運。 華碩受惠宅經濟推升筆電等遠距應用市場大好，去年集團合併營收4128億元，年增17%； 歸屬於母公司業主淨利266億元，年增 119%，每股純益35.76元，獲利為分家以來新高， 董事會大方配發現金股利26元，同創新高紀錄，市場驚艷。 華碩近期股價扶搖直上，4月下旬一度衝上近21年來新高價398元，上周五（7日）大漲 10.5元、收391元，蓄勢挑戰400元大關。 施崇棠表示，2020年新冠肺炎疫情蔓延全球，除威脅生命健康，也衝擊全球經濟、世界貿 易、就業市場、產業供應鏈等，但目前已見到疫苗及克服疫情的曙光。 尤其疫情重塑民眾的生活及工作方式，大幅加速進展至遠距工作、居家學習、線上娛樂的 數位化生活模式，進而拉動電腦與電腦周邊產品的剛性需求，相信未來以使用者為中心、 數位化經濟模式的產品及服務將更蓬勃興起，個人、企業、社會的數位化程度將持續深化 。 展望今年，華碩正向看待營運展望及規劃積極成長目標，強化現有的核心事業如主機板、 電腦、電競產品領導地位，對應新數位世代的用戶需求，持續擴張電競玩家、商用、創作 者等多面向的使用者族群，加上於AI及 AIoT應用領域的領先布局，將使華碩成為持續進 化創新的成長型企業。 施崇堂說，華碩立足於主機板、電腦與電競產業的領導位置，將以此為基礎擴張至商用市 場及智慧應用場域，加速數位化轉型。 心得/評論： 華碩將成為持續進化創新的成長型企業？ 對華碩（2357）股票有興趣的人得理智思考華碩（2357）股價的成長潛力。 佛 沒說 小乘 、 大乘 。 上座部佛教馬哈希尊者 帝釋所問經講記77頁拆穿 假 佛法 大乘 的 騙局 。 上座部佛教明昆《南傳菩薩道》 是 真釋迦牟尼佛的菩薩成佛之道 大乘 是 假 菩薩成佛之道 妙法蓮華經 、 華嚴經 、 心經 、 金剛經 、 梵網經 ( 菩薩戒 )、 圓覺經 、 楞嚴經 是 大乘假 佛經。 阿彌陀佛 藥師佛 大日如來 是 大乘假 佛 觀世音 維摩詰 龍樹 地藏王 是 大乘假 菩薩 https://www.ptt.cc/bbs/soul/M.1584460614.A.E88.html 上座部佛教目犍連子帝須 和 那先 破 偽經大乘 十方諸佛 
Re: [標的] 2357 華碩 多,2021-05-12,43.0,"已反應 | 今天V成這樣，一定有人看答案 | 發一篇跌1%，明天跌定了 | 今天加碼把子彈打完 撿了340 350 爽歪歪 | 列入待撿清單 | 這幾天撿到沒子彈 | 現在基本面無用論 | 有些電子被殺到剩8倍本益比 | 無用我領股息也爽 今年有可能50塊 明年配7~8成 爽領 | 本益比8倍是用今年去算  如果明年沒賺那麼多 | 沒錢了 只好沖一張現賺 | 那就不是8倍了 , 要以未來為主 | 這隻上禮拜370一度想撿 還是決定留子彈觀望 | 疫情爆發 你電腦更好賣 ... | 今天誰沒V?    肯定是弱勢~~? | 2字頭再考慮吧 | 推F姐!3字頭我買不下去 | GG300的時候一堆人也買不下去 | 390好冷，哥哥們救我 | 390套著領也沒差吧 | 390也有6%多 | 推f姐 下來點再買 | 水水水 | 恐慌的時候都麻全殺 誰還在看eps啦...現金為王 | 去年200多就已經確定一年有30...拉到300多水位，其 | 實，本益比是整體市場給的，不是單一公司，還是得看 | 市場水位 | 多什麼多 快躲啦 下星期再出來 | 今天都沒跌停了 還想著2字頭？ | 2字頭 機會不高吧 ... | 375T 995 | 今天看華碩多殺多笑死人 | 今天又融資斷頭惹啦 看到失智價直接進場補貨 | 太早布局了。我買在389靠。 | 殺到330進場算撿到 | 一堆316T的籌碼你玩得過他們？我是不敢 | 240T嘻嘻 | 跟緊營收和下半預測 | 220T，老神在在看戲 | 228T 看到398跌倒335有點崩潰 | 有可能2字頭？ | 426應該沒問題 | 真的2字頭反而應該撿GG 不是撿石頭",: 1. 標的：2357 華碩 : 2. 分類：多 : 3. 分析/正文： : 今天突破前高收388 : 今年大方配26元 : 看了前幾年最高股價跟股利 : 20152020平均是5.4%左右 : 這樣算起來股價有機會上480以上 : 營運持續看好，筆電主機板也都要漲價了 : 顯卡一直都還是很貴，基本面沒什麼問題 : 應該還有20%左右的肉可以吃 : 雖然比不上傳產輪動那些妖股，但是穩穩的 : 4. 進退場機制： : 381建倉，停利480以上，停損300 : 真的跌到300以下我就放著領股息了 Q1 EPS 13.2 全年應該有機會破50 今天收盤價361.5 長期來看應該是沒有問題 短期沒失控的話QQ 
[新聞] 最旺Q1 華碩每股賺13.2元,2021-05-13,40.0,"99宏碁 | 2陽明 | 華碩這種高獲利不會持續多久 | 你以為顯卡以後還會有這種行情? | 說好的抵制共碩呢 | (づ′・ω・）づ13.2*4*20 | 99共碩,拜託來接我 | 到頂了，該下來了 | 礦潮賺不少吧 等顯卡掉下來就沒那麼好了 | 13. 2股價380，7. 49會是多少？ | 共碩 | 華碩70%都是筆電 主機板跟顯卡才24% 顯卡下來影響 | 衝衝衝 | 不大，主要還是受惠於疫情的遠距，遠距便常態，這種 | 營收也會變常態吧，這次跌2000多點他也抗跌 | 這次顯卡帶動好多主機板跟筆電 | 筆電挖礦 | 沒用 下去 | 刀碩 | 超硬 | 利多文，要出貨了嗎？ | 主要是筆電阿 .... | 石頭硬梆梆 這波根本沒啥跌 給我補貨 | 石頭 你們在殺啥 跟2天前幾乎在同一位置 | 顯卡掉下來至少也還要一兩年，今年一堆買不到卡的 | 人，明年還不是搶爆 | 到2022都不一定買的到 GG那邊還在滿載 | 我還嫌他太低勒 | 疫情結束 筆電都買超過了 慘 | 疫情結束? 我看這邊才剛開始阿 笑死 | 一堆大公司早在去年疫情嚴重都換筆電了啦 | 低調阿乾 | 便宜的石頭不撿嗎？ | 股價是陽明5倍 eps才1.9倍 跌停 下去 | 果然反指標今天漲5% | 舔就對了 | 小編的刀子還架在脖子上嗎 | 宏基連10%都沒，才0.91 | 宏碁都說三台筆電訂單只能出一台惹，很缺哦 | 有些狂一點的礦工是真的拿筆電來挖礦",原文標題： 最旺Q1 華碩每股賺13.2元 原文連結： https://udn.com/news/story/7240/5453560 發布時間： 20210513 01:19 原文內容： 最旺Q1 華碩每股賺13.2元 20210513 01:19 經濟日報 / 記者吳凱中台北報導 https://uc.udn.com.tw/photo/2021/05/12/realtime/12276233.jpg 華碩董事長施崇棠（本報系資料庫） 華碩（2357）昨（12）日公布首季財報三率三升，毛利率更衝上22%，創新高，反映 筆電、顯卡產品出貨暢旺，以及產品供不應求與漲價效應，單季大賺97.91億元，每股純 益13.2元，是歷來最旺的第1季，也是歷來單季第三高。 華碩認為，目前PC市場需求呈現健康成長趨勢，但仍受限零組件供應不足，預估集團本季 PC季增5%至10%，並較去年同期成長二至三成；零組件業務方面，由於本季進入傳統淡季 ，預估將季減5%至10%，但年增30%。 華碩共同執行長許先越表示，去年疫情爆發以來，筆電市場一直處於供不應求狀態，而從 業務端反饋來看，到今年下半年為止，出貨狀況還是很強，但明年能見度不是很高，主因 對疫苗施打情況，及整個產業鏈缺貨狀況何時能補上還不明朗。 https://uc.udn.com.tw/photo/2021/05/13/2/12276552.jpg 華碩內部設定，今年全年PC涵蓋電競、消費性筆電等要比產業平均成長值再高一成，而新 領域商用及教育方面則要達年增100%。 華碩昨天舉行法說會，公布首季毛利率22%，季增4.3個百分點，年增5.6個百分點；營益 率10.7%，季增3.5個百分點，年增6.2個百分點；淨利率9.1%，季增0.4個百分點，年增 7.7個百分點。 美中不足的是，業外收益受到轉投資亞旭零組件缺貨，導致亞旭首季虧損較去年第4季擴 大影響，單季業外獲利僅6.84億元，而除利息收入，還有6.65億元匯兌收益。 華碩首季稅後純益97.91億元，雖季減1%，但較去年同期大增十倍，為同期最佳。華碩指 出，首季毛利率、營益率為近年高點，不僅反映PC市場熱況，同時，數位貨幣在首季價格 衝上高點，同步推升顯卡產品漲價與毛利增長。 此外，為了因應零組長期缺貨而漲價，華碩已於今年初調漲產品報價，全面反映上游材料 成本。華碩共同執行長胡書賓強調，目前整體零組件供給並沒有太大改善，缺口仍達約 25%至30%，評估吃緊狀況將延續至第3季初。 許先越強調，華碩已與重要供應商簽長約，以及透過自有研發能力加速導入第二供應商， 或修改板子設計導入不同供應商因應。 心得/評論： 對華碩（2357）股票有興趣的人得理智認真思考華碩（2357）股價的成長潛力有多高。 佛 沒說 小乘 、 大乘 。 上座部佛教馬哈希尊者 帝釋所問經講記77頁拆穿 假 佛法 大乘 的 騙局 。 上座部佛教明昆《南傳菩薩道》 是 真釋迦牟尼佛的菩薩成佛之道 大乘 是 假 菩薩成佛之道 妙法蓮華經 、 華嚴經 、 心經 、 金剛經 、 梵網經 ( 菩薩戒 )、 圓覺經 、 楞嚴經 是 大乘假 佛經。 阿彌陀佛 藥師佛 大日如來 是 大乘假 佛 觀世音 維摩詰 龍樹 地藏王 是 大乘假 菩薩 https://www.ptt.cc/bbs/soul/M.1584460614.A.E88.html 上座部佛教目犍連子帝須 和 那先 破 偽經大乘 十方諸佛 
Re: [標的] 2357 華碩,2021-05-13,19.0,你才賺7塊就跑？ | 我也是今天出 大盤不妙保有現金最好 | 一堆賺不只70的都沒打算賣 | 樓下酸刀碩 | 認真說 這隻是吃疫情的受惠股 賣太早了 | 如果常常出現千點的暴跌，誰都撐不住，不然這種抗跌 | 50本益比8倍400可以進場嗎？ | 我等426 | 支嘉也跪舔啦 | 看電蝦現在是七星嘛 一個輪迴 搞不好又輪到共碩惹 | 等等…384在賣什麼意思？ | 華碩本益比8???  在開玩笑嗎XDD | 384賣真的乾脆不要買... | 我也今天出 +1 沒賺到就算了 太危險 | 近4季EPS 47.74元，股價379.5，本益比 7.95，沒錯 | 局勢不穩，要不要連房子車子都賣一賣，等穩定再買回 | 華碩小抄  https://i.imgur.com/vpIH1f7.jpg | XDDDD 祝發大財啊 | 你等呀,自己回文 本週疫情突發，今天早上384了結。待疫情回穩在考慮買進 昨天法說會超乎預期Q1EPS13.2毛利22%，Q2展望預估與Q1差不多。 原物料零組件缺口仍有20~30%，也會反應在產品售價上。 今年EPS應該能達到50以上，目前仍持續看好。 疫情如果持續，遠端通訊需求也會成長。 zenfone 8 好像沒什麼噱頭 跟 zenfone7 有87分像 隔壁技嘉跌倒，華碩吃飽? : 1. 標的：2357 華碩 : 2. 分類：多/心得 : 3. 分析/正文： : 淡季不淡： : 往年Q1Q2都是淡季，4月份更是營收最低點 : 今年Q1與去年Q4相差不多，預估EPS仍有10左右 : 4月份營收，從技嘉4月營收年增79%，微星宏碁Q1財報亮眼 : ，各種顯卡出清大禮包，相信華碩4月份營收也會創高。 : 有支撐： : 這週大盤前三天連跌三天，各類電子股都慘跌，唯華碩不跌而逆勢微漲。 : 到今天大盤大漲，價格突破通道上軌；MACD開始收縮。 : 高值利，低本益比： : 今年股利26元，本益比10倍上下。 : Q1淡季EPS都有10左右，如果營收持續，今年EPS也會在30~40上下。 : 下週5/12法說會 5/13發布zenfone 8 : 4. 進退場機制： : 本週均價377.5兩張，350停損。
[標的] 宏碁華碩 多,2021-05-17,20.0,空頭市場，什麼題材都要崩 | 內文2357才對 | 刀碩上週接刀的這禮拜都在笑惹嘻嘻 | 宏碁在PChome已經有多款筆電缺貨了 | 現在才想到這個 | 順便推個技嘉 | ru4ru8 | 技嘉都是電競筆電學生還是會優先買雙A | 你看看有沒有要殺?? | 好像可以，小跟2353 | 微星不好嗎？ | 微星營收也很好但是也是以電競筆電為主 | 微星的底越墊越低..不像華碩跟技嘉 | 刀碩也崩。真的接刀了 | 今天宏碁大漲 | 刀碩就是送分題阿 | 今天華碩終於破400元大關21年來最高股價 | 馬後炮告訴你，先前世界封城，筆電狂銷，台灣沒感 | 覺，所以之前未反應 | 今天宏碁大漲8%但是開高走低打回平盤,1. 標的： 宏碁2353多 華碩2357多 2. 分類：多 3. 分析/正文： 學生補習班現在都要遠距 筆電有夠難買 電子股overbooking 影響對遠距概念股 應該不大 加上華碩k線在台股崩跌還這麼硬 故試單 4. 進退場機制： 今低停損 這種盤建議勿開槓桿 謝謝二樓訂正 
[新聞] 全台停課爸媽瘋搶筆電 華碩銷售暴增8倍、,2021-05-18,96.0,"昨天才宣布今天就可以八倍 搞笑喔 | 台灣市場很小 | 網購相關很有機會 | 八倍？平常銷量有多差？ | 家裡都沒電腦嗎？ | 遠距上課 一個小孩就要一台筆電... 真的花錢 | 現代人大部分用手機跟平板吧？ | 一家四口 遠距上班上課 家裡就要四台 | 現在還真的很多家裡只有平板或手機 好多小孩都不 | 愛電腦...真的時代在變 | 不是才兩周 手機撐一下就好了 | 華碩舒服 | 明天歐印華碩 | 第一次看到系統廠發災難財的 | 連續好幾個月有8倍？ | 最大市場美國都解封，台灣現在走半年前美國的路 | 平常賣一台   現在賣8台 | 居然不是嚕嚕發的 就不噓了 | 唬爛啦 8倍 洗洗睡 | 拜託順便買雙愛迪達球鞋 | 我家就有2台桌電 3台筆電 都已經5年以上了還能用 | 平板就可以現在教學了吧 | 小學生趁機組礦機兼炒股炒幣 | 好的宏碁華碩漲停 | 雙A重返榮耀！ | 家裡沒桌機筆電的大概都文組 | 國難財 | 文組記者嬯又再耍白痴了，快趁自己傻白甜趕緊嫁了別 | 每天造謠 | 很多家裡有電腦但在家上班所以還是要買 | 還要辦中華電信網路才有用 | call訊來了 | 問題是現在的筆電越來越薄,有的外接螢幕還要轉接頭 | 有的甚至連區域網孔都不見了 | 雙A超爛 到底是哪些不懂電腦的在買... | 雙A便宜啊，臺灣維修點又多 | 還是有買不起父母不在意的孩子唉 | 希望他們可以捐幾台給低收= = | 才幾天就八倍 過幾個禮拜要八百倍了 | 太唬爛了吧 反應太快了吧笑死 | ......... | 台灣是能有多少台，笑噴 | 在台灣買筆電的都很盤，看看同樣雙A在對岸賣多便宜 | 爽噴，宏碁讚 | 同價位比雙A好是哪牌？最近想買筆電 | 這豪洨的吧！ | 回樓上，msi不錯，但要挑對型號 | HP、MSI可考慮，不排斥共牌的話聯想也有些CP機 | 要挑規格不是挑品牌 | 挑品牌只有考慮售後或抵制考量時才會 | 我就是挑品牌所以比較麻煩 owo | Dell用習慣回不去了 | 主要是看用途，有需要的話歡迎左轉nb-shopping | Dell售後有值得挑的理由啊，價位能接受就好 | 難怪我華碩漲翻 | Dell都全球保 很適合我這種飛來飛去的 | 石頭明天至少半根 | 加上他的外型真的很美 顏質很高的品牌 | 8倍也太扯 平常是賣多差... | 重點在基數啊  平常是賣幾台？ | 石頭坐等大家一起抬轎到426囉 | Dell不錯+1 筆電界的Volvo XD | 還有在家上班的 | 石頭每次要突破整理平台就被賣下來… | Dell比較貴  不然我也想買 | 家長已經示範給你各位看了，明天知道要買誰了吼 | 利多出盡 | 清庫存好棒 | 昨天買了一台，結果24hrs還沒到，QQ | 平板不是也可線上教學？ | 手機 就能視訊好嗎 | 成長率嚇死人,成長數笑死人 | 99寶寶金小英 | 詢問度啦 | https://youtu.be/jLI7qYSIWYs | RTX30的筆電好難買 | dell根本垃圾! | 除了APPLE之外能打的就只有DELL了 光華周遭有認識的 | 去問看看就知道 維修率最低的筆電 | 家裡用過最耐的DELL=TOSHIBA>Mac pro>>MSI>>>>>Else | 補充ASUS=MSI 但家裡那台ASUS是prototype | 我的R930到現在還壞不了 | R830重置win7後還是粉好用 | 下午也買了台ipad，真的開始缺貨 | R700還可以用2011買的 | 家裡有的早就有了，沒有的根本買不起也不會在這波 | 就買 | 八倍是殺小啦，跟誰比，統計範圍在哪，記者敢不敢 | 有點素養== | 現在人本來就很少用桌機、筆電，都嘛用手機、平板， | 要在家工作我都得去買一台筆電了，不意外 | Dell強的不是產品，是強在保固和服務 | 有可能 親戚家3個國中小孩只有一台電腦 | 雙a就是把台灣人當盤子阿 | 華碩筆電散熱超爛 | 要出貨了？",全台停課爸媽瘋搶筆電 華碩銷售暴增8倍、宏碁出到手軟 https://reurl.cc/WEjQ25 20210518 16:45 經濟日報 記者謝艾莉台北即時報導 不少學校改採遠距教學，部分家長帶小朋友到賣場挑選筆電。記者余承翰攝影 因應本土疫情升溫，教育部長潘文忠今（18）日宣布，全國各級學校及公私立幼兒園於19 日至28日停止到校上課，大專和高中以下學校改採線上教學，此消息一出讓有小孩的爸媽 網路上一片哀嚎，有的動作快的已經迅速買好筆電、平板電腦來備戰，雙A筆電瞬間 成搶手貨，華碩（2357）表示在網購通路銷售成長8倍，宏碁（2353）也表示消費市場需 求倍增，量能持續大幅增長 華碩表示，因應疫情升溫，各級學校及公司行號紛紛宣布停課或居家上班，筆電需求量大 增，華碩筆電在網購通路銷售成長8倍。 宏碁也表示，這次疫情開始，消費市場就已經需求倍增，且在雙北周一宣布今（18）日停 課後，量能持續大幅增長，目前還在統計中。 宏碁也表示，除消費性產品外，商用市場需求也大量浮現，我們也同步協助企業客戶緊急 防疫設備支援。宏碁快速因應，持續跟通路和客戶保持聯繫。 據悉，一些動作快的消費者在週日就在線上買好筆電等3C產品，通路端在週日15號就已 感覺訂單明顯飆升，不少消費者雖然家裡有電腦，但是電腦老舊有點問題，不想修啦 趕快買一台新的。多數民眾配合防疫宅在家，雙A宏碁、華碩產品成為協助民眾宅在家 的利器。 心得： 同事當家長的都在幫小孩訂筆電 華碩還不噴起來？ 
Re: [新聞] 全台停課爸媽瘋搶筆電 華碩銷售暴增8倍、,2021-05-18,73.0,"一般人用WinOS習慣了要叫他轉CB會非常抗拒 | 我持保留態度 | 但願意接納的話真的不錯用，推薦 Duet 一台應該10 | k左右？ 還可以讓小孩子下載App玩手遊對眼睛也好 | 還要算上礦工需求 | 但是不知道線上課程等要不要裝一些win App？ | 通常這些再GooglePlay都有 應該是還好 | 像Google AMZN ZOOM 的平台都有網頁版 | 不是學生不熟XD 話說Chromebox也不錯用 | 3015殖利率7% 參考看看 | 我的意思是除了原 po你說的以外，再加上礦工需要的 | 電腦零組件的相關產業 | 顯卡溢價有夠誇張 | 喔那是 硬體產業多重利多 | 哇是版主自己難得發言Chrome就是宏碁的強項 | 雙A在平價(低階)筆電本來就是強項 | 我自己不用雙A但我之前操作宏碁 我都用DELL | DELL最近10年已經幾乎要退出台灣市場只剩公司行號會 | 用 | Dell就主要賺公司行號吧 | 買過華碩NB用得很失望，今天買了一台hp | 不是 lulu你要我分析 最近震盪這麼大怎分析阿 | 一堆基本面比Acer好的被殺成白癡 已經完全失真惹 | 當然我還是很信這家公司的 | @GSWA D牌H牌贏在 良率/好看的外觀/售後服務 | 這次換電腦也會考慮 elitebook | acer的筆電用過都失望，較便宜但故障率高 | 現在我會再多付一點買華碩 | 更別說低階筆電有部份被平板吃掉市場 | Chromebook選擇很少啊，不過我是家長也是丟這種給 | 小孩，專機專用 | 現在手機 不是就能視訊了 | 我是家長就丟IPAD給小孩了... | 2萬以下的筆電用起來會火大 | ipad很多課程軟體不太支援 | umeeting就沒有ipad版的，是手機版硬轉過來的 | 你唬我啊，一堆電腦用五年的，瘋搶？平行時空嗎？ | 我是不信啦 | 尤其是很多webapp未必會支援mobile browser | 所以我還是認為這種低階電腦不會被平板吃掉 | 想太多，chromebook根本沒差，那幹嘛不用平板就好。 | 買acer 用了n年還很好用^_^ | 最近補線上英文 要求我們要用webcam，居然賣光光 | webcam概念股或許可以買 | 窩的 swift5 還算耐用 | 筆電要壞，蠻常是外力因素的，摔壞或飲料 | 筆電會壞不是自己加裝液態金屬嗎？ | 手機視訊上課一兩節還可以，久了會累 | 我是一個上網課超過一年的人 相信我 別用手機平板 | 平板要大螢幕，但那價格不如拿來買文書筆電 | 打作業也比較方便 | 螢幕小看久對眼睛真的很傷 不要以為年輕就可以亂搞 | 不過如果只是給老師看然後不想上沒差拉 | 你說要上課 然後你媽chromebook 給你 | 你還不給她哭爆？傻多說話前先想一下 | 會被父母丟chromebook的年齡層應該不會用PTT | 有那幾間推薦的？廣達？緯創？華碩？還有嗎 | Chromebook可以相容大部分android app啦，還有pl | aystore。更不用擔心不能上網課好不好國外早就已 | 經賣到不行，根本是一年前的新聞了 | 能用android 基本上就是Android平板了，一些輕量 | 遊戲也是可以 | 小孩學校用google classroom 平板就可以了 | chromebook很好用 | 我妹我同事無動於衷到底誰在搶鬼在搶喔 | 剛剛去pc家momo看 確實Chromebook都沒了 但不知道 | 是這波掃空還是原本就賣光 | 推華碩的ROG | 宏碁chromebook賣很好啊 不然宏碁在漲什麼 | 其實筆電真的雙A很夠用CP值也高... | 筆電怎麼可能不會壞?光是電源線接觸不良會想讓人再 | 新買一台,還有觸控故障動彈不得的,螢幕一片漆黑的等 | 等",大家家裡都有電腦 一台電腦可以用好幾年 為何這種筆電利多會一再出現? 台灣總是有些家庭，家裡對電腦的使用是有管制的。 而這些家庭的學生往往都不會有自己的電腦，或者是共用。 那還有一種家庭，家裡是用3C產品為養小孩的課餘時間， 即便是這樣，往往不是用手機就是平板， 在沒有疫情的情況下筆電的需求其實沒有想像的那麼高。 也因為如此，不管是台灣還是國外， 如果今天學校要線上授課，家長會讓小朋友用手機或平板嗎? 如果筆電不算貴，我想家長都會願意小朋友眼睛的健康多買一台筆電。 這個筆電會需要甚麼規格呢? 高級顯卡CPU等運算元件都不是必須。 最主要的的是上網。因為小朋友要上每天八小時的網課。 所以有種類型的筆電叫做 Chromebook 這種筆電的最主要功能就是上網 除此之外的設備 甚至連儲存元件的需求都比常規筆電來的小 如此可以省去其他成本 來壓低本身的價格 反正能上網就好 這也是為甚麼之前國外疫情嚴重時 Chromebook 會有如此利多 Chromebook 就是消耗品 不管是螢幕或是其他模組都比較 cheap 加上上網課or在家上班要長時間運轉，汰換率會比常規筆電來的高 不會壞的產品不是好產品 反正這麼便宜 再買也沒關係啊 所以為甚麼你家一堆筆電用幾年都沒壞 從去年就看到這些新聞 搞得好像比電很不耐用? 除了在台灣之外，會這樣想的各位大概也不是 Chromebook 主要客戶 這些便宜的電腦是給那些要求不高，之前也沒有用電腦的客群 而這次疫情只不過是推波助瀾罷了 所以看到 Chromebook 利多可以自行分析一下 CPU 其實不重要，RAM、HDD、SSD、GPU 需求也不高，所以影響不大 反倒是品牌、組裝廠，機殼、主機板、螢幕、電源供應等 才是比較有相關的產業 : 全台停課爸媽瘋搶筆電 華碩銷售暴增8倍、宏碁出到手軟 : https://reurl.cc/WEjQ25 : 20210518 16:45 經濟日報 記者謝艾莉台北即時報導 : 不少學校改採遠距教學，部分家長帶小朋友到賣場挑選筆電。記者余承翰攝影 : 因應本土疫情升溫，教育部長潘文忠今（18）日宣布，全國各級學校及公私立幼兒園於19 : 日至28日停止到校上課，大專和高中以下學校改採線上教學，此消息一出讓有小孩的爸媽 : 網路上一片哀嚎，有的動作快的已經迅速買好筆電、平板電腦來備戰，雙A筆電瞬間 : 成搶手貨，華碩（2357）表示在網購通路銷售成長8倍，宏碁（2353）也表示消費市場需 : 求倍增，量能持續大幅增長 : 華碩表示，因應疫情升溫，各級學校及公司行號紛紛宣布停課或居家上班，筆電需求量大 : 增，華碩筆電在網購通路銷售成長8倍。 : 宏碁也表示，這次疫情開始，消費市場就已經需求倍增，且在雙北周一宣布今（18）日停 : 課後，量能持續大幅增長，目前還在統計中。 : 宏碁也表示，除消費性產品外，商用市場需求也大量浮現，我們也同步協助企業客戶緊急 : 防疫設備支援。宏碁快速因應，持續跟通路和客戶保持聯繫。 : 據悉，一些動作快的消費者在週日就在線上買好筆電等3C產品，通路端在週日15號就已 : 感覺訂單明顯飆升，不少消費者雖然家裡有電腦，但是電腦老舊有點問題，不想修啦 : 趕快買一台新的。多數民眾配合防疫宅在家，雙A宏碁、華碩產品成為協助民眾宅在家 : 的利器。 : 心得： : 同事當家長的都在幫小孩訂筆電 : 華碩還不噴起來？ \ \ / / <R U Ready?> LOVELYZ 2nd Album 礦工挖礦不會用 Chromebook 挖礦最主要是靠裝置的運算能力
[新聞]《電腦設備》外資反手買 華碩跨過400大關,2021-05-19,41.0,現在不是技嘉 | 齁粉就小眾吼 | 有技嘉擋箭牌 當然噴爆 | 感謝小額抬轎 | 水啦 一堆酸酸 衝衝衝 | 反觀宏碁 | 反正大家都共 那就沒差啦 起飛 | ALL IN 滿倉 | 408惹 | 外資=中共同路人 | 小兒不賣惹 投信一直買 大哥又贏了 | 之前賣的都港系外資 | 宏碁還是那個死魚價 | 乾...石頭等等我阿 | 等426買一股紀念 | 噴太快了  可惜只有一張 | 盤超久，早賣了 | 宏碁表示：怎麼都沒人理我QQ | 這檔就是噴 一直盤一個月 噴 | 這幾天買了一台zenbook就是為了WFH | 要漲停了欸 | 反觀宏碁 再低點 | 宏碁盤了一個早上也被華碩帶起來了 | 有人要進來鎖惹 | 現在華碩股價已經是2000/04以來21年來最高，上次是 | 992353 | 426，這次說上看460 | 微星送分題了吧 | 上檔無壓力 歡迎抬轎 | 殖利率6%、Q1淡季EPS13.2、股價才剛上400，買起乃!! | 絕青才不屑賺 | 共碩有坦了嗎？ | 越共越高 | 376T 歡迎抬轎 | 賣rgb果然暴利 | 技嘉自爆推了一把 | acer真爛 | 220t 感謝抬轎 | 齁粉還在酸 | 217路過 | 就跟你說會酸的本來就不會買,原文標題：《電腦設備》外資反手買 華碩跨過400大關 (請勿刪減原文標題) 原文連結： https://reurl.cc/YWLZoX (請善用縮網址工具) 發布時間：2021/05/19 (請以原文網頁/報紙之發布時間為準) 原文內容：2021年5月19日 週三 上午10:451 分鐘 (閱讀時間) 時報記者任珮云台北報導台股因新冠疫情確診人數增加，股價近期一度跌破半年線； 但個股中的華碩(2357)在本波的修正中顯得相對抗跌，近期股價沿5日線向上，今盤中挑 戰前高成功，跨過400大關。外資也在連續10賣超華碩之後，昨天反手買超，目前持股比 約60.45%。 華碩首季營收1081億元，年增69%，營業利益116億，年增302%，稅後淨利98億，年增 1003%，EPS 13.2元，毛利率22%，營業利益率10.7%。PC需求持續暢旺，產品價值提升彌 補成本波動，毛利率和營業利益率成長至歷年來相對高點；首季數位貨幣價格大漲帶動顯 示卡的售價和毛利增長。 華碩今年首季電競PC佔整體營收大於40%，且逐年上升，主要是仰賴其業界最完整的產品 線。展望2Q，華碩預估PC年增難20~30%，PC需求持續成長，新產品持續推出，但零組件仍 受限。 伴隨疫情升高，全台灣迎來規模最大遠距學習需要，華碩亦宣布捐百台再生筆電，助弱勢 生防疫居家學習，包括華碩、Google、優派、南一、翰林、微軟等廠商為協助莘莘學子， 也同供豐富線上學習資源。 心得/評論：中國華碩事件對於華碩不痛不癢照樣還是被健忘的台灣人給買爆。 必需填寫滿20字 
[標的] 2357 華碩 市場老師送分題多,2021-05-24,35.0,國外紛紛解封欸 國內用量能彌補嗎 | 566全出??? | 又是這id 提醒新手先a一下別被騙 | 350不買 | 。。。國外都忙著出去玩了 | 市場先生是啥 | 雖然投信連買14天了，但是外資當垃圾倒就不會上 | 另一個A比較有搞頭 | 台灣市佔營收占多少? | 這檔要看外資臉色，外資不停賣就沒有上去的可能 | 外資一直借券 等等被嘎到天上 | 幣災搭解封，我看這檔高點差不多到了吧 | 說宏碁的 有比過跟華碩的線嗎 | 又跌了，你是套多少 | 你會贏 | 華碩看國內市場是不是搞錯了什麼 | 就是比過才確定現在華碩比較弱 | 手機市場怕萎縮 ，筆電也是 ，主要怕明年展望 ，當 | 然去年今年一定賺的不錯且發的好 | 這檔上不去 外資一直倒垃圾 | 這檔大戶是八大行庫跟高收益基金吧，行庫在去年250 | 時超級買 | 還很多股可以選，不需要買刀來自己架在脖子上 | 我400多出了 | 你是不是之前發過一篇一樣的，騙新手？ | 上周買 現買現套.....馬上停損 | 借券賣出，表示未來會有回補嗎？有限制股東會或除 | 權息前要回補嗎？ | 版上扣訊不是426嗎? 價位到了還沒跑啊? XDDD | 開玩笑的。20日開盤10分鐘爆量就跑了 | 390  -2.5 價跌量縮?? | 華碩本季業績續攀高，今年可望大賺5個股本!! God! | 跟了~! | 426一到的時候原本也想出 但還是繼續留XD | 板上應該是沒人成本價比我低,多空理由不充實 者，板規115或44處份 2.進退場機制若非長期投資，請 輸入停損價 ，否則依板規116處份 3.請依格式輸入內容，未依格式者板規112砍文處份。 標題請使用以下格式：股號.市場碼股名分類 (市場碼：TW US HK CN JP KR...) ex [標的] 2330.TW 台積電 長期不停損多 ex [標的] TSLA.US 特斯拉 馬斯克火星多 按ctrly 可刪除 以上內容。 1. 標的： (例 2330.TW 台積電) 2357 2. 分類：多/空/請益/心得 多 市場老師送分題無腦多 3. 分析/正文： 外資連賣 投信連買 依照往例股本不大的最後都是投信勝利 第一季三率三升就賺13.18元 今年營收不管是單月 季 累計yoy或mom營收成長都是very good 我看今年低標就是賺40元以上 股價不到500 完全送分題 遠距教學帶動桌電 筆電 甚至手機銷量 5月營收 與第二季營收成長可期待 4. 進退場機制： (非長期投資者，必須有停損機制。請益免填) 進場 388 兩張 390 三張 退場 停利 500賣兩張 566全出 停損 300 
[新聞] 華碩5月營收續旺 改寫歷年同期新高,2021-06-09,36.0,已… | 主要是顯卡現在沒人要了吧 | (╮⊙▽⊙)<已卵擊石(x | 主力不愛，資金不在，除息行情延後，再等一季看看 | 顯卡還是缺貨啦 | 畢業了可可 | 顯卡沒人要...你去逛一圈線上市場看看... | 上次還真的有到426 XD | 上不去 雖然我還抱著 | RPG刀現在架在誰的脖子上 | 5/12沒撿到可惜 | 什麼時候要抵制，抵制就是買點 | 抱這種股票就是安心 | 外資倒到本益比已經被皮卡超車了 | 越墊越高 可以啦 | 開高就空天天賺零用錢 | 顯卡沒人要玩? 當玩家都不見了嗎? | 最高只能到426 不能在高了 | 股東紀念品會是RGB小刀嗎 | 什麼時候要解套 | 這隻放到明年應該不錯 | 上週我們家買兩台給小孩上課 現貨只剩vivobook | 大家別緊張 我明天發動 | 不要拉太快  還沒買夠 | 月增 | 成本也增加不少吧 | 領薪水繼續買 | 共碩 | 1顯卡沒人要是平行世界吧 你打開PCHOME 原價屋 .. | 不易外宏碁應該也不錯 | 顯卡我這等等黨等半天== | 本來以為會有430億的，缺料真的嚴重 | 今年營收可以破4000億嗎？ | 籌碼很集中 | 今年eps可以破五十吧 | 今年發26 明年感覺可以發到30,原文標題： 華碩5月營收續旺 改寫歷年同期新高 原文連結： https://money.udn.com/money/story/5612/5520839 發布時間： 20210609 15:25 原文內容： 品牌華碩（2357）今（9）日公布 5月集團營收為410億元，年增36%、月增4.8%，再度站上 400億元大關 ，5月品牌營收為386億元，年增高達40%。其5月營收為歷年同期新高。 華碩表示，對營運採積極成長策略，全產品線的需求能見度均佳，將積極與供應鏈夥伴合 作，加速改善供貨擴充不及的情況。 累計華碩前五月集團營收為1963億元，年增高達58.3%，也為歷年同期新高。華碩表示， 主要係本年受惠於後疫情時代下對筆電的需求大幅增加，及本公司執行品牌金三角策略， 推動主要產品市占率增加所致。 心得/評論： 必需填寫滿20字 股價一直在盤，上400就被倒貨... 今天還收在月線下，拜偷主力可以發動一下嗎 
Re: [新聞] 華碩5月營收續旺 改寫歷年同期新高,2021-06-09,8.0,看一下顯卡在華碩的營收佔比在想一下自己在說什麼 | 你484以為石頭主業只有板卡啊 | 你不知道華碩產品組合還可以講這麼多喔 | 你真的懂這檔營收的占比嗎? | 靠杯...看一下營收 | 回去電瞎好嗎 | 說話前有先動腦嗎 | 還在顯卡挖礦...,顯卡三大廠這次新品推出的時候，剛好遇到虛擬貨幣大跌 加上新出版的顯卡有鎖算力，導致現在新出版的顯卡挖礦收益極低 因此礦工不會去搶新版的顯卡，礦工不搶黃牛也不太會去搶 而之前三大廠營收爆表主要原因還是要歸功礦工不計成本的搶顯卡 現在礦工不搶新版的顯卡，自然可以預測未來新版的顯卡市場會逐漸萎縮 畢竟以前舊版的顯卡挖三個半月就回本，剩下都算賺，當然被瘋搶 現在新版的顯卡挖1年恐怕都還沒辦法回本，礦工當然不要 而且現在段市場最怕虛擬貨幣再次崩盤，一旦ETH下滑到1000美左右 礦工的收益會變成負的，屆時會有一大堆二手顯卡從礦廠流出 到那時候二手顯卡打新產品顯卡，三大廠的營收恐怕就不一定漂亮了 2018年礦難時就演過一次，今年市場當然會有相同顧慮 這也就是為什麼，這幾家廠商的股價漲到一定程度就有點上不去 除非下半年虛擬貨幣起死回生，帶動新的礦潮，不然顯卡廠股價要再創新高 恐怕會有一點點難度。 
[新聞]筆電需求暢旺 華碩5月營收寫同期高、宏碁,2021-06-09,19.0,下去 | 已反應 | 我的華碩漲（耶 | 2357真的滿猛的 | 宏碁那死魚價..... | 解封後誰還當宅男 | 被外資一路賣下去 | 明天開高外資繼續倒 | 宏碁根本死魚動不了 | 解封後需求大幅下降，所以電梯向_ | 丸子 | 根本連倒它都懶吧 垃圾股 | 淨利率維持50%，要上千了 | 華碩被外資搞壞了... | 骨材 ： 宏碁等一個月後 | 宏碁 還月減喔 不是一週賣贏一個月 | 蒸的丸子 | 已 | 我的宏碁就在那每天蠕動 上不去下不來,原文標題：筆電需求暢旺 華碩5月營收寫同期高、宏碁創近七年同期新高 (請勿刪減原文標題) 原文連結： https://reurl.cc/7rD9G5 (請善用縮網址工具) 發布時間：2021/06/09 (請以原文網頁/報紙之發布時間為準) 原文內容：筆電大廠華碩 (2357TW)、宏碁 (2353TW) 今(9) 日公告 5 月營收，受惠筆電需求維持 強勁，加上國內疫情升溫刺激筆電搶購潮，雙 A 營運站穩高檔，華碩單月品牌營收 385.82 億元、年增 40.36%，創歷年同期新高，宏碁則達 248.07 億元、年增 22.9%， 為 2015 年來同期新高。 華碩今年以來受惠電競、商用、消費筆電需求暢旺，加上板卡需求大增，推升營運維持高 檔，5 月品牌合併營收達 385.82 億元，月增 5.7%、年增 40.36%；今年前 5 個月品牌 合併營收達 1831.88 億元、年增 66.16%，單月、累計前 5 月營收均創下歷年同期新高 。 華碩預期，第 2 季筆電出貨將季增 510%、年增 2030%，零組件與周邊產品出貨將季減 約 510%，與去年同期相比則將年增 30%，展望未來，筆電能見度已達第 3 季，評估零 組件供給缺口仍有 2530%，但法人預期，華碩第 2 季營收仍將站穩千億元，持平首季達 約 1100 億元。 因應防疫，華碩今也宣布響應國研院國網中心科技抗疫 2.0活動，推出三大免費防疫 方案，包括新創科技抗疫、企業居家辦公急救包、政府及行政法人防疫，提供雲端空間、 AI 資源、高速運算等。 宏碁 5 月營收則達 248.07 億元，月減 0.6%、年增 22.9%，創下近七年同期新高，累積 前 5 月合併營收 1213.14 億元、年增 36.6%，宏碁表示，需求仍大於供給，將持續與供 應鏈合作追料、趕工出貨，而 5 月出貨中，Chromebook 產品營收年增 30.1%、電競產品 營收也年增 15.3%。 另一方面，宏碁旗下建碁 (3046TW) 今也宣布協助電子零件連接器大廠瀚荃 (8103TW) ，在淡水廠辦園區全面導入 AI 人臉辨識門禁解決方案，提升辦公環境人員安全性。 微星 (2377TW) 今日也公布 5 月營收達 156.74 億元，月增 4%、年增 43.2%，同創下 歷年同期新高，累計今年前 5 個月營收達 787.57 億元、年增 57.3%。 心得/評論：華碩宏碁一如預期5月營收年成長都雙位數成長，但是受到缺料影響宏碁5 月營收月減0.6%。 必需填寫滿20字 
[新聞]華碩跨界攜手台酒推電競泡麵今上市，與宏,2021-06-17,134.0,"泡麵發光嗎? | 任何東西+上電競兩個字就可以賣超貴== | 樓下說說電競面板值多少 | 有網咖概念股嗎 | 泡麵不會發光怎麼叫電競泡麵 | 這到底沙小 食品股？ | 灌個電競的名字就可以加價賣了 | 沒抽獎送隻ROG手機 | 下一個 電競保險套 | 網咖鍋燒麵才是真電競麵，這什麼鬼 | 電競珍奶啦 | 泡麵.... | 以後要不要電競礦泉水 | 有散熱功能嗎 | 筆電拿來蓋泡麵嗎？？ | 以前喝過AHQ開的潮飲飲料 太甜= = | 泡麵碗會根據溫度跟內容物的量來決定怎樣發光 | 基本面+泡麵都有了，還不噴爆 | 可以跟呆灣的電競選手合作 退役後去煮泡麵 | 統一肉骨茶麵才是真正的電競泡麵好嗎 | 沒附刀? | 電競泡麵是啥毀啦…… | 怎麼不跨界跟金門菜刀聯名 剛好都是中國製 | 各位可以找找看圖，能把泡麵包裝設計得讓人食慾全無 | 也是一種才能 | 刀削麵 | 殺他中路泡麵? | 吃LED條? | ？？？ 和一般泡麵差在哪 | 會換色發光才要買喔 | 以為是愚人節新聞 | RGB麵條 | 色素加好加滿 | 基本面不如一碗泡麵 很懂 | LED泡麵 | 會比較好吃嗎 | https://i.imgur.com/t7STIoj.jpg | 會附刀片拉 (誤 XD | 共碩很有創意哦 | 肉骨茶要網咖限定，而且要有蛋 | 泡麵有RGB? | 一看就知道是上級長官自以為潮 搞出來DER行銷 XD | RGB泡麵OP | 發光泡麵？打開有沒有信仰眼啊 | 吃了手速會變快嗎 | 現在還有網咖？網卡的比較好吃 | 可年啊 如果推holo泡麵還不賣爆 | 有送金門菜刀嗎 | = = ... 正事不幹 | 出holo泡麵可以只放調味粉 不用放油包 成本控管 | ACER做能量飲就夠垃圾了,華碩連垃圾第一名都要爭 | 笑死 | 什麼北七企劃 | 水冷嗎 | 是打翻泡麵不會壞的主機嗎？ | 噴爆 | 泡麵也要做RGB喔 | 裡面一定很多led | 泡麵也能電競? | 用筆電蓋泡麵？ | 找張董代言才會紅 | 宅經濟 可惜沒幾件網咖給你置入了 | 頭殼壞掉？ | 要加半熟蛋、貢丸、半糖奶茶才對味 | 希望能附贈 小編架在老總脖子上聯名款 | 宏碁 股X概念股 | 會發三種光的泡麵 | 七進七出廁所？ | 加半熟蛋+1 以卵擊麵概念股 | 有低胸8+9妹幫煮嗎 | ARGB泡麵 | 死魚多久了? 這什麼...什麼本益比啊啊啊啊啊啊~ | 滿幽默的XD | 沒雞排飲料啊 通通都來聯名 | 會跟鍵盤同步發光嗎 | 華碩壞了嗎 | 刀 | 電競泡麵？ | 泡麵是刀削麵嗎? | 怎麼不出一個玩家吃麵的狗碗 ARGB碗外碗內都發光 再 | 搭上ASUS 的Aura Sync 燈光要跟主機板同步 | 小當家都為之驚嘆 | 有泡麵沒有玩家專用碗太可惜了 | 宅到廢 | 跟統一蔥燒合作不好嗎 | 250看了快半年 就噴了 | 賺翻了 | 台酒推 | 電競筆電上面有擺泡麵的凹槽 自動加熱   真香 | 附刀片笑死 | 所以差在哪裡？有好心人踩雷嗎？ | 台灣人的創意真的是爛到掉渣..... | 我比較喜歡油有一點的，peko | 台灣企業可憐啊 | 幹你涼，我沒看懂 | 泡麵有烙上ROG字樣嗎 | 可以餵筆電吃嗎 | 到底誰會去買電競泡麵... | 刀削麵？ | 電競價值 | 這東西未來我能想像會出現在大禮包裡面 | 買板卡送泡麵 | 裡面加了LED嗎 | http://i.imgur.com/s2RBcLs.gif | 可惡.居然是搭配台酒泡麵.會想喊「真香」 | 還以為刀削麵。 | 我根本也買不到花雕雞,到處都被搶空 | 參在一起做電競泡麵啊 笨蛋 | 準備吃螢光色素? | 會發光買，沒rgb我不買喔 | 有附刀嗎? | 有無RBG泡麵碗? | 賣刀子不是更好？ | 電競佛珠呢? | ROG信仰泡麵 耐力+10 力量+10 敏捷+10 智力+100 | 什麼時候出電競保險套？ | 這公司股票還能買嗎 | ROG菜刀好像蠻不錯的 邊切邊發光 | 幹說好不提面板...... | cpu散熱拿來熱泡麵? | 包裝不會發光可以送修嗎 | 垃圾共碩 | 吃了手速+20% | 泡麵吃下去可以24小時不睡覺打電競 | 華碩滾吧 | 刀削麵呢 | Owow 抽看看 | 阿？這也行？ | 換個封面加價賣？ | 裡面蛋嗎？ | 打輸會被脖子架刀 | 網咖應該熱銷 可是碰到疫情 | 華碩超讚啊 | 泡起來會發出彩虹光的面",原文標題：華碩跨界攜手台酒推電競泡麵今上市，與宏碁能量飲別苗頭 (請勿刪減原文標題) 原文連結： https://reurl.cc/VE8Ye6 (請善用縮網址工具) 發布時間：2021/06/15 (請以原文網頁/報紙之發布時間為準) 原文內容：財訊快報記者王宜弘報導華碩(2357)旗下電競次品牌ROG玩家共和國宣布，與台灣 菸酒公司打造ROG台酒電競泡麵，首創科技品牌與泡麵大廠合作先例，週二(15日) 起正式進駐國內4大超商、超市以及各大量販店，總計超過2萬家的通路，拓展業績。 有 別於競爭對手宏碁(2353)以打造生活風格品牌為名，自行跨入飲品市場，鎖定電競族群切 入的舉措，華碩這次則以異業結合的方式，搶進電競玩家族群的食品商機，互別苗頭。 華碩ROG玩家共和國指出，與台灣菸酒公司合作推出的ROGx台酒電競泡麵，是以ROG旗 下的人氣角色包括審判槍神Horsem4n、冷豔忍者Se7en、電馭武士Akira，結合Cyberpunk 風格，為最暢銷的花雕雞麵、麻油雞麵、花雕酸菜牛肉麵注入熱血電競魂。 ROG慣以跨界合作的方式拓展市場，曾攜手世界滑板高手Nyjah Huston、挪威天才電音DJ Alan Walker、台灣知名新銳插畫家推出產品，也曾與豪車品牌BMW合作設計筆電，這次則 是首度跨入食品市場，標榜在玩家征戰遊戲之際也能即時補充體力、消滅飢餓。 ROG表示，ROG台酒電競泡麵即是將遊戲中的補包實體化，令玩家在3分鐘內 滿血復活，再加上高效能的ROG電競筆電，讓玩家隨時馳騁戰場。而台灣菸酒公司為台 灣最具指標性品牌，泡麵深受消費者喜愛，花雕雞麵熱銷更居全台之冠、廣受好評。 心得/評論：華碩學宏碁開始不務正業賣起電競泡麵，不知道之後會再賣那些電競產品? 必需填寫滿20字 
[情報] 華碩微星技嘉公布配息基準日,2021-07-03,69.0,"99技嘉 | 華碩年初到現在也漲了50%，但目前就止步50%了 | 華碩從年初280漲到現在371叫牛皮股，我是不是誤會了 | 什麼？ | 現在沒漲10倍的就是牛皮了 | 微星的線最差吧 | 99技嘉 | 華擎已經除8元了 | 被中共抄了之後就不行了。 | 微星套在190已經放棄治療了... | 很久沒買高殖利率的了 | 年初？  你怎不說3個月了他還在370... | 華碩宏碁就前陣子遠距教學筆電需求激增炒起來的 | 炒啥？ 他股價幾乎沒動耶...數字遮起來還以為是中華 | 技嘉最近都守在106-107感覺倒不太下去 | 前年為了領華碩股利套半年...去年不敢買直接噴飛 | 沒動嗎?前陣子不是到400?我還是看股板討論才知道的 | 救救技嘉 | 99技嘉 | 不要9 微星 低點我在買 | 微星線型真的爛，我都進場空惹QQ | 微星昨天還破前低 有夠無言... | 嘎啦嘎啦 | 華碩上個月有420 | 可以先看六月營收看看風向 | 祈禱比特幣不要又突然往下趴 | 提醒一下,微星技嘉 比特幣概念股 顯卡大賣就挖礦潮 | 石頭本來就很牛皮啊 幾乎是電子最後一棒 | 這三家基本面看一下，都還行 | 華碩牛到認賠，大盤漲它不漲，大盤跌它跟跌，外資一 | 直賣 | 大陸看知乎那邊顯卡平均價格大概都只降5-10趴（還是 | 溢價一堆 | 5-6月的降幅，還有部分都在5趴內 | 華擎真的蠻屌的 | 都還行 但法人就是不來抬 就是躺 | 技嘉配了會貼息吧 | 微星技嘉線差不多差，法人一樣賣 | 微星看週K的MACD做就對惹 很好做的一支 | 華碩殖利率滿誘人... | 而且明年可能會配更高... | 主機板上面套一堆人還沒停損 | 華碩公佈配息後都噴兩天 不牛吧 | 技嘉被外資投信狂倒 跟去年差不多 60-80這邊狂倒就 | 是破不了 之後回買就上攻了 | 技嘉的線型真的有夠醜=""= | 99技嘉… | 華碩前幾天小進了一張372， 快點衝啊 | 華碩和碩分家後,只要來到190-210就建倉~現在太高了 | 華碩只有股災到過190吧 | 微星現在比疫情暴發時還低跟本電子垃圾 | 技嘉有夠可憐 | 石頭 最近幾年要再看到300以下機率不大 除息後最多 | 應該是330附近就會打底 | 華擎在第一季季報公開前也是很牛皮 | 石頭上次400出現2天而已，很希望在400以上停利，唉 | ，不想參與除息 | 左岸就抵制G排阿 | 有消息是技嘉會殺到80 | 樓上 是哪裡的消息..？ | 微星買在126 真是爛股 對比上個月獲利直接腰斬 | 技嘉殺到80 | 大概台股也跟著一起下去了 | G+ 殺到80 那今年本益比 大概只有5-6倍 | 技嘉今年都估至少16 殺到80到底是什麼概念 110已經 | 夠慘了 | 99 技嘉 越買越便宜 | 技嘉完全被放生，可憐哪 | 一個多月後果然殺到8x了 ^^",最近被虛擬貨幣連番利空襲擊的板卡三雄終於公布了配息基準日 2357 華碩 110/08/02 現金股利 26 元 拱石的股價這幾日有止跌跡象 雖然殖利率高、本益比相當低，但這支從以前就是牛皮股所以漲不太上去 2376 技嘉 110/07/08 現金股利 5 元 G排的技術線看起來不太好，下禮拜就要除息了殖利率卻快升到 5% 惹 2377 微星 110/08/23 現金股利 6.1 元 七星的線跟G排長得幾乎一模一樣 但這支是三雄裡面股性最活潑、殖利率也最低的一檔 隔壁的華擎股價還撐在 190 附近，碩家軍都比較抗跌？ 
[情報]華碩6月營收 479.46億元,2021-07-09,43.0,刀不利 | 已反映 | 反觀長榮 | 店找良家婦女一樣可笑。 | 委屈了 | 居家上班上課賣了很多筆電吧 | 本益比沒破百不要跟我說會噴 | 看看人家景碩 | 成本193抱第三年囉 | 發26塊股價才這樣........ | 錯過拿刀架小編那波 一漲就不回頭了 | 成本372殘念，不漲就是不漲 | 實在不認為2022，筆電需求會退回疫情以前 | 這還不噴?? | 今天還往下一根 CC | 華碩營收跟鬼一樣 | 外資：2年後沒人用電腦，下去 | https://i.imgur.com/RZTyMxO.jpg | 歷年殖利率真優 | 外資看台股已經不準2年了，都不會沒工作的，爽缺， | 會買基金給這些人操作，更慘 | 陽長委屈 | 沒有大人要拉啊 | 板卡早棄守半個月~從大陸封殺比特幣開始 | 石頭沒人要買真的奇怪 | 股價真的偏低，390左右賣掉一半，還是不懂為啥漲不 | 回去，有點想買回了。 | 不是沒人買，是外資硬是借券賣賣下去 | 籌碼很差，有耐心和外資空單耗再買 | 繼續賣阿 我繼續撿 現在殖利率也有7% | 上個月6/9公布營收後 就一路緩跌... | 根本鬼神營收，電腦族群就被當垃圾 | 看了這麼久 真的是外資提款機 一直借券倒貨 基本面 | 在好 一樣被壓低 | 爛的才噴 營收好的被提款 例如面板 航運 | 猛喔 不過這支真的反應很慢 都噴一小段就又縮回去 | 紅雞也被小兒當垃圾倒 | 南電扯爆 | 反觀宏碁 | 越好越崩 | 真的扯，要上500了 | 覺得會利多不漲 | 今天漲多又拉回....-...-,1. 標題：華碩電腦股份有限公司 2. 來源：公開資訊觀測站 3. 網址： https://reurl.cc/4alEmV 單位:新台幣仟元 110年6月營收 47945921 110年5月 40995436 去年同期營收 39365234 月營收成長率 21.80 % 本年累計營收 244242053 去年同期累計 163029459 累計營收成長率 49.81 % 備註:今年股息26元 搭配相關新聞 https://reurl.cc/Gma7MG 今年單月新高 不知不覺南電股價都超越華碩了 你還抱著嗎？ 
[請益] 關於華碩,2021-07-16,49.0,"不會用標的嗎 | 已反應 | 架刀挾持 | 股性爛 | 低調  還在等330~350吃貨 | 宏碁更爛 | 看未來 筆電就是不行了 各國已解封 | 爛透 可能除完變340-350 | 扁平化的好公司  小編意見可以直達天聽 | 有西哥 好安心 | 股性真的很差，讓我資金套了一個多月，拿去隨便買其 | 他的都賺，投機不著拾把米 | 你看仁寶 英業達 緯創 股價跌的跟屎 除權息前就在跌 | 你看技嘉 微星 有比較好嗎？ | 就已反應吧，股價是看未來 | 因為外資不看好啊，理由是筆電隨疫情趨緩會越賣越差 | 。 | 但華碩真的是nb族群本益比殖利率偏低的， | 前景未明 ，除息後更難測 | 本益比偏低，殖利率偏高。 | 外資一路賣掉10%持股了。 | 殖利率很高吧...好歹也是0056成分股 | 現價374，配26後成本348，明天再發一次成本322後年? | 時機未到 | 回到配14～17的話，殖利率只剩5%左右，不如之後再買 | 有台積跌勢猛嗎 | 沒有興趣，對它的股票與電腦都沒興趣！ | 架刀事件後就當沒這家公司 | 沒辦法跟內需市場大到誇張的品牌比了。中國人現在 | 都愛用中國品牌了 | 支那狗吃屎 | 高點到了阿 | 你沒拿刀架在老總脖子上誰理你 | 早就噴完了...你也太lag了吧 | 遇到中國直接跪舔的爛公司 買它幹嘛 | 等除息後買嗎？ | 熱錢沒空 | 有賺錢的年度 填息滿快的 | 因為有刀架在脖子上 | 電腦股就市場棄嬰 | 今年電腦 除息完 可以參考躺平的 仁寶 英業達 | 當天給你除兩次 | 因為你還在車上啊 | 外資看壞2022的筆電需求，買這隻要漲，得看年底 | Window 11還有筆電是不是真的衰退 | 昨天才在看，請低調 | 它之前就噴了,疫情快解封也差不多了。 | 技嘉買在122,已停損了啦 | 請問華碩算不算中概股",8月2日除息， 每股配息26元， 今年第一季獲利13元以上， 第二季獲利尚未公佈，但4~6月的營收比第一季強， 按道理第二季獲也會13元以上。 但股價卻沒有噴上去。 有人知道原因嗎？ 
Re: [請益] 關於華碩,2021-07-16,5.0,什麼時後回補 | XD!拿刀架應該比嘎爆外資簡單 | 跟去年宏碁一模一樣，會噴的 | 借卷賣出我記得好像沒有強制回補的時間 | 外資持股也一口氣降了10%看起來還沒有要停的意思,外資大戶持股佔一半以上 每日成交量太少 外資借券賣出常常佔近一半 你各位都去買船票了 這檔主力隨便控盤 劇本就是 股價上去就量被打下來 借券賣出餘額26000多張 嗯...嘎爆外資就噴了o_o : 8月2日除息， : 每股配息26元， : 今年第一季獲利13元以上， : 第二季獲利尚未公佈，但4~6月的營收比第一季強， : 按道理第二季獲也會13元以上。 : 但股價卻沒有噴上去。 : 有人知道原因嗎？
[標的] 2357 華碩 抄底多,2021-07-23,46.0,"我好懷念400的支碩 | 其實跟海運一樣，今年EPS40明年呢~? | 華碩今天怎麼了 , 被狙擊 ? | 市場都不太看好筆電等電子產品明年的銷售狀況 | 中概股 | 只記得被刀架在脖子的事件！今年應該有機會換掉一點 | 除息完再買比較保險 | 辦公室裡的華碩電腦！ | 跟海運哪裡一樣？海運是幾十年才一次的景氣循環股 | 華碩在跌什麼意思的=.=? | 99 華碩 | 閉著眼睛買放到年底概念股 | 解封後還需要買電腦3C?呵呵 | 跌破200加碼進場 | 上看450，大家不看好就是最佳買點! | 我也今天進 除完再進一批 | 跌小摩降評啊 | 久逃真的不行了嗚嗚 我還有一張.... | 他的小弟華擎也一樣慘 | 華碩走勢跟去年崩盤前好像 | 低點爆大量！ | 感覺填息路困難 | 周線圖形很不妙..感覺高檔作頭  均線下彎 | 宏碁今天都還漲的勒，借券放空太多，籌碼戰 | 外資太賤 買不回來 就一直借券放空 | 華碩不是高殖利率股?現金發法率也高 | 明年發今年的股利應該也崩不到哪去吧? | 一直賣 哭啊 | 超慘 | 推一個 最近慢慢在布局 基本面好到不行 又敢配 也 | 填的回來 說疫情後誰還會買電腦的人 廠廠… 這隻做 | 中長線沒有輸的理由 | 借券佔股本3.5％ 可以要華碩增資把他們嘎回來嗎XD | 分批接刀 99支碩QQ | 目標價550 600 | 現在不是都說看EPS不準？ | 除息完考慮 電腦設備今年除息完都很慘 | t大成本200，我260... | 280還沒賣完 ，下週除息的樣子 | 認同未來發展不差 但價格也許可以等到更甜的 分批進 | 場 | 華碩剛開獎的時候就要進了 | 被套死 等除息放長期了 | 高得太扯 | 400根本只有一天吧 | 台積聯詠聯發科華碩權值各種狙擊～",1. 標的：2357 華碩 2. 分類：多 3. 分析/正文： 外資昨天降評、目標價380，維持中立 今早開盤爆量下跌，來到近四個月最低點，也是三月初的起漲點 6月營收創歷史新高，H1的EPS保守有27以上 筆電、虛擬貨幣、毛利下滑，反應差不多了。 Q3、Q4是華碩傳統旺季，營收即使只有前兩季一半 整年EPS也能達到40以上 目前殖利率7.2% 本益比7.5 淨值291 昨天借券賣出餘額來到最高兩萬七千多張，回補機會大 4. 進退場機制： (非長期投資者，必須有停損機制。請益免填) 358買進一張，參加除息，低於340在攤一張。 除息後目標價365停利，315停損。 
Re: [標的] 2357 華碩 抄底多,2021-07-23,21.0,外資這樣砍真的蠻奇怪的 | 今年跟明年配一配應該有50＋ 抱緊就對了 | 搞不懂外資，比幼稚園操作還爛，去年就全面看空電 | 子，結果都賣在起漲點 | 外資在繼續借券賣到殖利率有10% | 好像下禮拜回補欸？！ | 股東會融券回補，借券不用回補 | 認真給推 | 這大摩笑死。上次降聯詠414 結果自己偷吃貨也是沒再 | 低過470 然後520之間抽插。能信嗎？尾盤還接300多張 | 。報告看看就好。要賭也可以。 | 相同想法，但市場永遠是對的，有點不知該怎麼操作， | 原來390大量不漲賣光，380買回被套，獲利吐了蠻多回 | 去。 | 這檔光就算跟同族群相比，本益比和殖利率來看都覺得 | 受委屈。 | EPS今年非常有可能有50  現在跌一跌放到明年公佈股 | 息後應該會噴回來 | 股板壞人多，之前一堆人喊目標價426，害我傻傻觸價 | 賣光光。今天開始撿回來。 | 破千？？？,: 1. 標的：2357 華碩 : 2. 分類：多 : 3. 分析/正文： : 外資昨天降評、目標價380，維持中立 : 今早開盤爆量下跌，來到近四個月最低點，也是三月初的起漲點 : 6月營收創歷史新高，H1的EPS保守有27以上 : 筆電、虛擬貨幣、毛利下滑，反應差不多了。 : Q3、Q4是華碩傳統旺季，營收即使只有前兩季一半 : 整年EPS也能達到40以上 : 目前殖利率7.2% 本益比7.5 淨值291 : 昨天借券賣出餘額來到最高兩萬七千多張，回補機會大 : 4. 進退場機制：(非長期投資者，必須有停損機制。請益免填) : 358買進一張，參加除息，低於340在攤一張。 : 除息後目標價365停利，315停損。 股價是反映市場對未來的共識，前提是對未來假設是準確的 當初華為事件，市場共識也是假設如果云云，聯發科會很慘 去年從700多砍到500多，結果現在喊到破千了... 說明對未來的假設，要有現在明確的有力基礎作根基 不是老是那邊如果A發生、B發生，公司營收毛利可能會受影響 這跟預言家沒啥發別，看外資降評理由不外乎： 1.如果各國陸續解封，PC出貨可能下滑 現在全球每日確診數並未有明顯下滑，變種病毒慢慢普及 有些城市確實開始解封，但解封後群聚酒吧、社交場合 也可能醞釀下一波爆發，年底推出的win11有望刺激汰換潮 另隨著各巨頭都開始大筆投資遊戲發展，說明遊戲是近年一大重點 華碩在電競電腦跟前幾大廠比是有性價優勢的，也將隨著趨勢慢慢發酵 2.如果加密貨幣被持續打壓監管，可能影響顯卡出貨毛利 加密貨幣市場已確立，系統內可能有波動，但總量需求擺在那 要像一家公司快速走向衰退不容易，何況背後有強大的勢力在撐腰 3.如果芯片持續缺，物料上漲，可能影響毛利 這話題已經炒很久了，但華碩營成長毛利依然亮眼 說明其產品受影響不大，事實上部分國外文章也認為 終端消費性PC受這方面影響相對小 總之，外資的降評理由喜歡寫得含糊不清、似是而非 講白了，散戶不用付錢就能看的降評報告，你外資是做慈善的嗎？ 砍價是一回事，降評報告要不要跟它認真又是一回事 
[請益] 主機板 類股 怎麼只有華碩沒漲,2021-07-26,33.0,華碩是26開頭?? | 配息配太多 | 石頭老早就反應了，你lag多久了？ | 越爛越噴 不限電子/航運 越好越倒 不要懷疑 | 貼息@@好懷念400的華碩 | 華擎有漲啊 要玩主機板不如直接買華擎 | 是另外幾隻跌太慘吧 | 跟海運一樣啊 就好這麼一年 上面誰幫你抬轎 | 調降目標價 | 棄息吧？ | 筆電終端需求放緩啊 你要買主機板就買營收比例高的 | 你看基本面的話 就可以慢慢布局了吧 | 不然等漲到4.500 再來問為啥華碩都不會漲 | 因為借券放空比例高啊，連宏碁都漲了 | 總不能讓外資自己嘎自己空單吧 | 你看看這檔外資的借券 每天幾天張在賣的 | 共碩下去 | 快配息 | 太便宜還不買 | 業務太多了 雞排小星星板卡比重較高 | 還是反應虛擬幣反彈吧  共碩還是洗洗睡 | 技嘉微星大跌時，華碩沒什麼跌阿 | 今天是反應亞馬遜宣布年內接受比特幣結帳吧 | 華碩和這一直沒太大連動關係 | 共碩快滾去對岸好好舔好嗎 | 接下來一定衰退的 已反應 | 筆電會買的這一年都買完了...下波大換機要2-3年？ | 410追 390停損 tmd爛股 | 要買除息後再買吧 | 爛死XD 套牢中 | 外資當垃圾一年了 | 就是被外資狙擊啊，空單這麼多，也不清楚外資看空1 | 年了，業績卻是越好。,主機板類股 https://tinyurl.com/yhdy6vuw 今天主機板類股滿強的 映泰 漲停 連跟中國有關的技嘉都大漲 但華碩卻收平 華碩基本上整年 EPS 上看 50 354的股價 真的太便宜了 股利 26元 怎麼看都是績優股 但外資怎麼一直倒 ? 華碩現在 RSI6 低到 14.6 已經到了超賣區了 一般低於20就可以進場抄底 (除非鈍化)
[情報] 華碩7月營收 375億,2021-08-09,61.0,"比阿榮還爛= = | 比長榮爛！下去 | 好爛 | 雙A下去 AAAAA | 月減有夠多 真的掰惹 | 跪安吧 | https://i.imgur.com/6PIMYBe.jpg | 超級月減 | .空爆 | 比長榮爛 笑死 | 長榮委屈了 | 真的爛...航運是不是太委屈了 | 有夠爛，明天噴定了 | 月減兩成？不空對不起自己 | 爛死 明天開盤漲停 | 不只是營收比2603爛，毛利也沒有2603高!? 對吧 !? | 華下榮上 | 減了100億 | NB下去躺2年啦 | 我真怕電子業會不會Q3每個都在演缺料月減 | 看來下半年缺料問題很嚴重 | 爛成這樣 要大爆噴了 | 我最近想買華碩筆電 居然缺貨得排隊才有!! | 2021 年了, 還會有缺料的事情喔? | 長榮表示............... | 到時候小騙拿刀架在慘戶脖子上逼泥下單買起來 不 | 要不信 | 明天空 | 龍哥說接下來電子股的有的沒的利空會浮現 看樣子是 | 真的 | 不是需求減少 是缺料.... | 華碩每季第一個月都是營收低點，最後一個月則最高 | PC已滅 | 明天噴 | 小心啊！中國在嚴打手網遊 | 愈爛愈漲 | 月減 夠爛噴y | 法會 | 欺負我的好狐，給我下去吧 | 利空加推文，想買了 | 現在應該是旺季吧怎麼反而月減了 缺料這麼嚴重喔 | 謝謝,爆買 | 越爛越噴，但是不夠爛，下去 | 已反應 | 比航運少 慘 | 明天崩崩 | 股價先跑了...往下跑... | 韭菜的刀架在老闆脖子上有救嗎 | 賣電腦賣輸做貨運的 | 沒事 越爛越噴 小編快點拿刀架在主力脖子上 | 掰 | 這營收被自己的刀砍了是不是 | 上次缺料的手機叫做宏達電 | 看到現在好像沒有一家七月營收贏長榮耶 | 救命啊 | 缺料是不是？海運空運等你 | 一堆水手拿長榮比 沒一個敢進場的 | 丸子 妳會懷念300以上的華碩 | 載東西都比刀碩強 | 缺的料還在海上飄啊 | 啊說長榮委屈的是到底敢不敢買 笑死",1. 標題：華碩電腦股份有限公司 2. 來源：公開資訊觀測站 3. 網址： https://reurl.cc/0jqVv9 4. 內文： 單位：新台幣仟元 110 年7月營收 37573755 (1.16%) 109 年7月營收 37141186 110年6月營收 47945921 本年累計營收 281815184 (40.79%) 去年同期營收 200170646 備註：8/11法說會，向428T學長敬禮 跟著外資一起賣，財富總是來的如此意外 大概是0.8個長榮 股價下看142 X 0.8?
[新聞] 缺料衝擊　華碩7月營收月減2成、宏碁也,2021-08-09,24.0,網購上一堆筆電缺貨缺超久都沒補 | 阿不是說Chromebook會衰退，可憐義隆 | 龍哥說什麼 要複習一下嗎 | 果然股價先反應 | 筆電大熱  品牌和中高階款拉升吃掉Chromebook佔比 | 歐美國家都出門玩了～誰還在買筆電 | 龍的意志 | 講的好像筆電1個月要換一次... | 業內都知道缺料啦 | 電子下半年開始崩 | 缺料到業績崩盤  6月不缺料？ | 龍哥今年都不買iPhone了 墊子崩 | 我asus筆電10年沒換了啦 | 缺料這理由真好用 | 上次喊缺料的手機叫宏達電 | 年增的話，為什麼大戶不斷出貨 | 開學股 | 笑死 還用缺料當理由 電子準備下去了 | 缺個屁 | 不是說宏碁換管理人 備料沒問題 | 宏碁爛透.... | 真的爛 好消息不漲 壞消息就跌 是在啥小 | 推文怨念超深 | 快到停損了 :(,原文標題：缺料衝擊 華碩7月營收月減2成、 宏碁也掉1成 原文來源：蘋果日報 原文連結： https://reurl.cc/eEKvmx 原文時間：11008091850 原文內容： PC大廠宏碁（2353）及華碩（2357）今公佈7月 營收，儘管筆電需求持續強勁， 但受限料況不 佳，使營運成長動能減緩 ；宏碁7月營收 261.2 億元，仍創8年同期單月新高，華碩品牌營收則 雙減至343.89億元。 宏碁 表示，第3季以強勁動能展開，7月份單月 合併營收為261.02億元，月減13%、年增12.3% ，仍寫下8年來同期新高。 累積前7月合併營收 為1774.35億元，年增28.9%。 宏碁指出，整體來說需求仍大於供給，7月份營 運表現亮點包括：筆電營收年增18.7%，電競產 品營收年增20.9%，Chromebook營收年增 37.9% ，伺服器產品營收年增61.4% 宏碁建立多重事業引擎的策略持續發酵，其上 市、上櫃、興櫃子公司艦隊已分別公告 7月份 營收，整體成長20.4%。 華碩7月集團營收為376億元，月減21.6%、年增1 .2%，7月品牌營收為344億元，月減23.8%、年減 0.7% 。華碩表示，市場需求面強勁，但部分零件 缺料致7月供貨出現瓶頸。 華碩將於8月11日下午 舉辦線上法人說明會 ，說明第2季營運結果及第3 季營運展望。（吳國仲台北報導） 心得： 宏碁、華碩的股價真是天差地別，宏碁加把勁好 嗎？感覺產品的能見度在市場遠遠不如華碩。 
Re: [標的] 2357 華碩 抄底多,2021-08-11,42.0,"這借券真的是被空爛 | 賺爆居然沒人貼新聞 可見大家多不關注這支 | 你停損價我會加碼 另外停利價太低 | 筆電股都躺在地上阿 這檔算強了 廣達 寶寶金... | 好懷念400支碩，358領過零用錢陪你 | 波克比又是你 | 最近業績越好跌越兇，看來明天跌停了 | 沒有賺爆吧，現在那家不是這樣？ | 主要是擔心第四季後營業額校正回歸 | 外資借券還一堆 要漲滿難的 | 只要多個1塊錢就一堆人在賣 | 半年eps28 有很多家這樣嗎@@還有哪些啊？ | 跟航運一樣沒救了!PE6-8倍,五月已經達成!! | 筆電股是不是循環股 問一下自己就知道了 | 廣達仁寶也是H1好到不行 | 連跌2個多月惹 | 宏碁H1eps就快跟去年一樣也是暴跌 | 長線持有感覺可以，但最近籌碼感覺很差，一漲就有人 | 來賣。 | 99宏碁 | 沒有人在看eps的吧，那信驊要多少錢？ | 更不用說祥碩兒子，怎麼股價差這麼多？ | 宏碁毛利差華碩9趴本益比還比較高，怪怪的? | 中環只有作二哥會賺~其他都賠錢，給你參考一下 | 看未來 | 邁向5倍PE | 循環 | 這隻很安全啊，今天大盤這樣都能漲，重點是他雖然是 | 今年eps大增沒有錯，但正常年份也是有賺錢，又不是 | 像航運只能賺2年，能夠穩定賺錢的股票pe不可能只有6 | 到8，以長期平均來看他本益比平均是11到12，去年eps | 的35今年12倍的420已經有到達了，如果今年能50，只 | 要大盤不崩盤，相信500以上是輕輕鬆鬆的 | 我好想200以下撿 嗚嗚 | 打錯 是300以下 | 若算過去本益比平均是不是也要算過去eps平均？ | 總不能只挑自己喜歡的數據亂算吧 | 放到明年配30塊以上也蠻爽的 | 航運PE這麼低不敢買說不是電子，華碩總是電子了吧 | 這兩天外資開始大買了 上個月底前還當垃圾在倒 | 某樓是不是空華碩空很大 感覺很怕欸哈哈 | 320陪你",回自己文 今天華碩法說會 本益比6.69 Q2 EPS：15.3 符合Q2預期多一點 毛利21.4% 上半年H1 EPS: 28.5 Q3展望 PC年增預估10% 零組件年增10% 虛擬貨幣的需求下降，顯卡的成長將轉向電競顯卡需求 可惜7月營收年增只有1.16% 如果要達到Q3預期那8、9月營收要有亮點 windows11、電競顯卡、(傢俱、泡麵)會是下半年的關鍵了 展望如果都符合預期，全年EPS應該有機會達到50以上 借券賣出餘額到3萬5千多張 股價一直沒有往下壓 而且從8/2除息那天至今外資就有一直在持續買進 https://imgur.com/NgcK9E4 中環昨天公告取得華碩1034張，均價290(怕.jpg) 仍持有一張 目標價380停利，310停損 : 1. 標的：2357 華碩 : 2. 分類：多 : 3. 分析/正文： : 外資昨天降評、目標價380，維持中立 : 今早開盤爆量下跌，來到近四個月最低點，也是三月初的起漲點 : 6月營收創歷史新高，H1的EPS保守有27以上 : 筆電、虛擬貨幣、毛利下滑，反應差不多了。 : Q3、Q4是華碩傳統旺季，營收即使只有前兩季一半 : 整年EPS也能達到40以上 : 目前殖利率7.2% 本益比7.5 淨值291 : 昨天借券賣出餘額來到最高兩萬七千多張，回補機會大 : 4. 進退場機制：(非長期投資者，必須有停損機制。請益免填) : 358買進一張，參加除息，低於340在攤一張。 : 除息後目標價365停利，315停損。
[標的] 華碩又出新手機了 ROG 5 S,2021-08-13,63.0,"出越多虧越多 | 手機板水桶210天 跑來股板洗文 | 虫合？ | 也是信仰型手機 | 支持國產 | 刀 | 有沒有菜刀款式的新手機？ 我一定買一隻支持小編 | 沒付刀 差評 | 怎麼沒送刀子 | 昨天還在100塊都沒怎麼進入股市 笑死 | 機海 | 華碩的手機很難用 | 有沒有送RGB刀 | 我覺得手機蠻好用的耶 | 刀 | 比架刀時股價漲3倍有了  空用力點 | 賠爆 | 大家都用iphone支持國產芯 | 華碩的手機沒什麼特色還貴 | 沒有錢 然後發標的文 | 我親人在華碩上班阿 不能幫他問喔 | 內容整理一下好嗎 | 多久了還在刀? 老人逆? | 3月才出5，8月又出5S…… | 沒空 | 好像不算利多，一年能賣十萬隻就偷笑了 | 有送RGB刀再來 | 一支一根不要不信 | 小編很兇欸 | 糞機 | ID | 老衲被套在368....995 | 下禮拜三 嘿嘿 | 這真的有人買喔 | 手機用888的核心消費者有看評論都會跳過啊 | 到底是怎麼樣咧 | 看不懂你在寫什麼 沒頭沒尾的 | 我用z8目前感覺還好耶 但我比較少再用手機玩遊戲 | 對岸有14億人口，看能賣出多少吧！我家沒興趣了！ | 有附刀嗎 | 本益比是落後指標了 | S888 災情不斷   不曉得華碩能不能撐住 | 再給你一次機會你還是不會買長榮 因為你沒手機下單 | 可撥仔 | 888真的還好，跟到萬二那波，覺得不虧 | 好久不見的易大師 | S888 哈哈 | 還在888，高通擠牙膏沒對手哈 | 我有買30周年機,送耳機有夠爛,放進充電盒還自己打開 | 跌因 一s888 二中國嚴打網手遊 三小粉紅當ceo | 中國品牌下去 | 這是ROG5和5S掉到水裡 都給你吧 都壞惹 呵呵 | 看到樓上一堆覺青，笑死 | 當初在捧刀碩的不知道現在還吹不吹的出來 看看電蝦 | 最近很紅的那篇文 我還是乖乖買美國爸爸的EVGA | 有架刀嗎 | 我現在手機跟電腦都用華碩，覺得還不錯啊！主要如果 | 不小心泡水，維修還蠻方便的 | 喜歡跑維修出任務就買阿  對這品牌失望 | 真的有人用華碩的手機??? | 回手機版好嗎 | 一直跌當然是讓你超底用的 還不歐印 開手機全評測 | 中國手機",多空理由不充實 者，板規115或44處份 2.進退場機制若非長期投資，請 輸入停損價 ，否則依板規116處份 3.請依格式輸入內容，未依格式者板規112砍文處份。 標題請使用以下格式：股號.市場碼股名分類 (市場碼：TW US HK CN JP KR...) ex [標的] 2330.TW 台積電 長期不停損多 ex [標的] TSLA.US 特斯拉 馬斯克火星多 按ctrly 可刪除 以上內容。 1. 標的： 華碩 (例 2330.TW 台積電) 2. 分類：多/空/請益/心得 請益 3. 分析/正文： 華碩本益比六點多 最近一直跌 是怎麼樣 果然我在手機板說的沒錯 又出新一款手機 ROG 5 S 用的是888 現在是怎麼樣怎麼一直跌 4. 進退場機制： (非長期投資者，必須有停損機制。請益免填) 手機板 早就被商業化買通了 講廠商不中聽的話會被水桶 我向來都支持國產 沒有錢買股票 討論可以吧 我用ROG3 貸款買來的 如果我把貸款來的六萬塊當時投入長榮 現在我也百萬富翁了
Re: [標的] 2357 華碩 抄底多,2021-08-20,78.0,推 | 負責 | 現在石頭是不是在底部？是 | 會不會繼續破？不知道 | 250進場 | 299開始撿 | 太早開始撿了拉 | FJ居然透漏自己的價碼-3- | 也在等300，零骨塔撿 | 救救2377微星 | 大大大優惠 | 準備噴了 | 全年獲利至少40~45+ 歷史位階比技嘉 微星 好太多了 | 這隻真是廢到笑 | 之前看華碩預估全年55元進去買的墳上都長草了，股 | 性不好 | 技嘉微星去年股價衝刺 ASUS還盤在250半年 | https://i.imgur.com/pWkmUop.jpg | 拿刀架著就會漲了 | 基本面不如一碗泡麵 | 若有錢我也想撿...放長線真的沒問題 | 等ASUS 300撿一次 250再撿一次 200 再撿一次 QQ | 300一下慢慢撿 存股領息 | 華碩有支持電競  宅宅會買單的  長多必勝 | 訊號出現  噴起來 | 很難破300 | 拍拍加價1萬5的比電~...買4萬的剩2萬5 | 股價越跌融資越買~根本不會漲 散戶思維撿便宜 | 散戶思維是追高殺低吧 難得大盤修正 給的是進場機會 | ASUS每年正常獲利水準20+ 配息大方 淨值250+ | 華碩現在不是變中國公司嗎  宅宅哪會買單XD | 還好有一張200攤平 最近接了幾張都是刀... | 華碩不用損吧 | 辛苦了 | 這波靠疫情 跟挖礦 上來 營收很難在創新高了 | 支碩的問題就跟acer一樣吧 賣電腦的沒人看好 | fj開釋真的要認真學，日後會發現獲益良多！ | 真的要撿也是2字頭在撿 | 不過如果200的話就真的還不錯 | 200就真的有點超跌 我記得他這幾年都在250附近跑 | 36X-37X那邊盤有夠久 一臉要噴出樣子 沒想到是向下 | 噴出… | 我也停損了... 貼息還是虧爆 | “一般來說”Q3Q4傳統旺季，下半年獲利會比上半年好 | ，但今年有缺料問題很難講，而且我認為全年需求是固 | 定的，上半年好是否表示需求提早了半年 | 吃筍＋1… | 沒吧 我記得我前年底220結果被一路跌 平常200左右 | 本益比超低 eps超高 很妙的一支股票 | 碩字輩的每次選舉都捐助綠綠不少錢 大陽花大金主 | 不可能簡單因為喊幾句中國品牌 就被黨發動抵制啦 | 印象很深因為我當時算覺得至少有250 結果吃筍 | 就跟我的宏碁一樣阿 我死凹宏碁凹超久才逃出來 | 要不是因為疫情我可能還在凹單宏碁 | 老謝節目來賓說 ，科技股看的是成長性 ，所以asus可 | 能算科技裡的傳產了 ，低本益低波動 | 今天有進場撿，年線欸尊重一下 | 等外資不賣了再進場。 | 非凡前晚有報這支，嘿嘿。 | 宏碁跟華碩的財報去比對一下 這兩間差很多 | 年線附近等反彈再賣 | 最高428元現在跳樓大拍賣，再殺一波就是好買點 | 我還抱著成本538 | 停損就是準備要噴了 | 投信吃貨欸 出太早？ | 加個LED賣信仰價，賺的錢都到哪了？ | 小粉紅指揮ceo 中國嚴打網手遊 | 套了一張388… 跌到淨值以下再撿QQ | 推 | 繼續凹單QQ...等300塊 | 從400一路跌下來 超慘 | 了不起 負責 | 套在372，還好只買100股 | 覺得這邊在阿呆谷 | 華碩等280 | 成本260-配息一次，看戲囉，真的無感 | 老闆脖子上的刀還在嗎？ | 200撿一張當存股不錯,QQ剛剛308停損了，近貼息收場。 加上5月第一次進場小賺的價差，華碩總損15元多 不想跟他玩下去惹，大盤都空頭了，留著現金好過周末 心得： 3個月看下來，Q2營收屢創新高，本益比低，殖利率高。 什麼都很好，就是沒有成交量哀:( 劇本千篇一律，溫水煮青蛙，平均波動都在4~5塊 盤中上漲沒多久就會突然出現大量賣單壓價。 外資大戶掌握近6成的張數，價格被外資拿刀架著 借券賣出餘額3萬多張，要回補他們也想低價慢慢補 中長期我覺得價格就這樣惹。 到明後年需求持續下降，大概又回到疫情前的水平了。 8/17中環又買了1059張，均價288(我被狙擊了QQ) 收盤補一張今天的明細，還是照劇本 真的就是會有大單在壓:( https://imgur.com/MtpjsFq : 回自己文 今天華碩法說會 本益比6.69 : Q2 EPS：15.3 符合Q2預期多一點 毛利21.4% : 上半年H1 EPS: 28.5 : Q3展望 PC年增預估10% 零組件年增10% : 虛擬貨幣的需求下降，顯卡的成長將轉向電競顯卡需求 : 可惜7月營收年增只有1.16% : 如果要達到Q3預期那8、9月營收要有亮點 : windows11、電競顯卡、(傢俱、泡麵)會是下半年的關鍵了 : 展望如果都符合預期，全年EPS應該有機會達到50以上 : 借券賣出餘額到3萬5千多張 股價一直沒有往下壓 : 而且從8/2除息那天至今外資就有一直在持續買進 : https://imgur.com/NgcK9E4 : 中環昨天公告取得華碩1034張，均價290(怕.jpg) : 仍持有一張 目標價380停利，310停損 : 引述《tsisni (努力步上軌道)》之銘言： : : 1. 標的：2357 華碩 : : 2. 分類：多 : : 3. 分析/正文： : : 外資昨天降評、目標價380，維持中立 : : 今早開盤爆量下跌，來到近四個月最低點，也是三月初的起漲點 : : 6月營收創歷史新高，H1的EPS保守有27以上 : : 筆電、虛擬貨幣、毛利下滑，反應差不多了。 : : Q3、Q4是華碩傳統旺季，營收即使只有前兩季一半 : : 整年EPS也能達到40以上 : : 目前殖利率7.2% 本益比7.5 淨值291 : : 昨天借券賣出餘額來到最高兩萬七千多張，回補機會大 : : 4. 進退場機制：(非長期投資者，必須有停損機制。請益免填) : : 358買進一張，參加除息，低於340在攤一張。 : : 除息後目標價365停利，315停損。
[標的] 華碩 微星 手遊禁令多,2021-09-02,59.0,你幻想的太美好了 | 可以玩沒連線的阿... | 對岸線上遊戲早就打壓 | 笑死 XD | 今年過審的遊戲 全部都是手遊 你單機吃得到? | 什麼邏輯 | 對面網吧都倒一堆了== | https://i.imgur.com/QGb6XyZ.jpg | https://i.imgur.com/FC0HCbw.jpg | 確定下個不是打單機？ | 封的是PC的網遊吧 | rog byebye | 所以po設的停損底下推文是都沒看到嗎…… | 只有禁未成年的 | ^ 原 | 但上有政策下有對策，他們有方法可以破解 | 跟不能翻牆，但小粉紅還是一堆翻牆的啊 | 封的主要是手遊王者那種的 現在小孩不會玩PC | 現在小朋友不會玩PC啦 | 禁手遊的族群都未成年 哪來的消費力買有的沒的 都 | 用父母的啊 | 未成年買pc的動能？ | 笑死…..手遊只是目前比較大的目標 | 說ROG Bye的先動腦想一下，遊戲本/電競筆電可貴了 | 顯卡更是你買不到還要加錢買 | 筆電該買的今年早就買完了 明年筆電會衰退 | 說真的 真的沒人知道未來怎麼樣 預估是基於現在環 | 境、變數去推估 | 筆電鏡頭還漲價了 | 就像蒙格抄底BABA 還-26% | 你怎麼知道黨會給你什麼的政策調整？ | 現在做互聯網的被逼到要去搞半導體 | 明明就是封網遊... | 筆電到底能不能持續 沒人知道 顯卡相關更是 | 是電玩都不行好嗎，新聞沒看就在發抬轎文 | 抬轎文這篇也還啊 客群根本不在那裡怎麼抬 | 單機怎麼封 斷網也能玩 難道要斷電？ | 已笑 | 是禁手遊還是全禁？ | 你以為PC就安全嗎？ | 用習近平身分登入遊戲 我們懷念他 | 那為何不玩主機類 | 都禁手遊了還...pc這邏輯100分 | 這id我會記起來了  邏輯一百分 | 奇怪的見解...單機遊戲還比較有可能再起 | 若手游不能玩，對華碩的電競手機根本大利空 | 某些人：推文有些很急喔，笑鼠   嘻嘻 | 這個邏輯我傻眼 | 我居然看成 華碩 微星 禁多令 XDDD | 對帳單呢？ | steam買起來 | switch ps5 xbox 也買起來 | 為什麼不是鈊象利多？ | 別鬧了他是看實名制帳號登錄的，管你用PC還是手機 | 叫阿公開帳號？然後孝順阿公 | 華碩有出rog phone啊 | Rog phone的利空＋1 | 這邏輯真的滿分 | 超憨的,1. 標的： 華碩 微星 2. 分類：多 3. 分析/正文： 對岸開始禁止手遊 市場上會開始尋找替代品 既然手機不能玩 那就玩pc吧 4. 進退場機制： 長期投資不停利 停損: 對岸連pc game都禁止時 
Re: [標的] 華碩 微星 手遊禁令多,2021-09-02,14.0,"目前他們單機最大漏洞就是steam，期待鐵拳什麼時候 | 砸下去 | G胖瑟瑟發抖 | 蒸籠早就推出啦 只是商店沒啥遊戲 | 牆國玩的PC單機是中國特色的版本，不大需要花錢也 | 不用連線 | 華碩遊戲手機主力在對岸，估計也會影響到，不算多 | 玩動物連連看和成語接龍就沒問題了 | 中國這波會打主要還是思想控管,跟什麼哪類遊戲無關 | 手遊只是首當其衝,要期待PC或是家機遊戲不受影響基 | 本上是太天真,整個中國的遊戲市場會倒退好幾年 | steam沒漏洞吧 反正他們要出蒸氣平台了www | 遊戲 小說 動漫早就控管很久了,忘了對岸的暗黑沒有 | 骷髏嗎",: 1. 標的： 華碩 微星 : 2. 分類：多 : 3. 分析/正文： : 對岸開始禁止手遊 : 市場上會開始尋找替代品 : 既然手機不能玩 那就玩pc吧 : 4. 進退場機制： : 長期投資不停利 : 停損: 對岸連pc game都禁止時 https://i.imgur.com/sYDZZe7.jpg 這篇文章我發在西洽版，你可以搜我的id找全文 簡單來說就是遊戲業早就被中國遊戲版號政策控管了，他們的單機遊戲，政府不過審的是 根本不給上架 單機遊戲的話，目前漏洞就剩翻牆去國外網路商店買的vpn和不合法的走私遊戲片 看政府的鐵拳什麼時候來搥一搥了 蒸籠以及中國的ps和ns商店上沒遊戲的原因就是不過審啊，跟遊戲版號的政策比，限制未 成年的政策其實還算輕微，版號政策其實是限制商品上架權的政策，但是那個限制是一年 就讓你上架的遊戲，手指頭都屬的出來 蒸汽平臺就是為了vpn被封時所準備的，所以我猜遊戲業更早看出端倪並有所準備
[新聞] ASUS華碩薪資令人羨 員工曝「大概抓個15~,2021-09-07,80.0,科技業保14…分紅1-3個月 | 9.6小時 | 新聞報薪資就是出貨，992357 | …. | 薪水太低 毛利高 股價噴 | 科技業的公司 零售業的薪資 | 科技業保14個月是新聞？ | 小刀小編呢？ | 還行啦華碩的工程師沒那麼肝不是？今年疫情年還出 | 清一堆庫存，薛翻 | 完了 每次分紅的新聞出來就是下跌 | 分紅這樣在科技業算少的吧 | 年終每人加送一把刀 | 這有很多嗎… | 薪水太低 股價噴 | 平均年薪80萬不到 在雙北這… 不忍噓 | 這樣不行，給太多，股價要崩了 | 80萬年薪可以幹嘛 | 跟中位數比算高啦XD | 華碩怎麼可能這麼低 哪來的資料 | 痾....這家給的薪水  17個月不算多吧... | 平均不到4萬8 給你17個月年薪有90嗎 | 講得我以爲跟發哥同水平 點進來一看 | 鳥地方 | 勞苦公司講的福利工時很好…… | 15個月是考績連續拿c是嗎… | 說的一口好薪水 | 品牌廠沒有作業員拉低平均，還只有8x萬真可憐 | 好笑的是這種薪資也要炒新聞 | 所以記者薪水是多少？羨慕成這樣 | 怎麼辦我感覺薪水有點低 | 這麼低喔 系統廠悲劇QQ | 這家沒那麼低啦 不過也不高 | 華碩工程師沒有那們低，這薪資3年內還比較準，10年 | 都破百不知道哪了 | 這新聞是要黑華碩吧XDD | 稅前10W*17=170W 這在台北應該是超級普通人吧 | ………一點都不羨慕 | 我同學待六年差不多破百 | 17個月？ 看不起刀碩？ | 石頭沒這麼低 | 幹嘛分那麼多？明天跌停 | 怎麼可能這麼少 誰要去 | 當然高啊，之前拿客戶顯卡做醫療（大數據）區塊鏈 | 呢～ | 利潤高到流肥油 | 如果是這個薪資，明天華碩有資格漲停。 | 這是拿刀挾持要到的嗎？ | 破百在ptt很低薪耶雖然我沒有破百 | 不夠奴 一根跌停先 | 平均年薪… 嗯嗯 | 17*8-=136 有點低 | 80w真的慘 只能買廁所 惡老闆 股票明天 | 80萬在雙北，根本貧民吧！ | 爛死了...... | 這三個月操盤就2台麻豆3了 可憐吶 | ....這薪水 | 80萬不吃不喝20年頂多新北 | 嫩 | 薪水有夠少 PTT版上年薪低於三百萬都是貧窮線底下 | 的 | 讚讚讚 明天漲定了 毛利很高 身為股東我不樂見發太 | 多薪水給員工 | 利空好嗎? 代表公司內只剩猴子 只剩走不掉的米蟲 | 一間科技公司是薪資越高 公司越強 股東才可以賺更多 | 連這都不知道 以為華碩是統一超喔 笑死 | 15~17個月 請猴子哦 | 可以領取刀嗎~ | 好少… | GG新人第一年就150 | 記者是收了多少業配要發這篇？ | 工時10小時 平均才80 不忍噓... | 另一家A開頭聽朋友說都有16-18了，華碩才這樣喔 | 比產線三寶還少 | 系統廠，養的人太多，以在台北房價物價，其實偏低 | 薪資 只能買淡水區 | 保障14欸，15-17個月是基本的吧，沒比較厲害 | 多領15-17個月才是新聞吧~記者..... | 記者極度缺錢............. | 沒有高到哪裡去啊...,原文標題： ASUS華碩薪資令人羨 員工曝大概抓個15~17個月 原文連結： https://udn.com/news/story/7241/5724840 發布時間： 20210906 10:15 經濟日報 / 記者葉卉軒即時報導 原文內容： 關於資訊科技產業的高薪話題每每總是聚焦在半導體公司，但其實電腦製造公司，同 樣也為台灣帶來不少國際關注，而說到台灣電腦，第一個想到的品牌就是ASUS華碩。根據 比薪水網站資料顯示，該企業平均月薪47828元、平均年薪798740，且站上還有內部員 工留言關於薪資的部分大概抓個15~17個月左右，優於多數上班族。 身為台灣知名品牌的華碩，一直以來都是新鮮人、畢業生相當感興趣的公司，比薪水進一 步分析，認為原因有三，包括：公司知名度高，對於未來的履歷與經歷會有很大的加分。 其次是大規模的公司有好的練功環境，不論是專業能力還是軟實力都能有所學習，當然還 有最吸引人的，就是薪資待遇有機會高於市場平均。 比薪水指出，華碩在台灣北中南各地都有工作機會，分別是台北、新北、桃園、新竹、台 中、嘉義、台南以及高雄，而海外則是在韓國、泰國、馬來西亞以及印度有工作機會。 不過，雖然華碩在台灣各地都有工作機會，但根據比薪水薪資情報統計來看，有90%的工 作都聚集在雙北，而雙北的平均月薪為50628 元。根據台灣勞工自主回報於比薪水的薪 資情報，統計ASUS 華碩電腦公司薪水報告，已剔除極端值，華碩平均月薪為47828 元、華碩平均年薪為798740元、華碩每日平均工時則為9.6小時。 此外，關於內部真實狀況的整理，從統計資料結果來看，比薪水指出，華碩內部員工對於 福利都感到相當滿意，在評價排行TOP5（年終獎金、三節獎金、固定加薪、公司制度完善 、工作環境佳）上都沒有出現負面評價。 同時，比薪水還進一步從華碩內部員工的建議與工作內容分享中，整理些部分重點給大家 參考，包括：產品別不同差別很多，若是筆電手機部門加班時間較長，工業電腦（AIoT ）會很爽。、選對職缺很重要，若沒有的話先進來卡位，公司位置多冗員也不少，戲 棚下站久就是你的。、工作成就感大，發展空間大，不過工時非常長，責任制，就看 自己對工作的想法和取捨。、大公司的制度相對完善，很適合當第一份工作，保持學 習的心可以學到很多，不過面試的流程算是相當冗長，需要好好準備，關於薪資的部分大 概抓個15~17個月左右。、適合想拼的年輕人，成長的很快，但責任制就是生活與工 作無法分離。 心得/評論： 必需填寫滿20字 賺很大賺很多 給這麼多月，為何平常不加薪？ 怕人事成本高影響股東權益？ 如何嘴砲 反駁對方的重點 確實指出人家論點的錯誤性 ψQSWEET 駁斥 用引言指出對方錯誤或矛盾的地方 ( 優質論文) 在嘴砲王 相反的觀點 列出相反的論點並以事實當證據 ( 辯論社) 應該出現 矛盾 列出相反的論點但不加以證實 ( 論壇) 的元素 攻擊態度 質疑對方的態度和口氣 ( 匿名版) 人身攻擊 偏見 攻擊身份和能耐 幹你娘 ( 小朋友)
[標的] 2357.TW 華碩多,2021-09-12,36.0,是不是想騙 | 想騙? | 想找人抬轎? | 你的停損也太多了吧... | 我以為321才是停利，利多出盡是在找韭菜嗎？ | 本益比說明一切，就是軟爛 | 沒量 沒題材 還不如航運:( | 停損2字頭，不如別買 | 停損221不如別停 299就要開始撿了 | https://bit.ly/3k3QbBB  過去十年 最低配14元 | 你停損？這價位應該買爆 | 我信你 下禮拜100張空氣單進場支援！ | 你停損價是我加碼點  開玩笑嗎？ | 316對帳單 貼出來我就信 | 不會買要說阿 | 這隻本來就是懂價值投資的人在買的 | 221……. | 到221我融資開滿 all in | 這價位 我是不會吃筍 賞你個426 | 221就歐印了...停損什麼 | 299就進場撿 221歐印 | 到了221 會像群光嫌它爛不會漲吧 時間拉長都舒服 | 裝的像一點 | 221停損??? 221才要歐印吧 停損啥小朋友 | 這隻越低越接 | 這隻的獲利能力根本不用思考，平均價以下就無腦買就 | 對了 | 今年股利都發完了還在寫 | 沒晶片做個空氣喔 傻傻的 | 我覺得不行 | 好，跟 | 410？？？ | 套在410齁 | ？？？ | 最近終於要買電腦，要開始換掉辦公室裡的華碩電腦， | 不過我只有指定主機是Acer，螢幕就隨便。,1. 標的： 2357.TW 華碩 2. 分類：多 3. 分析/正文： 顯卡缺貨，華碩可望提升顯卡毛利。 今年股利配26塊，殖利率8.23% 最近四季盈餘每股55.9，本益比5.65 4. 進退場機制：s 316進場3張 410 停利 221停損 Sent from JPTT on my iPhone 
[新聞] ASUS ROGxIKEA下個月將在美國賣家具，2021年10月起全球銷售,2021-09-22,29.0,韭。很。盤 | 這網址 | 刀碩 | 電競家具，這也能有喔 | 超屌耶 好有想法喔 | 刀碩傢俱？ | 然後貨都在海上咕嚕咕嚕 | 會不會貼圖啊== | 不會貼圖就不要發文= = | ROG唯一信仰 | 所以後續小編那件事都沒出來解釋？ | 我是不怎麼看好 感覺磨合期太長 | 異業結盟的概念是創新的沒錯 但要創造出價值很難 | 沒有出RGB小刀？ | 你們自己看看那種東西你們會想掏錢買嗎 ? | 如果你要給專業的IT人才只拿這種夠嗎 ? | 全部加上敗家之眼 邊邊貼RGB LED條 | 如果要給比特幣玩家可能一張椅子300萬 | 9樓曼聯版版主 : ) | 而且他那個沒考慮到安全設計 如果凸角撞到人怎麼辦 | 我不信美國人會買帳 | 如果他說賣那條會發光的光條可以隨著音樂變色 | 說不定還屌一點 | 誰會沒是把鍵盤綁在牆上 ? | 慘了 | 讓我想到少林足球 =.=||| | 跟ikea聯名的菜刀好用嗎 | 刀 | 怎不賣ROG聖誕樹?,原文標題： ASUS ROG x IKEA 下個月將在美國賣家具，2021 年 10 月起，即將在全球銷售 (請勿刪減原文標題) 原文連結： https://www.kocpc.com.tw/archives/403925 (請善用縮網址工具) 發布時間： 2021/09/21 (請以原文網頁/報紙之發布時間為準) 原文內容： 今年年初我們就有介紹過 ASUS ROG 與 IKEA 合作的消息，分別一月在中國與五月在日本 推出了新的合作家具系列，而在今年十月也準備在美國的 IKEA 推出 Uppspel 、 Matchspel 、Gruppsel、Lånespelare 、Huvudspelare、以及 Utespelare 等六個遊戲 系列的產品，其中只有 Uppspel 系列產品是 ROG 與 IKEA 所合作設計的，據 IKEA 的新 聞稿來看，是明確的寫說 2021 年 10 月起，就會在全球銷售，或許之後在台灣也能看 到 ROG x IKEA 合作的遊戲系列家具呈現： https://i.imgur.com/lbhTCwb.jpg 因為疫情的關係，許多人選擇宅在家裡打遊戲不出門，全球目前已經大概數十億的遊戲玩 家 ( 包含我自己XD )，隨著全球遊戲人數不斷的增加，IKEA 想將市場擴展到遊戲領域也 是可想而知的事： https://i.imgur.com/QpRrd12.jpg 合作找上電競界的龍頭 ROG 也是很自然地而然的事，藉由此次合作結合了兩個牌子不同 的元素，創造相關、實用、美觀且價格合理的產品，使遊戲體驗更平民化，讓每個玩家都 能更輕鬆地打造他們想要的電競生活圈： https://i.imgur.com/T1jOtCZ.jpg 新的遊戲系列總共包括 30 多種產品，遊戲桌椅、抽屜、杯架、頸枕、環形燈..等等。每 個產品系列都提供不同價位，以滿足不同目標群體的需求： https://i.imgur.com/tt9yoXG.jpg 目前在一些網拍上也能看到 ROG x IKEA 的產品在代購，通常只要加個電競兩個字價 格就會稍微像股票那樣上揚，但老實講，電競產品在外型設計上還是好看了點，買不買 單還是要看個人意志跟錢包了： https://i.imgur.com/u7bB6i2.jpg https://i.imgur.com/W0WeSND.jpg 不過別擔心，台灣的 IKEA 已經貼出預告了，屆時台灣的遊戲玩家，就能親自到 IKEA 挑 選最適合你的電競傢俱： https://i.imgur.com/ik5aXBf.jpg 如果你是一個想將電競融入生活裡的話，那麼用 ROG x IKEA 的家具塞滿你的房間倒 是一個不錯的主意，唯一要注意的就是你的荷包，畢竟會被廣大的網友稱呼是敗家之眼， 可不是浪得虛名的稱號阿XDDDDD https://i.imgur.com/T0HLWa9.jpg 心得/評論： 必需填寫滿20字 不只電腦、手機，現在連家具都有了。感覺整個房間充滿敗家之眼真的很帥。 我電腦看正常顯示啊= = 改好了
[標的] 2357.TW 華碩 請益,2021-09-27,46.0,真香 | 未看先猜最後一句 大家怎麼看 | 小編可以拿刀子架在老闆脖子上的公司。 | 下面開放酸 共碩 | 我未來一年想要換掉辦公室兩台華碩電腦，目前買第一 | 台Acer。 | 這檔應該算覺青抵制概念股 | 刀 | 廢文王再度出馬，假請益文大家不用認真回 | 9月營收一定再月增 十月營收月減 | 你從今天開始不發廢文我就告訴你 | 來股版3個月 整天都看到你在發廢文....... | 從鴻海套到聯詠……還沒處理好接著就要準備套華碩了 | 多軍冥燈空軍明燈出現喇！ | 費文王 | 台灣沒剩幾家3C品牌了，這家至少還可以 | ASUS跌到像大立光情形就能撿 | 費文 | 來不及了 快上車！ | 我們不以人廢言，共碩真的不錯，歡迎幫我抬轎 | 先去看看外資的借券空單 | 有耐心再來 | 這波是在漲力智吧 | 再噓 | 你先說說這跟你套牢聯詠講得有何不同 | 有風險的 | 最近缺晶片 | 股版認真回的沒幾個wwwww | 外資空單回補 三大法人買超 投信連續買超 大戶增 | 可以準備空了 | 去年板卡電腦很缺 不過Ai部門可以賭一下 | 聯詠賣一賣換這檔，就不用一直擔心了 | 上一千沒問題 | 昨天發完發不夠？別再來鬧華碩 破韭菜 | 一併檢舉4－2－3 可憐韭菜 | https://i.imgur.com/DJsJhqp.jpg | 鴻海套 聯詠套 台積電也在整天請益請益 現在開始想 | 被華碩套 讓我猜猜 下一檔被啥套 聯發科？ | https://i.imgur.com/Y7IB1Z4.jpg | 別人買股票是賺錢 你是買來等解套 有夠好笑 還要別 | 人體諒 等等補噓 | 這帳號不只在這裡發廢文，其他版也是相同模式 | XDDDDDDD | 下去 | 噓回來zzz | 保羅就是噓,多空理由不充實 者，板規115或44處份 2.進退場機制若非長期投資，請 輸入停損價 ，否則依板規116處份 3.請依格式輸入內容，未依格式者板規112砍文處份。 標題請使用以下格式：股號.市場碼股名分類 (市場碼：TW US HK CN JP KR...) ex [標的] 2330.TW 台積電 長期不停損多 ex [標的] TSLA.US 特斯拉 馬斯克火星多 按ctrly 可刪除 以上內容。 1. 標的： 2357.TW 華碩 2. 分類：請益 3. 分析/正文：最近發現華碩的股價一直穩定上升中查了一下華碩的資料發現華碩是獲 利能力跟股利都很穩定的公司而且這幾年來股利都穩定的在10元以上目前看起來是個 滿好的標的雖然做電腦的公司競爭公司較多但是華碩目前的獲利狀況看起來都很不錯 家會建議這時候停損其他賠錢的股票換成華碩嗎?華碩以過往的本益比來說以今年的eps 來預估股價應該輕鬆達到四五百沒什麼問題如果市場願意給華碩過往本益比的話。 大家怎麼看華碩這家公司呢? 
[情報] 2357華碩 9月營收,2021-10-08,54.0,越爛越噴 這個還是下去吧 | 爆噴這樣fj等得到300嗎哈哈 | 好扯... | https://i.imgur.com/VdjMd35.png | 300？ 300可以身家壓下去了吧 | 超猛 | 禮拜二開盤漲停買 | 全年搞不好賺到65+ 今年業績爆炸猛 配息率7成也有45元了 | 版卡廠真的都賺爛了 | 配45真假XD那睡飽薯股利 | 讚啦 | 配45那目標價就不是426了哈哈 | 支那人支持本國企業 | 買華碩要算長期投資還是價值投資QQ | 抱好久 技嘉都兩根了 | 賺爛了 賺爛了 | 這個真的要漲惹 | 永遠支持名人堂F姊~強 | 被洗出一些，後悔了 | 270抱過了一座山 | 華碩價值投資吧，除非他們開始出智慧佛珠 | 越好越跌 | 說技嘉的..高點都快腰斬了 華碩算超硬的 | 慢慢抱 領股利也好 | 成本200不到存第2年 歡迎大家抬轎 | 股利隨便領都很爽，安心持有 | 今年配息估至少應該有35-37 再高也不意外 | 282抱過，盤超久就出惹... | 這隻有夠牛 | 這應該回到400up了吧= = | 明年股利破30以上 | 380卡到現在還沒解套 咕嚕咕嚕 | 不是阿，9月破歷史新高不是預期中的事嗎？一直叫大家320進 | 貨就是沒人進 | 這隻9月營收都是當年最高 | 林河堰的最愛吹的股啊呵呵 | 缺料還能爆噴...太扯... | 還以為大家筆電之前疫情就買好了 | 大家不都賭疫情拉貨高峰已過？怎麼會猜到9月最高 | 營業額好 不代表會噴啦 不過我也是抱著等 | 等營收爛再來買XD | 前天已經大漲 先猜已反應 | 林和彥買記嘉 | 林河堰這隻240抱到現在沒賣，可是其他賠超多笑死 | 林和彥除了這支 富邦金也賺不少啊 | AMG 9月都創高 | 可惡之前等不到300，310多回彈就一直沒買 | 99微星 | 猛爆 | 賣刀賣成這樣 不簡單 | 不愧是信仰之眼 | 林老師上半年南帝申豐大田富邦金潤泰全賺爛 | 打臉那些覺青仔！爽 | 幫高調,1. 標題：2357 華碩 9月營收 2. 來源：公開資訊觀測站 3. 網址： https://mops.twse.com.tw/mops/web/t05st10_ifrs 4. 內文： 本資料由 (上市公司) 華碩 公司提供 民國110年09月 單位：新台幣仟元 項目 營業收入淨額 本月 56051076 去年同期 47044792 增減金額 9006284 增減百分比 19.14 本年累計 383334538 去年累計 290455066 增減金額 92879472 增減百分比 31.98 備註/營收變化原因說明 心得: ASUS 9月單月營收創歷史新高560億元 第3季滿有機會賺2個股本 營收表現出色 
[新聞] 華碩Q3每股賺15.3元 前三季EPS 43.8元,2021-11-10,47.0,"要崩了...手上三張995 | 華碩噴成這樣哪裡硬不起來了???? 問號 | 這支PB該給多少 | 股利收入營收增加，結果獲利和q2一樣 | 算不錯了，台股修正都沒什麼跌，煎肉磐石 | 完了 | 310漲到376還不硬嗎！？ | 尾盤拉高賭財報好看結果沒有20元明天大概要回了 | 426叫我賣 | 本益比6倍  超漲掰掰 | 台股真的很猛 業績好的都不會漲～ | 一堆籌碼k討論空軍 | 比國巨聯詠獲利好 配息更大方 然後一堆人看空跟當 | 初看空富邦金一樣的道理 | 等著被嘎吧 | 沒有紅茶的漲停鎖死過 不如紅茶 | 紅茶eps負的，但就是會漲不停 | 什麼時後股票回歸基本面 就好看了 | 會跌停吧？ | 多發一點給員工吧 | 多發一點給員工吧 | 樓上都是員工？ | 法人： 明年 不 後年 不 總有一天會衰退！ 降評啦 | 不管啦 我是法人耶 給個尊重 嗚嗚嗚 | 息都填完很久了 哪裡不會漲 | 發給股東有7成 去年賺35.7發26,比國巨賺肯發吧 | 買這隻正十趴，其他板卡股都30趴起跳 | 其他板卡之前不是跌到烙賽？ | 這支就是穩定強的那種，之前大盤跌也是撐在那 | 低調穩定 | 啊呃～新聞出來惹～該離開了嗎？ 抱很久欸www | 毛利衰退 明天跌停收 | 毛營利也太爛了 本來還以為Q3輕鬆20元 | 股東會紀念品要不要發RGB菜刀啊 | Q3>Q1營收 229億 營業利益更少 | 這麼爛 明天要噴了 | 比預期低，不過還能接受 | 應納入0056我就買爆 | 華碩在長榮加入0056之前就是前幾大的持股了 | 證明小編跟公司方向是對的XD | 沒單季20 準備崩崩 | 這隻不賴吧 | 很多資金可以撿的達人 | 這樣今年沒辦法60 不過明年配個30幾元應該輕輕鬆鬆 | 小編可以買好一點的刀了 | 今日開盤證明 業績越好跌越深 直接跳空下跌 | 撐到除息又開噴",原文標題：華碩法說Q3每股賺15.3元 前三季EPS 43.8元賺逾四股本 (請勿刪減原文標題) 原文連結： https://news.cnyes.com/news/id/4767053 (請善用縮網址工具) 發布時間：2021/11/10 14:59 (請以原文網頁/報紙之發布時間為準) 原文內容： 華碩 (2357TW) 今 (10) 日公布第三季財報，在通路庫存回補需求帶動下，筆電需求 強勁，加上業外挹注，連兩季大賺百億元，第三季純益 113.3 億元，季減 0.35%、年增 7.82%，為單季次高，每股純益 15.3 元，持平上季，前三季則已賺逾四個股本，每股賺 43.8 元。 華碩第三季品牌合併營收 1300.91 億元，季增 8.07%、年增 8.76%，毛利率 18.58%， 季減 2.85 個百分點、年增 0.89 個百分點，營益率 8.3%，季減 2.85 個百分點、年增 0.89 個百分點，稅後純益 113.3 億元，季減 0.35%、年增 7.82%，每股純益 15.3 元， 持平上季。 華碩累計前三季品牌合併營收達 3585.71 億元，年增 33.4%，毛利率 20.57%，年增 3.61 個百分點，營益率 10.01%，年增 3.64 個百分點，稅後純益 324.91 億元，年增 94.4%，每股純益 43.8 元，前三季就賺逾四個股本，也賺贏去年全年。 業外方面，華碩第三季業外獲利 42.56 億元，除利息、匯兌收益外， 現金股利收入 高達 28.18 億元 ，加上轉投資亞旭虧損也較第二季收斂，第三季虧損降至約 1.8 億元。 心得/評論： 必需填寫滿20字 石頭每年Q3成績單都好看本來就不易外 光4938 2395 5269等的股息幾乎就吃飽飽 只是最近股價一直都硬不起來 樓下你怎麼看？ 
[新聞] 華碩看元宇宙商機 業務間接相關、緊抓投,2021-11-11,52.0,出貨 出貨 | 會不會剛好在宇宙爆炸時加入？ | 我怎麼看不粗乃 | 重點在最後一段 | 這算是蹭熱度吧 | 貨櫃航搭上元宇宙因為載送元宇宙零件 | https://i.imgur.com/BXi6FMC.jpg | 完了 一直出華碩新聞 我真的考慮走了XD | 看得懂的就看得懂 看不懂我也沒辦法 | 太慢了 | 每個都蹭過一輪你才出來XD | 投資時機（X)   出貨時機（O) | 晚點換建商出來說自已也是元宇宙~~ | 310抱上來 今天差不多要走了 | 刀宇宙？ | 跌3% | 華碩被市場除息？ | 下一篇 富邦金看元宇宙商機 | 等富邦金和元宇宙相關的新聞寫出來，建商再說自己也 | 是元宇宙好嗎 | 坐等各行各業來自吹自己是元宇宙概念股 | 富邦別當死於 | 快賣刀好不好，能架脖子那種 | 今年配息大概40元吧 | 每家都來蹭 等你們董事長換成雪紅姨再說吧 | 十年前的3D列印，當年也是吹到飛上天，現在？ | 元宇宙不就vr 為什麼能炒成這樣… | 快上車，元宇宙有戲~ | 賣電腦還想元宇宙啊 | 下一篇:台肥進軍元宇宙 | 既然叫宇宙 那不是應該包含所有1700檔?XD | 低頭族護眼吃葉皇素 元宇宙後是不是要吃惱暈眩藥? | 當你搞懂了以後就不會漲了 | 執行長講的很實在啊，根本才剛開始，言之過早 | 難怪開盤…… | 難道稱一下元宇宙錯了嗎? | 怒吃華碩花雕雞麵 | 元宇宙 = 上網 ，你上網會LAG嗎?你網速很順嗎? | 其實元宇宙不是VR，VR類似面板的概念。。。。 | 還記得2004年那邊 炒的 面板股嗎? ^^ | 看身邊那些常用視訊開會的，問它們要去買頭盔開會嗎 | 刀劍宇宙 | 股票很多可以選，買穩定股利股息的才安心。 | 許先越啦，許仙嘞 | 我對元宇宙的概念是vr +社交 幹 那不就vrchat | 元宇宙 簡單講 ， 就是高速上網+區塊鏈為核心。 | 我只知道 光視訊會議，很多人就會LAG。。。 | 噴飛宇宙 | 驅動ic也是委屈 | 就不要漲沒漲到，沉的時候一起下去 | 元宇宙就直接買FB就好啦！地球最強 | 元宇宙大部分是在賣軟體的,原文標題： 華碩看元宇宙商機 業務間接相關、緊抓投資時機 (請勿刪減原文標題) 原文連結： https://udn.com/news/story/7240/5881035 (請善用縮網址工具) 發布時間： 20211110 17:51 (請以原文網頁/報紙之發布時間為準) 原文內容： 元宇宙商機正夯，PC品牌大廠華碩（2357）共同執行長許先越指出，元宇宙要成為大家心 目中電影《一級玩家》的世界，仍需要很多配套，包含強大運算能力、顯示卡、內容、平 台等，華碩雖然沒有直接參與元宇宙領域，但很多業務有間接連結，華碩會看情況適當投 入資源，緊抓成長契機。 華碩今日舉行法說會，法人及媒體提問華碩在元宇宙布局，對此，許仙越表示，要成就元 宇宙背景，需要很多配套，才能成就大家心目中電影《一級玩家》的世界。 許仙越表示，元宇宙代表廠商之一就是輝達（NVIDIA），他在AI或顯卡都是市場領先者， 而華碩與輝達有長久合作關係，把輝達視為軍火商，而華碩是其重要夥伴，支援元宇宙概 念。 許仙越分析，要讓元宇宙世界成真需要很多配套因素，比如說需要一個平台，就需要非常 強的運算能力及顯卡，另外要讓使用者願意上平台，必定要有內容，華碩不是這方面專家 ，需要很多內容公司支援，像臉書就可以扮演重要角色。 許仙越舉例，在元宇宙虛擬世界裡，產生經濟活動是重要的一環，因為沒有經濟活動，吸 引力就不大，而要發展經濟，就需要虛擬貨幣。 許仙越說，其實建構元宇宙的世界，華碩業務有不少連結，比如說華碩有雲端業務，也已 經跟國內區塊鏈公司合作，換言之，在發展元宇宙領域，華碩是站在有利的地位。 他坦言，真的要實現元宇宙世界，還需要很多演進及時間，雖然華碩沒有直接投入元宇宙 領域，但很多間接業務有連結，華碩會看市場情況，適當投入資源，進而緊抓成長契機。 心得/評論： 必需填寫滿20字 一年要賺60元的公司 現在股價不到400 真的太委屈了 若真的搭上元宇宙題材 遲早噴爆吧 
[情報] 2357 華碩 11月營收,2021-12-09,38.0,"年增？那就下去吧 | 月增22% | 微星華碩宏碁技嘉太猛 | 期待明年配到40 193t第三年續抱 | 樓上學長好 | 結果電腦股到Q4 也沒當初被看的那麼差 | 天胡大居然都沒賣 厲害 | 奈米戶繼續持有~ | 華碩今年EPS應該57起跳沒問題了 | 這明年真的可以配40殖利率10% 法人為啥不愛? | 技嘉華碩這價位殖利率應該甜甜的 | 華碩最近討論度很高 | 法人不是不愛 是想偷吃又裝客氣 當然要吃低價的貨 | 刀賣得不錯？ | 廣達新巨友達貨櫃板卡 法人又殺又吃 很渣男 | 去年就說今年沒人買電腦，怎麼又創高了 | 架刀後營收還是持續增長＝ ＝ | 下去吧 | 技嘉業績也代表 Q4才是PC今年最高峰 不買嗎XD | 差不多高點了~!!營收都創新高了~!! | 真的去年就唱雖今年一整年 結果營收一直創新高 | 174t 舒服 | RGB刀賣很好 | 參考法人跟公司對明年的說法，看要相信誰 | 華碩自己就說商用部分不錯 | 明年可能配在40左右要繳很多稅跟保費 | AICS面試討論串助攻下大漲7元 | 等明年炒殖利率時才會拉 | 股市崩盤就會知道它的好 | 刀+30% | 沒人愛，錢都流去海運、航運、元宇宙 | 這幾家都很猛 股價就是不飛天.... | 只有技嘉在創新高,華碩微星繼續躺 | 最近在跌啥 | EPS很美 56-60 但Ratio就只給6-7 現在就算合理範圍 | 吧 ？ | 業績很好，明年配息讓人期待 | 呵呵，覺青宅粉抵制失敗了！",https://mops.twse.com.tw/mops/web/t05st10_ifrs 單位：新台幣 千元 項目 營業收入淨額 本月 55173366 去年同期 39748738 增減金額 15424628 增減百分比 38.81 本年累計 483495866 去年累計 369807153 增減金額 113688713 增減百分比 30.74 備註/營收變化原因說明 心得：看起來營收有按照公司的預期走，公司法說內容有參考性。 
[情報] 2357 華碩 12月營收,2022-01-10,27.0,比去年還好 | 月減 噴 | 月減 丸子 | 跟宏碁一樣差 下去 | 投信好像很早就知道了什麼，但也沒差股價不會動就是不 | 會動嘻嘻 | 內資買一堆 | 前年不是就賺到爛了，去年還年增近30%，外資繼續出 | 貨 | 跟宏碁一樣硬邦邦 | 應該可以配39塊左右還行 | 去年開完營收 噴上去 考古題了 | 石頭不太動，殖利率高，當存股 | 370以下想到就跟股板說了，那時一堆人追高A蛇zzzz | 石頭太貴了 很多人買不起吧== | 有靈骨可以撿啊 希望能配到40 | 賺再多有屁用 台股不需要會賺錢的公司 | 怕運費成本漲，不過Q4 EPS再差應該也有10，全年至少53 | 了 | 應該能配37-40 繼續當定存股 | 外資不是調降到三百出頭...= = | 3百出頭是給你撿的 現在都要4百了 | 一月初瑞信喊350 | 配將近40差不多 | 應該整年58配40 | 為什麼eps要拖到3月才出來？ | 雙A都低估了 時機一到準備再噴20%,https://mops.twse.com.tw/mops/web/t05st10_ifrs 單位：新台幣 千元 項目 營業收入淨額 本月 51475119 去年同期 42973286 增減金額 8501833 增減百分比 19.78 本年累計 534970985 去年累計 412780439 增減金額 122190546 增減百分比 29.60 備註/營收變化原因說明 心得：這樣一來，2021年第四季營收符合甚至優於公司法說的季成長5%的預期。 
[新聞] 日亞控日本華碩侵權獲勝 日本華碩須負損害賠償責任,2022-01-17,26.0,到底賠多少 | 2357明天跳空來吧 | 完了 明天2357掛跌停價接 | 2340漲停吧 | 利空吃貨，貸款融資歐印 | 很久以前的機型啊 | 華碩刀該拿出來了 | 不只久 而且還不是主力機種（？  雖然蘋果國也沒啥差別 | 跌停歐印 | 送分題又來了 跳空跌就allin | 除了蘋果外什麼牌都賣不多 | 這七八年前的手機了吧= = | 又是日亞... htc也是 | Zenfone 2 Laser...好懷念 | 空到下市 | 在日本不拿蘋果不就社會性死亡了嗎 | 那明天 台亞會不會紅燈 | 這支還有在生產嗎？ | 台日友好 支持告倒台廠 | 華碩有錢賠100億也不會對營運影響阿!不過EPS會很難看 | 但是會影響股價 | 日亞化有告贏過嗎 | 好像不是用他們家的led都會告吧 | 還不派中國分公司的小編去擺平對方？ | panel廠不用負責？ | 跟億光也是纏訟很多年 日本律師便宜,原文標題：日亞控日本華碩侵權獲勝 日本華碩須負損害賠償責任 原文連結： https://udn.com/news/story/7240/6039766 發布時間：20220117 15:59 原文內容： 20220117 15:59 經濟日報 / 記者張瑞益台北即時報導 https://reurl.cc/6EZgMb 日本日亞化學工業株式會社表示，對華碩的日本子公司 ASUS JAPAN 株式會社及其經銷商 所提起的專利侵權訴訟中獲勝，圖為華碩電腦關渡總部大樓外觀。記者邱德祥攝影 日本日亞化學工業株式會社（Nichia Corporation）今（17）日表示，對華碩（2357）的 日本子公司 ASUS JAPAN 株式會社（以下簡稱日本華碩）及其經銷商所提起的專利侵權訴 訟中獲勝，東京地院將令日本華碩及經銷商負損害賠償責任。 在判決中法院認為，華碩智慧型手機ZenFone Go （ZB551KL）以及ZenFone 2 Laser （ ZE500KL）上搭載的白色LED侵害日亞日本第5177317號與第5610056號專利，而日本華碩與 SYNNEX銷售前揭智慧型手機的行為亦構成侵害日亞前揭專利，因此法院命被告等對日亞負 損害賠償責任。 日亞化也指出，該公司致力於保護其擁有的專利及其他智慧財產權，對於任何侵權人將採 取適當及必要的措施。 心得/評論：華碩方面有強調，判決結果對公司營運不會產生影響 
[情報] 2357 華碩一月營收,2022-02-10,46.0,跟面板難兄難弟 | 丸子，下去 | IT一起下去 | 下去探親 | 年增17.51% | 華碩一月通常比12月差啊 | 垃圾手機 | 刀子還在磨 別緊張 | 1月本來就會比較差 | 還好吧 | 拿旺季跟淡季比 | 別想騙人了 賺爛了 | eps 50+ 是能下去哪.. | 380以下慢慢補零股中QAQ | 今年應該55以上了 | 去年全年可以60吧？ | 淡季還年增 | 完了 | 竟然還年增 | 淡季還可以增到快2成… | 筆電賣爆 | 這隻真的委屈 | EPS50+當然可以下去啊 可以下去到跟航運差不多 | 還好上車了 | 不管月增月減都要下去 | 崩 高峰過了 | 下去 | 月減 下去吧 | 月減是正常 月增才是怪力男 | 還套在4開頭 | 去年一月已經夠好 還超越.......... | 華碩快下來~~~~~ | 去年第一季石頭賺爛了，今年賺比去年多 | 就算下去也只能說活該 | https://i.imgur.com/HdN3gYi.jpg | 刀 | 300 all in | 這2021年eps沒有60也有55是要下去哪裡？ | 投信一直吃貨 到時候就發動了 | 這隻委屈了，去年eps保守估計50up，股價卻只有370 | 是嘛? 台股也有EPS50股價一百出頭的股票喔 | 有種下來 | eps和矽創差不多 股價應該也要差不多吧 | 航運表示： | 高點已過，迎來淡季 | 買太少了,1. 標題：華碩一月營收 2. 來源：公開資訊觀測站 3. 網址： https://mops.twse.com.tw/mops/web 4. 內文： 項目 營業收入淨額 本月 43155373 去年同期 36724581 增減金額 6430792 增減百分比 17.51 本年累計 43155373 去年累計 36724581 增減金額 6430792 增減百分比 17.51 備註/營收變化原因說明 https://i.imgur.com/ilJ1HEs.jpg YoY17.51% MoM16.2% 
[新聞] 不畏IC短缺「外資喊買華碩、廣達」　重,2022-02-21,39.0,"有新聞出來的最好不要碰 | 不對啊宏碁是降低評價 | 這樣算是負負得正嗎 | 華碩低調漲 | 超牛 | 支碩目標價440? 我股票看的少，你不要騙我 | 宏基已經在30跳動老半天了 | a蛇等配息 | 99A蛇 | 恩 可以空了 | 99a蛇，投信一直買不上去 | 被點到了 我瑟瑟發抖 | 這又是哪一家？ 不敢寫名字？ | 唉 反著看 | 仁寶「上調」到 24，可是目前25.65，反著看該怎看 | 喔 所以a蛇要噴了 嘻嘻 | 出貨嘍 | 喊買出貨 | 共碩目標426元 | 我這裡有批緯創好便宜啊 | 哇咧 我的ASUS 明天要開法會了嗎？ | 石頭被點名了QQ | 刀子架在外資脖子上了 | 蛇蛇下調 今天小兒卻開始買 | 99a蛇 | 外豬想出貨?? | 寶寶這波是投信買上去的，外資作用不太大，注意投信 | 方向就好 | 這次真的要快逃 | 華碩根本不怕新聞吧，今年股利出來可能就直噴了 | 靠北，持股被點三檔，我很害怕 | ok,樓下快買 | 我也有等著股利新聞 | 點什麼緯創......我才剛買回 | A蛇不！！！ | a蛇下來繼續買 | 股利不一定噴，激怒獎金開出來才是股東利多 | 不敢期待2357上450，但目前這個價位還有漲的空間 | 華碩除息前應該400沒問題",原文標題：不畏IC短缺外資喊買華碩、廣達 重申持有這4檔 (請勿刪減原文標題) 原文連結： https://finance.ettoday.net/news/2193601 (網址超過一行過長請用縮網址工具) 發布時間：20220221 16:25 (請以原文網頁/報紙之發布時間為準) 原文內容： 記者廖婕妤綜合報導 由於IC短缺的問題仍未緩解，亞系外資預估前5大筆電廠在今年Q1的出貨量會季減16， 主要是Type C PD控制晶片及電源管理IC（PMIC）缺料所致，預計2022全年筆電出貨量將 與去年持平，但仍看好高殖利率、估價便宜的華碩（2357）、廣達（2382）等個股，重申 買進評等，並上調目標價；另外也點名仁寶（2324）、緯創（3231）、宏碁及和碩（ 4938），重申持有評等。 亞系外資指出，今年在筆電市場中，仍可看到商用、電競產品需求上升，英特爾（Intel ）第12代處理器的採用率提升，IO及記憶體升級，可望增加產品平均銷售單價，不過Ch romebook的需求下滑，再加上塞港問題，讓他們看到潛在的下行風險。 儘管商業及電競產品需求強勁，PC族群2020至2021年的複合年均成長率為22，但亞系外 資將全球2022年的筆電出貨量，從原先預期的年增2下調為持平，主要是反映IC短缺、C hromebook及消費者需求下降，導致出貨量成長有限，並聚焦高殖利率、估價便宜的標的 ，看好華碩（2357），目標價從440元調高至450元，重申買進評等；以及廣達（2382 ），目標價從110元上調至120元，重申買進評等。 另外，亞系外資也點名4檔個股重申持有評等，分別是仁寶（2324），目標價由23元 上調為24元；緯創（3231），目標價由30元上調至32.2元；宏碁（2353），目標價由29.1 元下調至28.5元；以及和碩（4938），目標價由74元調降為67元。 華碩（2357）今日收在378.5元，上漲近2；廣達（2382）收94.7元，上漲0.42；宏碁 （2353）收30.15元，上漲0.33；仁寶（2324）收25.65元，下跌0.38；緯創（3231） 、和碩（4938）以平盤作收。 心得/評論： 必需填寫滿30字，無意義者板規處分 亞系外資點名雙A（不要亂點石頭啊）跟代工五哥（抖），近幾天雙A有外資買盤，走勢 轉強，緯哥有MSCI調整賣壓，股價則是回檔整理，想等2字頭的應該有機會了 
[新聞] 華碩旗下華芸遇駭客攻擊加密封鎖　用戶被,2022-02-23,33.0,"比特幣是為了金流不要被查而已 | 好爛 | 好慘 | 彼特幣就是犯罪天堂最愛用的幣別 | 昨天開檔案完全死掉，x的 | NAS真的是駭客很愛攻擊的目標 一堆人/公司都不太認 | 真維護 | 比特幣還有三萬多哪裡沒價值了 | NAS千萬不要給實體IP | 我今天在公司聽到一個消息XD | 股價要噴了嗎? | 共碩？ | 被架刀勒索了 | 名字聽起來像中國妹子 | 抱歉笑了 拔網路線？ | 3萬多美的你問有沒有價值  你手邊低於3萬美的都丟掉 | A蛇明天漲停 | 0.03個比特幣換資料 會不會太廉價？ | 不只群輝華雲，連hp的 microserver 都在偷摸，不過 | 我有防火牆檔，現只開兩個port | 不用AWS、Azure或google 這些公司膽子不小哪 | 把小編寫進防火牆裡看哪個駭客還敢駭 | 如果是中國小編被勒索 我看就完了 | 沒有比特幣怎麼辦 | 發現時拔網路線還真的有用 因為勒索病毒加密需要時 | 間 越早拔損失越小 | 從樓上學到東西 | 加密都是在本機上進行的吧？拔網路是斷通訊，拔電 | 源才是中斷加密吧？ | 看是不是rce 囉 | 拔網路線是怕有網路磁碟共用,阻斷掉避免擴大災情 | SSL+VPN+異地備份 | 加密貨幣全部可以追蹤，除非他不出金",原文標題： 華碩旗下華芸遇駭客攻擊加密封鎖 用戶被勒索支付比特幣才能解碼 原文連結： https://reurl.cc/qOoqeN 發布時間： 2022年02月23日 14:12 原文內容： 外媒The Verge報導指出，電腦大廠華碩（2357）旗下華芸科技（Asustor）NAS設備遭Dea dBolt勒索軟體攻擊加密檔案，用戶被要脅支付比特幣才能解碼。對此，華芸官方立即發 布聲明，呼籲旗下用戶若遭到攻擊，可立即拔除乙太網路連線、長按電源鍵緊急關閉NAS ，避免其資料被刪除，並聯絡團隊提供技術支援、協助處理。 報導指出，華芸旗下網路附加儲存設備遭DeadBolt勒索軟體攻擊，不少設備用戶反應，自 己的設備檔案收到該軟體寄來的勒索訊息，且所有檔案已遭勒索軟體加密，其中至少包括 相片、文件和試算表等資料。 報導指出，DeadBolt可能是經由Plex伺服器發動攻擊，且其甚至揚言出售漏洞資訊以及可 解鎖所有受害設備資料的主鑰，目前已有用戶被要求支付0.03個比特幣，來取回自己的解 密金鑰。對此，公司指出，團隊暫時關閉myasustor.com DDNS 服務，以詳細調查整起事 件。 針對NAS設備還正常運作的用戶，華芸也呼籲設備還正常運作的用戶，變更預設的網路傳 輸埠，包括預設的NAS Web存取傳輸埠8000、8001以及遠端Web存取傳輸埠80及443，以避 免遭到駭客入侵攻擊。 心得/評論： 話說如果 如果是是因為資安方面出問題，結果用戶資料遭刪除，該向誰求償，不過比特 幣現在跌成這樣還有價值嗎 
[標的] 2357 .TW 華碩 電競多,2022-02-25,41.0,彥州不回  換obov回 | 推，很實在的公司，也很照顧投資人 | 補推 | 99...A蛇...(斷氣) | A蛇今天又被倒爛 | 992353 今天好慘QQ | 99a蛇…….. | 技嘉也不錯 | 停利價太保守 | pc 要衰退了 不好吧 | 去年公佈配息26元，隔天直接鎖漲停，今年配息上看40 | 元 | 同樓上看法 | 99 2353 QQ | 光賺礦老闆的錢就賺到翻過去了 | 配息多少是關鍵 | 支碩426價叫我 | 支碩好像都配60-70%左右 | 對股東很大方 | 只是股性很鳥...外資動不動就倒貨 | 華碩今年不是要上600嗎？ | 停損停利Range抓好窄 | 365應該是加碼點吧 | 貌似去年也說要衰退 結果賺翻XD | 今年我猜配44元 | 期待開獎～～ | 不過～～99蛇蛇….最進都躺平 | 衰退講好久了 去年歐美疫苗出來就覺得是高峰了不是 | 99技嘉好冷 | 不會動，去年被外資搞爛了 | 去年公司法說都說成長 只有法人看衰 結論就是公司 | 是對的 | 被外資騙下車 可惡 | 顯卡卡價格已經鬆了不止一點，要注意一下 | 去年記得公司說Q1會是地板 當時自己也半信半疑 | 不過Q4是怕運費漲 不知道EPS影響多少 也不要太樂觀 | 公司是對的，但是股價是法人在操縱，尤其這家的公司 | 派不在乎股價，不會做庫藏股，甚至老闆出來替股價 | 抱屈都不會 | 昨天又加碼一張了 | 99A蛇…（先別斷氣）,多空理由不充實 者，板規115或44處份 2.進退場機制若非長期投資，請 輸入停損價 ，否則依板規116處份 3.請依格式輸入內容，未依格式者板規112砍文處份。 標題請使用以下格式：股號.市場碼股名分類 (市場碼：TW US HK CN JP KR...) ex [標的] 2330.TW 台積電 長期不停損多 ex [標的] TSLA.US 特斯拉 馬斯克火星多 按ctrly 可刪除 以上內容。 1. 標的： 2357.TW華碩 2. 分類：多 3. 分析/正文： 1.殖利率 去年賺得有夠飽，光前三季就賺43.74塊，今年不知道會配多少，會有除權息行情噴上去 2.籌碼 大戶持股持續上升，有助於拉抬股價 3.友人的手機常常出任務，有助於華碩收服務費，結果後來變成堅若磐石，一定會讓欣賞石頭的人買華碩的手機 4.K線 雖然因烏俄戰爭關係下跌，但是基本面不變，戰爭結束後預估重回五日線上 5.咖啡銷售 皇家的咖啡要收費，小弟有時去看人還不少，咖啡銷售量增多 4. 進退場機制： (非長期投資者，必須有停損機制。討論、心得類免填) 停利385 停損365 Sent from JPTT on my iPhone 
[新聞] 宏碁華碩筆電出貨俄羅斯估占５％密切關注,2022-02-28,105.0,"5%不少也，呵呵 | 慘 營收要少5%了 | 應該禁止出貨給俄羅斯不要助紂為虐 | 明天開紅就空 | 5%還好吧...大驚小怪 | 禁止出貨！企業的社會責任呢？公司法第一條... | 台俄友好  台灣中立 | 俄國不想用匪貨 | 被挑出來…XD | A蛇再見 | 慘了，還有幾張 | 99欸蛇 | 華碩： 我很關心但不想介入，繼續賣 | 就說與其擔心金融 不如先擔心與老俄做生意的上市櫃 | 幹嘛制裁 趁Dell HP有政府退出壓力 直接搶市佔… | 本來就公司利潤而言 這時是擴大市佔的好機會 | AAAAAAAAA蛇 | 你怎麼會有台灣沒政府（美國爸爸）壓力？ | 執政黨都宣布遵從國際制裁了 | 美企壓力一定比台企大 就筆電而言 這是天下掉下的餅 | 終於被點名了，呵呵 | 可憐哪 | A蛇的A是AV的A | 雙A真的要一起A了 | HP在歐洲打華碩友手軟嗎 | 完了 滿手石頭 救...救命 | 99 A蛇 | 石頭終於找到利空可以下乃惹 | 台灣的企業只知道賺錢其他都不重要 | 才5%還好吧 | 明天跌5% | 幫殺一點啊 我要撿 | 跌了好撿貨啊 | 還好啦 小編就無敵了 | QQ塊陶啊啊啊啊啊啊啊啊啊啊啊！ | 滿手A蛇 995   有人早知道 | 5%也在報-.- | 999999AAAAAAA蛇  995 | 才5%~~ | 慘 | 現在不收手 被米國歐盟制裁更慘 | A蛇好不容易30 又要下去探親了 | 20收 | 99a蛇 | 石頭殖利率那麼高 快給我下來撿 | 跌5% | 反正今年大家都等出國玩了，誰還想買筆電，乖乖下去 | 營收少5% 股價會跌10% | PC衰退 俄羅斯 解封等因素, | 5趴少那股價跌五趴 | 就繼續賣，到時候對手就鴐犲磢赤言h | 周2一根 | 呆丸玩法5%先來兩根 | 跌破300阿 | 投信A蛇套很大 | 營收5% 淨利可能少更多啊 | 雙A大哥買一卡車QQ | 5%蠻多欸 | 有便宜的筆點可以買了嗎~ | 共碩要看中國有沒有制裁 | 5%大概一根 | 工三小 那佔TSMC營收幾趴要不要寫一下 | 佔二哥營收幾趴 佔公公營收幾趴 | 金融業曝險多少也寫一下啊 要死一起死 | 還好只剩20股 | 大戶準備趁利空吃貨囉 新聞要反著看~ | 不響應制裁？ | 沒錯應該順便禁止出口中國 | 借券賣的要殺低回補？ | 爽啦，看到一堆人還買這些股票贊助侵略國，不知羞 | 恥 | 加油  麻煩殺掉跌停 | 明天一根伺候，謝謝 | 筆電那種個位數的毛利，還不夠補償盧布貶值 | 賣越多賠越多 | 看留言還以為佔比很高 | 禮拜二跌停 | 哇靠 快跑 比手速了 怕怕 | 華碩的話中國那邊會照常出貨吧 | 以華碩調調應該就是繼續賣：） | 5%，光零件供應相關就要少多少了，雙A又是容易壞的 | 商品。 | A蛇不是FJ概念股嗎？越跌越撿！？ | 99A蛇 | 原來才5%喔 | 入侵方是有什麼差？ | 說不知羞恥到話 最好看一看你手頭上的公司有沒有吃 | 強國營收 有的話也是不知羞恥 | 從中國或越南出貨的華碩產品 有限制？ 企業會攢動吧 | 華碩賣主機板應該比較慘，比較現在俄羅斯買不到CPU | 了 | 這麼大的國家才站5%... | 宏碁投信狂買耶，這下腫了 | 筆電不會受到制裁吧…不算甚麼高科技產品 | 如果筆電受制裁，該擔心的不只雙A,技嘉微星等板卡廠 | 也會影響。 | 貨出去，盧布進來，xx發大財？ | 雙A進不去，聯想表示開心 :) | 掰 the 帝蒲 | 樓上們 不是5%不5%的問題 是錢有可能收不到 | 推樓上 | 又有甜甜價可以撿了嗎？ | 不用怕 ，中國人會賣過去只是量少 | A蛇真心慘 | a蛇沒救了",原文標題： 宏碁 華碩 筆電出貨 俄羅斯估占５ 密切關注情勢 原文連結： https://www.cna.com.tw/news/afe/202202250243.aspx 發布時間： 2022/2/25 17:22 中央社 記者吳家豪 原文內容： 俄 羅 斯 入侵 烏 克 蘭 ，台灣宣布跟進對俄制裁措施， 法人估算電腦品牌廠 宏碁 、 華碩 去年筆 電出貨到 俄羅斯比重約5%。 業者表示，密切關注俄烏情勢，研擬不同應對方案。 俄羅斯武力入侵烏克蘭，遭到國際社會譴責，聯合祭出制裁措施； 台灣方面，經濟部長王 美花今天表示，可以按照瓦聖納協定規定，對於相關產品出口作嚴格審查。 根據台新投顧估算， 俄羅斯占華碩2021年筆記型電腦出貨量近5%、占宏碁2021年筆記型電 腦出貨量逾5%，需觀察各產品出貨是否受制裁。 華碩 向中央社記者表示， 因情勢快速變化中，密切關切並研擬不同應對方案。俄羅斯占華 碩營收比重約在低個位數至中個位數百分比。 宏碁 未揭露單一市場數據，僅於每季財報列出泛歐、泛美、泛亞3區的季營收比例。其中 ， 泛歐營收占比從去年第2季的34%，下降到去年第3季的31%。 針對盧布避險措施，宏碁指出， 全球營運涉及多種貨幣，在財務上多有積極進行避險，將 匯率的影響降到最低。 心得/評論： 必需填寫滿30字，無意義者板規處分 好不容易站上30又被普丁灌下來 ( )y 不過投信大哥a蛇21連買，跌到28以下再來慢慢撿 31t解不了套只好放著當傳家寶了 chu ˍ liz liz
[新聞] 大摩:PC無獲利成長空間 中性看廣達、華碩,2022-03-08,59.0,去年就再喊了 要喊多久 | 史丹利無情吃貨 | 大摩又開口了 | 又來啦 | 閉嘴！ | 有其中三隻真慘 | 收到 持續加碼買進 感謝垃圾機構 | 99a蛇 | 亂講! | 加碼點到了 | 2357有315的價位 我身家收了 | 真的沒啥需求呀，又不用居家上班了 | 可以抄底了? | 買進訊號來嘍 | 全力反著做 一定賺爛 | 去年漲的都要吐回來 今年沒人想買電子產品了 | 一台筆電可以用五、六年，又不用常常換。 | 買進訊號 | 肉鬆又要攻百了 | 我的顯卡呢? | 大摩這陣子在A蛇是很認真的在賣，借券大爆增 | 昨天A蛇賣了快一萬張 | 肉鬆一百共碩4百  衝R衝R | 應該要說pc市場被其他產品瓜分，現在的硬體能力跟 | 以往真的差太多了 | 今年有便宜的廣達可撿嗎 | 所以pc相關的其實有做轉型動作，往電競方向走 | 肉鬆幾乎都靠Server賺錢了 PC跟他們關係不大.. | Dc是需求還算很大 | 現在很多公司除了賣硬體還要賣服務，需求目前算是 | 成長中 | 穩了 噴爆 | 去年就在說衰退 結果？ | 已發生，繼續做多沒關C | 這份外資報告有內線喔CC | 終於。謝謝你 | 沒信用的券商閉嘴吧 | 又在菜市場喊價 | 感謝信心加持 阿仁可以續抱了 | 外資報告要反著看還有人不知道 | 想賭錢 | 應該說 這些東西公司都在思考中，而不是像外資這樣 | 說衰退公司就毫無長進 | 肉鬆的PC產線又還沒賣掉  哪裡關係不大 | 大摩：PC NB 都3C垃圾 | 緯創を救救してください | 感恩 | 就等大魔放話是時候佈局了 | 外資的嘴 騙人的鬼 | 至從有手機 能做到很多事情後。根本不需要電腦。更 | 不需要筆電 | 無貨利，那公司開爽哦 | 大摩都是領先指標 只不過是反的…. | 石頭去年三季賺四季的錢 | 原價屋每天不知道賣多少台電腦出去 | 有手機就不用電腦是什麼笑話 | 刀子接起來 | 就這些出報告的機構萬年不換電腦 | 喊衰退喊很久了 結果財報開出來都年增,原文標題：大摩：PC無獲利成長空間 中性看廣達、華碩 原文連結： https://ec.ltn.com.tw/article/breakingnews/3852049 發布時間：202238 原文內容： 鑒於宏觀背景、低廉的估值和高股息收益率，個人電腦（PC）年初至今的股票，在相對基 礎上表現優於預期。不過摩根士丹利（Morgan Stanley）指出，因沒有真正的盈利上行空 間，或推動評級的催化劑，預計PC需求在下半季減弱。 大摩報告指出，自2021年年中以來，Chromebook在教育市場放緩，大摩對PC品牌的評論也 比先前稍為謹慎。筆記型電腦ODM（原廠委託設計代工）廠表示，與過去兩年相比，現在 更具不確定性，目前看來，2022年Q3也不太穩定。 大摩對聯想保持中立評級，的目標價從9.80港元下調至8.50港元，不過看好聯想的商用PC 和數據中心硬體，因曝光率較高。另外華碩（2357）目標價從300元調至315元，宏碁（ 2353）從21.50元上調至23元，但皆評級劣於大盤。 大摩將和碩（4938）升至中立評級，目標價64元至70元，是因預期級低，iPhone SE3 可能會在短期內提振利率，也有助於2022至23年的盈利增漲，反映了景碩（3189）更高的 利潤。 廣達（2382）和緯創（3231）持中立評級，目標價99元和32元，是因公司對數據中心 硬體的敞口分別為34%和32%，預計隨著供應限制的緩解，數據中心的需求將在下半季加速 。 仁寶（2324）目標價21元，評級劣於大盤是因在PC領域的曝光率最高，並在Apple Watch和iPad組裝方面的競爭日益激烈。 心得/評論： 必需填寫滿30字，無意義者板規處分 人稱的嘴 騙人的鬼 文中被看壞的有華碩 宏碁 廣達 緯創 仁寶 是不是訊號來了？ 
[新聞] 華碩2月營收年增20% 16日法說會登場,2022-03-09,23.0,顯卡現在價格都回來了 吃礦渣的少了 | 法說會辦完隔天辦法會 | 99技嘉 | 這配息 一年漲一根.......真慘 | 要噴了 | 去年法說會完隔天漲一根 | 99 A蛇 | 16日法會 | 350以下撿 | 石頭集團去年身價暴漲 除惹皮卡 99皮卡 | 99微星 | 99 AMG | 99 A蛇 | 太委屈 | 石頭跟佛珠在俄羅斯到底踩了多少雷，被賣成這樣 | 配多少 | 250以下撿 | 華碩是連同學會都會看衰的股票 慘 | 好幾個月一直在這區間遊走，每次都小漲小漲，然後一 | 點小事就全跌回去，氣死我QQ | 這隻大概就370-380極限了啦 | 所以16日會不會有人偷看答案呢？ | 年初亞旭 營率降 物料漲 俄羅斯 外資狂賣 今年...,原文標題： 華碩2月營收年增20% 16日法說會登場 原文連結： https://udn.com/news/story/7240/6152199?from=udnch1_breaknews1cate6news 發布時間：2022 03 09 15 55 原文內容： PC品牌大廠華碩（2357）今（9）日公布2月營收，受農曆春節工作天數減少影響，2月營 收月減6.8%，但仍年增20%，此外，華碩將於16日舉行法說會，說明2021年第4季營運成果 與2022年第1季營運展望。 華碩公布2月集團營收為402.34億元，月減6.8%、年增20%。2月品牌營收為371億元，年增 18%；累計華碩今年前兩個月營收為833.89億元，年增18.7%。 儘管不少研調機構、法人看衰今年PC產業後市，預期全年筆電出貨將陷入衰退，但華碩今 年已訂定積極成長目標，將續創高峰，不過，華碩仍有海運缺櫃、塞港，以及零組件缺貨 等問題尚待解決。 華碩共同執行長許先越曾指出，在新常態下，預期需求跟疫情前相比還是會更好，尤其在 商用筆電方面，在新的OS推動下，對商用筆電的汰換潮有一定的幫助。雖然今年相對去年 ，大家普遍認為需求會下降，但我覺得還是有很大的機會，華碩還是會在今年訂定很 高的目標、追求成長。 此外，近期由於烏俄戰爭，引起市場擔心華碩在該地業務發展，根據法人估算，俄羅斯占 華碩2021年筆記型電腦出貨量近5%，需觀察各產品出貨是否受制裁。 心得/評論： 以往本益比都有10左右 近兩年賺特別多 可是本益比下降 2021年EPS預估有5860 如果用去年的配息來算 應該配43.545 會不會複製去年那根呢? 還是跟台積電一樣一年漲一次... 
[新聞] 板卡廠業績旺，華碩、微星、技嘉首2月雙,2022-03-10,40.0,幣今天跌耶 | 電蝦板看一下 顯卡慢慢都不用組整套才能買了 | 99技嘉 | 業績太好只好繼續盤了 | 再一根 | 石頭殖利率上看20% | 過陣子就會發降評大屠殺了 | 出貨囉 | 涼了! | 顯卡可單買  下去吧 | 被對折透抽狙擊的技嘉，去年底開始喊，結果就一路南 | 下了 | 看好技嘉上200 | 發新聞出貨！選我正解～～ | 技嘉都反應多久了，現在進去等者被出貨喔 | 技嘉券賣狂增 好慘 | 差不多殺不下去了吧，但也沒有要拉的樣子 | 推技嘉是想騙人進去喔 | 整個族群都被透抽喊下去了 | 月減還想騙 | 台股是有幾隻月增阿?  等公布股利就要漲一波了 | 看一下FB 顯卡越殺越低 | 這群都在休息了，別打擾好嗎 | 技嘉還可以吧 有吃到伺服器 | 新聞出來 你各位十年線見啦 | 可以單買了 卡價一直跌幣價也沒起色 難度還上升 | 白話文：韭菜快進來 | 這組確實還沒吵到 | 又在騙 | 乾 技嘉好股就敗在某透抽 | 技嘉幫QQ~ | 都在出了，下半年再炒吧 | 出貨文 | 看看40要出惹 30還是那種妖獸價 | 穩惹 | 99技嘉... | 支碩殖利率越來越高了         喵的勒 | 這檔跟垃圾一樣 | 真的出貨文，垃圾嘖嘖 | 技嘉投信一直跑 這太明顯出貨文XD,原文標題： 板卡廠業績旺，華碩、微星、技嘉首2月雙位數年增，可望締史上最佳Q1 原文連結： https://reurl.cc/l9OajA 發布時間： 022年3月10日 週四 上午11:12 原文內容： 財訊快報記者王宜弘報導板卡大廠微星(2377)、技嘉(2376)在元月業績飆新高之後 ，2月降溫，單月營收分別來到148.7億元與88.96億元，仍兩位數年增，創同期新高。 而 華碩(2357)除板卡之外還有PC品牌業務撐腰，2月業績仍然強勁，單月品牌營收達370.5億 元，僅較上月略減7%，年增率達18.41%，表現優於市場預期，亦為史上同期新高。 微星元月合併營收突破200億大關，以203.87億元刷新歷史紀錄，2月因工作天數較少，結 算為148.7億元，較上月減少27%，但較同期成長12.18%，維持雙位數的年增率，並寫下史 上最強2月的紀錄；累計前2月合併營收為352.57億元，較去年同期成長16.4%。 技嘉元月合併營收亦以142.05億元創下歷史新高紀錄，2月份則下降至88.96億元，月減 37.37%，年增率則有27.64%，同寫史上同期新高紀錄，累計前2月231億元，年增33%。 板卡在新品出貨效應以及顯卡晶片供應逐漸紓緩之下，首2月業績表現不俗，3月在季底效 應之下，出貨可望回升，微星單季營收可望寫歷史次高，技嘉業績則可持強第四季。 至於華碩，看好商用筆電需求，今年擴大佈局，加上板卡業務有電競與挖礦商機共同加持 ，今年整體營運成長展望審慎樂觀。前2月該公司品牌營收為769.3億元，年增18.4%，首 季品牌營收可望維持1100億元以上高峰，較同期上探雙位數成長，為最旺首季。 心得/評論： 現在板卡廠的本益比都很低 換算成殖利率都8%以上 這兩年根本賺翻，營收獲利屢創新高 可以衝了嗎？ 
[新聞] 華碩：停止對俄羅斯出貨 捐款3000萬賑濟,2022-03-14,163.0,"這次架刀也擋不住跟進制裁了吧 | 謝謝外資倒貨，我361上下收了一批。 | 利空 | 我宣布俄碩死 | 要聽中國的又要聽美國的 | 左思右想 | 有點慢 | 要人格分裂了 | 被情勒 呵 | 了不起 | 用錢解決的事 就是小事 不就想要關注 捐錢就人道了 | 中國那邊又要被出征了 股價150 | 俄碩死 | 要提列資產減損了 | !!!!!!!!!!!!!!!!!!!!!!!!!!!!! | 公關處理… | 可能覺得收盧布不划算  賣越多賠越多  乾脆換名聲 | 出貨賺取盧布廢紙，不划算乾脆賺名聲 | …好聽話 | 啊都撐幾天了何必現在 | 推華碩 | 這樣殖利率要超過10%了 | 寫信要烏在國際挺本島不知肯不肯 | 俄羅斯又不能貿易，暫停出貨正常 | 被情勒仔盯上，可憐 | -.- | 因為再賣下去要賠錢了 盧布一直跌 | 雖然晚了點 | 跪了QQ | 代理商手上的庫存應該還有一些吧 | 烏克蘭承認台灣嗎 | 丞相可真精明 | 賣軍火的跟賣PC的談人命 本來就很奇怪！ | 可憐 無緣無故被不認識的烏克蘭擊落了 | 丸子 | 烏克蘭可以保證不再提供中共軍武恐嚇台灣嗎 | https://reurl.cc/028z9o   大玄玄 開直播 | 又被架刀子了 | 華碩何苦啊，沒想過聯想會剛好補足那30%市占嗎？ | 再出就要被美國制裁了吧 | 華碩又沒虧...停止出貨是因為盧布不值錢 好嗎 | 一堆國際大廠三星蘋果也停止經營 你華碩跟著學就好 | 賣一台虧一台 順水人情吧 | 俄羅斯人口是1/2美國 華碩也是打入好幾年才有的市佔 | 不然讓歐美觀感不好  市場搞不好損失更大 | 不怕中國小編的刀子了嗎 | 怎麼可能隨口就放？ 想也知道… 美國人國內愛玩愛國 | 小編開始磨刀 | 其實石頭還是很小心，沒有說要加入抵制，只是說停止 | 好慘，直接被勒索 | 就盧布的問題 | 其實企業們都不想賣俄吧，盧布這波動太虧，但直接說 | 停止出貨就好  一堆大廠也是停止販售阿  越賣越虧 | 超級牆頭草 方向兩邊倒 | 又會得罪中國市場 | 主義人道主義 台灣就裝隱形人默默賺就好… | 好了啦 搞的好像烏克蘭有承認過台灣主權一樣 | 聯想 HP Dell Acer 技嘉 微星 有跟進嗎？ | 捐三小 | 平時自己還不是對別人不聞不問 | 捐個幾千萬對華碩小錢啦  兩邊不得罪又能當廣告 | 之前酸共碩現在推回來 | 算了啦，收盧布也是麻煩 | 當成國際廣告+人道救助  這幾千萬花的也不虧 | 正好現在盧布大貶 做個順水人情停止出貨也省的虧損 | 盧布貶值超過一半  你筆電打五折賣  虧死你 | 印象中聯想也有跟著制裁？ | 不出貨也豪 盧布那匯率太狂惹 營收降總比匯損吃到 | 飽豪 | 制裁(X)  不想虧錢賣(O) | 之前問戰爭對台股怎麼會有影響的那些人得到解答了沒 | 3000萬... | 哈哈可憐被搞了 真沒用 | 小編忙著找刀中… | 這次被誰架刀了? | 支那小編刀鈍了 | 收盧布也賺不了 | 被烏克蘭的航母三不五時繞台灣現在還來情緒勒索 | 烏克蘭先前跟中國多麽好 華碩還這麼聽話 | 富邦也捐三千萬啊 | 烏克蘭跟中國好不好跟華碩是有啥關係 | 別那麼玻璃心好嗎  很像恐怖情人 | 小編動態：（磨刀中 | 停滯應該是暫時避避風頭 反正盧布也不划算 | 其實根本也出不了貨,現在貨代又不收去蘇俄的貨 | 今天跌下去沒掛到誰偷吃我的貨 | 小編刀子架老總脖子上了沒？ | 不想收盧布，加上各大航運不去俄羅斯了 | 跪了 小編要造反啦 | 支那小編還沒上班嗎？ | 南韓最大貨櫃航商HMM 暫停兩條往返俄羅斯的貨運航線 | https://udn.com/news/story/6811/6163897 | 烏克蘭食髓知味，點名微軟了 | 不就不想收廢紙而已 還有人扯政治笑翻 | 中國小編要拔刀了 | 俄羅斯小編氣哭QQ | 中國小編的刀? | 得罪歐美日本,跟俄國,選一邊 | 烏克蘭丐幫幫主，點名誰誰就要送錢 | 真無言 Acer今天還是漲的 | 捐3000萬耶! | 俄碩小編磨刀霍霍 | 烏克蘭也懂財富密碼，賺一波戰爭財 | 有GUTS | 回答得很好啊, 未來有轉圜空間, 以後可以說匯率問題 | 利空 | 停止出貨, 如果繼續打仗, 就假裝真的制裁 | 想來想去應該捐完3000萬，再宣佈全力支援烏克蘭， | 把要給俄羅斯的貨全面改賣給烏克蘭，要你吐6000萬回 | 來！ | 華碩有專賣店嗎？全部收歸俄羅斯 | 過兩天改口 被架刀 | 沒辦法換匯收不到美金當然停止出貨呀 | 繼魚翅後第二家捐超過3千萬的呆丸之光 | 丸子 | 等等小編就叫董事長閉嘴了 | 盧布貶成這樣還談市占？ | 支那爸爸都救濟了要共碩怎麼作? | 丸子… | 盧布貶成這樣 淨利率趕不上貶值的速度！ | 刀子撐不住了！？ | 終於發現出貨會收不到錢了齁 | 幹嘛停止 | 反正有收到不貨款有差逆 | 就賣了虧錢倒不如不賣而已吧 | 盧布跟垃圾一樣 營收越高賠的越多 | 聯想 衝市佔率 | 捐3000W，爽快。樓下股東表示： | 發一篇文 立馬少3000萬和部分生意 | https://youtu.be/jLI7qYSIWYs | 烏克蘭不敢呼籲在俄市佔第一名的聯想抵制反而點名 | 華碩根本莫名奇妙 | 股東看到捐3000萬都要氣哭惹 | 刀呢？ | 明天清除疑慮直接一根噴 | 聯想表示同志們辛苦了 | 現在收盧布就跟廢紙一樣 當然換其他國家的名聲 | 算了下來也好撿便宜 | 被綁架了 明天崩 | 被點名，科科…. | 被勒索 | 這家公司的公關484反應很慢 什麼都後知後覺的 | 慘.... | 我先預估一下，""後面配10%以上飆翻""，可參考考 | 我算出四檔，包括今天的燦星網，沒理由華碩算錯 | 烏克蘭這麼一弄反而讓人看不起，聯想在俄第一名 | 聯想不是已經停止對俄出貨了嗎 帶風向減刑的真多ㄟ | 中國小編有同意嗎 | 中國小粉紅挺俄要抵制了 | 比中共的第一批人道援烏物資要多點耶 | 中國14E人口真的被看嘸了 華碩一廠商都比國家機器 | 捐得多 | 還好 宏碁 還可以賣 | 會怕就好 | 捐的比中國還多 是不是有人架刀子 | 聯想根本沒有宣布停供俄國，最近幾天在俄官網還打 | 特價行銷，在那邊想抹的快回柵欄內吧股板不適合你 | 刀子呢 | 有做事有推 | 中國小編沒架刀子叫你支持俄羅斯喔 | 還敢收盧布嗎 | 中國不抵制... | 唉呦 不聽中共小編的話啦 拍拍手",原文標題：華碩：停止對俄羅斯出貨 捐款3000萬賑濟烏克蘭 (請勿刪減原文標題) 原文連結： https://money.udn.com/money/amp/story/5612/6164066 (網址超過一行過長請用縮網址工具) 發布時間：20220314 19:12 (請以原文網頁/報紙之發布時間為準) 原文內容： 烏克蘭副總理費多羅夫（Mykhailo Fedorov）在推特發文點名華碩，呼籲華碩退出俄羅斯， 華碩今天晚間在推特發文回應，對俄羅斯市場的出貨已停止，將捐助財團法人賑災基金會 賑濟烏克蘭專戶新台幣3000萬元。 華碩在推特貼文表示，華碩深度關切在烏克蘭逐漸升級的人道主義危機，已積極為當地受影 響的同事及家人提供援助，並將持續關注情勢的進展。 華碩並強調，一直致力遵從所在各國的規範，加上供應鏈、物流、銀行交易及其他因素所形 成的複合性挑戰，對俄羅斯市場的出貨已停止。 華碩表示，為盡一份力量，華碩將捐助財團法人賑災基金會賑濟烏克蘭專戶新台幣3000 萬元，衷心期盼和平及人道援助能即時給予每一位受影響者。 心得/評論： 必需填寫滿30字，無意義者板規處分 針對烏副總理的點名，這次不用小編的刀子了，石頭正面回應啦 是說今天股價開低，結果尾盤快拉到平盤，484藉利空在偷吃貨啊？ 
[情報] 2357華碩 股利 42,2022-03-16,267.0,"噴爆！ | ！ | 又有人偷看答案 | 太誇張...... | 噴爆 | 重演去年來一根? | 今天盤中我就在懷疑了 | 尋人啟示 https://i.imgur.com/a9frXJ6.jpg | 噴爆 | 不錯 比預期高一點 | 噴噴噴噴噴  可惜因為拿刀的小編沒買 | 爽翻 預估才38-40 | 有錢的石頭 | 很大方 但還是輸陽明 | 該出來了吧 對賭仔 | 35x撿了一些，今年股利本來就不錯，真的舒服 | 靠….都有人偷看答案 | 香啊 | 台灣品牌價值第一名的公司 每年殖利率都很有誠意 | 明天學仁寶直接噴 | 期待a蛇～ | WOW很會餒 | 讚 | 早知道的事 外資不知道倒三小朋友 | 真的很爽欸去年發26，今年給你更多 | 香 | 宏碁應該不會比華碩高 不過應該也很高 | 比預估40高一點 不會算配息還想跟人家對賭 | 噴爆 | 愉悅！！！！！ | 石頭委屈了 | 賺爛了 | 今天有人偷看答案 | ASUS本益比與國際品牌比 被低估太久 | 散戶算殖利率就好，大戶算鈔票。 | 宏碁高標3塊吧，我自己估是2.8 | 舒服了 | 我也估40哪可能才配20 | 不要偷看很難嗎？？？？ | 每年都有幾次機會可以低買 沒上車的也不用急 | 不知道微星發多少 去年應該也很賺 | 太香了 | 華碩發這麼多，宏碁應該不會差，都是大賺 | 可惡…買不夠 | 莫名奇妙的借券賣到變注意股？ | 全年EPS 59.97元  Q4 16.23元 | 揚長就是廢 | 政黑板很討厭華碩應該會各種酸 | 又一個好香的 | 99...A蛇...(斷氣) | 跟預估的一模一樣 坐等噴出 | 這不用偷看 早就算得出了 老闆還更大方 | 討厭中共跟買華碩不衝突啊 | 去年筆電出貨大成長啊 | 可就是有人不會算還想賭阿 等他出來 | 好香 噴爆 | 35x有考慮撿，但是滿手宏碁就想說算了，這隻真的最 | 穩，營收成長都是 | 讚讚 | 對啊華碩股利根本國小算術 | 這隻看歷年獲利，也是景氣循環股，疫情期間比較賺 | 石頭好讚！！！ | 有點厲害 | A蛇不知道什麼時候公佈 | 雖然最近變V蛇，但還是要...99...A蛇...(斷氣) | 之前被覺青抵制 有被錯殺有小撿 | 我也估40高於預期，但現在殖利率高的反而很抖... | 去年300以下就有人說景氣循環股了 | 差不多配7成吧 | 好有誠意，去年也是兩根 | 海運跟我們石頭比起來 真是糞 配7成 | 早盤都在做太陽能 尾盤才想到要撿 只撿到300股 | 希望有機會4開頭出掉 | 尾盤沒人偷看答案嗎？ | 好猛 | 看到去年公佈兩根 今年早就先買好 等噴發 | 大氣 | 配七成太威了 | 讚!!!! | 去年有人嫌刀碩  還放空XDD | 噴噴 | 制裁俄羅斯發酵 | 幹 太香了吧 | 蕭罕 | 這太屌了 | 早就可以算出的東西阿 要偷看什麼答案 | 好猛喔！！！！！ | 賺爛了賺爛了 | 3字頭慢慢撿 不到426不賣 | 子龍怎麼這麼猛 | good！ | EPS快60很棒啊~~又香又威 | 牛逼啊 | EPS 60 股利42 有誠意 | [心得] 身為華碩股東應該要關心的事 | 配7成真的很有誠意～ | 營收沒下滑前都不用賣 | 明天400給有緣人收 | 不會算沒關係，版上都有人幫你算好還跟你講了XD | 硬硬的 | 比預估多2塊 | 雙A都噴噴噴 | 歷年6成5是基本 根本不用偷看 花點時間算就好 | 希望A蛇也不要讓股東失望啊~~~ | 不像技嘉這種爛公司 | 不算今年近4年都超過7成 | 股票買石頭 手機買zenfone 七進又七出 是我趙子龍 | 噴了啦，全力買進 | 我都抓配2/3 | A蛇不知道什麼時候公佈，也壓了不少比例在上面 | 好噴 | 皇家俱樂部永遠歡迎你 | 噴爆了 | 反觀G排 | K大我跟你一樣 華碩A蛇佔持股一半比例 | 噴 | 為什麼沒人提填的了息嗎？ | 華碩應該比較好A蛇可能會差蠻多的 | 99 A蛇發個3塊吧 30.6冤魂在此 | 航運表示： | 很慷慨欸 | 股價沒對不起股利壓給的也爽快不囉嗦 | 香 | 噴爛 | 66666666還好沒賣 | A蛇估個2.3-2.8 | 3就高標了 | 怎麼沒人提因疫情得利 | 去年配也早填息了啊 | 笑死 看看算殖利率的陽長 結果被倒貨到跌停 | 380內隨便上車都賺錢 | 99…A蛇…(斷氣) | 有些大賺還給的龜龜毛毛的就不說了 | 看看仁寶 今天漲多少 | 強 | 噴爆 | 又配張顯卡 | 接近預估的值,不過今天海運這樣走,嚇死人 | 一年噴一根 | 還不錯欸 | 太猛了 | 分配七成 拿海運四成多比? 是反串嗎 | A蛇估個2.7 | 噴昏 | 拿陽長比的才真的笑死，陽長又沒有每年固定發7，8% | 的股利 | 華碩真的屌 | 噴報!!!! | 完了，根本沒補貨 | 明天來買個零股 | 有夠猛，刀子架成這樣 | 不愧是子龍 | 支那小編刀可以放下了 | 台股有人偷看答案不意外 | 崩盤那天早已買好 最近仍然缺貨不斷 持續看好 | 好奇有人因為烏克蘭總理 賣在阿呆谷嗎= = | 能賺錢又大方配的就是好公司 | 成本180  太舒服了 | 烏克蘭事件是加碼好機會 | 這個配發率屌打貨櫃太舒服了 | 比萬海好 | 小心不要貿然買進，主力會放空 | 不可能吧誰管他烏克蘭怎樣烏克蘭又不會配股利 | 小編的刀>烏克蘭的刀 | 難怪長榮被倒爛 | 不塊是大哥  反觀那個技嘉 | 好公司 再推 | 有人進去玩了感覺有機會噴一波 | 扯扯扯 | 好公司，該跪就要跪才能賺大錢 | 好扯 | 終於等到惹 讚讚 | 反觀技嘉 | 外資本來就有病 | 謝謝大家 | 大爆噴 | 除完再買 | 明天大爆噴，會破400 | 干這三小 | Wow | 反觀廢物技嘉 | 噴個屌 今年會很慘怎麼噴 | 垃圾技嘉~如果跟華碩一樣老實~ | 反觀長榮技嘉 | 夠舔會賺錢當然噴 | 好到爆 我只估35 | 希望外資幫忙賣下去 | 很大方了啦 至少會給阿！！！ | 留錢過冬和處理顯卡保固吧，礦卡不知要爆多少 | 外資再賣啥小 有傻 | 明天跳空上400吧 | 878 買一堆 | 太強了吧 | 乾 太猛了吧!!!!!!!!!!!! 比預估高超多 | 反觀技嘉 | 噴噴 | 華碩跟宏碁都買就是怕遇到技嘉那種垃圾 | Q4比想像好。三率又有拉起來 | 系統廠來說 不錯啦 ㄏㄏ | 42… | ptt一片樂觀 | 技嘉: | 明天見紅空 睏霸數錢 | 說見紅空怕你之後每天睡不著 | 00878 其實裡面買不少高殖利率的股票欸 好像也不錯 | 華碩員工哭 長榮股東哭 | 小兒笑而不語 | 雙A噴噴噴 | 反觀技嘉，賺錢不發然後賺的切子公司 | 爽ㄚ刺ㄚ | 哇靠，越來越香耶，噴噴 | 反觀 | 最近才買華碩電腦四萬多 | 猛 | 太神了 | 佛心好公司 | 反觀貨櫃 | 反觀垃圾技嘉 | 要噴了！！！ | 股版罵共碩 噓噓東 卻對股東最好 | 集體泡咖啡 | 屌打2330...... | 杜爛 當初就是太小氣才不當他股東 現在這樣很xx | 佛心公司 | 我猜明天會爆噴 但貨櫃航運卻... | 不敢想明天 | 沈船又吞電路板 | 這很家很黑心 續航力應該不錯 | 沉 | 太扯了吧 | 太扯 | 比拉基航運有誠意多了 | 直到買的到原價顯卡前都看好 | 這個數字不出意外啊 反正股價又不漲 | 歡迎抬轎啊～ | 歡迎繼續算殖利率，一篇一根不要不信 | 有人存這支的嗎 | 223樓，華碩什麼時候小氣過了…、幾乎都767成欸 | *67成 | 這才是因疫情的真景氣循環股 | 殖利率11%，明天直接漲停吧 | 我鋼鐵碩粉，這幾個月350-380間上上下下真的要被氣 | 死:( | 航運殖利率15趴都被倒爛，11趴能漲多少我是不敢想得 | 太美啦… | 好猛 | Q4 EPS高於預期...原本怕空運漲吃掉獲利，沒想到比 | 前兩季都好 | 謝謝之前不知道誰的表 我買了兩張 | 現在一堆質律例高的 | 身為華碩股東，每年只有這時講話最大聲 XD | 抵制刀碩的放空了沒 | 跟2603一樣直接崩盤，可憐咯 | 這42要填息？ 還不跑？ | 放個2年成本有機會280 有啥好唉的==放長就是舒服啊 | 填得了嗎… | 太扯了吧 共碩 | 明天漲停 | 長榮劇本 | 哈哈哈這邊真的是反指標 | 跳水 想不到吧 | 現在高殖利率都不香了嗎? | 殖利率持續上升中 | 超高殖利率 | 狂 | 爽就今年而已 之後不能挖礦了 顯卡財GG | 下去",1. 董事會擬議日期：111/03/16 2. 股利所屬年(季)度：110年 年度 3. 股利所屬期間：110/01/01 至 110/12/31 4. 股東配發內容： (1)盈餘分配之現金股利(元/股)：42.00000000 (2)法定盈餘公積發放之現金(元/股)：0 (3)資本公積發放之現金(元/股)：0 (4)股東配發之現金(股利)總金額(元)：31195931760 (5)盈餘轉增資配股(元/股)：0 (6)法定盈餘公積轉增資配股(元/股)：0 (7)資本公積轉增資配股(元/股)：0 (8)股東配股總股數(股)：0 5. 其他應敘明事項： 無 6. 普通股每股面額欄位：新台幣10.0000元 資料來源: https://mops.twse.com.tw/mops/web/t05sr01_1 殖利率11.1% 又夠香~~ 
Re: [情報] 2357華碩 股利 42,2022-03-16,82.0,"今年大家值利率都偏高，蠻難的 | 不太可能股價不能這樣算 | 華碩喔...先上400吧 | 600太美不敢想 | 15%的陽明已哭 | 太樂觀了,能過前年426就不錯了,市場預估應該會衰退 | 大盤不好的話很難之前是多頭一直拱 | 今年一月二月財報要是有hold住就有夢想了 | 看看長榮陽明，想想可樂果 | 雖然2021年打臉一整年完全沒衰退還創高 | 而且疫情下筆電該買的應該都買的差不多了再來能穩定 | 就很好了 | 美國縮債有影響的 | 開5%大概就一堆人要出ㄅ | 中高價股還是得有法人願意拱才行 | 6.9～8可接受 貨櫃群：看我幹嘛 | 太樂觀 去年8%算亮眼 今年標準拉更高 | 如果420我就出清了 | 估值沒這麼高吧?  本業PC | 不可能，不能這樣算，去年是因為知道今年也會發這 | 麼多才會漲，未來筆電衰退，股價無法維持高點 | 明天400讓給有緣人 | 用6～8%殖利率來算聯詠不就超香 | 每年都說明年要衰退 一二月營收還年增勒 | 仁寶都說筆電部分不會太好 你覺得華碩今年會好嗎 | 垃圾手機 | 後疫情需求開始降就比較難了也好兩三年了從2020年17 | 5左右一路上來 | 不要幻想8%好嗎  航運一座大山壓在那邊 | 又在做夢...看看航運就知道了 | 外資在板上被當成神 偏偏近2年操作根本反指標 | 建議可以盯月營收如果開始一路掉就要跑了沒有就不 | 管他 | 反正我成本200不到 等上500給你各位追高抬轎仔 | 今年9%10%差不多就頂了 420-465 | t大中肯== | 外資就持股49%的大股東你不看外資要看誰 | 今年 | 關於支碩一律建議426見，去年摸過了 | 能這樣算陽明應該早就破200了 | 明天開高空 長榮市範過一次了 | 航運15％照樣跌給你看 | 外資持股 去年八月開始 -6% 投信持股+80% | 等426賣 | 42/368=0.11 殖利率才11趴 不算高吧 | 400絕對沒問題 | 賠錢韭菜共同特徵就是很會算殖利率 | 用殖利率算股價，GG大概300吧 | 外資股票多壓高不賣難道要等低再賣喔手中36萬5千張 | 耶 | 今天有個殖利率15%的被倒貨跌停參考一下 | 上5字頭？想太多 | 99廢物技嘉 | 去年有棄息賣壓，除息當天開低。 | 如果算殖利率就能發財大家都是富翁了 | 疫情關係營收才那麼高，現在需求早已收斂了 | 不懂這樣算你把陽明放那邊 | 還在用殖利率算股價呀 | 500想太多了，先站穩400平台再說吧，這幾個月都380 | 就下去 | 有沒看到營收啊？ | 長榮即使今天快跌停，還是大於11％ | 航運殖利率可能要一百％才不會跌 | 8％漲，15％跌，好棒棒 | https://i.imgur.com/xt2j67N.jpg | 不同產業不能這樣比 | 明天還能不能追啊 QQ | 關鍵還是明年還能保持成長嗎 | 未來看月營收啊你問董事長都會估錯 | 我問過上櫃公司老董看壞未來過一年說訂單做不完 | 後面給你，我400就ok了 | 這樣算滷肉是不是要1000? | 450極限 | 航運殖利率15% 還不是咕嚕咕嚕 | 我只聽到QA說 獲利率期望維持6%以上 | 有這樣在算的..？  不用看營收動能嗎 | 看到這種算殖利率的文章，八成明天都是黑K | 鄉民整天算數字 | 營收越爛越噴 垃圾股一隻 | nb q2 後 很悲劇...這次給息後  長套 | 電競板卡筆電沒有夢想了嗎 | 明天漲 說法又不一樣了 哈哈",2020 35.76 配26 約72.6% 公布前一周 323.5 公布當周收 377.5 股價 16.5% 殖利率 8% > 6.9% 2021 59.97 配42 約70% 今天收 379 (期貨收381.5) 殖利率 11% 如果殖利率 6.9~8%是市場能接受的 那股價 525608可以期待一下(? 雖然外資一直在賣可是投信去年八月除息後持股增加快一倍 
Re: [情報] 2357華碩 股利 42,2022-03-16,17.0,那天要加碼掛太低哭哭 | 猜對就說自己先知猜錯就躲起來裝死? | 跟老蘇一樣 漲的我都有 跌的我都賣了 | …………………. | 回AZ:線上一票被崇拜的老濕都是這種 | 摳憐 | 這樣你也爽？ | 丟臉 | 除息完再買吧 | 明年EPS能維持42元嗎？ 我看有點難吧 | *今年 | 側翼去要贊助要不到 見笑轉生氣吧 | 笑死 今天跳水在你預測之中嗎 哈哈 | 3/15股價在362~368隨便買，前不會看高385+乖離? | 用你的邏輯當然不懂!! | https://i.imgur.com/a/1qFDyjx.jpg | https://i.imgur.com/3bXayhW.png,3/14當天跌破季線後拉線下引線，好心推文， 隔天布局石頭非常好的甜蜜點 但只多說一句某國，就被人說帶風向.... 政治歸政治，經濟歸經濟好嗎 真是令人傷心~~~~~~~ 33PS:今年估算出的 燦星網/順達/華碩/新鼎 全部全壘打 [新聞] 華碩：停止對俄羅斯出貨捐款3000萬賑濟 推 skyey0908 : 我先預估一下，後面配10%以上飆翻，可參考考 03/14 22:18 skyey0908 : 我算出四檔，包括今天的燦星網，沒理由華碩算錯 03/14 22:19 skyey0908 : 烏克蘭這麼一弄反而讓人看不起，聯想在俄第一名 03/14 22:21 推 foolwind : 聯想不是已經停止對俄出貨了嗎 帶風向減刑的真多ㄟ 03/14 22:24 : 1. 董事會擬議日期：111/03/16 : 2. 股利所屬年(季)度：110年 年度 : 3. 股利所屬期間：110/01/01 至 110/12/31 : 4. 股東配發內容： : (1)盈餘分配之現金股利(元/股)：42.00000000 : (2)法定盈餘公積發放之現金(元/股)：0 : (3)資本公積發放之現金(元/股)：0 : (4)股東配發之現金(股利)總金額(元)：31195931760 : (5)盈餘轉增資配股(元/股)：0 : (6)法定盈餘公積轉增資配股(元/股)：0 : (7)資本公積轉增資配股(元/股)：0 : (8)股東配股總股數(股)：0 : 5. 其他應敘明事項： : 無 : 6. 普通股每股面額欄位：新台幣10.0000元 : 資料來源: https://mops.twse.com.tw/mops/web/t05sr01_1 : 殖利率11.1% 又夠香~~ https://imgur.com/a/1qFDyjx 是，因為真的有買，而且沒猜錯沒裝死
[新聞] 無懼唱衰NB　華碩：獲利率今年拚增6%、電,2022-03-16,69.0,華碩品質，堅若磐石 | 只創高兩年 PE2 跌停 比照長榮 | 照公司說法 獲利明年更好 | 這股息配發真的很逆天 準備看500? | 其實華碩的質量就能說明為什麼華碩一再創新高了，東 | 西質量好、售後服務佳，台灣的民眾最有感 | 你要說多會行銷？我覺得還好，用的是口碑服人 | 其他代工 毛利掉很多  刀碩還是有穩住 | 你我身邊的朋友就是最好的華碩銷售員 | 可是我朋友華碩員工說自家東西爛死了（？） | 華碩的東西好？？笑屎 終身不買華碩 | 華碩的品質? 你是不是反串阿 隔壁手機版變磚頭一堆 | 以卵擊石 | 真的要很拼喔！希望漲停讓我出!XD | 售後服務好我看你是沒跑過子龍任務喔 | 現在誰看殖利率...隔壁1X%的一個比一個還慘 | 不說好難道要說很爛== | 阿速速 啊速石 A蛇石 | 品牌廠跟景氣循環股比= = | 華碩.微星.技嘉3家都被嫌過 | 華碩品質？ 子龍機笑而不語 | 今年電競真的價格超殺 | 不能比嗎？ 他能賺成這樣不也是因為現在環境？ | ASUS比另外兩家顯卡公司業績穩定多了 | 現在買不到便宜顯卡，難道能持續下去？ | 手機大概會再更慘，口碑實在不好 | 華碩還有一堆金雞…研華、和碩、力智、祥碩、研揚 | 華碩品質真的爛，我就是親身體驗過了 | 反正其他東西是副業 他本業賺到翻過去 | 顯卡買不到是平行時空嗎？新品都在降價了 | 七進七出皇家俱樂部 | 便宜顯卡就真的買不到 現在都漲過的 | 都很爛 只是其他更爛 | 前2個月營收年增20%，今年獲利再成長看來有機會 | 有貨能出就是王 | 還有人敢買華碩喔＝ ＝ | 今年不會有遠距需求 慘 | 是沒去過電蝦哦XDD | 前兩個月都還是雙位數年增，但關鍵還是下半年的表現 | 為啥華碩顯卡都要綁阿里阿雜 還貴桑桑 | 超黑心的 讚讚讚 創新高 | 出貨文不要不信 | 喔，筆電真的不錯，停電還可以檔一下，有時間找電 | 源 | 子龍任務你以為是開玩笑的嗎 | 是常常壞，客戶一直買新的，所以業績好吧 | 我只知道法人看衰就是要反著做 | 去年12月報告就修正今年NB成長個位數，但是明年會衰 | 退滿多的 | 不賣俄羅斯會影響嗎 | 放棄手機業務還會賺更多，快點醒醒啊 | 華碩靠行銷? 沒有吧? 產品多賣一些你看起來用不到但 | 很酷的東西騙你買倒是真的 | 笑死 說話說品質好的是多久沒買華碩 | 品質 我看 你完全是不懂喔 | 就是要壞才有換機潮啊 | 沒買過產品只買股票會發股利就好 | 華碩品質以卵擊石 但是其他幾家也是差不多啦 還不 | 如買刀碩至少還能去皇家 | 刀碩品質好?  騙人沒買過嗎 | 光看ROG的品牌知名度 就知道電競真的是有打開市場 | RGB信仰雖然常常被酸 但大家還是很愛 | 華碩電競那邊行銷算尚可吧 | 除了白癡的小編事件以外 | 1 樓是不是吃錯豆沙包了？ | ROG在台灣不確定 但至少對岸搞全家桶基本都是ROG | 所謂的品質好是建立在其他廠很爛 | 消費者沒有多餘的選擇 | 怎麼我聽到的是CEO在QA說盡量維持6%,新聞來源：蘋果日報 網址 https://tw.appledaily.com/property/20220316/W3KN24ZSTJHELIFTWH5QVMFYOA/ 無懼唱衰NB 華碩：獲利率今年拚增6%、電競增20% 顯示卡和PC需求帶動，PC品牌大廠華碩（2357）去年每股獲利59.98元，賺近6個股本，創 下歷史新高，毛利率、營益率、淨利率也繳出三率三升的成績。展望今年，預估首季PC個 位數季減，但仍有年增4成水準。全年業績設定積極目標，今年營收拚續增、獲利率至少 要6%成長，電競年成長20%。 法人關注地緣政治、通膨因素、供應鏈狀況，華碩指出，沒看到市場需求和價格劇烈波動 ，今年首季需求有支撐，第2季能見度都是正成長，雖然部分電源管理IC、 IDM美系IC仍 缺貨，但全球2/3通路，包括美國、歐洲、中國通路已回復疫情前的健康水位，隨著供需 平衡，預期售價和獲利回復常態化，前線庫存去化。 展望首季，華碩預估首季PC為個位數季減、年增4成，零組件業務也為個位數季減，年持 平。顯卡能見也有2位數，但下半年需動態觀察數位貨幣發展 華碩去年品牌營收達 5004.01億元，年增 30.8%，毛利率 20.29%，年增 3.11 個百分點 ，營益率 9.64%，年增 3.01 個百分點，稅後純益 445.5 億元，年增 67.7%，淨利率 8. 9%，年增 1.96 個百分點，每股純益59.98元，獲利指標達成三率三升。 華碩轉投資亞旭去年單季也由虧轉盈，單季純益達 3400 萬元，華碩說明，亞旭透過開源 內部營運管理節流轉為獲利，但因為首季受到疫情影響，預期虧損會接近1億元。 華碩鎖定電競市場，去年電競佔營收比已達4成，華碩預估，今年電競業績仍可年增20%， 看好未來 3~5年電競產業還可以進化，會高同業和市場平均的10%為目標。（陳俐妏台 北報導） .. 去年獲利60元eps.今年拼獲利年增6%那就是今年eps挑戰64元，大家都覺得去年獲利是歷 史高點了，結果今年獲利才要挑戰歷史新高.. 
[新聞] 《電腦設備》配息利多失靈 華碩翻黑,2022-03-17,53.0,陽明 長榮: | 你的滷肉呢 | 放著配吧.. | 15%都下去了你以為11%能鎖漲停？ | 高配息股殺。代表主力要開始大嘎空了。內行的就懂我 | 在說什麼。佛度有緣人嘻嘻 | 沒跌停算你及格了 | 開獎前先買，開獎後倒韭菜賺錢好簡單 | 不EY 一堆智障今天去買 當然7414  可憐 | 15%都快跌停了 11%小跌很不錯了 | A蛇還比較強，可惜窩賣惹，不用99A蛇惹，已斷氣 | https://i.imgur.com/j7hr3WD.jpg | 長榮表示羨慕 | 配息公布就是出貨訊號 | 至少沒跌停，很好了 | 我也賣掉a蛇了 | 保羅你太猛了 下次想吹哪隻 | 保羅加持 | 技嘉怎辦 | 喊水會蒸發 | 開獎隔天棄息  還蠻常見的  短線客只是賺價差而已 | 反正要長投領息的  也不會開獎隔天就衝進去買吧 | 老招今年沒用 | 有種跌倒250讓我再接幾張 | 殖利率越來越高了 | 台股漲跟跌都是主力決定的 嗚嗚 | 這麼愛配息 今天就先幫你配 | 廢文王洗文火力全開 | 拿胡先生廢文沒皮條 | 殖利率越來越高 | 明天就紅了 | A速死 | 根本沒人想等填息 | 阿榮: Hi 你也來啦? | 被保羅點名  完了要崩了 塊陶啊 | 長榮：意外嗎？ | 哪像技嘉那種.... | 他最近股價會除息給你看，去年也這樣，然後要留著放 | 滿幾個月 | 外資借券賣沒得到好處吧，搞不懂為什麼要虧錢賣 | 螺 | 難得爆量 衝的上去嗎 | 法會哪次不跌 | 從200元買到現在有差嗎? XDDD | 殖利率能吃嗎。？ | 不給保羅面子是嗎～ | 難怪今天能撿到便宜 | 明天繼續跌再考慮要不要撿... | 現在沒有15%的，一開獎，都瑟瑟發抖!! | 乾 什麼時候開始15%變低標了 | 疫情過後第一個衝擊的就是電腦族群阿 | 管你發多少 今年就是準備下去 | 支碩日常啊，習慣了... ; ),https://bit.ly/ 縮網址，連結能不能點擊者板規122處份。 3.心得/評論請盡量充實，[m心得過短或濫竽充數將會以123一行文規範水桶處份 4.發文請依照格式文章標明段落，不符合格式者依41刪文處分。 以上注意事項 應刪除 (請勿刪減原文標題) 原文連結： https://www.chinatimes.com/realtimenews/20220317001631260410?chdtv (網址超過一行過長請用縮網址工具) 發布時間：09:58 2022/03/17 時報資訊 任珮云 (請以原文網頁/報紙之發布時間為準) 原文內容： 華碩(2357)遭證交所列為注易交易資訊個股，證交所公告內容指出，華碩3月15日之最近 六個營業日之借券賣出成交量占最近六個營業日總成交量比率15.49%，且3月15日借券賣 出成交量較最近六十個營業日之日平均借券賣出成交量放大為5.9倍。受到消息面影響， 華碩在昨天宣布42元現金股利下，早盤股價不漲反跌。 目前華碩偏空的資訊如下：外資近5日賣超第15名，千張大戶減少0.42%持股；至於多方訊 息則有，股價突破周線、月線及季線，月K棒連2月收紅。 華碩共同執行長許先越表示，今年華碩在商用筆電可望有高速的成長，至於消費性筆電中 的電競和創作者筆電，今年對華碩營收貢獻也會有好成績，去年單就電競NB品項占華碩營 收比就達4成。 心得/評論：華碩配這麼多殖利率又高原本以為股價會衝一波想不到卻翻黑不過華碩 也算是獲利良好的公司相信買進華碩還是會有好的報酬的今日你買進華碩明日財富讓 你盡情享受 
[新聞] 華碩被點名、Uniqlo表錯態 地緣政治成台,2022-03-18,68.0,華碩專業不是小編拿刀子嗎 | 刀碩公關出包也不是第一次了 | 華碩也該請個政治學博士 | 現在每家公司都需要政治學博士 | 政治、國關的逆襲？ | 快跌停我來檢 | 華碩真衰 賣個電腦也要上政治學課 | 又不是唯一技術跟壟斷市場 不是微軟谷歌 | 覺青2字頭就不會買了不差現在 | 各種點兵點將，被點到就是雖 | 一邊要聽中國爸爸的 一邊又要聽美國爸爸的  QQ | 刀碩經典案例 | 一句話總結：聽美國爸爸的就對了 | 寫了那麼多廢話 | 只能說很衰洨 | 前面一堆作業給你抄  還抄錯 | 刀碩呵呵 | 微星表示...... | 跟美國爸爸走就對了 找博士的錢都可以省下來 | 昨天在跌這個嗎？ | 一篇一丸羹 | 被烏點到的真雖小 | 期待烏點名中國 我看他沒那懶趴 | 支碩知道錯了，不要再賣他了好嗎;( | 點名中企也沒用 內容直接被中媒BAN掉 無法造輿論 | 支那小編磨刀中 | 烏克蘭都沒點名中國的企業，就知道有多親中了... | 修個西瓜，修再多也抵不過人家一把刀子 | 買到被台股仇視的股票 真倒楣 | 不敢點宏碁、聯想？ | 有點到中國企業啊，中國台灣的企業不是？ | 無聊 | 刀碩感覺問題在對分公司的控制力度不夠 | 跟大廠腳步就好 | 烏克蘭有臉喔 | 烏就親中 一堆人傻傻捐錢 | 就看看烏之後還會不會繼續爽賣武器，真有臉說自己 | 很正義，要不要想想遠在天邊的台灣現在如何 | 正義這句話烏講其他都可以唯獨台灣不行 | 現在捐錢之類的單純就同情+表態給他人（美國）看的 | ，真當所有人是笨蛋以為都不知道他們以前做了多少 | 事就對了 | 懂基本常識跟普世價值比較重要 | 放火的人自己滅火 當英雄 還想要掌聲？ | 跟著黨走就好了 有什麼難 | 烏克蘭賣對岸軍火勒..雙標啦 | 地緣政治是所有跨國企業的必修課 | 什麼大義，太高空了。講白的就是俄羅斯市場不夠強， | 盧布跳水不值錢才退出。有在care 新疆棉的少之又少 | 華碩不是有專業小編？ | 戰國策zzz | 商人無國界，表個屁態。 | 怎麼可能是私人企業就沒事，不表態也是一個危機， | 人家竭盡所能要救國所以情勒，那天自己國家要被救 | ，還要拉政治歸政治來救援嗎？國際品牌的經營遇到 | 全球化分裂，要經營品牌就要有這樣問題會越來越普 | 遍的認知。 | 把舔俄總統幹的事賴在澤倫身上 某些人邏輯好棒棒 | 逼人表態 可憐 | 表錯態是三小，記者？ | 台灣被排擠的時候烏克蘭有出來幫助嗎，笑死 | 刀碩主力廠都蓋在中國了 全力挺烏才是找自己麻煩 | 台灣的國際名聲也沒多好啊，漁船隨意槍殺其他船外 | 國漁民之類的 | 能殺多一點嗎 想買 | 總有人喜歡拿個案當通則無限上綱 | 哈哈哈 打完之後還不是老樣子 | 也是被搞 刀碩的宿命,原文標題： 華碩被點名、Uniqlo表錯態 地緣政治成台商必修課 原文連結： https://www.rti.org.tw/news/view/id/2127544 發布時間： 20220317 原文內容： 3月10日，烏克蘭副總理兼數位轉型部長費多羅夫（Mykhailo Fedorov）在推特（Twitter） 公開呼籲台灣跨國科技公司華碩加入抵制俄羅斯行列。 為什麼華碩會被公開點名？因為多年來，華碩以品牌ROG在俄羅斯電競市場稱霸，且根 據IDC統計，2021年第四季俄羅斯PC市場（含筆電與桌上型電腦），華碩也以市占率15.6 位居第三，僅次於中國聯想和宏碁。 台灣時間14日晚間，華碩公開聲明，願捐助新台幣3千萬元賑濟烏克蘭，另因供應鏈、物 流、銀行交易及其他因素形成的挑戰，對俄羅斯市場出貨已停滯。 這個回應，一方面呼應日前經濟部長王美花台灣跟民主國家站在一起、相信華碩會對 商譽作整體考量的說法，另一方面以不可抗力來描述繼續供貨困難，不刻意得罪俄羅斯政 府。 戰國策傳播集團副董事長張美慧認為，華碩為較遲表態而加碼捐款，但未來能否回俄羅斯市 場？因該國政府祭出撤離企業收歸國有，仍充滿變數。她提醒，政治議題須小心應對，公司 內部須持續凝聚共識，避免發生如2020年華碩小編自稱中國公司的自走砲危機。 顧小我、失大我 優衣庫接連犯低級錯誤 在華碩被點名之後，下一個台灣品牌會是誰？ 華碩不是第一個被費多羅夫點名的跨國品牌，之前他也曾要求蘋果、Google、Meta和微軟抵 制俄羅斯，這些公司也確實停止在俄國銷售產品和服務。而依照俄羅斯PC市場排名，業界推 測下一個被點名台灣品牌可能是宏碁。 而在費多羅夫發信前幾個小時前，優衣庫（Uniqlo）創辦人柳井正信誓旦旦不退出俄羅斯市 場的政策大轉彎，由母公司迅銷（Fast Retailing）發出聲明：由於當前情勢發生變化， 繼續經營業務有各種困難，我們決定暫停業務。 所謂經營業務的困難，最重要的原因，莫過於柳井正7日受訪時說：衣服是生活必需 品，俄羅斯人也有生存權。這番話引來國際大量抨擊，社群媒體上甚至出現 BoycottUNI QLO的標籤。 這凸顯了跨國品牌的政治難題。退或不退？如何表態？品牌如何應對地緣政治風險？正考驗 著企業經營者的智慧。 一開始，柳井正並不打算退出俄羅斯，他一向自詡為獨立自主的商人。《財星》雜誌（ Fortune）說，他一向不認為品牌該做出政治選擇。 但，品牌真能自外於政治嗎？台灣大學國企系教授林俊昇認為，品牌跟政治立場並非無關， 那是品牌態度的一部分。例如Nike的品牌精神是Just do it，就必須快速表態、成為 早期撤出的運動品牌之一；但優衣庫沒有那麼強烈的品牌態度，晚一點表態無妨，但不可能 不表態。 品牌就像人，即使你是個保守的人，仍必須做出道德選擇，不可能兩面討好。他認為： 小我是市場獲利，而大我則是人道主義，大是大非很明白，優衣庫第一時間做出的決定， 是一個全球品牌犯下的低級錯誤。 就連曾任優衣庫人權顧問的田瀨和夫，也質疑柳井正的決定，他接受商周訪問時表示，俄羅 斯入侵烏克蘭是戰爭犯罪，優衣庫一開始的決定純粹只是不想失去市場，卻很明顯間接支持 了人權侵害。 《經濟學人》直指現在是後後冷戰時期。在後冷戰時期理想破碎的今天，國際政局的動 盪，導致企業不得不被動面對許多變局。 避風險比蹭熱度更重要 第一時間出錯仍可以補救 烏克蘭政府非常積極運用壓力戰手法，主動要求各國企業表態退出俄羅斯市場，品牌如果 被點名又沒有準備，殺傷力就會很強。張美慧提醒：在爭議性話題上，避風險比蹭熱度 更重要。 她建議企業第一時間不要急於表態，若必須表態，以企業最大利益取捨，並堅持原則。若無 法堅持，也必須有好的陳述。從這三點來看，優衣庫只有做到第一點，後面兩項都沒做好 ，品牌危機處理連續失分。 第一時間處理出錯，能彌補嗎？千禧世代後的消費者是允許品牌犯錯的，只要在犯錯後品 牌能提出夠強的補救措施。林俊昇舉例，當初路易莎咖啡在滅頂事件後，選擇跟味全合作 被抵制，24小時內急轉彎改回供應商，並迅速開始跟小農合作：反而從危機中找出轉機。 俄烏戰爭對台灣企業的警惕是，必須提升應對兩岸政治危機的智慧，張美慧觀察，許多台灣 企業對此毫無準備。她認為企業必須在危機發生前盤點，每年至少一次演練，要像防空演習 一般做足防範。 企業對匯率變動、數位轉型等經濟巨變可能都做好準備，但下一課將是面對政治巨變的風險 檢查。布魯金斯學會（Brookings Institution）資深研究員懷特（Thomas Wright）說： 我們正處在新時代的開端，而開端總可能存在危險。 新時代的危險開端，應該如何表態、如何避險，將是品牌在地緣政治烽火下，最重要的一堂 課。 心得/評論： 難怪強如台積電也要招募政治學博士 生意做大了地緣政治也要去正視 更別提國內、兩岸的角力就是一堆XX 不然台積電怎會去高雄設廠？ 上市櫃公司應有地緣政治的智慧 英國老人在海關翻找護照，動作很慢找了很久，女海關尖酸的問：你來過法國？ 英國老頭說：我只來過一次。女海關更尖酸的問：你來過怎麼不知道提前拿護照？ 老頭：我上次來時沒檢查護照。 女海關高聲叫道：不可能英國佬來法國我們永遠都要檢查護照 老頭：44年登陸時候，海灘上可一個法國人沒見著... 旁邊德國老頭說：是的，這個我能證明，當時灘頭確實一個法國人都沒有... 
[情報] 2357華碩2月自結 EPS 3.5,2022-03-18,47.0,以卵擊石 | 大家都卡好位 發現沒人要拉XD | 華碩公佈配息大家都以為要漲停反觀欸蛇公佈配息一 | 堆人酸XD 結果就..... | 利多不漲 一有利空就下去 .. | 高價股崩下來粉可怕的 升息寧願買便宜金融股 | 反指標阿 | 券賣到開自結也太慘 | ASUS跟ACER的消長應該跟俄羅斯制裁有關係 | 好啦崩到淨值讓我撿好了，能賣就繼續賣吧...(被弄到 | 我今天才把A蛇賣掉 感覺賣早了QQ | 自暴自棄惹QQ | 借券壓不知道什麼意思的，臭歪豬 | 兩者不是反應股利政策 而是fu糗 | 超莫名其妙 | 顯示卡最近銷量...呵呵 | ㄟ蛇有FU糗啦，人家賣佛豬欸 | 明年呢 後年呢 大後年呢 | 超慘石頭…被券賣到開自結～ | 蛇蛇賣飲料，是食品股 | 華碩委屈了... | 股版股票可能都要被酸民酸翻天才會漲 | 蛇蛇最近開很多業務欸 | 顯卡都不綁臭臭包了 可憐哦 | 那為什麼蛇蛇不用，借券到快的上限欸 | 外資持股超高的個股都是被控爽的 | 欠賣喔 多賣一點 | 9F在說什麼，A蛇在俄羅斯市佔比石頭大耶 | 二月沒月減？ | 可憐QQ | 慘 | 99石頭 | 3.5 不到長榮的水準 下去 | 石頭該學A蛇想些新花招來賣了！XD | 二月還有3.5有夠扯 今年保底42了 | 沒fu糗 | 這還不是完整的營收，不然應該更高 | 慘了 陽明也有 | 什麼情況會被要求開自結 | 被列為注意股 | 烏克蘭司機來點名，點到誰誰就崩盤 | ptt標準反指標 | 強 | 比去年增加43趴，還被賣爛，可憐吶 | 噴噴 | 不發自結還好，一發就… | 二月淡季還有3.5 華碩委屈了,1. 標題：2357華碩2月自結 EPS 3.5 2. 來源：公開資訊觀測站 3. 網址： https://mops.twse.com.tw/mops/web/index 4. 內文： 1.事實發生日:111/03/18 2.發生緣由:依臺灣證券交易所股份有限公司指示辦理 3.財務業務資訊: 期間 月 季 最近四季累計 最近一月 與去年 最近一季 與去年 110年第1季 科目 111年2月 同期增減% 110年第4季 同期增減% 至110年第4季 (個體報表 (合併財報 (合併財報 自結數) 查核數) 查核數) 營業收入 35930 65.25 151904 24.18 535239 (百萬) 稅前淨利 3111 41.90 14783 44.36 59089 (百萬) 歸屬母公司 2595 43.32 12058 22.46 44550 業主淨利 (百萬) 每股盈餘 3.50 43.44 16.24 22.47 59.98 (元) 被借券賣到開自結 連一年中少數可以大漲的日子都每天收綠 可憐啊 
[新聞] 顯卡一天跌35% 華碩砍價 微星技嘉跟進,2022-03-24,166.0,"該更新電腦配備了嗎 | 終於有便宜的顯卡買了 | 爽  再炒啊 | 拖累mosfet | 便宜的顯卡還在海上 | 等等黨勝利 | 樓下礦老闆 | 哈哈笑死 沒人要挖礦 那個已經沒用了 | 現在剛好幫忙原價清庫存 | 便宜的顯卡還在海上啊 | 來組新電腦囉 | 早就用原始價格買了 無感 | 還好昨天停損，不然今天會哭出來 | 終於可以換顯卡了 | 等等黨大勝利，耶 | 等到送遊戲再叫我 | 爽 可以換卡了 | 買10/10送顯卡 | 爽 一堆黃牛要賠死了 | 爽拉 繼續等 等到定價50% | 太好了 終於可以下手了 | 這一年我顯卡從580-大哥3070-刀碩3070-刀碩3080白 | 也只是回到原價高一點點而已 再等 | 讚 | 台灣跌了嗎延後開盤？ | 乾怎麼多出字 | 塊陶啊啊啊啊啊 | 黃牛價回歸正常售價 | 全都黃牛價轉手好像沒花多少錢XD | 終於可以不用綁套裝電腦了嗎QQ | 跌很久了不是嗎 | 市場反應慢 顯卡跌一個月了 營收還沒反應 | 顯卡這配色真醜 | 終於可以換電腦了 | PS5 PRO可以買了嗎？ | 等三月營收就知道會不會大爆炸了 | 我看原價屋還是黃牛價啊 | 顯在不是還有買顯卡送CPU 感覺半年後組電腦很划算 | 繼續等 | 台灣哪裡有降價？ | 你要有貨啊 | 透支長的技嘉中招 | 黃牛掰掰XD | 顯卡寫得跟期貨一樣= = | 我最近想換，看一看還是貴死人，這東西是不是跟油 | 一樣，便宜的顯卡還在海上 | 買顯卡送AMD CPU AMD的CPU目前賣輸給intel 12代CPU | 可以去PC版看阿 那邊會PO降價訊息 | 我看各大電商現在還是用盤子價在賣耶 啥時會降? | 這篇新聞22日出來算滿快的，給記者五星好評 | 等反應到終端的時候 菊花都謝了 | 總算等到了吼 | fb看到一堆整箱整箱新卡在賣 | 電子還是小心操作吧，需求已經減少 | 通路降價 賣的還是比原廠建議售價貴  XD | 買到撞到 | 現在可以單買 表示礦卡市場已經快飽和了 | 可憐哪 | 媽的顯卡買在最貴的時候，為了玩惡靈古堡，1650這種 | 入門款也花了7千 | 電子OVERBOOKING!!該買金融傳產股了 | 舒服 | 幹 等到了 換機囉 | 黃牛在屯阿 | 我想換電腦囉 | 嘻嘻 漲200% 砍價還是漲100% | 哈哈 死好~ 黃牛88 | 爽啊 還好我先買張A卡頂著 | 如果營收開出來是年減就代表電子 GG了 | 看起來，缺晶片的日子快要過去，電子業的好日子也差 | 不多了 | 三兄弟手牽手跳水 | 6年沒換電腦 繼續炒呀 | 1650你買到7K? | 用顯卡看全電子業，也算是奇葩啦 | 我記憶體 買過8G 2600元的XD 早買早享受 | we are goint to wait, and we are going to wait | and we are going to wait, until they feel pain | 現在8G只有1千初頭 不過早已經組滿32G了 | until they start to bleed | 這只是第一槍 | 訂高價格再特價~消費者覺得有賺和便宜比較重要 | 1650全新2k合理... | 等40系列 | 晶片只要是5G商機八 顯卡廠商影響比較大 | 高價屋：便宜的在公海上 | 主要 | 好喔 明天比手速 | 終於可以組新電腦了 | 還是太貴 繼續等 | 續等 | 在哪裡才能買得到呢.jpg | 等等派贏啦 | 1650買7000我是疫情期間在24h買的，剛去搜尋一下還 | 是留有一些舊的盤子價，價格不合理但是疫情期間也沒 | 啥選擇 | 還好一個月前忍住沒組 | 幹還是比原價貴啊只是回到平常而已 | 99小星星 | 兩個星期前才換新卡，可惜了... | 我還看到二手賣得跟新的一樣價格 完全不知道AMD降價 | 還有人要去撿電子垃圾 當然等台積新卡 | 回平盤 然後下一代過沒多久又要出來了 看盤子接 | eth pos | 上官網買啊  幹嘛去原價屋買 | 被操過的戰損二手顯卡開撿喔 | 崩了 | 炒幣仔不玩了喔 | PS5可以買到了嗎 | 讚讚 | 終於可以換卡了 | ETH2.0 六月要上線 改pos後顯卡需求下降 | 太好了 等不知道多久了 去你的爛礦 | 技嘉終於要超車微星了XD | 現在已經要改成挖礦不用顯卡當作判定了 | 顯卡這兩年的貨量剛好都被轉給礦工礦盤買走 高點收 | 我只能說 收割的超漂亮 | 技嘉50 華碩100收 | 我還在用1066 | 降價在海上 | 終於 我忍到現在… | 等等黨大獲全勝 | 沒有人挖礦了？ | 總算可以換顯卡了 | 然後降價的還在海上 | 終於 | 我等RTX40 | 股價早就反應了 利空出盡。 | 終於可以買電腦了 不錯 | 終於可以好好玩遊戲惹 | 剛問了廠商，廠商說server用的3090沒降，還微升 | 這只證明這些買公版的垃圾公司整天在抬價 幹你娘 | 再等等 | 終於啊 | 不急 再等等 | 礦老闆??? | 我收…給我XDD | 等礦工不玩丟出來才是血流成河的時候 | 跌到多少可以買 我想換便宜顯卡了 | 套在13X 995 | 跌35%也沒跌到當初價格吧 繼續跌 我等著看 | 爽啦 終於 | 在陸XD | 鬼島綁垃圾加價賣 | 還是比原價高啊 | 黃牛 掰 等等黨勝利 | 99華碩 | 掰掰 | 台灣通路商還在撐，坐看能撐多久 | 爽 | 終於可以換顯卡了 | 話說去買別人出脫的二手會不會比較好?不太懂 | 快可以diy自己組電腦了 | 還不夠慘 等到要打折賣再說 某屋還要搭機 | 到大哥網站排隊的人。早就原價買到了 | MD...我連買顯卡都是追高韭菜  2月底才買...XD | 沒比原價低我可是不買的喔 | 晚一天買礦狗少賺兩百 | 黃牛礦蟲死好 | 出貨文 明明還沒到原價 | 終於，有機會撿張顯卡了，挖礦真的害死人 | 挖礦對人類超沒意義 電蟲 | 等等黨真的大勝利 | 我等等黨  我驕傲 | 終於！！！ | 礦韭菜終於要退場了嗎？還我清心乾淨的世界",https://money.udn.com/money/story/122229/6181472 顯卡報價雪崩 一天跌35% 多頭市場反轉向下 高階產品寫史上最大跌幅 業界殺紅眼 華碩傳在陸砍價 微星、技嘉等將跟進 2022/03/22 02:24:50 經濟日報 記者吳凱中、蕭君暉台北報導 顯示卡報價雪崩，高階RTX 3080系列產品價格在澳洲市場一天內大跌35%，創史上最 大跌幅，其他規格顯示卡價格近期平均跌幅也達一成，透露走了兩年多頭的顯示卡市場開 始反轉向下。業界並傳出，板卡龍頭華碩（2357）領頭在大陸砍價，微星、技嘉等同業陸 續跟進，幾乎是殺紅了眼。 技嘉80收 華碩300收 
Re: [新聞] 顯卡一天跌35% 華碩砍價 微星技嘉跟進,2022-03-24,36.0,"超妖 不敢空 | 其實顯卡必跳水大家都知道,早已反映,利空小心吃貨 | 所以可以換顯卡了嗎 | 40都要出了，30砍價不是很正常？ | 等以太pos真的上了，這麼多顯卡丟出來，殺到比售價 | 低很多，你就知道到時銷售會怎樣了，前幾年有礦難的 | 前例 | 微星不是已經反應一個月了吧 哈哈 | 看月營收減少不準呀，6150去年1月到2月還月減35%呢 | 以太pos去年5月就一直喊到現在準備實裝,市場不會後 | 知後覺 | 捷波反而一直噴 | 前幾年礦災就原始訂價打九折+送一堆遊戲還賣不掉XD | 上面打錯 不是打九折 是打六折才對 | 40+挖礦gg | 戰爭 地震  砍價  有一種外資想血洗台股的味道 | 等等黨的勝利 | https://youtu.be/cc0iy2mBPcQ | 現在才報利空，跟看好台積1000然後反手賣出手法…… | pos跳票好幾次了 市場覺得大概這次也會跳 結果真的 | 要上了 | 笑死，玩台股看營收？？ | 台股不看營收 看主力炒手 | 存股的微星77 技嘉38~~ 又如何沒在賣的辣 | 礦狗死光沒？還沒死光我明天再問 | 想太多 挖其他幣不就好了 雖然效益降低但還是賺錢吧 | 要殺到血流成河除非虛擬幣價值先砍半在砍半才有機會 | 股東會會不會送顯示卡 | 80快回剛出的價格了，如果算上通膨率其實溢價不到 | 1000了吧.. | 你知不知道6150賺多少R 看營收玩？他早該漲上300了 | 進場的好時機！ | 挖其他幣? 洗洗睡比較快 | 有一天會回來的 | 6150 5張續抱 不要空拜託辣 | 這波顯卡下殺感覺是等40加上以太2.0吧",: https://money.udn.com/money/story/122229/6181472 : 顯卡報價雪崩 一天跌35% : 多頭市場反轉向下 高階產品寫史上最大跌幅 : 業界殺紅眼 華碩傳在陸砍價 微星、技嘉等將跟進 : 2022/03/22 02:24:50 : 經濟日報 記者吳凱中、蕭君暉台北報導 : 顯示卡報價雪崩，高階RTX 3080系列產品價格在澳洲市場一天內大跌35%，創史上最 : 大跌幅，其他規格顯示卡價格近期平均跌幅也達一成，透露走了兩年多頭的顯示卡市場開 : 始反轉向下。業界並傳出，板卡龍頭華碩（2357）領頭在大陸砍價，微星、技嘉等同業陸 : 續跟進，幾乎是殺紅了眼。 : 技嘉80收 華碩300收 這三檔其實都還好 顯卡100>200>130 還是溢價 重點是這幾檔 2465 6150 3515 精美的2月MOM 17% ~ 43% 不等 除了麗臺另外兩檔感覺都還有肉可以空 股價可以搭配電蝦版隨時提供最新顯卡報價 當然也有一說是在等40所以30在殺.. 就看後續營收怎麼說實話了 
[新聞] 華碩、聯電帶頭 謝金河：保護傘只能靠它,2022-04-01,65.0,可惡 好想空下去 | 不要鬧了 | j丸子，這兩檔請保重 | 蒸的丸子 | 前幾個禮拜前還在喊產業多好 然後現在就在喊崩 有 | 沒有那麼快打臉自己咖 | 最近只要把台股所有市占率較高的點名一遍 點到算你 | 的？ | 他點到都算他的啊 只是都跌的 | 上週還在喊長榮台積電委屈 啊怎麼一周後這些產業景 | 氣馬上反轉 | 靠金融吧剩下都沒用 | 二哥帶頭 跌嗎 | 他是要把所有產業都點過？ | 一下委屈一下反轉 | 今天的二哥 嘻嘻 | 股價不合理你是買幾張？ | 台股應該20000才不委屈 | 難怪今天二哥開跌 | 99石頭 | 點名了優先賣出 | 一吹就下去....不愧是 | 謝謝阿河，阿榮衝了 | 華碩 我招誰惹誰 | 老謝超強的啦。喊完三雄，開始漲 | 懂了，歐印!!! | 呃我二哥今天跌成那樣要怪誰 | 救救二哥 | 丸子 我二哥天下無底 | 每天烏鴉嘴 | 被點了 乾脆點一輪 | 幹丸子 | 老謝+哲哲都不看好航運了，怎麼辦阿？ | 好喔，華碩應該會有300可以買了 | B嘴 | 長榮180見 | 乾 我的二哥 | 99石頭 | 99石頭~~ | 窩的角落生物...呵...這都是個啥...QQ | 去年本益比高有屁用...要不要說今年預估下修了多少. | 不要再點名了 | 石頭要回2字頭惹 被點名 | 你不要…再說了….jpg | 救救蛇蛇 | 難怪二哥… | https://i.imgur.com/GkKYRSH.jpg | 華碩、聯電抱屈..上看-20%? | 完蛋惹~~ | 整天亂點名坑殺散戶... | A石完了 | 幹 聯電今天跌2%多 | GG噴 | 金喝最近地圖泡 狂掃 XD | 二哥直接跌倒 | 還在本益比真的外行人… | 二哥再起不能 直接摔死 | 老謝再壯膽 被套不少 | 二哥這還不吉？ | 二哥死的冤枉 | 找到聯電崩的原因了 | 面板，半導體，資通，貨櫃上？二哥石頭下？ | 先探爛死了 | 超低本益比?XD | 里昂表示：我的薪水很高,原文標題：華碩、聯電帶頭 4產業崩了 謝金河：保護傘只能靠它 原文連結： https://wantrich.chinatimes.com/news/20220401900360420101 發布時間：09:20 20220401 旺得富理財網 李宗莉 原文內容： 台股近期走弱除因長假前 量能急凍 ，財信傳媒董事長 謝金河認為 ，問題核心是外資把台股 當提款機，點名 面板、半導體、資通訊與貨櫃航運 等4大產業，都有 景氣反轉 疑慮，但他 也不忘替 華碩、聯電抱屈 ，稱 超低本益比 可形成 保護傘 ，長期股價仍 有撐 。 謝金河在最新一期《先探》表示，奔馳了2、3年的面板、半導體成熟製程景氣，到資通訊 PC、NB、電競、顯卡，甚至是貨櫃航運都有這個現象，透露出台股投資人先天下之憂而 憂的特質，產業前景可能需要時間來驗證，在這種情況下，景氣不明的個股，現在頂著 超高獲利，形成低本益比遍布的景象。 他曾提到格芯與台灣晶圓代工股截然不同的股價表現，3月29日格芯收盤74.63美元，市值 396.7億美元，聯電收9.56美元，市值只有238.45億美元， 聯電 各項條件都 比格芯強 ，但 市值卻相差158億美元，這是 不合理 的比價。 怪不得遭外資追殺的力積電董事長黃崇仁，忍不住跳出來說單一產品難窺產業全貌，台灣 4大晶圓代工股全部都殺到年線下，這是台股加權指數不振的最大原因。 第2189期《先探刊》報導，謝金河認為，超低本益比可成股價保護傘，如果產業前景充滿 濃霧，這些低本益股最後會出現股票債券化的現象，長期投資人會撐起股價，謝金河認為 ，這個現象以 華碩 最有代表性。 華碩近4年的業績表現沒話說，若說成長股，華碩更是標準的典範，2018年EPS5.7元， 2019年到16.34元，業績成長186，2020年EPS35.76元，又是倍數成長，去年來到60元， 又成長67.7。 謝金河認為，華碩業績年年成長，配息也從14元、26元、跳升到42元，但股價卻不能挑動 投資人的心。如果以去年EPS來算，本益比只有6.26倍，殖利率11.7，更稱放眼全球股 市一線PC大廠，哪家有如此高回報。 心得/評論： 還沒等到連假 老謝再次出來開示 點名 面板、半導體、資通訊與貨櫃航運 有 景氣反轉疑慮 聯電華碩 股價 有撐 股價 委屈 了 
[情報] 華碩3月營收,2022-04-08,51.0,1000億也一樣啦 死魚不會漲 | 殖利率準備越來越高囉 | 被澤倫司機點名  沒救了 | 都說不行了，結果成績單交出來都嚇死人，股價都笑 | 死人 | 消費性電子，NB預期衰退，石頭能逆襲趨勢嗎 | 下去拜託 多殺一點 | 碎石何時變黃金QQ | 老巴都買HPQ了，嫌棄NB的投資人或法人有老巴懂投資? | 寒冬概念股 | 99石頭 | 還不是靠小編的刀 | NB預期衰退不知道聽多久了….結果營收還是嚇嚇叫 | mom是36.78%吧 | 技嘉三月營收好爛 結果微星跟華碩看起來都還行啊 | 顯卡都跳水了 還敢買 現買現套 | 就跟貨櫃一樣，去年就說今年一定差。倒是說說差在 | 哪… | mom我算一下是36.78 | 股價3月在高點啊 不委屈 | 好像是 我好像算錯了 改一下 | 前年十月就有聽過疫情結束誰還在買筆電，都已經快過 | 兩年了，營收還是創新高 | 就算錯殺還是要繼續殺 | 石頭少了俄羅斯市場竟然還這麼厲害 | 拉基 | 俄羅斯市場可能會反應在四月營收 | 第一季eps可以期待15.5元 | 華碩真的股性超爛 明明超賺 | 外資不買都沒用 | 被外資氣死 | 樓上講的沒錯 | 只有A石做的筆電會衰退 hp不會 | 去年喊衰退喊到今年 | 垃圾小兒一直倒石頭 | 就二月農曆新年，3月營收當然好看 | 樓上YOY也接近20% 石頭可以進場 配42 股價才360 | 很會賺 只有價位甜不甜問題 不漲放著配都舒服 | 相信股神巴菲特 他都買HP了 跟著買華碩～ | 越跌越要買概念股 | 越跌越美麗代表 | 我相信股價才是真實 營收怎吹隨意 | 下去 沒有fu糗 | 好扯….說好的基期高呢 | 外資：10年後誰還用電腦，繼續賣繼續看空 | 管他的，現在就是賺 | 丸子 | 石頭不是吃到韓國一整個省的學校訂單嗎?前陣子看韓 | 國YT有在說，當地國中以下每人要發一台石頭 | 死魚股 | 說個笑話俄烏戰爭,1. 標題：華碩3月營收 2. 來源：公開資訊觀測站 3. 網址： https://bit.ly/3lyHQXJ 4. 內文： 營收資訊單位 : 新台幣仟元 本年迄今累計營收 去年同期累計營收 累計營收成長率 138422813 116161682 19.16% 111年03月營收 去年同期月營收 月營收成長率 55033532 45901373 19.90% 111年02月營收 去年同期月營收 月營收成長率 40233908 33535728 19.97% 111年01月營收 去年同期月營收 月營收成長率 43155373 36724581 17.51% 110年12月營收 去年同期月營收 月營收成長率 51475119 42973286 19.78% MoM 36.78% 三月營收550個億 利多出盡 電梯向？ 
[標的] 國泰永豐華碩微星聯發科請益 持股健檢,2022-04-09,90.0,賣金金空阿榮 | 10 | 配置沒問題 原本部位就放著 新的資金買大盤ETF | 等下禮拜薪水來了繼續照比例分配啊 | 10 耐心等候 | All in 發哥 | 3+8 | 為什麼這麼多人願意去凹微星 微星換華碩比較穩 | 10 | 所以他微星華碩都有啊…批評這個大可不必 | 微星反彈可以減半!你有華碩可以COVER | 10 | 全都放著就好 結案 | 我習慣同個產業選一隻就好 | 全留著 | 怎麼感覺是炫耀文 | 原po配置我覺得不錯啊，沒什麼好改的 | A石先賣了吧 沒啥未來的股票 | 真的要買 寧願去買美股的hp | 羨慕金融賺爛 | 薪水加碼發哥 | 華碩還比不上連發科跌幅吧 | 華碩今年一樣很賺 只是外資不賞臉 | 當初為什麼買這些股票的，買的理由有消失嗎，這才 | 能決定調不調吧，總感覺你為調節而調節 | 發哥最有買進價值 | 發哥目前-3.5%還有銀彈，打算繼續攤 | 全部都不用賣 有更便宜就持續加碼 選我正解 | 其實就是想問發哥虧爆想認賠後換哪檔吧XD | 說要換hp的也蠻臭嘴的 不是看老巴買進才馬後炮？美 | 股買hp跟死魚一樣 | 勸人拿石頭換HPQ的真的是好人^W^ | 不用那麼氣去罵那些小兒啊 我今年賠最多的就是A石 | 華碩比較穩啦 | 你一定沒有聯發科台積電吧 | 發哥台積電有fu糗 A石做的NB在小兒面前是夕陽產業 | https://i.imgur.com/mFcuiJP.jpg | https://i.imgur.com/g9Kzqgq.jpg | 華碩股價相對HP便宜阿!但有地緣風險就是了 | 喔喔這種最有fu糗 | 10 | 紅明顯 降低華碩比重買發哥 | 去看每一間的法說展望吧 華碩說今年6%成長 轉投資 | 往AIOT去切 商用電腦成長性有 目前開出來的財報也 | 是有跟上法說 股價就不好說 起碼是相對穩健 | 笑死 一堆人推發哥 都跌破再跌破了還接 果然散戶 | 石頭、神山都是越跌越買概念股 | 我也在撿發哥，銀彈慢慢買 | 10 覺得先不要追金融股 | 10 我跟你差不多 只是我不是微星而是技嘉 | 10不用動 現在砍那些虧的去加賺的 不就追高殺低 | 不是發哥有問題 是全世界正在殺科技股 NVDA AMD不是 | 一樣慘？ | 你如果是要長期持有的，現在追高殺低就是韭 | 華碩跟HP差別在 美國血統阿 | 都不動 繼續買就好 認真 | 先思考一下消費性電子未來的市場會比去年好還壞 不 | 就很好判斷了嗎 | 現在問題是都all in了 等真的崩了要怎麼加碼? | 選股我覺得沒啥問題 | 二八法則 選最少票的就對了 | 手上也有華碩，我會放著領配息 | 我手上也有發哥，跟你一樣再考慮要不要停損 | 發哥現在砍很可惜吧 | 10 | 續抱 | 抱緊處理～ | 台積電、富邦金、國泰金、玉山金、合庫金、兆豐金 | 做股票永遠不歐印 不然只能坐以待斃 | 發哥一堆人說很好對不對  但就是賣 所以我不存電子 | 就存金融跟傳產 電子用技術線去看啦 | 微星減碼分批大盤ETF，調整弱勢的 | 不要再凹微星了 NB持續下修顯卡價格又崩 | 賣微星攤發哥 | 微星石頭景氣循環股  這波差不多見頂了 | 10 加減買GG 科技股今年會慘 買了就買了不要管他 | 今年筆電顯卡會慘死 Q3Q4慘到頂 | Intel 13代cpu換代的誘因很低 AMD也沒啥升級 沒啥人 | 想換主板 | 想理解電腦趨勢就去pc shopping亂聊 | 11.賣屁股給狂甲 | all in金融從今以後股市交易與你無關領股利就再買 | 發哥微星清掉阿，這有啥好考慮的 | 清掉微星發哥，還會更低 | 清掉以後要盯著，有落底反轉趕快接回來 | 該停損一定要停損，留著現金底部加碼 | 四月底在進場發哥 | 你們都開投顧嗎? | 今年大盤波動大，防禦型的股票比例拉高會比較好 | 照大家預測的 現在空發哥能財富自由,1. 標的： 2882.TW 國泰金 2890 永豐金 2357 華碩 2377 微星 2454 聯發科 2. 分類：討論 3. 分析/正文： 持股損益如下圖，目前幾乎是 All in 狀態，可投資現金僅剩 8000 台 https://imgur.com/a/sn4VMtu 懶人包： 29% 2377 微星 損益 17% 26% 2357 華碩 損益 1% 23% 2882 國泰 損益 40% 13% 2890 永豐 損益 65% 9% 2454 發哥 損益 17% 總 4% 除了發哥以外，其他四檔都領過一次息了，微星並有一些已實現損益 (餘三檔沒有賣過) 所以發哥是其中賠最多的，10 股 10 股一路攤到 860 了還在跌 在已經沒有現金可攤平的情形下，請問怎麼調會比較好呢？ 1. 賣微星買金融 2. 賣微星買華碩 3. 賣微星攤發哥 4. 賣發哥買金融 5. 賣發哥攤微星 6. 賣發哥買華碩 7. 賣金融攤微星 8. 賣金融攤發哥 9. 全賣了 All in 大盤 ETF 10.啥都不要做，下月薪水撥下的時候再看著辦 4. 進退場機制：請大神給本韭指示明路 
[新聞] 宏碁暫停俄國業務！經民連要求華碩、微星,2022-04-12,131.0,"這又是哪來的奇怪組織...... | 打完之後烏克蘭要建交嗎？沒有請閉嘴 | 這團體帶頭的是台鋼律師 | 到底是在鬧哪齣 | 什麼咖小團體也有新聞 | 反正一切先抹紅再說 | 假鬼假怪的組織,依舊吃著糖衣毒藥呢..... | 無聊  台灣就最多這種要你賺外匯本事沒有 屁屎蛋一 | 堆的 | 這團體喔...專門來鬧的啊，還要問 | 這啥 | 人家有本事賺外匯是人家的事，還要你來關切喔 | 想到戰艦世界不做白俄羅斯,俄羅斯的生意了. | 取這種香港名字 | 投保中心是要保護上市櫃公司股東權益吧  你沒有吃股 | 講什麼屁話 | 什麼狗屁團體 | 99石頭 | 不用分那麼清楚就是綠色組織 | 誰家養的側翼請領回去管好 | 殺多一點 太弱了 | 垃圾側翼 | 黨手下的打手超級多 各位股東保重 | 這又是誰？ | 開始情緒勒索 | 經濟民主連合，簡稱經民連，前身為「反黑箱服貿民 | 主陣線」 | 這跟CSR有個屁關係 經民聯不要擅自決定他國外交歷史 | 遺留問題 | 經民連是啥？ | 反黑箱服貿 哎唷 好久沒聽到了 | 誰家的狗? 不就台強那個團體,50個讚也能上新聞喔 | 投保中心也是不必要的組織 什麼事情證期局自己監理 | 不來 還要責任外包？ | 你那位？笑死 你很大嗎？ | 舔共國家要抵制嗎 | 不懂政府還要放任金管會證期局爛多久 哪有一個國家 | 的資本市場監理單位這麼沒用的 | 這團體是啥小？ㄝ | 重點是需求降，某些：技嘉宏碁是做伺服器啦嘔嘔嘔 | 民連是殺小 | 買電子佛珠幫俄烏死者念經也不行? | 放空機構嗎 | 民連是什麼 | 有顏色真好 | 誰啊，玩臭了什麼議題不敢用原來的名字是嗎？ | 台灣讚讚讚 經濟難潑萬 | 要不要連軍規ssd 一起禁一禁 | 哪冒出來的破窮鬼團體？ | 黨養的狗 誰敢嘴誰就是同路人 | 兩岸都是共產黨統治 只是顏色不同 | 為什麼側翼可以源源不絕的出現啊 金援很多的意思? | 關你屁事，蹭熱度 | 側翼的意思 就是黨意思，要知所進退哦 | 我去你馬的有邦交嗎? 有經濟合作關係嗎? | 我們跟俄羅斯的經濟關係還比跟烏克蘭好 | 連署一下側翼去烏克蘭當兵，不知道他們同不同意… | .在商言商吧 | 笑死 就是在商言商才暫停俄國業務阿 不然當宏碁高層 | 低能喔 | 華碩根本不用表態，他就挺共的 | 宏碁那是被暫停好嗎，一堆「人權鬥士」在那說三道 | 四的 | 布查跟其他地方屠殺繼續被揭露 還繼續俄國業務被西 | 如果沒有歐美那些傢伙的話最好 | 會停 | 滾啦 | 但勒，企業是要獲利的，不是慈善機構好嗎？人權那 | 是NGO的事情OK ？ | 方消費者抵制 | 要經營品牌你就要在意這些事啊 又不是只做代工 | 西方先抵制天然氣好不 | 天然氣跟你電子消費品能比喔 那些團體就只能罵 是有 | 啥強制力逼你經營層停止業務 | 什麼咖啊 | 整天情緒勒索 噁心 | 要不要在意 企業自己會處理好嗎 | 要有意見也是股東有意見 關這些什麼事 | 宏碁果真大跌26再來接 | 誰啦 他講就要聽？ | 台鋼 大同 的律師 | 這個不是新聞捏，這個只是自媒體 | 幹嘛改名 服貿還在運作不是嗎 快逼政府撤掉啊 | 對別人的運營指指點點 zzzz | 不是 股版的不是每天都在對別人的經營指指點點嗎XD | 不要po這種情緒勒索新聞 | 一堆同路人是哪招... | 滾 什麼鬼團體.. | 經民連是沙小... | 柵欄又壞了 | 雖然沒太大關係，但俄國是已經慘到連民用產品都直 | 接裝上去軍用了，如日本佳能的相機就在被打下來的 | 無人機上拆出來過。烏克蘭這邊的火控都能直接用安 | 卓手機去魔改，華碩的筆電如果不停，很可能未來會 | 在戰場上被撿到魔改軍用 | 至於這對企業會有什麼影響，我就不確定了 | 閉嘴啦 要跌到谷底了 | 哪來假鬼假怪的組織 | 為了一個賣阿共軍武的國家，繼續心眼盲勒索自家企 | 業 真棒棒 | 放毒去雙北 選舉躺著選 這麼愛舔太平洋沒加蓋快滾 | 新頭殼 算自媒體？ | 哪來的野雞團體… | 垃圾組織 逼這些企業表態能吃嗎 悶聲發財不好？ | 因為悶聲發財已經不符合國際輿論風向了 | 不然那些配合制裁退出俄羅斯市場而股票大跌的公司是 | 跌辛酸的嗎 | 誰啊？新聞這麼好買？ | 和動保團體 環保團體很像 至於目的… | 連麥當勞都被要求退出俄羅斯了，何況是那些電子廠 | 什麼是經民連……….我只知道精誠連 | 八卦柵欄又壞了 | 經民連喜啥小咖，輪得到你指手畫腳嗎？烏克蘭賣遼 | 寧號時怎麼不靠杯 | 聯想要出頭了嗎 | 停止你媽 | 宏碁快點回覆俄羅斯銷售 | 沒錢學人家玩政治 | https://youtu.be/r8DAzPJmTNM | 全世界都在抵制俄羅斯 台灣就是有一群人在反對 | 真的是有夠悲哀 | 就像股癌講的 台灣就是有一群 住在親西方價值的地方 | 享受西方價值好處的人在捧中國和俄羅斯 | 不然給你選嘛 中俄陣營和西方陣營給你選擇嘛 | 你要住哪裡嘛 你選嘛 | 股癌都不知道電爆你們這些人幾次了 | 拿反服貿說嘴就更好笑 如果服貿當初通過了 | 台灣早在2020年就疫情淪陷了 | 而且現在不就證明了 沒有服貿 台灣經濟並沒有不好啊 | 另外Miula也有講過要求企業斷絕俄羅斯往來的問題 | 現在誰都可以點名別人去做事，是嗎？笑死，誰理你！",原文標題： 宏碁暫停俄國業務 經民連 要求 華碩、微星 明確回應 原文連結： https://newtalk.tw/news/view/20220411/737431 發布時間： 新頭殼newtalk 劉福全 台北市報導 發布 2022.04.11 12:21 原文內容： 我國電腦品牌廠宏碁（2353）8日表示，恪守國際間貿易相關法律規定，並密切觀察俄羅 斯及烏克蘭衝突；基於近期情勢發展，決定暫停俄羅斯業務，並正和多個非營利國際組織 合作進行各項人道援助。對此， 經民連 今（11）日表示肯定， 同時要求華碩、微星明確回 應各界對其企業社會責任之關切。 經民連表示，3月底號召宏碁、華碩、微星小股東提案，要求三家公司停止與俄羅斯政府 間的交易， 並停止軍規產品出貨至俄羅斯，用以回應烏克蘭副總理費多羅夫及耶魯大學教 授索南菲爾德的呼籲，避免台灣廠商成為烏克蘭人道危機的幫兇。 經民連質疑，關於華碩，烏克蘭副總理點名的華碩公司，至今僅表示供應鏈、物流、銀 行交易及其他因素所形成的複合性挑戰，對俄羅斯市場的出貨已停滯，是否意味華碩公 司將繼續為俄羅斯軍方或安全部門提供出貨以外之維修或設計服務？是否意味華碩由俄羅 斯當地庫存品或經銷商繼續出貨？是否意味，運輸恢復後，華碩公司即恢復出貨。 經民連指出，微星公司至今並未於公開資訊觀測站公告其股東常會受理股東提案的時間、 地點及場所，是否涉及違法，證交所、投資人保護中心、金管會證期局不應默不作聲。 心得/評論： 沒聽過的團體，查了一下，果然又是那個顏色的側翼 華碩都捐3000萬給烏克蘭了，之後經營方向怎麼走，到底關這團體有何關係？ 
[標的] 2357.TW 華碩 討論,2022-05-02,82.0,https://i.imgur.com/UPYSCVJ.png | ...護城河不在這350區間吧 | 這支股票不會漲 籌碼在外資跟gg有八成像 | 有FU糗嗎 | 把屠龍刀拿來 | 刀架在脖子上了 | 也是顯卡相關廠商，去年有顯卡話題加分炒高 | 怎麼沒提到滷肉？ | 要存也是300開使往下存 | 刀碩品質 | 去年有炒過一個月沒賣還是一樣365有屁用 | 早買早套牢 | 有炒400站不穩 沒炒 就是牛股 | 這次沒提聯詠了？ | 蠻支持這間公司，但股價我自己覺得不太樂觀 | 買綠賣紅 存股兼賺價差 | 好懷念去年公布股息賺兩隻漲停 | 聯詠護城河比較高 快歐印 | 沒fu糗 | 不老實給附屬組織廣告資金 一定被打屬 | 看1F就知道，連芽吹都受不了了 | 可以追蹤一下板卡近期價格 | 比較建議買他的兒子，6719力智。 | 就...穩穩  比較像鴻海吧 產品線多 也不必怕市場風 | 聲亂了籌碼 | 現在不流行國巨圖了嗎？ | 屈服於美國淫威退出俄國市場 就不指望了 | 如果未來股利持續成長，可以考慮啊 | 小編指揮CEO | 來了來了 開始蹭了 被這個人蹭到的股票一定跌20% | 力智最近好慘 一千跌到4開頭 | 被這位蹭到有聯詠 聯發科 都跌20%了 華碩保重 | 廢文王 | 保羅不要 | 謝謝保羅 300開始買 | 這你也懂?? | 明天先跑 | 看fu糗 | 這隻就看小兒臉色 小兒目前還有快50%的籌碼 | 這隻就看小編臉色 小編目前還有快50把的刀 | 完蛋 200見 | 有fu糗嗎 | hp 聯想 dell估值都在6-7pe跟華碩一樣 宏碁太貴 | 360以下可以分批撿 | 皇家禮遇 | 支那小編決定公司走向?共碩你敢嘴?? | 你看AMG顯卡還貴EVGA多少就知道穩的很 | NB的展望來說這位階太高 | 以卵擊石 | 遭到保羅攻擊，華碩終於要摜回300了嗎QQ | 外資一直倒 投信一直撿 | 投信我覺得撿到手快斷了 哪天投信撐不住股價就崩了 | 這隻過去歷史好 但是中國封城 美國經濟衰退 可以想 | 見有衰退疑慮顯卡 電腦都是 順便說 我有這支股票 | 刀碩 | 丸 保羅推薦 石頭殖利率挑戰20% | 又來了  要從聯詠 華碩 然後群聯這樣問一輪  回過頭 | 來又要從鴻海台積問一圈回來 | 廢文連發   可以這樣洗文？ | 建議你可以從1101開始問 | 我一直在等這隻崩欸～之前有次被灌回360 現在站不 | 穩 一直等投信要是結帳或認輸 就崩了 | 被點名了我認真考慮除息前跳船 | 一堆鍵盤先知都能預料今年獲利衰退了 還不空下去 | 廢文王ID，又出來洗假請益廢文了 | 未來有生意差的風險 跌到200的可能性 | 殖利率即將爆噴！！！ | 就大牛皮股 | id | id | 快跌下來想買 | 訊號來了 | 投信不都高股息etf的買盤，還等認輸咧 | 被推的都會很慘，股海暝燈 | 廢物整天發廢文洗文章怎麼還不滾去尻槍 | 被這位點名到，會不會破300 | 這隻我2年前220買也以為有護城河，然後摔到1XX讓我 | 停損了QQ現在350你又跟我說有護城河..？ | 樓上沒發現什麼嗎？現金準備好 | 買對價位根本沒什麼好擔心 | 沒顯卡大禮包了 | 你要不要先買他一隻手機看看？,多空理由不充實 者，板規115或44處份 2.進退場機制若非長期投資，請 輸入停損價 ，否則依板規116處份 3.請依格式輸入內容，未依格式者板規112砍文處份。 標題請使用以下格式：股號.市場碼股名分類 (市場碼：TW US HK CN JP KR...) ex [標的] 2330.TW 台積電 長期不停損多 ex [標的] TSLA.US 特斯拉 馬斯克火星多 按ctrly 可刪除 以上內容。 1. 標的： 2357.TW 華碩 2. 分類：討論 3. 分析/正文： 請問大家 最近我關注到了華碩這支股票 查了資料後 發現華碩過往獲利算是很穩定的 而且今年第一季的營收 還比去年同期好耶 今年股利發42元 以殖利率的角度來看 看起來是個滿好的標的 華碩我知道他是板卡龍頭 如果說以存股的條件來看的話 大家覺得華碩是適合的標的嗎 華碩的護城河算是寬廣深厚嗎 華碩未來會有什麼風險嗎 大家怎麼看華碩這支股票的未來發展呢 
Re: [標的] 2357.TW 華碩 討論,2022-05-02,23.0,你講得很矛盾 | 我看不出來是不是反串 | 不是 這篇認真的 要賭波段行情 那兩間比較有希望 | 我也是抱了A石三個月小賠出場 跟這篇一樣看法 | https://i.imgur.com/2FryslE.jpg | https://i.imgur.com/41bLm0K.jpg | 你們說的波段行情是因為跌超深嗎 | 華碩產品組合顯卡佔非常小一部份 你把他當顯卡族群 | 就錯了 | 這檔就看外資了根本不用看啥基本面 外資轉買就進去 | ASUS外幣兌換利益 若控制得宜 Q1會比聯發科更賺 | 阿不就好棒棒 | 講的太不中立了，華碩其實佈局很多應用 | 應該是反串 | 簡單來說現在是機構甩轎期 有像大立光在1000元上下 | 他發42元被眾多好手看衰 | 那假設平行時空的另一端他只發20元 不就該去自殺 | 可多了解聯想和dell現在的策略 | 華碩似乎靠著共碩威能 在2020年已取得局部戰役勝利 | 甩轎期之後就是平原往高原的邁升期 | 人微言輕  還這麼多看空言論  相信這篇會被洗下去 | 真的難玩，有人低收，但外資天天賣不夠借券來一起賣 | 有夠慘,發展 前景 營收EPS 股利多少 都是XXX 從去年小賠了結後 觀察到現在只有一個心得 外資提款機 不管提了多少 價格都不怎麼跌 外資超爽的 今年營收 毛利都在降了 庫存也不斷拉高 在賺也沒去年賺 外資持股這麼高 現在不賣 什麼時候賣 現在價位是近7年高點 去年賣了這麼多 持股還有近5成 是你你會怎麼做o_o 還不如G心 小星星有大波段行情 : 1. 標的： 2357.TW 華碩 : 2. 分類：討論 : 3. 分析/正文： : 請問大家 : 最近我關注到了華碩這支股票 : 查了資料後 : 發現華碩過往獲利算是很穩定的 : 而且今年第一季的營收 : 還比去年同期好耶 : 今年股利發42元 : 以殖利率的角度來看 : 看起來是個滿好的標的 : 華碩我知道他是板卡龍頭 : 如果說以存股的條件來看的話 : 大家覺得華碩是適合的標的嗎 : 華碩的護城河算是寬廣深厚嗎 : 華碩未來會有什麼風險嗎 : 大家怎麼看華碩這支股票的未來發展呢 哪裡反串?會想買這支都是覺得他又便宜股利多 然後想賺股利又期待他會往上噴阿~~去年我也是這樣想 後來分析差不多就是這個樣子了 要賺價差也很難 因為他每天波動很小 我也知道布局多也沒屁用阿 價格是外資在控 而且布局的都還沒開始獲利 倒是從財報看就知道 華碩業外占比很高 投信大哥去年10月至今350以上買了一萬多張 結果上周收357 外資完全不甩 賣到現在還在賣 剩下散戶夾在中間
[情報] 2357華碩4月營收 mom-39.9% yoy-14.7%,2022-05-09,143.0,"今天哪個阿呆主力拉尾盤的? | ohoh~~~ | 天崩地裂～～～～ | 被架刀了 | 石頭這…… | 月減年減也太多 | 月減40%...快逃QQ | 越爛越噴 不要不信 | 中國繼續封 陸碩繼續崩 | 幹 崩 誰拉尾盤給希望?? | 芽吹也救不了的ASUS | 也太慘 | gggggg慘慘慘 | 完蛋了 塊陶啊 | 哇喔，明天精彩 | 去年大家NB買好了 下次要換要等3,5年 | 明天一根了 | 笑死，還笑宏達電叻 | 嗯...gg | 明天跌停見 | 也太慘= = | 石頭250收 | 這刀有點長 | 垃圾支那 搞死所有電子 | 景氣反轉訊號 | 是少掉俄羅斯？ | 今天只有微星漲 看不懂 | 好險 我還沒接到刀== | 笑死 這都是個啥啊 | GG法說會不是有講 消費性電子衰退而且又有封城 | 回去250了… | 大概是中國封城了(?) | 封城後刀子不好賣 | 消費電子品牌龍頭，今天進場的QQ | PC今年衰退 NB 過去兩年基期太高 | 難怪股價那麼硬 越爛越噴 | 小編的刀子也無法救營收嗎 | 龍頭都這樣了…其他大概也… | 連華碩都能這麼爛XD | 上游漲下游沒人接是要好什麼 | 酷喔 | pc四月大家一起爛QAQ | 來了!來了!紅利吃完了接著等2開頭了.. | 電子業最好的景氣已經過了 | AMG 全面崩潰的時候到惹 | 資優生也摔成這樣… | 超醜的媳婦開始出現了 | 空爆   200見 | 俄烏戰影響,接下來還有通膨 | 不意外  盤子卡沒人接導致無法綁貨也無法清倉庫 | 廣達會有多慘啊？ | 電子真的要被中國搞死XDDD | 完蛋 今天還以為是甜甜價== | 明天早盤 可以衝進場空微星嗎 | 一環接一環中下遊電子廠準備開炸 | 歐美解封也不用再買那麼多電子產品了 | 超出想像 | 重點是這麼爛股價還能356 | 看來還是買奢侈品好了 消費電子完蛋 | 噴 | overbooking | 下游開始反轉 | 少掉俄羅斯差很多  差了十幾% | 這只是剛開始 下半年電子大砍單 | 中國就封城 不意外吧 | 崩爆 | 應該不是單掉那麼多不合理 | 刀碩掰 | 出不了貨吧 | 老人說五窮六絕 只是提前一個月而已 | 這寫錯了吧  怎可能這麼扯 | 終端需求丸子 | 超爛 笑死 | 廣達開獎了 也超慘 | 電子業早就結月帳了可能都在拖 | 華碩這樣 GG 聯發科也會往下 | 之前還一堆人罵華碩不敢制裁俄國 | 怎可能 平板PC出大事 晶片 手機沒事 | 爛透了 | 掉真多 | 廣達跟華碩一樣慘月-39.5% | 爛死 先回300 | 已反映？ | 景氣循環 | 普丁害的 | 反映個屁  跟去年一樣都是360  明天才反映 | 今天這跌幅應該是還沒反應 明天保重 | 笑死 下去吧 持續成長的晶圓代工都回檔那麼多了 你 | 何德何能撐在這邊 | 業界早就在說了，overbooking嚴重，下半年就知道了 | 。 | 推文看起來明天是必要先除息一次了 | 台積電 貨櫃 委屈了 | 刀子拿出來 | 哦 連阿蘇都這樣了 | 是3月基期太高 不懂別亂說～ | ……. | 讚喔 基期變低了 | 後面的基期才恐怖 比特幣高點我記得在後面 | 那時候綁貨賣超級瘋狂 | 自己算一下1～3月營收早超過去年，所以4月出貨稍微 | 提前當然營收變低唷 | 消費性電子真的完了… | Nb大家都買了，通路庫存塞爆了…丸子 | 買石頭筆電換機需要3-5年？我第一台2年、第二台3年 | 就被強迫換機了…然後我就換牌子了 | 反觀微星 華碩整個醜媳婦 | 爆裂 | 小編的刀鈍了 | 上個月營收太高啦 | 崩 | 是停止出貨俄羅斯嗎 早說不要停了 慘 | 拉基產品拉基公司 | 華碩不是369月 營收都會拉高嗎? | 月減40% 明天跌停 | 華碩每年4月營收都掉不少 | 刀碩QQ | 大爆崩 | https://i.imgur.com/jo3G26C.jpg | 1-4月累積，還是比去年好 | 要看11日法說才準 | 這太慘了  一定一大根 | 小編的刀子好大一把 | 小編的刀子呢 | 今天這跌幅應該是還沒反應 明天保重 | NB去年都買了 今年買個屌 | 顯卡看那個慘價格 | 又一個天崩地裂的 | 快逃阿 | 不會有人不知道華碩做帳，每季第一個月都是月減阿 | 他們習慣做帳3 6 9 12，所以下一季第一個月月減正常 | YoY也是慘 | 再制裁啊 | 丸子 蒸的丸子 | 下跌就買，有40幾股利，月跌月有利 | 先吞一根 | 一堆人 比特幣 慘賠百萬一堆 先吞一根 今年Eps要少 | 多少 | 慘了，今年會不會貼息啊QQ | 這營收要噴爛了嗎 | 明天準備 | 先破350 | 明天一字鎖",1. 標題：2357 4月營收 2. 來源：公開資訊觀測站 3. 網址： https://mops.twse.com.tw/mops/web/t146sb05) 4. 內文： 民國111年04月 單位：新台幣仟元 項目 營業收入淨額 本月 33389173 去年同期 39139014 增減金額 5749841 增減百分比 14.69 本年累計 171811913 去年累計 155300696 增減金額 16511217 增減百分比 10.63 mom39.9% yoy14.7% 
[新聞] 中國封城打擊筆電供應鏈 華碩、代工雙雄,2022-05-09,43.0,"最後一段,各家的說法,是記者今天開營收後求證的嗎? | 華碩沒庫存賣嗎？ | 可能庫存就在工廠 根本不能出貨啊 | 救命 | 還在幻想復工清庫存，飯都沒錢吃了還買電腦勒 | 剛開始炸開而已 企業白名單出來 備料大概都會多好幾 | 月… 料齊的話 後面幾個月就正常了 | 30系都爛大街了，再屯貨啊，自己吞下去 | 還是年增怕屁 | 笑死再不另尋工廠 z9 rog6 2024才上市 | 疫情收入減少股市又賠錢 養家都辛苦了 筆電還堪用就 | 繼續用嘍 | 兩年前封城就沒影響,今年就有影響 | 工廠設在中國的下場,國外廠商早就將生產線移到印度 | 人家三星在越南爽爽出貨 華碩只能鎖在中國哭ceo目 | 光短淺 | 我覺得顯卡影響比較大 封城假議題 | 中美貿易戰那時候廣達不是高調鮭魚返鄉嗎 還是只有 | 明天都先吃一根 接著封城接著暴動 | 伺服器的部分？ | 小編的刀不敢架在習近平脖子上 | 刀碩的回力鏢業障終於要打到自己了嗎= = | 找理由 笑死 | 之後只會越來越爛而已，中國封城後消費力變差很多 | 3C產品早就沒辦法賣的跟前兩年一樣好了 | 報應 | 慘的是沒貨賣啊！高通gen1買了記憶體買了零件囤了， | 設計費砸了結果呢？全部鎖在中國哭啦！更慘的是三星 | 沒差越南出貨 | 牽拖 | 封城影響真的很大很大 貨出不出去  材料進不來 人力 | 也不夠 | 好啦 封城是要封幾十年逆? | 華碩快逃 只剩高股息題材 再不逃換你洗碗 認真 | 維尼沒被鬥下來還真的可能封幾十年 | 去年越南也是停工過3個月 | 寶成那是營收也是很慘 | 廣達可惜了 | 不用封十年 封十個月 z9 rog6就打水漂了 | 封城 蘋果也是受影響 等明天華碩法說 | 之前早要移除中國製造一部分了 之前美國逼現在共匪 | 逼 | 中國公司業力引爆活該啦",原文標題：中國封城打擊筆電供應鏈 華碩、代工雙雄4月營收月減幅3成起跳 原文連結： https://ampnews.cnyes.com/news/id/4867809 發布時間：2022/05/09 18:16 記者署名：鉅亨網記者張博翔 原文內容： 中國華東地區 4 月疫情蔓延，當地政府實施嚴格輕零政策，上海、江蘇封城引發一連串生 產、物流連鎖反應， 導致筆電品牌華碩 (2357TW) 與筆電代工大廠廣達 (2382TW)、仁寶 (2324TW) 4 月營運大受打擊，營收都月減至少 3 成起跳，代工雙雄出貨量皆驟降逾 45% 。 華碩 4 月集團營收 334 億元，其中品牌事業營收跌破 300 億元大關至 295 億元，月減 4 2.2%、年減 19%，是近 23 個月以來低點；累計前 4 月營收 1718 億元，年增 10.6%；累 計前 4 月，品牌營收則達 1574 億元，年增幅收斂至 8.9%。 廣達受上海封城影響更為明顯，4 月營收 667.28 億元，較上月大減 39.5%、年減 21.35% ，創 8 年來同期新低，累計前 4 月營收 3685 億元，年增 4.16%；出貨方面，4 月筆電出 貨 320 萬台，月減、年減皆為 47.54%，累計前 4 個月筆電出貨 2010 萬台，年減 19.92% 。 仁寶 4 月受昆山停工影響，營收 539.2 億元，月減 47.5%、年減 39.6%，創 5 年同期新 低 ；累計今年前 4 月營收達 3217.7 億元，年減 10.4%，出貨方面，4 月筆電出貨下滑至 220 萬台，月減 52.17%、年減 50%，累計今年前 4 月出貨約 1400 萬台，年減 20%。 近期上海、江蘇疫情已逐漸趨緩，並逐步公布復工白名單，展望未來，仁寶認為，5、6 月 將加班生產彌補進度，目前昆山廠區正逐步復工中；華碩則力拚達成顯著優於產業的成長目 標，預期今年電競筆電出貨仍可望年增 2 成以上，力拚未來每年營益率都超過 6%。 心得/評論： 不少電子廠公佈了上月營收，受到中國封控影響，四月營收真的有一個一個炸開的感覺，就 看之後復工的狀況如何了，不過殖利率又要越來越高... 
Re: [新聞] 中國封城打擊筆電供應鏈 華碩、代工雙雄,2022-05-09,7.0,巷子內的 | 比特幣都跌爛了還在想礦潮再起= =夢裡什麼都有 | 巷子口買得到顯卡就是蹦蹦 | 挖礦跟石頭關係又不大 | 礦卡買華碩？？ | 你說整機拆卡賣的還差不多 | 華碩挖礦………你認真？,原文恕刪，這邊個人看法可以參考一下。 目前華碩產品在市場沒有缺貨狀況，2020年中國也封城但營收反而創高，庫存方面應該是沒什麼大問題才對。 這次業績月減應該是3月挖礦用顯示卡銷售崩跌的關係，從品牌到組裝都有不小的影響，大家也看到現在顯卡隨便都買得到。 這幾家營收要回來應該不是封城結束，而是加密挖礦潮再度開始的時候。 Sent from JPTT on my iPhone 
Re: [新聞] 中國封城打擊筆電供應鏈 華碩、代工雙雄,2022-05-09,17.0,鄭州這個月開始封 你覺得呢？！ | 你東西做完也到不了港口阿 貨車司機不是在做核酸就 | 是在前往做核酸的路上 | 習哥說要清零，你說呢 | 再忍下 等11月習大大連任就全面復工了 | 當然是往死裡清 清好清滿 | 沒看到長老賣寶寶逆 仁寶明天黑棒 | 習有說等他連任就放棄清零嗎 | 他明明就是堅決清零不動搖這派的，他沒說到什麼時 | 候啊 | 鄭州富士康沒停工喔 | 我的筆電還卡在鄭州出不來... | 鴻海備料體系很猛 拿鴻海比不客觀 而且他基地是鄭州 | 公公財務太複雜，很難拿出來比 | 台廠去印度或回台蓋 | 公公真的扛 | 零組件要缺貨囉~請保佑筆電安全,封城要說理由也是理由，要說藉口也是藉口 端看如何解讀 文中提到代工雙雄，不如把公公也拿進來看 四月營收(億) mom yoy 備註 鴻海 4865 4.13% 2.80% 歷年同期次高 廣達 667 39.50% 21.35% 八年同期新低 仁寶 539 47.50% 39.60% 五年同期新低 一樣都是月減年減還是有其差異性 今日股價 鴻海 平盤 廣達 0.82% 仁寶 0.22% 明天盤勢會如何走呢? : 原文標題：中國封城打擊筆電供應鏈 華碩、代工雙雄4月營收月減幅3成起跳 : 原文連結： https://ampnews.cnyes.com/news/id/4867809 : 發布時間：2022/05/09 18:16 : 記者署名：鉅亨網記者張博翔 : 原文內容： : 中國華東地區 4 月疫情蔓延，當地政府實施嚴格輕零政策，上海、江蘇封城引發一連串生 : 產、物流連鎖反應， 導致筆電品牌華碩 (2357TW) 與筆電代工大廠廣達 (2382TW)、仁寶 : (2324TW) 4 月營運大受打擊，營收都月減至少 3 成起跳，代工雙雄出貨量皆驟降逾 45% : 。 : 華碩 4 月集團營收 334 億元，其中品牌事業營收跌破 300 億元大關至 295 億元，月減 4 : 2.2%、年減 19%，是近 23 個月以來低點；累計前 4 月營收 1718 億元，年增 10.6%；累 : 計前 4 月，品牌營收則達 1574 億元，年增幅收斂至 8.9%。 : 廣達受上海封城影響更為明顯，4 月營收 667.28 億元，較上月大減 39.5%、年減 21.35% : ，創 8 年來同期新低，累計前 4 月營收 3685 億元，年增 4.16%；出貨方面，4 月筆電出 : 貨 320 萬台，月減、年減皆為 47.54%，累計前 4 個月筆電出貨 2010 萬台，年減 19.92% : 。 : 仁寶 4 月受昆山停工影響，營收 539.2 億元，月減 47.5%、年減 39.6%，創 5 年同期新 : 低；累計今年前 4 月營收達 3217.7 億元，年減 10.4%，出貨方面，4 月筆電出貨下滑至 : 220 萬台，月減 52.17%、年減 50%，累計今年前 4 月出貨約 1400 萬台，年減 20%。 : 近期上海、江蘇疫情已逐漸趨緩，並逐步公布復工白名單，展望未來，仁寶認為，5、6 月 : 將加班生產彌補進度，目前昆山廠區正逐步復工中；華碩則力拚達成顯著優於產業的成長目 : 標，預期今年電競筆電出貨仍可望年增 2 成以上，力拚未來每年營益率都超過 6%。 : 心得/評論： : 不少電子廠公佈了上月營收，受到中國封控影響，四月營收真的有一個一個炸開的感覺，就 : 看之後復工的狀況如何了，不過殖利率又要越來越高...
[新聞] 華碩首季每股賺14元 創歷年同期新高,2022-05-11,71.0,明天一根 | Q2沒fu糗了 明天半根至少 | 與ACER一樣 Q1都衰退了 | 欸欸 | 下去了 | 會撐到配息日嗎? | 沒用，接下來可能每季衰退 | 反映未來 | 財報好出來 隔天開盤空單? | 至少Q1Q2連兩季衰減應該是確定的了 | 一篇一根 | 真的沒fu糗了 | 阿蘇除息完應該2字頭啦 | 最高了要崩了 | 殖利率贏聯詠再出來嘴 | 沒fu糗的公司 | Q1明明成長7% | 聯詠目標價272華碩目標價先看250以下 | 利多出盡 開始走下坡 | 有點厲害 | 財報還不錯 不像廣達宏碁那麼差 | 明天開高記得跑 我不能講太多 主力都在看 | 業外是因為台幣貶值關西?本業是多少? | 貶值救出口台股發大財不好嗎 | 大家真厲害 只買有future的股票 配太多不買單 | 宏碁年檢 他還年曾 強 | 簡報都英文 看得好累 | 說真的，華碩股性本來就那樣，會抱怨的只有想賺快錢 | 的人而已，去回測他股利還原回去的還原線圖，早就體 | 現他的價值了 | 2357=0056就低波動高股息 | cc | 聯詠也只有今年能跟華碩比，10年平均一個3%多一個快 | 6%，比毛線，而且今年還是跌爛了才變高，華碩從高到 | 低可沒有快腰斬。 | 三率三減…… | 沒fu糗的公司 送樓下要不要 | 光看你自己猜聯詠從650到272，華碩只敢估到250就知 | 道華碩股價有多硬 | 業外 29億 10.9億 是匯兌收益 媽呀 | 我喜歡華碩這種沒fu糗的公司可以當防守 | 快三成是業外 | 如果業外有匯兌的部分在，那之後每一季大概都還會持 | 續有，因為美元漲勢很難停下來 | 推回去本業EPS 10塊 | 分業內外幹嘛？除非你預期台幣會漲回27 | 明天先開高然後? | 越貶越賺股利越高不好嗎 | 匯兌損益就一定會發生的，好笑的是之前有匯損的時候 | 就沒人會回推看他本業有多猛 | 沒有fu糗 下去 | 出貨文 共碩準備下去了 | 2357=0056+878+900 | 業外 除了匯兌 其他靠什麼賺的? | 沒有fu糗 下去 | 業外我截圖有阿 利息收入跟業外投資 | fu糗 | 是投資跟匯兌吧大哥 | 要不要看一下4月 | 第一季這營收毛利率才18.7 | 第二季展望還季減  毛利率不知道剩多少 | 很明顯通膨成本上升沒能力轉嫁 | 共體時艱 | 等著第二季看看 | 業外應該扣掉 | 以電腦相關，石頭算前段班 | 四月YoY掉了，沒用了 | 小編有料 | 存貨有2000億 | 99石頭 | 顯卡可單買 再來會少賺很多,原文標題：華碩首季每股賺14元 創歷年同期新高 原文連結： https://reurl.cc/6ZNdOV 發布時間：2022/5/11 15:30 記者署名：中央社記者吳家豪台北11日電 原文內容： 電腦品牌廠華碩今天公布2022年第1季財報，在業外收入新台幣29.27億元挹注下，稅後淨 利達104.3億元，年增7%，賺逾一個股本，每股盈餘14元，改寫歷年同期新高。 展望第2季，華碩預估個人電腦（PC）產品營收將季減10%，零組件產品營收將季減10%至1 5%。 華碩今年第1季品牌營收達1279.62億元，季減10%、年增18%；營業利益100.72億元，季減 18%、年減13%；業外收入29.27億元，季增72%，年增3.28倍，其中10.91億元來自匯兌收 益，稅後淨利104.3億元，季減14%、年增7%。 獲利率方面，華碩今年第1季毛利率為18.7%，季減0.9個百分點，年減3.3個百分點；營業 利益率為7.9%，季減0.8個百分點，年減2.8個百分點。 心得/評論： Q1 EPS 14元創同期新高 業外補了不少 但Q2兩大營運動能雙降10% 現在殖利率越來越高了QQ https://i.imgur.com/Z2mwIAb.jpg https://i.imgur.com/q1t3lQO.jpg 法說會簡報 https://reurl.cc/n17vbX
[新聞] 利空重擊NB廠2】宏碁、華碩庫存數字超驚 ,2022-05-18,108.0,"https://i.imgur.com/zXgflJ3.gif | 不出給俄羅斯差這麼多嗎 | 找俄羅斯人買？ | 仔細看法說會，華碩有說備料都是為了新品 | 不過庫存這麽高，法人有疑慮也是正常 | 石頭空到下市 | 我家5台NB 4台平板 滿出來了 | a蛇漲三天又要被狙擊了嗎 | 可以賣給俄羅斯 | 有便宜可以撿嗎？ | 送我 | 缺便宜的庫存筆電，等拋售 | overbooking | 送我 我電腦快壞了 | 打半折就賣光了 我缺一台 | 跳樓大拍賣，首先要去跳樓 | 嚇死 | 就算倒了也要抵制這個厲害了 | 家裡需要人口數N+1台 | acer開槍貨櫃 結果自己被人開砲 慘 真慘 | 等銷庫存換電腦囉! | 3折收，謝謝 | 再搭配個n倍券 | 便宜收 | 只能靠太陽風暴席捲地球導致大量運作中的NB損毀來 | 救市了 | 也沒見筆電跳水阿....... | 看看離現在最近的京東週年慶 有沒有出血大特賣囉 | 我還有274股宏碁，可以先不要跌嗎？ | 缺料直接不用賣 都這些分析屍在扯 | 趕快幫買筆電～ | 等拋售喔喔喔喔 我想換新筆電 | 快促銷啊 想換了 | 而且Intel 12 13代預計帶來的效能成長很強勁  準備 | 強迫淘汰垃圾5678910代了 | 解封了  沒人要買筆電了啦 | 說真的 少俄羅斯烏克蘭差很多... | 筆電這兩年都買完了  又不是手機一年換一次 | 黨要選舉說不定會發N倍券，在配合線上教學，穩的啦 | 20張住30樓-995～～～～ | 景氣循環股 | 前年發3倍 去年發5倍 照這樣看今年該發7倍券？ | 出清便宜賣阿 | 有種便宜賣 | 現在還有人需要買嗎？我家也3台筆電1平板3手機，根 | 本平均每人2台了.. | 之前是chromebook銷量大爆發才有這榮景好嗎 | 救救A蛇 | 為了線上教學去買筆電  現在人手一台還要買啥 | 5000收 | overbooking 老蘇預告在前 | 線上教學還有很多人沒買，我上周才又買，原本觀望但 | 看來遠距有得搞哩   一個小孩要一台 家長也要 | 宏碁看起來還好，華碩的問題比較嚴重吧@@ | 到現在還在賣10代的機種.. | 台灣賣那種盤子價 丟臉國產 | 995 | 國外特價 國內原價 | 趕快來個便宜筆電 | 算利空出盡嗎？ | 一台i7的13""如果賣20k我就買！ | 投信最愛你敢嘴 | 一台筆電1000收 | 宏碁借券滿了外資還想幹啊 | PS5反而缺貨 | 這2年賣太多 耐久財 | 第幾季要認列 | 怕..明天只好大漲300點壓壓驚 | 石頭250收 | 唬爛，他們是下游，代工廠是：廣達緯創等等呀！ | 可以配合子龍任務免費升級 | 庫存這麼多 怎麼還沒有特價方案？ | 送我啊 我筆電13歲了 | 賣不出去不會降價嗎 | 特價都在國外 國內只會特價 但是缺貨中等補貨通知 | 乾，我大GG最近表現得不錯，小碁碁要不行了嗎 | Ems庫存都很高 都說看好下半年 如果下半年不好的話 | … | 雖然沒提到MSI，但MSI近年價格比其他家貴 | 然後某些型號的i7+3060都不出，要就往上買或買前代 | 欠一台Mac | 週刊報導的東西都是已反應了 | 哪台能跑法環給我來一台 | 沒人要筆電了 還在存骨啊 | 媽的宏碁我的PS5庫存在哪裡 | 筆電有降價嗎？ | 等著撿便宜，效應是需要時間發酵的 | 賣不出去可以學房子一樣加價賣嗎 | 想換筆電.. | 高庫存是因為之前塞港備貨都要拉長到6個月，因為當 | 時塞港就是半年後才能到 | 賣給我，NB 6000收 | 3050筆電還一堆，就是不降價。 | 玩蛋惹玩蛋惹 | 台灣一堆鬼價格 可以先降價嗎 | 去年overbooking 還漲價賣 | 降價庫存就好清 | 台灣華碩缺到翻掉  這個消息怎麼跟現況完全不同 笑 | 死 | 多跳電個幾次 幫大家換新電腦 救華碩 | 要有便宜筆電買囉~~~ | 大特價我就買新筆電 | 買手機送筆電阿 | 現在都用蘋果手機、平板，誰還會買這種 | 先降價出清先贏，晚了 就不要了 | 為啥大哥二哥同買A蛇？ | 筆電13歲 ? 什麼牌子 可以壽比彭祖 ? | 是原料庫存還是成品庫存？",新聞來源：鏡週刊 網址 https://www.mirrormedia.mg/story/20220516fin003/ 文曹以斌 攝影董孟航 利空重擊NB廠2宏碁、華碩庫存數字超驚人 NB業嚴防庫存海嘯滅頂 除了眼前因中國封城停工令造成的斷鏈危機之外，對於筆電代工大廠們來說，還有一個更嚴苛的挑戰，就是下半年的市場需求恐怕會反轉。各研調機構也都認為今年出貨量將開始反轉下修。外資麥格理證券預估，2022、2023年電腦出貨量將各減少6。今年第一季全球筆電季衰退近2成，第二季又有通膨等因素，預估出貨量會再減少7.2。DIGITIMES Research分析師蕭聖倫說。 尤其是俄烏短期仍無停戰跡象，歐洲市場率先受創，中國封控措施又將加速全球通膨幅度，美國聯準會急速升息來抑制通膨的做法，最終會打擊終端消費需求。一旦需求反轉，庫存海嘯可能會沖垮業者們。資深科技業者警告。今年底或明年初才是最大的考驗，屆時可能出現企業報廢過多的庫存，恐讓外界回頭檢視企業在危機中的經營能力。金仁寶集團董座許勝雄對本刊直言。 疫情紅利不會每年都有，去年內部已預測今年筆電市場將出現供過於求，但華碩必須思考如何維持成長。日前新筆電上市記者會上，華碩全球副總裁暨個人電腦事業部總經理李益昌首度點出今年筆電市場已現困境。早在去年第四季，中國筆電需求已有下滑的跡象。李益昌坦言，現在NB斷鏈問題將衝擊華碩接下來兩季的出貨。 不僅華碩示警，去年就曾精準預言通膨問題的宏碁執行長陳俊聖直言，眼前最棘手的就是，疫情造成貨櫃塞港的海上漂問題無解，讓廠商海運中的庫存比過往高出2倍的狀況。 攤開華碩與宏碁兩家第一季的財報，華碩高達1933億元的庫存水位，換算庫存天數高達154天，也就是5個月的營收。而宏碁庫存水位也高達638億元，庫存天數也有80天，兩大品牌廠手中庫存都直奔歷史高點。照這情況來看，兩家品牌筆電廠就算3個月不進貨，手中都還有東西可賣。一位產業分析師觀察。 .. 華碩現在庫存1933億，要5個月才能出清庫存，如果終端需求轉弱，產品難賣，之後不知道會不會有庫存跌價損失呢？ Sent from JPTT on my iPhone 
Re: [新聞] 利空重擊NB廠2】宏碁、華碩庫存數字超驚,2022-05-18,43.0,"景氣循環股 | 想太多 如果華碩 宏碁市值跟蘋果差不多還有可能 | 這兩家就算倒了 影響也不到千分之一 | 庫存金額拉高很久了… | 我也認為兩者NB廠影響不大，台GG影響才大。 | Ptt一致看衰，股價漲 | 經濟衰退需求就下來了啦 | 那喵罐頭的庫存誰查過呢 | 所以俄羅斯的庫存怎麼處理？ | 台股是只 靠這兩間公司嗎 | 不是說好遠距教學、視訊需要大爆發的嗎？ | 外資：嚇死我惹，A蛇今天先買超七千張壓壓驚 | XD | 遠距教學跟WFH的尖峰就是現在，該買筆電的早就買了 | 未來怎麼可能會有更多筆電需求 | 封城停工缺貨，有庫存才有得賣，準備大漲了 | 電子需求下降 | 中國貨卡住出不了倉自然沒辦法轉收入 | 中國封城，你還有現貨，等不封了直接拉貨 | 你是被套嗎？ | 只是庫存高了點 又不是世界末日 放心 | 肥宅怒買三台筆電開三個線上會議 | 明年這些主機就變廢物了，打五折賣吧 | 近期消費性電子需求降不是早就知道了嗎… | 宏碁不是應該清查飲料庫存嗎？ | 三級那時不是都還買不到筆電？ 反轉這麼快？ | overbooking | 所以便宜的電腦什麼時候有.. | 中國上海4月份汽車成交數量0，所以車商庫存水位高 | ，沒Fu糗？ | 但HPQ都沒跌欸 | 等中國解封，大家就瘋狂搶購物品了 | 三級都去年的事了，該買的也都買完了，往年可能的 | 開學和升級可能都受影響 | https://i.imgur.com/p93V7xS.jpg | 現在備貨都是新款機種，看換機睡不順利 | 說真的為什麼你不反面思考,,就是因為這兩年需求爆炸 | 2020年前庫存增加兩倍了還是搶手到賣光光 | 然後最近因為又封鎖 所以庫存稍微增加 | https://i.imgur.com/rqXDT7G.jpg | 這樣思考下來  憲在不就是持有買進的時機? | 看其他大廠股價，也沒異狀 | 投信扛不住了 開始轉賣A石了",: : : 新聞來源：鏡週刊 : 網址 : : https://www.mirrormedia.mg/story/20220516fin003/ : : 文曹以斌 攝影董孟航 : : 利空重擊NB廠2宏碁、華碩庫存數字超驚人 NB業嚴防庫存海嘯滅頂 : : 除了眼前因中國封城停工令造成的斷鏈危機之外，對於筆電代工大廠們來說，還有一個更 : 嚴苛的挑戰，就是下半年的市場需求恐怕會反轉。各研調機構也都認為今年出貨量將開始 : 反轉下修。外資麥格理證券預估，2022、2023年電腦出貨量將各減少6。今年第一季 : 全球筆電季衰退近2成，第二季又有通膨等因素，預估出貨量會再減少7.2。DIGITIME : S Research分析師蕭聖倫說。 : : 尤其是俄烏短期仍無停戰跡象，歐洲市場率先受創，中國封控措施又將加速全球通膨幅度 : ，美國聯準會急速升息來抑制通膨的做法，最終會打擊終端消費需求。一旦需求反轉， : 庫存海嘯可能會沖垮業者們。資深科技業者警告。今年底或明年初才是最大的考驗， : 屆時可能出現企業報廢過多的庫存，恐讓外界回頭檢視企業在危機中的經營能力。金仁 : 寶集團董座許勝雄對本刊直言。 : : 疫情紅利不會每年都有，去年內部已預測今年筆電市場將出現供過於求，但華碩必須思考 : 如何維持成長。日前新筆電上市記者會上，華碩全球副總裁暨個人電腦事業部總經理李 : 益昌首度點出今年筆電市場已現困境。早在去年第四季，中國筆電需求已有下滑的跡象 : 。李益昌坦言，現在NB斷鏈問題將衝擊華碩接下來兩季的出貨。 : 不僅華碩示警，去年就曾精準預言通膨問題的宏碁執行長陳俊聖直言，眼前最棘手的就 : 是，疫情造成貨櫃塞港的海上漂問題無解，讓廠商海運中的庫存比過往高出2倍的狀 : 況。 : 攤開華碩與宏碁兩家第一季的財報，華碩高達1933億元的庫存水位，換算庫存天數高達1 : 54天，也就是5個月的營收。而宏碁庫存水位也高達638億元，庫存天數也有80天，兩大品 : 牌廠手中庫存都直奔歷史高點。照這情況來看，兩家品牌筆電廠就算3個月不進貨，手 : 中都還有東西可賣。一位產業分析師觀察。 : 3個月不進貨會發生什麼事？ 螢幕、顯示卡、記憶體、處理器、主機板、被動元件、SSD......，太多有關聯的，還有組 裝廠。 尤其手機也沒什麼成長性了，台股還不天崩地裂。 雙a如果崩了，電子股8成也要一起崩，但目前看起來就是季節性調節，中國疫情無解，慢慢 解封還是有需求的，只能說跟去年比可能會下滑，但要崩盤機率不高。 華碩股價也跌到淨值，不如請華碩發完股利，公司趕快賣一買，對股東比較有交代。
[新聞] 可成手握1700億現金是華碩5倍 卻打算增,2022-05-23,237.0,"滿手現金還增資? | 每一年董事會例行性議案 看來用大戶盯上可成 | *看來有 | FJ概念股 懂得就懂 | 猜是財報造假實際現金快燒光增資引股東不滿 | 錢進了台灣老闆的口袋 就不可能在吐出來 | 勿忘博達 | 高點增資應該是沒有意外 | 的確是無法理解為什麼要增資 | 這麼有錢還增資… | 公司高層要出來說明啊，不說明反而引發股東疑慮 | 不管哪個大戶盯上 這作法就不合邏輯啊 | 哈哈 概念股也敢嘴 等下被出征 | 最近幾天漲了一些，我還沒買夠Q___Q | 錢都被鎖在中國？紙上富貴，跟海公公一樣 | 窮的只剩現金 | 要倒了嗎xDD  滿手現金增資   查帳囉 | 想幹大事？ | 我跟樓上想的一樣QAQ | 這個劇本好像看過了  難道是還有新招 | 股價都漲起來要增資 讓散戶解套還不滿 | 編個Fu糗，讓口袋更多錢咩 | 前幾天看完啾啾鞋的博達  怕爆 | 這真的要查清楚 | 現金這麼多是想當台灣波克夏嗎?沒有其他抵押或密約? | fj概念股，你各位韭菜還不趕快出來護駕，該幫主子 | 接刀了 | 上週四新聞，當天下午公司就發訊息說明了 | 就算像FJ說的只是備而不用，那也要跟股東溝通吧 | 權證小哥概念股 | 記者寫得蠻認真 | 要幹超大事...該不會比照陽明，買一堆大樓吧QQ | 現金滿手 嚇死你 | 現金為王 | 難怪強者都不分享了 看回文就知道風氣 | ""每股現金高達239元 相當驚人"" 錢放在定存哪來中國 | 這應該會有大事 | 建議通通拿去買樓吧  十年後就知道 | 只會在網路上放話我聽你鬼扯 嘻嘻 | 519有澄清說明，但建議學3008大立光多與投資人溝通 | 準備轉型投顧抄底啦 | 有詭？台廠常有公司的錢就是老闆的錢這觀念 | 博達？ | 幹我也是想到博達耶XD | 一千多億可以買好幾棟了。 | 可以學中環炒股啊 | 會計師是哪一家的 不用提出質疑嗎 | https://i.imgur.com/ydwttKC.jpg  定存金額1328億元 | 準備抄底台股? | 破公司還可以滿手現金 大有文章 | 不是在台南買豪宅了嗎? | 找不到投資標的?! | 博達應該是長短期負債高於現金且年年增資。應該還是 | 不太一樣。但可成到底想幹嘛也沒人知道。 | 權證小哥還沒出掉嗎？ | 有機可成 | 小哥還在凹啊 | 反正有鬼的股票就少碰,少賺比全賠好 | 台灣很多這種的阿，錢一堆增資，賺太多減資，看不懂 | 這間買了一些怪怪的基金 要買就買大權值阿...... | 博達董座不是去年放出來了嗎xD  關沒幾年  顆顆 | 增資完 記得叫家人都不要過境台灣免得被抓 | 手握一堆現金 要走波克夏路線吧 | 該不會想掏空吧？ | 博達翻版  小心了 | 我Ok，給高手玩 | 難得記者這麼認真 推一個 | 我玩穩穩賺錢的公司就好 | 小哥沒差啦。每天當沖都賺至少百萬。套這點錢沒影響 | 報導裡不就寫了， | 每年股東會都固定授權董事會增資權限。 | 但沒執行過（查到108年股本都沒增加過 | 只有註銷庫藏股） | 每年股東會議案都複製貼上授權董事會 | 勿忘博達 | 準備併購大廠嗎？ | 印股票換鈔票啊 | 公司有錢 但不分給股東你又能如何 更糟的狀況就是 | 拿錢去亂投資虧掉 就變第二個大同 | 高端配500股再增資 都很高端 | 要砸錢還是併購最有效率。但都沒消息。不然就是藏很 | 深。之前的推估，新事業佔比都估的很低。賣超是合理 | 的。只不過也有可能是被公司派給耍了 | 怕。 | 生技不死魚時買 難道要買漲到天上的嗎 | 洪水樹如果不經營 早把錢全配給股東 真的把他當塑膠 | 笑死 某f吹了一整年 找不到人抬轎 新聞一出急著貼 | 一些過時的垃圾資訊 | 樓上沒必要這樣酸人吧 | 他說過話又有幾個認真研究過 我股東驗證他說法就好 | 是不是想轉型對沖基金 | 可成投顧怎麼不allin 2330 1700億耶 | 恩?  茅山道術有一招什麼什麼搬運來著的 | 博達+1 | 投資人要克制自己比經營者更懂公司經營的想法。有許 | 多投資人不愛細讀公司多年財報，鍾情於產業分析， | 分析久了甚而自認比經營者更懂產業，這是危險的投 | 資方式。經營公司沒想像中那麼容易，有許多時後， | 相信過去有卓越經營績效的經營者(巴菲特買公司都要 | 求經營者必須留著)，才是比較睿智的做法。 | 莫忘博達案 | 竟然有人擔心小哥？ | 錢那麼多還增資？ | 需要現金那就不懂庫藏股為什麼要一直買 | 事前多才一直買庫藏 不買回股權 就被市場派買走了 | *是錢多 | fj繼續唬，等潮水退了就知道誰沒穿褲子囉，坐等事 | 後看笑話 | 看錯就趕快承認認輸，一直護航很難看的 | 呵 可成泰州廠賣的時間點超好的好嘛 | 併購公司都嘛只用到1700E的零頭 | 可拿銀行或別人的錢來花比較爽 | 可成金! | 以今年景氣 如果泰州廠還在...誰還肯那價位收 | 繼續看下去阿~ 洪董站著茅坑不拉屎 也不用陪他耗吧 | 上禮拜的新聞了，公司早就回應,內文也有補充，推文 | 還一堆要公司出來說明的... | 授權公司增減資在股東會表決，是常用做法，好處是 | 之後若需增資，不用再花公司錢召開臨時股東會。股東 | 該關心的是經營者如何使用這個授權，當股價低於淨 | 值時，增資(在帳面上)對原股東不利，當股價高於淨 | 值時，增資(在帳面上)對原股東有利。買庫藏股則剛好 | 相反。可成這幾年並未有在低價時增資的做法，反而是 | 發動了幾波庫藏股，提升了股東的每股淨值。 | F成本低又沒差 放著配讓人追價也沒他的事 買賣權在 | 自己 | https://i.imgur.com/JNfJSHY.jpg | 這隻fj酸最愛 這不就都跑出來了XD | 博達2.0？ | 放在海外子公司身上…. | 新聞一直報，社群一直傳，有大戶想狙擊的意味 | 先空手觀察再決定 | 流動資產多，股淨比0.7的確就低估不少 | 現金滿手增資確實奇怪 | fj概念股 笑死 | 內褲線不屬於你我，沒必要去賭這種不明朗的大餅 | 照推文的說法，是不是每家公司都會在股東會授權增 | 資呢？ | 把這種事關重大的事情用一個想省錢的名目混過去，柯 | 柯 | 用財報選股哪需要什麼內線 真的很愛胡思亂想 | 仁寶錢也很多，可成已經沒前途了 | 類博達？#懂的就懂 …？ | 股本73億，現金部位有1700億 | 真的很猛，猛到有點假 | 照公司的回覆， | 往前爬個股東議事錄就會知道每年都在複製貼上表決 | 一樣的事情，然後股本沒變過=沒在執行。只有最近變 | 少（註銷庫藏股） | 等公告通知董事會通過增資案再用力酸應該都不會太 | 晚。 | 長期低利率QE下幾乎沒有公司在用增資了， | 愛增資或發可轉債的地雷比率很高。 | 現金都快能蓋晶圓廠了 | 真的好有博達味 | 個人覺得有這種新聞出來，公司是可以順應時勢就不 | 要再表決通過這條。（反正每年都複製貼上也沒在執 | 行嘛…= =） | 但洪水樹家族檯面上的持股比率看起來很不怎麼樣； | 應該要開始認真買回股份鞏固經營權了。 | 大股東有滿手現金呀 能增資提升股權%數 | 我知道群聯也是每年擺增資案備用 不過好奇FJ怎麼有 | 信心洪家不經營會把錢還股東？自己家族每年坐領龐 | 大薪資與公司資源不好嗎 不繼續經營可是沒這些福利 | 喔 另外 我記得賣掉廠也好陣子了 這段時間真的有好 | 好實現當初賣廠說的資金用途？ | 我在乎的是公司前景，哪天宣布公司拓展了什麼業務 | 還是打入哪家的供應鍊，股價可能會大漲，只是現在 | 什麼消息都沒有，想投資的就敬請期待 | 現金不發也就算了  還增資就有點坑啊 | 484想幹大事了啊，嘻嘻 | 不懂整天在酸fj概念股的是什麼心態，沒有人家的價投 | 理念只想做波段就別跟單就好，明明fj大部分長投都是 | 賺錢硬要抓某幾檔還沒落底的出來鞭幹嘛，好像fj叫你 | 歐印還是殺你父母一樣== | 他就自組etf的形式在操作，某些人不知道是歐印沒賺 | 錢還是單純嘴賤真的看不懂 | 看不懂 有疑慮的 別買就是了 看戲 | 終於走到這一步，家族大股東要舒服了 | 好了啦 特哥椅子哥  反正都是零股 可成怎樣有差ㄇ | 庫藏 滿手現金 增資 阿(博達案.. | 可成:配發率三成還贏一堆公司耶 | 長投那近期聯發科京城銀吃筍勒 親衛隊快出來 | 想做車殼？ | 一堆人看不懂中文，都說增資是每年備而不用的提案 | 不過這家要做車殼應該贏不了能自產自銷的血尿 | 沒有人叫你買可成 | 都說長投看近期是有什么問題？京城銀我也有 長投目 | 前成本21 有問題嗎？ | 人家說他長投 我說他吃筍 跟你是否長投有何關係 | 看是要轉型投控還是下市算了 現金多到不知道怎麼花 | 我不懂長投的話 為什么要看近期損益停損 我不確定 | 你說的是不是FJ 至少我自己完全沒賣京城的想法 | Fj哥 今天很機動 一直打錯字XD | 員工的爆肝 | FJ自己說過近期停損聯發科跟京城銀 另外他可成也是 | 吃筍後再買回的 你要不要賣京城銀我是沒什麼興趣啦 | 有疑慮就別碰，不需要特別去酸吧 | 原來如此 長投卻在近期看損益停損的確很怪 我不確 | 定是不是看到什么風險 這留給FJ自己答 | 推文一堆不懂裝懂 和股版多數反著作必勝 | 小哥：歡迎勇者對作！ | 不認同可以提出論點反駁，針對個人進行攻擊，通常動 | 機都不太單純 | 秒想到博達，表面上現金一堆實際上… | 小哥停損就會噴了 | 看起來超像欠債太多 又沒法擴張 所以滿手現金 | 可成是想等崩盤歐硬是不是… | 水樹哥在下一盤很大的局 | 現在強調去年匯損也滿奇怪的 | 今年的匯率走勢不知道賺幾十億可能上百億？ | 這個記者不錯 | 謝謝啾啾鞋 | 權證X哥私房股，不知賠多少了？ | 增資再減 | 感覺沒救了 | 能酸FJ的標的不多了 要酸要快欸 | 看推文很有趣～ | 可成會不會變成韓進第二阿 | 150以下買不錯，配10塊殖利率也不差 | 增資只是備而不用，這不是常識嗎？大驚小怪什麼？ | 一堆上市櫃公司每年都麻有透過增資案，大多數都是 | 備而不用 | 想買什麼公司吧 | 金控股 | 誰管你什麼備而不用 股東就是認為你滿手現金 脫離 | 蘋果後還沒走出自己的另一條路 一堆錢還要增資 好 | 好跟股東交代阿 | 良率低，賺不到什麼錢 | 去看靠北可成2.0吧！ | 滿手現金等著炒股台股 還開什麼公司工廠 白癡才開廠 | 股東不爽就把股票賣掉阿 人家就是爽滿手現金 | 這記者真的滿認真欸 | 推家華認真喔 | 佳 | 轉型成控股公司 不過這些錢很容易就不見了 | 帳上看的到錢  但實際呢~?",原文標題：可成手握1700億現金是華碩5倍 卻打算增資？小股東對洪水樹的六大疑問 原文連結： https://www.cmmedia.com.tw/home/articles/33919 發布時間：20220519 08:32 記者署名：葉佳華 原文內容： 今年3月上市櫃公司掀起一波減資浪潮，第一季包括長榮、國巨、友達等18家上市櫃公司 皆同步辦理減資，減資金額也暴衝到574.86億元；但特別的是，近期有一家上市公司明明 手握著多達1700億元的現金及定存，占了總資產的7成，卻還在董事會通過辦理現金增資 ，引起股東不滿，這家公司是金屬機殼大廠可成（2474）。 究竟可成的帳上現金有多高？攤開財報，可成的資本額近73億元，但帳上現金及約當現金 加上定存就高達1747億元，比起資本額相近的華碩，其持有現金及約當現金的355億元， 可成手上的現金等於是華碩的近5倍；也比資本額13.41億元的大立光、帳上現金及約當現 金近958億元還高、甚至資本額達1248億的聯電，現金及約當現金1721億元也略低於可成 。 問題一：1700億現金占總資產7成，公司卻還要增資？ 根據可成第一季財報顯示，公司光是定期存款及附買回票券資產金額就高達1333億元，加 上現金及約當現金約414億元，合計約有1747億元的定存及現金，占總資產比重達71， 每股現金高達239元，相當驚人。 很特別的是，明明帳上現金已經很充裕，但董事會仍決議擬辦理現金增資。從可成的年報 和營運計畫書中可以看到，可成不斷強調，公司要轉型至生醫領域，從2021年5月份起， 就分別以3.09億元、3.16億元購入太醫（4126）5.86股份及邦特（4107）4.22股份， 另外，也砸了30億成立100子公司可仁醫學科技，但轉型生醫至今仍看不出有任何火花 。 從另一個角度來看，可成第一季的負債比僅35，負債總額約877億元，並無長期負債， 其中屬於銀行借款的短期借款約710億元，其餘負債多數為與營業相關的應付款，公司體 質尚屬良好，也實在沒有急需現金的理由。 （更多新聞可成江蘇廠428億賣中企 台廠將被紅色供應鏈取代？洪水樹：把台灣系統廠 當塑膠） 問題二：轉型至今不見成果，多餘現金卻不發給股東 帳上現金滿滿又不知如何運用，這代表資本運用效率不佳。若公司僅僅將超過1700億元的 現金放在銀行定存生利息，或是等待美金或人民幣等匯率升值享受匯兌利益，那還不如一 次先將現金發還給股東，等到公司真正需要用錢時，再辦理現金增資就好。 事實上，可成自2016年就率先提出5年度（2016年至2020年）每年配發現金股利將不低於 10元的股利政策，2021年也喊出2022年2024年每年預計提供股東每股約10元的現金股利 ，當時董事長洪水樹也喊出，可成將轉型朝向車用、5G、醫療等三大新事業。 但一名股東直言，2020年可成將中國泰州廠出售給藍思玻璃，挹注當年獲利，每股稅後盈 餘（EPS）高達27.65元，賺了27元結果只發10元，配發率才3成多，這合理嗎？股東 質問。 美國資本市場行動股東（Shareholder activism）最有名的一句名言就是：公司閒置不 用的資金的用途，應由資金擁有者（股東）來決定，而不是資金管理者（CEO）決定就 是最好的寫照。所以，從長期套牢的小股東角度來說，可成公司淨值遠遠大於市值，公司 大量現金倘若未能好好運用，應該發還給股東，而不是靠定存賺取微薄的利息撐場面。 （更多新聞立訊第一季股價大跌超過35 緯創、和碩受牽連 首季業外出現虧損） 問題三：股價淨值比僅0.7，外資卻持續賣超 從財報上來看，可成目前淨值為215元，而股價僅為150元左右，股價淨值比約為0.7元， 公司資產當中，現金及約當現金約為414億元，歸類在短期投資按攤銷後成本衡量之 金融資產部分，也就是公司的銀行定期存款總計為1333億元，兩者合計1747億元，佔流動 資產1936億元的九成，約佔資產2447億元的71%，而可成的股本只有72億餘元，代表現金 除以股本就高達239元，遠遠超過目前150元的股價。 以5月18日收盤價來看，可成股價收在157元。股東質疑，若以可成股本約73億元，每股現 金可說高達239元，但目前股價卻僅僅157元；再者，目前可成的每股淨值約215元，股價 遠遠低於淨值，等於股價淨值比約0.73，照道理來說，股價淨值比小於1，代表著比較便 宜，可以考慮買進。 但根據統計，今年以來外資對可成明顯站在賣方，外資持股張數已從年初的35.33萬張， 降到5月18日的32.08萬張，至今已賣出約3.24萬張。美系外資日前也發布報告，下修可成 今年的獲利及毛利率預估，並調降目標價，由原先的145元下修至120元，重申減碼評 等。 法人分析，可成、鴻海、大立光是第一代蘋概股，代表了iPhone 機殼、組裝及鏡頭的代 表性廠商，在2015年以前，無論業績或股價都繳出了亮眼的成績，可說是當時資本市場的 當紅炸子雞，不過從2018 年開始，同一時間，中國廠商如立訊、舜宇光學嶄露頭角，開 始搶占台廠的蘋果訂單，2020年立訊買下崑山緯創及江蘇緯創，從Airpods 代工跨足到 iPhone代工，後來可成將旗下占營收40% 的泰州廠，以14.27億美元的價格出售給中國廠 藍思科技。 由於泰州廠幾乎囊括了可成所有的iPhone營收，讓可成從iPhone概念股中除名，面對激烈 的競爭壓力，可成不論營收、毛利率、營業率和淨利各方面表現都呈現下滑，也面臨著中 國同業崛起的競爭的壓力。 （更多新聞可成董座洪水樹：不要核電也不要燃煤 只能多買蠟燭） 問題四：實施庫藏股救股價？三度出手效果不明顯 一般來說，當公司經營階層認為股價遭到市場低估時，常常會出手實施庫藏股買回，而可 成也從2021年3月到現在就實施了3次的庫藏股，第1次庫藏股買回8773張股票、執行率僅 35；第2次買回15533張，執行率為62.13；第3次買回16332張股票，執行率約65.32 。 但效果似乎並不顯見，2021年3月第一次實施庫藏股之後，股價一度彈升至200元，一個月 後股價隨後回落至200元之下，期間再度祭出庫藏股，也僅是短暫的雪中送暖，今年3月上 旬，股價更一度跌到140.50元相對低點。 如今，今年4月再度實施第4次庫藏股，預計買回張數為2.5萬張，買回區間價格為102.2元 220.5元，股價從4月下旬雖有反彈，至今來到157元，後續仍須持續觀察。 （更多新聞都是台幣升值惹的禍壽險業全年匯兌成本恐創歷史新高） 問題五：可成去年匯兌損失24億，等於賠掉三分之一股本 此外還有一個問題，匯兌風險對於做全球生意的科技廠來說，也是一大挑戰。日前可成高 調公布，第一季匯兌收益大賺22億元，比第一季整體獲利20.57億元還高，但這也凸顯出 第一季的獲利貢獻並非出自於本業。 別忘了2021年美元走貶、新台幣匯率強升，新台幣甚至站上最強亞幣的寶座，同時也 造成了可成的匯兌損失壓力，從年報上可知，2021年全年外幣匯兌損失達24億元，以可成 公司股本約73億元估算，等於當年度匯兌損失就賠掉了13的資本額。 換句話說，可成握有龐大現金部位，這些現金大多是以美元的形式放在帳上，一直沒有用 衍生性金融商品進行避險，所以當美元升值時，可成自然可以享受匯兌收益的盈餘。另外 ，可成沒有說的，是去（110）年美元美國聯準會實施無限QE導致的弱勢美元、台幣升值 時，去年可成當年匯兌損失24億元，而前（109）年匯兌損失則為56億元，這是公司多餘 現金沒有充分運用或發還給股東所造成股東的巨大損失。 換言之，可成去年單是匯兌損失就賠掉了1/3的資本額，前年則賠掉了七成以上的資本額 ，這麼大的匯損數字數字在台灣上市公司當中可說相當少見。 法人認為，這純粹是因為台幣貶值及升值對公司的獲利影響所導致，但這也代表著，可成 並沒有實施避險措施，同時這也是閒置現金過多的窘境。 問題六：轉型生醫至今看不到成績 可成在年報和營運計畫書中不斷強調公司要轉型到生醫領域，但從2021年5月份開始，陸 續從次級市場買進了太平洋醫材股份、邦特生物科技公司股份，一路增持到對兩家公司持 股大於10%而成為內部人，卻始終未見太醫或邦特與可成聯合對外說明，可成對外也對外 表示僅為財務投資。 從策略投資角度來看，對於兩家日均量都低於200張的公司持股10%以上，也存在高度的流 動性風險，究竟是可成不懂得投資，或是基於市場壓力做一些看似有策略性意義的財務投 資，總計約不到7億元的蜻蜓點水式的生醫轉型，目前看不出有任何火花，答案也不揭也 明。 可成過去提出的轉型計畫至今不見成果，外資法人和本土法人也因為不具未來想像空間而 持續拋售股票，可成雖然一度想積極轉型，砸錢30億元成立可仁醫學科技公司切入高階醫 材、子公司可耀、Cor、益德、益盛等都有投資功能，但是花錢火速、推展龜速，卻是股 東心中最大的疑慮。 可成：以公司經營及股東權益為考量 對於股東的質疑，可成發言系統則回應，公司每一年董事會都會在股東常會上提案辦理現 金增資，這是屬於股東會的例行性議案，是備而不用的概念，目的是為了公司若有任 何資金需求的時候就可直接授權董事會做決定。 對於過去兩年出現大筆的匯兌損失，可成發言人侯乃鳳則澄清，公司都有適時採取避險交 易，但由於2020年處分泰州廠後匯回一筆相當於200多億台幣的美金，而該筆是屬於受限 制資金，在尚且無法動用的情況下只能放置定存，確實容易受到匯兌的波動影響。 另外，侯乃鳳也坦言，賣掉泰州廠、蘇州閒置廠房後確實營收遽減，但近兩年已透過子公 司可耀進行整體的投資策略評估，事情都在On Going；針對股東要求先將多餘的現金 退還，她則回應，主要是基於中長期的規劃，在轉型過程多少都會碰到併購機會，公司的 立場會站在股東權益及經營角度作為考量。 心得/評論： 賣廠王滿手現金不會用，卻還要增資， 自從賣廠脫離蘋概股後，現在本業到底是甚麼？ 難怪股東疑慮重重阿... 
[新聞] 華碩：消費型NB陷入衰退 下半年相對有挑,2022-06-09,59.0,"宏碁也是類似說法 | 5折收 | 宏碁多屯的比例可沒華碩這麼誇張 | 2000E...? | 燙 | 不意外 | 庫存比去年同期增加近千億結果需求下滑!好玩了! | 沒印錢,不能把自家股票買上去,經濟很慘... | 下半年消費性電子產品購買力下滑  正常啊 | 半價買一台 | 庫存跌價損失 怕 | 景氣循環 | 下半年看來會有電腦大特價  爽喔~~~ | 人民沒錢 先還房貸 吃喝很難縮 消費性電子產品能晚 | 點換再換 | 沒有挖礦妳就沒了 | 很好 看下半年有沒有便宜筆電可以買 | 景氣保守、審慎樂觀、相對有挑戰~還有沒有其他的詞 | 不意外，看看2347強哥 | 股東會紀念品清庫存啊 | 審慎樂觀 | 股價弱不是沒有原因 | 套牢等42元配息了 只能這樣了 不然賠更多 995 | 受到apple macbook air M2的挑戰 | 衰退就加價賣啊. 蘋果新的MBA 比原本貴200美元 | 至少現在買可以承受42000元的損失 | m2晶片成本也有增加啦 原物料什麼的也是 | 緯創24收 | 雀食 | 8折出清很快就賣完了吧 | 先改善售後服務吧 那個維修外包太爛了 | 舒服 這段時間抬價可沒少抬 | 爛筆電誰買？mba的m2能打贏再說 | 下半年有便宜筆電可以買了嗎? 好想換啊 | 庫存太多 五折賣出啊 | 是不會打折嗎？鄉民都懂行銷 | 應該沒銷售那麼快...平板不算 家中筆電就四台以上 | 了 | 可是 一堆高階筆電還是缺貨  而且都沒優惠捏.... | 現在買應該都是win11了 | 去年買一台 今年又買一台筆電...一定是太無聊了 | 疫情紅利過了 準備破底 | 旗艦筆電3折賣我還是收哦 | 吃貨 | 網路一堆庫存廣告還賣那麼貴....快笑死! | 外資都不計代價賣了 | 降價求售啊，啊…股票也是 | 消費電子股 率先跌破月線 | 大降價啊，一定賣光光 | 規格太爛 | 殖利率愈來愈高 | 電子廠開始投資挖礦幣阿  漲的越高賣的越多 永動機 | 存貨不一定是公司屯的 | 很高機率是海外Hub | 鵝羅斯看來佔華碩很大營收喔 | 庫存爆倉了吧 | 最後黑色星期五開始打庫存？長空伺候 | 清庫存就是降價賣，股價也跟著降價 | 之前想撈一筆，這下慘了吧",新聞來源:自由時報 網站 https://ec.ltn.com.tw/article/breakingnews/3953013 華碩：消費型NB陷入衰退 下半年相對有挑戰 記者卓怡君台北報導PC產業在經歷前兩年大幅成長後，今年衰退已成定局，華碩（23 57）共同執行長許先越今日出席股東會時指出，前線從通路庫存、客戶需求來看，尤其看 到消費型機種有下降，下半年對華碩相對有挑戰，但公司仍設定積極成長目標，優於市場 平均水準，希望有10%成長，消費型機種力拚持平，優於市場衰退10%的表現。 許先越表示，疫情對全球造成很大影響，推升PC需求大幅增長，2019年之前PC產業持平甚 至緩步下降，隨著全球陸續解封，產業回到疫情後的新常態，在疫情爆發性需求後，過去 兩年購買機器的消費者暫時不會再購買，但商用機種需求大於消費性機種，華碩消費性機 種比重較高，目前來看，整體市場消費型機種今年衰退約10%，但商用機種需求較強可以 彌補部分，整體下滑比重相對不大，華碩從前線已看到通路庫存上揚、客戶需求下滑，尤 其消費型機種有下降，下半年對華碩相對有挑戰。 華碩囤了快2000億庫存本來想大撈一票結果碰到俄烏戰爭全球能源、糧食價格高漲電 子需求大衰退華碩的庫存現在變成湯手山芋了吧 === 
[情報] 2357華碩 7/29除息交易日,2022-06-21,28.0,除完破300嗎 哭阿還是會拉到342~~ | 幫算殖利率 | 99石頭 | 不知道要填多久 | 殖利率越來越高，可以跟海運比殖利率，股價淨值比 | 又比海運爛，咕嚕咕嚕，跟海運一起死去 | 技嘉 營收開始衰退了 華碩要撐多久 | 殖利率爆炸多，前輩前兩年賺爛，今年存這支等領錢 | 挑戰超過100%殖利率，大家說好不好？ | 景氣循環股，ㄏㄏ | 筆電股還敢買啊 | 殖利率百分百的比較有可能是航海 | 350t 好冷 | 不敢買 | 微星更優 | 以卵擊石 | 比航運好多了 | 現在是什麼都要比航運膩 | 筆電價格都跌回去年初價格!...規格昇一級! | 比玉晶光營收好太多了，只是股價輸好多，大家都喜歡 | 玉晶光，不喜歡石頭，不喜歡海 | 買在山上好冷不敢賣，昨天跌到骨折也不敢買，逼哀嗚 | 除息日會除息兩次 | 投信真敢買 買的贏外資再說 | 回到正常價格200-250吧 | 笑死，這麼晚除息哪需要現在就公佈 | 華碩海運，聯詠海運 | 375一股，救我,1. 標題：公告本公司配息基準日 2. 來源：公開資訊觀測站 3. 網址： https://mops.twse.com.tw/mops/web/t05sr01_1 4. 內文： 1.董事會、股東會決議或公司決定日期:111/06/21 2.除權、息類別（請填入除權、除息或除權息）:除息 3.發放股利種類及金額: 普通股現金股利NT31195931760元( 每股預計配發42元 ) 4.除權（息）交易日:111/07/29 5.最後過戶日:111/08/01 6.停止過戶起始日期:111/08/02 7.停止過戶截止日期:111/08/06 8.除權（息）基準日:111/08/06 9.其他應敘明事項: 預計現金股利發放日為111年8月25日。 今天長紅過月線 W底？ 但我是不敢買啦 哈哈 
[情報] 2357華碩、2376技嘉、2377微星 六月營收,2022-07-08,68.0,還沒反應 | 石頭還是蠻猛的阿 | 微星太屌了吧，今年還沒負過 | 微星正的... | 小星星 | 消費性電子衰退?  呵呵 | 慘 | 微星外資一直倒貨，又瘋狂借券！ | 說好的衰退在哪？ | 海水退了就知道誰在裸泳 | 財報是看過去的，我猜衰退要到Q4才會反映 | 6月，等下半年開完才說好ㄇ | 這雞排好慘 | 雞排還好了 上個月真的是人間慘案 | 等多數人覺得痛的時候股價才悄悄落底 | 好了啦 筆電三兄弟一起下去 | Q4才反應  結果明年Q1又成長了怎辦 | 外資：收到 繼續倒 | 現在都看明年了，明年電競NB要遭遇手遊更強烈的競爭 | 石頭營收一直很好 還可以成長 真的強 只是外資內資 | 都不喜愛 比玉晶光還沒未來 | 300以下的華碩 是上天的禮物 | 微星電腦還是強 | 還要扣掉42 | 完蛋準備全部崩到叫媽媽 | 西哥995 | 筆電都越來越好的趨勢，是我看錯嗎？ | 小星星蠻強的 | 六月營收很重要嗎 | 感謝 | 當初LUNA時有抓到一波 | 石頭累計營收還正成長？拿外資看這麼兇是在... | 微星怎麼這麼強啊 | 技嘉真慘 | giga是被什麼卡到 慘成這樣 不忍 | 石頭300真的太低估了吧 | 技嘉真的可憐 | 有用心捏 | 華碩現在進場三年估計可以領100塊股利，成本剩下2 | 00放著配都舒服 | 樓上推文害我以為是FJ | 樓下領到薪水換電腦豪布豪 | 別換惹 反正你也沒時間玩 呵呵 | 還放著配都舒服 fj早就賣了 不舒服 | 庫存跌價 認列 要吃掉多少 | 今年還成長 配28＋42＋50可期待 再10年股票就0成本 | 了 | 技嘉全持的伺服器子公司要年報才會挹注吧 | 微星大哥！但股價也是下去 | 微星回檔也很多 | 300以下慢慢買 | Q3才是 | 99技嘉 | 之前不是宏碁放著配都舒服嗎 | 庫存滿出來，卻營收年增 | 在台買優質品牌廠的股票不如買供應鏈好炒 | 沒有新卡，舊板卡還在跌價 | 好好笑，沒看到之前聯詠敦泰股價 下去多久後營收才 | 開始轉弱 | 華碩以前一年賺個20加減5元，明年肯定是下緣，純粹 | 除息前一堆智障高股息etf在買撐在那 | 回48樓，技嘉的伺服器子公司 技鋼，預計2023/1/1才 | 分拆。 | 微星上半年已經傳一個股本啦，不敢買的還是不敢買， | 敢買的就等大盤回升自然就會有反應 | 99技嘉…. | 微星好神 | 小星星 這麼強。為什麼股價這麼慘...,1. 標題：2357華碩、2376技嘉、2377微星 六月營收 2. 來源：公開資訊觀測站 3. 網址： https://mops.twse.com.tw/mops/web/t146sb05 4. 內文： 2357 華碩 本年迄今累計營收 去年同期累計營收 累計營收成長率 265344967 244241430 8.64% 111年06月營收 去年同期月營收 月營收成長率 (9個月最高) 55449083 47945298 15.65% 111年05月營收 去年同期月營收 月營收成長率 38083971 40995436 7.10% 111年04月營收 去年同期月營收 月營收成長率 33389173 39139014 14.69% 2376 技嘉 本年迄今累計營收 去年同期累計營收 累計營收成長率 55263767 60154218 8.13% 111年06月營收 去年同期月營收 月營收成長率 (3個月最高) 8194426 9139435 10.34% 111年05月營收 去年同期月營收 月營收成長率 6840822 11600389 41.03% 111年04月營收 去年同期月營收 月營收成長率 7626462 11047434 30.97% 2377 微星 本年迄今累計營收 去年同期累計營收 累計營收成長率 101054645 94327016 7.13% 111年06月營收 去年同期月營收 月營收成長率 (3個月最高) 16497922 15570323 5.96% 111年05月營收 去年同期月營收 月營收成長率 15909845 15674299 1.50% 111年04月營收 去年同期月營收 月營收成長率 15608092 15077434 3.52% 看樣子很明顯了，只做板卡太受大環境跟虛擬幣的影響，系統品牌廠的獲利相對穩定一點 消費性電子產品似乎沒有衰退的想像嚴重 2377老闆說Q2會是最差的一季，那下半年會如何呢？ 
[新聞] PC市場波動 大摩砍華碩、宏碁目標價,2022-07-18,34.0,00900 | 信號來了 | A蛇 估17元也太慘 | 然後今天宏碁大摩買超 | 華碩有零零韭零零加持 | 去年底推文也是狂喊了A蛇一陣子 | 塊陶 | 華碩以前就賺個20+-5元吧，明年肯定下緣，200很合理 | 啊 | 空頭大屠殺 | 華碩去年就在喊313了 期間也拉到380左右 不準 | 比淨值還低，不如賣一賣不要做了 | 筆電還是賣得有夠貴 | 降評就是吃貨，想跟的注意外資買賣 | 華碩跌到205，我還不all in | 蛇蛇看好15元 不過旗下小雞雞們都蠻會賺的 | 砍，就是買 | 巴菲特買的HPQ 大摩會不會下修XD | https://i.imgur.com/PnRINcw.png | 結果大摩今天買宏碁買比誰都多 | 真噁心 | wtf 22塊套兩張 17以下再來攤平 | 大摩很常這樣，出新聞再反著做 | 吃貨文無誤 爽買便宜A蛇 | 訊號來了 謝謝大魔 | 大摩：我只是sell side，客戶利用我的報告打掩護壓 | 低吃貨是它的事！不要說我們串通喔！（我不想喝咖 | 啡） | 雖然宏碁最近跌很多，不過我已經不相信大摩的說法。 | 筆電還是貴 | 出報告跟買賣是不同人在做的啊 | A蛇 17....不太可能 吃貨文 | 喊完一直漲 果然大摩 | 乾，真的要反著做,新聞:udn 網址 https://udn.com/news/story/7253/6469119 PC市場波動 大摩砍華碩、宏碁目標價 20220718 12:04 經濟日報 記者 黃力 台北即時報導 摩根士丹利（大摩）指出，消費型和商用PC需求於今年皆見走疲，將影響相關廠商出貨量 ，與此同時，相關廠商庫存堆積將促其削價競爭，不利獲利表現；在相關需求波動下，保 守看待華碩和宏碁，皆給予劣於大盤評等，目標價各由296元下調至205元，由22.5元 下調至17元。 大摩指出，自2021年中，消費型PC需求逐步下降，商用PC需求則相較穩健，然而，目前可 見惠普的筆電代工OEM廠英業達第3季產量或將出現季減情況，與過往同期不同；此外，戴 爾電腦在第3季也將自筆電和顯示器抽單。 大摩另經訪查指出，企業在今年有刪減硬體預算的跡象，而據以往經驗，一旦出現首次修 正，便會在增長預期落底前，還會出現兩到三次的預算下調。而如果經濟情勢持續惡化， 則PC預算最有可能首先被砍，預期今年全年PC出貨量3.04億台，年減約11%，並可能有下 行空間。 大摩表示，PC品牌廠庫存在首季出現推積，其中華碩庫存更持續於第2季增加，整體PC OE M廠製成品庫存在首季年增56%，在大中華地區中以華碩增加最多，預期華碩要花費兩至三 個季度消化庫存。另預期PC品牌廠對促銷轉趨積極，以嘗試將庫存去化，而這會使獲利加 速常態化。 . 筆電庫存太多大摩大砍華碩 宏碁目標價 華碩如果真的跌到205還不all in到爆 
[新聞] 美國337調查恐禁止進口 宏碁、華碩等4公,2022-08-04,29.0,這家是專利蟑螂嗎？ | 感覺是專利蟑螂! | codec嗎？ | 看敘述像蟑螂 | 蟑螂認證 | 謝謝美國爸爸 | 哇微星 | 蟑螂公司？ | 好 空到下市 | 廣達噴出！ | 專利蟑螂 | 專利蟑螂 | 還以為美國要對華碩、宏碁，要求選邊站了。 | 蟑螂 | 專利蟑螂吧  地圖炮 | 台美關係史上最好 讚讚 | VLC PLAYER那間? | 如果證明屬實，有可能禁止=不會 | 這種事真的沒啥 | 要你繳錢就對了 | 微星根本超硬 | http://i.imgur.com/YJewDBJ.jpg | http://i.imgur.com/H37CgLp.jpg | http://i.imgur.com/jDgVQLe.jpg | 是不是知道他們這種專利聯盟打雙A跟微星、聯想結果 | 會怎樣 不過可以賺到6個B應該蠻強的 | 翻譯：給美國爸爸孝親費 | 蟑螂公司 讚讚 | 這種就專利蟑螂,原文標題： 美國337調查恐禁止進口 宏碁、華碩等4公司中箭 原文連結： https://reurl.cc/LMbO1e 發布時間： 20220804 20:43 記者署名： 吳凱中 原文內容： 美國國際貿易委員會（USITC）對台灣品牌雙A宏碁（2353）、華碩（2357）及微星科技（ 2377）和聯想及旗下摩托羅拉展開337 調查，此事緣起於美商VideoLabs投訴上述相 關業者產品侵權，如果證明屬實，有可能禁止進口部分電腦、平板電腦、智慧手機及螢幕 至美國市場。對此，相關業者皆低調回應，宏碁表示，由於此案已進入法律程序，我們不 便進行評論。 外電報導，USITC於美國時間3日發出新聞稿，宣布正式立案展開337 調查，根據USIT C官網顯示，受調查者包含宏碁及其美國子公司、華碩及其美國子公司、聯想及旗下摩托 羅拉和台灣的微星科技。 對此，相關業者皆低調回應，宏碁表示，由於此案已進入法律程序，我們不便進行評論。 微星則指出，將依法答辯，其餘暫不便回應。華碩則至截稿前夕尚未回應。 USITC本次調查是基於美國加州公司VideoLabs提起的訴訟，該公司依據《美國1930年關稅 法》第337節規定，於今年7月5日投訴聯想等公司涉嫌侵犯其專利，VideoLabs並尋求有限 排除令和禁止令。 USITC將調查上述公司銷售的一些影片處理設備，並包含同樣設備的產品，是否有違及侵 犯四項專利。 若證明屬實，有可能禁止進口部分電腦、平板電腦、智慧手機及螢幕。 目前USITC針對VideoLabs的投訴是否成立尚未做出最後決定，USITC將自宣布展開調查後 的45天內決定，該起調查需要耗時多久。根據以往案件調查時間，動輒需要一年以上。 根據VideoLabs官網內容顯示，該公司為知識產權服務公司，總部位於矽谷，業務遍及歐 洲和亞洲。該公司先前已與戴爾（DELL）、臉書母公司Meta有過訴訟。 心得/評論： 查了下，幾乎每年都有不少企業被吉，懲罰確實訂的蠻嚴苛，但真正判侵權的似乎不多 https://i.imgur.com/Var5Mtf.jpg 華碩、宏碁、微星在2018.2020也被另一家專利授權公司針對某些專利提告過，找了沒發 現後續結果，影響似乎不嚴重，算是訟棍法（？ 
[情報] 2357 華碩 2382廣達 7月營收,2022-08-09,73.0,"肉鬆…這麼強喔… | 哇靠 電子災難 | 肉鬆前幾個月比較軟 群光每個月都比較穩 | 石頭變饅頭 | 肉鬆棒棒！ | 石頭也太爛了吧 | 華碩哇操 | 刀碩今年累計還有7%還可以啦 | 華碩yoy 還有7%也太猛 | 庫存打消 會更精采 | 累積yoy很快就變負的了，大概負到明年中後看再看吧 | 99刀碩QQ | 肉鬆讚啦 | 終端反應慢點而已 | 今年還有下半年 筆電跟零組件要清倉賣了沒? | 比起筆電 顯卡才恐怖... | 肉鬆為何 難道只有我還在等74,大家都進場了嗎 | 肉鬆讚讚 | 我在等75 我也還沒進場 慘 | 肉鬆要填息辣 | 比特幣還離崩跌很遠 顯卡災難可能等不到 | 共碩這樣, 有未來喔 | 肉鬆我也在等...看起來要填息了QQ | 刀碩大爆噴 向下 庫存太多了 | 本來除息前想買 不過我去撿阿榮和金項鍊 | 等不到肉鬆了 | a蛇呢 | 刀碩200收 | 以卵擊石 | 廣達沒事？ | 該刀囉 | 肉鬆猛 | 石頭幾元收？ | 顯卡已經開始跳水了 你不買 我不買 明天跌三萬 | 150收 | 石頭還可吧 是肉鬆太神了 | 石頭固定做帳是3 6 9 12，所以隔一個月爛是正常的 | 石頭是被小編的刀子傷到了嗎？ | 肉鬆準備填息 舒服 | 肉鬆有fu糗，ASUS只有任務 | 廣達有server貢獻，且顯卡衰退影響也比較少吧 | 華碩主要 nb/顯卡/主機板，一個比一個崩 | 上游都崩到地板上了是覺得那個撐的住的，純粹上下 | 游/運輸的時間差 | 240再來價值投機 | 該把刀子拿出來了！ | 肉鬆這波真的穩到爆 台股下修跟他感覺一點關聯都沒 | 有 | 肉鬆真的穩2年前買來存之後波動不大 | 明天做空刀碩穩賺吧 | 肉鬆有fu糗 要買要快 晚了就準備抬轎吧 | 手機筆電顯卡銷量都在下行階段，87才買 | 肉鬆有伺服器加持 | 肉鬆真的強 | 華碩跌停收 | 但華碩營收都集中在季底吧 | 廣達大多都server 還以為是NB時代呀! | 石頭看起來比預期中好 | Zenfone 9我看也不妙 | 華碩有幾個月營收都會蹲一下 | 99肉鬆 | 叫石頭的都是垃圾 | 廣達填息後就可以空了，基期那麼高，下來很可怕 | 緯創不知道怎麼樣 | 華碩本來每年7月都很弱啊，幾乎每一年7月都是月減 | 肉鬆開始甩開仁寶 | 肉鬆哪裡下修沒影響，明明有跟著修正2波，都有7字 | 頭給撿，最少除息後78以下明明也可以撿... 大家都 | 等便宜，最後就是看著一路上去 | 肉鬆等甜甜價啊 | 活該去年顯卡賣這麼貴，庫存堆到天邊 | 肉鬆server很多都陸續量產，還在看NB時代來看低基期 | XD",https://mops.twse.com.tw/mops/web/t05st10_ifrs 本資料由 (上市公司) 華碩 公司提供 民國111年07月 單位：新台幣仟元 項目 營業收入淨額 本月 36753188 去年同期 37573755 增減金額 820567 增減百分比 2.18 本年累計 302098153 去年累計 281815184 增減金額 20282969 增減百分比 7.20 7月營收367.53億元 MoM: 33.7% ，YoY: 2.18% 本資料由 (上市公司) 廣達 公司提供 民國111年07月 單位：新台幣仟元 項目 營業收入淨額 本月 129459679 去年同期 94756709 增減金額 34702970 增減百分比 36.62 本年累計 701708296 去年累計 623987889 增減金額 77720407 增減百分比 12.46 7月營收1294.6億元 MoM: 4.6% ，YoY: 36.6% 這兩檔都是最近除息，也觀察了一陣子，相較之下，肉鬆營收真的亮眼很多啊 
[新聞] 華碩Q2三率三降純益僅18.96億元EPS2.6元,2022-08-11,223.0,"笑死 常榮陽明 有夠委屈 | 庫存打完沒 | 庫存打完會更精采 | 景氣循環股 | 庫存水位拉到2061.9億了 | 刀 | 要不要降價賣? | 2061億 有夠誇張XD | 好慘…這下毀了 | 庫存如果降價賣 毛利又會掉 真的兩難啊 | 笑死 Q2 2.6 | 爛到爆 | 阿明阿榮真的尾曲 | 明天微星會不會被帶衰啊 | 小編995啊 | XDDDD | 噴起奶？ | 明天貨櫃資金避風港 | 哇靠，Q2 2.6的支碩 | 消費性電子就是這麼有趣XDDD | 直接炸開耶 哇靠 | 跌停起來吧 | 涼了 | 貨櫃已在反應明年衰退了... | 台股有史以來。最委屈。長榮 | 跌停見 | 這要鎖好幾根了吧… | 台積電都不會被衝擊嗎？ 太猛了 | https://bit.ly/3PhVcTo  這篇新聞標題 比較嚇人 | 2.6？？ | 石頭碎了 | 慘 | 華碩的問題 ""存貨跌價損失"" 無聊可以去研究過去 | 大爆炸 完了 | 越爛越噴，明天噴定了 | 我還沒逃 怎麼辦   嗚嗚嗚 | 笑死  航運委屈了 | 幫銷庫存rtx3090，7000收xd | 華碩已反應，還好吧… | 丸子 明天出貨 | 看看末端銷售跟庫存，再看看前段晶圓代工業績，根本 | 套了些靈骨 看下來多少再來買 | 海運委屈什麼 套多高 要人幫解套？ | 爛到噴不動… | 想幫老婆換筆電 何時跳樓大拍賣 | 就是催命符 | 還沒谷底 | 樓下說多少收 | 缺筆電＋1 | 帥啊。存貨沒掉可以推論損失還沒打乾淨  科科 | 趕快去找找石頭的供應鏈有哪些吧 | 利空不跌就厲害了 | 準備過寒冬了 | 通常這種狀況都會先拼命銷庫存，受不了再打損失 | 結果連存貨都沒掉就糗惹~ | 送刀促銷 | 先猜回200測底 | 2.6…？ | 電蝦版的等等黨又可以再等一季惹 | 3c產品過季就是垃圾 | 看看今天融劵有沒有大增 被人偷看 | 跳樓大拍賣？ 不可能啦 毛利直接驟降 ，Q1毛利已經 | 比2021年降一點了，如果在降價賣 等於毛利溜滑梯嘍 | ....不可能降價賣啦。 | 螢幕特價我可以考慮買一下 | 雙11再到京東找便宜石頭 | 有被人偷看 我借券擺了半年沒人借 昨天借出去 | 好慘 | 話別說這麼早，吃筍兩成可以換金流回來也值得R | 打損失堆倉庫那可真是...... | 刀碩把台灣人當盤子 不可能降價啦 | 是哦~那我等Intel 13代囉。你慢慢賣。 | 今天還是噴，沒差啦 | 華碩 發哥 | 買顯卡送電競菜刀促銷不知道行不行？ | 放火燒庫存會不會比快?? | 這真的超爛 | 比較快 | 超扯 | 看來宏碁陳俊聖真的有在做事沒這麼慘... | 腰斬再腰斬？ | 一把火燒庫存 還有保險理賠回沖 考慮一下 | https://i.imgur.com/xUMfhoe.jpg  華碩Q3倒很有信心 | 架刀碩 | 乾 火災這招有點讚 | 市場預期衰退15% ASUS預期成長15~20% XD | QoQ | 我可以成本幫忙收一台！ | 中國封城 底層都沒$買消費性電子產品了 | 還是當股東會紀念品發 | 顯卡可以打折賣了嗎 | 明年配的出20？ | 看樣子去年沒買新筆電的判斷是正確的 坐等降價 | 50收 | 共碩在台灣啥時跳樓大拍賣了?618去中國買還比較便宜 | https://i.imgur.com/TrruhlU.jpg | 庫存看起來有提列 | 上一Q存貨是2043億，提了還沒變少才誇張  科科 | 不管有沒有提列，第二季的存貨還是比第一季成長啊 | ，後面還有要降價以及更大的提列動作 | 涼了！還有參加俄羅斯渾水 | 大爆死！！！！ | 明天漲停 越爛越噴 | 之後每季要打200-300億的庫存 但opm說2q是底 怪怪 | 的 qq | 以卵擊石 | 好啦，先跟我說一下多少能收@v@ | 已反應 | 蒸丸子 | 看外資原本預期6塊錢耶!現在2.6根本跌破眼鏡 | 只有蘋果還行 其他消費性電子都慘兮兮 | 重點是庫存竟然沒減少!傻眼 | 為什麼你是匯損 | 現在營收爛不會跌  營收好也不會漲…… | 死不出6000系列APU機種呀，一直丟4000跟5000系列出 | 來活該清不掉庫存 | 塊逃呀！ | 超慘的 而且股價還在高檔區域 估計灌幾根不意外了 | 為什麼是匯損 | 有200的石頭可以買嗎 | 倒爛 | 沒有賣不掉的貨,只有賣不出去的價格 | 好險四月373認賠全出了 | 放著賠都舒服 | 挖靠救命 | 笑死，比景氣循環股垃圾 | 買了一台PC 4萬多實在難用 | 從多少跌下來的 會不會看啊 現在這個位置不就是他 | 的價值 看衰退就說爛 難怪總是停損 | 不跌怎麼買 跌就是買 | 師父叫你3xx上車 不會有人上車了吧 | 230-240撿反彈看看吧 | 疫情前才200 你又多懂它價值 | 保守一點看 本來就是以疫情前作評估 | 以它的產品品質，不意外 | 你跌再兇有聯詠跌得多嗎 | 以股價位階來說 華碩現在比技嘉微星高很多吧 | 每年大概還能賺30元 大概跟20年差不多 就看給幾倍 | 了 | q2賺3元多 你跟說每年賺30  說笑嗎 | 疫情前 他eps才多少 你要不要去看一下 | 先想辦法處理庫存吧 | 師父買358.5 347就停損了 XD 停損也有承認吧 | 等下一次循環 | 200塊差不多 | 本來就是疫情造成eps爆發 現在結束就是往原點方向 | 走 | 華碩庫存持續往上疊 看了庫存狀況就先停損了 | 這不是很正常嗎 但是會不會回原點就不一定 | 長榮委屈了 | 大概要去瘋狂跟下游砍價了，蠻懷疑庫存還在升，opm | 真的能上去嗎 | 就算如他所說 一季大概也就五塊多吧 怎麼賺30的 | 想想哪裡怪怪的 股本74億 庫存2千億 這是庫存佔20多 | 個股本量嗎？ | 共碩還是下去吧 | 笑死 | 別說了 台股99%都是景氣循環股 | 師傅又是什麼梗啦 | 不過今天漲耶?! | 股價下跌或不漲都是有原因的 接下來就是海運 | 差有夠多，誇張 | 都沒發現上游嘻嘻哈哈 | @@ 今天外資大買 | 閉眼放十年QQ | 就有人酸FJ叫師傅    是說自稱師傅好好笑XD | 外資早就知道 一直漲不起來 | 說個笑話 股價抗跌 | 這太慘了吧 | 慘到不能在慘耶，季減8成到底是怎樣…eps直接掉到2. | 5塊 | seafood!!! | 跌停接 | 今年肯定沒30了吧，第三季也很難好 | 俄羅斯市場損失不少吧 | 明天又要除息惹 | 真的慘 | 還不夠低 | 回到疫情前兩百附近晃 | 看同學會有人說低於9.5 過戶100張給發文的人XD | 這比滷肉還慘的感覺QQ... | 明天掛跌停賣出 | 蒸的...... | 好慘 | 笑死 | 好誇張 q1這麽好 結果Q2ㄧ堆人都說q2賺10塊 笑死 | 沒有fu糗 | 去看籌碼k一堆信徒 早說了 認列庫存就要嚇死你 | https://i.imgur.com/RiK6777.jpg | 快點降價，我幫你銷庫存 | 好哦 股價200多 笑死 | 舒服 去年各種提價賣 有種就不要降價 | 巴BQ了 | 庫存幾百億 | 景氣循環。笑死 | 慘到爆炸 扯 | 我的華碩筆電為什麼10年了還沒壞過？人品爆發？ | 丸子 | Q1法說華碩都說營業利益會破5%!怎麼算都不會9.5 | 阿榮：景氣循環股下去 | 這汁去年真的過太爽 | Q2長這樣 Q3死定囉 | 長榮委屈了 | 準備三根 | 這完全早就知道的事 | 把財報當進出的，只能被割 | 明天會不會跌停都不一定了!還三根勒! | 他國公司事務 | 面板委屈了 | 部空不行!!!!!!!!!!!!!!!! | 所有產品一折收 | 丸子 | 我的華碩9千元手機用3年還在用 | 投信也一直狂買 神 | 賺2.6??? 憑甚麼能285 我的恥骨賺1.88 現在才43 | 面板都覺得委屈。長榮更不用說 | 好險除息後還沒撿 涼去 | 消費級跟企業級的市場怎麼差這麼多w現在網通設備交 | 期越來越長報價越來越貴結果華碩庫存2000億 | 山積的顯卡~ | 差點跌停 | 看衰就是撿 | 以為看錯…8趴",原文標題： 華碩法說Q2三率三降純益僅18.96億元EPS 2.6元 探九季低點 原文連結： https://news.cnyes.com/news/id/4933405 發布時間： 2022/08/11 16:00 記者署名： 鉅亨網記者劉韋廷 台北 原文內容： 品牌大廠華碩 (2357TW) 今 (11) 日公布第二季財報，受大環境影響衝擊終端消費性市 場需求，加上單季認列匯損近 7 億元，侵蝕本業獲利，單季三率三降，稅後純益降至 18.96 億元，季減 81.82%、年減 83.32%，每股純益 2.6 元，創下近九季低點，累計上 半年每股賺 16.6 元。 華碩第二季品牌合併營收 1152.1 億元，季減 9.97%、年減 4.29%，毛利率 12.2%，季 減 6.47 個百分點、年減 9.23 個百分點，營益率 1.7%，季減 6.17 個百分點、年減 9.54 個百分點，受業外匯損拖累，稅後純益僅 18.96 億元，季減 81.82%、年減 83.32% ，淨利率 1.65%，季減 6.51 個百分點、年減 7.8 個百分點，每股純益 2.6 元。 華碩上半年營收 2431.72 億元，年減 0.4%，毛利率 15.6%，年減 6.3 個百分點，營益 率 4.95%，年減 5.27 個百分點，稅後純益 123.26 億元，年減 41.8%，淨利率 5.07%， 年減 3.6 個百分點，三率三降，每股純益 16.6 元。 業外方面，華碩第二季業外獲利大縮水僅達約 4.59 億元，季減 84%、年減 68%，儘管轉 投資亞旭虧損持續收斂，單季稅後虧損 100 萬元，但光是匯兌損失就高達 6.99 億元。 產品營收比重方面，華碩第二季個人電腦 67%，零組件、手機則各占 33%、1%，出貨地區 仍以亞洲占約 50% 最高，歐洲、美洲各占 25%。 展望本季，華碩預期，個人電腦、零組件出貨都將呈現季增，其中，預期個人電腦出貨將 季增約 1520%，零組件則估季增 05%。 心得/評論： Q2濫倒有剩了吧 我看籌碼K有人說用__眼想也知道不可能低於10... 明天會一條線直接鎖死嗎 感覺會有大場面... 
[新聞] 華碩庫存驚天爆！外資砍目標價185元,2022-08-12,256.0,"50收 | 下看200 | 5元收 | 趕快銷庫存 我要買便宜的顯卡 | GOGOGO | 100收 | 等顯卡+1 | 240收!會到180大概公司經營有問題 | 150收 | 庫存越多越噴 | 等等黨大勝利 | 不如把華碩分拆賣，還比較值錢 | 佛珠: 不要嘻嘻哈哈 | 華碩230收  微星除息後空 | 小兒每天放空 在殺 | 全部品項打5折賣就可以清庫存了 | 零股慢慢買就好，跌就是買 | 等很久了 電腦手機都五折收 | 長榮太委屈 | 現在價位打6折清庫存應該還有賺吧? | 筆電到現在都還在拿4000系列出來賣，是要賣給鬼喔.. | ..拿去捐贈趕快把6000系列拿出來才是正途 | 伐150 | 原來是開始了 庫存危機 | 賣不掉 加價賣 | 你不買 我不買 下周折200!! | 華碩也是推薦的優質存股 怎會發生這種事 | 宏碁警告在前!!! | 宏碁2.0 | 筆電寧願庫存也不要砍價賣嗎 呵呵 | 很優質阿 2018年256入手 領股息領到爽歪歪 | NB中國賣的規格好價格也比台灣便宜 下去活該 | 99A蛇 | 真的賣不掉加價賣耶!等撿便宜還不跌停是怎樣 | 庫存兩千億是什麼數字 | 50收啦 | 你各位還不通通給我出來解任務 | 不過如果有機會跌到200以下應該可以買幾張當小樂透 | 正常啦 幣崩 顯卡回歸正常 獲利就回到疫情前 至於那 | 微星怎麼沒事，金管會不查嗎？放消息空 | 華碩只是把這2年的3C紅利吐回去而已 | 185!!! | 些350以上抱的 繼續抱個五年大概能回本.... 吧? | 請噴噴~~~吃筍新盛力 賺錢變賠錢 | 業績沒亮點時，正常會在250以下 | 至少華碩賺的 分股息就還算穩定這樣 | 安慰自己至少不是套不發股息的 | 庫存多 趕快便宜賣阿 呵 | 當年套到紅茶店的才慘 我媽800多套到不到100還在抱 | 這經營能力很有問題啊!高庫存+週轉爆表,會不會現金 | 流斷鏈被迫殺金雞補債？ | 加個敗家之眼加價賣阿= = | 300以下都甜甜價 | 等庫存達到5000億，再來考慮買進 | 驚人的庫存 | 看顯卡筆電五折收，這樣庫存變1000億，皆大歡喜 | 把宏碁執行長挖來吧!華碩竟然沒看出產業反轉增庫存 | 顯卡打折賣 就幫華碩消庫存 | 185咧 1字頭還不買爆 快賣下來 別只動嘴 | 在等便宜的筆電跟3060ti | 殺下不去 | 沒事兒 顯卡有加價賣利多 很快就能認列庫存利益了 | 在囤啊，你不買我不買今天還能降200 | 華碩過去都有賺20元的水準 自己抓股價吧 | 整套電腦2000收 | 186賣我，我當傳家寶 | 庫存可能是一些有時效性的產品,例如舊腳位的主機板 | 顯卡比較沒有時效性 | 庫存那麼多!之前跟本都在騙吧???? | 宏碁也6百多億庫存 | 同等規格 台灣的售價比國外貴 | 舊產品就拿去標案市場啊 | 跟以前Acer的事件超像 | 疫情過了，沒了在家工作的紅利，股價可能回到疫情前 | 信號來了 | 伐皕 | 再賣礦卡啊 系厚 | EEEPC又重演了 | 覺得ACER近期清庫存比較積極，價格下殺較多，難賣的 | 電子垃圾也會想辦法出清不會丟著不管 | 等庫存大拍賣 再來撿便宜 | 微星漲幾點的 | 以前大學去主機板廠打工過,舊型主板多到丟陽台 | 陽台只用玻璃纖維板封住 | 看來被i皇 老黃 蘇媽塞了滿手庫存 | 等等黨的勝利!? | 明天也爆 | 被高裝檢了 | 去年WFH逛一圈 筆電硬是比對岸、美國貴2萬 | 你就知道鴻海的庫存管理有多神 | 不會打折賣？ | 不降價啦，人家都說請庫存要漲價了，笑死人 | 複製紅雞嗎 | 死不降價，再撐啊 | 活該 硬是比別人貴 品質以卵擊石 可憐哪 | 那有便宜的筆電可以買嗎 | 筆電、PC、顯卡通通一折收 | 國外不用400美金，呆灣賣兩萬，WTF... | 以卵擊石，同歸於盡 | 華碩筆電到底要不要降價 | 降價清庫存，拜託我想買 | 他們應該寧願捐出去也不願意降價 | 所以嘻嘻哈哈的是華碩嗎？ | 快降價RrRRrrrrrrRrr | 200以下再說 | 下去吧 台灣給的筆電規跟華碩京東差太多了 | 在台灣買筆電真的會被當盤子敲 | 賣不出去再漲價啊 | 蘋果筆電訂價全球比較統一，請問為什麼華碩在台灣 | 跟中國差價這麼大？ | 便宜顯卡還在海上嗎 | 200就買爆了 | 賣中國天選3頂規平價  台灣除了子龍還有什麼 | 華碩都這樣了，其他的不就更慘 | 庫存這麼多 市場不買單其產品價位喔 | 是不會加價賣哦 | 去年底庫存就1600多億了啊 半年多了500億庫存 | 哇 賣不出去 會爆倉嗎 | NVIDIA：賣不掉就加價賣阿 | 不要小看等等黨的怨念還有黃牛拋貨的急切程度 | 還好啦  就這半年一年比較慘而已  正常的景氣循環股 | 差點忍不住又買顯卡 再等等 | 明年庫存打呆後照樣是第一大電腦商 | 筆電打個6折，我馬上下單買一台幫忙清庫存 | 等降價再來組新電腦 | 台灣牌賣台灣人更貴 共碩不虛此名 | 台灣的筆電貴死人，就算庫存爆也不願意降價促銷 | 筆電4000是只賣台灣市場啦 對岸618前天選3和oled線 | 都上6800了 每家都一樣 誰理你一個糞島小市場 | 還有新聞說下個月要漲價，快笑死 | 可以參考塞貨王蘭奇 | 卡在俄羅斯不能開賣 跟大陸？！ | 計價都瘋狂跳水了，看你華碩多屌 | 再幾個月NV發布新卡後，30顯卡只能5折賣了 | *技嘉 | 今天除息 | 每次都當自己最好東西賣那麼貴 | 中光電剛好是相反的例子,上海封控造成它生產受影響 | 但剛好遇上庫存風暴,它庫存反而因此不多 | 華碩已經有過小筆電的前車之鑑，怎麼還會犯一樣的錯 | ，管理層要檢討了。 | 一台電腦500我收200台消庫存 | 其實很難檢討 現在產業界爆庫存的可不止華碩 沒有 | 上市櫃的也一堆爆庫存 很多寧願損失訂金 也要撤單 | 為何庫存多？想說便宜就先買起來放嗎？ | 塊陶 373吃筍跑根本完美一手 | 等等黨大勝利？ | 一堆行業庫存也爆，今天都被嘎到漲停 | 伐 500 | NB爆庫存然後台灣還在賣11代 誰的問題？ | 而且還是貴鬆鬆的11代 | 為了發哥買了中國機 華碩掰 | 猛 | 庫存！ 當年的宏碁？ | 不知道會不會被認為是中國品牌 現在中國品牌誰敢買 | 桌機爛死了,難怪庫存高 | 我看中國人也不敢買中國品牌吧 到時候哪裡被放個 | 木馬和後門 | 4月老洩都開示過了 應該沒人套在上面吧 | 尤其是手機和筆電這種對隱私權超重視的裝備 | 芽吹丟ASUS圖 | 放心啦 跌價跌一跌就沒庫存了 | 你不買 我不買 | 華碩最近有啥很厲害的東西嗎 | 華碩很厲害的東西？padfone之後就沒惹吧 | 都2022下半年了  還在賣11代  真的笑死人 | 沒招了吧 之前出一堆掛電競名號的垃圾就想拉抬售價 | 機構跟裡面零件都跟別人差距不大 掛電競就多賣5000 | 2000億庫存 但隨著CPU, GPU更新 | 這2000億能賣個1000億就要偷笑了 | R.I.P | 太爆了吧 阿碩 | intel 11代沒人買，太爛了 | 伐 500 | 這顆卵 50收 | 放一堆庫存貨 想買筆電 忍住不買 | NB台灣價格跟中國價格差這麼多 活該 | 當台灣人都盤子喔 | 華碩一年買的筆電數跟acer差不多，是挖礦的顯卡受影 | 響嗎？ | 庫存是acer的三倍？ | 還是先前錯估晶片缺貨潮，多買了？ | 昨天聽podcast 科技業目前庫存天數普遍都拉長 但GG | 目前宣稱產能到年底 啥鬼 | 100收 | 市況真的很差，已經有ic設計公司考慮直接把晶圓廠內 | 的半成品報廢，以免越做越賠 | 貨趕快灑出來呀 零售價還在那撐 | 老是推板載記憶體就沒吸引力了 | 華碩最近筆電真的很差，尤其又用聯發的網卡，真的 | 爛爆，剛買就因為網卡問題送修，TMD! | 就礦潮的時候屯貨壓貨漲售價敲盤子啊 壓 你再壓啊! | 好歹我買西風之神也用好一點的料吧…用聯發垃圾， | 無言。 | 我在等便宜筆電換 | 重蹈當年 | Epc的覆轍 | 30收 | 有便宜的電腦可以買了沒 | 3C電子產品耐久財在疫情中已飽和 | 華碩會再開人材池，再放一批人下去游泳嗎？ | 半價收一台文書筆電 | 疫情前是多少就回去多少 | 150 誠意購買 | 發哥已經完美示範過了先跌個40%吧 | 150收15張股票，加買一台筆電支持 | 之前小筆電和手機兩次庫存燙傷，大概都跌到了1字頭 | 1字頭買，放個2年，又回到3字頭 | 出一堆amd 的爛貨難怪沒人買 | 我覺得amd找2330代工的不錯用啊 | 50收 | 你 我 200 | 走宏碁的老路？ | 庫存晚了誰還要 | 我顯卡買大哥的買好了 叫華碩去拜託去年的礦工救命 | 而且40系列 要出來了 誰要買30系列 自己不肯降價賣 | 有啦 有看到華碩顯卡都故意低價一千了啦 還是貴 | 到現在還在賣4000系列跟5000系列...6000系列都出多 | 久了... | 這個好像宏碁藍旗 | 一堆爛貨還賣比國外貴，真的把自己人當盤子 | 從380跌到260 的確40%你有注意到嗎 哈哈 | 這麼好的東西 當然是留著當傳家寶 | 全部都一折賣保證通膨就沒了 | 為什麼都說華碩庫存爆炸 京東天選三全部缺貨啊 | 自從華碩讓我當了一次趙子龍後我就跟這個品牌絕緣了 | 你不買 他不買 坐等廠商欲跳海 | 放著配都舒服 | eeePC重演 | 再囤 | 去年龍哥一直講 都不信吼 | 宏碁不是以前也是塞庫存，後來爆了？ | 筆電趕快降價我想買 | 趕快打折清庫存 | 我怎麼印象中很久之前小筆電就來過一次... | 沒人酸外資又在鬼扯@@ | 那要出清庫存便宜賣偶吧lol | 便宜賣庫存!!!! | 60收 | 經營團隊真的誤判 庫存2000億 媽壓 | 可憐玩家等等黨還不去買爆 | 原來晶片缺原因是去做電子垃圾了。 | zenfone 9 出小銀幕，棄大銀幕，這銷量可能也是慘 | 澹 | 便宜的筆電快來 | 反看做妳啦 低接到200 | 等等黨大勝利 等他們砍到見骨 Q4再買顯卡 | 50收 | 你看看你看看 Intel擠牙膏是為了大家 減少庫存 | 185我還不歐印 | 當過趙子龍+1，不過是網卡產品 | 50以下買會比較安全 | 有沒有搞錯啊2000億庫存 | 我要收便宜筆電  快丟出來 | 通膨假議題，米國自導自演 | 3080 5千收",華碩庫存驚天爆外資下砍目標價看到185元 https://reurl.cc/gM2oLz 2022812 陳俐妏 NB品牌廠華碩（2357）庫存驚爆達2000億元，成燙手山芋，雖力拼年底將降500億元、第三季拚營運持平。但面對獲利大幅衰退，外資啟動下修獲利和目標價，最低目標價下砍至185元。 以目前外資目標價來看，最高為245元，最低來到185元，跌破200元大關。 獲利有壓下還，華碩今天股價開低重挫，盤中跌幅逾8%，近一根跌停板。 心得： 開盤直接崩7趴 長期獲利的績優生 這次會栽在庫存爆炸手上嗎？ 樓下說說要多少收？ Sent from JPTT on my iPhone 
[新聞] 單季獲利年減8成 華碩：第2季是今年低點,2022-08-12,49.0,賣不好，只好加價賣 | 有夠誇張 庫存暴成這樣不知道在搞毛 | 庫存沒降就看到低點會不會太早 | 可能就上游的AMD/NVDA逼下游吃晶片吧 | 華碩庫存沒消完，其他產業也不會好 | 夭壽喔，我讓你飛一會再撿 | 林和彥要不要出來解釋一下？ | Q2低點? 真大膽的想法 | 林和彥之前250起漲點就喊進了!一路漲破400也算強了 | 2000億庫存不知道要消化多久 | 半價賣馬上就銷光了XD | 哪個消庫存不是從一開始的Q3-Q4，再拖延到明年Q1-Q | 2，下次開法會會再跟你說明年Q3-Q4 | 等庫存開始減少我才相信是低點  ㄎㄎ | 是要加價賣還是要捐掉? | 別家Q2就開始出清，ASUS是打算等別人清完再出清嗎？ | 問題是等別家賣新產品時，舊產品能拚嗎？ | 能比2還低 我也不敢想像 | 騙人..筆電跟板卡根本沒降價= =全力降低庫存咧 | 繼續銷  庫存 | 沒錯啊 低點又不是最低點 | 華碩：賣不掉加價賣 | 準備虧錢賣到明年中！？ | 看衰就是買 | Q3？ | 庫存一堆也不降價，中國品牌頭真鐵 | 靠北!那我明年上半年在買就好了 | 不知道會不會被認為是中國品牌 現在中國品牌誰敢買 | 放心拉 降個價那些喊中國品牌的就買了 悲哀 | 撿便宜快了 | 股價260 笑死 | 短空必勝 | 技嘉和微星陸續降價清 華碩一直不動 | 石頭200收。 | 低還有更低 | 死不降價 | 不會買的還是不會買.. 繼續用我的6歲筆電/4歲手機 | zenpfone9半價賣不會啊 這麼簡單還要教 | 存貨的跌價損是不知道要提列多少 | 便宜顯卡來囉 | 漲價去庫存呀 | 絕不是低點，廠內庫存太高，短料又進不來，呵呵， | 一堆代理商慘兮兮.. | 雖然你想去庫存 但是GG火力全開幫你補庫存阿 | 賣不掉不會加價賣嗎（誤 | 我要便宜的筆電！！ | 沒礦工 就是潮水退了 直接沒褲子…退好多 | 一低還有一低低 | q4可能才是低點,原文標題： 單季獲利年減8成 華碩：第2季是今年低點 原文連結： https://ec.ltn.com.tw/article/paper/1533905 發布時間： 2022/08/12 05:30 記者署名： 記者卓怡君 原文內容： 記者卓怡君台北報導NB品牌大廠華碩（2357）昨日召開法說會，受到PC市場大反轉 衝擊，華碩第2季財報慘烈，單季獲利較去年同期暴減83%，庫存金額拉高至2061億元。華 碩強調， 今年第2季是全年低點，將全力降低庫存 ， 預計產業調整需要到明年上半年或是 明年第3季。 Q3估PC出貨季增1520% 營益率拚回升至34% 華碩共同執行長胡書賓指出，2021年底華碩制訂經濟規模成長策略，2022年短期遇到地緣 政治、中國封控等黑天鵝風險，公司全力積極應對，短期因遇到市場調整期，過去積極擴 張的備料變成短期負擔，下半年將積極與上下游合作，把營益率拉回3至4%。 華碩共同執行長許先越表示，今年因烏俄戰爭、中國封控等衝擊，PC產業出現年減10%， 甚至15%的衰退。但華碩仍努力因應市場變化，力拚優於市場10%水準的營運目標。第2季 將是今年低點，預估第3季營收持平或小幅成長，PC出貨季增1520%、零組件出貨季增 05%，電競、商用相關機種仍會有較正面的成長。 Q2EPS 2.6元 近9季低點 許先越認為，即使PC產業現在遇到逆風，但華碩對PC產業中長期仍抱持積極樂觀看法。PC 產業是數位轉型剛性需求不可或缺的裝置，近期被封控、地緣政治等因素暫時壓抑，調整 完了後，明年下半年或許可以看到市場再成長。 華碩第2季財報數字慘淡，加上認列單季匯損近7億元、以及庫存跌價損失，第2季稅後純 益降至18.9億元，季減高達81.8%、年減83.3%，每股稅後盈餘2.6元，創下近9季低點。 心得/評論： 就算Q2是今年低點 但股價一定不會是低點 好了啦華碩小編...不對 是華碩執行長 乖乖下去跌停吧 沒救了 
[新聞] VideoLabs控告宏碁、華碩、微星、聯想與,2022-08-12,48.0,VideoLabs有生產專利保護的產品?或是增加勞動生產力 | 翻譯:給我錢 | ? 還是從專利營利增加企業成本? | 噴 | 訟棍? | 看起來是專利蟑螂? | 請給我黃金 | 就專利蟑螂 | 專利蟑螂公司XD | 專利蟑螂 | 專利蟑螂無誤 | 沒有技嘉，技嘉噴 | show me the money | 看戲 | 專利蟑螂 | 沒有技嘉！！ | 你的產品裝了非我會員的顯卡所以我要告你 | 技嘉:..... | 技嘉準備填息 | 看不懂人家商業模式就亂喊專利蟑螂？人家是建立平台 | 提供專利擁有者授權代表搜尋侵權行為或媒合專利需求 | 方服務以增加擁有者專利授權收入，也提供公司解決方 | 案防禦專利蟑螂攻擊避免無謂訴訟授權成本。 | 本案被控訴的專利擁有者是Panasonic和Samsung。 | 業者頂多換別種影片編碼模式而已 | 是不是沒看完 現在他們主要獲利是主動提起專利訴訟 | 只靠幫會員維權會餓死吧 | 簡單說就是收保護費 不是專利蟑螂是什麼 | 專利蟑螂至少還有買專利回來 這個是拿別人專利告? | 不交保護費就拿交了會費的會員的專利告你? | 幫人處理專利蟑螂的在ptt被認成專利蟑螂，都翻成中 | 文了還看不懂== | 樓上所以你看到videolabs這次做了什麼？不覺得只是 | 想幫會員對競爭對手先發出停止命令  這告得成？這不 | 就變專利蟑螂？ | 都是很懂法律制度的玩家 讓法院當討債圍事小弟 | 專門處理專利蟑螂的專利蟑螂？ | 專利本來就是企業的護城河，維權很正常 | 原來主動提起專利訴訟就叫專利蟑螂這邏輯呵呵？訴訟 | 權是憲法保障權利，案件當然可以被受理由法院裁決。 | 有人覺得會有公司付你會員費還免費授權你主動用他們 | 的專利訴訟賺錢？這種商業模式大多採抽成制吧？這個 | 頂多叫中介或顧問。 | 正當維護權利的不叫專利蟑螂好嗎？惡意利用訴訟手段 | 達成盈利目的才叫專利蟑螂，並且多數蟑螂本身是沒有 | 實際產品的。 | 針對265不好說 264的話就是專利蟑螂無誤 | H.264都二十幾年的技術了 還能告,原文標題： VideoLabs控告宏碁、華碩、微星、聯想與摩托羅拉侵害H.264視訊技術相關專利 原文連結： https://bit.ly/3QILUAZ 發布時間： 2022/8/12 記者署名： Bond 原文內容： 專利聚合業者（Patent Aggregator）VideoLabs於2022年7月1日向美國國際貿易委員會（ USITC）遞狀提起337訴訟，主張宏碁、華碩、微星、聯想與摩托羅拉等5家公司進口到美 國境內販售的筆記型電腦與智慧型手機產品，侵害其所擁有的4件視訊處理相關專利。 USITC於8月3日決定立案開始調查此專利侵權情事，調查案號為337TA1323。 另外於USITC提起訴訟的前一日，VideoLabs也依據相同4件專利，於6月30日向德州西區聯 邦地方法院，針對相同5家公司分別提起專利侵權訴訟。該4件系爭專利原始專利權人來自 Panasonic及Samsung Electronics。 相關專利侵害比對表摘要截圖 針對Videolabs提交給USITC訴狀附件中所列的4件專利侵害比對表 (claim chart)，截圖 被控華碩產品部份相關比對內容，以簡要說明此4件專利的大致專利範圍。 1. US7769238、US8139878 圖片編碼和解碼方法Picture coding method and picture decoding method 舉例被控產品：ASUS ZenBook Flip 15 內含 Intel Core i71165 處理器 內建 Iris Xe 圖像處理器 (GPU) 另設置有 NVIDIA GeForce GTX 1650 圖像處理器. 兩者可處理 H.264 (MPEG4 AVC) 標準規範的視訊壓縮資料. 2. US8208542 動態圖像編碼和解碼方法Moving picture coding method and moving picture decoding method 舉例被控產品：ASUS ZenBook Flip 15 內含 Intel Core i71165 處理器 內建 Iris Xe 圖像處理器 (GPU) 可處理 H.265 (HEVC) 標準規範的視訊壓縮資料. 3. US7372452不論螢幕旋轉角度 能保持在垂直方向上顯示資料的可攜式終端及其方法 Portable terminal capable of displaying data in an upright direction regardless of rotation of screen and method therefore 舉例被控產品：任意角度旋轉ASUS ZenBook Flip 15 筆電螢幕時，會自動調整視訊資料 的座標位置，使視訊畫面資料的顯示方向保持垂直向上。例如：當筆電被旋轉180時，則 筆電偵測到此時螢幕上下位置顛倒，自動修正螢幕顯示資料到上下相反方向。 專利聚合業者VideoLabs背景介紹 VideoLabs以一種Patent Aggregator新態樣的專利授權商業模式出現。根據VideoLabs官 網介紹，全球有超過170萬件視訊技術相關專利處於有效狀態，但其中實際被應用於業界 產品上的高商業價值/高風險的視訊專利權僅是其中的少數。VideoLabs團隊建購專利授權 平台對視訊技術專利進行編目和分析，能有效判斷對哪些是高價值/高風險專利，哪些是 沒有影響的專利。亦即VideoLabs企圖成為視訊技術關鍵領域的獨立且值得信賴的顧問， 採用會員年度收費制從兩方面： （1）Provide efficient access to the highest value patents in the industry 找尋並確認辨識出視訊技術相關的關鍵專利，將這些關鍵的視訊技術專利收集彙整到 VideoLabs授權平台中，一方面使專利所有權者能夠更有效率地獲得專利權利金收益，另 一方面使需要運用相關專利技術者能取得關鍵專利授權。 （2）Provide companies innovative alternatives for dealing with lowvalue patents and frequent nuisancelevel patent assertions. 當專利蟑螂提起騷擾性質專利訴訟時，協助公司對抗專利蟑螂所主張的低價值視訊技術專 利，避免不必要的訴訟風險或高額授權談判交易成本。VideoLabs 承諾將大部分收入用於 持續清理排除無效專利（ongoing clearance）。 自成立以來，VideoLabs已累積取得來自諾基亞公司（Nokia）、阿爾卡特朗訊（ AlcatelLucent）、西門子公司（SiemensAG）、瑞士電信公司（Swisscom AG）、3Com、 松下（Panasonic）、三星電子和惠普企業 (Hewlett Packard Enterprise HPE) 的數百 項專利權。 VideoLabs認為，傳統式以單純會員年費收入應該並不足以支持VideoLabe進行上述（1） （2）兩項業務，因此除了已經成功地將相關專利授權給包括迪士尼在內的多家公司；在 過去 18 個月中，VideoLabs 更積極地主動出擊展開維權活動，分別對亞馬遜（Amazon） 、戴爾（Dell）、臉書的母公司Meta 和影音串流平台 Netflix 提出了專利侵權訴訟；現 在更進一步擴大對主流產品的個人電腦和智慧型手機提出侵權訴訟。 心得/評論： VideoLabs控告華碩等5家公司侵犯顯示器等專利，並向USITC要求有限禁制令和暫停與停 止銷售令。 
"[新聞] 華碩高庫存…衝上2,000億元",2022-08-13,112.0,30系列把等等黨訓練成無欲無求了 | 臺灣地區的價格賣便宜一點吧... | 華碩顯卡還是不錯，但是就很貴 | 3080ti rog還買得到嗎？ | 嘻嘻哈哈概念 | 信仰無價 | 真的好多人在等40 | 今天很多抄底進去 | 不就說擴張嗎？就是預期需求大增，先屯貨，下半年 | 營收要大暴增了。 | 3080ti會不會出現12000就買得到的場面呢 | 信仰無價 | 尼 我 不 | 再問就是噴 向下噴兩根 | 坐等40系列出來 現在買30真的盤子 | 出來混的 總是要還的 | 等等黨要大勝了嗎? | 30給半價Cp值還是很高 | 陳年航太等級電容電感元件越沉越香 經得起時間考驗 | 景氣反轉...庫存消化不掉了! | 在囤啊，報應來了 | 疫情紅利已經結束了，在屯三小? | 伐 千 $ | 你不買 我不買 明天降五百~~ | 伐得不夠啊，伐一萬以上再考慮吧。 | 去年缺料，大家都怕了，幾乎每家都拉高原物料庫存 | 什麼時候可以在寶山路撿到顯卡？ | 還是庫存多好。  聽說中國倉庫2/3的銅消失了 | 庫存會增值 | 不怕，可以不小心火災讓保險公司買 | 記憶體0.0 幫華崩QQ | 下半年還有消費電子旺季 | 面板不是高單價吧 難道全都前兩年買的? | ROG RTX 3080 ti 一萬收 | 我就問現在還有誰會去買1050ti | 記得當年高中時朋友買了第一支華碩手機 從此踏上無 | 限修復之路 | 伐1000，單位美元 | 最近的保險公司.應該都不敢接華碩庫存火災保單 | 敢跌我就買，便宜價 | 你不買我不買明天再降幾百 | 電腦手機都是五折收 | 顯卡加價賣，現在沒人想回去了 | 尾牙人人有獎 | 顯卡打折賣 就幫華碩消庫存 | 不是不買是上次刀架董事長的事處理的... | 40效能贏太多，30打對折我才考慮 | 芭比Q惹 200收 | 3080半價收 | 要幾篇華碩XD鞭屍喔 | 顯卡貴成這樣還有庫存？ | 華碩EEEPC當年賠多少?又來了 | https://i.imgur.com/IFcj9bw.jpg  中間選民跑光光？ | 1字頭進場撿 | 這波是拼尾牙獎品嗎？ | 每次維修都要換總成還某零件不保固 | 降價阿 | 你不買 我不買 明天華碩降200 | 50收 | 你不買 我不買 明天降兩百 | Q1庫存就超過2000億了 去年Q3Q4庫存也有約1600億水 | 準 Q2EPS大幅下降是因為毛利大減 成本多太多了 | 超爛 下去吧 | 零售價趕快降呀 看 | 買一送一 就解決了 | 沒人在等顯卡吧，不出手的就是不會用到 | 降價當電視劇在看而已 | 我要買筆電，快點降價啦，欠噓是不是 | 降得夠多，再組一台桌機 | 沒有便宜的Zenfone可以買了，唉 | 大學招生送筆電 學校學生和華碩三贏 | 除非打到骨折不然沒有買30系列的理由 | 只能ROG系列加價賣了 | 華碩東西有人敢買 | 用過華碩手機才知道蘋果的好 | 你不買我不買 股價剩200 | 180收 | 坐等3080一張5000的日子 | 不能降價傷毛利，只能同捆衝營收 | 還敢囤啊 可憐喔 | 庫存取代股利發給股東選我正解 | 2008的Acer 好像也這樣過… | 9月開學準備賣肥羊價 石頭沒在怕 | 你我200 | 股價再打5折收 | 坐等40系列我大GG晶片 | https://bit.ly/3QB5q20  庫存參考10年前蘭奇 | 40那功耗 不是天天玩3A大作 30系也很夠用了 | 華碩哪有吞3080，就是卡沒有原材GPU才導致其他零組 | 件庫存出不了貨而有這麼高的金額…. | 賣不出去就加價賣 | YM5 | Acer就怕庫存太高，之前蘭奇的事又被拿出來鞭 | 所以這次庫存水位 相對安全 | F姐 也想到當年蘭奇塞貨的歷史 | 記得蘭奇的，蠻厲害的。 | 庫存代表什麼，代表資金都被綁在庫存上，呵呵 | 庫克看了直搖頭 | 科技業庫存最麻煩是大部份時間會跌價 | 50收 | 你我兩百 | 3000收全新未拆1050Ti | 開學？前兩年疫情在家上課已經買的差不多了 | 快降價清庫存啊 | 套裝電腦賣不掉的意思吧，華碩沒做記憶體啊 | 一直報庫存反而像是一直報潤泰一樣 XD | 產品特別貴 專賣政府機構 | 好幾個機型只能從美亞或京東拉 台灣不賣 庫存 呵呵 | 我等卡一張500元 | 慘嘍！降價求售怕崩盤、不降怕出不掉！ | 賣不掉不會加價賣喔！ | 這家的品質，不意外！,華碩高庫存衝上2000億元 https://udn.com/news/story/7253/6531046 20220812 01:21 經濟日報 記者 吳凱中 台北報導 https://udn.com/news/story/7253/6531046 PC品牌大廠華碩昨（11）日舉行法說會，華碩共同執行長胡書賓指出，近年華碩積極擴張 ，因此累積材料和庫存，累積庫存達2061億元，存貨周轉天數達180天。胡書賓表示，將 審慎管理市場需求與庫存，已設定目標，年底將把庫存金額降到1500億元區間，營益率 回升到3%4%。 華碩第2季財報數字較首季惡化，品牌庫存金額在首季已經飆上1933億元的新高，第2季 衝破2000億大關、為2061.93億元，比首季增加128億元，季增7%、年增59%，幾乎等於 上半年的營收。在存貨組合方面，半數為成品、另一半則為零組件，高單價的處理器、面 板、記憶體占大宗。 同時，華碩第2季存貨周轉天數拉高至180天，高於首季的154天與去年同期的114天。華碩 指出，180天是因營收換算膨脹放大，今年下半年營運擴張，存貨天數會合理收斂。 https://uc.udn.com.tw/photo/2020/12/18/1/9501238.png Q2獲利銳減8成 禮拜五盤跳水逾8.5 業外匯損，第二季營益率，為20年來新低 拒買30系列，買新不買舊，40系列台積電晶片效能突破天際 你不買，我不買，明天... 奇怪，怎麼突然多出那麼多庫存呢？ 
Re: [標的] 國泰永豐華碩微星聯發科請益 持股健檢,2022-08-13,87.0,"微星接下來要除息了 | 華碩.微星.聯發科都是手機電腦挖礦砍單重災區 | 買gg | 我四月那時的推文就叫你賣掉A石了... | 庫存疑慮比原先狀況糟 與4個月前又不同了 | 全賣買gg或GT | vt | 7 或賣掉等低點進場 | 問人沒有好下場啦，每個人的邏輯又不一樣，給你聖杯 | ，心也不是自己的，你抱不住 | 這位置尷尬 外資早就砍一波了 現在砍也不對 繼續坳 | 全賣掉開始買正二 參照正二王Capufish的文章 | 華碩要賣就快 不賣的話 等明年一月再開始攤 | 賣電子買金融，而且是官股的金融，比較穩。 | 供過於求-> 價格向...->eps向...->股價向... | 自己的錢請別人做主 | 華碩昨天認賠賣了 | 退出股4(X | 問人沒意義+1 自己思考才是真的 | 你損益沒算到配息吧... | 版友推哪支就跟著買嗎？有自己的策略想做的標的？ | 微星搞不好除完就準備下去了 | 全部賣掉換成鴻海 | 這樣每隔一段時間就上來諮詢 抱得也不安心吧 | 問你自己買進理由是什麼？ | 沒有選股能力就乖乖買0050啦 一個月過去 無腦7%了 | 同一支股票沒賺錢不要加碼 也就是賠錢不要攤 | 你買金融勝率高，著重在金融股其他就算了 | fj推微星換華碩 結果早早停損了 | 事後來看當初吹華碩產品組合好 結果現在猛打庫存 | 嘖嘖 | 發哥華碩都負這麼多了，也不是賠錢公司，放著吧！ | 你金融股買得不錯不是,專心買金融就好了啊 | 不要一直分散到自己不熟的標的,根本沒有分散風險 | 發哥跌到這裡完全不必擔心，殖利率超高 | 產品組合+fu糗 我選華碩》星星 | ==全買GG | 問就是all in 2498 | 華碩很棒啊，為何要賣呢 | 如果沒有自己判斷的能力，就得再練練 | 我覺得華碩還會下去 | 不短線操作或定期定額就全賣掉，等明年全球經濟放 | 緩刺激開始再投入 | 你這只是問明牌。沒意義 | 我也有華碩跟發哥，都不會出脫，發哥會遇跌續撿 | 你有的股票...我只有永豐金而已！！ | 我持有的股票 是有沒有看盤 也沒差！！ | VT+BND/BNDW 平均分擔風險 | 2890就是穩 | 台股部分投入一些買正二 | 我電子好像 是最近才撿的...... | 不過認真看 其實你資金沒多少.....哈！！！ | 昨天進場華碩了 利空散戶殺出還不撿 | 50正二分批打 跌越多 打越多 | 金融漲就買金融？？ 下次跌不就又上來發文 | 3 | 全砍，換高價矽智財或是0050正2， | 但你配股看起來又是想要長投， | 說實在應該是不用換，發哥要盤一陣子 | 山喔喔喔哦成二ㄛ | 之前不砍現在砍也沒意義了，不如放著，是我我會賣 | 華碩補台積 | 甜甜價 一路買 放著配 好舒服 | 電子股全部砍掉換00878 | 看還在愛唬姐愛唬姐喊的，賠錢只是剛好 | 華碩等借券空單減少再持有吧，外資就是要宰領股息 | 的韭菜 | 我砍發糕結果在阿呆股 給你參考= = | 靠，我現在反而剛要進場買發哥和石頭，但是，我是 | 定期定額 | buy and hold | 7 | 金融 ALL IN 不會虧的 | 基本上金融沒有腰斬 電子都有機會 配息也是金融屌打 | 要不要參考一下正2哥文章吸收一下 | 華碩落底還早，先賣可以 | 伸手牌一率建議出光買航運 | 問就是全砍 allin 00631 正二...... | 買那斯達克啦 不然之後兩顆飛彈台股正二也是爆掉 | 都不是爛公司為啥一定要賣A買B | 8.都不要賣 有錢就攤跌最深的 5年以後就回本了 | 電子今年有庫存問題，貼息機率高，等除息後再買吧 | fj現在猛吹台積電，給你參考 | 別人說的你也不見得會聽 搞不好還覺得在害你，自己 | 的錢自己做主 | 全部all in國泰 | 華碩微星賣出 加碼永豐或其他銀行金控",: 1. 標的： 2882.TW 國泰金 2890 永豐金 2357 華碩 2377 微星 2454 聯發科 : 2. 分類：討論 : 3. 分析/正文： : 持股損益如下圖，目前幾乎是 All in 狀態，可投資現金僅剩 8000 台 : https://imgur.com/a/sn4VMtu : 懶人包： : 29% 2377 微星 損益 17% : 26% 2357 華碩 損益 1% : 23% 2882 國泰 損益 40% : 13% 2890 永豐 損益 65% : 9% 2454 發哥 損益 17% : 總 4% : 除了發哥以外，其他四檔都領過一次息了，微星並有一些已實現損益 (餘三檔沒有賣過) : 所以發哥是其中賠最多的，10 股 10 股一路攤到 860 了還在跌 : 在已經沒有現金可攤平的情形下，請問怎麼調會比較好呢？ : 1. 賣微星買金融 : 2. 賣微星買華碩 : 3. 賣微星攤發哥 : 4. 賣發哥買金融 : 5. 賣發哥攤微星 : 6. 賣發哥買華碩 : 7. 賣金融攤微星 : 8. 賣金融攤發哥 : 9. 全賣了 All in 大盤 ETF : 10.啥都不要做，下月薪水撥下的時候再看著辦 如今過了一段時間，我的持股如下： https://imgur.com/a/Xvgj36E 懶人包： 11% 2330 台積電 8% 23% 2357 華碩 27% 28% 2377 微星 7% 12% 2454 發哥 30% 15% 2882 國泰 2% 8% 2890 永豐 49% 3% VT 3% 總 9% 4月發文當初板友的建議大部分是 10 啥都不要做，FJ 則是回說 微星換華碩比較穩 我選擇的是 310 的中性版，賣微星領薪水，攤微星發哥 (但我微星成本完全沒攤到就是了，低賣低買一張，圖中成本降低只是跑到已實現而已) 現在事後看起來，發哥損失擴大了，石頭跌慘了，大樹快跌回原點了 星星要除息了沒甚麼動，永豐則是屹立不搖，新投資的 GG 跟 VT 則是小賠中 有鑑於 9 月會有新錢進來，請問各位先進接下來該怎麼辦呢？ 1.賣華碩買金融 2.賣華碩買 GG or VT 3.賣華碩攤發哥 4.賣發哥買金融 5.賣發哥買 GG or VT 6.賣發哥攤華碩 7.全部賣掉 All in 0050VT 小弟原本今年的設想是下半年拿到獎金股利後要專注貼息的金融股的， 但沒想到永豐竟然給我挺在那邊，國泰最近也有開始拉的跡象 再請各路大神指點本韭了，感謝 
[標的] 華碩(2357)現在262的股價是好的進場點嗎,2022-08-14,199.0,"你不買 我不買 就有半價PC能買 | 不是 | 你先買再跟你說 | 200以下再看看 | QQ不都等200？？ | 庫存堆這麼高 第三季還要繼續砍價 你覺得ok就買啊 | 問就是買 | 問就是等50 | 我ok 你先買 | 史詩性庫存 你先買 | 240以下 | 他會整理 稍等哦 | 那堆庫存要損失多少 要算一下 | 分3筆  每跌20  買一次 | 2000億的庫存看是要賣多久 | 現在利空消息不斷 買進的好時機 | 華碩福利品可以撿，股票不要撿 | 你不買我不買1開頭遲早來 | 認列損失就是反轉的最後利空 | 我150會買 給你參考 | 沒事進光華問問福利品筆電還有沒有，沒有的那天再買 | 保羅哥問就不是 | 庫存比前年多五百億 | 設定低一點的價位 買到風險低 沒買到也沒損失 | 天天都便宜 | 50收 | 問就是立馬滿倉all in, 重點是你有多少錢? 整天問 | 150收 | 每次撿一點 | 現看170 | 歐印 | 講是，你會進場嗎？ | 唉 | 偷偷告訴你50以下再進場穩贏 | 我200左右會進去定期定額 | 262不錯喔，放空應該還很多肉 | 看有沒有1字頭 | 參考顯卡 售價！ 已經崩壞了 | 這ID問了就還有得跌 | 問就是歐印 | 實際庫存鐵定比2k億還多，最後認列損失多少，這波 | 真得重傷 | 一定還會再跌 | 問就是買聯詠 | 現在不買，要等400再買嗎 | 利空不跌 底部爆量 可以試單 | 樓下說越跌越買買出微笑曲線 | 200再買不香嗎？ | 庫存又不是虧損 頂多毛利降低 貨還持續在出 講到跟 | 要倒一樣 | 伐 200 | 認真說200進（分批第一筆）穩贏，但不一定到,考慮到 | 風險跟性價比220到230可以作為第一次試單 | 500億耶~以今年消費性電子需求來說，算是個大數字 | 如果認列庫存資產減損,那就能買了 | 我覺得要到180 | 我覺得還要盤很久 這檔套一大堆投信 | 200進去買再跌有限 定期定額更穩一點 | https://i.imgur.com/SHeDnZN.jpg | 84 | 100收 | 4 | 股市都要2萬點，還會有200的價位 | 壞時候才有低股價 | ID正確 | 這id 點到的股票 股價都會腰折 | 這檔投信都etf的 | 等明年初再買 | 150 謝謝 | 問就是買 | 太棒了 驅動寶螺發文代表有甜甜價可以撿了 | ID正確，不要不信邪 | 我174撿好了 | 問就是200 | 一堆利空  還沒落底吧 | 現在不買要300才買? | 今年消費性電子需求沒往年旺盛 我會抓200檢 | 庫存風暴影響，今年eps可能只剩20初，坐等186 | 庫存危機都還沒解決 | 才剛開始而已 | 華碩庫存約佔月營收5個月 宏碁2~3個月 | 權王台積保持1個月水準 需求下降 存貨有跌價風險 | 同業沒那麼差，表示這家公司... | 就算不跌就死魚機率大!至少調整2季後獲利才會正常 | 放長期就每個月分批買？ | 接刀 | 顯卡都當等等黨了 股價也要當等等黨 再等等! | 庫存爆炸多，怕 | 170 上次低點買 | 太貴,200上下才考慮 | 被股板P大點名的... | 想買就買阿 重點是分批 一次歐硬重壓往往沒好下場 | 不可能掉到200以下,大家都這樣想,別人二百初就下手 | 定期定額每月五仟，沒什麼好怕的 | 去看宏基當時股價休正多少啊 | 宏碁示範過了 庫存爆掉之後股價還沒回來過 | 你 我 200 | 《長空之王》 | 200開始撿 | 謝謝 | 200以下在跟我談 | 顯卡龍頭？？ | 大家都200 我只好201出手了 | 200以下分批撿 | 等ROG佛珠出了再撿 | 信仰 | 通常你很不敢買的時候就是買的時候了，回想一下435 | 的GG | 放著賠都舒服，懂？ | https://bit.ly/3QsrXyG   QC捉急 難怪庫存一大堆 | 到底誰的決策讓庫存這麼高 | Q3業績出來還會再跌喔...失主還是再緩緩吧 | 我猜今年填不了息 | 就分批抄阿 誰知道低點在哪 | 基本面不如一碗泡麵 | 200感覺可以，180比較好 | 庫存 | 還早 | 今天也在看這檔 | 再死屯顯卡阿 | 你我 500 | 本來250想接一點 你問我改等150！！ | 4的 快買 | 等等 先不要 上一個被你一直發文的滷肉已經.... | 這價格放十年領股息隨便都賺回來 | 這支根本毫無未來性吧，買他幹嘛 | 你要考慮的是為啥刀碩認為市場Q3會衰退15%，但他們 | 的執行長認為刀碩PC會季增15-20%，零組件會季增5% | 是打算削價競爭?還是對信仰之眼有莫名的自信? | 180 | 夕陽產業了 | 要不是疫情現在搞不好100以下了 | 這隻穩定每年殖利率5%以上 還算可以吧 | 以前爆庫存時，都會跌到1字頭 | 慘,我262買了20股 | 我同事除息前一週買的，現在我們替她默哀吧，誰叫妳 | 不跟我一起買興農 | 可分批阿 | 50收 | 別買 借券暴增 有內線別亂抄底 | 162啦 | 買這支不如買聯詠 | 謝謝P大空單更加心安了 | 問就是買 | 等到加密貨幣 炒起來重新挖礦再來談 | 10塊我就買 | 伐 150 | 只有二哥 | 我150就會買 給你參考 | 我等190 | 其實一台筆電3萬 2000億庫存才幾台? 每月出貨幾台? | 才第一根而已 別急啊 | 才剛開始跌而已 現在問會不會太韭 | 現在不開始撿 一直想著有最低點 結果最後空手到底 | 看樣子200會破，150到了扣我 | 破200再叫我 | 200可是水溫 | 350才是好時機 現在買太便宜了 | 很蚌 買到撞到 | 這家的品質，你敢買他的股票？ | 250先投1/10每掉10塊 投入1/5 | 急著接幹嘛 庫存水位這樣未來一年估計都很慘 | 長榮一個月六百多。兩千億至少要三四個月。何況是 | 石頭 | 華碩根本不會特價，很想知道他要怎麼消庫存 | 150左右買 | 同價位我選滷肉 | 180 | 我相當不看好華碩 | 到底為何有人想要買 | 華碩近期還是別碰吧！ | 44444快買 | 這個人怎麼一天到晚發廢文 | 洗文仔 | 等120收 | 鄉民說買你就買嗎？ | 跟鄉民對做就對了 | 買 這樣說不定下半年有打折PC能換（？） | XDDDD | 想被套就進去啊 | 政府基金 台銀連賣 200 gg | 已知利空不是利空 | 這id都問假的噓就對了 | 252 242 232 | 180 | 不會先買100股試單逆 | 疫情前合理價格就是200啊，現在在貴幾點 | 我技術派，是我的話會再等 | 問問保羅又來了 | 廢文王ID | 都要噴了 | 被你關注的 好像都.... | 你摸底 我摸底 天下無底 | 問卷調查 so bad | 筆電都賣不掉了 | 再撿5股 舒服 | 末跌段通常有連續長黑 再觀察幾個月吧 | 噴噴噴就對惹 | 50 以下買真的會比較安心",多空理由不充實 者，板規115或44處份 2.進退場機制若非長期投資，請 輸入停損價 ，否則依板規116處份 3.請依格式輸入內容，未依格式者板規112砍文處份。 標題請使用以下格式：股號.市場碼股名分類 (市場碼：TW US HK CN JP KR...) ex [標的] 2330.TW 台積電 長期不停損多 ex [標的] TSLA.US 特斯拉 馬斯克火星多 按ctrly 可刪除 以上內容。 1. 標的：2357.TW 華碩 2. 分類：討論 3. 分析/正文： 本肥魯觀察華碩有一段時間了 股價除完息後 目前陷入貼息的狀態 而華碩今年第二季的獲利 是非常差的2.55 跟第一季獲利天差地遠 如果想要逢低撿便宜的話 現在262的股價是好的進場點嗎 或是再等一等會比較好呢 華碩也算是有基本面 而且是顯卡龍頭 最近幾年股利都很優渥 如果要放長期進可攻退可守的話 現在華碩262的股價 算是適合進場的價位嗎 大家怎麼看呢 
Re: [標的] 華碩(2357)現在262的股價是好的進場點嗎,2022-08-15,86.0,"小提醒:庫存要認列損失 | 今年有機會20嗎 明年呢 | 小提醒：嫌貨才是買貨人 | 200以下慢慢買應該不錯，不過就怕這只是剛開始！？ | 跟滷肉一樣？ | 看看華擎, 300都能砍到90 | 150吧 | 穩定獲利本益比能用10倍嗎? | 不要一次all in沒什麼不行的 | 大決還沒放出來啊 要是願意虧本賣銷庫存ㄋ | 2000e庫存ㄋ　還且 不是只有一家 是一群~ | 之後等價格戰 會不會出來 | 你不買 我不買 明天降500 | 伐500 | 笑慘 長榮本益比才一倍 | 200點碰上升息結束又要崩了 | 肯定是太貴惹 | 100收 | 搞了幾十年還是只有主板NB能看，這種公司有什麼好 | 注意的 | 如果三四季虧損全年只有賺15，那要修正到多少呢？ | 這庫存今年清得完？明年還要繼續清庫存捏 | 250以下的華碩是天上掉下來的禮物(疑？ | 2000億庫存算在哪 | 面板第二 硬要買這半年拿不到好處的 | 2000億的存貨 每季光提列呆滯跟跌價損 | 失就認到飽 | eps其實比較可能回到18H2~19H1的水準 | 現在pc廠在說庫存問題明年能解決 我都覺得好笑 | 扣掉配息還跌不到30% | 穩定獲利的金融股本益比大多超過10倍一堆人覺得很 | 穩呢 | 別的不說 有什麼東西能使明年pc需求更好? | 再說獨立顯卡少了挖礦 直接需求至少剩一半以下 | 華碩這種板卡廠 光認庫存跌價損失就有一定傷害了 | 反正我是不會買華碩的商品啦，嘻嘻 | 光庫存就可以把全部股票用270元全部買回 | 庫存第2季有認列了 | 庫存損失光q2認的 應該還遠遠不夠 | 除了顯卡外 nb的庫存損失 一定也很嚴重 | 顯卡現在其實也還沒跌完 這只是個人觀點 | 真正二手顯卡倒出來 應該是22Q4~23Q1 | 當年華碩在18年顯卡災情時 eps認到虧損 | 顯卡不至於這麼慘，這次顯卡廠幾乎不擴廠，失衡狀 | 況不會太嚴重，挖礦就不一定了 | 今年雙11電子產品打折應該會不錯吧？ | 我覺得顯卡就是會這麼慘 | 挖礦需求基本上是一去不復返了 | 獨立顯卡需求會直接剩不到一半 | 然後大量二手的會開始流入市面 | 1低還有1山低，雞蛋還有雞蛋高 | 二手顯卡倒很久了 3月就開始狂倒 | 本益比是反映已過去的獲利狀況，但股價是在反映未 | 來。看後照鏡可以輔助開車的安全，但不應只看後照 | 鏡開車。 | 如果eps代表公司能替每一股賺多少錢，那把淨利換成 | 庫存，用同樣邏輯可以觀察：庫存能替每一股賺多少 | 或賠多少。華碩的庫存成本是技嘉或微星的4倍，在顯 | 卡持續漲價缺貨時，這是大利多，但在顯卡的供需逐 | 漸反轉時，這就是未來的利空。 | 而且顯卡是高毛利的產品，庫存滯銷會影響毛利率和 | 獲利表現，這會導致機構法人和價值投資者對這支股 | 票的估值更低。這也是本益比無法反映的未來風險。 | 華碩上面形成了一個長達一年半的套牢區，這個壓力 | 也經由反彈測試過有效。一個長期的大型頭部，只會 | 有三種走法：要嘛是快速站回去，套死下方的空單形 | 成賣壓化解的力量；要嘛是用連續長黑快速下跌，讓 | 空方力竭、散戶出場，並讓低接買盤開始進場；要嘛 | 就是必須花上比頭部更長的時間盤整或盤跌，以化解 | 壓力。賣壓是資金無法迴避的阻礙，投資人要嘛是支 | 付金錢成本，要嘛是支付時間成本，這是必須做好的 | 心理準備。 | 合理的本益比就像是技術分析所談的支撐：股價跌到 | 這裡，只代表有覺得划算的資金會進場低接，而這些 | 只願意撿便宜、不願追高的人，不會是股價上漲的動 | 力。 | 正常時期大概8-9倍 | 這次財報太難看了 基本面整個爆掉 | 華碩200這個價位真的很穩，據說老員工光是十年來靠 | 這個價位買進都買房又把小孩送出國念書了 | 先問小編夠猛嗎再說 | 鼓勵抓多少自己 算一下就知道惹 | 40死不出的話，你不用買顯卡嗎？ | 有等到就當賺到 | 你不買 我不買 明天到200ㄏ | 推53樓",假設疫情下的消費電子紅利消失殆盡，公司回到20172019疫情前的狀態，估計eps在20上 下。而20172019這三年的平均最低股價是211。 211/20=本益比約10.55倍 在抓一點安全邊際，200開始買，而且分批往下佈局勝率應該是蠻高的。以過去五年來看 ，除了2020的疫情，200左右就是這五年來的低點。 https://i.imgur.com/shgbsI4.jpg 問題來了，華碩股價從2021高點428到目前262，股價已經下跌了約38.7%，修正幅度也算 不小了，所以是否會到200？ 這個很難說。 
Re: [標的] 華碩(2357)現在262的股價是好的進場點嗎,2022-08-15,48.0,我不知道.jpg | 外資真的賺爆 | 外資一直賣，散戶一直買 | 等到散戶一直賣，外資就會肥來了 | 呵呵 看破不說破 懂打懂 | 豬到打豬到，哈哈，我不知道，嘻嘻 | 外資是無腦賣，這2年賺越多錢的賣越多，賠錢的才一 | 直買，有fu嗅 | 聯電，台積外資也無腦賣了2-3年，難道外資看到10年 | 後沒人買電子產品？ | 現在有哪隻電子股外資強力做多的嗎 匯率都27 拉到30 | 了 | 外資前年賣超5400億，台股上漲21%；去年賣超4500億 | ，台股上漲25%。 | 聯詠腰斬以下 發哥接近 不都外資賺走？ | 華碩比起來跌幅還小勒 | 甜甜價一直買放著配好舒服 懂？ | 衰退公司有什麼好舒服 | 不如股東會請華碩把庫存原價賣，270把股票全部買回 | 挖礦崩盤不是第一次喇   想清楚八 | 2018-2019走勢看一下   尼就懂惹 | 板卡廠通通都是吃屎不要碰 | 衰退就自己找買點，又不會倒，何來不舒服？ | 年初外資賣得很對啊 | 產業開始反轉 又賣在高點 反轉下來很多都是估假的 | 所以說這波幾乎都散戶接回 | 大家都等撿便宜跌好慢啊! | 產業反轉也沒人像華碩一樣堆一堆庫存 | 買顯卡送LED電競水果刀阿 | 等40系列換機潮吧。Steam調查還一堆人用1060 1050ti | 先買再說 | 投信沒在賠錢的拉 因為不是自己的錢XD | 認錯小兒，給給教訓 | 不要幻想40系列換機潮惹   沒有這種東西 | 30系列價格崩盤代表40系列也完惹 | 顯卡會有換機潮的根本原因是效能價格比大增 | 無情者傷人命 傷人者不留命.. | 看起來是麥當勞形狀...是告訴我們該吃麥當勞了 | 再跌一根就會反彈拉!現在空感覺肉不多! | 捏著套2年 基本面應該會有所改變 至於進場點位 這隻 | 現在進場絕對不能看基本面 = = 當然啦 財報內線例外 | 顯卡崩成那樣，都在減少產量救行情了吧 | 今天跌好少 | 現在都學乖了 買在業績差的時後 | 這隻現在基本面也差到不行 | 買它不如買衛星 | 沒錯，等50系列XD。 | 微星外資一直賣,我們反過來思考外資從去年一月初持股佔比63百分比到現在的44.55百分比 股價打回20個月前的起點 外資獲利了結大約13萬張 誰是贏家 外資才是贏家 這些股票都由散戶與投信收走了 這些人有獲利嗎？ 呵呵，我不知道 : 假設疫情下的消費電子紅利消失殆盡，公司回到20172019疫情前的狀態，估計eps在20上 : 下。而20172019這三年的平均最低股價是211。 : 211/20=本益比約10.55倍 : 在抓一點安全邊際，200開始買，而且分批往下佈局勝率應該是蠻高的。以過去五年來看 : ，除了2020的疫情，200左右就是這五年來的低點。 : https://i.imgur.com/shgbsI4.jpg : 問題來了，華碩股價從2021高點428到目前262，股價已經下跌了約38.7%，修正幅度也算 : 不小了，所以是否會到200？ 這個很難說。
Re: [標的] 華碩(2357)現在262的股價是好的進場點嗎,2022-08-15,34.0,找到財富密碼了 快空! | 華碩產品高不可攀 小星星親民多了 | 和碩之前漲是除完息大戶回補吧 | 微星原本想等100以下買 ，然後沒有然後了 | 華碩連2季營運現金流-300億起跳 還短期借款維持金流 | 石頭1字頭開始蓋零股塔 | 要看還原月線吧 華碩也不差啦！ | 糟糕了。。接刀惹 | 你看長期不用還原月K | https://i.imgur.com/eqJPVTq.jpg  突然現增也不意外 | 小兒狙擊中 不要對幹啊 | 電競筆電有肉鬆小英喔 | 消費性電子該買的都買滿了，而是目前硬體效能過剩 | 坐等星星回7字頭 | 笑了 還在原價賣　9折都沒人買了吧 | 新系列要出來了　庫存沒有7折以下沒有吸引力 | 庫存打折賣啊 | 碩碩再一根綠棒就可以買拉 | 最近興起一片淨值風 是不是跟著淨值=股價的概念去選 | 股 就會財富自由了？ | 一堆人等著買低價高端顯卡!!跟低價電競筆電喔!! | 難道是敢去見議長的關係(X | 怎麼感覺像華碩品質 以卵擊__ | 和碩是去卡鴻海的活棋 | 噓邏輯  原價如果賣的出去怎麼還會有這麼多庫存 | 營收比重看看吧 | fj觀察細微 | 華碩這幾年真的鳥 完全沒成長上去又下來 | 不是看淨值就覺得被低估 要看帳上現金多少啊 | 華碩目前手上現金部位很小 都要進行短期借款了 | 你可以看鴻海目前帳上現金多少 1.22兆 都能開銀行了 | 應收款能收到再說 | 樓上…預期信用損失金額很小，有何理由收不到？ | 微星外資賣好多,https://i.imgur.com/6tVjpY0.jpg https://i.imgur.com/B5fh76m.jpg 微星跟華碩這兩家產品重疊性高，但是這10年來股價成長性卻差很多，華碩幾乎原地踏步， 不勝唏噓。 華碩庫存2000億，其代工廠往後一年不會太好過，除了和碩為主要代工，其他代工廠就不好 查了。 https://i.imgur.com/vA7G2vh.jpg 華碩股價是淨值的9折，和碩居然還在淨值之上，是不是被高估了。 華碩310億的股利，大戶會回補嗎？還是回補台積電。 庫存原價賣，應該就有金流了，很多人等著買 小兒這12年狙擊沒停過，平時小賣，發佈利多，超級賣 組裝廠可以休息1年了 在一根跌停，歐印買進刪軟體，10年後見 https://i.imgur.com/PYhmExi.jpg 高淨值股就華碩最爛 說個好消息，應收款項有1000億元
[情報] 華碩2357、技嘉2376、微星2377 8月營收,2022-09-08,32.0,營收參考 等第三季 eps | 99G心 99小星星 | 華碩不錯欸 | 技嘉今天不是還拉一大根 | 要爆惹嘻嘻 | 最右攔跟去年月比 應該是年增減  不過無訪! | 重點還是存貨 英偉達都降價了 華碩科科 | 恩 過季產品不如狗 然後眼看著要過季了 這個 | 封城 這個戰爭 這個歐元跌成屎 | 石頭是手機助攻嗎？ | 992357 | 板卡三雄 | 噴爛 | 石頭就砍價清庫存 | 石頭新機拼命出走機海戰術...庫存會少才有鬼== | 上個月才撿了技嘉的跳水高階LCD，用很爽 | 技嘉81以下買好爽 | 技嘉跌那麼多拉這一根不就單純跌深反彈而已嗎= = | 石頭好猛！ | 營收參考，等第三季毛利QQ | 技嘉拉一根上去，連券都沒怎空 | 華碩歷史上每次循環都庫存爆炸，恭喜它 | 華碩q2不是陰過人 還有人看營收喔 | 慘 | 中小廠明顯獲利減少囉...不忍~ | 大廠已回到疫情前水位...剩下自己要懂~ | 便宜的卡在倉庫裡 | 但微星今天噴半根起來 已反應? | 利空出盡囉 準備噴爆 | 見鬼了，華碩滿手庫存竟然是三家最好...... | eps開出來才知道 | 等EPS啦，上個月才被營收騙過QQ,1. 標題：華碩2357、技嘉2376、微星2377 8月營收 2. 來源：公開資訊觀測站 3. 網址： https://mops.twse.com.tw/mops/web/t146sb05 4. 內文： 華碩2357 本年迄今累計營收 去年同期累計營收 累計營收成長率 350324840 327283462 7.04% 111年08月營收 去年同期月營收 月營收成長率 48226687 45468278 6.07% 111年07月營收 去年同期月營收 月營收成長率 36753188 37573755 2.18% 111年06月營收 去年同期月營收 月營收成長率 55449083 47945298 15.65% 技嘉2376 本年迄今累計營收 去年同期累計營收 累計營收成長率 70595970 78707301 10.31% 111年08月營收 去年同期月營收 月營收成長率 7896900 10335417 23.59% 111年07月營收 去年同期月營收 月營收成長率 7435303 8217666 9.52% 111年06月營收 去年同期月營收 月營收成長率 8194426 9139435 10.34% 微星2377 本年迄今累計營收 去年同期累計營收 累計營收成長率 126630210 127330807 0.55% 111年08月營收 去年同期月營收 月營收成長率 12564059 18478966 32.01% 111年07月營收 去年同期月營收 月營收成長率 13011506 14524825 10.42% 111年06月營收 去年同期月營收 月營收成長率 16497922 15570323 5.96% 5. 心得 板卡廠三跌股 石頭緩步回復 技嘉一如既往 小星星爆炸啦 
[新聞] 《半導體》聯發科首攜華碩 電競手機傳捷,2022-09-19,39.0,"遊戲手機有人幹得過蘋果？ | 利多! 是利多新聞 | 電競手機跟一般手機差在哪? | 跟華碩合作喔...保重... | Google play還不是把遊戲做回電腦版 電競手機是？ | 子龍 | 台灣人都買蘋果誰會買安卓 | APPLE表示：電競手機? | ROG 6 一支33K  有夠盤  我寧可去買黃牛PS5 | ROG就多了巨集啊～不買其他額外的配件的話 | 是能賣幾隻啦 | 所以這支3萬5起跳嗎....誰買 | 這隻玩傳說蠻好上分的 | iphone 14 pro max: .... | 盤子機 | 不得不說華碩 遊戲精靈 真的做得很好 | 聽說...某粉還想抵制華碩?越抵制過越好，爽啦 | 其實配件 食指鍵真的打吃雞滿好用 | 高階還用發哥 有人買嗎 | 其實電競大家都差不多。還不是卡在60張 | 買iphone才是盤子吧 同樣價錢ROG規格更好 我寧願買 | ROG | 我也買了ROG 旁路充電就是爽 | 擦玻璃也能算電競？ | 利多，天磯9000本來就不是看量用的，是能見度 | 刀碩…也是中國的形狀了啦 | 說不定占營收不到1% | 這兩間台皮中骨 一起下去不是剛好 | 真正手遊玩家誰跟你用iPhone在玩…… | 說個笑話 手遊 | 真正手遊玩家都用PC玩的，一個帳號掛不夠你有掛3個 | 嗎？ | zenfone9螢幕實在太小,本來這代想換機了~ | zen9猜測應該是賣的很差`現在拿小手機的人少 | 3萬5不如買筆電 | 肥宅待在家就組桌機就好 | 3.5夠弄了啦 | 假出手機逼人買筆電 | 別在發利多了 發哥都腰斬了…",原文標題：《半導體》聯發科首攜華碩 電競手機傳捷報 原文連結： https://wantrich.chinatimes.com/news/20220919900304420101 發布時間：09:2720220919 記者署名：時報記者王逸芯台北報導 原文內容： 瞄準手遊市場持續成長，聯發科(2454)在電競手機領域傳捷報，天璣9000行動平台獲華 碩(2357)將在今日發表的頂級遊戲手機ROG Phone 6D Ultimate採用。 市調機構Newzoo數據就指出，2021年全球遊戲玩家人口已經接近30億人規模，同時，有多 達28億人會在手機等行動裝置上遊玩遊戲。在行動裝置上玩遊戲相較傳統PC，其享有更大 的便利性，加上5G商轉也解決了傳輸得問題，故未來幾年手遊市場會持續成長。 華碩電競手機ROG Phone 6甫於7月上市，其內建的核心處理器晶片，取自高通S8 Gen 1處 理器，而如先前市場猜測的，華碩又將再推出一款電競手機ROG Phone 6D Ultimate，內 建的核心處理器晶片，則是取自聯發科的天璣9000行動平台。 聯發科表示，聯發科今(19)日受邀參加華碩頂級遊戲手機ROG Phone 6D Ultimate發表會 ，總經理陳冠州受邀出席，迎接雙方合作的新產品的問世，這也意味著，聯發科在高階手 機市場再下一城。 本次可以說是聯發科和華碩首度在電競手機上的合作，對兩大品牌來說，都具有非常重要 的意義。 心得/評論： 又是發哥又是華碩 買進半導體人生絆倒你 中國半導體表示： 看看那精美的刷一排綠色 我看半導體Q4也不好過.. 
[新聞] 華碩成立元宇宙公司 NFT平台進攻Web 3.0,2022-10-04,103.0,"丸子 錢是有meta多嗎 | 鴿子傳封包？ | 錢太多沒地方花 | 還在元宇宙 | 有future漲3% | 跨越時空的子龍 7進7出元宇宙 | 哈 | 就想賺政府生意，拐彎抹角什麼 | 老蘇覺得有fu糗嗎 | META那鬼樣子還敢衝元宇宙嗎 | 燒錢畫大餅 真能賺錢嗎 | 請給我補助 | 超邪惡盤。亂點火。又亂套一堆散戶當肉盾。血肉城牆 | 這家搞軟體 完全不看好 | 晚了 | 尖弱盤時 | 有NFT刀子嗎 | 正事不做跑來搞詐騙生意 | 他副業滿多的,又醫療又原宇宙,包山包海 | 這家是錢太多嘛?庫存機賣很好? | 老蘇下午又要吹了 | 軟體不行 | 石頭想進來洗碗？ | 大家都散場了才進來 | ？？？ | 現在還在NFT | 元宇宙裡的長坂坡 | 裡面有刀子嗎? | 一看就是在熱潮的時候規劃的  現在頭洗下去只好硬上 | fb都裁員了還玩這個 | J三小? 所以這家公司到底在賣啥?? | fu糗!!! | 非洲線路？還在炒這沒Fu糗的 | 恐龍逆反射神經這麼長 | 庫存宇宙。 | 錢太多是嗎，股東Q3在吃一根跌停 | 別人不要的我們撿回去 | 鴿子飛到了 | 看來股價繼續對折 | 笑死 網路泡沫2.0 | 回200一下，我想上車 | web3.0 不就騙錢的東西 | 元宇宙都被嘴沒Fu糗了你還來，嫌錢多逆 | 看這公司選的人就覺得頗呵 | @@ | 華碩先解釋一下你們為啥借錢借到1.8%吧？ | 看看meta現在股價多少 | 人家撈完一票走人了你才要進場？？ | 我又多一隻可以放空的股了 嘻嘻 | 時間停止器？ | 認真清庫存好瑪 | 都已經炒過一輪才加入，太慢了吧 | 晚了 | 未來用AI就能無限創造出所謂「藝術」 | 夫糗  你看今天就漲惹 | https://youtu.be/W4Mcuh38wyM | 笑死 | 一臉欠空樣 | 記得先放空海運股 | 可憐哪 不務正業 | 不務正業學人炒股，下去 | 可憐，還殺尾盤 | 谷歌 臉書都準備下去了你還搶著進來踩地雷XD | 沒差反正華碩錢很多，總要找地方燒 | 知不知道AI算圖都要氾濫了.... | 笑鼠人 | 可以賺數位部外包 | 來弄個data science 還比較有可能賺錢 | 小編的刀 | 還在元宇宙，看看meta股價跌多慘 | 還在元宇宙… | 你那邊還在NFT喔 | 以後絕對不再買石頭的筆電 | 刀碩品質，以卵擊石，可惜了一個曾經是台灣之光的 | 機板大哥 | 北七 | 也太lag了吧 | 可憐 準備下去 | 別人炒到爛的才要接來玩 | 笑死 | 笑死 | 0.0 | 反應太慢了吧 人家都炒作完了 | 不要自暴自棄阿 | NFT要不要報稅啊？是不是比買美金好 | 元宇宙皇家俱樂部 | 以後就是小戶買NFT 大戶買股權 ㄎㄎ | 以為人家沒事成立公司幹嘛呢 | pool in metaverse | 剛剛找到這網站 應該是這個 | https://asusmeta.co/artblackhole | 系統廠講buzzword就頗呵 | 早就炒爛的東西，連框錢都不會可憐呀 | 華碩元宇宙公司 -> 華元？ | 亂投錢 感覺股價又要跌了 | 都冷了... | 不是創意大於軟體大於硬體的產業，系統廠真的要搞這 | 個！ | 又多了一個可以內鬥的部門了 | 那...NFT可以換百達翡麗嗎？ | 現在才要炒 太慢了 | 現在講元宇宙和web3都是在唬爛和被騙 | 還有傻子要買NFT嗎",原文標題： 華碩成立元宇宙公司 NFT平台進攻Web 3.0 原文連結： https://finance.ettoday.net/news/2351285?redirect=1 發布時間： 20221004 12:31 記者署名： 記者高兆麟綜合報導 原文內容： 放眼次世代商機， 華碩正式進軍元宇宙，成立華碩元宇宙股份有限公司 ， 整合集團雲端運算、人工智慧、區塊鏈等資源，推出 跨界應用NFT平台 ， 透過藝術、攝影、時尚、影音和遊戲等相關內容及IP， 讓更多人在元宇宙中，透過NFT打造個人化角色、空間， 甚至擁有現實中遙不可及的夢幻收藏品。 華碩營運長暨全球資深副總裁謝明傑表示： 華碩特別留意新世代產業的發展動態，尤其是看好Web3.0的濳力， 因此 特別成立新公司宣示長期經營元宇宙的決心。 首先第一步是建立NFT平台 ，廣邀各領域的內容創作者，成為華碩新夥伴。 目前平台由鍾鼎藝術董事長曾明楠、名作家蔡詩萍、 策展人王焜生及媒體人戴忠仁、周明璟等人把關，深入介紹上架作品。 首波加入的創作者，包含前台北市立美術館館長張振宇、 獲全台美展永久免審查作家殊榮楊嚴囊、臺灣藝術大學書畫學系專任教授李宗仁、 華人史上第一位運用達文西透明罩染法創作的林建、 全國性大賽累計上百幅得獎紀錄的張培均以及多次參展巴黎藝術沙龍展的新銳插畫家 王子麵等人，未來也將廣納各領域內容的創作者，協助他們接軌元宇宙。 關鍵字： 華碩 心得/評論： 只有掌握未來趨勢的公司才有FU糗 今天華碩宣布進軍元宇宙 首先就從NFT平台開始 有沒有感覺? 
[情報] 2357華碩9月營收 mom+23.9% yoy+6.7% ,2022-10-07,72.0,糟了 這樣等等黨怎麼辦... | 沒打呆帳？ | 庫存還是在啊XD | 加價賣 | 今天被8zz狙擊 | 銷庫存月增啊 毛利就不知道了 | 庫存呢 | 庫存品賤價賣 | 打折消庫存? | 打庫存要季報才看得到的，這營收月報又不會顯示 | 難怪今天大崩 | Q3再匯損就... | 成長=大跌？ | 台幣一直貶，人家出口收外幣的，講匯損的是.. | 華碩第二季就真的匯損啊 | 我沒想匯率啦，只是因為Q2匯損很多 | 那時候明明美金一直漲，但也不知道怎麼虧的 | 害我法說後直接吃一根綠棒棒...;( | 不對啊股價怎麼了 | 現在大家都在看庫存去化速度 能銷得掉都是好事 | 說好的庫存??? 加價賣??????? | 笑死 說好的庫存呢 | 比阿榮跌的還誇張，營收也蠻誇張的… | 台股果然不一樣 | 結果跌爛？ | 你看他第二季營收也是嚇人的高 結果宣布eps後.... | 如果庫存去銷的快 相信股價會回來啦！至少明年的股 | 息不會差吧 | 伐100 | 華碩本來就有匯損啊XD 沒查資料別嗆人 | 產品歐亞為主  但匯損也不算太多 主要是毛盈利下降 | 開這樣那今天是在跌什麼.. | 營收很高 可能沒賺到錢吧 | 一堆庫存還月增.. | 不是說沒人買？？ | 起飛啦 | 乾 誰說華碩踩雷的... | 要看eps | 營收高怎可能賺不到 買一送一賣逆？？ | 大概是折價賣，所以營收高，要再去看毛利率才知道 | 高庫存毛營利很難推估 | 靠北不是說庫存嗎 | Q2都演給你看了 還在只看營收 | 重點是 折價還賣的掉欸  不是說不缺了？？ | 等Q3財報啊 上次開Q2嚇死人 | 那清完不就____了？ | 不是q2就一次認列了？ | 這家牛股 但 股息頗多欸 | 很多啊但沒填息還要多繳稅 | 有點猛 | …難不成沒有人知道q2怎算的嗎 | 還是等季報吧 | 賠錢賣 | 今天不是跌AMD財報?只是微星跌比較少 | 說好的nb山積呢 | 品牌廠要晚點才會發酵 | 滿意外的 | 營收怎知道呆帳啊 | 品牌廠在最下游還會晚點發酵？我看是有人在搞笑吧 | 應收帳款天數？ | 難怪今天崩 | 狂！ | EPs 才準 | 反正股價崩了 可能已經先被砍殺起來放 | to Jimmy030489，我哪裡嗆？你講這話才是亂開炮吧 | 。你自己也說匯損還好，主要是毛利率。 | 高庫存你不知道他營收來自哪裡 | 但是你看看英偉達….再回頭看看華碩 | 再看看技嘉….十一月中開獎 | 營收看不到庫存好嗎？要看季報的資產負債表 | 庫存跟月增什麼關係？9月開學季吧？十月就知道死了 | 1212活動又來了 momo有即時情報,https://mops.twse.com.tw/mops/web/t05sr01_1 民國111年09月 單位：新台幣仟元 項目 營業收入淨額 本月 59790709 去年同期 56051088 增減金額 3739621 增減百分比 6.67 本年累計 410115549 去年累計 383334550 增減金額 26780999 增減百分比 6.99 mom23.9% yoy6.7% 營收史高 說好的庫存2000億呢？？ 
[情報] 2357華碩、2376技嘉、2377微星10月營收,2022-11-09,53.0,"哪裡還有3080ti 買不到 | 小星星的光芒... | 前陣子崩盤 這些股價異常硬 | 好4090 不買嗎? | 微星 | 小星星! | 噴噴 | 幾乎都猜到 就是不知道投信狂買是看到什麼漏的 | 爆炸式噴出 | 蛙 華碩的靈壓！ | 最近跟別的廠商開了一堆消庫存會議，有高庫存概念 | 股嗎 | 越爛越噴 | 噴噴 | 崩崩崩 | 石頭筆電死不降價，庫存堆死你。宏碁都降價了 | 噴爛 | 買了一顆石頭回家是利多嗎？ | 噴 | 噴爆 | 無法理解微星的股價走勢@""@ | 越爛越噴 永不敗的道理 | 噴啦 | 台股大爆噴 大家一起噴 | 這陣子真的越爛越噴 | 我以為共碩沒啥救了 沒想到表現最好? | 越爛越噴 | 越爛越噴 | 不會又要變法會吧… | 石頭東西不降價，股價也硬，是打算用捐的嗎？ | 利空不跌 | 噴爆了 | 嘻嘻共碩嘻嘻 | 越爛越噴 | 同八樓，不知道投信到底在買啥。 | 更何況，4090還有災情，搞不好還要招回處理……不知 | 道到底在噴什麼。 | BTC ETH 爆崩 礦場:我這邊有一批很便宜的顯卡 | 超爛== | 華碩不是上個月很會作帳？  笑死 | 一字排開比看誰更爛 | 4090全部才10萬張，各家分一分才幾萬張，看10月營 | 收就知道比9月還慘。 | 一張六萬的顯卡賣到缺貨還救不了營收 產能到底有多 | 差 | 石頭Q3應該是能保個7-8之間 吧 | T大復出 | 全部都很有fu糗 | 石頭高層不用替庫存道歉嗎 | 請支援便宜的顯卡 | 石頭庫存已經打掉很多了吧 | 技嘉好硬好噴 | 我目前只對80以下的技嘉有興趣。",https://mops.twse.com.tw/mops/web/t05st10_ifrs 本資料由 (上市公司) 華碩 公司提供 民國111年10月 單位：新台幣仟元 項目 營業收入淨額 本月 40318126 去年同期 44987950 增減金額 4669824 增減百分比 10.38 本年累計 450433674 去年累計 428322500 增減金額 22111174 增減百分比 5.16 MoM 32.56% YoY 10.38% 本資料由 (上市公司) 技嘉 公司提供 民國111年10月 單位：新台幣仟元 項目 營業收入淨額 本月 8214578 去年同期 10924392 增減金額 2709814 增減百分比 24.81 本年累計 87578249 去年累計 102373189 增減金額 14794940 增減百分比 14.45 MoM 6.30% YoY 24.81% 本資料由 (上市公司) 微星 公司提供 民國111年10月 單位：新台幣仟元 項目 營業收入淨額 本月 13653812 去年同期 19925373 增減金額 6271561 增減百分比 31.48 本年累計 153274704 去年累計 166459311 增減金額 13184607 增減百分比 7.92 MoM 5.10% YoY 31.48% 明天華碩即將召開第三季法說會 
[標的] 2357華碩 西哥上班很忙 多,2022-11-10,218.0,真的假的 西哥華碩主管== | 西哥在華碩當主管當很久了 | 笑死 | 樓下西捨：正在忙 | 說不定忙著擺地攤跳樓大拍賣阿 不然庫存那麼多怎辦 | 西哥真愛粉前來報到 | 印堂發黑墨西哥 | 那個部門主管？ | 西哥救我 | 這三小.. | https://i.imgur.com/4mwRQ13.jpg | https://i.imgur.com/FXBYIhU.jpg | https://i.imgur.com/YxL8PPR.jpg | https://i.imgur.com/duty3qf.jpg | 原來如此 | 是傳說中怎麼自焚怎麼復活的不死鳥西哥嗎? | 謝謝提供情報 | https://i.imgur.com/i5JRHRT.jpeg | Q3還沒公佈 庫存不知道怎樣 我看你是很勇喔 | 細思極恐… | 要被捅了你... | 有西哥就要推 | https://i.imgur.com/TgyuYZE.jpeg | 西捨:小奶我來 | 真假的 不過他真的很久沒看到惹 | https://i.imgur.com/pRPV7Wl.jpeg | 上面西捨 | https://i.imgur.com/w5yenGv.jpeg | 華碩庫存粉多齁 | 你淫了 | 我信了 #相信西哥 | 西哥推 | https://i.imgur.com/gc5NJxL.jpeg 回眸一笑 | https://i.imgur.com/Om2SGLl.jpeg  +9CK | https://i.imgur.com/41qZN1K.jpeg 落枕 | https://i.imgur.com/BtCIw34.jpeg 文青喝法 | https://i.imgur.com/VjJqb1Q.jpeg 西哥好朋友阿肥 | 常常在八卦發廢文 | 宜特是不是 要甩轎老輸 | pttweb最近不太穩 | XD | 笑死 | 太多梗圖了吧 | 原po應該會賺XD | 笑死 | 笑死 真愛粉 | 有笑有推 | https://i.imgur.com/s4Gur2O.jpeg 乾杯 | https://i.imgur.com/MglLoYX.jpg | 我是笑了 跟！ | 我也跟一張xd | 雖然很廢但有單有推xd | 溪哥PTT人生勝利組 | 這都有單 推 | Csir的碩論標題還蠻屌的欸 = = 天啊 | 笑了，哪來那麼多圖 | 西哥忙到book開蕉！ | XDD | 有創意 | 有西哥，笑死 | 吸哥救我 | 相信西哥 跟你一張 | 笑死 | XD | 這算基本面嗎XDDD | XDD | 算基本面的一種啊XD | 類似什麼產能滿載、訂單排到明年之類的 | 相信西哥多 | 這篇三小XD | 笑死！真的有屌 | 板卡今明兩年不會好看 | 難怪跌這麼少 批踢踢法人進攻了 | 我們最近裁員也很忙，一個人當三個人用 | 完了我居然也知道西舌哥 | 這人到底是誰啊?? | 笑死，相信西哥 | 真的笑死XD | 隔壁版版主西哥號稱能左右台指的人 | 笑死哈哈哈哈哈哈 | https://i.imgur.com/x6mAcf7.jpg | 笑死梗圖也太多 | 梗圖好多 是真愛>///< | 剛剛西哥在房版啊 哪有上班時間增加 | 真愛粉 | 上面的圖 C哥也太大包了吧XD | 西哥最近IG限時怎沒更新 怒噓 | 他在房版號召空空革命 空空都不理他QQ | 什麼 原來西哥曾出現在我附近 果然高手在民間 | 感覺是愛不到想玉石俱焚XD | 西斯板很常看到，正在忙 | 西哥午安，大家午安 | 這三小 | 相信西哥!!! | https://i.imgur.com/pjTzRMz.jpg | https://i.imgur.com/O5NHQU2.jpg | 笑死 | 西哥 太神啦  歐硬！ | 我只信溪哥 | https://i.imgur.com/FAKtSdo.jpg | https://i.imgur.com/gO3rgtO.jpg | 哈哈 | 這篇感覺有八卦 | 笑死 | https://i.imgur.com/yWUFNVx.jpg | 什麼情形？？？ | https://i.imgur.com/dbDnuDh.jpeg | 果真是真愛~ 在一起在一起. | 笑死 難怪華碩那麼鳥 | https://i.imgur.com/3HA56kA.jpeg | https://i.imgur.com/cDVRxD6.jpeg | XD | 笑死，到底是真愛還是黑粉讓我們看下去 | 西哥救我 | https://i.imgur.com/SMQw8zU.png | 有趣 | 變joke版了 | 西哥威武！ | 希望這篇文不是認真的 | 笑死 | https://i.imgur.com/u8Qb8wU.jpeg | 原來是華碩高層 失敬失敬 | https://i.imgur.com/GWIxq2g.jpeg | XDDD 笑死 | 華碩的wifi能不能AP模式也能發DHCP啊，改進一下 | 看了一早上…這到底啥狀況XD | XD | 這樣也行 | XD | 笑死 | 馬的 西捨都裝魯 被騙了 | AP模式應該沒DHCP吧 建議用無線橋接試試 | 笑死XD | 有沒有可能他最近是出國玩了....? | https://i.imgur.com/JWayWCF.jpeg | 這篇文…我到底看了什麼QQ | 笑死 | 看完這篇又有人寄信給西哥了 真好 | 笑了給推 | Csir踹共 | 笑死 真的吃午餐看到差點噴飯 | 笑死 | ..這和股票無關阿別害到人囧.. | 笑死 | 西哥ptt名人 | 樓樓上西哥本人XD | 西哥是ptt的寶 大家的寶 | 西哥被老闆抓去是不是就是在問期貨怎麼賺XDDDDDDDDD | 謝西哥 我all in了 明年感謝華碩賜我吃穿 | 原來是西哥概念股 | 這人都出現在西斯版 | 笑死 有才 祝金盆滿缽 | 西哥要被站內信約砲了 | 笑死 | 天啊我信了 | 長線短線都比不上內線== | 西哥指標XD | a.k.a.魯蛇界的孫大砲 | 這一定是內褲線...天啊，不可以瑟瑟喔 | 是真愛吧 | Csir真的是ptt神人 | 我尾盤歐印了 | 樓上上上上nC蛇 | 有小奶內褲線可以報嗎？ | 我相信你了 跟一股 | 100股支持 | 這分析超過一百分 | 怎麼一堆西舌粉 | 不玩台指的我也知道西哥！完了 | 我信了 該all in了 | 原來csir在華碩啊～ | 我信了先跟幾張 | 靠 我的空單 | 平生不識張西西 就稱英雄也枉然 | XDDD | 期貨界有誰不認識西哥的啊，我們從小就看西哥操盤了 | ，西哥是用兩隻手操盤的吧？我沒亂蓋啊 | https://imgur.com/JsTPdcM.gif | XDDDD | 笑死 | 笑死 有單就推 | 可惜現在才看到沒追到尾單 | XDD | 西捨是不是比較常去房版 | 朝聖小奶西捨哥!!! | 媽寶 吸超準 | 吸哥 我的散熱膏滴到CPU的針腳上洗不掉 這樣還有保 | 固嗎？ | 這分析有料 我信了 | 有笑有推 | 西哥韭韭窩 | 我會笑死這三小 | 乾，害我在辦公室笑得跟智障一樣 | 有創意推 | 相信西哥 | 笑死 我信了XD | 好臭 | 笑死 | 明天跟單還來得急嗎？ | 歐印 | 。 | 這樣也行XDD | https://i.imgur.com/IGpzEBw.jpg  連PiTT廣告也看 | 的到西哥 | 靠北，連股版也來洗XD | 笑死XD | 這篇一堆真愛 | 推一個 | 上一次聽台G內部人說股價上八百的，現在草已經半個 | 人高了 | 怎麼證明他是華碩高官 | 什麼鬼啦 | 朝聖 | 你們跟他有仇喔XD | 要被笑死 這指標可參考 | 員工看到自己主管這樣不知道怎麼想XD | 華碩品質 以C哥卵擊石 | 還沒歐印 能量會比正二強嗎？,1. 標的： 華碩2357 2. 分類：多 3. 分析/正文： Ptt csir aka 台大資工天才高材生aka 大安區地主 aka 股票期權全球市場大贏家 aka 華碩高層主管 最近一到五 白天上班時間 出現在ptt 的時間 大 幅 下 降 記得去年華碩在高點到今年年中下跌段 西哥整天上ptt 嘲諷賠錢韭菜反串演戲 下班就在汪梯歐兔到處約妹 But 連天才高材生 上班效率如神 平常上班完成工作內容輕輕鬆鬆的西哥 最近上班都沒啥空滑手機打混 https://i.imgur.com/QbD0qb9.jpg 想必華碩最近在忙什麼大案子 K線最近也在打底 魔鬼藏在細節裡 也許內線消息就藏在ptt 的推文之中 公布營收什麼的都馬落後指標 西哥動向才是未來指標 4. 進退場機制： 進場 242 如果下跌再加碼 再跌再用股期加碼 退場 相信西哥 除非西哥離職不然不停損 停利： 股價上漲之後西哥開始整天上ptt嘻嘻哈哈的時候慢慢分批出場 https://i.imgur.com/64uYyws.jpg https://i.imgur.com/bo77KN9.jpg
[新聞] 華碩第3季獲利大減45％！第4季PC出貨估,2022-11-10,51.0,"99A蛇 | q4再減 | 不太相信庫存能打那麼快XD  實體經濟才剛要轉爛 | 筆電降價了嗎？最近想換 | 手機先 no再等一下 | *nb | #相信西哥 | 這次真的要快跑 | 搭配白天那篇 這隻應該快變MEME股了 | 庫存有打很快嗎? 照這速度 明年還清不完 | 筆電最貴就是你 | PC又不會追求零庫存 | 每家對健康水位定義都不一樣 | 還行吧 股價才240 第四季算下去PE也不到10倍 | 庫存爆倉  還都是高價庫存 | 第四季財報才知道會不會有庫存跌價損失 | 先不要買 | 庫存成本太高  不敢狠下心打庫存 看雙11沒誠意就知 | 道 | 各家都在特價促銷，就華碩沒什麼能看的促銷活動呀 | 我以為會負的咧 | #挺西哥 | 筆電看起來還是貴啊== | acer筆電行不行啊?  微星不考慮，一堆殼爆掉災情 | 該認列的遲早要認列，Q2 RPL以及PHX系列CPU就要加 | 入戰局，上一個世代的產品只能越賣越便宜 | 西哥軍團 | 任務手機 也沒人買 | 感覺清的很快 | #相信西哥 | 西哥992357 | 華碩PE給到10倍 呵呵  還是過去的eps | 比第二季強很多了吧，算是有在改善了，本來今年跟去 | 年比就不實際，很多去年吃超強紅利的股今年都馬年減 | 40趴以上，看看那精美的敦泰跟聯詠 | 樓下吸射 | 第三季有股利 本來就會比2q好 | 華碩第三季庫存減316億元,週轉天數降至164天. | 看市場怎麼買單 | 200以下收感覺不錯 | 淨值以下買進不會吃虧der | 如果能跌到180左右就來試單 XD | 3c產品每季都在跌價 恐怖喔 | 碩粉快買起來撐股價好嗎 | NB還好吧 原本就要有一定的庫存量 | 3折收一台筆電 | 準備進場 | 第三季業外稅後超過獲利一半 | 西哥概念股 | 相信西哥 | 11/11收249，新聞出來後漲8元",原文標題：華碩第3季獲利大減45第4季PC出貨估季減15 原文連結： https://ec.ltn.com.tw/article/breakingnews/4118940 發布時間：2022/11/10 15:59 記者署名：卓怡君 記者卓怡君台北報導NB品牌華碩（2357）今日召開法說會，公布第3季財報，受到疫 情紅利消失、全球PC產業景氣反轉、庫存大增等衝擊，華碩第3季獲利較去年幾乎腰斬，第3 季每股盈餘為8.3元，較去年同期的15.3元大減45.7%，第3季毛利率更從去年同期的18.6%降 至11.6%。 華碩預估，第4季PC出貨季減15%，零組件出貨季增5%。 心得/評論： 14.042.558.3=24.85 筆電銷售深不見底，筆電、記憶體、顯示卡、處理器、面板...全面大寒冬，會不會喵喵被 凍死啊。 抱歉，剛剛格式跑掉，重發。
[情報] 華碩2357、技嘉2376、微星2377 Q3 EPS,2022-11-11,49.0,華碩回穩？ | 有西哥的華碩都很穩！ | Ratio抓10 還有肉?? | 華碩現在庫存還有多少 | 樓下c鴿 | 華碩明年應該還有機會配20元以上吧？ | 做筆電的都還是很賺阿 | 配得多股價也上不去啊 只能長期持有了 | 華碩庫存減了300億，剩1700億，不過我不知道正常多 | 少 | 華碩Q3有4塊是股利 本業大概也4塊而已 | 股利華碩很賺的時候都配7成，不賺的時候反而會超額 | 配公積，所以今年如果能有個30eps，明年應該就保20 | 股利了 | 海運委屈了 | 雞排真的慘 筆電事件在中國黑掉之後完全救不回來XD | 華碩年股利25起跳 賺不夠也會超發 手機開始轉盈後幾 | 乎不用擔心  反而還希望少發點現金多發股票 | #相信西哥 | 以前被低階手機拖累嗎 想買便宜手機沒有華碩了 | 說實在那最新的電競機是真的不錯，遊戲很順暢，優化 | 也做的好，就是重了點 | 沒辦法  做太多種還要花人力個別調整 做高階市場好 | 剛買了 微星主機板 花了7千多 | 現在的主機板真的貴 | 清庫存最好方法就是降價阿，快點跳水 | 華碩我是抓資產：庫存比=4:1，以一季打300億來算應 | 該要到明年Q1才能打完，這段時間要保佑沒有其他品 | 牌出新機跟他對打 | 華碩到現在筆電還是死不降價，繼續等吧 | 庫存認列了嗎？ | 都沒降價 是要銷甚麼庫存?當消費者白癡? | 有點慘嗎？ | 9千元買的華碩手機用3年半還很好用 | 西哥出來打球 | 樓下西捨 | 版友扮演重要的角色 | 庫存跌價認列要多少 笑死 | 韭菜又在算股利了 | 技嘉庫存應該要到明年Q1才會回到正常水位。華碩我沒 | 研究。 | 召喚吸射 | https://news.cnyes.com/news/id/5006806  法說新聞 | 系統要Q2 | 噴 | 華碩大概明年第二季也可以正常了 | 說好的打骨折價等好久都沒等到 超哭 | 技嘉本業也太慘了吧，賺不到0.4 .. | 華碩感覺可以慢慢買了,1. 標題：華碩2357、技嘉2376、微星2377 Q3 EPS 2. 來源：公開資訊觀測站 3. 網址： https://mops.twse.com.tw/mops/web/index 4. 內文： 華碩2357 EPS Q3 8.34 (去年同期 15.25) 今年至今 24.93 技嘉2376 EPS Q3 1.84 (去年同期 5.66) 今年至今 8.22 微星2377 EPS Q3 1.91 (去年同期 5.29) 今年至今 11.15 
[新聞] 華碩 九度登台灣最具價值國際品牌,2022-11-22,99.0,"刀碩 | 看到華碩直接聯想架刀 | 尾牙都辦不出來，讚哦要漲翻天了 | 庫存爆炸 | 笑 | 刀很棒 | 架刀？ | 確定人家自認台灣品牌嗎？ 要不要再問問小編 | 旺旺還在前幾名喔 呵呵 | 台灣價值cc | 漲太多 撿不下手了 | 庫存不知道清的怎樣了 | 刀功超越老黃 | 刀子很好用 | 小編最強 | 只要小編的手上有刀，連老闆都得聽他的！ | 電競菜刀 | 刀 | 自己品牌賣自家最貴，蒸蚌喔刀碩 | 護國神刀 | 235補了兩張，舒服 | 看成最具台灣價值 | 筆電很爛 但便宜 | 以卵擊石 | 不是中國品牌嗎 | 這時候又變成台灣品牌了XD | 刀子架在評審們的脖上 | 大中華品牌 | https://i.imgur.com/QHcjR5z.jpg | 九進九出，九度獲獎 | 筆電真的很酷 | 刀對我不重要 但沒有刀 對我很重要 | 華碩：我們是中國公司 | 刀碩 子龍 | 以~卵~擊~石!! | https://i.imgur.com/x01dfIB.jpg | 即便共碩自認不是 但世界（中國以外）認知華碩是台 | 灣品牌啊 | 有刀加持 堅若盤X | https://i.imgur.com/wIkjC5A.jpg | 清庫存中不接「刀」 | 真的有那麼熱愛蹭別人家的東西嗎 | 台灣最具價值 ? | 現在是看不起小編飛刀是不是 ? | 等等小編就拿刀去找評審了 | 護國神刀 | 說個笑話 兩兆雙星 同是消費性電子 被三星甩幾條街 | 膽小的我補238半張而已 | 評審脖子上484有刀 | 子龍刀法是不是超越老黃了? | 華碩還是台灣的嗎？我說經營結構？我一直以為它是 | 台灣的品牌，菲力浦電器我也一直以為是德國的，某 | 一天我Google叫荷蘭商菲力浦，什麼時候？一直都是 | 荷蘭商嗎？後來菲力浦家電已經被中國高瓴收購，To | shiba東芝我也以為是日本的後來賣給中國海信，台灣 | 品牌很多電器產品早就只是貼牌貨，就是中國收購但 | 掛一樣台灣品牌，你們不是説鬼島沒有中資嗎？其實 | 我後來發現美國某投信公司離開台灣接手的應該也是 | 中資，知名的羅技鍵盤應該也是，還有英國音響揚聲 | 器KEF這個品牌也是中資了吧！所以制裁中國應該鬧著 | 玩的吧！ | 你們歐美日都RMB真香了，我們怎麼相信你們不會把台 | 灣賣掉？但真的把我們賣了，而且不知不覺然後大家 | 當沒事過日子 | Holo自己也欺善怕惡禁T-word呀，刀碩至少還能幫我 | 賺錢 | 我一直覺得我們台灣人種的水果很好吃，但現在卻都 | 進口粗製濫造的水果進來賣我們還賣很貴，那爛心鳳 | 梨不是我們台灣人種的那是貼牌貨，你看看日本阪屎 | 那種人居然説爛心鳳梨、毒石斑只要便宜一點日本人 | 就會買了，那是壞掉和有毒日本人喜歡吃這種喔？搞 | 了半天原來是中國天津人喜歡吃== | 人家是中國品牌吧 | 樓下吸射 | 再爛，台灣也沒其他品牌能看阿 | 這次刀子架在哪裡 | 外國人誰知道台積電是什麼鬼，都馬只知道ASUS | 以品牌來說Asus真的算台灣數一數二有名的吧？幾個 | 國外的朋友也都知道ROG來自台灣 | 台灣沒啥品牌 | 小編的刀呢？ | 刀子咧 | 最佳刀客 | 買手機送刀型鑰匙圈我就買 | 拒買 | 堅若磐石 跪舔及時 | 我的刀呢 | 噴出 | 但品質有名的...... | 覺青奔潰 | 世界認定很重要嗎? 中國認定才重要吧? 共碩 | 雖然把台灣當盤子。但國外的確蠻有名的 | 揮刀霍霍 | 刀客塔 | 共碩 | 在中國買天選比台灣TUF便宜，且還規格比較好，笑死 | 微星筆電比較好 | 屁都不敢放一聲 | 笑死,股板果然都是反指標",原文標題： 華碩 九度登台灣最具價值國際品牌 原文連結： https://udn.com/news/story/7240/6784072 發布時間： 20221122 13:56 記者署名： 經濟日報 記者吳凱中即時報導 原文內容： 華碩 九度登台灣最具價值國際品牌 20221122 13:56 經濟日報 記者吳凱中即時報導 https://uc.udn.com.tw/photo/2022/11/22/realtime/19506120.jpg 華碩財務長吳長榮。華碩提供 PC品牌大廠華碩（2357）無與倫比的表現再創新猷，經濟部工業局今日揭曉台灣最佳國際 品牌價值，華碩品牌價值較前年增加16%，總計高達21.63億美元，亦是第九度登上台灣最 具價值的國際品牌。 華碩共同執行長許先越表示，即使大環境帶來嚴峻挑戰，華碩團隊仍創造出卓越的績效。 很榮幸今年再獲肯定，得到台灣最具價值國際品牌殊榮。 華碩共同執行長胡書賓分享道，疫情改變人們的生活與消費模式，同時創造出新的業務， 華碩積極捕捉用戶需求、設計研發以引領市場趨勢，未來將持續朝成為數位新世代備受推 崇的科技創新領導企業邁進。 台灣最佳國際品牌價值調查係由經濟部工業局主辦，委託全球權威品牌價值調查機構 Interbrand，從消費者對品牌認知與忠誠度、企業財務與管理面策略等多個面向，為品牌 進行鑑價並排名。華碩表現突出並深獲肯定的項目包括：創建企業內部委員會、管理各產 品線對外形象、對內培訓員工並發行刊物，盡心打造企業文化；近年積極與外部產學夥伴 合作引進創新動能外，也實際將AIoT、5G等新技術，創新應用於製造、醫療與零售業；秉 持著為使用者創造體貼人心的智慧生活之使命，華碩致力與全球消費者建立聯結，今年透 過與Philip Colbert、Steven Harrington等藝術家聯名，舉辦創意社群活動等形式，加 強與新世代消費者的精神共鳴，成功體現品牌的多元價值。 心得/評論： 經濟部工業局今日揭曉PC品牌大廠華碩（2357）第九度登上台灣最具價值的國際品牌， 不過除非有重大意外發生不然華碩（2357）股價的成長潛力不會很大。 佛 沒說 小乘 、 大乘 。 上座部佛教馬哈希尊者《具戒經講記》 拆穿 假 佛教 大乘 經典的 騙局 。 上座部佛教明昆《南傳菩薩道》 是 真釋迦牟尼佛的菩薩成佛之道 大乘 是 假 菩薩成佛之道 妙法蓮華經 華嚴經 心經 金剛經 楞伽經 梵網經菩薩戒 圓覺經 楞嚴經 是 大乘假 佛經 阿彌陀佛 藥師佛 是 大乘假 佛 觀世音 文殊 普賢 維摩詰 龍樹 地藏王 是 大乘假 菩薩 https://www.ptt.cc/bbs/IA/M.1588944610.A.D9C.html 上座部佛教目犍連子帝須 和 那先 破 偽經大乘 十方諸佛 
[情報] 2357華碩、2376技嘉、2377微星 11月營收,2022-12-09,30.0,99 2357 | 小星星好慘 | 刀碩!  年減17% 股價漲17%!! | 就只有你年減 | 利空出盡... | 華碩品質 | 少一支華擎吧 年增月增 | 微星的微是…. | 年減也不跌，100不破怎麼入手？ | 還好嘛 還可以撐的感覺 | 利空盡出 新顯卡降價求售 | Q 4季衰退 | 國外通路商 | 30系列再繼續推倉庫阿，40系列再續續用1:35的匯率麻 | 微星年減月增，年總計-10%還行 | 華擎年增2.5% | 噴爛 | 40系列使用尊爵不凡 1:35 與蘋果等價的匯率 | 不幫清30庫存別想買到便宜的40系列！ | 下去吧 | 華擎沒貼？ | 賣不掉加價賣阿 還用我教? | 慘 | 要漲了 | 晚了 我們也不要了 | 不是，沒看到便宜板卡啊 | 一定年減啊 去年挖礦基值那麼高 有沒有月減比較重 | 要 | 已了結 | 有雙11加持還降,1. 標題：2357華碩、2376技嘉、2377微星 11月營收 2. 來源：中央社 3. 網址： https://reurl.cc/nZlb52 https://reurl.cc/aaMbNY https://reurl.cc/pZKbxl 4. 內文： 華碩 2022年11月合併營收457.44億元 年增 17.09% 技嘉 2022年11月合併營收108.61億元 年增 8.28% 微星 2022年11月合併營收148.47億元 年增 25.18% 5. 備註 板卡廠一樣慘 明年不知道能不能回復動能 
[標的] 華碩2357技嘉2376微星2377外資投信易手,2022-12-22,17.0,0056調整，不重要，都是左手換右手，他們都事先談好 | 早就說了~~一堆外資根本自己的錢0.0 | 很多假外資吧 | 銀行不能透過國外分行買賣嗎？匯率 | 先謝謝原po 我也想問 | 今天最後一天權重調整，說好的啦 | 0056跟00900啊 | 0056會調降原成分股權重+00900剔除微星/技嘉 | 原來如此啊~感謝! | 大型ETF調整週看籌碼會失真的XD | 可能華碩比重太高了!因為0056加入一堆成分股 | 滿手庫存 套死 | 感覺ETF調整指數那幾天外資都會對敲，不然有的平常 | 成交量不夠，會跌停或漲停 | 還可以看那邊力道大 反向吃個豆腐 | 這早就事先說好的 | 就調整啊 很多都馬這樣,其實本來是想用請益，因為疑問的成分居多， 但是怕誤觸板規，所以還是用標的。 就是最近五個交易日， 華碩、技嘉、微星（合稱AMG）這三家板卡廠不知道為什麼， 投信跟外資都正在大量易手。 http://i.imgur.com/a4zx6t3.jpg http://i.imgur.com/ZcmlRM9.jpg http://i.imgur.com/iMLgUfk.jpg 其中華碩、微星幾乎是都是同額易手， 技嘉的話，外資接手的比較少，甚至第一天同賣。 但是共同現象就是，這五天都是在尾盤搓合時爆大量。 就像是投信、外資講好了一樣，在尾盤搓合的時候進行易手， 避免價格崩跌或是暴漲。 從持股比例可以看出，投信對AMG這三家，可以說是大量減碼， 投信在這三家的持股比例： 華碩6.26% > 4.45% 技嘉7.03% > 4.20% 微星5.82% > 2.54% 降低了1/3到一半的持股。 我知道AMG受到之前庫存的影響不好受， 技嘉Q3營利利益率甚至跌到剩下1.1%，（微星還有4%) 但是從11月的營收來看，似乎狀況有稍微好一點， 應該是有漸漸改善的狀況， 但是不知道為什麼這時候投信要大量拋售， 也看不懂為什麼外資這時候大量接手， 更看不懂為什麼像是講好的一樣，都在尾盤搓合時爆量交易 有板友有眉目嗎？QQ 感謝。 就算手裡握著劍，我也無法保護你； 就算手裡沒有劍，我也無法擁抱你。 現實，說不定才是像夢一般空虛的東西， 而夢，反而才是最真實的。 A1pha 
[新聞] 獨家》美企指控侵權 華碩、宏碁遭美調查,2023-01-06,25.0,哥 不買 個股 | 缺錢進貢囉 | 都那麼跪舔了 美國還要吸台灣的油水 | 內文不看完就開噴的真可憐 | 是甚麼專利可以讓那麼多不同領域的公司都中槍阿 | 搶當污點證人的機會又來了嗎 | 美國爸爸就是正義 不容質疑 | 一銀數位帳戶2%也蠻好的 https://cc5168.pixnet.net/ | blog/post/75290044 | Google 三星Sony 也是美國公司？推文笑死人 | 888 | 標題殺人 是空不下來嗎 | 欠錢開始勒索了！看來景氣有差 | 沒在怕 | 中碩確實需要好好查一查 | 不買個股 | 被調查的公司有幾十間，然後標題只放兩間台灣公司。 | 向下突破 讚 | 吉了一堆 | 缺錢要勒索 | 呃標題不放台灣公司難道要放中國小米 | 看起來蠻像專利蟑螂公司吧 | 最近美科技股跌慘..殺別國的補一下 | 不就蟑螂而已 | 股版也有駟啪 嘖嘖,原文標題： 獨家》美企指控侵權 華碩、宏碁遭美調查 原文連結： https://ec.ltn.com.tw/article/breakingnews/4176189 發布時間： 2023/01/05 21:06 記者署名： 記者方韋傑台北報導 原文內容： 記者方韋傑台北報導台灣PC雙A品牌廠再度捲入美國337 條款調查案，繼去年 第3季後，美國國際貿易委員會（USITC）第4季又公布華碩（2357）、宏碁（2353）分別 遭到當地軟體、半導體企業投訴侵犯專利，因此宣告展開調查，而國內雙A品牌廠皆 不予置評。 根據美國國際貿易委員會公告，美國佛州Advanced Ground資訊系統公司與德州AGIS軟體 發展企業，針對台灣華碩（ASUS）、美國谷歌（Google）、南韓三星（Samsung）、日本 索尼（Sony）、中國小米（Xiaomi）等26間企業申請337調查，聲稱前述企業的相關位置 共享、軟體、元件以及系統產品侵犯專利。 此外，美國賓州Bell半導體企業則聲稱，台灣宏碁（Acer）、德國英飛凌（Infineon）、 荷蘭恩智浦（NXP）、美國輝能（NIVIDIA）、美光（Micron）等13間公司侵犯其專利，範 圍涵蓋半導體設備、個人電腦、顯卡、手機、平板等產品，因此也向美國國際貿易委員會 提出337調查申請。 美國國際貿易委員會依據1930年關稅法案第337條，專責調查進口貿易不公平行為，華碩 、宏碁所遭受到的投訴目的，在於要求官方做出禁止銷售相關產品的處分，後續將舉辦聽 證會並初步判定是否存在違法情事，調查立案後45天內，該委員會將決定完成調查所需的 時間。 依照過去案例，美國國際貿易委員會在2018年、2020年接獲在地企業TelaInnovations提 出的調查申請，聲稱華碩、宏碁等企業銷美的積體電路相關下游產品侵害專利，不過立案 至今皆無相關調查結果，業界研判相關投訴極有可能皆為專利蟑螂所為，希望進一步 獲得損害賠償，但最終不一定會被判定成立侵權，對國內業者影響微乎其微。 對於再度捲入美國337調查案，宏碁維持前次看法，發言體系強調由於此案已進入法律程 序，不便進行評論；華碩此前也曾表達過案件進入法律程序，不做評論，對財務業務無 重大影響，此次並未進一步置評。 心得/評論： 蟑螂真會挑時間吵這個 不過最近線型狀似正要突破 剛好演這齣 電梯向？ 
[情報] 華碩2357、技嘉2376、微星2377 12月營收,2023-01-09,31.0,小星星： | 技嘉 月-20% 年增20%左右 到底是利空還利多啊 | 累積年增是負的 | 微星 華碩都不在摔一下 | 之前買技嘉mb有送東西 | 記得技嘉前年12月不太好 去年1月很好 | 庫存遲早會消耗完 趁現在股價便宜趕快撿幾顆石頭 | 技嘉很早就開始動作了 | 難怪各大廠都說庫存調整快結束了 | 技嘉是直接不賺那段跑去做工業伺服器，消費型沒太深 | 入-.- | 技嘉問題在於營業利益率到底恢復多少了？Q3 其他兩 | 家都還在3~4%左右，技嘉營業利益率只有1%……Q3技嘉 | EPS會高，完全是靠外匯價差賺的業外收入撐起來的。 | 如果營業利益率還維持在那麼低，營收表現其實沒有太 | 大的意義。 | 石頭快下去 -20% | 庫存消完你eps營收也上不去啦，板卡在疫情前就黃昏 | 產業了 | 看新聞內文石頭好像營收還好但獲利悲觀？等公佈... | 992357 | 技嘉清庫存清很勤阿 一堆有的沒的優惠都很香 | 推文正解 | 看一下上游原物料開始噴，板卡還算便宜 | 技嘉優惠超級香 藝人店組一台超爽的 | 技嘉已經反應了 | 難怪只有技嘉三不五時7900一直有貨，其它兩家能裝 | 死就裝死，微星是直接倒地不起，原來是想等盤子把過 | 期的買完。 | 水 | 技嘉就常常跳水,1. 標題：華碩2357、技嘉2376、微星2377 12月營收 2. 來源：中央社 3. 網址： https://reurl.cc/x1mme4 https://reurl.cc/7j88YQ https://reurl.cc/de33O6 4. 內文： 華碩 2022年12月合併營收 410.13億元 年增 20.74% 技嘉 2022年12月合併營收 87.72億元 年增 14.06% 微星 2022年12月合併營收 122.9億元 年增 20.76% 5. 備註 媽媽咪呀 技嘉居然轉正的 板卡去庫存化要走到末端了嗎？ 是否要利空出盡了？ 
[新聞] 板卡三雄1月業績，微星月增逾7%，華碩度,2023-02-10,10.0,AI只要還能繼續炒就會噴 | 年減也太多 | 華碩噴爆 越爛越噴 | 已反映，看到數據才知道的人慢別人好幾個月 | 標題沒寫到的今天最強 笑死 | 石頭快回到200 | 零售價格有下滑，我也想撿一張卡 | 順利把貨塞給廠商，等廠商收攤準備營收大跳水 | 出貨文 | 小星星去庫存反應最快欸,原文標題：板卡三雄1月業績，微星月增逾7%，華碩度小月，今年營運可望倒吃甘蔗 原文連結： https://reurl.cc/EG84Wv 發布時間：2023年2月10日 週五 上午9:14 記者署名：財訊快報記者王宜弘報導 原文內容： 板卡三雄公告元月業績，儘管在農曆春節工作天數銳減之下，微星(2377)單月營收仍以 131.56億元，較上月成長7.05%，較同期逾200億元的歷史紀錄下滑35.47%；技嘉(2376)則 以單月82.2億元，較上月略減6.3%，年減逾42%。 華碩(2357)方面，1月份的品牌營收為 244.08億元，較上月減少35.46%，較去年同期則下滑38.8%；單月合併營收則為272.94億 元，較上月減少33.45%，較去年同期也衰退達36.75%。 板卡三雄目前庫存去化的狀況順利，微星反應快速，去年庫存從第一季高峰的465.8億元 ，第二、第三季連續兩個季度大幅減少逾34%，第三季底來到306.63億元，為6個季度低點 ；技嘉(2376)至去年第三季也已降到229億元的水位，兩個季度減少30%庫存。 至於華碩，在品牌筆電規模龐大之下，去年庫存高峰落在第二季的逾2172億元，下半年快 馬加鞭去化庫存，預計年底板卡回歸健康，筆電庫存則評估要到今年第二季去化完畢。 受惠輝達(NVIDIA) RTX 40系列顯卡自去年10月份開始陸續推出，加上板卡的庫存提前落 底，新一波的換機潮正式啟動，直到1月RTX 4070顯卡也已上市，同時RTX 40系列的筆電 加入銷售行列，對於板卡三雄的業績注入新動能，預期今年業績可望倒吃甘蔗。 心得/評論： 微星(2377) 一月營收 131.56 億元，月增 7.05%，年增 35.47% 技嘉(2376) 一月營收 82.20 億元，月增 6.30%，年增 42.14% 華碩(2357) 一月營收 272.94 億元，月增 33.45%，年增 36.75% 三大板卡廠在去年Q1高基期下還是年減不少，是利空出盡還是繼續崩崩？ 
[情報] 2357華碩 2月營收,2023-03-09,29.0,一根往_ | 還不錯 看明年全年財報了 | *明天 | 該漲高股息了 | 明天法會還是法說會 看早上的內褲線就知道惹 | 明天法會 | 第四季賠3塊內算華碩贏 | 成本426路過 | 庫存認列損失 不知道多可怕 | 看股價 倉庫那幾千億是真的能全部清光的感覺! | 都不多跌一點 可惡 | 清庫存很簡單 降價就有人買惹 | 華碩過去Q4 認列庫存eps 負過 | 華碩庫存認列過了吧？ | 偷渡笑死 | 庫存塞給廠下游當作沒這回事 | 投信買一大票華碩 | 套在410 | 都十年線了，還要跌多少? | 降價就有人買 但他幾乎沒降啊 | 四百降到兩百怎麼沒降 | 還在住套房中，明天會不會變成法會呢？== | 年減有點少 | 還可以買嗎 | 這檔被套350 宏碁被套28 真的看走眼 但也配了兩年 | 息 就套到贏好了QQ | 當初就是看除下來就10年線 然後就沒動了 | 庫存降價賣還會壓縮營業利益率，營業額高，不一定淨 | 利好。,本年迄今累計營收 去年同期累計營收 累計營收成長率 62148314 83389281 25.47% 112年02月營收 去年同期月營收 月營收成長率 34853830 40233908 13.37% 112年01月營收 去年同期月營收 月營收成長率 27294484 43155373 36.75% MOM:27.7% YOY:13.77% https://mops.twse.com.tw/mops/web/t05sr01_1
[情報] 2357華碩 Q4EPS -5.1,2023-03-10,108.0,"#相信878 | 下週一 一根 | 下去吧！ | 幹那今天是哪個智障在買啊？ | 快陶阿 | 結果一樣把台灣的客人當盤子宰XD | 丸子 | 有沒有便宜筆電_(:3」∠)_ 等特價中 | 大盤大跌 今天還漲給你看石頭的毅力 | 媽的 死不降價 | 今天大漲耶，下禮拜賣的人砍在阿呆谷 | 今天逆勢漲 我還以為全年EPS要飆到30了說 | 快桃rrrr | 跌價損失 何時才降價便宜賣 | 庫存跌價損失? | 丸子 愛的大逃殺 | 可以進了 | 笑死 早就猜到庫存一大堆 今天還有人衝進去 | 禮拜一大逃殺 | 今天追的人應該睡不著了 | 有差嗎? 878把股價買上去了 ETF就是大盤子愛追高 | WOW! | 你們砍多一點我來撿一些起來放 | 難怪噴噴 | 相信西哥 | 已反應 | 今天在漲什麼？ 越爛越噴？ | https://i.imgur.com/wc5QBqk.png | 可以進了。D4又不是很吃硬體，剛好華碩有機會清庫存 | 看來是輸了 | 砍低一點all in 等878幫你抬轎股價 潮爽ㄉ~~ | 華碩也有AI喔 | 利空大漲別說沒提醒 | 等你下來～～ | 華碩發生什麼事情 | 才-這麼一點 噴爆 | 可以預期 | 可憐 禮拜一又要跌停 | 便宜的顯卡 快點降價啊 | 投信買一千多張 | 華碩AI? 系統廠兩年開始緊盯燒錢部門惹 幫QQ | 洗大澡 | 太神啦  顯卡倒進水溝 | 越爛越噴，禮拜一漲定了 | 3060可以賣五千嗎XD | 丸子 | 今天在噴啥！？ | 200收 | 這支 未來電腦 會式微 雲端 跟ai 會風行 | 昨天新聞就說有機會虧損!今天竟然漲!原來是西瓜投信 | 華碩就剩殖利率題材!EPS才19 沒救拉 | ASUS這麼慘還有人幻想GG很好，1台筆電多少晶片是GG | 作的 | 利空出盡噴噴 | COGS跟營收比有點奇怪可能是打庫存的關係 | 下來200 ㄧ堆人也不敢撿 | 越爛越噴 | 下去吧 | 笑死 | 這個不只一根 | 200我會撿 | 噗今天才看到有人喊偷跟好舒服 | 利空出盡 | BBQ啦 | 終於等到了 只怕下不來 | 大促銷到虧錢~ | 200接 快下來 | 下來200給我買 | 台股越爛越噴難怪今天大漲 | 架刀架起來 | 今年殖利率有5%嗎？ | 認列庫存損失吧 | 套在400 | 還好今天有忍住 | 往年股利都能配到七成 所以14來算的話 280差不多5% | 比較尷尬是法說會聽起來 H1依舊不樂觀 | 今年可能更慘... | 4090 五折 | 今天紅的敢買也是厲害 有些是故意的 | 越爛越噴 | 便宜的卡啥時來 | 空手仔不爽你可以空嘛 27X又不是啥高價位 | 原來今天是最後的煙火，塊陶！ | https://i.imgur.com/dttdqXv.jpg | 電腦快降價 | 丸子 | 這些天置底好像看到有些喊進,新手不要看閒聊區 | 剛剛有說 現金股利預計發15元 等董事會通過 | 大家可以回家啦 看樣子股價還是有撐 撿不到便宜 | 股利15喔 | 噴 | 今天拉高沒人會買!忍住的都是差點下去放空的 | 刀子 真的刀子 | 今年上半年續虧 我看全年10元都有問題了 | 上半年繼續虧 禮拜一肯定跳空大跌的 | 大盤在殺石頭在漲，以為有內餡 | 剩小部位靈骨 週一腳底抹油240再回來 | 今天在漲什麼意思的...@@ | 熊2要跌衰退了嗎？ | 靠背也太慘 | 難怪今天這麼噴 | 我還以為大家是覺得它很穩要避風頭o.0 | 大家在賭第三季虧轉盈噴發 | 技嘉、微星小心了。技嘉Q3財報營業利益率才1%，我看 | 在劫難逃…… | 產品真的做太差了 | 2022 ? | XD 看錯",https://reurl.cc/DmAqq5 華碩官網先放資料了 https://i.imgur.com/Bt0P4Gl.png Q4 5.1 2022 19.8 禮拜一要大逃殺了嗎？ 
[情報] 2357 華碩 111年股利分配,2023-03-10,112.0,笑死 | 真的笑死 | 好少 | 笑死…不知道該說什麼 | 看來下週要被免費除息了 | 高股息投信再一力作 | 下去十年線 繼續加碼 | 看到Q4都哭了 股利不重要了 | 丸子 | 太好了 又可以撿石頭 | 恢復疫情前的配息了 | 慘了 | 跟著fj買 | 天選3的規格拿來台灣賣 Q4就不會這麼廢了 | 好慘！ | 陽明表示： | 沒有蛋買華碩以卵擊石 | 天選三台灣也有賣啊電競9萬 | 那種 | 天選4應該也不好賣 對岸的筆電堆料競爭太激烈了 | 會到150嗎 想接 | 免費除息，想來不會只有一次了 | 照往例，看能不能等到180 | 高配息的十年線要打折 | 殖利率5%...結果是878的第一大持股... | 可憐 這不只人年線 崩到230都不意外 | 這個配息股利，下星期真的會完蛋！ | 高價股位階不好判斷 而且我覺得它算ai 受害股喔 | 阿明委屈了 | 連IC設計這種成長股殖利率都比他高 | 不只十年線 | 今天不知道漲什麼碗糕 | 完蛋了 | 殖利率從2010以來都15 上下 現在不甜 | 靠背這三小 | 看到Q 4這樣，Q1會好？ | 先去十年線吧 爛死 | 目標230不錯啊 | 超爛 笑死幹 | 配15又不4賺15 | 才15 | 收盤價 殖利率=15/293=5.12% | 先看前低 | 抱緊處理 | 看來有時候股票拉尾盤真的不要以為有利多 | 配15看2019前的位階 回歸正常罷了 | 10年平均殖利率是6.81，以15元來算，大概220合理價 | 5%勉強接受吧 | 180收 | 殖利率會越來越高 | 星期一 開盤大逃殺 | 崩爛 | 00878成份一堆今年配不好 怎麼高股息??? | 看來去年填不了息了 | 至少半根 | 師傅救我 | 噴 | 今天逃命波 | hen爛 200收 | 八七八殖利率不也就五趴 跟這也差不多阿 | 下來接我QQ | 878還好拉，看隔壁的0056 選了0股利的台玻 | 我今天賣了 | 前幾年都配很爽欸 變小氣 | 快砍ai部門啦 | ai部門員工不知道感激，唉 | AI部門果然營運不好就第一個被抓出來祭旗 可憐哪 | 怕什麼，股利回歸正常而已，2019年以前也發14-15 | 好爛... | 笑死！今天在華碩在噴什麼？ | 00878表示：… | ...... | Q4超爛在漲什麼 | 對現在的股價有5%啊 怎了？ | 早就去十年線躺過了不是XD | 賺19發15，可以了啦，被套的也腳麻了啦 | 我套 350 大學長 配了一次息 | 今天噴月增吧 找個理由的話 | Q4已反應？ 不然在漲什麼 | 噴 向下 | 0 | 天選先把c media 的問題解決好嗎= = | 下看120 | 0股利台玻笑死 | 我之前就警告過你們 庫存認列 eps會負的 還ㄧ堆人 | 笑我 | 他庫存還一千多億 Q1是不是還是負的 你知道嗎 | 00878買一堆 投信買一堆 看要不要鎖一根 | 配15塊 一堆人說至少20 | 270左右買不夠 可以加碼了 | 今年eps會剩多少？ 笑死 | 鎖一根 | 高股息etf買一堆 小心 | 好爛 | 回推很合理 | 快下來 | 有看錯嗎？15還是25？刀子勒 | 不賣就沒有虧                     我是說庫存啦XD | 爛死了 | 差太多了吧，哭哭 | 10元xdddddd | 喔喔15元 | 15呵呵上次42欸 | 廢到笑 250以下收 | 484 00560050這種ETF在撐 | 5x樓昨天喊偷跟好舒服   現在喊救我  呵呵 | 15元可能就是今年預期不太好  下周半根以上吧 | 直接打回2018原形 | https://i.imgur.com/W1rbGSU.jpg | 現金+快200億，算另一個好消息 | 快跌下來 我要加碼 | @soulout 嗯,1. 董事會擬議日期：112/03/10 2. 股利所屬年(季)度：111年 年度 3. 股利所屬期間：111/01/01 至 111/12/31 4. 股東配發內容： (1)盈餘分配之現金股利(元/股)：15.00000000 (2)法定盈餘公積發放之現金(元/股)：0 (3)資本公積發放之現金(元/股)：0 (4)股東配發之現金(股利)總金額(元)：11141404200 (5)盈餘轉增資配股(元/股)：0 (6)法定盈餘公積轉增資配股(元/股)：0 (7)資本公積轉增資配股(元/股)：0 (8)股東配股總股數(股)：0 5. 其他應敘明事項：無 6. 普通股每股面額欄位：新台幣10.0000元 https://mops.twse.com.tw/mops/web/t05sr01_1
[情報] 華碩明媒體報導,2023-03-13,148.0,"一根快打到成本 | 跌Q4太爛，已知 | 現在還有哪家公司沒有喊Q1就是谷底的? | 明天再一根10% | 明天再一根 | 獲利爛 配的也爛 | NV老黃真的狠 自己賺爽爽 伙伴都賠錢 難怪evga大哥 | 都要收掉不做顯卡啦 | 一篇一根 | 一人空10張，空到下市 | AICS | 慘 | SNSV | GG | 子龍真悲壯 | 發澄清打壓自己股價...了不起 | 10根抄底會太早嗎？ | 澄清完明天再一根下去 | 明天繼續跌 | 三月就知道是全年低谷 那~~~~~~麼厲害 | 可憐 | 今天自動除息 | 大家都有內褲線是不是....今天直接跳空一個大缺口 | 再再 | 該拿出小編小刀教訓了 | 關鍵句 仍可能持續虧損 | 10年線不買可以啊 | 我等250再攤 | 再一根真的會進場 | 疫情前也是配15左右，哪裡爛 | 今天撿了一些 再跌繼續攤 | 還原股價拉開來看   會發現還是高點 | 這次的盈餘分配率跟往年比算高了 | 雞本麵涼好 | 應該沒有內褲線才跳空吧 搶著賣 不然高檔就出光光了 | 該轉型賣刀具了 | (╮′_>`)<有必要發重訊嗎 根本此地無銀... | 今天撿了一張（抖 | q3就很爛了不是嗎 靠業外狗住 | 這什麼爛股利政策 | 財報保密的很好的公司,不然投信就不會跳進去買了 | 改賣刀 | 華碩越來越甜惹 | 這支本來就漲過頭 | 200收 | 今年賺的到10元嗎？ | 疫情前15  現在配15 看來要回250了 | 還在騙 | 200收 | 沒救了 | 220進場應該還行...吧QQ | 上禮拜那根漲停買的人不知道多久會解套 | https://i.imgur.com/vTnNgwW.png  以前最高也不只2 | 50，不怕 | 刀子 真的刀子 | 不是 甚麼都沒說明到阿 | 共碩掰 | 華碩每年都有低點可以撿 | 刀子掉下來總會有人接 | 藍鳥是不是買很多 瘋狂洗白 | 看今天跳空塊跌停就知道好不好了 | 小編的刀很厲害 | 連大盤拉上來他也繼續死在9% | 這澄清抓新聞重點等於又提醒 一次 | 有說阿 第一季虧 第二季可能也虧 共體時艱大招要 | 放了嗎 | 覺得不行就空嘛 很簡單的事 | 拉椅子坐 想看大場面 | 不敢預測是對的 | 以卵擊石 | 那你是不是空很多？一直在唱衰 | 師傅說這隻在十年線以下，我等在低一點在買 | c哥 救命 | 200以下再來撿好了 | 天花板跟地板都不會抓，還在講別人洗白。加油好嗎 | 是在講經濟日報給我閉嘴的意思嗎 | 沒啊 每次都看你好激動再一直講華碩很好玩 | 虧損公司,股價2百多 | 我也希望我自己有空 今天直接賺9% 呵呵 | AMD太廢物 N知道自己獨大就不給中間賺 | 翻譯：還沒到谷底底底底底底 | 如果像你講的今天是地板 那今天怎麼拉不起來 | 仍可能持續虧損 | 再跳空不就變高殖利率出給878 ? | 還是法人大戶都是韭菜 沒有跟你想的一樣今天是地板 | 今天大盤拉起來 一堆電子股都從-2.3%拉到翻紅 | 華碩公公紅茶這三家企業性格真的一模一樣，連發言 | 華碩還幾乎收最低 這叫地板？ | 宏基當年打庫存 從105跌到9元 華碩至少跌回200 | 事後仔總是特別大聲 嘻嘻嘻 | 都很像，都很喜歡繞來繞去 | 87再買 | 從上禮拜五就一堆人喊下禮拜一定一根了 應該沒人事 | 後仔吧 | 小編架個刀股價應該就上去了吧？ | 比董事長還大 | 華碩今天除息？ | 不怕 有鋼鐵00878買盤 | 笑死 跌一根就澄清 | 聽說NB庫存很多 | 等GTA6能預購我就買石頭 | 希望有200以下可以買 | 明天再一根 越描越黑 笑死 | 天選四蠻香的可以支持 | 200以下不太可能吧 230很低很低了 | 十年線以下慢慢加碼 | 00878再吹呀 | 今天買了 484接到刀子了 | 過去華碩有遇到像去年今年庫存爆掉情形嗎？ | 沒亮燈好意外 | 華碩去年真的不行啊！宏碁Q4就幾乎恢復庫存水平， | 第二年新產品出爐稍微壓個價石頭還不爽歪歪 | 刀碩從來沒有這麼多的庫存 十年線對稱跌幅!!! | 顯卡、主機版我都只買華碩的 他顯卡賣的不錯阿 | 今天接的刀子比較炫砲 RGB電競小刀 | 同意caity大 就價量和籌碼觀察確實如此 | 是沒人知道四大神壽去年底囤了一堆石頭嗎 | 276的刀子我接了 等事後仔的200攤 | 下去～ | 空到下市 | 明天再一根 不信走著瞧嘻嘻 | 持續虧損不是他講的吧 | 200收 | 腳麻了QQ | 藍鳥大一直喊多，怕.jpg | 股價要落底要等AICS部門沒有繼續被酸 | 今天已經自己除息了 | 沒有良心的企業 | zf9在折2千拜託 | 這說法感覺不是虧的原因 共碩是不是被阿共吃掉公司? | 莫忘上週天天漲 營收事都三月了哪家敢說好的 | 明天跌5%差不多就可以撿便宜了 | 跌慘嚇到嗎 | 顯卡打折賣吧，反正都賠錢了 | 明天繼續打折嗎？ | 今天接刀的....有多少 | 快點空，用力空，我等著接 | 200破 | 每跌一根 我加碼2張 | 慘 | 上禮拜閒聊一堆吹 今天一刀砍到見骨 量大價高股始終 | 沒辦法像量少股靠ptt法人拉了 | 一根還出來講  明天最少在半根 | 都是已知問題 快點跌我要買 | 垃圾共碩早點倒一倒 裡面智障一堆 | 250以下開始攤 | 結果只跌一天 又回271了 果然不會看的人特別愛該 | 講別人瘋狂洗白的又被打臉囉 可憐吶",1.事實發生日:112/03/11 2.公司名稱:華碩電腦股份有限公司 3.與公司關係(請輸入本公司或子公司):本公司 4.相互持股比例:不適用 5.傳播媒體名稱:經濟日報 6.報導內容:112年3月11日新聞報導 展望第2季，由於預期終端整體需求改善，以及通貨夥伴採購調整，華碩估計， 營收將季增10%，但仍可能持續虧損，惟虧損幅度有望明顯收斂。從財務面來看， 華碩預估，今年首季營收將季減15%，是全年營運谷底。 7.發生緣由: 本公司定期於法人說明會報告營運概況及對未來之營業展望，並同步將相關資訊 公告於公開資訊觀測站及本公司網站中，故媒體或投資法人可依相關資訊做評估 及論述，惟本公司並未製作財務預測，相關營收之財務數字請依本公司於公開資 訊觀測站發布之資訊為準。 8.因應措施:公佈澄清訊息於公開資訊觀測站 9.其他應敘明事項:無 https://mops.twse.com.tw/mops/web/t05sr01_1
[新聞] 鉅亨速報 - Factset 最新調查：華碩(235,2023-03-15,27.0,不過分析師還是調升目標價? 看好今年落底明年反彈? | 跟很多半導體公司一樣啊今年都還是虧損 | 只是最壞的情況已經過去了 | 10年線慢慢攤還好吧 | 對啊都已經在十年線了 | 感覺也跌不到哪去 | 有難度哦 去年十月最低價也有223.5 | 照你的要求可能要跌到200以下才能進場了 | 希望跌多一點喔! | 宏達電沒什麼基本面，能拿來跟華碩比較嗎…… | 手機市場越來越難賺 | 華碩也不是靠手機吧 | 只是說獲利下行的電子股，10年線不代表什麼，宏達 | 電是比較極端的例子 | 出貨 | 天上掉下來的刀不要接 | https://i.imgur.com/nIxYsE4.jpg | 以現在來看，是天真還是愚蠢？ | 富士康都要離開大陸市場 華碩還有想靠大陸經濟嗎? | https://i.imgur.com/Or4BCmV.jpg | 碩黑發文了 給尊重 | https://i.imgur.com/Ozelaa7.jpg | https://i.imgur.com/hlZ3AWQ.jpg | 華碩現在跟當時宏碁是不是有點像，今天本來就是反 | 彈日，有彈起來嗎 | 上一個要拼市占的下場 | 我都買華碩電子產品，200左右進場支持一下,原文標題： 鉅亨速報 Factset 最新調查：華碩(2357TW)目標價調升至233元，幅度約3.56% 原文連結： https://m.cnyes.com/news/id/5115274 發布時間： 2023/03/14 17:10 記者署名： 鉅亨網新聞中心 原文內容： 台股市場預估目標價 根據FactSet最新調查，共12位分析師，對華碩(2357TW)提出目標價估值：中位數由225元 上修至233元，調升幅度3.56%。其中最高估值293元，最低估值160元。 綜合評級 共有12位分析師給予華碩(2357TW)評價：積極樂觀0位、保持中立6位、保守悲 觀6位。 華碩(2357TW)今(14日)收盤價為261元。近5日股價下跌7.16%，相關電腦及週設類指數近5 日下跌1.18%，台灣加權指數下跌1.29%，短期股價無明顯表現。 心得/評論： 根據法會內容，第一季虧損未知，第二季小虧，第三季不知道（居然把618促銷當作浮木） 預計會打庫存200億，上半年才有機會打完，所以第一季跟去年第4季同？ 根據公司預期第二季會小賠，所以認列庫存損失還沒打消完畢？ 就算上半年度真的打消庫存，其他存貨還是賠錢，今年賺錢機會渺茫。 華碩對未來展望積極擴張，如果第三季後需求沒上來，不就連明年繼續虧損？ 解封後各大廠都在採煞車了，只有華碩還在增庫存，毛利差做越多只會賠越多。 法說會完全沒聽到要如何提升毛利率，很難想像一家公司營收增加，毛利減少虧損還不知道 採煞車，都觸礁還加油門，真的令人失望。 看好年底，那表示今年什麼都看不到，年底還是未知 以殖利率來看電子股值得買進至少要7%，配15元合理目標價，現在根本不是買點，明年配的 可能更少 今年是回收資金年，加上沒未來，會不會破200，很有可能，低點是拿來破的，宏達電10年 線也沒什麼作用 要買也是8月季報出來看虧損止住了沒再買，現在外資還有42%，賣起來也不會管虧損的。 法說會有說，手機不會賺錢 不只沒跑，佔比還大幅提升，中美戰如果再提升，不知道會不會受災 https://i.imgur.com/sZtScNa.jpg
[標的] 2357華碩 總統銷庫存多,2023-04-04,67.0,貝佐斯那麼有錢 稀罕幾台破筆電 | 說不定送藍天 | 欸蛇： | 一千多億庫存怎麼消的啊？ | 貝里斯...... | 硬要談政治 | 套在350 | 誇張 | 其實是HP | 貝卡斯？ | https://i.imgur.com/PDlDfJ8.jpg ？ | 5000台 離譜 | 不知牌子硬扯華碩，實在毋湯 | 5000台應該也是賣不出去的那種拉 | 無聊 | 貝佐斯都有火箭了 | 套在270 995 | 穿鑿附會 就是用在這種情況 | 供殺洨 | 矕薛賳瞗A 這段是啥？ 已看閒聊明牌進場 趕快買起來 | 99刀碩 | 其實送的是 蛇蛇 | 奇怪你幹嘛硬扯華碩？ | 台灣沒有那麼多邦交國可以送 | 要清也是清宏碁的破爛，華碩俄羅斯搶著要，會給總 | 統嗎 | 現在發廢文都這麼沒梗了嗎? | 才5000，是很多歐 | 貝佐斯會缺5000台筆電嗎 | 乞丐國家嗎 | 貝佐斯有在缺這個東西的嗎XDD | 歐貝利斯克的巨神兵 | 送一千次庫存就沒了，讚啦！！ | 5000台似乎不是很多耶 | 等筆電特價我再買 | 反正不可能送倫飛電腦 | https://www.rti.org.tw/news/view/id/2163939 | 看新聞稿照片真的是刀碩 噴 | 這麼高調被小粉紅拿來作文章 中國市場大利空 | HTC Flyer平板 送光了嗎 | 貝佐斯都有千年眼了 | 政府採購其實沒很好賺 | 送貝佐斯是要當鍋墊？ | 怎麼沒送50000台手機 | 拿老庫存做外交 也算雙贏 | 送石頭，金石為開 | 笑死 國內清寒學生不送 送國外那麼大筆的 到時斷交 | 就好笑了 | 不如送我好了 最近看上ROG STRIX G18 很香 | 維修很麻煩 | 怎麼不順便送點巨大自行車 | 台灣學生？自己想辦法 | 台灣經濟好 人人買的起 不用送 | 錢都花不完還免費收筆電，真貪 | 好像有人不太懂政府外交。那些撒出去的不管是貸款 | 還是商品，政府並沒有付錢給企業阿，就是企業「自願 | ｣配合政策而已..還以為大家都知道這種事 | 巨大的腳踏車也請多送一些，幫清庫存，謝謝 | 庫存是送給政府，可以抵稅  但政府不會給錢 | 決鬥吧！華碩boy | 有趣有趣 | 我覺得不行 | 我才剛從亞馬遜買8000元的筆電… | 送貝佐斯筆電是瞧不起貝佐斯？ | 就算低價也是清庫存了 | 石頭喔，嗯～這價位…,1. 標的：2357華碩 2. 分類：多 3. 分析/正文： 昨天總統送了貝佐斯5000台筆電。 根本就是政府幫忙清庫存順便做外交。 新聞沒說這5000台的廠牌， 但就算不是華碩，政府增加筆電的市場需求倒是滿明確的。 22/Q2結餘兩千多億庫存，一路降到一千多億了。 5000台好歹也要一億吧， 多送幾個國家就多清好幾億了。 更重要的是政府釋放出幫清庫存的消息面。 另外，23/Q1Q2會虧損這件事， 三月中股價已反應。 4. 進退場機制：長期投資，現在算相對低點了。 
[標的] 2357.tw 華碩 ROG Ally討論,2023-04-10,75.0,"看一下國內Steam Deck銷量，別太樂觀。 | 股價沒動 | 小眾產品 對股價幫助不大吧 | 這市場量那麼小 沒什麼影響力 | 華碩股本很大耶 這些小產品影響不了獲利的 | 大概率是電子垃圾 | 小眾商品沒啥幫助 | 搭windows系統可能又是幫微軟XGP+雲端遊戲打頭陣 | 老任微微一笑 | 價格極具競爭力 光掛上ROG 就不可能價格能跟steam比 | 價格大概是對標aya neo為主 理論上對營收幫助很小 | 但會不會炒一波股價就不知道了 說不定真的炒得動 | Steam做硬體他利潤可以少甚至賠本當作服務客戶從遊 | 戲那邊賺回來，華碩做這個還說價格很有競爭力，怎 | 麼賺錢？ | 感覺會是電子垃圾 | 華碩反應超慢的 你看營收成長後買都來的及 | 這種東西賣的再好也賣不了幾台賺不了多少 | 而且valve做這個目的也不是靠賣硬體賺比較算是為了 | 玩家 他硬體完全打平也沒差 上面遊戲他每一個都抽 | 三成 | 價錢和續航出來再說吧 這也算是小眾市場 | 賣信仰的吧 | 拼成本死路一條 | 任天堂表示:他們在爭啥？ | 誰要買  switch都玩不完 | 電競筆電都比這有意義 | eee pc 2.0 | 還不是賠錢貨 | 價格絕不會steam 對手 | 這營收占比都一點點啦 華碩業務這麼大 | 何況肯定贏不了Steamdeck | 加入元宇宙和ai可能就會噴了 | 手機都變the others了 掌機不看好 | 救救00878第一大持股。5%權重 | 曠野2快出了，誰要這塊垃圾？ | 規格開那高 續航不知道行不行 | Switch 昨天玩all you can eat都lag到不行 啥垃圾 | 賣1億台的垃圾 別再買了我想要新機啊 | 除了任天堂三本柱以外 都不在意流暢度吧 | steam 又不靠硬體賺錢 | 現在都要有自己的生態鏈才能存活了 | steam這個就G胖的玩具 小眾中的小眾 | 遊戲主機通常是賠錢的，平台再從遊戲賺回來。 | ns垃圾掌機玩得下去也是厲害了 | 特點一個是沒有IOdie+4nm，期待續航，一個是當小主 | 機 | 大概還是有遊戲平台的支持微軟steam 吧 | 直接競爭對手應該是ayaneo等小廠吧 | STEAM至少單一產品會維護更新，華碩就… | 這種東西看的是遊戲的支援度吧，比不過本家的 | AMD APU+steam，遊戲支援度應該是還行吧 | 怕的是硬體支援度吧，AMD驅動可是有名的X | 掌機要看遊戲 ROG有什麼特別的？ | 看手機吧 | 這意義可大了  代表win掌機時代要來臨了  不要小看 | 這可是最近的製程演進才達到一個階段性 | 能灌win代表所有pc game都支援  steam epic , pc g | ame pass | 你看ayaneo 2的效能  還是用6nm的  之後4nm 3nm的a | pu只會更省電  只要能做到15w功耗能跑3A遊戲  基本 | 上就達到實用階段  接個螢幕鍵鼠還能替代電腦使用 | 拿這個跟switch比的是不熟遊戲的人吧  你switch玩 | 王國之淚  win掌機可以玩re4 d4 cod等遊戲  連ps的 | 戰神 蜘蛛人都有 | 這家看到別人做什麼就想跟風 但是又搶不到市占率 | 沒有刀可是沒人會買單的 | Steamdeck本體是軟體 華碩沒有比拼的地方吧 | 就是個笑話 | 如果效能夠強我真的想買 | 一堆遊戲買完回家根本沒時間玩 | 華碩的rog毛利很高的  信仰之眼 | 效能功耗夠強  我也想買 | 開放越獄 整機移植steamdeck這樣 | 會買的報個數",1. 標的：2357 華碩 2. 分類：討論/心得 3. 分析/正文： ASUS 挑了4/1 愚人節公布掌上PC遊戲機ROG Ally， 打算強碰目前掌上PC遊戲機霸主Valve Steam Deck YouTuber Dave2D 給予很高評價。 影片觀看次數135萬 目前幾個重點 1. 掌上PC遊戲機市場一年1.6M台 2. Ally效能為Steam deck 2倍 3. Ally風扇聲極低，產品照出現力致(3483) FCN風扇 4. 螢幕120Hz 5.ASUS透露價格極具競爭力 6.美國電子通路Bestbuy已確定販售，展現價格有信心得到客戶認同。 7. SSD 為 WD，代工廠可能廣明或金寶 各位覺得有看頭嗎？ 1.6M目前都Steam Deck吃掉，若能吃到3成高端市場量感覺也很大。 華碩4/21 新筆電發表會，觀看有抽獎 華碩4/13 ROG Phone 7 發佈。 最近題材好像不少。 參考圖片： https://i.imgur.com/BWwEIMC.jpg https://i.imgur.com/KE0vsMy.jpg 筆電發佈會連結： http://asus.click/thincredible_pr 4. 進退場機制： Sent from BePTT
[情報] 2357 華碩 112年3月,2023-04-10,29.0,月減年減，樓下推明天噴 | 明天吃噴 | 一樓到底哪裡月減年減？還是你比較想吃 | 庫存概念股 | 一樓？？？ | 師父救我 | 該漲了吧 要除息了 雖然老衲成本24x | 月減三小 | 還不是靠878 | 之前一堆人說會跌到200~250 快笑死 | 樓上聰明 | 上禮拜減了一張 都跟死魚一樣該噴出去了吧 | 878天天買阿 | 跟挖礦潮比起來只差10% 不錯了吧 | 噴爆 | 酸民繼續看衰 | 有沒有可能是降價銷庫存所以營收衝高 | 去庫存概念股 月k拉出來看一下 買進來這位階放著配 | 加減賺 | 之前一個跳空跌趕跑一堆人XD | 十年線以下蹲看看吧 H1應該還是部分認庫存 期待H2 | 這隻不錯啊，靠他賺不少XD | 越爛越噴 | 長期持股部位 GG發哥 華碩 誠實樹 我就問怎麼輸 | 世界品牌跌了 不買只會後悔 | 石頭賣越多賠越多，公司都說會虧損了 | 單位 | 一樓這樣該看腦科還是眼科？ | fj看好H2 可以續抱惹,本年迄今累計營收 去年同期累計營收 累計營收成長率 111397836 138422740 19.52% 112年03月營收 去年同期月營收 月營收成長率 49249522 55033459 10.51% 112年02月營收 去年同期月營收 月營收成長率 34853830 40233908 13.37% https://mops.twse.com.tw/mops/web/t146sb05 MOM:41.3% YOY:10.51%
[新聞]   華碩今年首季續虧 每股虧損2.3元,2023-05-12,200.0,以卵擊石! | 庫存打完沒? 阿不重要反正878會繼續買 | 丸子 | 好像不是很EY | 看每次開都大跌量縮之後股價又慢慢被買上去 | 這....生意還沒上來 | 下去探親吧 | 員工沒分紅了 | 跌了就撿 等878幫抬轎就好 | 我就知道是你 又是你 你最爛 | 又要下去了？ | 這樣宏碁Q1賺錢算不錯？@@ | 虧錢正常 | 為啥其他PC都止穩向上了還在虧? | 庫存塞爆?? | 越爛越噴 | 878救了車上的信徒 | 百萬存股族才不會管 只會一直尻 | 折讓砍庫存 | 878最大的成分股出事了 | 反正公司只要說庫存預計很快會打完 法人就買單了 | 刀不夠多 | 太貴了 下來 | 廣達噴爆，華碩爛爆???奇怪了 | 庫存大概還一堆吧，而且價位逐漸撐不住了吧 | 不要接刀 | 雙A庫存雙雄不是喊假的 | 呵 | 噴~~~ | 被2個youtuber噴 下季看起來會更慘 | 878快99石頭 | 星期一應該會往下...感覺負的是有點超乎預期 | 878很難換吧，畢竟石頭就是長期好存股標的 | https://youtu.be/y3-4FgTmGIQ | 華碩換了執行長就不行了 | 還好有878保護著大家 早說etf是台股保護傘~嘻嘻 | Q1都過去事了 之前法說早就說Q1虧錢了 後照鏡開車 | ETF根本不怕好嗎 | 有人先知道，從週三290以上被賣下來了 | 十年線可以撿到爽了 開心 | 跌起來跌起來我要撿878 | 新題材可以炒一下，虧損那個早知道了 | 上次快跌停撿都補回來了 easy | HTC本業虧10年了 還不是好端端 | 100收 | 今天又被兩個大YTer diss了，我就看是不是真的中國 | 市場能撐得起你敗人品的速度 | 噴 | 250叫我 | 死不降價 | 法說說過的早就沒驚訝 | Q3Q4 由虧轉盈 噴 | Fu糗 | 看到疫情期間大量徵人就知道慘了 | https://i.imgur.com/IP3NRGk.gif | 200收 | 連虧兩季股價還有$280！？天理何在？！ | 好好笑 878愛股都爆炸。開發金 華碩 台泥。看你明年 | 怎麼配 | https://youtu.be/wZ-QVOKGVyM | 等不到250阿 | 慘 | https://youtu.be/cbGfc-JBxlY | 開低走高復製緯創 | 刀子架起來 | 都是熱騰騰的在燒呢 reddit 也在燒 笑死 | 878平準金就配爆了怕你成分股喔 | 越虧股價越高 | 不意外 整批庫存當廢料賣給回收廠 當然虧爆 | 878沒差吧 會有一堆小白被阿格力叫去接刀 | 買一堆左手配右手 還不如美元定存 | 長榮好委屈 | ........也太多 | 愈爛愈噴 | A和I爸爸都倒了 Asus好孝順^^ | 每次大跌之後878都會慢慢買上去 等他跌完槓桿買進去 | 我幫消了一張庫存的3060ti | 我害的 手機我還在用ZenFone 5Z | 878買華碩做自己績效260-290 | 緯創給你看了 | 對吼 這樣華碩也變成虧轉盈概念股 | 股價什麼時候下山啦 這才叫不合理吧 | 反正華碩量少 878買上去就可以繼續龐式騙局 | 丸子 | 庫存不降價，下一季繼續岌岌可危 | 上次260有撿 這次還有機會撿嗎 | 趁每次跌到量縮整理之後買進去給878抬轎漲了慢慢出 | 每次開獎前先賣掉看EPS有沒有改善 | 所以子龍牌庫存要降價了嗎 | 華碩可以開始留意了，虧損是來自於結清對上游的應 | 付款，屬於正在打銷虧損的過程 | 清庫存..下半年復甦..878加持!!!笑死 | 要虧轉盈了 噴爆 | 哈哈 | 華碩才佔5% 又不是0050的台積電45% | 越爛越噴 | 華碩品質 一文不值 | 爛，這種財報股價還比長榮高？ | 275 蹲到腳麻了 QQ | 架刀 | 明天漲停 | 又要噴 | 島 | 長榮真是佛心的股價 | 拿刀挟持一下 說不定就開始轉了 | 要噴了 | 可憐哪 | G本麵 嘻嘻 | 看起來廣達真的強 打完庫存還可以開1.6 | 華碩比較強 前年賺到爛 | 去年q4 -5.15 還有19.78 | 賺錢的崩賠錢的噴 | 現在已經變成持家之眼了 還敢宰台灣人R | 雖然今天有買一點 | 台商ㄧ直都很壓榨勞工 台灣人為富不仁 可悲 只要是 | 人就該被好好對待 吃飽穿暖有地方住 這些最 基本的 | 需求每年收幾兆稅的政府都做不到 台灣人民真 的很 | 可悲 要馬同流合汙 要不要就事不關己 等到自己 受 | 報倒霉 才知道欲哭無淚 | 蹲得越低 腳就越麻 995 | c...f...9...9... | 十年線慢慢撿 | 華碩這麼爛了喔 | 沒事 台股不看基本麵 | 反映完了吧 | 力積電委屈了 | 虧損減少，噴，等虧轉盈賣掉賺錢好簡單，你會我會法 | 人會，到底誰會賠錢？ | 怎麼會拿廣達跟華碩比 | 如果有跌到十年線以後就開始慢慢接 | HTC 2.0 | 普普通通惹 | 難怪超級賣 | 庫存還要好幾季 科科 | 華碩現在美國不太妙的感覺耶？不處理一下嗎 | 真爛！ | 沒Fu糗 | 還在去庫存？ | 想低撿的真的觀察一下歐美那邊燒得如何再說 | 被刀砍到了吧 | 好啦下個月買台ROG Ally 幫忙一下 | 又公關危機== 丸子 | AsRock 哈哈 | 遭到國外網民炎上惹 | 出包又甩鍋準備滑價 | 神操作 看公司會不會道歉 | 感覺其實asus也沒做錯啊 你只要開預設就不會電壓上 | 到1.3V 為啥這youtuber一直要開 阿就現階段有問題 | 啊 是不會等一下喔 更新一個小補丁先救急 然後再跟 | AMD一起解決問題啊 這youtuber是在急什麼 | 股價很猛跌不下去 | 喔靠 asus還真的跟補丁一起說超頻就破保固？ | 神經病啊 大家花多少錢買你的主機板 就是要超頻 然 | 後你現在公啥小 asus公關到底懂不懂 | 是只有國中畢業？一個多少錢的主機板 然後你說這動 | 作視為超頻就破保 拜託你別亂用英文好嗎？ 超頻會 | 怎樣嗎？ | 花那麼多錢買主機板 當然就是喜歡超頻一下啊 公啥 | 小啊 | 這根本就是公關失敗 講幹話 一大堆提醒聲明說開啟e | xpo會被認為是超頻然後破保 有病是嗎 直接說現階段 | 有問題 之後解決就好了 欸拜託expo也不是多麼操吧 | ？ 怎麼才打開電壓就上1.4V | 我知道是要保護顧客的產品 所以很多提醒 但你怎麼 | 一直用喪失保固來威脅人家 這是一個超貴的主機板 | 本該有的功能 然後你現在說開啟這功能會喪失保固 | 有病啊 直接說現階段這功能有問題不要開就好了 一 | 直威脅人家幹嘛 | 厚厚 踢皮球給AMD | 真正的問題不是出問題的主機板 真正問題是Asus回應 | 這問題的方法和內容 | 真的很無言看看下面留言 你要beta更新嗎？保護你的 | 主機板cpu喔 但是會破保喔 公啥小啊這Asus是不是壞 | 掉了啊 | 哇靠咧這比刀碩影響台灣還大 | 華碩公關真的可以捲鋪蓋回家了 我真的沒見過一個宣 | 傳部門 可以溝通到整個國際社群反感到如此地步 | 出事了 解決問題 啊你竟然是一直威脅人家 就算解決 | 問題了 顧客在這其中觀感還是下降的 哪有人這樣回 | 應的 的確可能是沒和AMD達成共識 但如此失去專業 | 還6D咧笑死 麻煩叫工程師自己來打回覆 不要經由3c | 白癡回覆好嗎？  小編根本是豬隊友吧？ | 股價趕快下來我想買 | 昨天288就下車了，還好有小賺8000 | 又被小編拿刀架在脖子上嗎？還比Acer高，沒關係，哈 | 爛透了，今天整年真的能賺錢嗎？週一先認賠自砍嗚 | 有一根嗎 | 下去吧 | 股價爛成這樣 還下去 有在看嗎 早已反應 現在要看 | 庫存去化的結果 | 共碩不意外 中國經濟爛整個下來 | 哈哈哈開快漲停 前幾樓再吹啊 庫存水位？ | 186樓今天開盤自砍了嗎？回頭看真的一堆韭菜，庫存 | 降到1100億已經是完全回到正常水平了，之後就不用降 | 價砍毛利了 | 華碩 庫存去化差不多了 這一噴 打臉整串 笑死 | 沒，26x跟27x今天一早在300多就趕快下車了，開盤掛 | 前1300張的跌停是怎樣，嚇死人 | *開盤前* | 舒服,原文標題： 華碩今年首季續虧 每股虧損2.3元 原文連結： https://udn.com/news/amp/story/7240/7161222 發布時間： 20230512 15:52 記者署名： 記者吳凱中 原文內容： PC品牌大廠華碩（2357）今（12）日下午即將舉行法說會，會前公布今年首季財報，營益率 為負3.6%， 稅後虧損16.82億元 ，較上一季度虧損幅度縮減，表現符合預期，每股虧損2.3元 。展望後市，華碩預估，第2季PC業務營收季增20%，零組件業務則季減5%。 華碩今年首季品牌營收1023.76億元，季減13%、年減20%，毛利率8.1%，季減0.1個百分點 、年減10.6個百分點，營益率負3.6%，前一季度為負4.2%，去年首季為7.9%，稅後虧損16.8 2億元，較上一季度虧損幅度縮減，每股虧損2.3元。 心得/評論： 果然又賠錢了，第二季看來也是賠錢，零組件還在季減，明年股利配發可以預計會很慘。 外資對於業績爛的特別喜歡，說不定看到3年後業績大爆發，大買。 補充： 存貨方面，截至第一季 1158.45 億元，季減 5%，年減 40%， 存貨週轉天數下降至 108 天 ，庫存狀況持續消化，目前存貨管理已達到穩定狀態； 業外收益 17 億元，其中包含 4.8 億元利息收入、匯兌利益 9.9 億元 。 華碩表示，歐洲、美國各大市場都還是相對保守，亞太市場週期會延後歐美市場一季，還在 低谷調整期，沒有看到明顯動能；中國市場期望解封後需求回溫，但 目前並未真正回溫 ，當 地通路觀察 618 檔期的需求。 首季底存貨水位已降至1158.45億元
[新聞] 華碩「燒CPU」不保固遭批卸責 國外網紅,2023-05-15,233.0,"明天準備吃黑棒吧 | 華碩品質 | 煎若 | 禮拜五剛送修，主板壞掉 | 處理方式根本搬石頭砸自己腳@@ | 坐等大黑K 跌完量縮槓桿買進等ETF買上去 | 丸子 救救275T | 無聊 華碩又不缺你們這幾個客人 | 在台灣這樣搞ok 在國外你試試看 你還真的試？ | 看戲 幾個百萬級的YT到底可以燒掉幾塊錢 | 電蝦那幾篇提到的YT都很大吧 華碩這樣處理OK嗎? | 好了啦 星宇興富發有跌爛嗎 嘻嘻 | 200收 | 岩燒料理？很久沒吃了QQ | 網紅是造出來的 | 以卵擊石 | AM5的問題不是雞排也燒 子龍的問題不是新BIOS說不保 | 00878第一持股 下去吧 | 這種處理方法也是大開眼界 | 煎肉盤石 | 刀碩事件沒下去，這也不會吧== | 如果是自己超頻的 是要保固啥 | 反正三家大廠都應這次的燒版事件出新BIOS做應對 | 國外沒有門神，GG | 刀碩只有小粉紅跟小粉綠在玩，跟這怎麼比 | 還好現在都買Msi了 | 一堆持刀之眼迷表示：看不到 | 想太多了吧，rog ally,熱賣呢。 | 泥可以降價~ | 煎若磐石？ | 推文小心 | 越摳越省成本 噴 | google:華碩副總親自面試 | 笑死，還在測試就拿出來賣喔，刀碩在公三小？ | 鬼故事出來了。先誘空在嘎爆尼們嘻嘻 | 不保固 利多 噴爆！ | 哦！原來這麼受注目！ | CPU怎麼找共碩要保固？ | 大利多 | 今天跌停 | 免賠 利多 噴 | 煎弱盤子 | 無所謂 不差你們；吃中國市場就夠了ㄏ | 完蛋刀子又要出來了 | 這新聞寫的沒頭沒尾的，也不知道是不是超頻，不具 | 參考價值 | 就是測試版bios超頻發爐凹保固 | 他們的說法 買你高階板子就是為了超頻 | 連廣告都不會 | 笑死，超頻還要凹保固 | 想太多了，台股怎麼可能因為這種事跌多少 | 前陣子買了一台華碩筆電37800元,關機中每天會自動 | 耗電4%，寄回去檢修兩個月了，到現在還找不出原因 | 太扯了吧！補丁不保固？ | 既然還在測試階段就不應該釋出給使用者吧 | 網紅就找出CPU燒掉的原因是 供應電流超過CPU標準咩 | 然後 BIOS更新修正 竟然自認修成版還未完成 要免責 | 當然被幹譙阿 急著解決問題 修正版本還沒弄好就放出 | 當然啦 我不玩電腦超頻 不知道超頻是否影響保固 | 但是 主機板供電超過標準 就是問題點 無庸置疑阿 | 已經很久不買華碩的產品了=.= | 全部的測試版都有免責條款 不過這次刀碩也跪了 其 | 他的免責還在 只有這塊發爐版免責拿掉 利空一根 | 但敲破了要煎熟啊，合理 | 系統測試版還敢賣人？下去缸好而已 | 一定都是BOYS的錯 | 華碩爛死 | 越燒越旺，往歷史新高前進 | 石頭燒板好吃嗎 | 公關災難 | 怎麼前幾天看到的新聞是說超頻？先不評論xdd | 沒錯啊 超頻引起CPU燒毀 只是被發現原因是供電過高 | CPU都有技術規格 供電過高 就不該了 更不該的是後續 | 買過華碩NB跟手機，從此不再買 | 搞小動作被網紅抓包 那就會影響公司形象的 | 供電過高問題真的不應發生，規格都是計算過的 | 網紅誰啊，很重要嗎~嘻嘻 | 碩黑產業鏈開始了 | 這有點厲害 | 以前準系統用四年壞掉，再換一台結果兩年掛掉。從 | 此直接換蘋果！ | 大黑棒招待 | 家裡有一台A蛇桌機，用了10年，最近才換硬碟 | 打線上遊戲還很順，看來A蛇比較勇 | 省成本 | 華碩只有ROG系列可以買 | 架刀一下 沒事兒沒事兒 | 以卵擊石 | 華碩真正的價值，在於開發中國家也買的起，保固誰c | are | 石頭砸石頭腳 | 這次組電腦全部閃過燒碩的產品 | 石頭讚讚讚 | 網紅重要嗎？ 反正號召來的也是CP狂魔 保固用好用滿 | 洗掉一堆魔人 保固合約負債搞不好還下降XD | 預設燒還是玩家自己超頻燒？ | 華碩BIOS電壓比其他MG二家高，然後趕著放測試版bio | s上去，問題沒解決還說不保固，被罵正常 | 降壓降頻不好嗎？低溫又省電 | 華碩品質 | 刀碩不意外  自從默認國際上中國小編話語權凌駕台灣 | 總部  就是bypass牌了 | 公司無良就是會賺錢就是會漲 | 噴 | 噴爛 | 華碩BIOS的Vsoc在開啟EXPO會電壓會到1.3xV，MG二家 | 1.2xV左右，還有OCP設定也出包，但G排在更新BIOS， | 電壓也飆到1.3xV多燒毀，MSI阿之 | 連本業主機板都搞不好是還能幹啥 | 還有JayzTwoCents國外這位也罵華碩主機版保固送修 | ，幾次送修換主機版都沒修好，拒絕跟華碩合作，英 | 國一家KitGuru評測也開罵，但他罵的點是收華碩錢辦 | 事評測還不給正面評價，是業配還是評測？ | 然後暴漲 | 我笑死 結果+7% | 哈哈哈開快漲停欸 | 前面幾樓看新聞作股票的整串黑掉 | 微軟：我們從不保證用戶安裝更新之後都沒問題，但我 | 們不會為此負責 | 記住前面幾樓ID以後發大財就靠它們了 | 笑死 rog 阿里熱賣呢 | https://i.imgur.com/qkqgP5e.jpg | 不然你要買技嘉嗎 | 笑死有夠反 | 越爛越噴, 我相信了 | 結果漲六趴 | 以股東權益來說  有保固才會一根綠棒 | ～越　～燒　～　越～　旺　～ | 301.5  +20 | 笑死 直接噴上去 | 刀碩噴出 XDD | 笑死 | 股版真的反指標無誤 | 不會真的有人看新聞做股票吧 | 燃燒PTT法人空軍笑鼠 | 廣告等跟你講了，華X品質，以卵擊石了。 | 一直拿花邊新聞自以為很重要 | 要嘎了嗎 | 越爛越噴 笑死 | 這網紅代言費是不是超貴啊… | 網紅跟貓或狗一樣多 台股誰認識國外的網紅 | 沒有低的可以接了~~~NOOO  刀碩開割外國人! | 是誰說一根的？真的一根欸 | 別讓黨不開心蛙 真的一根 | 電蝦笑死 一堆人把網紅測評當聖旨XD CP魔人滾 | asus喝了htc的口水了嗎? XDDD | 難怪一開始買主機版送降噪耳機 原來是要補償客戶 | 華碩筆電我是不買 爛售後服務 | 發爐了 | 這都能漲太潮了 | 笑死 阿怎麼快漲停了 | 原來是請網紅廣告阿 | 哇靠   明燈阿 | 笑死 都快漲停了 | 一直喊開盤空害人的要道歉嗎 | Fu糗 | 結果噴爛 | 漲爆了！有消息走漏？ | 不保固是利多呀，跟裁員一樣節省公司支出 | 準備專虧為贏，一定是法人拉抬！ | 笑死  閱覽越噴 | 差點漲停 fu糗 | 這類維修問題，對板卡廠根本沒啥影響。  之前4090發 | 爐事件也是，想說搞不好要召回產品，結果一點影響都 | 沒有，股價繼續一路向上飆。 | 網紅直接燒到股價上天 | 原來這篇是冥燈 | 小二來瓶燒刀子 | ROG Ally 大勝國外網紅 | 明天往下一根，不要不信 | 法務熱身中 | 結果今天+8%是三小 | 越爛越噴 不要不信 | 找消費者當QA？ | 主機板就這幾家 如果台灣全部一起不保固 世界上他們 | 還有主機板用嗎 | XD | 沒事啦 股價也跟著燒了 | 燒起來不保固才能重複賣 大利多 | 煎肉板子 | 越爛越噴 | 越爛越噴 世界奇觀 | 所以今天漲這個？ | 不負責 = 公司賺錢 = 股價噴 | 測試也敢拿出來賣 | 少了網紅代言費...噴 | 笑死，我買了四顆XT12路由器，FW有BUG到這個月都還 | 沒有新的正式版FW，垃圾一樣的軟體系統廠 | 少了業配費 噴 | 省代言費 省保固成本 原來是這樣!!!!!! | 主板燒了還能強迫換新!! | 燒刀子，好喝 | 漲爛  發生什麼魔術 | 不出保固 費用降低 股東利多 毫不難懂 | 華碩股價,堅若磐石!!! | 阿怎麼噴爛了 | 翻譯: 我想提高代言費 | 還在測試的系統是可以拿出來賣錢的嗎？ | 廣達拉上去 大盤就上去了啦 | 回錯文章 燒碩 噴 | 了不起 負責!! | 笑死 不知道哪請來的公關 以為這樣寫可以免責 | 噴爆 | 銷售火熱 | 把空軍當燃料燒了 | 不給出保跟節省YT公關費用是大利多 XDD | 貼文的人想空喔？ RIP | 以為貼這種文可以幫到你空單喔 笑死 嘎爛你 | 華碩的財務槓桿很特別，只能說不要不信邪 | 台灣公司跟外商差最多就是品保…心態不對 | 還好沒買刀碩 | XDD噴爛 | 笑死 燒燒！！ | 燃燒空軍XD | 燒gpu加速去庫存 噴 | 冥燈id海釣場 | 感覺快HTC化了 | 漲爆 | 石頭品質 堅若磐石 | 一般玩超頻玩壞會保固嗎？ | 噴這一根 應該把今年漲幅漲完了吧 | 這新聞跟股還越燒越旺啊 | 哇靠原來是燒空軍啊 | 這幾年真的對華碩失望！手機爛，筆電CP值也低 | 槓 股板壞人多 ptt一面倒罵成這樣居然噴7% | 反指標… | 不保固就是保障股東，噴 | …我早上看到還很開心跑去要掛單 結果一回頭跌停變 | 漲停= = | X碩：豪火滅卻 | 筆電CP低那是台灣特別盤  你去海外買全球保CP就高了 | 技嘉會噴 | 以卵擊石",原文標題： 華碩燒CPU不保固遭批卸責 國外網紅怒：不再代言 原文連結： https://tinyurl.com/2f3tkhj9 發布時間： 2023年5月14日 週日 下午8:22 記者署名： 無 原文內容： 最近電玩界，討論度很高的話題，華碩的電腦主機板加上內部系統運作，可能導致電壓過 高，進而讓主機板過度發熱，或者燒毀，華碩也隨後推出更新版系統，想解決問題，但是 附註聲明卻寫著，系統還在測試階段，如果造成主機板損毀，華碩不會給予保固，讓國外 玩家炸鍋，不滿華碩的處理態度，說以後再也不代言華碩任何產品。 心得/評論： 不要再叫刀碩 請正名 燒碩 奇怪 燒碩不是靠主機板起家的嗎? 也正是公司主力產品 跟那種燒錢 只能靠其他部門養的部門不同 怎會搞到今天這般地步? 下一次可能就爆炸了 主機板弄到會爆炸是不允許的 不過念在你燒碩有創意 夠噱頭 還有五分鐘 再做一個吧 系統還在測試階段，如果造成主機板損毀，燒碩不會給予保固 笑死 這是哪門子的處理態度? 把老外當盤子? 
[標的] 2357 華碩到底在漲什麼啊,2023-05-18,152.0,"看看庫存阿 | 就問你股票是買過去現在還是未來？稍微思考一下應 | 該就有答案了 | 華碩的未來是那個臺灣chatgpt嗎 哈哈 | 燒 | 烙賽發不出股利又如何? ETF捏著等下一年 | 多頭就是噴 基本面等景氣回歸再來看 | 華碩今年是真的不看好 今年能發錢就要偷笑了 | 全球都買不到ally你現在才在問漲什麼? | 你是空多少 | 等你知道漲什麼就要出貨啦 | ai需要顯卡啊 | 買了也不會變有錢 所以我當垃圾 | 等賺錢就開始跌了 賠越多越噴不懂？ | 你要不要問台積電在漲什麼 | 00878無限攤平,懂? | chatgpt用的顯卡是tesla Asus連屑屑都吃不到 大公 | 司用的gpu伺服器也是不可能用Asus的 | 一堆都在噴，理由你慢慢想吧 | 等你想到的時候已經沒有膚糗了 | 折折魔力發威了，開始往下 | 空軍都變成燃料燒起來 | 要買AI就買南電 by哲哲 | 下一篇 房價在漲什麼 | 是你覺得不看好 還是媒體覺得不看好 差很多喔 | 之前十年線以下盤一陣子 沒買的可惜了 真沒那麼爛 | #1aOHOV4N (Stock) | 當初因為庫存跌 現在清庫存不就會爬回來 | 越爛越噴 | 賣掉的最會漲 | 之前刀碩也是噴上去 合理 | AI伺服器，這個可能很賺 | rog7加持效果 | CPU燒了股價也越燒越旺 | https://i.imgur.com/5eWepYU.png | fu糗跟etf...雖然我也不懂 | 不知道 前天賣光買台積了 嘻嘻 | 外豬買好等你進來嘿~~ | 股票是領先一年喔 你看現在當然不準確 | https://i.imgur.com/Smtpilb.jpg | 歹丸不就一堆消息仔不懂也在跟著買，看一下海運就 | 知道了 | 可能看nb需求落底期待開始回升吧 | 把CPU和空軍當燃料 | 市場錢太多了 | 因為利空出盡已反應 | 股版壞人多 不會跟你說刀碩法說跟財報說了什麼 | 呃，估計是最近燒主機板的關係 | 股票是反映100年後謝謝 | 散戶想要在股市長期存活下來，首先就是要改掉替漲 | 跌找理由的慣性。 | 資訊的傳遞會有時間差。假設華碩在基本面上出現利 | 多，例如庫存已順利去化，那麼你仔細想想：首先得 | 知第一手消息的人，會傻傻坐著等財報公布？還是趁 | 市場仍因庫存問題而低估股價時，搶先進場卡位收籌 | 碼？ | 在消息傳播的過程中，第一手、第二手、第三手..... | .的每個環節，都會不斷搶買股票。而且在訊息鏈中越 | 靠前的人，資金通常也越多，畢竟「錢」和「權」是 | 一體兩面的，因此他們的搶買，會對價量造成明顯的 | 影響。 | 當消息還沒傳到市場前，這種情況在身為最後一手的 | 散戶眼中，你只會看到：奇怪，明明基本面的庫存利 | 空還在，怎麼技術面上的價量率先轉強？這也就是你 | 所提出的疑問。 | 在股市中，所謂「利空不跌是築底」、「股價是反應 | 未來」，都是在描述這種情況。並不是股價真的有預 | 測未來的神力，只是有人比你先知道真實的現況，因 | 此他會先大買，而他的行為會反應在價量上。你當然 | 可以罵這是內線交易，但這本來就是股市的常態。 | 因此，散戶身為訊息鏈的最末端，卻妄想用自己的弱 | 點去發現股價漲跌的理由，這不是異想天開嗎？等到 | 利多消息正式公布，連你都知道為什麼大漲時，你覺 | 得那些已經在低價卡好位且用力拉抬股價的人，會佛 | 心地等你上車後再繼續幫你賺錢？ | 就算是基本面之神的巴菲特，他的策略也不是單純的 | 「基本面投資」，而是「價值投資」。所謂的價值投 | 資，也就是把技術面所研究的價格，也納入基本面的 | 評估中：巴菲特不會因為一間企業的基本面大好就無 | 腦買進，而還要在股票的價格低於價值時才會進場。 | 價格之所以會低於價值，代表市場因為既存的利空而 | 不看好股價，這也正是訊息鏈中第一手的人會開始收 | 集籌碼的時候。 | 拉高出貨順便空很簡單啊 | 越爛越噴 | 看不懂還是不要玩股票的好 | 愈爛愈噴 短線就是資金盤 | 因為大盤要噴到萬八了 | 外豬拱啊 | 阿就票都在主力手上，當然狂拉，吸引韭菜進場，看 | 到漲是不是很想買呢？ | 單看籌碼面就是很漂亮的多到爆 | 看前幾天的新聞應該有人空它，結果變這樣，幸好三 | 大夠仁慈 | 華碩的價格不會一直這麼差 早晚要回去 | 騙人去抓交替啊 | 10%都沒有 別吵 | 整天說拉高出貨 一堆腦殘的人 股票就是越堆越高 | 無腦多 ETF高股息贏過80-90%的人 何必要管這麼多 | 你買你懂的就好了....管他漲什麼.... | future | 等你知道就是人家要出貨給你了 | 因為我賣了 | 你484看不爽放空 | 260接 300就出了 結果是被洗掉 悲劇 | 漲你沒上到車。 | 你怎麼不問金融股在噴啥 | 中文gpt | 華碩股性去了解一下就知道漲啥，不過呢見好就.. | 現在都長下游阿.廣達仁寶華碩.......全都是 | 上游太廢了!等下游去庫存完才會動上游 | 人民幣 | 疫情年賣的筆電陸續過保 | rog ally | 會嘴用不到刀碩顯卡的真的在搞笑XDD 第一天進股市喔 | 公司營運跟股價要分開來看阿 不然怎麼有越爛越噴 | 消費性電子復甦啊 | 股價有人追就會漲 有題材就有人追 | 漲到你受不了追在山頂時，就會發新聞告訴你為何 | bios電壓太高 在國外燒起來  當然旺 | 越燒越旺是台股的不變定律 | 因為etf買盤 | 問得邏輯就不對了 | 失火的股票都噴了 主板燒的股票不能噴嗎 | 問就是燒毀 | 50樓的s大大幫大家上了一課 就是那六個字對吧 | 牡蠣好吃 但是味精太多我不太習慣 | RTX4060 中階顯卡準備發表 | 主機板賣得火熱 | 引誘人進去當接盤的啊，你一買進就開始跌或橫盤 | 某檔大型股也這樣啊，盤了快兩年還是在原地 XD | 我還真看不出來華碩有什麼未來 | 沒事 紅茶虧爛還是能炒股價賣個大樓就賺回來 | 股市只有兩個字：內餡 | https://i.imgur.com/u2YH2Z3.jpg | 華碩吃商業單跟公家單就很飽還要你質疑什麼未來 | 跌爛的時侯不買 口憐 | 跟上AI了！ | 看是誰的人啊 | 股利 有幾年賺少 還是能發不少 不好說  嘿嘿 | 因為燒了AMD | 最爛也這樣了 | 爛到噴=翻桌，沒遇過流氓？ | 塞貨給下游的概念股 | 股價電上去的 | 加入皇家會員題材 | 在台灣 股票漲是不需要理由的 想漲就漲想跌就跌 | ROG ALLY賣光了. | 地表最強電競掌機. | 誰叫你不看閒聊推廣10年線上車 超過已沒在補貨 放給 | 它慢慢漲 | 因為燒cpu不保固了，噴！～",如題 2023Q1 eps是負的 未來一年因為庫存問題又不被看好 可是最近卻奇蹟般突破300大關 是利空出盡了嗎 還是傳說中的越爛越噴 或是大家最愛的00878瘋狂拉抬啊 00878最大持股成分是華碩欸（之前看到的 不知道有沒有變 他選股邏輯是經驗選股 啊今年剛好烙賽可能發不出股利 是不是有百萬韭菜誕生啊 Sent from BePTT on my iPhone 11 
[新聞] 華碩路由器疑出包全球大規模斷網！官方認,2023-05-20,113.0,上次燒cpu直接漲8% 看來華碩食髓知味了 | 暗黑兵法 | 華碩最近新聞有點多 | 後天一根往上噴 | 又要漲停了 笑死 | 星期一要漲停了 | 難怪我這兩天只能用中華電信的mesh | 難怪我家這幾天一直斷網…垃圾 | 最近有人離職沒交接好嗎 ;; | 是不是前幾天要放空的人都斷線了 | 去年離職的整批人都沒交接好吧 笑 | 害我差點要買AX3000 | RD是誰快自首 | 訊號來了 | 買過一些華碩的網路設備..品質都不是很滿意... | 還是買tp link | 要上400了，抓緊 | 可憐 | 上一篇負面新聞出來後 空軍變成燃料升天了 | 明天一根 | 越爛越噴 根本沒差 | 想放空？ 直接斷網比較快 | 越爛越漲 | 壞消息就是好消息，越爛越噴 | 上次被yt黑漲8%，這次要漲多少 | 越爛越噴 直上400 | 真的是每隔一陣子就會讓客戶體驗一下皇家服務 | 大概都包到很有SOP了 | YT可沒黑刀碩，用官網的bios燒主機板不出保，做評測 | 的YT不敢批評刀碩話，乾脆不要做評測YT了 | 更新前都沒有經過內測嗎？ | 誰知道刀碩怎麼弄得，結果就是用開放下載的bios燒了 | 主板，國外幾個大YT就開始噹，接著刀碩公關災難這樣 | 哈哈拍謝是我啦 | 你要噴BIOS不出保那個的確是華碩公關問題 | 但是BIOS燒版連雞排都有怎麼想都不會是華碩問題啊 | 又要漲停了？ | 要漲停了QQ | 我這幾天路由器都會奇怪斷線 我還以為他壽命到了 | 感覺沒有經過內測，連電容都裝錯了 | 華碩真的很敢，建議找力宏敢當代言人 | 越爛越噴 | 漲停 | 又要噴了 | 完了 漲停 我還沒上車 | 看不出來要噴了嗎 | (我是說主機板事件) | 幸好沒買 | 一堆人以為ap 壞了 要買新的 利多 | 很好，禮拜一漲停鎖死 | 利多 | 這次燒路由器可以漲幾根? | 原來這個是會自動更新的喔... | 要漲停幾根 | 又要跳空 | 華碩組織管理根本出大問題 那是在台灣開那種有人顧 | 場的太監股東會 外國企業還不噴爛 | 路由器也是完全吃老本跟以前跟著博通吃穿打下來的印 | 象 結果現在博通也快不行整個路由器部門不知道在幹 | 嘛剩下改殼了的吧 | 下週5根 | 噴 | 台廠都這個樣啦...第一批做的人規矩都有學到...做熟 | 離職後就管你去屎了 ;; 然後主管再打電話凹原廠的FA | E過來教...接著再重複一次離職出包 ;; | 在台灣賣超貴的盤子價 | 短空長多 | ID | 繼續噴 | 不斷一下投資人怎麼知道華碩市佔多高 | 愈...愈噴@@ | 難怪我這幾天家裡的網路會斷線 | 還好我換netgear了 | 終身不買石頭的任何產品 | 也是沒技術的公司 | 利空出盡～華碩要噴噴惹！ | 基本上只要是做出成品的都不太需要技術啦...然而我 | 們連這都做不好...裏頭一堆阿薩布魯大學出來的...從 | 學生就那個樣了也不用期待出社會有領錢會開始有長進 | 應該是有人把乖乖整箱吃掉了 | 想讓大家星期一不能下單，主力想吃貨 | 這公司在刷存在感？ | 噴 | 華碩看來要衝股王了 | 看來要噴了 | 難怪PTT一直斷 | 以卵擊石 | 更 害我那天搞好久 | 燒碩新聞有點多耶 XD  都負面的 | 出的包有點多阿 | 之前用他家的ai mesh 很不穩 | 這是新聞嗎？以前用就很容易斷 | 難怪會噴 | RD水準真的很低.. | 華碩買來先刷梅林 | 昨天也斷網耶 | 空軍被斷網 融券補不回 五月假鬼月燃料多 | 虧損 出包 散戶繼續吹 大戶繼續炒 | 最近一檔00929募集 成分一二名技嘉跟華碩剛好都糕點 | == | 買過一次華碩wifi分享器  品質很糟 | 若是發生在台灣？法務誓死告這個那個，這是不實指 | 控，抹黑與污衊。發生在台灣以外地方，像是中國和 | 美國，這又是一個故事了。 | 另外一提，其實在華碩台清交成的RD千錯萬錯都還是會 | 犯錯的。 | 越爛越噴阿 | 有錯推給RD就好 | 所以不敢用華碩的東西  太常出包了 | 華碩東西很貴 CP值很低 | 難怪前幾天一直斷線 | 慘了 是利多 | 華碩 東西都比別人貴 品質卻普普,https://bit.ly/ 等縮網址服務，連結不能點擊者板規122處份。 3.心得/評論請盡量充實，心得過短或濫竽充數將以板規 123、44 水桶處份。 4.發文請依照格式文章標明段落，不符合格式者依41刪文處分。 按ctrly 可刪除 以上內容。 原文標題： 華碩路由器疑出包全球大規模斷網官方認錯致歉了 原文連結： https://3c.ltn.com.tw/news/53345 發布時間： 2023/05/20 16:07 記者署名： 吳佩樺 原文內容： 最近華碩路由器傳出包，5月16日前後，國外多名網友抱怨，華碩伺服器疑發送錯誤的韌 體更新，導致華碩路由器系統記憶體溢出，不只影響WiFi效能，甚至出現斷網，華碩也緊 急致歉。 出包涉及多個機型，包括WiFi 5 與 WiFi 6規格各種型號都在內，似乎是全球性災情，影 響範圍未知。 外媒報導，華碩稍早承認了這項錯誤，並在其產品安全諮詢支援頁面回應，在日常安全 維護期間，我們的技術團隊在伺服器設置檔的配置中發現一個錯誤，這可能會導致部分路 由器的網路連接中斷。華碩也說，團隊緊急解決了問題，之前斷線的路由器現在應能正 常運作。 華碩已經完成修復，遇到問題的使用者如果重啟無法解決問題，建議保存設定檔，然後恢 復出廠默認設置再重新上傳設定檔。 心得/評論：華碩最近股價很強勢但是最近營運表現其實沒有很好或許大戶看好的的是 華碩的未來性華碩這個錯誤會不會影響股價還有待時間證明這個時間點華碩確實不應 該犯這種錯就是了。 NoAfraid :轉錄至看板 Tech_Job 05/20 23:01
[新聞] 獨家／華碩組織大整併 驚傳將裁員,2023-06-14,168.0,"噴爆! | 裁員就是噴，美股都演過惹 | 這次電腦周邊股 華碩好像噴最少 | 裁員正常來說是往上 | 裁員噴 | 訊號來了 | 師父救我 | 砍員工省錢當然噴 | 華碩那群白痴高層不整理 永遠沒救 | 難道裁員潮要蔓延到亞洲了嗎 | 游泳池又要開放了 | 要噴了 | 利多，噴 | 成本降,只有噴 | 米蟲減少 噴噴 | 這種新聞只有一種解讀 | 手機部裁一裁吧! | 利多!!! | 有啥好驚傳 裁就裁 | 利多 噴 | 華碩冗員真的滿多的 裁一裁也好啦 | 難怪爆噴! | 不過裁一裁也好  又有新的研替可以入列了 | 噴 | 美股公司 裁員就是噴 要救什麼... | 手機業務真的不需要留~~ | 訊號來了 | 精省撙節開銷就是噴 | 美股演過,裁員就是噴,手機部門沒啥用了吧 | 我還沒上車 等我 | 感覺現在又不在手遊那邊了,AR或VR | 裁員肯定噴啊 | 資本支出下降 噴 | 別太早收呀 我媽的zf9還沒過一年啊 | 訊號來了 | 要噴了 | 冗員一堆 | 砍冗員 噴 | GG有裁再來報導好嗎 | 撐這麼久才要砍喔 也算厲害 | 噴 ！ 裁掉米蟲 | 減少支出  然後AI取代部份工作 再噴一波 | 手機未來都被蘋果吃去   華碩只有ptt手機版有人用 | 噴 | 游泳池招生中 | 減少人事開銷 噴爛 | 內推泳池謝謝  天氣熱我想去泡RRRRRR | 噴 | 市場敏銳度太差 未來完全沒方向 | 裁員就是要噴了 | 噴到五百！ | ASUS手機部門沒賺過錢吧... 砍掉反而是好事 | 等我查一下股號 我要上車 | 裁的好 | 手機部門??? 本來想看看ZF10的 好像會變孤兒 | 組織調整就是裁員的藉口 當年宏碁就這樣 | 裁員準備噴 | 開過會，冗員確實多 | 沒蘋果整個拿去吧，隔壁手機版不是一票用對岸機 | 聽說對岸機在中低階賣超好，只是個人不太考慮 | 噴 目標500 | 噴爛 最後上車機會 | 利多 | 噴噴噴！ | 有認識華碩員工的人應該都知道惹 | 裁掉米蟲 就是噴! | 忘記當時啥理由沒去面試了 | 問就是噴噴 | 小編還會在嗎？QwQ | 裁員？ 穩了 獲利UPUP | 向上噴射! | 石頭終於不讓了 | 游泳池開放中嗎 | 要噴了 | 利多  噴 | 石頭這麼慘啊？呵呵 | 刀要下來了 | 午睡夢到朋友說被砍了 | 華碩手機從傳統手機走到智慧手機，也算撐很久了 | 利多 | 西捨會被裁嗎 | 利多 | 噴 | 猩猩前車之鑒 | 西哥好狠 | 泳池？是華碩總部的健身設備？ | 辦聯誼的地方啦  簡稱泳池 | 刀碩揮刀砍自己人 讚讚 | 噴 | 刀碩會比武開除嗎？一人一把電競彎刀 誰先被砍出局 | 就裁員誰 | 裁員？大利多　噴！ | 訊號來了 | 終於想通了 手機怎麼做就是賠 | 噴爆 但是我下車了 cc | 組織人力優化 不能說裁員 | 調整人力(裁員)  明天漲停 | 裁員一定漲 台灣員工CP值不高 裁越多漲越多 | 子龍要失業了 | 又要開人力游泳池了嗎 | pool又來了 這次又要放生多少手機了 | 這家會裁？ 不是都丟水池嗎？ | 愛偷懶打混的好像不少 | 裁員噴啊 | 冗員沒能力的都裁一裁 | 泳池就人才庫啦cc | 沒有裁員，只是員工自行離職 | Talent pool被華碩玩出新格局，真的很會XDD | 經濟日報 是不是很討厭華碩? 公開資訊觀測站 華碩一 | 堆澄清媒體報導都是經濟日報 | 裁員只有員工擔心而已 對股東是大利多 | 米蟲裁撤 是利多吧 | 手機從金孫變棄嬰，靠其他事業群養多久了，笑死 | 可以到飯店端盤子囉 | 裁員就是噴 | 泳池沒水直接變肉醬 | 訊號來了 | 裁員就是噴 | 要噴？ | 噴爛，上看一千 | 裁員，噴 | 圓夢 噴 | 裁員=噴 | 假的 | 訊號來了 | 人事成本終於開始動了 | 空軍很急 | 明天一根 | 噴噴 | 游泳池要擴建了嗎 | 冗員噴 | 肥貓清掉 會噴吧 | 快去架刀啊 | AAAAA 拖進垃圾車(X)游泳池(O) | 噴 | 脖子被架刀了 | 不是假消息嗎？ | 明天漲停 | 我們公司高層肥貓才該裁一裁 | 原來前陣子從不到300開始噴是因為這個 | 只是 為什麼華碩營運從盈轉虧？ 單純景氣嗎 還是有 | 什麼策略錯誤？ | 手機快砍一砍，以前用zenfone3訊號有夠差 | 大場面終於要來了嗎？？？ | 最後再出一款翻轉鏡頭手機讓我買吧。 | 明天漲停 | 別家公司在缺人你在裁員 | 噴噴噴 | 明天漲停 | UCCU刀碩 | 看看技嘉 | 嘻嘻 就一連爛公司啊 每次反轉 都有人力要被精簡 | 一堆傻逼去這種公司 重點是基層錢少 | 最有名的就是玩游泳池 然後今年又玩 笑死 | 做安卓的錢景都悲觀啦 沒特色 就是0玩手機裝B 人家 | 拿哀鳳8 大家還覺得比安卓高貴 | 安卓手機就往0元機靠攏 不要懷疑 apple財報跟你講了 | 人事精簡怎麼看都是利多 | 人家刀在小編手上 難怪只能裁員了 | 手機除了最高階等級早該全部砍了 | 老實說 搞不好全砍還比較好 | 這應該可以開一篇樂透吧 p幣歐硬噴 | poor | 小編拿刀架在總經理脖子上，不得不裁員 | 大公司裁員就有新聞，小公司無人聞問 | 裁員減少開銷 噴 | 產品這麼爛  早晚下去 | 噴 耶",原文標題：獨家華碩組織大整併 驚傳將裁員 原文連結： https://money.udn.com/money/story/5612/7234482?from=edn_related_storybottom 發布時間： 2023/06/14 13:07:31 記者署名： 經濟日報 記者吳凱中台北即時報導 原文內容： 市場傳出，PC品牌大廠華碩（2357）進行組織大調整，規劃商用團隊與智慧手機部門合併 ，同時電競部門也將與個人電腦團隊整併，在事業體整併執行下，後續將有不少員工遭到 裁撤，預計第一波將於明（15）日開始執行。對此，華碩回應，此為沒有根據的傳聞。 華碩近期進行組織調整，市場盛傳，電競事業與個人電腦系統事業部合併，智慧手機部門 則與商用團隊合併。 針對裁員消息，華碩發言體系表示，此為沒有根據的傳聞。 華碩表示，商用團隊與智慧手機部門將維持各自獨立運作，並不會合併，但兩事業體主管 皆為張凱舜負責。但確實電競事業群將與個人電腦團隊（消費性產品）目前朝整併方向進 行。 不過，由於電競事業群將與個人電腦團隊朝合併方向走，在不少職位重複下，華碩勢必將 進行一波組織精簡，市場盛傳，華碩近期已展開優退行動，首先針對經理級以上職員實施 ，預計第一波將於明（15）日開始執行。 心得/評論： 前兩天才看到組織調整的新聞 沒想到竟然要裁員，而且還同一個禮拜就執行了 不知道接下來股價會往上還往下 
[新聞] 傳明起裁員 華碩：完全沒有根據的謠言,2023-06-14,131.0,"自願優離不算裁員 | 不是裁員是人事調整 | 台灣公司哪有再裁員的 | 在 | 員工要專心顧家庭 能說是裁員嗎？ | 圓夢假表示 | 這間的大絕招是把你丟進人才再造池.... | 組織調整辣 | 當然是挖一個又深又寬的水池讓你游啊游 | 能上岸還是淹死 自己的造化囉 | 類組織調整 | 推特貌似有人貼對話內容 裁PC部門 主任級以下全裁 | 丸子，裁員才是利多 | 師父救我 利多沒了 | 幾年前弄出游泳池 新聞說裁2000多人 當時也是否認 | 系統廠那麼多 只有這家經常有裁員新聞 | 每過幾年就會有一次謠言餒 | 亂講 刀碩新出的ROG ally大賣耶 我好不容易搶到一 | 台結果要7月20才能出貨 | 快跟經濟日報打好關係 已經被臭很久了 | 圓夢，要講幾次？ | META裁員好幾次還不是一直噴 | https://i.imgur.com/CAzQk83.png  從3月開始 每個月 | 一篇 | 除了板卡跟電競都搞不太起來 | 前幾年的水池也是這樣的新聞稿，砍員工救營收 | 內部都有再說了，等時間看看 | 九樓機構收的很勤 | 歷史一再重演 | https://technews.tw/2018/09/27/asus-deny-lay-o | ff-rumor/ | 台灣沒在跟你裁員的啦，懂得就懂 | 不是裁員，是組織精簡 | 利多呀，DT整機不賺錢，砍掉正好 | 謠言啦！不過既然報了我們就往這方面去 | 結果砍BU 然後養一堆不知道在幹嘛的HR跟MIS | 是汰弱留強 不是裁員 懂嗎 | 裁員要資繾費 當然不裁 是自願離職 明天人事少發工 | 資 有營盈了 紅一根 | 出那個掌機 還有手機 不信有賺 | 被自願？ | 對股價是重大利多 | 人員優化 向社會輸送人才 自己選一個 | 放游泳池 | 華碩確定？ 我怎聽到似乎有 | 台灣都自願離職，不會為難政府的啦。失業率怎麼會上 | 升 | 圓夢假 | 是類組織優化調整 | 組織優化嘛 大家都知道怎麼回事 | 生涯規畫假 | 手機出貨量少還在7進7出 不虧本才怪 | 聽說這週會開獎 | 都是自願離職啦 跟公司無關呦~ | 通常 | 裁員要付資遣費捏，台灣公司哪有這麼好心 | 800人算大規模嗎 | 不是有裁員， 是有財源。準備噴 | 是優退 | 不是裁員是精簡？ | 類 | 原來是精簡啊 | 遙遙領先的預言 | 到現在還在做小螢幕手機，是要賣給誰 | 使用者想要的大螢幕，sd 卡都不給，自以為是主流品 | 牌嗎 | 自願離職領一波大的不好嗎？ | 類裁員吧 | 鄉民對公司裁員反應很大呢 | 被刀架都不澄清的  這個就出來跳腳  真沒格 | 類裁員 | 呵呵，笑死，挖鼻孔 | 裁員會漲啊 看看meta | 我們叫優離，什麼裁員別亂講好嗎 | 就以往經驗華碩對願意配合自願離職都滿大方的 | 多給一個月 就變自願離職了 | 沒有大龜小龜而已 | 無風不起浪 | 要說自願也行啦  上次挖大水池  我認識在裡面的 | 不裁員也不發獎金，讓你們自動離職 | 都想進水池還進不了  後悔當初為啥要認真工作 | 配合自願的好像真的領很多 | 明起？3個月前就開始了吧 | 低能卡說的 | 裁員股價要漲了 | 無風不起浪 | 不是下週 我聽說是今天開獎 | 噴噴 | 50歲以上員工全優退，這股價能不噴爆嗎 | 裁員這種分明的事實，沒什麼猜測空間吧 | 商品代號很亂，自以為編碼方式很讚，消費者根本看不 | 懂如何選購 | 有內行的，我的消息也是50歲以上全部優退，40歲裁5% | 北七 裁員股價才會噴出 | 一篇ㄧ根 | 台灣裁員為啥不能老實承認 通報+按規定辦理 不就好? | 中階主管小心R 不過我怕被吉 | 已經看到優退價碼了，全都是自願離職，沒有裁員 | 面板業能不能比照辦理XD | 五十歲你還能找什麼工作 嘻嘻 蠻會玩員工的這間 | 手機安卓很慘 先是oppo收掉IC 現在華碩要裁員 | 安卓=0元機 多花一元都嫌多 前途慘淡 早點收山 | 大量自願優離不用通報勞委會，大量裁員需要。之前 | 很多外商在台灣也有這種，有哪家通報了嗎？ | 按照規定通報會被卡啊 勞委會與勞工團體都要吃果果 | 當初郭秦也是說沒有,結果開殺？ | 看其他家會不會跟進 一直無薪跟圓夢也不是辦法 | 泳池 | 這種不配養你謀生技能的公司還搞裁員 太慘了吧 | 大量解僱很麻煩啊！要60日前通報提計畫書還要勞資 | 協商，優退就是簡單的給錢走人 | 千萬不要去只做品牌行銷的公司 久了 都不切實際 | 不要跟我說華碩有在研發喔 嘻嘻 | 樓上才是 不要說華碩有在行銷吧= = | = = 對不起 我道歉 | 優退去跑外送阿w | 其實華碩這樣算不錯了，記得幾年前新聞 | 湖口有公司把人關在會議室，逼員工簽自願離職 | 聰明一點的企業就慢慢宰，台灣人 | 那麼自私，一個一個突破就好 | 搞集體裁員的企業算是有良心的 | 裁員就是噴，美股都演過幾次了 | 裁員滾滾救股市。 | 組織人力優化 沒裁員 | 追夢，非裁員，謝謝指教 | 不發獎金不發年終…不就搞定自動離職 | 還在演 | 湖口? 啥公司啊 中國菱電? | 華碩大老闆有遠見啦 看到有單位賺錢 趕快拿來補賠 | 錢的單位 | 均貧卡的概念",原文標題：傳明起裁員 華碩：完全沒有根據的謠言 原文連結： https://reurl.cc/Rzvgj6 發布時間：2023年6月14日 週三 下午4:13 記者署名：于維寧 原文內容： PC品牌大廠華碩今天傳出將大幅整併組織，不少員工受影響將遭裁撤，第一波預計明天（ 15日）開始。 華碩今天表示，這是完全沒有根據的謠言，也在官網發布聲明澄清，針 對網路謠傳華碩將進行大規模裁員，並非事實 ，華碩始終專注於致勝未來，目的在建立 更強的產業競爭優勢，未來系統事業群將劃分為 消費、商用與手機3大產品部門 。 華碩聲明指出，華碩會強化公司業務區分的3大板塊，包括核心業務、戰略業務和成長業 務；根據本次調整，系統事業群將劃分為消費、商用（包含原消費型Desktop桌機及AIO一 體成形電腦）與手機3大產品部門，共同驅動未來成長。 據《經濟日報》的報導，市場傳出近期華碩將把電競部門與個人電腦系統事業群合併，智 慧型手機部門將與商用部門合併。華碩電競部門與個人電腦系統事業群有不少職位重複， 後續勢必會精簡組織，首波針對經理級以上員工，將於15日開始實施。 心得/評論： 華碩出來闢謠說沒有要大規模裁員 不知道實情是如何...... 聽說華碩月底就要發表新旗艦手機Zenfone 10 應該不會在此時砍手機部門影響士氣吧?
[新聞] 華碩衝AI伺服器 強將就位,2023-07-08,112.0,AI噴啦! | 出任務概念股 | 華碩又不是代工廠 強個屁將就位個屁 | Fu糗，噴 | 除息跌爛 GG | 這是電子幾哥 | 大量採購的都是找白牌ODM做 | 電子五哥不含他 | 重點: 過去沒有把主力資源放在 | 此處 | 台股那檔沒ai? | 沒單有強將又如何? | 現在才招兵買馬會不會太晚-.- | 不是應該和碩做嗎？ | 華擎？？？？ | 99阿碩 | 最有關係的華擎（永擎） | 靠研揚不就好 | 笑死現在什麼都要沾ai，龍巖到時候也出ai降靈 | 延攬還是...xd | 人家都已經在出貨AI伺服器了，你連認證都沒有玩毛? | 想起以前宏基找藍旗 | 穩了，有AI，上看500 | 看人家做起來就收割喔 | 華碩發展很長時間了... | 能漲到700-1000嗎？ | 空降部隊 | ai？600 | 筆電品質都搞不好了還跨足AI勒 | 下去 一點屁關係都沒有 | 不如買廣達 | 伺服器最強的不是華碩，請問華碩庫存消化完了沒？ | 加碼！！沒加碼！？ | 笑死 | 五六月都噴爛了 你還在喊盤 | 共碩 | 低毛利，沒什麼差 | 伺服器都卡位好囉， | 看股價就知道了 市場比較看好廣達 刀碩只會砍AI部門 | 人家都在出貨了。你才要開始招兵買馬 這不是慢半拍 | 嗎？ | 堅若磐石 | 晚了，我們就不買了 | 阿寶做十年都做不起來了 | 怎麼跟上次元宇宙一樣 都散場了才進來 | Ai要變紅海了嗎 | 先填息再說啦 除息完崩崩 | 肉鬆除息完是直接往上拉快一倍 | 已 | 蹭啊 股價先漲幹嘛不蹭 | 菜刀->電競菜刀->AI電競菜刀 | 將軍出刀，華碩衝衝衝 | 晚了就不要了 技嘉當大哥 | 這裡有一批要__的AI | 真的太慢了，敏感度太低 | 結果878前面的成分都在搞伺服器惹 | 晚了 | 我就問 RGB AI 伺服器算力會加倍嗎？ | 電競AI筆電(X | 任何商品沒有冠名AI的，都退回去重寫XD | 商用都做不起來被併掉了 省料錢賣RGB只能做家用拉 | 買的自己小心了 | Dell耶要壞壞了 | 水池好冷 救救我 | 本業能做主機板搞不懂為啥伺服器這麼爛 | 華碩品質，以卵擊石 | 多頭兵多將廣！ | 有點慢 nvda 有他們的合作嗎 | 每次都好1-2年就衰敗 | 伺服器搞很久了沒起色，結果人家AI吃光才要大舉進攻 | 你華碩有辦法解決DELL、HPE的產品痛點你就有機會。 | 但是DELL、HPE發展這麼久了 你要搶除了用價格搶還 | 能怎麼搶 | 晚了 | 做客製伺服器，請問有比雲達跟緯穎會做嗎 | AI and Others | 支持，做出比ROG更高級的Ai品牌 | 慢人家一步炒 就沒機會了 | 大家都不看好 知道怎麼做了 | AI就是噴 | 都慢人一步還想噴啊 不要崩就不錯惹 | 一定又有一堆莫名其妙的BUG | 華碩就算了吧 別來沾邊 死的很快 | 好好作好cost down還比較有搞頭 | 電子五哥  外加一堆廠商都卡好為了 哪有你華碩位置? | 要做自己的品牌? | 九逃的server??? | 不找代工廠代工？緯創、鴻海 | 直接灌資源給研陽阿 | 想來分杯資料中心的羹，但是人家做了十幾年累積的眉 | 眉角角，而且換一家要重驗證一堆，真的很難玩.. | 連台泥都有AI了，跟之前「大數據」一樣 | 好了啦 還有誰沒有AI | 晚了就不必了 | 7/10 會議室 不見不散 | 10幾年前小弟就在伺服器部門，爹不疼娘不愛的 | 先講有哪些客戶的訂單 | 要打入伺服器供應鏈至少三年起跳 仁寶也是佈局了很 | 久才有點起色的 | 動作有點慢 | 等著被G心追上 | 丸子 | 都落後多久了 | 華碩.後進品牌廠去跟老大NV搶單搶市場.有用嗎？ | 我猜是華碩要出貨了，先找人氣來買 | 華碩伺服器有辦法L1-L10?沒有還想搶頂端客戶做夢... | 你一般的先做一做啦 | 簡單都還沒 | 一台起碼要做兩年，華碩沒有自己工廠，你要中國找工 | 廠出貨L10，税先輸人，要讓人ODM也不用招兵買馬了 | 華擎早就再做了 華碩做這個是為了股價吧 | 炒作一波，穩了。,原文標題：華碩衝AI伺服器 強將就位 原文連結： https://money.udn.com/money/story/11162/7283588 發布時間：2023/07/06 23:51:25 記者署名：經濟日報 記者王郁倫台北報導 原文內容： 華碩（2357）組織調整第二彈，為衝刺AI伺服器業務，董事長施崇棠在今年股東會透露將 積極招兵買馬，7月1日組織調整時，伺服器部門也宣布新增生力軍，延攬前戴爾大中華區 總經理朱培蘭擔任華碩副總裁暨資料中心事業處技術長。 另外，伺服器事業部總經理金慶柏則升任華碩集團資安長，各兵將就位，力拚伺服器業績 五年成長十倍。 華碩日前公布組織調整，系統產品事業群改組為三大事業處，包括消費性產品、手機、商 用電腦事業處，7月1日生效。開放平台事業群（OPBG）也稍做微調，原旗下伺服器事業部 總經理金慶柏兼任華碩集團資安長，7月起專任資安長統籌集團資安重任，另7月起延攬朱 培蘭加入擔任華碩副總裁暨資料中心事業處技術長。 華碩持續招兵買馬，日前才召回一批老將回鍋操刀伺服器業務，並將組織分為專攻品牌通 路的伺服器事業部，以及專攻資料中心業務的企業解決方案事業部，以兩個獨立開發的部 門搶吃伺服器市場，也顯示出華碩期望彎道超車的決心。內部透露，華碩設定的業績目標 ，是伺服器事業部與企業解決方案事業部貢獻各占一半。 目前資料中心戰場對手林立，美系四大雲端客戶都各有合作夥伴，華碩要全力殺出血路， 華碩主管表示，由於資料中心客戶所需產品規格與通路市場不同，客戶技術服務能量也不 一樣，為專注滿足目標市場，期望分拆成立兩個團隊專責針對屬性客戶開案及銷售，產品 線從去年到今年底會陸續完整，期望後發先至，在伺服器市場搶下一席之地。 華碩董事長施崇棠重申，伺服器是華碩很重要的拼圖，華碩會更積極投資把伺服器做起來 。他並強調，華碩不是要做過去的伺服器，而是要做資料中心未來需要的規格，華碩也將 往新方向攻城掠地。朱培蘭顯然將負責主導資料中心客戶需要的未來規格。 施崇棠日前對於布局AI伺服器比同業晚提出說明，他指出，由於過去沒有把主力資源放在 此處，因此現在要下很大功夫招兵買馬，希望很快業績成長五倍。執行長胡書賓日前 在法說會上指出，五年內目標伺服器業務要翻10倍，超過500億至600億元，換言之五倍目 標二、三年內就要達成。 施崇棠先前說，今年全球經濟難以預測，充滿變數及挑戰，但目標下半年營運重回正軌。 心得/評論： 石頭前陣子才大動作精進人力 現在馬上又調整方向也想跨到AI伺服器 前陣子剛除息完也有出量 感覺也能期待一下 覺得AI伺服器這題材應該還能繼續強 至少現在企業的眼光都是往這方向走的 
[新聞] 板卡三雄6月業績，華碩月增逾3成最強,2023-07-11,40.0,"EPS是高點1/2，股價是當初的200% XD.. | 美利達排洩掉了 這檔續抱 | AI概念，千萬別再看營收跟財報了，等到開出來才想上 | 車，股價早已飛更高 | Q3的財簽出來，才發現AI serve爆發性有多屌時，各 | 位一定會覺得今天技嘉270真便宜 | 真的想預測數字的話，去參考高力的營收吧，散熱概 | 念股的營收已開始反應，備料不會騙人的 | 一年賺20的技嘉股價那年也才一百多，看來要賺50?， | 等著看 | 還有人在用後照鏡買股 | 華碩裁員QQ囉 | 展上AI教父黃仁勳逛到技嘉攤位，看到技嘉可容納25U | （伺服器單位）的單相浸沒式冷卻槽眼睛為之一亮， | 並用英文說「這是未來（This is the future）。節 | 錄境週刊6月的computex報導 | 拿過去賺的時機財來比現今的工業革命4.0，只能說太 | 理性思考就是後者後覺 | PC產業回升?? 鬼故事喔?? | 筆電? 你看多少網站在促銷~~有鬼??? | Future，拉回就買，怎麼輸？ | 股價最廢的就華碩 | 狗屎，技嘉今天賣不停，根本出貨日 | 華碩有比鴻海廢? | 技嘉270竟然還便宜.. 實在是不懂ai 難怪我沒賺到 | 華擎漲停 直接買華擎 賣華碩（誤） | 反正就續抱咩 | https://i.imgur.com/2lrenoC.jpg  最近也沒借出去了 | 鴻海最廢吧,說伺服器市占四成,結果呢！ | 華擎也拉不起和碩 慘 | 低調 | 板卡本益比都不高 這次因為Ai搞不好上修完永遠不下 | 來了 但獲利可能沒有很驚人 阿災 | 鴻海最廢 明明AI出貨量最大 | 微星:那我呢? | 暗黑拉貨潮 | 微星我也有買 加減買啦 華碩技嘉微星都可以 這新聞 | 那麼捧華碩喔 可我帳面上是技嘉最賺... | 鴻海伺服器市占真的高啊 但公司其他營收更大 利潤 | 平均下來比不過整間都做伺服器的",原文標題：板卡三雄6月業績，華碩月增逾3成最強，技嘉AI伺服器潛力足股價再創高 原文連結： https://reurl.cc/r5kQYy 發布時間：2023年7月11日 12:09 記者署名：財訊快報記者王宜弘報導 原文內容： 財訊快報記者王宜弘報導台板卡三雄6月業績出爐，龍頭廠華碩(2357)受惠PC產業 的回升，單月合併營收480.83億元，較上月跳增32.4%，為三雄之冠，但仍年減13.28%。 技嘉(2376)除板卡外，尚有網通子公司技鋼的AI伺服器加持，6月業績96.45億元， 較上月續增1.76%，年增率17.58%，是連兩月同比雙位數成長且創下同期新高紀錄；微星( 2377)6月143.23億元，月增3.34%，年減13.18%。板卡三雄6月業績都寫下第二季高峰。 如以單季來看，華碩第二季合併營收達1157.03億元，季增3.9%，年減8.8%，累計上半年 合併營收為2271億元，較去年同期衰退14.41%。在品牌營收方面，華碩6月份的品牌營收 為453.18億元，較上月大增34%，年減11.91%，第二季品牌營收為1074.88億元，則較首季 成長5%，年減6.7%，累計上半年品牌營收來到2098.64億元，年減13.7%。 板卡第二季進入淡季，華碩此一業務單季營收目標為季減10%，但PC業務回暖，華碩給出 的PC第二季業績目標為季增2成，目前華碩尚未公布是否達標，但今年營運逐季成長的態 勢逐漸成形，第二季內部設定力拚損益兩平，下半年傳統旺季效應可望持續走揚。 微星雖然同樣受惠第二季電競筆電業務的回升，但單季合併營收僅412.92億元，較上季下 滑5.3%，年減14%，表現低於預期，累計上半年合併營收為848.93億元，年減16%。 在板卡淡季效應之下，技嘉第二季合併營收為264.28億元，季減5.8%，年增16.6%，[1;3 1m是睽違4個季度之後，同比首度翻正， 加上技鋼的AI伺服器陸續出貨，下半 年可望放量，逐步展現爆發力道 ， 法人看好技嘉營運成長動能為三雄之冠 ，使該股在6月營收公告後轉強，週一(10日)突破280元創高，週二(11日)盤中再以282.5 元續創歷史新天價。 心得/評論：板卡的淡季已過 ， 下半年業績只有更好而已，生產伺服器的技鋼挾著AI有 著很大的商機，股價也是最強勢的。
Re: [新聞] 板卡三雄6月業績，華碩月增逾3成最強 技,2023-07-11,44.0,快去空他 | 呆股本來就炒概念啦 但你買了就是會賺錢 就這樣 | 不跟著買廣達技嘉緯創 手中持股跟死魚一樣只能看別 | 人賺 | 誰告訴你營收占比4%6%？你以為你看到的就是真消息 | ？ | 因為你不知道緯創接下來AI伺服器能貢獻多少EPS^_< | 快去空他 | 快去空他 | 不爽就去空啊 | future 未來緯創AI會一直出貨 一直出 一直出 | 股價 一直噴 一直噴 先看1000 | 1000太低吧 | 長榮10元漲到230元沒跟到 現在緯創再給你一次機會了 | 說得對，快空 | 先看漲贏輝達 比輝達還AI | 財神爺把錢放你面前連彎腰撿錢都不會 真的慘 | 台股就比誰會吹R | 沒錯 快空 一堆肉等著你吃 | AI serve三雄真的是神啊，神就是要靠信仰！ | 你看不爽可以拿錢出來空 | 算不出EPS的時候最好炒 快到季報公布閃一下就好 | 緯黑一直酸一直漲 | 怕 | 你可以空看看 | 你看一下鴻海佔多少 | 就和疫情時的毛寶一樣的概念吧，緯創=AI來炒QQ | 不爽就空 不管佔比 我只相信市場 | 看題材沒有人在算EPS的，那是韭菜在算的 | 看業績做股票的~早畢業了 | 問就是複製2021年海盜船行情 長榮陽明萬海 今年變 | 成緯創廣達技嘉 | 是不是不敢上車在氣PUPU 笑死 | 現在主力抓到題材就一波炒完 | 管你業績有沒有跟上 | 只要股版還一堆人看過去營收基本面，就是嘎死空軍 | 炒股神 | 看業績做股票 難怪賺不到錢 | 對！濠洨！快空你會贏 | 你空多少 | 還沒有盤頭跡象之前，不要輕易融券放空。 | 技嘉比較唬 | 散戶怎麼可能吃得到這波 | 等你看到營收就來不及了,這波ai 伺服器漲得有夠濠小，技嘉ai伺服器2023營收占比預估46趴、緯創2023 ai伺服 器營收占比預估2趴，結果天天漲，今天還漲停。好像技嘉、緯創是什麼ai 大神 你說濠 不濠小？ 資料來源：高盛6/27報告 
[情報] 華碩說明媒體報導,2023-07-28,88.0,謝謝指教 | 噴噴 | 費用down | 所以今天股價是在慶祝砍員工？XD | 股價噴 | 降低人事支出 噴 | 裁員就是噴   美股都示範給你看了 | 撤廠對解救庫存來說是好事 | 看看FED多希望失業率上升 | 要噴爛了 | 難怪今天噴 | PC沒FU糗 專心弄伺服器 | 裁員可以慶祝這麼多天也是很猛 | 笑死 | 中國一般3C消費市場已經完蛋了 | 裁員漲價定律 | 裁員財源 | 難怪噴 | 台廠全面切割中國阿 | 瘦身 噴爆 | 裁員就是噴 | Cost down？噴！ | 上次裁員也噴 | 噴 | 被裁員工：他X的，原來我是真的是多餘的 | 蘇州賣鴨蛋囉 | 整併組織，裁掉冗員，讚 | 刀碩 | 難怪最近這麼瘋 原來裁員是利多 cc | 要賠2N嗎？XD | 裁的不錯 下次多裁點 | 公公看到沒 幹砍掉中國廠才是大利多 知道自己為何是 | 五哥裡最廢了的吧 | 終於證實了 | 上車 | 沒產出當然砍 支出下降毛利上升 噴 | 架刀小編也砍一砍好了 | 這次大整併 基本上台籍也精簡不少 需求復甦不太樂觀 | 展望大家都猜到明年 希望如此 | 難怪今天噴 | 中國的廠就是闌尾 留著沒用早點砍一砍 | 裁員大噴 | 中國市場現在根本沒啥消費力了，再留著都是浪費錢 | 裁員就燈了 | 刀架脖子 | 裁員哪個不噴了 | 這是汰弱換強 | 冗員裁掉還不噴爆 | 以後京東沒天選姬可以買了 QQ | 水池？ | 小編忘了架刀了嗎 | 難怪今天噴 越來越噴不是沒道理 | 知道自己要被優退是不是應該大力買自家公司股票? | 噴報 | 中國刀碩砍的好，明天支持一張 | 這樣是砍掉多少人呢??? | 刀碩名不虛傳 | 所以真的都…….裁了…？ | 砍中國就是要噴 | 小編的刀子多大呀？ | 刀碩!!!!!!!!!!!!!!!!!!!!!!!!!!!!!!!!!!!!!!!!!!!! | 股東幸福建立在員工的痛苦上 | 裁員=米蟲減少=噴 | 原來噴是因為這個 | 支那區可以砍掉了啦 有騎到董事長頭上的假刀小編負 | 資產 現在那邊市場又雪崩 何苦繼續賴著不走？ | 到現在才逃出嗎? y | 沒否認耶 | 噴噴噴 顏射最high 了 | 所以今天又噴嗎 | 降成本 噴 | 下週又要漲停 | 美股裁員=屌噴 | 反映在今天大漲。////~~~~~ | 小編刀已經架在老闆脖子上了 | 噴爛 | 越裁越噴QQ？ | 滾，噴 | 小編還在？ | 砍掉員工 節省支出 噴 | 上次的持刀小編安在？ | 石頭之前真的是壓太久了，現在一有熱錢就亂噴一通 | 磨刀霍霍 | 裁員本來就要噴啊呵呵 | 沒看meta裁員後股價反轉噴到現在 | 台灣就愛這味 股價噴 | 財 | AI沒相關的全砍，股價上看2000,1. 標題：華碩說明媒體報導 2. 來源：公開資訊觀測站 3. 網址： https://mops.twse.com.tw/mops/web/t05sr01_1 4. 內文： 1.事實發生日:112/07/28 2.公司名稱:華碩電腦股份有限公司 3.與公司關係(請輸入本公司或子公司):本公司 4.相互持股比例:不適用 5.傳播媒體名稱:壹蘋新聞網 6.報導內容:112年7月28日新聞報導 華碩遭爆蘇州PC部門員工全砍 台灣未獲媒合同仁今起優離走人 7.發生緣由: 華碩組織調整計畫於7月1日生效，依此擬定新的營運策略及組織架構， 華碩衷心感謝 員工的貢獻，並希望確保員工權益得到妥善考量及法規遵循。 華碩承諾將遵循所有當地 法規，並提供優於法規要求的協助，維護員工福祉。 8.因應措施:公佈澄清訊息於公開資訊觀測站 9.其他應敘明事項:無 裁員就是噴 
[新聞] 華碩三關鍵獲歐系外資青睞 上調評等且目0,2023-07-28,45.0,"我是ptt上週最早喊的吧 我看了這家的model都亂估的 | 遲早上修 | 打八折400 | 剛好糕點399 | 出貨囉 | 目標價800 不要不信 | 給我閉嘴 臭外資 | 週一開盤賣 | 純AI ASUS | 定期定額買了一年多的華碩，覺得這星期波動太大 | 還有50趴空間！ | 保守600 心臟壞掉800 8月中謎底將揭曉 | 技嘉都漲多少了 華碩才開始動，今天早盤進場，下週 | 等鄉民抬轎 | 現在去哪找PB ratio 1.2-1.3的AI股 | https://i.imgur.com/VlzvHUe.jpg | 440就想賣了 幫買上去謝謝 有錢大家賺 | 目標價1000 | 裁中國就是噴，退出中國1000都沒問題吧 | 沒有人今天才買的吧  7/21工商時報那個大大的標題都 | 送分了 | 目標1000 | https://i.imgur.com/pWDD6mY.jpg | 其他被內資炒高 只好找別的 | 目標1000 | 羨慕賺爛了 | 目標一萬如何 | 淨值以下沒人理 漲了100塊一堆人在蹭熱度 | 十二點才出這篇新聞，太刻意了吧，是有多怕拉不上去 | ？早上蹭intel漲價還不夠還會怕是不是？ | 200變550？ | 虧二季也能喊到550，台股要被玩到泡沫化了 | 下週就知道答案了 | 最近狂類裁員，下半年絕對獲利可期 | 卡我相信啦，伺服器？別說笑了 | 知道了 滿倉 | 阿蘇司委屈了 | 有230股,多少可以賣? | The pool | 對不起我錯了，賣太早，剩一些看帳面能漲多少 | 複製緯創漲6倍，目標價1800 | https://i.imgur.com/8b0lyXB.jpg 今天忍不住賣了 | https://i.imgur.com/jtSRcpR.jpg | 300就上車了 沒道理一堆沾到邊都漲這支不漲 | 我在288的時候下車了QQ",新聞標題：華碩三關鍵獲歐系外資青睞 上調評等且目標價增至550元 新聞連結： https://money.udn.com/money/amp/story/5607/7331410 新聞內文： 歐系外資三點原因看好華碩（2357），認為下半年有望轉虧為盈，加上搭上 AI 商機、及股價落後，對華碩的看法轉趨樂觀，一口氣將評等由賣出上調至買進，且同步大幅調高目標價，由200元倍增至550元；華碩今（28）日開高，盤中漲幅逾7%。 歐系外資表示，華碩今年上半年兩個季度都出現虧損，但在第2季庫存問題解決後，預估可在下半年轉虧為盈，歐系外資預估華碩營業利益率將從上半年的虧損中恢復，預估下半年達3%。 歐系外資看好華碩與 Nvidia、AMD 兩公司的的關係，有助 AI 伺服器業務的發展，將成為新的成長動能，加上筆記型電腦和顯卡毛利率復甦，因此調高華碩明年、後年每股純益（ EPS） 預估，調幅4%及9%。 歐系外資認為，華碩具轉盈契機，股價仍是 AI 伺服器供應鏈的落後者，歐系外資對華碩的看法轉向樂觀，且大幅調高評等及目標價，由原先的賣出調高至買進評等，目標價則是翻倍調高至550元。 華碩今日以366.5元開出後一度拉升至387.5元，盤中漲幅逾7%。 心得： 華碩本來就是AI概念股 之前漲停兩根 洗了幾天 今天馬上N轉快漲停 籌碼方面外資一直狂買猛買 這個禮拜的量超級大代表有主力散戶都進來玩 目標價喊到550 以華碩歷年的獲利來看 才漲30%買了也不會套一輩子吧？ Sent from JPTT on my iPhone 
[新聞] 華碩訂單滿手 法人敲進,2023-07-30,120.0,"出貨文 | 早說啊你怎麼不早說.jpg | 法說再開個虧轉盈 ally爆賣就又要上去了 | 空華碩的*粉...應該被軋死在含淚補錢了吧。再抵制 | 啊呵 | 不是說虧錢？ | 訂單滿手然後裁員？ | 技嘉漲到飛天了 華碩才剛開始補漲 | 你各位別再錯過啦 | 哇勒 買這隻有點賭博 要是真的話噴翻天了... | 隱惡揚善吧？別當最後一隻老鼠就好 | 又要創高了，買到爽到 | Ok 噴爛 | 沒漲前 還被講成假AI... | https://i.imgur.com/pHl8SaV.jpg | 我愛ROG | 鴻海也是AI概念股 還有機會把握的 | 什麼隱惡揚善 華碩事業群是獨立的 縮編消費性電子 | 衝電競高毛利市占罷了 | 切入伺服器已經很久了 只是很爛 沒什麼公司要用 | 上看1000 | 買最強的技嘉和廣達 | 為什麼只有伺服器才是AI... server只是AI一部分... | 融券 3231 | 這黨不太行 | 是有多爛  一堆公司難道華碩會比他們還破? | 開盤敲進  收盤賣出 | 低調啦，AMG最後台發車 | 訂單滿滿？要確定NV願意配貨才算，現在終端客戶每 | 家都下單啊！哪家有貨就拉！NV也不是笨蛋，對於這 | 些重複下單也是掌握！ | 消費性電子倒一片你說滿手訂單? | 所以才搞配貨！ | 出貨？ | 還有華碩機器穩嗎？ | 救救5299 | 笑死 庫存是清完沒 不要財報一開EPS又是負的 | 法人滿手貨想倒囉ww | 公司可以這樣欺騙大眾嗎 搭H100的伺服器做出來了??? | 可憐啊 | 離職單滿手喇 笑死 | 伺服器要是要子龍出任務會不會太麻煩 | 裁員噴爛 | 裁員 公司減少成本 當然噴啊 | 都漲三根了 還有凶宅這麼氣喔 | #1akAU-M2 | 這篇才一票人被打臉而已 | 剛好在看三國 | 要被吹死了 | 鴻海還沒噴好好把握 | 電競也要出暖爐了嗎？ | 裁員就是噴 | 刀碩的伺服器真的難用 | 訂單滿手 裁員？ | 上禮拜一那支跳空很凶..這噴上去機率大 | 來囉一篇一根 | 越爛越噴？ | 300你不買難道… | 完了 | 越爛越噴 | 裁員所以噴 | 蛙豬滿滿的套路 | 每個沾上AI都狂漲 鴻海拿最多都沒動 | 裁員就是噴，不服來辯 | 訂單滿手然後大裁員？ | 嘴裁員之前怎麼不先看裁了什麼 | 中國經濟這麼爛 砍中國部門剛好而已 | 做一台模型機 就叫ai股喔的 | 庫存問題解決了嗎 | 300一個猶豫沒買到就噴出了QQ | 旁邊裁員你跟我說買進 | 就算AI訂單滿手,PC才是他主營收項目吧,但炒股票沒人 | 在跟你認真的 | 已在車上 感謝抬轎 | 跟推文反著做 明天全力買進 | 裁員是利多都不懂== | 明天一定破400 | 一堆事後仔看股價噴了就說有AI笑死 | 有上車，沒上車看推文就知道了 | 好的準備接刀 | 人變少了 所以每人訂單OPP上昇 | 華碩的伺服器喔 | 蘇州？ | 好奇華碩有工廠做嗎？，是會下給那家代工？ | 鴨蛋？ | 這間公司搞得我好亂喔 | 庫存銷完沒 | 有行情就訂單滿手 | 完了 | 看一下那美麗的本O比 | 大陸那邊有傳部門大裁員XD，利多消息了 | 連內部都要賣了，因為漲到他們都吃驚XD | 利空利多交戰，好刺激。但華碩算是今年漲的少的 | 上漲治百病 下跌一身病 | 漲的時候就AI 跌的時候庫存一堆 | 死都不買華碩 | 滿手訂單然後虧損裁員？？？ | 裁員省錢傻傻的 | 這樣都能三百，真ai 不就升天了？ | 是砍PC部門又不是伺服器部門 韭菜鄉民看壞就是噴 | 而且華碩淨值那麼高 買在這也不會套一輩子 等著看鄉 | 民被打臉 緯創廣達都被打臉幾次了 | 詢號 | 華碩蘇州 嗯….. | 訂單滿手還裁員，虧錢賣？ | 司馬昭之心  https://i.imgur.com/rCTA5vf.jpg | 準備再漲停，爽 | 我ok你先買 | 訂單滿手，要看有幾隻手可接啊！ | 今天出貨出成這樣 | 結果今天出貨 | AI=航運2.0 一堆人翻倍財富自由的錢是追高的所貢獻 | 反著看 啊哈哈 出貨了 | 剛剛跌停 | 華碩不是訂單滿手害我早上買 | 竟然沒鎖跌停 其它AI都跌停了 | https://i.imgur.com/uD14gzq.jpg | 因為他不是ai | 笑死掰掰 | 最低352沒有跌停",https://money.udn.com/money/amp/story/5710/7333991 發布時間：20230729 23:30 記者署名：經濟日報 文蕭君暉 原文內容： 華碩（2357）28日股價上漲32元，收388元，成交量2.67萬張，並突破5日、10日、20日與 60日均線。觀察三大法人自21日到27日共五個交易日，合計買超1.57萬張。 華碩是個人電腦（PC）大廠，隨著PC產品逐步成熟，該公司近幾年發展利基型產品，例如 電競PC，取得不錯的成績。 另外，華碩近期發表搭載新世代輝達（Nvidia）HGX H100 8GPU AI伺服器ESC N8E11， 以及全面支援英特爾（Intel）/超微（AMD）平台與PCIe的GPU伺服器ESC8000、ESC4000系 列。官方稱市場詢問度超高，訂單更是滿到明年，使得華碩也搭上這一波AI浪潮。 華碩是少數擁有全方位資源的高性能運算解決方案供應商，包括有華碩伺服器事業部門、 台智雲（TWS）、華碩雲端（ASUS Cloud），讓華碩具備AI伺服器和軟體、資料中心基礎 架構開發能力。 華碩董事長施崇棠先前指出，人工智慧趨勢興起，可望對整個PC產業帶來換機潮。而AI與 伺服器發展密不可分，華碩自身伺服器業務近年也持續成長，目前該事業體雖僅占集團營 收約個位數百分比，但華碩先前已喊出積極目標，預計五年內資料中心業務營收可望成長 十倍。 施崇棠強調，華碩過去沒將主力放在伺服器業務上，但現在下了很大的功夫、積極招兵買 馬，內部設下積極目標，未來整體伺服器業務營收（資料中心品牌伺服器）目標五年五 倍增幅。 施崇棠表示，伺服器業務是華碩往人工智慧邁進的重要拼圖，華碩會加大投資力度，一定 要把伺服器業務做起來。至於產品策略上，華碩不走傳統伺服器產品，而是鎖定雲端、AI 伺服器，要在這些市場攻城掠地。 基本面方面，華碩6月集團營收480.83億元，月增32.4%、年減13.28%；第2季營收1157.0 3億元，季增3.86%、年減8.84%；累計上半年營收2271.01億元，年減14.41%。 華碩因庫存清理優於預期，先前釋出第2季有機會轉盈的訊息。施崇棠先前表示，今年全 球經濟難以預測，充滿變數及挑戰，但華碩目標設定下半年營運重回正軌，下半年達成營 收與獲利的年成長表現。華碩預估，今年下半年個人電腦將有季節性需求，但全年需求仍 疲弱。 PC業去年第2季開始需求進入急凍，由於華碩去年設定積極增長市占率的目標，在龐 大庫存壓力下，致使去年第4季、今年第1季連兩季虧損，不過，華碩先前已釋出第2季有 望轉虧為盈的訊號。儘管華碩對PC本業今年展望仍偏保守，但公司近期陸續針對新業務展 開布局，日前推出首款電競掌機ROG Ally，可望每季挹注營收。 心得/評論： 第一季還虧損的華碩，股價已經388元 切入伺服器產業，股價就噴了 週五一根長紅，聾哥也安靜了 Sent from JPTT on my iPhone 
[情報] 2357 華碩 6月自結 1.55,2023-07-31,92.0,"99刀碩 | 明天一根 | 恭喜轉正了 | 一堆減號  看的頭好痛 | 轉正了 | 華碩才是大哥 | 笑死 | 你要不要看一下發哥一個月多少 股價多少? | 快翻轉啦 | 與去年同期都是負號，EPS轉正? | 樓下開始算1.55*12*??=??? | 1.55 股價有Fu糗 | 終於作到賺錢 | 1.55*12*15=279 | 六月營收看起來普普 華碩是不是也有業外 | 酸酸生氣了 怎麼那麼好 | 1.55*12*30=558 | -64.2% 噗哈 | 有料喔~ | 1.55*12*22倍=409元 幫大家算好了 | 穩了 有ai 上看870 | 不錯耶 | 穩惹 1.55 x 12 x 50  上看900! | 1.55*12*10=186 | 中國那邊在縮，H1怎麼可能好的起來 | 竟然賺錢了... | 開個底牌給你看 要轉正了啊 | 財報 都能［做」 | 是在炒fu糗誰跟你看現在賺多少 | https://www.youtube.com/watch?v=ykfAVLlTamk | https://www.youtube.com/watch?v=bNamtD1xnpA | h1可能負的 股價400 | 負這麼多，名字遮起來還以為是航運 | 氣死碩黑*粉就是爽啦，明天要跟好不好 | 好爛。要噴一根了吧 | *明天一根 | 現在不賺錢 還期待夢想 笑屎 | 史上最貴本益比 | Eps0 本益比無限大 | 27x不買 3開頭才開吹笑鼠 | 36912是集團股的營收高峰月 | 超爛 | 6月營收不是480億,這379億是怎麼來的? | 哪裡噴 超爛的好嗎 | 煨 問題是上半季賠錢 股價400 | 好爛 | 爛才會噴啊 | XD!說八月大新聞上看800的可以先透露嗎？ | fu糗股沒在看eps | 上週五越爛越噴 本週開始 看誰梅川褲子 | 委屈惹？ | 要是真的越爛越噴算你厲害 | 全民挖礦運動也才到428而已 現在跟我說能800? | 現在也沒礦挖了西台灣一般3C消費完蛋,這樣還有願景? | 先把留言截圖一下，幾個月後再來看 | 這隻就看你對石頭server有多少信仰 消費電子部門都 | 開始裁員惹 | 石頭叔叔開剁~ AAAAAA | 賺錢噴噴 | 噴爆 | 華碩單月1.55*12再給30倍本益比 | 廣達單月1 緯創單月0.6都能噴成這樣 單月1.55還要被 | 笑 | 跟技嘉廣達比起來位階有差 | 剛剛看了一下 最強的台光電 單月1.56 還噴到430 | 而且華碩買300多 不相信會套一輩子 根本漲不到一倍 | 要變大哥了？ | 存股275 怎麼輸？ | 回300 我all in | 你在看累積是負的 人家看的是轉正了 有fu糗 | 石頭都當季最後一個月作帳，都是當季最高營收月 | 丸子 | 你怎知道下個月不會負的 | 現在看的不是AI嗎 消電本來就時間到就會裁 | 噴豹，轎甩的大才噴的高 | 才給50倍，會不會太小看黨的能力 | 庫存打完就不止這樣了... | 轉虧為盈 噴 | 真大哥 | 做個模型似服器 就是ai 笑了 | 根本沒接到單的假AI | 覺得便宜就買吧  但300以下沒買現在買會被笑 | 2021賺60塊  股價409.5到頂  給韭菜們參考 | 虧轉盈，很恐怖 | 華碩跟其他比根本就沒漲啊 | 華碩本來就不是炒AI，初升段跳空缺口 | 裁員概念股，不信去看看美股科技公司 | 每隻本益比都50喔？ | 越爛越噴 | NVIDIA推出搭載新款L40S GPU的OVX伺服器 | 華碩、技嘉、廣達集團入列首波供應商  https://money | .udn.com/money/amp/story/5612/7356202",1.事實發生日:112/07/31 2.發生緣由:依臺灣證券交易所股份有限公司指示辦理 3.財務業務資訊: 期間 月 季 最近四季累計 最近一月 與去年 最近一季 與去年 111年第2季 科目 112年6月 同期增減% 112年第1季 同期增減% 至112年第1季 (個體報表 (合併財報 (合併財報 自結數) 核閱數) 核閱數) 營業收入 37962 12.15 111398 19.52 510167 (百萬) 稅前淨利 1383 64.21 1429 110.42 6476 (百萬) 歸屬母公司 1150 64.29 1682 116.13 2579 業主淨利 (百萬) 每股盈餘 1.55 64.20 2.26 116.10 3.48 (元) 4.有無臺灣證券交易所股份有限公司對有價證券上市公司重大訊息之查證暨公開處理 程序第4條所列重大訊息之情事（如有，請說明）:無 5.有無臺灣證券交易所股份有限公司對有價證券上市公司重大訊息之查證暨公開處理 程序第11條所列重大訊息說明記者會之情事:無 6.完整財務資訊請至公開資訊觀測站查閱，路徑如下： (1)近期營業收入及損益資訊：基本資料?精華版 (2)歷史每月營業收入：營運概況?每月營收?採用IFRSs後之月營業收入資訊 (3)歷史損益(會計師查核/核閱數)：財務報表?採IFRSs後?合併/個別報表?綜合損益表 (4)歷史損益(自願性公告自結數)：營運概況?自結損益公告: 7.其他應敘明事項:無 資料來源: https://mops.twse.com.tw/mops/web/t05sr01_1 虧轉盈 噴噴噴~~~ 1.551250 =930 現在還有一倍的肉 
[標的] 2357華碩 黃董發表會OVX平台 新品多,2023-08-09,28.0,"Q1=-2.26…. | 外資投信 都在連買 籌碼超好 | 就風險來說至少比代工五毛低 | https://i.imgur.com/JrNiZes.jpg | 一樓還在看Q1，人要往前看好嗎 | 為什麼文章又重po一次？ | 就算你想幫我抬轎也不能刪了又po po了又刪吧 | 回樓上 因排版跑掉被吃字刪文重po | 只有1.5支AI股：NVDA,AMD.其它都是BI股。 | 華碩六月到底是480.83億？還是379.62億？ | NV都沒動了還期待石頭 | 又放新聞拉尾盤坑殺空軍 | 轉虧為盈通常都會噴 | https://imgur.com/a/ePWyjVH  快筆記 | 籌碼換手中，請稍候 | 相信黃董年底就懂 囧 | 真ai | 股票看的是fu | 還在ai，美國農會都在排隊等倒閉 | 華碩拉起來空就對了 | 華碩產品線這麼多 這只占一點點 | 華碩太多存股族 | 有00878幫扛 沒事 | ovx就是給企業用的，感覺跟顯卡差不了多少，單卡功 | 耗只有350瓦 | 華碩快把手機跟掌機砍掉比較有幫助 | 都快賣光了 | 樣品機",1. 標的：2357華碩 2. 分類：新品多 3. 分析/正文： 昨晚NVIDIA新品發表會上，OVX平台問世，華碩躋身新供應商 https://i.imgur.com/g7NZAFo.png https://i.imgur.com/DBbJ79U.png 上面圖片有提到華碩跟技嘉，比較看好華碩的原因無他 籌碼面較乾淨，華碩總股東人數一年來新低，完全沒有散戶介入，投信反而在高檔7/27以後只進不出，外資更是連續買超將近一個月(7/10~8/8)對比技嘉近期外資近一個月賣多於買，投信7/27以後高檔區也有3天呈現賣超調節的狀態 加上從今年5月中以來，華碩大約漲幅僅23，同時間技嘉漲幅高達182，如果最近盤勢不穩定，漲多股技嘉反而容易被主力利用利多出貨 華碩7月的兩支漲停板分別只需要15606張和28794張成交量就能攻上漲停，對比技嘉7月的漲停板最多需要47651張才能攻上漲停 4. 進退場機制： 進場:今天開盤 停利:500600 停損:破20日均線 
[情報] 2357華碩 H1 EPS 1.22 (Q2:3.48),2023-08-11,57.0,明年的股利... | 股利不重要了，有Fu糗就是噴！ | 笑死 | Q1 -2.26，虧轉盈大爆噴 | 終於賺錢了（汗 | 長榮委屈了 | 呆股看得是fu糗 看財報做股票 輸到脫褲剛好 | 這是要兩百倍本益比嗎 | 笑死 200都嫌貴 | 高股息etf亂源 | 成本275買來當存股 套著配 | 轉虧為盈  賺爛 | 虧轉盈啊 法說滿滿fu糗 | 毛利盈利率雙增 | 好爛== | 有ai噴 | 虧轉盈 又有AI Fu糗  how to lose!!!! | AI噴噴 cc | 晚他們一季發動 | 帥哥。這樣三百多 | 噴爆 | 笑死 | 這樣很爛 那技嘉緯創是什麼 | 週一掛漲停買!! | 套著配也舒服QQ | 嘉偉買了，你各位小心 | 爛，可是會噴 | 300多的股價，笑死 | 後面營收會更猛 | 下去吧 | 更猛是負的嗎 | Etf  ai 亂源 | 台股走自己的路啦 | 準備400 | 既然各位這麼不看好 麻煩空一張來看看～ | 對阿 說很爛的怎麼不空 | 緯屈了 | 代工家族還在線上的 敢空？ | 有人還記得一年賺60塊的石頭嗎？ | 60元那是礦老闆們的供獻 一般消費無法複製 | 好爛... | …爛 | 虧轉盈開始了 | 毛利率還比去年打庫存還慘 | 不如公司賣一賣，美金定存更賺 | 虧轉盈最會噴 搭配AI上看500 | 笑屎人 看 | 說爛的一律建議空下去 笑你不敢啦 | 等等等一下 為啥華碩都可以AI？ 現在扯到AI我會皮 | 皮挫一下耶 別鬧 | 財報爛就是噴 | 業外直接翻倍這麼猛 | 看看這股價XD | 新產品GPT 40B就華碩做的呀慢了一季該反應了吧 | 美國Ai都在沉船跳水 怎反應啊？ | 已經漲爛的會跳水不意外吧 這隻嚴格來說才漲20%而已 | 虧轉盈，這下本益比應該要500倍惹,https://mops.twse.com.tw/mops/web/t146sb05 1.提報董事會或經董事會決議日期:112/08/11 2.審計委員會通過日期:112/08/11 3.財務報告或年度自結財務資訊報導期間 起訖日期(XXX/XX/XX~XXX/XX/XX):112/01/01~112/06/30 4.1月1日累計至本期止營業收入(仟元):227101294 5.1月1日累計至本期止營業毛利(毛損) (仟元):26897613 6.1月1日累計至本期止營業利益(損失) (仟元):(1406619) 7.1月1日累計至本期止稅前淨利(淨損) (仟元):1705573 8.1月1日累計至本期止本期淨利(淨損) (仟元):1802718 9.1月1日累計至本期止歸屬於母公司業主淨利(損) (仟元):904068 10.1月1日累計至本期止基本每股盈餘(損失) (元):1.22 11.期末總資產(仟元):475007512 12.期末總負債(仟元):239038790 13.期末歸屬於母公司業主之權益(仟元):219310686 14.其他應敘明事項:無 
[新聞] 宏碁、華碩8月營收雙成長 神達月增14%,2023-09-08,28.0,要倒貨了準備回25 | 月增年增，出貨訊號 | 神達能月增也是因為7月夠爛，7月的營收是同期五年 | 來最低的， | 8月營收也是這四年來同期8月倒數第二。新聞寫得那 | 麼好聽，韭菜大概要進來了。現在的價格對比上半年 | 的獲利跟今年目前的營收，股價太高了，再來就是AI題 | 材，現在都炒不動了(看看緯創)。 | 要買這麼貴的雙A，不如買金融股 | 營收開出來就是到貨 都看這麼久了學不會嗎 | https://i.imgur.com/w9hzbU6.jpg | 某K別拿後照鏡做股票 | AI沒有月增100% 年增100% 網友是不買單的 | 石頭也從260漲到400 其實也不賴了比不上三巨頭而已 | 華碩雙增 準備噴井 | 華碩要噴了 | 明天a蛇會一根嗎？ | 明天100%平盤 | 華碩36912帳特別高 | https://i.imgur.com/y9NBRun.jpg | 華碩就最穩的 | 石頭品質 以卵擊石 | 覺得神達還不錯 至少營收已經恢復之前水準了 | 華碩基本上現在不會有Ai伺服器出貨吧 | 華碩-7% | 神達你們不要都給我 | 2024破百之路 | 神達營收又創新高...會不會真的100,https://bit.ly/ 等縮網址服務，連結不能點擊者板規122處份。 3.心得/評論請盡量充實，心得過短或濫竽充數將以板規 123、44 水桶處份。 4.發文請依照格式文章標明段落，不符合格式者依41刪文處分。 按ctrly 可刪除 以上內容。 原文標題：宏碁、華碩8月營收雙成長 神達月增14% 原文連結： https://reurl.cc/ZyOEDl 發布時間：2023年9月8日 18:47 記者署名：中央社 原文內容： （中央社記者吳家豪台北2023年9月8日電）電腦品牌廠宏碁 (2353) 今天公布8月合併營 收約新台幣216.87億元，月增22.4%，年增7.1%，連續2個月年增率轉正。華碩 (2357) 8 月集團合併營收約486.16億元，月增29.42%，年增0.81%。 電腦設備廠神達投控 (3706) 8月合併營收約36.72億元，月增14.66%，年減3.92%，月增 原因為人工智慧（AI）伺服器及整機櫃穩定出貨。 宏碁發布新聞稿說明，營收在5月的轉折點後，已連續2個月年增。累積今年前8個月合併 營收為1501.02億元，年減20.3%。非電腦及顯示器事業占8月營收24%，占累積前8個月營 收28.3%。 以產品類別來看，宏碁筆記型電腦產品8月營收月增39.2%，年增13.6%；電競產品8月營收 月增79.1%，年增8.7%。 此外，工業電腦廠維田 (6570) 公布8月合併營收7136萬元，年減44.25%；累計今年前8個 月合併營收6.6億元，年減7.38%。 維田指出，8月受到歐洲暑期長假影響，出貨動能明顯放緩，加上整體景氣低迷導致需求 疲弱，維田仍持續與客戶密切合作，力拚第4季營運回穩。 心得/評論： 宏碁和華碩都月年雙增 反倒奇怪是神達月增原因為人工智慧（AI）伺服器及整機櫃穩定出貨。 但是大家都說是假AI 推特的錢Q2拿到部分 那Q3還會再給吧？ 還有intel的DSG業務之前新聞說明年發酵 記得除英特爾之外，還包括有推特(Twitter)、浪潮、戴爾(DELL)、亞馬遜(Amazon)以及 歐洲最大雲端服務供應商OVH，英特爾為神達的前十大客戶之一。（以上為上個月的新聞 資訊） 我想要等35在進場 現在神達跌破季線 應該有機會到35吧？
[情報] 2357 華碩 112年前三季EPS:16.16,2023-11-13,39.0,16161616161616 | 明天漲停 | 轉爛了 | 反觀A蛇，真是笑死人 | 第四季會變差 是不是要完了 | 賺爆了 | 蠻糟的 | 慘 | 明天一根 | 3.48—>14.9，這樣季增是多少？ | 可以了啦 還有夢 | 好強 | 今年賺贏去年了吧 | 第四季就算只有賺10塊，一整年也是26塊，股價360？ | 轉虧為盈之後直接賺爛，華碩好猛 | 00878首屈一指的前十大成分股！ | https://i.imgur.com/MANUtgC.jpg | 賺到2021的位階 反觀技嘉 | 主機版印刷顆顆 | 華碩1季>技嘉一年 | 200的價值 | 均價288 套爛！！ | 噴 | [情報] 技嘉112年Q3財報 前三季EPS:5.34 | 穩了吧？等不到300以下了嗎？ | 微星財報不錯 今天還大崩 | 轉虧為盈最好的題材 | 謝謝大家支持 | 360 | 賺爛啦 99石頭 | 微星只有營收好，Q3掉毛利，漲一大段，不跌她跌誰 | 今年賣在277，我超韭 | 結果站不上400= = | https://i.imgur.com/DMhZahT.jpg | https://i.imgur.com/W7Djyee.png | 第三季不知道撿到什麼鑽石 | 比長榮強一點 | 今天上車兩口，希望明天好表現 | 今天亮紅燈了餒,1. 標題：公告本公司民國112年第三季合併財務報告業經董事會決議通過 2. 來源：公開資訊觀測站 3. 網址： https://mops.twse.com.tw/mops/web/t05sr01_1 4. 內文： 1.提報董事會或經董事會決議日期:112/11/13 2.審計委員會通過日期:112/11/13 3.財務報告或年度自結財務資訊報導期間 起訖日期(XXX/XX/XX~XXX/XX/XX):112/01/01~112/09/30 4.1月1日累計至本期止營業收入(仟元):362153167 5.1月1日累計至本期止營業毛利(毛損) (仟元):51609298 6.1月1日累計至本期止營業利益(損失) (仟元):7638917 7.1月1日累計至本期止稅前淨利(淨損) (仟元):15838291 8.1月1日累計至本期止本期淨利(淨損) (仟元):13505065 9.1月1日累計至本期止歸屬於母公司業主淨利(損) (仟元):12001121 10.1月1日累計至本期止基本每股盈餘(損失) (元): 16.16 11.期末總資產(仟元):486348517 12.期末總負債(仟元):235783509 13.期末歸屬於母公司業主之權益(仟元):232878300 14.其他應敘明事項:無 
[新聞] NVIDIA股價飆新高激勵！廣達漲逾4%、華碩,2023-11-15,42.0,笑死 | 相信黃董，年底就懂 | 這波NV準備創新高 直衝1000 | 月底站穩500 年底1000 | 不知不覺NV又創新高了 半個月前跌到400 要死不活的 | 其實蠻弱的 美超微漲更多 | 你們各位家裡有N卡嗎？ | 大家 spend some money | 完蛋 我AMD仔 | 可是現在華碩沉下去了耶ww | 還好我是NV仔 坐等1000 | 還在騙 | 華碩400又沒怎麼，前幾月就有四百多了 | 漲4%跌了幾%? | 99石頭 | 人道走廊 | 代工廠吃屑屑 可憐哪 | 石頭400有夠難守 | AI衝啊 | 華碩也不過慢慢走回前幾個月低點罷了，還有地爬勒 | 華碩又跌破400了 | 你的難兄難弟 技嘉 微星都在嗷嗷待哺 | 笑死人 | 新建打王加油啊 | 又推錯 | 廣達停損了就漲 | 昨天我也買了幾股。 | 前天去問組電腦，店員說因為美國禁令反而讓台灣等中 | 國周遭國家的顯卡大量被掃貨 | 掃貨是真的，看原價屋就知道，只有4090要組機才能買 | 其他比較低階40系列都可以單買 | 原來有出貨文 難怪AI繼續開高出貨 | 黑手壓盤真的不健康 | 太會玩了 | 大概抓前一天美股 AAPL NVDA 這兩隻狀況 就知道台 | 股早盤電子股走勢了 | AI通通開高走低 新聞都是出貨文 | 4%？看到鬼 | 4090 掃貨是真的連帶3090也掃貨 | NVIDAI 是？ | NV都快創高了 緯創還在99，99緯創 | 真的是全村的希望,https://bit.ly/ 等縮網址服務，連結不能點擊者板規122處份。 3.心得/評論請盡量充實，心得過短或濫竽充數將以板規 123、44 水桶處份。 4.發文請依照格式文章標明段落，不符合格式者依41刪文處分。 按ctrly 可刪除 以上內容。 原文標題： NVIDIA股價飆新高激勵廣達漲逾4%、華碩站上400元大關 原文連結： https://finance.ettoday.net/news/2623159?redirect=1 發布時間： 20231115 09:18 記者署名： 蕭文康 原文內容： NVIDAI股價飆新高激勵廣達漲逾4%、華碩站上400元大關 ETTODAY 20231115 09:18 https://cdn2.ettoday.net/images/7331/7331362.jpg NVIDIA昨股價創新高帶動台股中的AI族群再漲一波。圖為NVIDIA創辦人黃仁勳。（圖 記者湯興漢攝） 記者蕭文康台北報導 AI指標 NVIDIA昨晚股價再漲2.13%來到496.56美元，再度寫下新高，同時電子五哥昨第3 季財報也全數出爐，獲利上均較上季成長。今開盤AI股價有撐，其中以緯創、技嘉及廣達 表現相對強勢，漲幅約3~4%，仁寶及華碩則約有1%以上的漲幅。 廣達在獲利上表現不俗，前3季每股賺7.63元已超越去年全年，早上開盤最高來到218元， 上漲9.5元或逾4%，緯創在昨天百元得而復失之後，早盤最高來到101.5元，上漲3.4元或 3.47%，技嘉最高來到238元，上漲8.5元或近4%。 華碩在昨天漲勢較高之下，雖今漲幅收斂，但開盤最高來到405元，上漲8.5元，突破400 元關卡，再創波段新高。 https://finance.ettoday.net/news/2623159?redirect=1 心得/評論： 大家怎麼看這波漲幅？ 是慶祝行情，會較正回歸 還是可以持續有一波漲幅 黃仁勳傳奇還會再度上演多久 
[情報] 2357 華碩 說明媒體報導,2023-11-16,32.0,那就是被告嘍～ | 還是什麼也沒說明 | 急了.jpg | 越吉越噴 | https://i.imgur.com/b05NMz6.jpg | 不急 | 前天追漲停的表示： | 丸子 | 華碩每次漲停追的都要套三年以上 | 藍買笑 | 大漲後就放消息說被告 怕! | 吉了 | 別怕 AI只會一直大爆噴 cc | 明顯是要下去 後面會不會上來不知道 | 別怕878護體 | 有說等於沒說 | 這種官司沒和解都嘛五年十年起跳 怕屁怕 | 對岸這是缺錢就亂告嗎？跟華為有87%像 | 如果沒有就是澄清，這個重訊就是沒錯的意思 | 第一點也太白話 | 明天準備噴了 嘻嘻 | 就被告是事實，偵查不公開 | 吉了 | 被告訊息一出來，股價大漲就彈了 | 盤中新聞出來大概11:30，然後就漲了 | 被架刀了 | 完了 | https://i.imgur.com/Q1aNCnc.jpg | 連中國公司都能告華碩真的不行了 | 丸子，二位數見 | 重訊：司法程序中 聽君一席話，如聽一席話 | 不意外 上面一堆白x空空,1. 標題：2357 華碩 說明媒體報導 2. 來源：公開資訊觀測站 (公司名、網站名) 3. 網址： https://mops.twse.com.tw/mops/web/t05sr01_1 (請善用縮網址工具) 4. 內文： 1.事實發生日:112/11/16 2.公司名稱:華碩電腦股份有限公司 3.與公司關係(請輸入本公司或子公司):本公司 4.相互持股比例:不適用 5.傳播媒體名稱:經濟日報 6.報導內容:112年11月16日新聞報導 路透：聯想在美國狀告華碩Zenbook筆電侵權 7.發生緣由: 1.基於證券交易所的要求，本公司發佈此訊息。 2.對於進行中的法律訴訟，我們不對其進行評論。依據以往經驗，本公司將按照 法律程序，妥善維護公司權益。 8.因應措施:公佈澄清訊息於公開資訊觀測站 9.其他應敘明事項:無 Sent from JPTT on my iPhone 
